source,target
%1$d already matched,%1$d already matched
%1$d areas were checked and everything they need is here.,%1$d areas were checked and everything they need is here.
%1$d fields overridden,%1$d fields overridden
%1$d fields will be overridden when requested,%1$d fields will be overridden when requested
%1$d gates selected,%1$d gates selected
%1$d minutes left,%1$d minutes left
%1$d rejected,%1$d rejected
%1$d results,%1$d results
%1$d results so far,%1$d results so far
"%1$d results so far, and more not counted","%1$d results so far, and more not counted"
"%1$d results, filtered to %2$s","%1$d results, filtered to %2$s"
%1$d setting was not in that file and was left as it is,%1$d setting was not in that file and was left as it is
%1$d settings were not in that file and were left as they are,%1$d settings were not in that file and were left as they are
%1$d unavailable,%1$d unavailable
%1$s (%2$s),%1$s (%2$s)
%1$s (TikTok value),%1$s (TikTok value)
"%1$s (custom, unverified)","%1$s (custom, unverified)"
%1$s (override returned),%1$s (override returned)
%1$s (will be returned when requested),%1$s (will be returned when requested)
%1$s / current cache only,%1$s / current cache only
%1$s / generated registry,%1$s / generated registry
%1$s / generated registry and current cache,%1$s / generated registry and current cache
%1$s / local catalog,%1$s / local catalog
%1$s and above,%1$s and above
%1$s appears more than once in this file.,%1$s appears more than once in this file.
%1$s changed,%1$s changed
%1$s day,%1$s day
%1$s days,%1$s days
%1$s destinations must start with %2$s,%1$s destinations must start with %2$s
%1$s dp,%1$s dp
%1$s has an invalid value. %2$s,%1$s has an invalid value. %2$s
"%1$s has type %2$s, but the file says %3$s.","%1$s has type %2$s, but the file says %3$s."
"%1$s hid everything TikTok sent, %2$d times in a row. Turn it off if that's not what you wanted.","%1$s hid everything TikTok sent, %2$d times in a row. Turn it off if that's not what you wanted."
%1$s is a kind of value the Lab cannot override.,%1$s is a kind of value the Lab cannot override.
%1$s is already hidden,%1$s is already hidden
"%1$s is not a country code, so no video would ever match it. Use two letters, like GB, IE or US.","%1$s is not a country code, so no video would ever match it. Use two letters, like GB, IE or US."
%1$s is not in this Lab catalog.,%1$s is not in this Lab catalog.
%1$s isn't installed or doesn't take links,%1$s isn't installed or doesn't take links
%1$s left,%1$s left
%1$s millisecond,%1$s millisecond
%1$s milliseconds,%1$s milliseconds
%1$s min left,%1$s min left
%1$s minute,%1$s minute
%1$s minutes,%1$s minutes
%1$s point,%1$s point
%1$s points,%1$s points
%1$s s,%1$s s
%1$s second,%1$s second
%1$s seconds,%1$s seconds
%1$s time,%1$s time
%1$s times,%1$s times
%1$s to %2$s,%1$s to %2$s
%1$s video,%1$s video
%1$s videos,%1$s videos
%1$s videos left,%1$s videos left
%1$s view per comment,%1$s view per comment
%1$s view per like,%1$s view per like
%1$s views per comment,%1$s views per comment
%1$s views per like,%1$s views per like
%1$s was rejected. %2$s,%1$s was rejected. %2$s
"%1$s, %2$s or %3$s","%1$s, %2$s or %3$s"
"%1$s, %2$s, %3$s or %4$s","%1$s, %2$s, %3$s or %4$s"
"%1$s, %2$s, %3$s, %4$s, %5$s","%1$s, %2$s, %3$s, %4$s, %5$s"
"%1$s, selected","%1$s, selected"
%1$s. %2$s,%1$s. %2$s
"%1$s: %2$d found, %3$d missing","%1$s: %2$d found, %3$d missing"
"%1$s: %2$d found, %3$d missing, and more it stopped counting","%1$s: %2$d found, %3$d missing, and more it stopped counting"
"%1$s: %2$d found, %3$d missing, and more it stopped counting. First missing: %4$s","%1$s: %2$d found, %3$d missing, and more it stopped counting. First missing: %4$s"
"%1$s: %2$d found, %3$d missing. First missing: %4$s","%1$s: %2$d found, %3$d missing. First missing: %4$s"
%1$s: %2$s,%1$s: %2$s
1 field overridden,1 field overridden
1 field will be overridden when requested,1 field will be overridden when requested
1 gate selected,1 gate selected
1 min left,1 min left
1 result,1 result
1 result so far,1 result so far
1 video left,1 video left
A Lab change is already running,A Lab change is already running
A comment poll shows how many picked each answer before you vote. Tapping an answer still votes.,A comment poll shows how many picked each answer before you vote. Tapping an answer still votes.
A creator pattern is taking too long and was turned off: %1$s,A creator pattern is taking too long and was turned off: %1$s
A diagnostic report is already being saved,A diagnostic report is already being saved
A field value couldn't be read. Check the values and try again.,A field value couldn't be read. Check the values and try again.
A file named hushfeed-safe-mode in TikTok's folder under Android/data paused Hushfeed. Your settings stay as they are.,A file named hushfeed-safe-mode in TikTok's folder under Android/data paused Hushfeed. Your settings stay as they are.
A forced value applies to this copy of TikTok whichever account is signed in. It cannot get past a check the server makes.,A forced value applies to this copy of TikTok whichever account is signed in. It cannot get past a check the server makes.
"A good place to stop, if you want one.","A good place to stop, if you want one."
A green dot in the top corner while TikTok has the camera open and an orange one while it records sound. They go when the access ends.,A green dot in the top corner while TikTok has the camera open and an orange one while it records sound. They go when the access ends.
"A host to put in place of tiktok.com when you share or copy a link, like vxtiktok.com. Leave it empty to share TikTok's own links. Only TikTok links are changed, and only the host: nothing is sent anywhere new.","A host to put in place of tiktok.com when you share or copy a link, like vxtiktok.com. Leave it empty to share TikTok's own links. Only TikTok links are changed, and only the host: nothing is sent anywhere new."
A long press on Comment plays the video at the hold speed instead of opening the emoji row. It needs Long press on TikTok default and Seek from the edges off.,A long press on Comment plays the video at the hold speed instead of opening the emoji row. It needs Long press on TikTok default and Seek from the edges off.
A long press on Favorites plays the video at the hold speed instead of offering a new collection. It needs Long press on TikTok default and Seek from the edges off.,A long press on Favorites plays the video at the hold speed instead of offering a new collection. It needs Long press on TikTok default and Seek from the edges off.
A long press on Share plays the video at the hold speed instead of opening the quick share row. It needs Long press on TikTok default and Seek from the edges off.,A long press on Share plays the video at the hold speed instead of opening the quick share row. It needs Long press on TikTok default and Seek from the edges off.
A newer clear replaced that undo. Tap the row again to undo.,A newer clear replaced that undo. Tap the row again to undo.
"A small label on the feed shows the minutes or videos left of today's budget, whichever is closer to running out.","A small label on the feed shows the minutes or videos left of today's budget, whichever is closer to running out."
A tap on Home or on the For You tab while For You is showing no longer reloads it. The video you're on stays.,A tap on Home or on the For You tab while For You is showing no longer reloads it. The video you're on stays.
A tap on a person in the Send to row only selects them. A second tap on the same person within %1$d seconds sends the video.,A tap on a person in the Send to row only selects them. A second tap on the same person within %1$d seconds sends the video.
A video you paused stays paused when you come back to the app instead of starting again. One you left playing starts as usual. It works on Android 10 and newer.,A video you paused stays paused when you come back to the app instead of starting again. One you left playing starts as usual. It works on Android 10 and newer.
A web address someone left in a comment can be tapped instead of copied out by hand. Tapping anywhere else in the comment still does what it did.,A web address someone left in a comment can be tapped instead of copied out by hand. Tapping anywhere else in the comment still does what it did.
AI-generated posts,AI-generated posts
About,About
Activity,Activity
Activity center (PIA),Activity center (PIA)
Add,Add
Add a button beside the block control to send feedback about the current video.,Add a button beside the block control to send feedback about the current video.
Add a button that hides the current creator on this phone without blocking them.,Add a button that hides the current creator on this phone without blocking them.
Add a creator,Add a creator
Add a search box that filters comments already loaded on this video by text or username. It doesn't search all of TikTok or remove TikTok's suggested-search banner.,Add a search box that filters comments already loaded on this video by text or username. It doesn't search all of TikTok or remove TikTok's suggested-search banner.
Add a separate button that skips videos using the current sound.,Add a separate button that skips videos using the current sound.
Add hidden creator,Add hidden creator
Added %1$s,Added %1$s
Ads,Ads
Advanced,Advanced
Advanced JSON value,Advanced JSON value
All,All
All available languages,All available languages
All events,All events
All loaded tabs,All loaded tabs
Allow Duet and Stitch anyway,Allow Duet and Stitch anyway
Allow screenshots and Circle to Search,Allow screenshots and Circle to Search
Allow storage for TikTok in Android settings to save profile pictures,Allow storage for TikTok in Android settings to save profile pictures
Allow storage for TikTok in Android settings to save sounds,Allow storage for TikTok in Android settings to save sounds
Allow storage for TikTok in Android settings to save stories,Allow storage for TikTok in Android settings to save stories
Allow storage for TikTok in Android settings to save the live photo's clip,Allow storage for TikTok in Android settings to save the live photo's clip
Already active,Already active
Already marked as not interested,Already marked as not interested
Also apply these filters to downloaded videos TikTok uses when the feed cannot load enough new items.,Also apply these filters to downloaded videos TikTok uses when the feed cannot load enough new items.
Also change the region TikTok reports internally. Keeps your interface language. Your IP address and your account's own rules still apply.,Also change the region TikTok reports internally. Keeps your interface language. Your IP address and your account's own rules still apply.
"Also on a block list, so still hidden: %1$s","Also on a block list, so still hidden: %1$s"
Always show publish date,Always show publish date
Always show the publish date in video author information. Restart TikTok to apply this.,Always show the publish date in video author information. Restart TikTok to apply this.
"An app's package name, like com.dv.adm. The save button sends the video's link there instead of saving it here. Leave it empty to save here.","An app's package name, like com.dv.adm. The save button sends the video's link there instead of saving it here. Leave it empty to save here."
"An exception names one creator, so a pattern can't be one: %1$s","An exception names one creator, so a pattern can't be one: %1$s"
"An exception takes a handle or id, not a display name: %1$s","An exception takes a handle or id, not a display name: %1$s"
"An interrupted settings change couldn't be recovered, so its record was set aside. Check your settings or restore a backup.","An interrupted settings change couldn't be recovered, so its record was set aside. Check your settings or restore a backup."
"An operator code is five or six digits, like 310260","An operator code is five or six digits, like 310260"
An override changes the value TikTok reads from this gate. It does not rewrite TikTok's cached value or prove the named feature changed.,An override changes the value TikTok reads from this gate. It does not rewrite TikTok's cached value or prove the named feature changed.
Animated sticker format,Animated sticker format
Answer TikTok's location requests with nothing. The region settings change the locale and timezone; this stops the coordinates.,Answer TikTok's location requests with nothing. The region settings change the locale and timezone; this stops the coordinates.
Answer TikTok's reads of your contacts with an empty list. Find Friends and People you may know lose access to your contact list.,Answer TikTok's reads of your contacts with an empty list. Find Friends and People you may know lose access to your contact list.
"Answer TikTok's scan of the apps on this phone with an empty list. A check for one named app, which TikTok also uses to open an app you tap, is left alone.","Answer TikTok's scan of the apps on this phone with an empty list. A check for one named app, which TikTok also uses to open an app you tap, is left alone."
App,App
App AB,App AB
Appearance,Appearance
Applies to both video and photo downloads.,Applies to both video and photo downloads.
Apply,Apply
Apply overrides,Apply overrides
Applying Calm feed,Applying Calm feed
Around the video,Around the video
Arrange your feed and bottom tabs,Arrange your feed and bottom tabs
"Ask TikTok for search results that aren't personalized to your account. This changes results, not search buttons or suggestions.","Ask TikTok for search results that aren't personalized to your account. This changes results, not search buttons or suggestions."
Attention,Attention
Audio,Audio
Auto translate comments,Auto translate comments
Auto-advance,Auto-advance
Auto-advance session limit,Auto-advance session limit
Auto-advance stopped after %1$d videos,Auto-advance stopped after %1$d videos
Auto-advance stopped after one video,Auto-advance stopped after one video
Auto-advance videos,Auto-advance videos
Automatic,Automatic
Automatic clear display,Automatic clear display
Avatar and follow button,Avatar and follow button
Back,Back
Back up settings,Back up settings
Backup and restore,Backup and restore
Black,Black
Block clipboard reads,Block clipboard reads
Block contact list access,Block contact list access
Block installed app scanning,Block installed app scanning
Block location,Block location
Block motion sensors,Block motion sensors
Block new bottom tabs,Block new bottom tabs
Block new feed tabs,Block new feed tabs
"Block the creator in one tap. Once TikTok confirms, skip to the next video. A small Unblock button appears at the top left for two seconds. You can also unblock later in TikTok's Privacy > Blocked accounts.","Block the creator in one tap. Once TikTok confirms, skip to the next video. A small Unblock button appears at the top left for two seconds. You can also unblock later in TikTok's Privacy > Blocked accounts."
Block this commenter,Block this commenter
Block this creator,Block this creator
Block this sound,Block this sound
Blocked,Blocked
Blocked %1$s,Blocked %1$s
Blocked %1$s. Unblock,Blocked %1$s. Unblock
Blocked and hidden creators,Blocked and hidden creators
Blocked caption words,Blocked caption words
Blocked comment words,Blocked comment words
Blocked creators,Blocked creators
Blocked sound ids,Blocked sound ids
Blocked sound names,Blocked sound names
Blocked sounds,Blocked sounds
Blocking,Blocking
Boolean,Boolean
Bottom tabs to keep,Bottom tabs to keep
Browse,Browse
Calm feed,Calm feed
Calm feed couldn't be applied. Nothing was changed.,Calm feed couldn't be applied. Nothing was changed.
Calm feed couldn't start. Try again shortly.,Calm feed couldn't start. Try again shortly.
Calm feed is on.,Calm feed is on.
Calm feed is on. Restart TikTok to apply every change.,Calm feed is on. Restart TikTok to apply every change.
Camera and microphone in use,Camera and microphone in use
Camera in use,Camera in use
Cancel,Cancel
Caption background,Caption background
Caption text size,Caption text size
Captions,Captions
"Captions, gestures and on-screen controls","Captions, gestures and on-screen controls"
Capture crash reports locally,Capture crash reports locally
Changed,Changed
Choose %1$d to %2$d videos. Values outside this range use the nearest valid limit. Restart TikTok to apply this.,Choose %1$d to %2$d videos. Values outside this range use the nearest valid limit. Restart TikTok to apply this.
Choose a backup file. Your current settings are kept for Undo.,Choose a backup file. Your current settings are kept for Undo.
Choose a folder on internal storage. SD cards are not supported.,Choose a folder on internal storage. SD cards are not supported.
Choose a preset to fill the SIM details.,Choose a preset to fill the SIM details.
Choose a subfolder under %1$s.,Choose a subfolder under %1$s.
Choose what reaches your feed,Choose what reaches your feed
Choose which loaded TikTok bottom navigation tabs should stay visible.,Choose which loaded TikTok bottom navigation tabs should stay visible.
"Choose which loaded TikTok feed tabs should stay visible. If only For You remains, its redundant header is hidden.","Choose which loaded TikTok feed tabs should stay visible. If only For You remains, its redundant header is hidden."
Choose which rows and controls appear,Choose which rows and controls appear
Clear all,Clear all
"Clear all Lab data (overrides, switch, recordings)","Clear all Lab data (overrides, switch, recordings)"
Clear all suggested accounts,Clear all suggested accounts
Clear diagnostic data,Clear diagnostic data
Clear display,Clear display
Clear display delay,Clear display delay
Clear preset,Clear preset
Clear search,Clear search
Clear seen videos,Clear seen videos
"Clear the recent events, saved crash reports and the hook status above.","Clear the recent events, saved crash reports and the hook status above."
Clear the search,Clear the search
Cleared. Tap to undo before TikTok closes.,Cleared. Tap to undo before TikTok closes.
Clearing,Clearing
Clearing suggested accounts,Clearing suggested accounts
"Clearing, %1$d so far","Clearing, %1$d so far"
Close,Close
"Comma separated account handles or user ids. Their videos stay when only a filter on the kind of post, its labels, age, length or counts would hide them. Ads, blocked creators, words, sounds and countries, and seen videos still apply.","Comma separated account handles or user ids. Their videos stay when only a filter on the kind of post, its labels, age, length or counts would hide them. Ads, blocked creators, words, sounds and countries, and seen videos still apply."
"Comma separated account handles or user ids. Videos from these accounts are always hidden. An entry between slashes, like /^news_/, is a pattern matched against the handle and the display name.","Comma separated account handles or user ids. Videos from these accounts are always hidden. An entry between slashes, like /^news_/, is a pattern matched against the handle and the display name."
"Comma separated country codes, like GB, IE. Videos posted from anywhere else are hidden. Leave empty for all countries.","Comma separated country codes, like GB, IE. Videos posted from anywhere else are hidden. Leave empty for all countries."
"Comma separated country codes. Videos posted from these are hidden, whatever the list above says.","Comma separated country codes. Videos posted from these are hidden, whatever the list above says."
"Comma separated list of any other Inbox row titles to hide, matched exactly. Use this for anything not listed above.","Comma separated list of any other Inbox row titles to hide, matched exactly. Use this for anything not listed above."
"Comma separated names exactly as the share sheet shows them: friends in the Send to row, share targets such as Facebook, and actions such as Create group or Repost. Stable keys such as copy, save and dislike also work before the sheet opens.","Comma separated names exactly as the share sheet shows them: friends in the Send to row, share targets such as Facebook, and actions such as Create group or Repost. Stable keys such as copy, save and dislike also work before the sheet opens."
Comma separated sound ids recorded by the player's sound button. Remove one to unblock it.,Comma separated sound ids recorded by the player's sound button. Remove one to unblock it.
Comma separated usernames or display names whose comments are hidden.,Comma separated usernames or display names whose comments are hidden.
"Comma separated words or phrases. Videos whose caption matches are hidden. Case does not matter. Two phrases in quotes can be joined: ""a"" & ""b"" needs both, ""a"" !& ""b"" needs the first without the second.","Comma separated words or phrases. Videos whose caption matches are hidden. Case does not matter. Two phrases in quotes can be joined: ""a"" & ""b"" needs both, ""a"" !& ""b"" needs the first without the second."
"Comma separated words to match against a sound's name, like saxophone. Case does not matter.","Comma separated words to match against a sound's name, like saxophone. Case does not matter."
"Comma separated. A comment is hidden if its text contains any of them. Case does not matter. Two phrases in quotes can be joined: ""a"" & ""b"" needs both, ""a"" !& ""b"" needs the first without the second.","Comma separated. A comment is hidden if its text contains any of them. Case does not matter. Two phrases in quotes can be joined: ""a"" & ""b"" needs both, ""a"" !& ""b"" needs the first without the second."
Comment media filename,Comment media filename
Comments,Comments
Comments aren't available for this video,Comments aren't available for this video
Comments beside the video,Comments beside the video
Comments range,Comments range
Compact comment header,Compact comment header
Compare gate reads with their previous values.,Compare gate reads with their previous values.
Completed an interrupted settings change. Restart TikTok to apply this.,Completed an interrupted settings change. Restart TikTok to apply this.
Config,Config
Config (Settings Manager),Config (Settings Manager)
Confirm before a quick repost,Confirm before a quick repost
Confirm before following,Confirm before following
Confirm before liking,Confirm before liking
Confirm before liking a comment,Confirm before liking a comment
Confirm before liking a story,Confirm before liking a story
Confirm before sending to a friend,Confirm before sending to a friend
Continue supported videos from where you stopped when you scroll back to them.,Continue supported videos from where you stopped when you scroll back to them.
Controls,Controls
Copied feature gate report,Copied feature gate report
Copy a quick report or save the full report as a file.,Copy a quick report or save the full report as a file.
Copy comments without username,Copy comments without username
Copy only the comment text when using TikTok's copy comment action.,Copy only the comment text when using TikTok's copy comment action.
Copy quick report,Copy quick report
Copy report,Copy report
Copy the sound link,Copy the sound link
Copy the video link,Copy the video link
Couldn't change the Lab settings. Try again.,Couldn't change the Lab settings. Try again.
Couldn't clear the suggested accounts. Reopen the Inbox and try again.,Couldn't clear the suggested accounts. Reopen the Inbox and try again.
Couldn't confirm the block for %1$s. Open their profile to check.,Couldn't confirm the block for %1$s. Open their profile to check.
Couldn't confirm the unblock for %1$s. Open their profile to check.,Couldn't confirm the unblock for %1$s. Open their profile to check.
Couldn't copy the report. Use Save JSON instead.,Couldn't copy the report. Use Save JSON instead.
Couldn't open settings search. Reopen settings and try again.,Couldn't open settings search. Reopen settings and try again.
Couldn't open that settings section. Reopen settings and try again.,Couldn't open that settings section. Reopen settings and try again.
Couldn't open the file picker to export. Try again.,Couldn't open the file picker to export. Try again.
Couldn't open the file picker to import. Try again.,Couldn't open the file picker to import. Try again.
Couldn't put back the diagnostic data. Try again.,Couldn't put back the diagnostic data. Try again.
Couldn't read who posted this comment. Open their profile and block them there.,Couldn't read who posted this comment. Open their profile and block them there.
Couldn't reset this override. Try again.,Couldn't reset this override. Try again.
Couldn't restore the settings. Try again.,Couldn't restore the settings. Try again.
Couldn't save the settings backup. Try again.,Couldn't save the settings backup. Try again.
Couldn't save this override. Try again.,Couldn't save this override. Try again.
Couldn't send the feedback. Try again shortly.,Couldn't send the feedback. Try again shortly.
Couldn't start the Lab change. Try again shortly.,Couldn't start the Lab change. Try again shortly.
Couldn't start the report export. Try again shortly.,Couldn't start the report export. Try again shortly.
Couldn't start the settings change. Try again shortly.,Couldn't start the settings change. Try again shortly.
Couldn't tell which folder to update. Choose it again.,Couldn't tell which folder to update. Choose it again.
Couldn't undo the clear. Try again.,Couldn't undo the clear. Try again.
Country and network preferences,Country and network preferences
Country code,Country code
Country filters,Country filters
Counts under the buttons,Counts under the buttons
Create,Create
Creator exceptions,Creator exceptions
Creators and sounds,Creators and sounds
Creators hidden on this phone,Creators hidden on this phone
Creators you hid from a video. Search the list and remove one at a time.,Creators you hid from a video. Search the list and remove one at a time.
Current,Current
Current %1$s,Current %1$s
Current cache unavailable: %1$s,Current cache unavailable: %1$s
Current state,Current state
Current: %1$s,Current: %1$s
Custom SIM details,Custom SIM details
Custom value,Custom value
Custom value...,Custom value...
Daily budget,Daily budget
"Daily budgets, reminders and the hold","Daily budgets, reminders and the hold"
Daily time budget,Daily time budget
Daily video budget,Daily video budget
Dark,Dark
Days to remember a video. Zero removes the age limit. History keeps at most %1$s videos.,Days to remember a video. Zero removes the age limit. History keeps at most %1$s videos.
"Days. Zero keeps every age. Posts without a usable timestamp, including future posts, stay visible.","Days. Zero keeps every age. Posts without a usable timestamp, including future posts, stay visible."
Default,Default
Default playback speed,Default playback speed
Destination updated,Destination updated
Device access,Device access
"Device language, then original","Device language, then original"
Diagnostic data cleared. Tap again to put it back.,Diagnostic data cleared. Tap again to put it back.
Diagnostic data put back,Diagnostic data put back
Diagnostic report copied to the clipboard,Diagnostic report copied to the clipboard
Diagnostics,Diagnostics
Disable,Disable
Disabled,Disabled
Discard edits,Discard edits
Dismissed %1$s suggested accounts,Dismissed %1$s suggested accounts
Dismissed one suggested account,Dismissed one suggested account
Do not start the feed on returning,Do not start the feed on returning
Do nothing,Do nothing
Done,Done
Double tap,Double tap
Download original photos,Download original photos
Downloads,Downloads
"Drag to move, release to place","Drag to move, release to place"
Drama and Series,Drama and Series
"Draw TikTok's text in your device's font instead of TikTok Sans. Icons, gift animations and the @ and # glyphs keep their own fonts. Restart TikTok to apply this.","Draw TikTok's text in your device's font instead of TikTok Sans. Icons, gift animations and the @ and # glyphs keep their own fonts. Restart TikTok to apply this."
"Each area, how many of the things it looks for are in this build and how many are not.","Each area, how many of the things it looks for are in this build and how many are not."
Easier comment likes,Easier comment likes
Empty,Empty
"Empty the menu that opens when you press and hold TikTok's icon on the home screen. Turning this off asks TikTok to build them again. Tapping the icon still opens the app, and a shortcut you pinned yourself stays where you put it.","Empty the menu that opens when you press and hold TikTok's icon on the home screen. Turning this off asks TikTok to build them again. Tapping the icon still opens the app, and a shortcut you pinned yourself stays where you put it."
Enable,Enable
Enabled,Enabled
Enter a JSON object or array.,Enter a JSON object or array.
Enter a creator handle or id,Enter a creator handle or id
Enter a finite number.,Enter a finite number.
Enter a number,Enter a number
Enter a number.,Enter a number.
Enter a valid structured value.,Enter a valid structured value.
Enter a valid two-letter country code,Enter a valid two-letter country code
"Enter a whole number, or one like 20K, 1.5M or 2B","Enter a whole number, or one like 20K, 1.5M or 2B"
Enter a whole number.,Enter a whole number.
Enter true or false.,Enter true or false.
Enter up to %1$d comma-separated speeds from %2$s to %3$s,Enter up to %1$d comma-separated speeds from %2$s to %3$s
Enter valid JSON.,Enter valid JSON.
Entry %1$d has a field with the wrong data type.,Entry %1$d has a field with the wrong data type.
Entry %1$d is not an object.,Entry %1$d is not an object.
Errors,Errors
Expand activity list,Expand activity list
Explore,Explore
Export diagnostic report,Export diagnostic report
Export loaded values,Export loaded values
Exported %1$d loaded values,Exported %1$d loaded values
Exported 1 loaded value,Exported 1 loaded value
"Extend the heart's touch area into nearby blank space. The icon and row spacing stay the same. Text, Reply and other controls keep their own space.","Extend the heart's touch area into nearby blank space. The icon and row spacing stay the same. Text, Reply and other controls keep their own space."
Fade the feed out before the hold,Fade the feed out before the hold
Favorites range,Favorites range
Feature Gate Lab,Feature Gate Lab
Feature gate override reset,Feature gate override reset
Feature gate override saved,Feature gate override saved
Feed and navigation,Feed and navigation
Feed button size,Feed button size
Feed filter,Feed filter
Feed screen,Feed screen
Feed tabs,Feed tabs
Feed tabs to keep,Feed tabs to keep
"Field %1$s can't be changed on this build. Take it out of the override, or reset the override.","Field %1$s can't be changed on this build. Take it out of the override, or reset the override."
Field edits were discarded,Field edits were discarded
Field edits were not saved,Field edits were not saved
Files,Files
Filter TikTok's offline videos,Filter TikTok's offline videos
Filter bottom tabs,Filter bottom tabs
Filter comments by keyword,Filter comments by keyword
Filter feed tabs,Filter feed tabs
Filter location-tagged videos,Filter location-tagged videos
Filter settings,Filter settings
Filter the list,Filter the list
Filter: %1$s,Filter: %1$s
"Filters, translation and copy options","Filters, translation and copy options"
Find a setting by name or description,Find a setting by name or description
Find the sound on YouTube Music,Find the sound on YouTube Music
First caller,First caller
First rejection:,First rejection:
Fit the video to the screen,Fit the video to the screen
Focus,Focus
Follow probe,Follow probe
Following,Following
For You,For You
For com.deniscerri.ytdl only. Ask YTDLnis for audio or video when the save button hands it a link.,For com.deniscerri.ytdl only. Ask YTDLnis for audio or video when the save button hands it a link.
For com.deniscerri.ytdl only. Hide its download card and start the handoff in the background.,For com.deniscerri.ytdl only. Hide its download card and start the handoff in the background.
Forced %1$d gates of %2$d. The rest do not take a true or false value. Restart TikTok to apply this.,Forced %1$d gates of %2$d. The rest do not take a true or false value. Restart TikTok to apply this.
Forced %1$d gates. Restart TikTok to apply this.,Forced %1$d gates. Restart TikTok to apply this.
Forced 1 gate of %2$d. The rest do not take a true or false value. Restart TikTok to apply this.,Forced 1 gate of %2$d. The rest do not take a true or false value. Restart TikTok to apply this.
Forced 1 gate. Restart TikTok to apply this.,Forced 1 gate. Restart TikTok to apply this.
Forced result,Forced result
Forget seen videos after,Forget seen videos after
Forget the %1$s seen videos.,Forget the %1$s seen videos.
Forget what has been counted today and end any hold. The budgets themselves are left alone.,Forget what has been counted today and end any hold. The budgets themselves are left alone.
Friends,Friends
"From the next start TikTok runs as if it were not patched, so you can tell whether a problem comes from Hushfeed. Your settings stay as they are.","From the next start TikTok runs as if it were not patched, so you can tell whether a problem comes from Hushfeed. Your settings stay as they are."
Full comment sort options,Full comment sort options
Full license,Full license
Full report saved to %1$s,Full report saved to %1$s
GIF,GIF
Gate data unavailable,Gate data unavailable
Gate details,Gate details
Generated defaults,Generated defaults
Gestures,Gestures
Ghost mode,Ghost mode
Hand-off,Hand-off
Handle or id,Handle or id
Hidden %1$s on this phone,Hidden %1$s on this phone
Hidden commenters,Hidden commenters
Hidden: %1$s,Hidden: %1$s
Hide,Hide
Hide AI-generated videos,Hide AI-generated videos
Hide CAPTCHA popups,Hide CAPTCHA popups
Hide LIVE replays,Hide LIVE replays
Hide LIVE videos,Hide LIVE videos
Hide LIVE videos from the feed.,Hide LIVE videos from the feed.
Hide Search this image prompts,Hide Search this image prompts
Hide Series,Hide Series
Hide TikTok Shop,Hide TikTok Shop
Hide TikTok Shop in search,Hide TikTok Shop in search
Hide TikTok Shop posts from the feed.,Hide TikTok Shop posts from the feed.
"Hide TikTok's ""Search: ..."" banner above the comment count. This doesn't hide the comments or Hushfeed's comment-search box.","Hide TikTok's ""Search: ..."" banner above the comment count. This doesn't hide the comments or Hushfeed's comment-search box."
Hide TikTok's Auto scroll button,Hide TikTok's Auto scroll button
Hide TikTok's short drama episodes and the cards that promote them.,Hide TikTok's short drama episodes and the cards that promote them.
Hide activity,Hide activity
Hide activity status,Hide activity status
"Hide ads, Shop posts, LIVE videos and replays, promotional music, and paid partnerships.","Hide ads, Shop posts, LIVE videos and replays, promotional music, and paid partnerships."
Hide archive,Hide archive
Hide bottom tabs TikTok adds later unless you allow them.,Hide bottom tabs TikTok adds later unless you allow them.
Hide buttons in the right column,Hide buttons in the right column
Hide comment polls,Hide comment polls
Hide comment popup ads,Hide comment popup ads
Hide comment typing suggestions,Hide comment typing suggestions
Hide comments made of an image or a sticker instead of words.,Hide comments made of an image or a sticker instead of words.
"Hide comments that contain any of the words below, or that come from the accounts below.","Hide comments that contain any of the words below, or that come from the accounts below."
Hide controls after each video starts. Tap to restore them.,Hide controls after each video starts. Tap to restore them.
Hide conversations,Hide conversations
Hide every direct message conversation. Leaves the Inbox empty apart from whatever else is still turned on.,Hide every direct message conversation. Leaves the Inbox empty apart from whatever else is still turned on.
"Hide feed videos with place badges, even when they aren't paid ads. To keep the video and hide only its badge, use Hide location labels in Feed screen.","Hide feed videos with place badges, even when they aren't paid ads. To keep the video and hide only its badge, use Hide location labels in Feed screen."
"Hide floating promotion badges, coins, and timer banners on the feed.","Hide floating promotion badges, coins, and timer banners on the feed."
Hide floating promotions,Hide floating promotions
Hide inserted cards,Hide inserted cards
Hide location labels,Hide location labels
Hide message requests,Hide message requests
Hide message streaks,Hide message streaks
Hide mini dramas,Hide mini dramas
Hide new follower notifications,Hide new follower notifications
Hide new followers,Hide new followers
Hide paid partnerships,Hide paid partnerships
Hide people and options by name,Hide people and options by name
Hide photo posts,Hide photo posts
Hide photo posts from the feed.,Hide photo posts from the feed.
Hide picture comments,Hide picture comments
"Hide place badges on videos, including cards with multiple places. Videos and your location permissions stay unchanged.","Hide place badges on videos, including cards with multiple places. Videos and your location permissions stay unchanged."
Hide playlist videos,Hide playlist videos
Hide promotional music,Hide promotional music
Hide recommended searches before you type on TikTok's search page. Your search history stays. This doesn't hide suggestions above comments.,Hide recommended searches before you type on TikTok's search page. Your search history stays. This doesn't hide suggestions above comments.
Hide recorded LIVE broadcasts from the feed.,Hide recorded LIVE broadcasts from the feed.
Hide rows by title,Hide rows by title
Hide search rewards,Hide search rewards
Hide search suggestions above comments,Hide search suggestions above comments
Hide share actions,Hide share actions
Hide sharing apps,Hide sharing apps
Hide stories,Hide stories
Hide stories from the feed.,Hide stories from the feed.
Hide stories tray,Hide stories tray
Hide suggested accounts,Hide suggested accounts
Hide suggestions on the search page,Hide suggestions on the search page
Hide surveys,Hide surveys
Hide tabs TikTok adds later unless you allow them.,Hide tabs TikTok adds later unless you allow them.
"Hide the ""Search this image"" prompt shown over videos. The feed search button and suggestions above comments are separate settings.","Hide the ""Search this image"" prompt shown over videos. The feed search button and suggestions above comments are separate settings."
"Hide the CAPTCHA dialogs raised while you browse or watch LIVE. Login, account verification and any CAPTCHA raised over a follow, like, comment or repost stay visible.","Hide the CAPTCHA dialogs raised while you browse or watch LIVE. Login, account verification and any CAPTCHA raised over a follow, like, comment or repost stay visible."
Hide the Full screen button,Hide the Full screen button
Hide the Full screen button over videos. Playback and automatic rotation keep working as before.,Hide the Full screen button over videos. Playback and automatic rotation keep working as before.
Hide the Inbox search button,Hide the Inbox search button
Hide the LIVE button,Hide the LIVE button
Hide the LIVE button in the top left corner of the feed.,Hide the LIVE button in the top left corner of the feed.
Hide the Products block and product cards in search results.,Hide the Products block and product cards in search results.
Hide the Report button on videos,Hide the Report button on videos
Hide the Send to row,Hide the Send to row
Hide the Share via row.,Hide the Share via row.
"Hide the Tako AI bubble above the profile button, the Ask bar under videos, the Ask Tako button on the search page, the Ask Tako tab on search results and the Tako bar above comments.","Hide the Tako AI bubble above the profile button, the Ask bar under videos, the Ask Tako button on the search page, the Ask Tako tab on search results and the Tako bar above comments."
Hide the Tako bubble,Hide the Tako bubble
Hide the Tako chat,Hide the Tako chat
Hide the actions row of the share sheet.,Hide the actions row of the share sheet.
Hide the add people icon,Hide the add people icon
Hide the caption,Hide the caption
Hide the description under the creator's name on the feed.,Hide the description under the creator's name on the feed.
Hide the event badge,Hide the event badge
Hide the flag button TikTok puts above the creator's picture in some regions. You can still report a video from the share menu.,Hide the flag button TikTok puts above the creator's picture in some regions. You can still report a video from the share menu.
Hide the floating promotional badge over the feed.,Hide the floating promotional badge over the feed.
Hide the follow button on the feed,Hide the follow button on the feed
Hide the friend recommendation card and the other cards TikTok slots between videos.,Hide the friend recommendation card and the other cards TikTok slots between videos.
Hide the launcher shortcuts,Hide the launcher shortcuts
Hide the magnifying glass at the top of Inbox. Search on the feed and in comments is unchanged.,Hide the magnifying glass at the top of Inbox. Search on the feed and in comments is unchanged.
Hide the magnifying glass at the top right of the feed. Search in Inbox and suggestions above comments stay unchanged.,Hide the magnifying glass at the top right of the feed. Search in Inbox and suggestions above comments stay unchanged.
Hide the music line,Hide the music line
"Hide the notification saying somebody new followed you before it reaches the drawer. Every other notification is left alone, and the follower still appears in the Inbox.","Hide the notification saying somebody new followed you before it reaches the drawer. Every other notification is left alone, and the follower still appears in the Inbox."
Hide the playlist bar,Hide the playlist bar
Hide the playlist bar along the bottom of videos that belong to a series.,Hide the playlist bar along the bottom of videos that belong to a series.
Hide the plus button under the creator's picture in the right column. Ticking Avatar and follow button above hides the picture with it.,Hide the plus button under the creator's picture in the right column. Ticking Avatar and follow button above hides the picture with it.
"Hide the points banner under the search box and the coin counter floating over search results, which TikTok shows in some regions. Searching works as before.","Hide the points banner under the search box and the coin counter floating over search results, which TikTok shows in some regions. Searching works as before."
Hide the purple rewards button beside Add friends on your profile.,Hide the purple rewards button beside Add friends on your profile.
Hide the question cards TikTok slides over a video near its end.,Hide the question cards TikTok slides over a video near its end.
Hide the quick emoji row and automatic sticker suggestions that appear while you type. The emoji and sticker buttons still work.,Hide the quick emoji row and automatic sticker suggestions that appear while you type. The emoji and sticker buttons still work.
"Hide the red counts and dots on every bottom tab, Inbox and Profile included. The inbox itself still shows what came in.","Hide the red counts and dots on every bottom tab, Inbox and Profile included. The inbox itself still shows what came in."
Hide the rewards shortcut,Hide the rewards shortcut
Hide the right column,Hide the right column
Hide the row of friends at the top of the share sheet.,Hide the row of friends at the top of the share sheet.
Hide the save button in the right column. Ticking Save in the list above hides it too.,Hide the save button in the right column. Ticking Save in the list above hides it too.
Hide the save button on the feed,Hide the save button on the feed
Hide the search bar below videos,Hide the search bar below videos
Hide the search button on the feed,Hide the search button on the feed
Hide the share prompt after a like,Hide the share prompt after a like
Hide the spinning music cover and the track name beside the caption.,Hide the spinning music cover and the track name beside the caption.
Hide the status bar,Hide the status bar
Hide the streak button in a chat and the reminder message that goes with it.,Hide the streak button in a chat and the reminder message that goes with it.
Hide the suggested-search strip above the bottom tabs and let video details and side controls use its space. The top search button and comments stay unchanged.,Hide the suggested-search strip above the bottom tabs and let video details and side controls use its space. The top search button and comments stay unchanged.
Hide the unread badges on the bottom tabs,Hide the unread badges on the bottom tabs
"Hide the whole column on the right, from the avatar down to the music disc.","Hide the whole column on the right, from the avatar down to the music disc."
Hide this creator on this phone,Hide this creator on this phone
Hide verified accounts,Hide verified accounts
Hide video actions,Hide video actions
Hide videos carrying TikTok's AI-generated label.,Hide videos carrying TikTok's AI-generated label.
Hide videos marked as paid partnership or branded content.,Hide videos marked as paid partnership or branded content.
Hide videos marked as using promotional music.,Hide videos marked as using promotional music.
Hide videos posted as part of a playlist.,Hide videos posted as part of a playlist.
Hide videos posted by verified accounts.,Hide videos posted by verified accounts.
Hide videos that belong to a paid Series.,Hide videos that belong to a paid Series.
"Hide videos that use a sound blocked with the player's sound button, or named below.","Hide videos that use a sound blocked with the player's sound button, or named below."
Hide videos with a lot of views and few comments. Works the same way as views per like. Zero turns it off.,Hide videos with a lot of views and few comments. Works the same way as views per like. Zero turns it off.
"Hide videos with a lot of views and few likes. Lower numbers are stricter, zero turns the rule off, and one video is kept back if everything the feed just sent would go.","Hide videos with a lot of views and few likes. Lower numbers are stricter, zero turns the rule off, and one video is kept back if everything the feed just sent would go."
Hide videos with blocked sounds,Hide videos with blocked sounds
Hide videos you have already seen,Hide videos you have already seen
"Hide voting cards and poll results above the comments, including polls that have ended.","Hide voting cards and poll results above the comments, including polls that have ended."
Hiding,Hiding
Highest,Highest
Historical,Historical
Historical values,Historical values
Hold a gate to choose several,Hold a gate to choose several
Hold speed on Comment,Hold speed on Comment
Hold speed on Favorites,Hold speed on Favorites
Hold speed on Share,Hold speed on Share
Hold the feed after the budget,Hold the feed after the budget
Home,Home
Hook status,Hook status
How far each edge press moves the video.,How far each edge press moves the video.
Hushfeed cannot read the creator pattern %1$s,Hushfeed cannot read the creator pattern %1$s
Hushfeed hid a TikTok CAPTCHA. Turn off Hide CAPTCHA popups if something stops working.,Hushfeed hid a TikTok CAPTCHA. Turn off Hide CAPTCHA popups if something stops working.
Hushfeed is active,Hushfeed is active
Hushfeed is paused,Hushfeed is paused
Hushfeed turns back on when TikTok restarts.,Hushfeed turns back on when TikTok restarts.
"Ignore the creator's choice so the Duet and Stitch entries appear. Everything else the app checks still applies, and whether the upload is accepted is the server's decision.","Ignore the creator's choice so the Duet and Stitch entries appear. Everything else the app checks still applies, and whether the upload is accepted is the server's decision."
Import finished,Import finished
Import loaded values,Import loaded values
Imported %1$d values,Imported %1$d values
Imported %1$d values. Undo last Lab change is in the menu.,Imported %1$d values. Undo last Lab change is in the menu.
Inbox,Inbox
Include diagnostic events,Include diagnostic events
Included diagnostics,Included diagnostics
Includes all diagnostic events.,Includes all diagnostic events.
Includes these events: %1$s,Includes these events: %1$s
Inserted cards,Inserted cards
Keep For You on a Home tap,Keep For You on a Home tap
Keep For You on a pull down,Keep For You on a pull down
Keep a local record of what you have watched and hide those videos when the feed sends them again.,Keep a local record of what you have watched and hide those videos when the feed sends them again.
Keep a paused video paused,Keep a paused video paused
Keep captions in clear display,Keep captions in clear display
Keep going,Keep going
Keep long press from quick sharing,Keep long press from quick sharing
Keep long press from reposting,Keep long press from reposting
Keep the Favorites tab,Keep the Favorites tab
Keep the clock and status icons off the screen while TikTok is open. Swipe down from the top to peek at them.,Keep the clock and status icons off the screen while TikTok is open. Swipe down from the top to peek at them.
Keep the screen's refresh rate,Keep the screen's refresh rate
"Keep the speed you chose for the next video. Off, each new video starts at 1x and a manual choice lasts for that video only.","Keep the speed you chose for the next video. Off, each new video starts at 1x and a manual choice lasts for that video only."
Keep this string to %1$s characters or fewer.,Keep this string to %1$s characters or fewer.
Keep this structured value to %1$s KB or less.,Keep this structured value to %1$s KB or less.
"Keep websites outside TikTok from using its connection back into the app. TikTok pages such as Activity center, Watch history, shop checkout and CAPTCHA keep working.","Keep websites outside TikTok from using its connection back into the app. TikTok pages such as Activity center, Watch history, shop checkout and CAPTCHA keep working."
"Kept to %1$s, the nearest value this row allows","Kept to %1$s, the nearest value this row allows"
Kinds of post,Kinds of post
LIVE,LIVE
LIVE replays,LIVE replays
LIVE settings,LIVE settings
LIVE share actions,LIVE share actions
LIVE videos,LIVE videos
Lab data reset. Undo last Lab change is in the menu. Restart TikTok to apply this.,Lab data reset. Undo last Lab change is in the menu. Restart TikTok to apply this.
"Lab data was over its rule limit, so it was cleared without an undo copy. Restart TikTok to apply this.","Lab data was over its rule limit, so it was cleared without an undo copy. Restart TikTok to apply this."
Lab overrides reset. Undo last Lab change is in the menu. Restart TikTok to apply this.,Lab overrides reset. Undo last Lab change is in the menu. Restart TikTok to apply this.
Lab settings put back. Restart TikTok to apply this.,Lab settings put back. Restart TikTok to apply this.
Larger (1.25x),Larger (1.25x)
Last change put back. Restart TikTok to apply all changes.,Last change put back. Restart TikTok to apply all changes.
Last change put back. The Feature Gate Lab rules were for another TikTok version and were left out. Restart TikTok to apply all changes.,Last change put back. The Feature Gate Lab rules were for another TikTok version and were left out. Restart TikTok to apply all changes.
Last original value,Last original value
Last recording: %1$d gates.,Last recording: %1$d gates.
Last recording: 1 gate.,Last recording: 1 gate.
Layout,Layout
"Layout, player, search and system","Layout, player, search and system"
Leave maximum empty to keep it unlimited.,Leave maximum empty to keep it unlimited.
Leave the sound out of the saved video. Save the sound as well still writes the .m4a beside it if you want both.,Leave the sound out of the saved video. Save the sound as well still writes the .m4a beside it if you want both.
Leave when TikTok says time is up,Leave when TikTok says time is up
Length and views per like,Length and views per like
Less than a minute left,Less than a minute left
"Let screenshots, screen recording and Circle to Search work on TikTok again. Restart TikTok to apply this.","Let screenshots, screen recording and Circle to Search work on TikTok again. Restart TikTok to apply this."
Let the Offline videos menu use your own limit instead of TikTok's fixed one. Restart TikTok to apply this.,Let the Offline videos menu use your own limit instead of TikTok's fixed one. Restart TikTok to apply this.
Licenses,Licenses
Like,Like
Likes range,Likes range
Limits,Limits
Link copied,Link copied
Links,Links
Links in comments open,Links in comments open
Live photo clip saved to %1$s,Live photo clip saved to %1$s
Loaded current values. Loading all known gates...,Loaded current values. Loading all known gates...
Loaded values are still being read. Try again in a moment.,Loaded values are still being read. Try again in a moment.
Loaded-value file export failed,Loaded-value file export failed
Loading gates...,Loading gates...
Loading local catalog and current TikTok cache...,Loading local catalog and current TikTok cache...
Location-tagged videos,Location-tagged videos
Lock the hold speed with a pull down,Lock the hold speed with a pull down
Lock today's budget,Lock today's budget
Log diagnostics,Log diagnostics
"Logging, hook status and reports","Logging, hook status and reports"
Long press,Long press
Lowest,Lowest
Make TikTok yours.,Make TikTok yours.
Manager,Manager
Marked as not interested,Marked as not interested
Match locale and timezone to country,Match locale and timezone to country
Maximum,Maximum
Maximum post age,Maximum post age
Maximum video length,Maximum video length
Maximum views per comment,Maximum views per comment
Maximum views per like,Maximum views per like
Media,Media
Media config (VE),Media config (VE)
"Messages, profiles and search still work.","Messages, profiles and search still work."
Microphone in use,Microphone in use
Mini dramas,Mini dramas
Minimum,Minimum
More options,More options
Move down,Move down
Move left,Move left
Move right,Move right
"Move to the next video when the current one ends. Pauses, open dialogs and screen-time holds stop it. Restart TikTok after changing this.","Move to the next video when the current one ends. Pauses, open dialogs and screen-time holds stop it. Restart TikTok after changing this."
Move up,Move up
Music disc,Music disc
Nearby,Nearby
Never from these countries,Never from these countries
No,No
No app on this phone opens that file,No app on this phone opens that file
No creator to block on this video,No creator to block on this video
No creator to hide on this video,No creator to hide on this video
"No creators are hidden yet. Hide one from a video, or add a handle above.","No creators are hidden yet. Hide one from a video, or add a handle above."
No current value,No current value
No current value and no active override,No current value and no active override
No delay,No delay
No gate data is available. Refresh values from the menu to try again.,No gate data is available. Refresh values from the menu to try again.
No gate reads were recorded. Use a TikTok feature while recording.,No gate reads were recorded. Use a TikTok feature while recording.
No gates match this filter.,No gates match this filter.
No gates match this search and filter.,No gates match this search and filter.
No hidden creators match this search. Clear the search to see them all.,No hidden creators match this search. Clear the search to see them all.
No limit,No limit
"No matching comments. Try a different word, or clear the search with the X in the box.","No matching comments. Try a different word, or clear the search with the X in the box."
No matching countries. Try a country name or a two-letter code.,No matching countries. Try a country name or a two-letter code.
No matching diagnostics found,No matching diagnostics found
No matching settings,No matching settings
No preset selected. Choose a preset above.,No preset selected. Choose a preset above.
"No recording yet. Start one, use a feature, then return here.","No recording yet. Start one, use a feature, then return here."
No seen videos recorded yet.,No seen videos recorded yet.
No share actions have been seen yet,No share actions have been seen yet
No share actions match this search,No share actions match this search
No sound to block on this video,No sound to block on this video
No suggested accounts to clear,No suggested accounts to clear
No video selected. Open a video first.,No video selected. Open a video first.
None of the photos could be saved. Try again.,None of the photos could be saved. Try again.
None of these gates had an override to reset.,None of these gates had an override to reset.
None of these gates takes a true or false value.,None of these gates takes a true or false value.
None recorded,None recorded
Normal,Normal
"Not a handle or id, so ignored: %1$s","Not a handle or id, so ignored: %1$s"
Not blocked,Not blocked
Not interested in this video,Not interested in this video
Not read yet,Not read yet
Not requested in this process yet,Not requested in this process yet
Not saved yet,Not saved yet
Not seen,Not seen
Not seen yet,Not seen yet
"Nothing has been checked yet, so there is nothing to report.","Nothing has been checked yet, so there is nothing to report."
"Nothing has been looked up yet. Use the app for a moment, then come back.","Nothing has been looked up yet. Use the app for a moment, then come back."
Nothing hidden.,Nothing hidden.
Nothing is playing to seek,Nothing is playing to seek
"Nothing new was imported. %1$d already matched, %2$d unavailable, %3$d rejected.","Nothing new was imported. %1$d already matched, %2$d unavailable, %3$d rejected."
"Nothing new was imported. %1$d already matched, %2$d unavailable, %3$d rejected. First rejection: %4$s","Nothing new was imported. %1$d already matched, %2$d unavailable, %3$d rejected. First rejection: %4$s"
Nothing on this page changes what TikTok does until they are on.,Nothing on this page changes what TikTok does until they are on.
Nothing to undo yet.,Nothing to undo yet.
Notices from this project and the ones it is built on,Notices from this project and the ones it is built on
OK,OK
Off,Off
"Off forces false, on forces true. Reset hands the choice back to TikTok.","Off forces false, on forces true. Reset hands the choice back to TikTok."
Offline videos,Offline videos
Offline videos limit,Offline videos limit
Older overrides were kept disabled. Review their values before enabling them on TikTok %1$s.,Older overrides were kept disabled. Review their values before enabling them on TikTok %1$s.
On,On
On mobile data,On mobile data
On. Restore puts back the feed setup you had before.,On. Restore puts back the feed setup you had before.
"Once today's budget runs out, the hold stays and cannot be dismissed. The budget settings are locked until the day starts over. Turn this off any time before the budget runs out.","Once today's budget runs out, the hold stays and cannot be dismissed. The budget settings are locked until the day starts over. Turn this off any time before the budget runs out."
One area was checked and everything it needs is here.,One area was checked and everything it needs is here.
One minute left,One minute left
"One of the quote marks in that list has nothing to close it, so the rest of the line reads as one phrase. Add the missing quote or take the stray one out.","One of the quote marks in that list has nothing to close it, so the rest of the line reads as one phrase. Add the missing quote or take the stray one out."
One value per line,One value per line
Only bottom tabs TikTok has loaded on this device are shown here. This does not force unavailable tabs to appear.,Only bottom tabs TikTok has loaded on this device are shown here. This does not force unavailable tabs to appear.
Only fields the Lab can check and copy safely are shown.,Only fields the Lab can check and copy safely are shown.
Only from these countries,Only from these countries
Only tabs TikTok has loaded on this device are shown here. This does not force unavailable tabs to appear.,Only tabs TikTok has loaded on this device are shown here. This does not force unavailable tabs to appear.
Open,Open
Open TikTok on,Open TikTok on
"Open a share sheet once, then return here to choose its actions.","Open a share sheet once, then return here to choose its actions."
Open comments,Open comments
Open external links directly,Open external links directly
Open messages,Open messages
Open profile and story website links in your system browser instead of TikTok's in-app browser.,Open profile and story website links in your system browser instead of TikTok's in-app browser.
Open the feed anyway,Open the feed anyway
"Open the feed anyway, %1$d left today","Open the feed anyway, %1$d left today"
"Open the feed anyway, the last time today","Open the feed anyway, the last time today"
Open the feed once so Hushfeed can see which bottom tabs TikTok loaded.,Open the feed once so Hushfeed can see which bottom tabs TikTok loaded.
Open the feed once so Hushfeed can see which tabs TikTok loaded.,Open the feed once so Hushfeed can see which tabs TikTok loaded.
Open the profile again and try once more,Open the profile again and try once more
Open the story again and try once more,Open the story again and try once more
Opens github.com in your browser,Opens github.com in your browser
Operator code,Operator code
Operator name,Operator name
Original language,Original language
Other,Other
Other feed filters,Other feed filters
Overridden,Overridden
Override,Override
Override SIM details,Override SIM details
"Override set, not read yet","Override set, not read yet"
Override store region (experimental),Override store region (experimental)
Override this configuration,Override this configuration
Override this gate,Override this gate
Overrides are disabled in the Feature Gate Lab.,Overrides are disabled in the Feature Gate Lab.
Overrides disabled. Restart TikTok to apply this.,Overrides disabled. Restart TikTok to apply this.
Overrides enabled. Restart TikTok to apply this.,Overrides enabled. Restart TikTok to apply this.
Paid partnerships,Paid partnerships
Pause Hushfeed,Pause Hushfeed
Pauses the video behind the comment sheet while you read. It plays on from the same spot when the sheet closes.,Pauses the video behind the comment sheet while you read. It plays on from the same spot when the sheet closes.
"People, shortcuts and sending controls","People, shortcuts and sending controls"
Photo,Photo
Photo and image posts,Photo and image posts
Photo destination,Photo destination
Photo filename,Photo filename
Photos and stickers,Photos and stickers
Pick the actions to remove from the share sheet. Names you typed by hand that TikTok hasn't shown yet stay in the list above.,Pick the actions to remove from the share sheet. Names you typed by hand that TikTok hasn't shown yet stay in the list above.
Pick the buttons to take off the column. The rest stay where they are.,Pick the buttons to take off the column. The rest stay where they are.
Play videos TikTok has classified without the overlay asking to be tapped through first.,Play videos TikTok has classified without the overlay asking to be tapped through first.
Playback,Playback
Player,Player
Player config,Player config
Playlist posts,Playlist posts
Popular,Popular
Popups,Popups
Post age,Post age
Preset,Preset
Press and hold a profile picture to save the full size original to your photo destination.,Press and hold a profile picture to save the full size original to your photo destination.
"Press and hold a story to save it. Stories have no save button of their own, and holding one is how TikTok pauses it, so this takes that gesture over.","Press and hold a story to save it. Stories have no save button of their own, and holding one is how TikTok pauses it, so this takes that gesture over."
Press and hold the left or right third of the screen to jump back or forward. The middle third keeps the Long press action.,Press and hold the left or right third of the screen to jump back or forward. The middle third keeps the Long press action.
Preview shortened. Save JSON includes the full report.,Preview shortened. Save JSON includes the full report.
Privacy,Privacy
Privacy and system,Privacy and system
Profile,Profile
Profile picture saved to %1$s,Profile picture saved to %1$s
Profile share actions,Profile share actions
Promotional music,Promotional music
Proof,Proof
Protect external pages in TikTok's browser,Protect external pages in TikTok's browser
Pulling down at the top of For You no longer reloads it.,Pulling down at the top of For You no longer reloads it.
Put back the settings saved before the last restore or reset.,Put back the settings saved before the last restore or reset.
Put every setting back to its default straight away. Your current settings are kept for Undo.,Put every setting back to its default straight away. Your current settings are kept for Undo.
Putting the settings back to their defaults,Putting the settings back to their defaults
Quality,Quality
"Quality, files, subtitles and hand-off","Quality, files, subtitles and hand-off"
"Quality, speed and auto-advance","Quality, speed and auto-advance"
Quick setup,Quick setup
Reading,Reading
Recorded gate reads (%1$d),Recorded gate reads (%1$d)
"Recording gate reads. Use a feature, then return here to stop.","Recording gate reads. Use a feature, then return here to stop."
Recovered an interrupted settings change. Restart TikTok to apply this.,Recovered an interrupted settings change. Restart TikTok to apply this.
Refresh values,Refresh values
Refreshing current TikTok cache...,Refreshing current TikTok cache...
Region,Region
Remember the last speed,Remember the last speed
Remind me every,Remind me every
Remove,Remove
Remove %1$s,Remove %1$s
Remove all overrides,Remove all overrides
Remove feed ads,Remove feed ads
"Remove feed ads, creator commission posts, paid partnerships, and branded content.","Remove feed ads, creator commission posts, paid partnerships, and branded content."
Remove tracking parameters from shared links.,Remove tracking parameters from shared links.
Remove watermark,Remove watermark
Removed %1$s,Removed %1$s
Replace values when TikTok asks for them,Replace values when TikTok asks for them
Report saved to %1$s,Report saved to %1$s
Required,Required
Researched,Researched
Researched values,Researched values
Reset,Reset
Reset %1$d gates of %2$d. Restart TikTok to apply this.,Reset %1$d gates of %2$d. Restart TikTok to apply this.
Reset %1$d gates. Restart TikTok to apply this.,Reset %1$d gates. Restart TikTok to apply this.
Reset 1 gate of %2$d. Restart TikTok to apply this.,Reset 1 gate of %2$d. Restart TikTok to apply this.
Reset 1 gate. Restart TikTok to apply this.,Reset 1 gate. Restart TikTok to apply this.
Reset override,Reset override
Reset position,Reset position
Reset settings,Reset settings
Restart TikTok to apply %1$d changes,Restart TikTok to apply %1$d changes
Restart TikTok to apply this,Restart TikTok to apply this
Restart TikTok to apply this change,Restart TikTok to apply this change
Restart TikTok to apply this.,Restart TikTok to apply this.
Restart now,Restart now
Restart pending,Restart pending
Restore failed. Some settings may still be changed.,Restore failed. Some settings may still be changed.
Restore failed. Some settings may still be changed. Use Undo to put them back.,Restore failed. Some settings may still be changed. Use Undo to put them back.
Restore settings,Restore settings
Restore setup,Restore setup
Restoring setup,Restoring setup
Restoring your settings,Restoring your settings
Resume videos after scrolling,Resume videos after scrolling
Retry,Retry
Return a copy with the fields below changed,Return a copy with the fields below changed
Return after using a TikTok feature to see every gate read during the recording.,Return after using a TikTok feature to see every gate read during the recording.
Returns %1$s,Returns %1$s
Right column,Right column
Rows,Rows
SIM country preset,SIM country preset
STEM,STEM
Sanitize sharing links,Sanitize sharing links
Save,Save
Save Hushfeed settings and Feature Gate Lab rules to a JSON file.,Save Hushfeed settings and Feature Gate Lab rules to a JSON file.
Save JSON,Save JSON
"Save SRT files with the video. Paired saves use Movies on Android 11+, Download on Android 10, and your video folder on older versions.","Save SRT files with the video. Paired saves use Movies on Android 11+, Download on Android 10, and your video folder on older versions."
Save a profile picture on a long press,Save a profile picture on a long press
Save a story on a long press,Save a story on a long press
"Save every photo in the post as TikTok received it, not as the screen shows it.","Save every photo in the post as TikTok received it, not as the screen shows it."
Save field values,Save field values
Save full report,Save full report
Save media,Save media
Save subtitles beside videos,Save subtitles beside videos
Save the latest available TikTok crash report for diagnostic export.,Save the latest available TikTok crash report for diagnostic export.
Save the original sound,Save the original sound
Save the sound as well,Save the sound as well
Save videos without sound,Save videos without sound
"Save, restore, reset and undo your settings","Save, restore, reset and undo your settings"
Saved,Saved
Saved %1$s,Saved %1$s
Saved %1$s of %2$s photos before the story failed,Saved %1$s of %2$s photos before the story failed
"Saved %1$s of %2$s, %3$s skipped","Saved %1$s of %2$s, %3$s skipped"
"Saved %1$s of %2$s, %3$s skipped and the rest cancelled","Saved %1$s of %2$s, %3$s skipped and the rest cancelled"
"Saved %1$s of %2$s, the rest cancelled","Saved %1$s of %2$s, the rest cancelled"
"Saved %1$s of %2$s, the rest need more free space","Saved %1$s of %2$s, the rest need more free space"
"Saved %1$s of %2$s, the rest ran out of time","Saved %1$s of %2$s, the rest ran out of time"
Saved %1$s original photos,Saved %1$s original photos
Saved one original photo,Saved one original photo
"Saved, override off","Saved, override off"
Saved. Restart TikTok to apply this.,Saved. Restart TikTok to apply this.
Saving,Saving
Saving %1$s of %2$s,Saving %1$s of %2$s
Saving %1$s original photos,Saving %1$s original photos
Saving one original photo,Saving one original photo
Saving settings backup,Saving settings backup
Saving sticker,Saving sticker
Saving the selected video quality,Saving the selected video quality
Saving the selected video quality without sound,Saving the selected video quality without sound
Saving the story,Saving the story
Saving video and subtitles to %1$s,Saving video and subtitles to %1$s
Screen,Screen
Screen time,Screen time
Search,Search
Search and override gates,Search and override gates
Search by name or gate key,Search by name or gate key
"Search by name, description or category.","Search by name, description or category."
Search countries or operators,Search countries or operators
Search hidden creators,Search hidden creators
Search settings,Search settings
Search share actions,Search share actions
Search these comments,Search these comments
"Search translated titles and descriptions, then open the original setting.","Search translated titles and descriptions, then open the original setting."
Search within comments,Search within comments
"Seconds. Zero keeps every length. If everything the feed just sent would be filtered out, the video closest to your limit is kept so the feed is not empty.","Seconds. Zero keeps every length. If everything the feed just sent would be filtered out, the video closest to your limit is kept so the feed is not empty."
Seek by,Seek by
Seek from the edges,Seek from the edges
Seen,Seen
Seen this session,Seen this session
Seen videos,Seen videos
Seen videos cleared. You can undo until TikTok closes.,Seen videos cleared. You can undo until TikTok closes.
Seen videos put back,Seen videos put back
Select,Select
Select at least one field.,Select at least one field.
Select every tab,Select every tab
Selected,Selected
Send links to another app,Send links to another app
Sending feedback,Sending feedback
Series posts,Series posts
Settings,Settings
Settings are back to their defaults. Restart TikTok to apply all changes.,Settings are back to their defaults. Restart TikTok to apply all changes.
Settings backup saved,Settings backup saved
Settings couldn't open,Settings couldn't open
Settings couldn't refresh completely. Reopen settings and try again.,Settings couldn't refresh completely. Reopen settings and try again.
Settings restored. Restart TikTok to apply all changes.,Settings restored. Restart TikTok to apply all changes.
Settings restored. The Feature Gate Lab rules were for another TikTok version and were left out. Restart TikTok to apply all changes.,Settings restored. The Feature Gate Lab rules were for another TikTok version and were left out. Restart TikTok to apply all changes.
Share,Share
Share links through another host,Share links through another host
Share sheet,Share sheet
Shares range,Shares range
Shop,Shop
Shop order updates and coupon messages no longer take up rows in the Inbox. Your orders are unchanged.,Shop order updates and coupon messages no longer take up rows in the Inbox. Your orders are unchanged.
Shop posts,Shop posts
Show,Show
Show @username beside a video instead of the display name the creator chose.,Show @username beside a video instead of the display name the creator chose.
Show TikTok's feed buttons,Show TikTok's feed buttons
Show TikTok's own progress bar on videos where it is normally hidden.,Show TikTok's own progress bar on videos where it is normally hidden.
"Show TikTok's own sort sheet on every post, with its hot, newest, media and creator options, instead of whichever cut-down row your account was given. Restart TikTok to apply this. It reads the style once per run and remembers it.","Show TikTok's own sort sheet on every post, with its hot, newest, media and creator options, instead of whichever cut-down row your account was given. Restart TikTok to apply this. It reads the style once per run and remembers it."
Show a video preview thumbnail while dragging the progress bar.,Show a video preview thumbnail while dragging the progress bar.
Show failures on screen,Show failures on screen
Show gates,Show gates
Show last report,Show last report
Show only videos with this many comments.,Show only videos with this many comments.
Show only videos with this many favorites.,Show only videos with this many favorites.
Show only videos with this many likes.,Show only videos with this many likes.
Show only videos with this many shares.,Show only videos with this many shares.
Show only videos with this many views.,Show only videos with this many views.
Show poll results before voting,Show poll results before voting
Show search in LIVE,Show search in LIVE
Show the Not interested button,Show the Not interested button
Show the block button on videos,Show the block button on videos
Show the block sound button,Show the block sound button
Show the country a video was posted from next to the creator's name.,Show the country a video was posted from next to the creator's name.
Show the current spoken caption while the other controls are hidden.,Show the current spoken caption while the other controls are hidden.
Show the handle instead of the name,Show the handle instead of the name
Show the hide button on videos,Show the hide button on videos
Show the progress bar,Show the progress bar
Show the progress bar thumbnail,Show the progress bar thumbnail
"Show the search entry inside TikTok's LIVE drawer, where available. This doesn't add a search box to video comments.","Show the search entry inside TikTok's LIVE drawer, where available. This doesn't add a search box to video comments."
Show the switch,Show the switch
Show the whole Activity and New followers lists instead of stopping at a View all button.,Show the whole Activity and New followers lists instead of stopping at a View all button.
"Show the whole video instead of cropping it to the window. Nothing changes on a tall phone, where it already fits. On a folding phone opened up, a squarer screen or a split view the sides or the ends stop being cut off.","Show the whole video instead of cropping it to the window. Nothing changes on a tall phone, where it already fits. On a folding phone opened up, a squarer screen or a split view the sides or the ends stop being cut off."
Show what is left of the budget,Show what is left of the budget
Show when the camera or microphone is in use,Show when the camera or microphone is in use
Show where a video was posted,Show where a video was posted
Showing %1$s again,Showing %1$s again
Silence the feed while comments are open,Silence the feed while comments are open
Skip content warnings,Skip content warnings
Skipping videos with %1$s,Skipping videos with %1$s
Some Calm feed settings changed. Restore still puts back your earlier setup.,Some Calm feed settings changed. Restore still puts back your earlier setup.
Something is missing from %1$s. Tap for the whole report.,Something is missing from %1$s. Tap for the whole report.
Sound link copied,Sound link copied
Sound saved to %1$s,Sound saved to %1$s
Source,Source
Speed,Speed
Speed menu choices,Speed menu choices
Speed while you hold the video,Speed while you hold the video
Split comment minimum width,Split comment minimum width
Start each new video at your default. A manual choice lasts until the video changes.,Start each new video at your default. A manual choice lasts until the video changes.
Start feature gate recording,Start feature gate recording
Start recording,Start recording
Start the day at,Start the day at
Start today over,Start today over
Start typing,Start typing
"Start with comments. Hide the comment count, sort and close buttons, plus the suggestion area above them. Use Back or swipe down to close comments.","Start with comments. Hide the comment count, sort and close buttons, plus the suggestion area above them. Use Back or swipe down to close comments."
Sticker,Sticker
Sticker destination,Sticker destination
Sticker saved to %1$s,Sticker saved to %1$s
Still here. Nothing is waiting.,Still here. Nothing is waiting.
Still reading the record. Tap again in a moment.,Still reading the record. Tap again in a moment.
Still saving the last one,Still saving the last one
"Stop ByteDance AppLog events, AppsFlyer attribution, explicit Firebase screen reports and crash reporting from being sent. TikTok's own diagnostics go quiet with them.","Stop ByteDance AppLog events, AppsFlyer attribution, explicit Firebase screen reports and crash reporting from being sent. TikTok's own diagnostics go quiet with them."
"Stop TikTok asking the screen to run at the frame rate of the video it is playing. On a 90 or 120 Hz phone that ask slows the whole app down to the video's rate, scrolling included.","Stop TikTok asking the screen to run at the frame rate of the video it is playing. On a 90 or 120 Hz phone that ask slows the whole app down to the video's rate, scrolling included."
"Stop TikTok listening to the accelerometer, gyroscope, magnetometer and the other motion sensors it uses to fingerprint the phone. Saves the battery they wake.","Stop TikTok listening to the accelerometer, gyroscope, magnetometer and the other motion sensors it uses to fingerprint the phone. Saves the battery they wake."
Stop TikTok reading what you copied. Copying a link from TikTok still works.,Stop TikTok reading what you copied. Copying a link from TikTok still works.
"Stop TikTok reporting that you viewed a story or a profile, or that you are typing. Online status is unchanged. It cannot undo what the server has already recorded.","Stop TikTok reporting that you viewed a story or a profile, or that you are typing. Online status is unchanged. It cannot undo what the server has already recorded."
Stop a long press on Like from opening TikTok's repost action.,Stop a long press on Like from opening TikTok's repost action.
Stop a long press on Share from opening TikTok's quick share action.,Stop a long press on Share from opening TikTok's quick share action.
Stop analytics and tracking,Stop analytics and tracking
Stop feature gate recording,Stop feature gate recording
Stop the brand animation that plays over the comments when what someone typed matches an advertiser's trigger.,Stop the brand animation that plays over the comments when what someone typed matches an advertiser's trigger.
Stop the bubble that asks you to share a video with friends after you like it.,Stop the bubble that asks you to share a video with friends after you like it.
Stop video looping,Stop video looping
Stop videos at the end instead of replaying them.,Stop videos at the end instead of replaying them.
Stopped after dismissing %1$s suggested accounts,Stopped after dismissing %1$s suggested accounts
Stopped after dismissing one suggested account,Stopped after dismissing one suggested account
Stopping after this file,Stopping after this file
Stories,Stories
Story saved to %1$s,Story saved to %1$s
Structured value observed,Structured value observed
Subtitle language,Subtitle language
Subtitles,Subtitles
Swipe left,Swipe left
System,System
Takes TikTok's own Auto scroll action out of the video panel. Auto-advance keeps working.,Takes TikTok's own Auto scroll action out of the video panel. Auto-advance keeps working.
Tap %1$s again to send,Tap %1$s again to send
Tap Repost on the bar under a video twice within %1$d seconds. A repost with a note is left alone.,Tap Repost on the bar under a video twice within %1$d seconds. A repost with a note is left alone.
Tap a comment's heart twice within %1$d seconds. A double tap on the comment needs a second one too. Removing a like stays immediate.,Tap a comment's heart twice within %1$d seconds. A double tap on the comment needs a second one too. Removing a like stays immediate.
Tap a story's heart twice within %1$d seconds. Removing a like stays immediate.,Tap a story's heart twice within %1$d seconds. Removing a like stays immediate.
Tap again to follow,Tap again to follow
Tap again to like,Tap again to like
Tap again to repost,Tap again to repost
Tap again to send,Tap again to send
Tap the feed Follow button twice within %1$d seconds.,Tap the feed Follow button twice within %1$d seconds.
Tap the like heart twice within %1$d seconds. Removing a like stays immediate.,Tap the like heart twice within %1$d seconds. Removing a like stays immediate.
Tap to start the feed,Tap to start the feed
Technical details,Technical details
"Technical details, %1$s","Technical details, %1$s"
That backup was written by a newer Hushfeed than this one. Nothing was altered.,That backup was written by a newer Hushfeed than this one. Nothing was altered.
That creator is already in the list,That creator is already in the list
"That creator pattern is too long to use, so it was skipped: %1$s","That creator pattern is too long to use, so it was skipped: %1$s"
"That creator pattern is too long, so it was not added: %1$s","That creator pattern is too long, so it was not added: %1$s"
"That file is not a loaded-values export, or it is larger than the Lab accepts","That file is not a loaded-values export, or it is larger than the Lab accepts"
"That file is not readable text, so it may have been damaged in transit. Nothing was altered.","That file is not readable text, so it may have been damaged in transit. Nothing was altered."
That file is too large to be a settings backup. Nothing was altered.,That file is too large to be a settings backup. Nothing was altered.
"That folder name has a character Android does not allow. Use letters, numbers, spaces or dashes.","That folder name has a character Android does not allow. Use letters, numbers, spaces or dashes."
That is %1$d minutes today,That is %1$d minutes today
That is %1$d videos today,That is %1$d videos today
That is not a Hushfeed settings backup. Nothing was altered.,That is not a Hushfeed settings backup. Nothing was altered.
"That is not an app name. Try something like com.example.downloader, or leave the box empty to keep saving in TikTok.","That is not an app name. Try something like com.example.downloader, or leave the box empty to keep saving in TikTok."
That is one minute today,That is one minute today
That is one video today,That is one video today
That list has too many entries. Keep it to %1$s or fewer.,That list has too many entries. Keep it to %1$s or fewer.
That list is too large. Keep it to %1$s KB or less.,That list is too large. Keep it to %1$s KB or less.
That preset is not recognized. Choose another.,That preset is not recognized. Choose another.
That settings backup contains a feed rule list larger than Hushfeed accepts. Nothing was altered.,That settings backup contains a feed rule list larger than Hushfeed accepts. Nothing was altered.
That settings backup holds a value Hushfeed cannot read. Nothing was altered.,That settings backup holds a value Hushfeed cannot read. Nothing was altered.
That settings backup holds more Feature Gate Lab rules than the Lab takes. Nothing was altered.,That settings backup holds more Feature Gate Lab rules than the Lab takes. Nothing was altered.
That settings backup is damaged or only partly downloaded. Nothing was altered.,That settings backup is damaged or only partly downloaded. Nothing was altered.
"That settings backup is incomplete, so it may have been cut short. Nothing was altered.","That settings backup is incomplete, so it may have been cut short. Nothing was altered."
That settings change did not go through. Nothing was altered.,That settings change did not go through. Nothing was altered.
That sticker is in a format Hushfeed cannot read,That sticker is in a format Hushfeed cannot read
The Activity row of likes and comments on your posts leaves the Inbox. Notifications about them still arrive.,The Activity row of likes and comments on your posts leaves the Inbox. Notifications about them still arrive.
The Archive row leaves the Inbox. Archived chats are kept.,The Archive row leaves the Inbox. Archived chats are kept.
The Lab can't check this. TikTok gets it exactly as typed.,The Lab can't check this. TikTok gets it exactly as typed.
The Lab couldn't open. Go back and open it again.,The Lab couldn't open. Go back and open it again.
"The Lab keeps at most %1$s rules. This change would make %2$s, so nothing was changed.","The Lab keeps at most %1$s rules. This change would make %2$s, so nothing was changed."
The Message requests row leaves the Inbox. Requests keep arriving and wait there until you turn this off.,The Message requests row leaves the Inbox. Requests keep arriving and wait there until you turn this off.
The New followers row leaves the top of the Inbox. The accounts still follow you.,The New followers row leaves the top of the Inbox. The accounts still follow you.
The Tako assistant's conversation leaves the Inbox list. The Tako bubble on the feed has its own switch under Feed tabs.,The Tako assistant's conversation leaves the Inbox list. The Tako bubble on the feed has its own switch under Feed tabs.
The accounts TikTok suggests you follow no longer take up rows in the Inbox.,The accounts TikTok suggests you follow no longer take up rows in the Inbox.
The activity status control leaves the Inbox header. Whether others see you as active is unchanged.,The activity status control leaves the Inbox header. Whether others see you as active is unchanged.
"The add people icon leaves the Inbox header. Only the shortcut goes, so friend suggestions elsewhere are unchanged.","The add people icon leaves the Inbox header. Only the shortcut goes, so friend suggestions elsewhere are unchanged."
The catalog says this key is %1$s and this override is %2$s. Reset the override and make a new one.,The catalog says this key is %1$s and this override is %2$s. Reset the override and make a new one.
The diagnostic report couldn't be saved yet. Try again in a moment.,The diagnostic report couldn't be saved yet. Try again in a moment.
The diagnostic report couldn't be saved. Try again.,The diagnostic report couldn't be saved. Try again.
The downloader app you chose isn't installed. Check Send links to another app under Downloads.,The downloader app you chose isn't installed. Check Send links to another app under Downloads.
The export failed and the partial file couldn't be removed. Delete it from your Downloads folder.,The export failed and the partial file couldn't be removed. Delete it from your Downloads folder.
"The feed dims over the last three quarters of a minute before the hold, so you arrive at it rather than land on it. Needs a time budget and a hold to arrive at.","The feed dims over the last three quarters of a minute before the hold, so you arrive at it rather than land on it. Needs a time budget and a hold to arrive at."
The feed does not end. This is a fine time to leave it.,The feed does not end. This is a fine time to leave it.
The feed is open again,The feed is open again
"The feed waits for one tap before it starts playing again when you come back to the app. Messages, profiles and search are still one tap away.","The feed waits for one tap before it starts playing again when you come back to the app. Messages, profiles and search are still one tap away."
The file hushfeed-safe-mode couldn't be removed. Delete it from TikTok's folder under Android/data to turn Hushfeed back on.,The file hushfeed-safe-mode couldn't be removed. Delete it from TikTok's folder under Android/data to turn Hushfeed back on.
"The hour both budgets reset, on a 24 hour clock. Four in the morning by default, because someone still scrolling at one is having last night.","The hour both budgets reset, on a 24 hour clock. Four in the morning by default, because someone still scrolling at one is having last night."
The live photo's clip couldn't be saved. Try again.,The live photo's clip couldn't be saved. Try again.
The loaded-values file you chose couldn't be read. Try again.,The loaded-values file you chose couldn't be read. Try again.
"The original photos aren't available, so TikTok's own save runs instead","The original photos aren't available, so TikTok's own save runs instead"
"The override changes no fields. Edit the field values, or reset the override.","The override changes no fields. Edit the field values, or reset the override."
"The override couldn't be applied: %1$s. Edit the field values, or reset the override.","The override couldn't be applied: %1$s. Edit the field values, or reset the override."
"The override doesn't say what list to return. Edit the field values, or reset the override.","The override doesn't say what list to return. Edit the field values, or reset the override."
The profile picture couldn't be saved. Try again.,The profile picture couldn't be saved. Try again.
"The record of an interrupted settings change couldn't be read, so it was set aside. Check your settings.","The record of an interrupted settings change couldn't be read, so it was set aside. Check your settings."
The report couldn't be saved. Try again.,The report couldn't be saved. Try again.
The row of story avatars across the top of the Inbox goes. Stories still play from the feed and from profiles.,The row of story avatars across the top of the Inbox goes. Stories still play from the feed and from profiles.
The setting couldn't finish updating. Its saved value is shown.,The setting couldn't finish updating. Its saved value is shown.
The settings backup was rejected. Nothing was altered.,The settings backup was rejected. Nothing was altered.
The smallest value is above the largest,The smallest value is above the largest
The sound couldn't be saved. Try again.,The sound couldn't be saved. Try again.
The sticker couldn't be saved. Try again.,The sticker couldn't be saved. Try again.
The story couldn't be saved. Try again.,The story couldn't be saved. Try again.
"The thumbs down on each comment blocks the commenter instead of disliking. The comment dims, an undo banner follows, and a second tap unblocks.","The thumbs down on each comment blocks the commenter instead of disliking. The comment dims, an undo banner follows, and a second tap unblocks."
"The video couldn't be saved. Try again, or choose Automatic.","The video couldn't be saved. Try again, or choose Automatic."
There is no Lab change to undo.,There is no Lab change to undo.
There is no diagnostic data to clear,There is no diagnostic data to clear
There is no diagnostic data to put back,There is no diagnostic data to put back
There was nothing to put back,There was nothing to put back
These loaded values are for a different TikTok version.,These loaded values are for a different TikTok version.
This catalog entry is no longer available. Refresh the Lab and try again.,This catalog entry is no longer available. Refresh the Lab and try again.
This change couldn't be saved. Try again.,This change couldn't be saved. Try again.
This configuration has no fields that can be copied and changed safely on this build.,This configuration has no fields that can be copied and changed safely on this build.
This file has more loaded values than the Lab takes at once.,This file has more loaded values than the Lab takes at once.
This file has no loaded values in it.,This file has no loaded values in it.
This file isn't a loaded-values export from the Feature Gate Lab.,This file isn't a loaded-values export from the Feature Gate Lab.
This gate type is not supported.,This gate type is not supported.
"This is the video's own sound, so YouTube Music won't have it","This is the video's own sound, so YouTube Music won't have it"
"This key isn't in the local catalog, so its type can't be checked. Reset the override.","This key isn't in the local catalog, so its type can't be checked. Reset the override."
"This key touches account safety. Forcing it can change login, region, payment or security checks.","This key touches account safety. Forcing it can change login, region, payment or security checks."
"This line opens a rule and does not finish it: %1$s. Write two phrases as ""a"" & ""b"" for both, or ""a"" !& ""b"" for the first without the second.","This line opens a rule and does not finish it: %1$s. Write two phrases as ""a"" & ""b"" for both, or ""a"" !& ""b"" for the first without the second."
"This phone has no file picker, so there is no way to choose a file here","This phone has no file picker, so there is no way to choose a file here"
This phone has no folder picker. Type the folder into the row instead.,This phone has no folder picker. Type the folder into the row instead.
This profile picture isn't available to save,This profile picture isn't available to save
"This quality isn't available as a complete file, so TikTok's own save runs instead","This quality isn't available as a complete file, so TikTok's own save runs instead"
"This setting's value can't be copied on this build, so it can't be overridden. Reset the override.","This setting's value can't be copied on this build, so it can't be overridden. Reset the override."
This story isn't available to save,This story isn't available to save
This value is required.,This value is required.
This video has no link to copy,This video has no link to copy
"This video has no link to send, so TikTok's own save runs instead","This video has no link to send, so TikTok's own save runs instead"
This video has no original sound to save,This video has no original sound to save
This video has no sound of its own,This video has no sound of its own
This video's sound has no title to look for,This video's sound has no title to look for
Thumbs down blocks the commenter,Thumbs down blocks the commenter
"TikTok closed three times within a minute of starting, so Hushfeed paused itself. Your settings stay as they are.","TikTok closed three times within a minute of starting, so Hushfeed paused itself. Your settings stay as they are."
TikTok default,TikTok default
"TikTok default (hold to speed up, quick share)","TikTok default (hold to speed up, quick share)"
TikTok default (open the creator's profile),TikTok default (open the creator's profile)
TikTok did not block %1$s. Try again in a moment.,TikTok did not block %1$s. Try again in a moment.
TikTok did not unblock %1$s. Try again in a moment.,TikTok did not unblock %1$s. Try again in a moment.
TikTok didn't accept the feedback. Try again later.,TikTok didn't accept the feedback. Try again later.
"TikTok hasn't handed this setting an object to change yet. Open the part of the app that uses it, then come back.","TikTok hasn't handed this setting an object to change yet. Open the part of the app that uses it, then come back."
TikTok read it,TikTok read it
"TikTok read it, but the override couldn't be applied. Reset it and save it again.","TikTok read it, but the override couldn't be applied. Reset it and save it again."
TikTok refused the follow with code %1$s,TikTok refused the follow with code %1$s
TikTok refused the follow with code %1$s. A hidden CAPTCHA may be the cause.,TikTok refused the follow with code %1$s. A hidden CAPTCHA may be the cause.
TikTok refused the follow: %1$s,TikTok refused the follow: %1$s
TikTok refused the follow: %1$s A hidden CAPTCHA may be the cause.,TikTok refused the follow: %1$s A hidden CAPTCHA may be the cause.
TikTok runs as if it were not patched. Your settings stay as they are.,TikTok runs as if it were not patched. Your settings stay as they are.
"TikTok's own daily screen-time reminder sends the app to the background instead of waiting to be dismissed. Coming straight back leaves the reminder on screen, so the limit stays reachable. Needs a daily limit set under TikTok's Settings and privacy, under Time and well-being.","TikTok's own daily screen-time reminder sends the app to the background instead of waiting to be dismissed. Coming straight back leaves the reminder on screen, so the limit stays reachable. Needs a daily limit set under TikTok's Settings and privacy, under Time and well-being."
TikTok's own value,TikTok's own value
TikTok's play and pause button and its previous and next buttons appear on the feed. TikTok otherwise shows them only to people who use a screen reader. TikTok's analytics note the row and each press on it.,TikTok's play and pause button and its previous and next buttons appear on the feed. TikTok otherwise shows them only to people who use a screen reader. TikTok's analytics note the row and each press on it.
TikTok's server can put an account into an experiment that empties the Favorites tab on your profile. Keep the tab and its saved videos.,TikTok's server can put an account into an experiment that empties the Favorites tab on your profile. Keep the tab and its saved videos.
TikTok's size,TikTok's size
Times you can open the feed anyway,Times you can open the feed anyway
"Today has moved on, so there is nothing to put back","Today has moved on, so there is nothing to put back"
Today is back where it was,Today is back where it was
Today started over. Tap again to put the counts back.,Today started over. Tap again to put the counts back.
Today starts again,Today starts again
Today's budget is locked. The day starts over at %1$s.,Today's budget is locked. The day starts over at %1$s.
"Today's budget is locked. The feed opens again at %1$s. Messages, profiles and search still work.","Today's budget is locked. The feed opens again at %1$s. Messages, profiles and search still work."
Today's budget is locked. This can be changed again at %1$s.,Today's budget is locked. This can be changed again at %1$s.
Today: %1$d minute,Today: %1$d minute
Today: %1$d minutes,Today: %1$d minutes
Today: %1$d video,Today: %1$d video
Today: %1$d videos,Today: %1$d videos
"Tokens: {creator}, {date}, {video_id}, {index}. {index} numbers the photos of a slideshow you save with Download original photos; anything saved through TikTok's own button is numbered by the folder instead. The file extension is kept automatically.","Tokens: {creator}, {date}, {video_id}, {index}. {index} numbers the photos of a slideshow you save with Download original photos; anything saved through TikTok's own button is numbered by the folder instead. The file extension is kept automatically."
"Tokens: {creator}, {date}, {video_id}. The file extension is kept automatically.","Tokens: {creator}, {date}, {video_id}. The file extension is kept automatically."
"Tokens: {date}, {media_id}. Works for image and video stickers.","Tokens: {date}, {media_id}. Works for image and video stickers."
Too many media saves are already running. Try again shortly.,Too many media saves are already running. Try again shortly.
Tracking,Tracking
"Tracking, device access and links","Tracking, device access and links"
"Translate comments as they load, using TikTok's own translator.","Translate comments as they load, using TikTok's own translator."
Transparent,Transparent
Try a different word or clear the search.,Try a different word or clear the search.
"Try again, or go back to TikTok.","Try again, or go back to TikTok."
Turn Hushfeed back on,Turn Hushfeed back on
Turn on %1$s first.,Turn on %1$s first.
Turn on overrides,Turn on overrides
"Turn this on while you record logs for a bug report, then turn it off again. While it is on, TikTok can feel slower and may crash.","Turn this on while you record logs for a bug report, then turn it off again. While it is on, TikTok can feel slower and may crash."
Turned off %1$d gates of %2$d. The rest do not take a true or false value. Restart TikTok to apply this.,Turned off %1$d gates of %2$d. The rest do not take a true or false value. Restart TikTok to apply this.
Turned off %1$d gates. Restart TikTok to apply this.,Turned off %1$d gates. Restart TikTok to apply this.
Turned off 1 gate of %2$d. The rest do not take a true or false value. Restart TikTok to apply this.,Turned off 1 gate of %2$d. The rest do not take a true or false value. Restart TikTok to apply this.
Turned off 1 gate. Restart TikTok to apply this.,Turned off 1 gate. Restart TikTok to apply this.
"Two letters, like us, gb or jp.","Two letters, like us, gb or jp."
Type,Type
Unavailable,Unavailable
Unblock,Unblock
Unblock this commenter,Unblock this commenter
Unblocked %1$s,Unblocked %1$s
Undo,Undo
Undo clearing seen videos,Undo clearing seen videos
Undo last Lab change,Undo last Lab change
Undo last restore or reset,Undo last restore or reset
Undoing the last change,Undoing the last change
"Until you choose here, this sheet follows your choices under Hide share actions.","Until you choose here, this sheet follows your choices under Hide share actions."
"Up to %1$d speeds from %2$s to %3$s, separated by commas. Example: 0.5, 1, 1.5, 2, 2.5, 3. Leave empty for TikTok's list. Restart TikTok to apply this.","Up to %1$d speeds from %2$s to %3$s, separated by commas. Example: 0.5, 1, 1.5, 2, 2.5, 3. Leave empty for TikTok's list. Restart TikTok to apply this."
"Use 0 for TikTok's size, or %1$d to %2$d. Applies to the next caption.","Use 0 for TikTok's size, or %1$d to %2$d. Applies to the next caption."
Use Calm feed,Use Calm feed
Use Save JSON for this large report,Use Save JSON for this large report
"Use TikTok's own hold, pull down and release gesture to keep playing at the hold speed, 2x unless Playback sets another.","Use TikTok's own hold, pull down and release gesture to keep playing at the hold speed, 2x unless Playback sets another."
Use a default playback speed,Use a default playback speed
Use non-personalized search,Use non-personalized search
Use system font,Use system font
Use the preset for the region TikTok reports for your account and its shop too. May affect search.,Use the preset for the region TikTok reports for your account and its shop too. May affect search.
"Use the selected country and operator values. This changes what the SIM says and nothing else: your IP address, your account's history and the language you read in are all unchanged, and any one of them is enough for TikTok to keep the region it already chose. Restart TikTok to apply this.","Use the selected country and operator values. This changes what the SIM says and nothing else: your IP address, your account's history and the language you read in are all unchanged, and any one of them is enough for TikTok to keep the region it already chose. Restart TikTok to apply this."
"Use the selected country. This changes what the SIM says and nothing else: your IP address, your account's history and the language you read in are all unchanged, and any one of them is enough for TikTok to keep the region it already chose. Restart TikTok to apply this.","Use the selected country. This changes what the SIM says and nothing else: your IP address, your account's history and the language you read in are all unchanged, and any one of them is enough for TikTok to keep the region it already chose. Restart TikTok to apply this."
"Use the split layout on wider screens. Restart TikTok to apply this. If the old layout is still there, unfold again.","Use the split layout on wider screens. Restart TikTok to apply this. If the old layout is still there, unfold again."
Use value,Use value
Use your own offline videos limit,Use your own offline videos limit
Using TikTok's value,Using TikTok's value
Value,Value
Value to return,Value to return
Verified accounts,Verified accounts
Version %1$s,Version %1$s
Version %1$s for TikTok %2$s,Version %1$s for TikTok %2$s
Video,Video
Video (MP4),Video (MP4)
Video destination,Video destination
Video download quality,Video download quality
Video filename,Video filename
Video info,Video info
Video playback quality,Video playback quality
Video saved,Video saved
"Video saved in %1$s, but only %2$s of %3$s subtitles came with it","Video saved in %1$s, but only %2$s of %3$s subtitles came with it"
Video saved with %1$s subtitles in %2$s,Video saved with %1$s subtitles in %2$s
Views range,Views range
Wait before hiding the controls.,Wait before hiding the controls.
Watching and sharing,Watching and sharing
"WebP, exactly as TikTok sent it","WebP, exactly as TikTok sent it"
What TikTok gets,What TikTok gets
"When TikTok requests this key, return the selected value below","When TikTok requests this key, return the selected value below"
"While diagnostic logging is on, a message names the part of Hushfeed that failed. Off keeps failures in the report only.","While diagnostic logging is on, a message names the part of Hushfeed that failed. Off keeps failures in the report only."
Window width needed to enable the layout. Restart TikTok to apply this.,Window width needed to enable the layout. Restart TikTok to apply this.
Words and countries,Words and countries
Working,Working
"Write the video's sound beside it as an .m4a. Android 10 and later file audio separately, so it lands in Music under the same folder name as your videos.","Write the video's sound beside it as an .m4a. Android 10 and later file audio separately, so it lands in Music under the same folder name as your videos."
YTDLnis background mode,YTDLnis background mode
YTDLnis download type,YTDLnis download type
Yes,Yes
YouTube Music couldn't be opened. Open it yourself and search for the sound.,YouTube Music couldn't be opened. Open it yourself and search for the sound.
YouTube Music isn't installed,YouTube Music isn't installed
Your current settings already match Calm feed.,Your current settings already match Calm feed.
Your feed,Your feed
Your filters hid everything TikTok just sent. Most were %1$s.,Your filters hid everything TikTok just sent. Most were %1$s.
"Your filters hid everything TikTok sent, %1$d times in a row. Most were %2$s.","Your filters hid everything TikTok sent, %1$d times in a row. Most were %2$s."
"Your operator's name, like T-Mobile.","Your operator's name, like T-Mobile."
"Your operator's numeric code, like 310260.","Your operator's numeric code, like 310260."
Your previous feed setup couldn't be restored. Nothing was changed.,Your previous feed setup couldn't be restored. Nothing was changed.
Your previous feed setup is back.,Your previous feed setup is back.
Your previous feed setup is back. Restart TikTok to apply every change.,Your previous feed setup is back. Restart TikTok to apply every change.
"Zero leaves the way out of the hold there every time, which is what it has always done. Anything else is how many times a day it works, and once they are gone the hold stays up until the day starts over. Ignored while the budget is locked, which takes the way out away entirely.","Zero leaves the way out of the hold there every time, which is what it has always done. Anything else is how many times a day it works, and once they are gone the hold stays up until the day starts over. Ignored while the budget is locked, which takes the way out away entirely."
"Zero means no limit. Counts the videos Hushfeed advanced past for you, not the ones you swiped yourself, and starts again when the feed is rebuilt or you change this number.","Zero means no limit. Counts the videos Hushfeed advanced past for you, not the ones you swiped yourself, and starts again when the feed is rebuilt or you change this number."
"Zero shows the notice and leaves the feed alone. Anything else covers the feed for that many minutes once a budget is reached. Messages, profiles and search keep working, and nothing in the feed is thrown away.","Zero shows the notice and leaves the feed alone. Anything else covers the feed for that many minutes once a budget is reached. Messages, profiles and search keep working, and nothing in the feed is thrown away."
"Zero switches this off. A short reminder after that many minutes of watching, and again after the same again. Time on messages, a profile or search does not count, and nothing is shown while the feed is on hold.","Zero switches this off. A short reminder after that many minutes of watching, and again after the same again. Time on messages, a profile or search does not count, and nothing is shown while the feed is on hold."
"Zero switches this off. Count every video that comes up in the feed, however you got to it, and say so once the count is reached. This is separate from the auto-advance session limit under Playback, which only counts videos Hushfeed itself advanced past.","Zero switches this off. Count every video that comes up in the feed, however you got to it, and say so once the count is reached. This is separate from the auto-advance session limit under Playback, which only counts videos Hushfeed itself advanced past."
"Zero switches this off. Count the minutes the player spends running in the feed. Time on messages, a profile or search does not count.","Zero switches this off. Count the minutes the player spends running in the feed. Time on messages, a profile or search does not count."
collapsed,collapsed
expanded,expanded
this creator,this creator
