# Blender 4.3.0
# www.blender.org
mtllib R_body.mtl
o R_body
v -0.037518 -0.006010 0.049655
v -0.035933 -0.001008 0.055304
v -0.032542 0.003911 0.060524
v -0.027555 0.008303 0.064766
v -0.022357 0.011124 0.067080
v -0.013979 0.014465 0.068982
v -0.007671 0.016087 0.069233
v 0.002907 0.016645 0.067353
v 0.008882 0.014940 0.064651
v 0.015702 0.010894 0.059526
v 0.020043 0.007021 0.053974
v 0.022632 0.002210 0.047883
v 0.023161 -0.003223 0.041311
v 0.021483 -0.008410 0.035591
v 0.017852 -0.013489 0.030225
v 0.012448 -0.017900 0.026002
v 0.005698 -0.021372 0.023251
v -0.002039 -0.023637 0.022266
v -0.009979 -0.024435 0.022809
v -0.017694 -0.024053 0.024548
v -0.024582 -0.022369 0.028086
v -0.030316 -0.019467 0.032580
v -0.034664 -0.015555 0.037757
v -0.037028 -0.011025 0.043666
v -0.038375 -0.013628 0.046001
v -0.035751 -0.018571 0.039884
v -0.031237 -0.022647 0.034291
v -0.025107 -0.025786 0.029586
v -0.017701 -0.027701 0.026130
v -0.009610 -0.028129 0.024229
v -0.001224 -0.027189 0.023838
v 0.006741 -0.024769 0.025303
v 0.013376 -0.021462 0.028012
v 0.018759 -0.016934 0.032328
v 0.022676 -0.011626 0.037820
v 0.024397 -0.006106 0.043878
v 0.024063 -0.000554 0.050416
v 0.021926 0.003208 0.056761
v 0.016985 0.009116 0.063452
v 0.009474 0.014694 0.068250
v 0.003315 0.016640 0.072195
v -0.006758 0.015793 0.073499
v -0.012446 0.013180 0.074078
v -0.027310 0.007092 0.068285
v -0.033081 0.002454 0.063781
v -0.037028 -0.003025 0.058105
v -0.038802 -0.008206 0.052431
v -0.034886 -0.004036 0.047795
v -0.034819 -0.008853 0.042499
v -0.032304 -0.013142 0.036924
v -0.028505 -0.016410 0.032221
v -0.023333 -0.018886 0.027817
v -0.017161 -0.020365 0.024821
v -0.010205 -0.020564 0.022933
v -0.002886 -0.019643 0.022452
v 0.004392 -0.017625 0.023385
v 0.010860 -0.014639 0.025767
v 0.015634 -0.010687 0.029481
v 0.019302 -0.006180 0.034248
v 0.020751 -0.001113 0.039658
v 0.020203 0.003924 0.045665
v 0.017799 0.008271 0.051397
v 0.013705 0.011903 0.056591
v 0.007813 0.014671 0.060976
v 0.002234 0.016258 0.063880
v -0.008270 0.015975 0.065640
v -0.014103 0.014587 0.065188
v -0.021177 0.011903 0.063607
v -0.026182 0.008808 0.061151
v -0.030766 0.004711 0.057514
v -0.033752 0.000318 0.053139
v -0.032376 0.000799 0.052218
v -0.030696 0.003446 0.054844
v -0.020376 0.009851 0.058807
v -0.024310 0.008535 0.058761
v -0.020503 0.011740 0.061997
v -0.033090 -0.004305 0.045937
v -0.031506 -0.006347 0.042561
v -0.028628 -0.006837 0.040554
v -0.012637 0.002093 0.045389
v -0.012162 0.005189 0.049255
v -0.018592 -0.005475 0.038379
v -0.012991 -0.001354 0.041243
v -0.003522 0.006459 0.048544
v -0.004151 0.002061 0.043071
v -0.008867 0.000614 0.042486
v -0.010315 0.006503 0.050430
v -0.002567 0.005135 0.046599
v 0.002508 0.006832 0.048014
v -0.010449 -0.001598 0.040219
v -0.011143 0.001014 0.043602
v -0.005443 0.007216 0.050020
v -0.007891 0.007233 0.050700
v 0.016261 0.004725 0.044551
v 0.014806 0.007861 0.048671
v 0.010401 0.011690 0.054413
v -0.027749 -0.015505 0.032272
v 0.003519 -0.014529 0.024786
v 0.012761 -0.008346 0.030001
v 0.015539 -0.004290 0.034037
v 0.016783 0.000213 0.038574
v 0.004589 0.010859 0.053281
v -0.002791 0.003550 0.044625
v 0.011032 0.007280 0.047501
v 0.011633 0.008641 0.049441
v 0.012451 0.010227 0.052075
v 0.011048 0.009909 0.051379
v 0.006044 0.013497 0.057964
v 0.009459 0.010912 0.052947
v 0.009248 0.006210 0.046281
v 0.004299 0.005854 0.046475
v 0.002715 0.009754 0.051987
v 0.007057 0.011282 0.053637
v 0.007022 0.005658 0.045788
v 0.008361 -0.007310 0.030778
v 0.009807 -0.006465 0.031504
v 0.010946 -0.005220 0.032717
v 0.011426 -0.002752 0.035317
v 0.004323 -0.000024 0.039242
v 0.008069 -0.000047 0.038677
v -0.008706 -0.002751 0.038436
v -0.000129 -0.002821 0.036843
v -0.009149 -0.006328 0.034582
v 0.000326 -0.006428 0.032732
v 0.003248 -0.007877 0.030788
v 0.006274 0.000099 0.039179
v 0.011409 -0.004004 0.033998
v -0.000580 -0.004034 0.035534
v -0.008235 -0.004482 0.036367
v -0.018083 -0.007198 0.036300
v -0.015646 -0.002090 0.041238
v -0.033228 -0.001714 0.049369
v -0.027880 0.006324 0.057373
v -0.031874 0.000862 0.052012
v -0.030291 0.003332 0.054476
v -0.017378 0.008788 0.055978
v -0.020652 0.009358 0.058171
v -0.024331 0.008118 0.058130
v -0.032538 -0.003931 0.046147
v -0.031055 -0.005852 0.042995
v -0.028357 -0.006326 0.041133
v -0.017412 0.001597 0.046451
v -0.016189 0.004433 0.049660
v -0.021685 -0.003587 0.041647
v -0.018928 -0.000853 0.043916
v -0.016060 0.006887 0.052877
v -0.024715 -0.005466 0.040585
v -0.032670 -0.001490 0.049346
v -0.027669 0.006041 0.056832
v -0.027076 -0.002691 0.045765
v -0.021044 0.000592 0.047309
v -0.021638 0.005100 0.053470
v -0.027896 0.001632 0.051692
v 0.013987 0.005879 0.122892
v 0.009859 0.013153 0.122746
v 0.004056 0.016753 0.122679
v -0.004508 0.016087 0.122798
v -0.008481 0.013267 0.122840
v -0.033928 -0.018977 0.053754
v -0.032061 -0.023540 0.047945
v -0.028162 -0.027191 0.042838
v -0.022013 -0.030020 0.037941
v -0.015791 -0.031682 0.034794
v -0.008614 -0.032204 0.033113
v 0.005445 -0.029335 0.034736
v 0.011572 -0.026017 0.037782
v 0.015497 -0.022896 0.042325
v 0.018035 -0.018842 0.048114
v 0.019453 -0.013846 0.054570
v 0.019678 -0.002469 0.063690
v -0.022258 0.000474 0.073392
v -0.026701 -0.004548 0.069947
v -0.031366 -0.009478 0.065070
v -0.033938 -0.014608 0.058996
v -0.022687 -0.029318 0.044449
v -0.020557 -0.030535 0.039774
v -0.004448 -0.032166 0.035396
v 0.004045 -0.030092 0.037527
v 0.007382 -0.028478 0.041742
v 0.014878 -0.018750 0.060561
v -0.015480 -0.001123 0.078374
v -0.015998 -0.006858 0.076636
v -0.008305 -0.032528 0.035700
v -0.004565 -0.032230 0.035828
v 0.006617 -0.028430 0.047351
v 0.003160 -0.033533 0.063085
v 0.001929 -0.033345 0.061048
v -0.012073 -0.032458 0.036772
v -0.023031 -0.028401 0.049388
v -0.019787 -0.029255 0.049201
v -0.014419 -0.033136 0.064258
v -0.013331 -0.033070 0.062125
v -0.017739 -0.031110 0.041881
v 0.002471 -0.030525 0.039501
v -0.015349 -0.031962 0.038902
v -0.000987 -0.031599 0.037068
v -0.019179 -0.030024 0.045553
v 0.004878 -0.029307 0.042771
v 0.007316 -0.028591 0.051880
v 0.009319 -0.027548 0.052258
v -0.019693 -0.029037 0.053492
v -0.022570 -0.027863 0.054592
v 0.006705 -0.029759 0.055815
v 0.008363 -0.029137 0.057525
v -0.020966 -0.028604 0.058958
v -0.018636 -0.029721 0.057404
v -0.005262 -0.035123 0.063185
v -0.005227 -0.035855 0.065172
v -0.000624 -0.035176 0.064466
v -0.001400 -0.034611 0.062438
v -0.010156 -0.035074 0.065124
v -0.009489 -0.034567 0.063147
v 0.004831 -0.031499 0.058753
v 0.006235 -0.031336 0.060881
v -0.017859 -0.030803 0.062422
v -0.016367 -0.031289 0.060333
v -0.013607 0.007820 0.079053
v -0.010153 0.011754 0.080610
v -0.005395 0.015173 0.080890
v 0.003579 0.016707 0.079990
v 0.009924 0.014023 0.078846
v 0.015735 0.007199 0.072923
v 0.017291 -0.000559 0.075763
v 0.015525 0.006456 0.077484
v 0.003819 0.016709 0.088597
v -0.004548 0.015329 0.089249
v -0.009313 0.011490 0.084316
v -0.012684 0.006234 0.081353
v -0.026789 -0.020308 0.063486
v -0.023937 -0.015792 0.068609
v -0.003705 -0.026914 0.068406
v 0.010487 -0.022163 0.064632
v -0.015962 -0.022882 0.069258
v 0.012204 -0.014908 0.073858
v -0.001559 -0.019564 0.074823
v 0.005804 -0.018851 0.074372
v -0.013758 -0.013089 0.075315
v -0.012718 -0.017049 0.072941
v -0.002073 -0.021116 0.071914
v 0.010324 -0.018370 0.069291
v 0.015525 -0.013399 0.066923
v 0.016523 -0.007317 0.073462
v -0.007795 -0.016055 0.085759
v -0.011685 -0.014995 0.075606
v -0.009119 -0.016292 0.077073
v -0.001157 -0.019411 0.080810
v -0.007582 -0.016825 0.079335
v -0.007031 -0.016773 0.083053
v -0.013574 -0.002062 0.095064
v -0.013442 -0.002135 0.092826
v -0.012890 0.002538 0.095303
v -0.012856 0.002366 0.093472
v -0.009116 -0.014421 0.087965
v -0.015244 -0.010425 0.075682
v 0.014038 -0.008015 0.123172
v 0.015346 -0.001311 0.123032
v 0.010736 -0.014999 0.123269
v -0.001008 -0.020887 0.123532
v 0.005455 -0.019776 0.123370
v -0.010906 -0.013227 0.123441
v -0.006851 -0.018155 0.123544
v -0.011649 0.009112 0.122935
v -0.014407 -0.001724 0.123161
v -0.013264 -0.007620 0.123303
v -0.013522 0.004001 0.123021
v 0.013069 0.005383 0.130101
v 0.009487 0.012799 0.128348
v 0.004003 0.016539 0.128383
v -0.004240 0.015842 0.128465
v -0.008022 0.013328 0.128593
v 0.013311 -0.007748 0.130093
v 0.014458 -0.001481 0.130001
v 0.009887 -0.014812 0.130141
v -0.000851 -0.020354 0.128790
v 0.005216 -0.019136 0.128735
v -0.010291 -0.012871 0.130587
v -0.006452 -0.017872 0.128841
v -0.011160 0.008936 0.130306
v -0.013912 -0.001880 0.130475
v -0.012736 -0.007549 0.130555
v -0.013173 0.003644 0.130473
v 0.009653 0.003636 0.140369
v 0.007098 0.008451 0.140348
v 0.003120 0.011441 0.140498
v -0.002309 0.011326 0.140589
v -0.005171 0.009587 0.140758
v 0.009306 -0.006949 0.140602
v 0.010294 -0.001696 0.140513
v 0.006616 -0.011681 0.140529
v -0.000520 -0.015200 0.140429
v 0.003115 -0.014475 0.140486
v -0.007499 -0.010145 0.140540
v -0.004451 -0.013557 0.140388
v -0.007784 0.006340 0.140878
v -0.010036 -0.001880 0.140874
v -0.009358 -0.006159 0.140697
v -0.009626 0.002144 0.140946
v 0.003634 0.013792 0.137276
v 0.011862 0.004660 0.135782
v 0.012606 -0.001655 0.135970
v 0.011707 -0.007438 0.135940
v 0.008474 -0.013669 0.135902
v -0.009219 -0.012144 0.135746
v -0.011676 -0.007008 0.135754
v -0.012544 -0.001861 0.135841
v -0.012058 0.003184 0.135907
v -0.009968 0.008197 0.135994
v 0.007251 0.002866 0.143171
v 0.005468 0.005956 0.143087
v 0.002487 0.007943 0.143338
v -0.000743 0.008436 0.143321
v -0.003654 0.006732 0.143480
v 0.006963 -0.006154 0.143253
v 0.007928 -0.001696 0.143189
v 0.004923 -0.009141 0.143366
v -0.000336 -0.011109 0.143591
v 0.002261 -0.010847 0.143485
v -0.005464 -0.006589 0.143962
v -0.003117 -0.009850 0.143642
v -0.005601 0.004080 0.143690
v -0.006615 -0.001898 0.144079
v -0.006705 0.001234 0.143846
v 0.003693 0.002346 0.145178
v 0.001895 0.004646 0.144956
v -0.002293 0.004035 0.145025
v 0.003562 -0.005606 0.145193
v 0.004307 -0.001672 0.145349
v 0.001441 -0.007603 0.145081
v -0.003206 -0.005108 0.145369
v -0.002156 -0.007357 0.145030
v -0.003844 -0.001785 0.145456
v -0.003497 0.001515 0.145363
v 0.000132 -0.001759 0.145997
v -0.000186 -0.007896 0.145086
v -0.000005 -0.005358 0.145841
v -0.000255 0.005175 0.144905
v 0.000080 0.002942 0.145662
v 0.011911 -0.015045 0.080133
v 0.005909 -0.018782 0.080297
v 0.016934 -0.001089 0.080585
v 0.015902 -0.007709 0.079988
v -0.010678 0.008340 0.089559
v -0.012431 -0.007605 0.094716
v -0.012272 -0.007561 0.091283
v -0.010376 -0.012327 0.089315
v -0.010419 -0.012605 0.094373
v -0.012184 0.004906 0.092883
v -0.011104 0.007971 0.095619
v -0.011418 0.006916 0.091578
v -0.010525 0.008682 0.085446
v -0.011253 0.007935 0.083219
v -0.008912 0.011356 0.089491
v -0.010327 0.008842 0.087548
v -0.017538 0.005565 0.075966
v -0.013881 0.003894 0.080253
v -0.000808 -0.031193 0.033129
v -0.000762 -0.031512 0.036633
v 0.008972 -0.027721 0.046775
v 0.014512 -0.022665 0.052352
v 0.012934 -0.025032 0.045402
v 0.011256 -0.024104 0.061246
v 0.002837 -0.026494 0.067420
v 0.004310 -0.020872 0.070855
v 0.003162 -0.032134 0.064086
v -0.010271 -0.025615 0.069105
v -0.013900 -0.031652 0.065768
v -0.007743 -0.019804 0.072279
v 0.006773 -0.029266 0.062632
v -0.005060 -0.034070 0.065916
v -0.000478 -0.033684 0.065163
v -0.009806 -0.033373 0.066084
v -0.018636 -0.027718 0.065257
v -0.027862 -0.025807 0.050647
v -0.027910 -0.023752 0.057500
v -0.023969 -0.025583 0.061618
v 0.023147 -0.003229 0.053022
v 0.023508 -0.008254 0.046477
v 0.022125 -0.013316 0.040697
v 0.018383 -0.018585 0.035301
v 0.013151 -0.022702 0.030596
v 0.006563 -0.026333 0.027869
v -0.001064 -0.028748 0.026482
v -0.009297 -0.029753 0.026700
v -0.017168 -0.029333 0.028486
v -0.024482 -0.027520 0.031826
v -0.030762 -0.024281 0.036576
v -0.035224 -0.020046 0.042269
v -0.037542 -0.015205 0.048167
v -0.037846 -0.009899 0.054339
v -0.036071 -0.004611 0.059780
v -0.031873 0.000842 0.065249
v -0.026570 0.005732 0.069310
v -0.022511 0.009091 0.070862
v 0.018004 0.000904 0.071056
v 0.015244 0.006353 0.087367
v 0.015588 -0.007807 0.087015
v 0.011895 -0.015398 0.086554
v 0.006051 -0.019778 0.086386
v -0.000801 -0.020342 0.086216
v -0.006995 -0.018164 0.075316
v -0.005948 -0.017808 0.086649
v -0.006072 -0.017765 0.080914
v 0.011906 -0.015465 0.093896
v 0.006046 -0.020298 0.093737
v -0.000762 -0.021034 0.093802
v -0.006149 -0.017990 0.094114
v -0.011927 -0.000833 0.078448
v -0.012414 -0.005969 0.076845
v -0.008336 -0.030640 0.035885
v -0.004827 -0.030359 0.036012
v 0.005846 -0.026695 0.047365
v 0.001345 -0.031624 0.061594
v -0.011877 -0.030573 0.036887
v -0.019220 -0.027459 0.048958
v -0.012637 -0.031361 0.062572
v -0.017225 -0.029296 0.041661
v 0.001850 -0.028732 0.039425
v -0.014945 -0.030107 0.038873
v -0.001446 -0.029759 0.037145
v -0.018667 -0.028220 0.045253
v 0.004184 -0.027544 0.042654
v 0.006405 -0.026947 0.052140
v -0.018953 -0.027289 0.053455
v 0.005757 -0.028156 0.056178
v -0.017753 -0.028047 0.057545
v -0.005232 -0.033337 0.063826
v -0.001665 -0.032829 0.063035
v -0.009109 -0.032804 0.063742
v 0.004010 -0.029848 0.059204
v -0.015494 -0.029627 0.060614
v -0.009658 0.005157 0.080819
v -0.011048 -0.010726 0.075709
v -0.004951 -0.014299 0.085756
v -0.009661 -0.012444 0.075648
v -0.006965 -0.014305 0.076566
v -0.004776 -0.015163 0.078949
v -0.004091 -0.015210 0.082962
v -0.009977 -0.002024 0.091988
v -0.009490 0.001455 0.092380
v -0.006079 -0.012866 0.087534
v -0.011992 -0.008590 0.076142
v -0.007554 0.006866 0.089622
v -0.009019 -0.006334 0.090622
v -0.007450 -0.010572 0.088951
v -0.008781 0.003705 0.091906
v -0.008159 0.005447 0.091060
v -0.007372 0.007460 0.085213
v -0.008152 0.006779 0.082886
v -0.007192 0.007502 0.087698
v -0.010828 0.002963 0.079816
v -0.006746 -0.022247 0.051365
v -0.004206 -0.003376 0.082846
v 0.010868 -0.001640 0.036577
v 0.009746 -0.000750 0.037712
v 0.006600 -0.007868 0.030416
v 0.008510 -0.011831 0.027072
v 0.002510 -0.000634 0.038851
v -0.006343 0.001005 0.042300
v 0.000849 -0.001647 0.037941
v -0.000444 -0.005222 0.034211
v 0.001604 -0.007323 0.031658
v 0.005065 -0.008041 0.030433
v -0.013003 0.003597 0.047435
v -0.017697 -0.003604 0.040190
v -0.016330 -0.008311 0.034522
v -0.013802 -0.008553 0.033514
v -0.011172 -0.007828 0.033537
v 0.001940 0.008284 0.050075
v 0.002282 -0.000315 0.039071
v 0.000509 -0.001401 0.038101
v -0.000502 -0.002631 0.036875
v -0.001011 -0.003938 0.035501
v -0.000881 -0.005222 0.034082
v -0.000099 -0.006578 0.032515
v 0.001288 -0.007516 0.031331
v 0.003060 -0.008174 0.030420
v 0.005030 -0.008322 0.030041
v 0.006695 -0.008160 0.030039
v 0.008604 -0.007609 0.030443
v 0.010187 -0.006712 0.031255
v 0.011415 -0.005362 0.032568
v 0.011896 -0.004021 0.033932
v 0.011891 -0.002688 0.035360
v 0.011289 -0.001468 0.036725
v 0.010069 -0.000469 0.037918
v 0.008273 0.000303 0.038973
v 0.006311 0.000476 0.039415
v 0.004231 0.000327 0.039528
v 0.002872 -0.030401 0.039056
v 0.005460 -0.029092 0.042540
v 0.007198 -0.028194 0.047228
v 0.007800 -0.028349 0.051962
v 0.007116 -0.029597 0.056197
v 0.005162 -0.031462 0.059253
v 0.002207 -0.033387 0.061507
v -0.001225 -0.034739 0.062894
v -0.005254 -0.035288 0.063633
v -0.009639 -0.034681 0.063593
v -0.013575 -0.033084 0.062606
v -0.016703 -0.031179 0.060803
v -0.019190 -0.029527 0.057751
v -0.020363 -0.028826 0.053741
v -0.020528 -0.029104 0.049249
v -0.019973 -0.029877 0.045307
v -0.018391 -0.031018 0.041507
v -0.015779 -0.031970 0.038511
v -0.012268 -0.032422 0.036340
v -0.008333 -0.032523 0.035248
v -0.013946 -0.013205 0.075139
v -0.015458 -0.010490 0.075598
v -0.016270 -0.006820 0.076529
v -0.015823 -0.001019 0.078226
v -0.012819 0.006419 0.081201
v -0.010494 0.009136 0.085428
v -0.010239 0.009272 0.087554
v -0.010509 0.008679 0.089663
v -0.011326 0.007151 0.091865
v -0.012151 0.005046 0.093235
v -0.012869 0.002385 0.093853
v -0.013509 -0.002098 0.093281
v -0.012326 -0.007668 0.091699
v -0.010376 -0.012518 0.089696
v -0.009005 -0.014703 0.088360
v -0.007608 -0.016356 0.085932
v -0.006864 -0.017116 0.083108
v -0.007421 -0.017085 0.079294
v -0.009055 -0.016526 0.076890
v -0.011754 -0.015219 0.075312
v -0.038160 -0.005616 0.055338
v -0.035171 -0.000224 0.060950
v -0.017907 -0.010640 0.073731
v -0.014197 -0.019649 0.070872
v -0.009046 -0.022623 0.070300
v -0.003037 -0.023744 0.069717
v 0.003262 -0.023522 0.068827
v 0.024429 -0.003255 0.047082
v -0.030458 0.004868 0.066073
v -0.038886 -0.010961 0.049216
v -0.037319 -0.016190 0.042891
v -0.033700 -0.020734 0.036996
v -0.017369 -0.007850 0.035309
v -0.028341 -0.024364 0.031792
v -0.015114 -0.008554 0.033877
v -0.021520 -0.026926 0.027676
v -0.012434 -0.008314 0.033369
v -0.013711 -0.028135 0.024943
v -0.005400 -0.027821 0.023841
v 0.002859 -0.026137 0.024373
v 0.010222 -0.023267 0.026461
v 0.016237 -0.019256 0.030062
v 0.021024 -0.014350 0.034944
v 0.007670 -0.028084 0.049582
v 0.007166 -0.028327 0.049605
v 0.006327 -0.026631 0.049746
v 0.023794 -0.008891 0.040796
v 0.023205 0.001745 0.053820
v -0.019253 -0.027226 0.051216
v -0.019896 -0.029006 0.051352
v -0.020604 -0.028811 0.051505
v -0.018529 -0.006370 0.037343
v -0.018325 -0.004504 0.039360
v -0.016788 -0.002748 0.040841
v -0.014340 -0.001583 0.041384
v -0.011641 -0.001333 0.040848
v -0.009414 -0.002067 0.039391
v -0.008272 -0.003570 0.037387
v -0.008521 -0.005433 0.035384
v -0.010051 -0.007147 0.033949
v -0.007602 0.000718 0.042230
v -0.010092 0.000722 0.042933
v -0.012033 0.001494 0.044431
v -0.012986 0.002829 0.046411
v -0.012734 0.004425 0.048406
v -0.011342 0.005923 0.049949
v -0.009134 0.006975 0.050690
v -0.006622 0.007340 0.050471
v -0.003313 0.016473 0.065205
v -0.002691 0.016710 0.068631
v -0.001986 0.016703 0.073062
v -0.001063 0.016567 0.080586
v 0.000321 0.017257 0.122708
v 0.000932 0.012054 0.140553
v -0.004369 0.006936 0.049358
v -0.002887 0.005857 0.047592
v 0.002017 0.007540 0.048998
v -0.002515 0.004355 0.045569
v 0.003283 0.006256 0.047124
v -0.003337 0.002768 0.043748
v -0.005173 0.001462 0.042579
v 0.005624 0.005633 0.045958
v 0.008183 0.005861 0.045908
v 0.010266 0.006710 0.046791
v 0.011522 0.007949 0.048424
v 0.011492 0.009310 0.050445
v 0.010375 0.010488 0.052269
v 0.008306 0.011213 0.053444
v 0.005769 0.011182 0.053594
v 0.003519 0.010384 0.052733
v 0.002175 0.009037 0.051082
v -0.018147 -0.003417 0.040437
v -0.018853 -0.004417 0.039535
v -0.019145 -0.005475 0.038437
v -0.019098 -0.006476 0.037297
v -0.018614 -0.007377 0.036135
v -0.017843 -0.008156 0.035039
v -0.016674 -0.008652 0.034157
v -0.015320 -0.008952 0.033456
v -0.013853 -0.008943 0.033060
v -0.012325 -0.008693 0.032905
v -0.010908 -0.008145 0.033088
v -0.009657 -0.007394 0.033535
v -0.008652 -0.006484 0.034238
v -0.007944 -0.005481 0.035149
v -0.007653 -0.004420 0.036248
v -0.007701 -0.003413 0.037388
v -0.008199 -0.002501 0.038543
v -0.008989 -0.001747 0.039604
v -0.010142 -0.001226 0.040504
v -0.011458 -0.000933 0.041206
v -0.012955 -0.000952 0.041621
v -0.014445 -0.001208 0.041785
v -0.015883 -0.001761 0.041603
v -0.017150 -0.002487 0.041175
v -0.012604 0.005387 0.049456
v -0.013237 0.004545 0.048532
v -0.013516 0.003654 0.047452
v -0.013505 0.002793 0.046344
v -0.013108 0.002004 0.045223
v -0.012454 0.001327 0.044181
v -0.011471 0.000822 0.043275
v -0.010325 0.000484 0.042546
v -0.008991 0.000375 0.042060
v -0.007595 0.000431 0.041774
v -0.006204 0.000769 0.041849
v -0.004927 0.001256 0.042156
v -0.003802 0.001895 0.042700
v -0.002885 0.002658 0.043453
v -0.002286 0.003528 0.044414
v -0.001966 0.004407 0.045461
v -0.002029 0.005278 0.046593
v -0.002371 0.006072 0.047698
v -0.003083 0.006748 0.048735
v -0.004011 0.007280 0.049645
v -0.005208 0.007604 0.050357
v -0.006509 0.007739 0.050868
v -0.007916 0.007627 0.051092
v -0.009289 0.007336 0.051088
v -0.010583 0.006820 0.050772
v -0.011715 0.006177 0.050248
v 0.001433 0.008358 0.050065
v 0.001500 0.007497 0.048886
v 0.002064 0.006733 0.047785
v 0.002896 0.006076 0.046799
v 0.004024 0.005633 0.046062
v 0.005489 0.005357 0.045493
v 0.007044 0.005385 0.045313
v 0.008349 0.005609 0.045438
v 0.009514 0.006010 0.045845
v 0.010642 0.006513 0.046429
v 0.011493 0.007149 0.047257
v 0.012035 0.007893 0.048310
v 0.012153 0.008655 0.049441
v 0.012001 0.009381 0.050552
v 0.011511 0.010041 0.051576
v 0.010775 0.010663 0.052565
v 0.009753 0.011137 0.053319
v 0.008471 0.011480 0.053870
v 0.007082 0.011586 0.054067
v 0.005653 0.011496 0.054020
v 0.004344 0.011161 0.053644
v 0.003156 0.010642 0.053034
v 0.002270 0.009958 0.052177
v 0.001686 0.009182 0.051169
v -0.018552 -0.000988 0.043529
v -0.021496 -0.003915 0.041111
v -0.024730 -0.005929 0.039979
v -0.016932 0.001635 0.046229
v -0.015626 0.004658 0.049664
v 0.000972 0.014952 0.060652
v -0.003894 0.015370 0.062093
v -0.008473 0.014865 0.062582
v -0.013696 0.013650 0.062515
v -0.016882 0.009261 0.056451
v -0.015481 0.007257 0.053117
v 0.019882 0.003432 0.062855
v -0.017660 -0.000770 0.076927
v -0.016016 0.009445 0.075387
v 0.021600 0.000565 0.058508
v -0.012080 0.001123 0.046438
v -0.011631 0.003979 0.049993
v -0.017996 -0.006481 0.039264
v -0.012848 -0.002733 0.041902
v -0.003747 0.005061 0.049349
v -0.004277 0.001066 0.044361
v -0.008625 -0.000251 0.043752
v -0.009915 0.005164 0.051059
v -0.002861 0.003861 0.047596
v 0.002952 0.005839 0.049129
v -0.010531 -0.002976 0.040971
v -0.010676 0.000127 0.044805
v -0.005483 0.005762 0.050671
v -0.007694 0.005802 0.051292
v 0.004897 0.009463 0.053812
v -0.003041 0.002418 0.045780
v 0.010661 0.006235 0.048734
v 0.011084 0.007464 0.050450
v 0.010523 0.008569 0.052102
v 0.009129 0.009452 0.053422
v 0.009151 0.005205 0.047513
v 0.004500 0.004884 0.047621
v 0.003216 0.008492 0.052685
v 0.007078 0.009840 0.054081
v 0.007075 0.004683 0.047072
v 0.008358 -0.008152 0.031929
v 0.009719 -0.007290 0.032687
v 0.010728 -0.006164 0.033786
v 0.011124 -0.003862 0.036273
v 0.004514 -0.001238 0.039953
v 0.008028 -0.001283 0.039405
v -0.008944 -0.004031 0.039347
v 0.000280 -0.003810 0.037706
v -0.009351 -0.007289 0.035853
v 0.000627 -0.007284 0.033839
v 0.003425 -0.008726 0.031940
v 0.006312 -0.001122 0.039869
v 0.011184 -0.005009 0.035013
v -0.000170 -0.004978 0.036476
v -0.008542 -0.005623 0.037476
v -0.017526 -0.008064 0.037358
v -0.015286 -0.003394 0.041888
v 0.010595 -0.002797 0.037460
v 0.009543 -0.001939 0.038528
v 0.006726 -0.008696 0.031602
v 0.002751 -0.001738 0.039598
v -0.006285 0.000104 0.043643
v 0.001208 -0.002680 0.038777
v -0.000048 -0.006150 0.035181
v 0.001832 -0.008173 0.032727
v 0.005146 -0.008885 0.031573
v -0.012435 0.002513 0.048307
v -0.017175 -0.004766 0.040929
v -0.015927 -0.009091 0.035752
v -0.013600 -0.009324 0.034845
v -0.011207 -0.008668 0.034884
v 0.002481 0.007185 0.050997
v -0.016868 -0.008667 0.036460
v -0.014797 -0.009321 0.035170
v -0.012349 -0.009102 0.034724
v -0.017936 -0.007303 0.038314
v -0.017751 -0.005594 0.040164
v -0.016335 -0.003990 0.041525
v -0.014087 -0.002956 0.042019
v -0.011627 -0.002738 0.041543
v -0.009604 -0.003414 0.040217
v -0.008574 -0.004785 0.038402
v -0.008779 -0.006480 0.036562
v -0.010181 -0.008043 0.035271
v -0.007424 -0.000166 0.043545
v -0.009732 -0.000143 0.044196
v -0.011546 0.000563 0.045519
v -0.012414 0.001790 0.047357
v -0.012189 0.003283 0.049205
v -0.010877 0.004648 0.050621
v -0.008841 0.005590 0.051291
v -0.006553 0.005892 0.051085
v -0.004514 0.005510 0.050083
v -0.003154 0.004531 0.048496
v 0.002518 0.006498 0.050029
v -0.002768 0.003171 0.046640
v 0.003624 0.005300 0.048343
v -0.003521 0.001711 0.044965
v -0.005193 0.000508 0.043832
v 0.005773 0.004649 0.047112
v 0.008165 0.004866 0.047158
v 0.010039 0.005679 0.048028
v 0.011077 0.006874 0.049529
v 0.010924 0.008074 0.051286
v 0.009936 0.009093 0.052827
v 0.008158 0.009735 0.053858
v 0.005938 0.009762 0.054067
v 0.003928 0.009081 0.053346
v 0.002687 0.007882 0.051894
v 0.005602 -0.005058 0.035956
v -0.013187 -0.005992 0.038668
v -0.007567 0.002766 0.047634
v 0.006885 0.007197 0.050806
v -0.008425 0.013384 0.060256
v 0.000426 0.013748 0.058829
v 0.013580 0.002374 0.041257
v 0.016738 -0.001289 0.087087
v 0.010062 0.013820 0.088024
v -0.000618 0.016559 0.088978
v -0.013903 -0.024353 0.023381
v -0.013626 -0.020692 0.023803
v 0.009158 -0.019736 0.024486
v 0.007646 -0.016271 0.024375
v 0.000815 -0.018751 0.022598
v 0.001900 -0.022649 0.022713
v -0.006538 -0.020209 0.022541
v -0.006016 -0.024086 0.022398
v -0.020310 -0.019738 0.026182
v -0.021300 -0.023351 0.026034
v -0.026053 -0.017743 0.029943
v -0.027584 -0.021027 0.030276
v 0.015273 -0.015763 0.028068
v 0.013381 -0.012691 0.027539
v -0.032620 -0.017613 0.034972
v -0.030471 -0.014899 0.034424
v 0.017607 -0.008529 0.031698
v 0.019878 -0.011045 0.032708
v -0.035976 -0.013267 0.040658
v -0.033727 -0.010982 0.039642
v 0.020891 0.003760 0.059760
v 0.019056 0.002566 0.065922
v 0.019675 -0.008241 0.059990
v 0.021124 -0.003306 0.059288
v -0.015951 0.007575 0.076639
v -0.019883 0.009582 0.072517
v -0.022126 0.007491 0.071919
v -0.017483 0.009690 0.074212
v -0.017832 0.008302 0.074768
v -0.013142 0.010836 0.077433
v -0.014812 0.008900 0.076992
v -0.018791 0.012292 0.069081
v -0.015127 0.012814 0.071821
v -0.016594 0.002242 0.077654
v -0.019615 0.003144 0.075030
v -0.022598 0.010206 0.069009
v -0.019384 0.010982 0.071042
v -0.016321 0.011381 0.073169
v -0.014288 0.011336 0.074907
v 0.009913 0.014185 0.074983
v 0.003432 0.016681 0.076145
v -0.001453 0.016645 0.076910
v -0.006042 0.015498 0.077280
v -0.011270 0.012427 0.077469
v 0.021549 -0.005852 0.056580
v 0.021626 -0.011094 0.050764
v 0.020294 -0.016204 0.044426
v 0.017086 -0.020877 0.038805
v 0.012530 -0.024584 0.034148
v 0.006118 -0.028056 0.031246
v -0.000878 -0.030198 0.029728
v -0.008957 -0.031195 0.029829
v -0.016575 -0.030660 0.031309
v -0.023477 -0.028944 0.034380
v -0.029822 -0.025794 0.039112
v -0.034084 -0.021733 0.045104
v -0.036127 -0.017023 0.050962
v -0.036279 -0.012090 0.056704
v -0.033886 -0.006785 0.062483
v -0.029359 -0.001808 0.067564
v -0.024450 0.002783 0.071472
v -0.021117 0.005168 0.073452
v -0.011343 0.008370 0.082978
v -0.011958 0.009860 0.079835
v -0.014106 0.004045 0.080121
v -0.014552 0.006459 0.078619
v -0.015757 0.004679 0.078100
v 0.018839 0.006161 0.063041
v 0.019885 0.006243 0.059412
v 0.021326 0.005068 0.055419
v 0.021573 0.004773 0.050900
v 0.019103 0.006265 0.048446
v 0.023613 0.000837 0.049136
v 0.022576 0.003366 0.052356
v 0.023178 -0.000290 0.044774
v 0.020727 0.001580 0.042673
v 0.016224 0.008075 0.068368
v 0.009718 0.014353 0.071109
v 0.012849 0.010058 0.087631
v 0.013150 0.010018 0.078102
v 0.013226 0.010415 0.073870
v 0.013311 0.011031 0.069922
v 0.013415 0.011955 0.066082
v 0.012732 0.012988 0.062158
v 0.011094 0.013202 0.058737
v 0.015424 0.006353 0.081307
v 0.012969 0.009995 0.081927
v 0.009981 0.013942 0.082445
v 0.003630 0.016730 0.083549
v -0.000839 0.016565 0.084094
v -0.004956 0.015200 0.084439
v -0.010822 0.015287 0.069179
v -0.011279 0.015272 0.065430
v -0.004173 0.015354 0.095460
v -0.000389 0.016639 0.095165
v 0.003947 0.016696 0.094934
v 0.010095 0.013675 0.094594
v -0.008705 0.011699 0.095649
v 0.014983 0.006286 0.094203
v 0.016485 -0.001353 0.094141
v 0.015255 -0.007956 0.094137
v -0.011545 0.009123 0.126941
v 0.000496 0.017030 0.128403
v 0.013643 0.005689 0.126610
v 0.015058 -0.001392 0.126636
v 0.013813 -0.007903 0.126689
v 0.010434 -0.015014 0.126687
v -0.010738 -0.013143 0.127181
v -0.013140 -0.007658 0.127129
v -0.014331 -0.001796 0.126947
v -0.013502 0.003855 0.127038
v -0.010703 0.008706 0.133216
v -0.007386 0.012851 0.133263
v -0.003905 0.015043 0.133268
v 0.000659 0.016043 0.133230
v 0.003930 0.015640 0.133253
v 0.008898 0.012055 0.133026
v 0.012601 0.005078 0.132993
v 0.013684 -0.001578 0.133036
v 0.012674 -0.007619 0.133072
v 0.009281 -0.014405 0.133087
v 0.004799 -0.018184 0.133257
v -0.000799 -0.019420 0.133213
v -0.005810 -0.016846 0.133198
v -0.009841 -0.012641 0.133219
v -0.012347 -0.007335 0.133200
v -0.013387 -0.001881 0.133205
v -0.012777 0.003473 0.133243
v -0.009084 0.007436 0.138521
v -0.006444 0.011547 0.137342
v -0.003276 0.013464 0.137318
v 0.000805 0.014252 0.137293
v 0.008151 0.010546 0.136969
v 0.010965 0.004228 0.138126
v 0.011637 -0.001678 0.138276
v 0.010709 -0.007248 0.138317
v 0.007693 -0.012830 0.138273
v 0.004104 -0.016650 0.137099
v -0.000734 -0.017734 0.137015
v -0.005158 -0.015315 0.136931
v -0.008531 -0.011344 0.138228
v -0.010776 -0.006658 0.138308
v -0.011499 -0.001865 0.138490
v -0.011109 0.002749 0.138514
v -0.022545 -0.007429 0.071862
v -0.027664 -0.012399 0.066973
v -0.030307 -0.017218 0.061293
v -0.031051 -0.021484 0.055686
v -0.029366 0.003315 0.067446
v -0.026970 0.000530 0.069555
v -0.024418 -0.002089 0.071803
v -0.018010 -0.005903 0.075386
v -0.020264 -0.000307 0.074958
v -0.021003 -0.004301 0.073579
v -0.021294 -0.013198 0.071014
v -0.025323 -0.009933 0.069401
v -0.029130 -0.007008 0.067551
v -0.031860 -0.004263 0.065166
v -0.034067 -0.001892 0.062584
v -0.025508 -0.018120 0.066119
v -0.029307 -0.014807 0.064278
v -0.033026 -0.012005 0.062135
v -0.035443 -0.009401 0.059680
v -0.037215 -0.007306 0.057169
v -0.017294 -0.025216 0.067046
v -0.022860 -0.023610 0.064388
v -0.021592 -0.021550 0.066822
v -0.019970 -0.019203 0.068901
v -0.017754 -0.016385 0.070995
v -0.015590 -0.014145 0.073281
v 0.018087 -0.004839 0.068533
v 0.017768 -0.010945 0.063839
v 0.017287 -0.016325 0.057717
v -0.017667 0.013331 0.064383
v -0.018305 0.013065 0.066919
v -0.021867 0.011605 0.065397
v 0.014975 0.011480 0.058137
v 0.012023 0.013268 0.060410
v 0.008418 0.014921 0.062719
v 0.015785 0.010211 0.053968
v 0.017440 0.009533 0.055839
v 0.018110 0.008959 0.056770
v 0.018748 0.008106 0.057841
v 0.010764 -0.026031 0.058787
v -0.025550 -0.027289 0.050054
v -0.024944 -0.026434 0.055726
v -0.025488 -0.028416 0.043665
v -0.030228 0.006295 0.062672
v -0.030057 -0.013974 0.034701
v -0.031544 -0.012388 0.036813
v -0.034139 -0.008251 0.042255
v -0.033003 -0.010337 0.039442
v -0.025582 -0.009782 0.036152
v -0.029511 -0.011330 0.036465
v -0.030916 -0.008407 0.039891
v 0.012957 -0.020447 0.062836
v 0.012829 -0.016441 0.068639
v 0.017992 0.005374 0.067160
v 0.017225 0.004141 0.072096
v 0.016844 0.003126 0.076744
v 0.016670 0.002836 0.080942
v 0.016479 0.002632 0.087194
v 0.016213 0.002555 0.094143
v 0.015153 0.002273 0.122989
v -0.006926 0.013704 0.089382
v -0.007252 0.013647 0.084439
v -0.007885 0.013751 0.080881
v -0.008765 0.014178 0.077424
v -0.009695 0.014727 0.073847
v 0.023061 -0.010880 0.043604
v 0.021270 -0.013664 0.047629
v 0.018947 -0.016552 0.051205
v 0.016605 -0.019216 0.054449
v 0.014017 -0.021671 0.057559
v -0.027570 -0.022263 0.060651
v -0.030903 -0.019435 0.058669
v -0.034209 -0.016807 0.056382
v -0.036512 -0.014591 0.053850
v -0.037956 -0.012644 0.051312
v -0.022412 -0.017094 0.028631
v -0.016594 -0.017948 0.025771
v -0.010521 -0.018017 0.024156
v -0.003334 -0.016882 0.023718
v -0.019655 -0.012337 0.031572
v -0.000389 -0.011491 0.027742
v -0.006339 -0.012578 0.027702
v -0.011189 -0.013135 0.028314
v -0.015255 -0.013114 0.029433
v 0.004218 -0.010591 0.028053
v 0.009791 -0.009052 0.029284
v 0.007401 -0.009735 0.028647
vn -0.9958 0.0646 0.0641
vn -0.9746 0.1663 0.1499
vn -0.8389 0.4499 -0.3064
vn -0.9360 0.2400 0.2574
vn -0.8911 0.3026 0.3383
vn -0.8038 0.5746 -0.1542
vn -0.8391 0.3284 0.4337
vn -0.7500 0.4279 0.5044
vn -0.6724 0.7398 0.0259
vn -0.7490 0.6616 -0.0353
vn -0.6431 0.5204 0.5618
vn -0.5088 0.7699 0.3853
vn -0.5936 0.7959 0.1190
vn -0.4603 0.8133 0.3559
vn -0.4217 0.8209 0.3851
vn -0.4574 0.7194 0.5227
vn -0.4574 0.7194 0.5228
vn -0.5341 0.6898 0.4888
vn -0.4603 0.8133 0.3560
vn -0.3920 0.8920 0.2252
vn -0.2712 0.9536 0.1305
vn -0.2711 0.9537 0.1305
vn -0.3181 0.9285 0.1914
vn -0.4602 0.8133 0.3559
vn 0.1338 0.9894 -0.0561
vn -0.0563 0.9982 -0.0194
vn -0.0836 0.9958 0.0369
vn 0.1681 0.9858 -0.0044
vn 0.4753 0.8790 0.0383
vn 0.6450 0.7506 0.1434
vn 0.5352 0.8441 0.0327
vn 0.3784 0.9253 -0.0256
vn 0.3784 0.9253 -0.0257
vn 0.4754 0.8789 0.0382
vn 0.7539 0.6311 0.1826
vn 0.7597 0.6408 0.1103
vn 0.6345 0.7702 0.0650
vn 0.9599 0.2039 0.1923
vn 0.8794 0.4760 0.0004
vn 0.8524 0.5106 0.1129
vn 0.9244 0.2772 0.2620
vn 0.9886 0.1067 0.1060
vn 0.9993 0.0354 0.0089
vn 0.9237 0.3710 -0.0956
vn 0.9968 -0.0374 -0.0711
vn 0.9779 -0.1041 -0.1811
vn 0.8616 0.3185 -0.3953
vn 0.9435 -0.1993 -0.2647
vn 0.8921 -0.3074 -0.3312
vn 0.7655 0.1088 -0.6342
vn 0.8257 0.1918 -0.5305
vn 0.9435 -0.1994 -0.2647
vn 0.7529 -0.4523 -0.4781
vn 0.6221 -0.0132 -0.7829
vn 0.6915 0.0341 -0.7215
vn 0.6915 0.0341 -0.7216
vn 0.8190 -0.3815 -0.4286
vn 0.5491 -0.5811 -0.6007
vn 0.4141 -0.1015 -0.9046
vn 0.5326 -0.0610 -0.8441
vn 0.5326 -0.0611 -0.8442
vn 0.6612 -0.5139 -0.5465
vn 0.3128 -0.6375 -0.7041
vn 0.1740 -0.1730 -0.9694
vn 0.2939 -0.1417 -0.9453
vn 0.4295 -0.6073 -0.6684
vn 0.0386 -0.6566 -0.7533
vn -0.0496 -0.1715 -0.9839
vn 0.0771 -0.1708 -0.9823
vn 0.1791 -0.6373 -0.7495
vn -0.2014 -0.6568 -0.7267
vn -0.2346 -0.1490 -0.9606
vn -0.1174 -0.1833 -0.9760
vn -0.0782 -0.6319 -0.7711
vn -0.2014 -0.6568 -0.7266
vn -0.4636 -0.6019 -0.6502
vn -0.4694 -0.1101 -0.8761
vn -0.3503 -0.1378 -0.9264
vn -0.3503 -0.1379 -0.9264
vn -0.3428 -0.6193 -0.7064
vn -0.6764 -0.4854 -0.5540
vn -0.6257 -0.0011 -0.7801
vn -0.5656 -0.0742 -0.8214
vn -0.5764 -0.5200 -0.6303
vn -0.6764 -0.4855 -0.5539
vn -0.8369 -0.3743 -0.3993
vn -0.7235 0.1058 -0.6822
vn -0.6692 0.0429 -0.7418
vn -0.6692 0.0429 -0.7419
vn -0.7626 -0.4051 -0.5043
vn -0.9527 -0.2131 -0.2169
vn -0.8140 0.2524 -0.5232
vn -0.7780 0.1731 -0.6040
vn -0.8975 -0.2931 -0.3296
vn -0.9819 -0.1186 -0.1478
vn -0.9985 -0.0165 -0.0527
vn -0.8402 0.3121 -0.4434
vn -0.8388 0.4499 -0.3065
vn -0.8037 0.5746 -0.1543
vn -0.6284 0.6908 -0.3577
vn -0.6131 0.6291 -0.4778
vn -0.8037 0.5747 -0.1543
vn -0.7490 0.6616 -0.0354
vn -0.5729 0.7692 -0.2831
vn -0.5728 0.7692 -0.2831
vn -0.6723 0.7398 0.0259
vn -0.4706 0.8514 -0.2319
vn -0.5936 0.7960 0.1189
vn -0.4566 0.8889 0.0379
vn -0.4705 0.8514 -0.2319
vn -0.4101 0.9032 -0.1267
vn -0.3779 0.9191 0.1118
vn -0.3034 0.9399 -0.1566
vn -0.1748 0.9722 -0.1557
vn -0.2233 0.9623 -0.1553
vn -0.2711 0.9537 0.1304
vn -0.2011 0.9777 0.0607
vn 0.0628 0.9674 -0.2453
vn -0.0663 0.9799 -0.1880
vn 0.3783 0.9253 -0.0257
vn 0.2770 0.9503 -0.1421
vn 0.4035 0.9082 -0.1115
vn 0.2158 0.9340 -0.2849
vn 0.1589 0.9380 -0.3081
vn 0.3381 0.9040 -0.2616
vn 0.5373 0.8414 -0.0585
vn 0.6019 0.7935 -0.0902
vn 0.6019 0.7934 -0.0902
vn 0.3936 0.8690 -0.2998
vn 0.4707 0.8239 -0.3158
vn 0.7366 0.6738 -0.0580
vn 0.7679 0.6209 -0.1571
vn 0.7680 0.6209 -0.1571
vn 0.4986 0.7751 -0.3881
vn 0.4707 0.8238 -0.3158
vn 0.5433 0.7190 -0.4334
vn 0.8012 0.5493 -0.2374
vn 0.8589 0.4214 -0.2910
vn 0.8589 0.4214 -0.2909
vn 0.5610 0.6660 -0.4916
vn 0.8615 0.3185 -0.3954
vn 0.8257 0.1919 -0.5305
vn 0.5532 0.4707 -0.6873
vn 0.5877 0.5589 -0.5849
vn 0.7654 0.1089 -0.6342
vn 0.4781 0.4253 -0.7684
vn 0.4308 0.3772 -0.8198
vn 0.6915 0.0342 -0.7216
vn 0.6220 -0.0131 -0.7829
vn 0.3681 0.3483 -0.8621
vn 0.4308 0.3772 -0.8199
vn 0.5326 -0.0610 -0.8442
vn 0.4140 -0.1014 -0.9046
vn 0.2182 0.2909 -0.9315
vn 0.3013 0.3238 -0.8969
vn 0.1514 0.2540 -0.9553
vn 0.2939 -0.1416 -0.9453
vn 0.1740 -0.1729 -0.9694
vn 0.0598 0.2259 -0.9723
vn -0.0271 0.2168 -0.9758
vn 0.0771 -0.1707 -0.9823
vn -0.0497 -0.1714 -0.9840
vn -0.0496 -0.1714 -0.9840
vn -0.0945 0.2256 -0.9696
vn -0.1700 0.2266 -0.9590
vn -0.1174 -0.1832 -0.9760
vn -0.2346 -0.1489 -0.9606
vn -0.2467 0.2581 -0.9341
vn -0.1701 0.2266 -0.9590
vn -0.2918 0.2624 -0.9198
vn -0.3503 -0.1378 -0.9265
vn -0.4694 -0.1100 -0.8761
vn -0.3642 0.3123 -0.8774
vn -0.2918 0.2623 -0.9198
vn -0.4330 0.3345 -0.8370
vn -0.5655 -0.0742 -0.8214
vn -0.6256 -0.0010 -0.7801
vn -0.4929 0.3549 -0.7944
vn -0.4330 0.3345 -0.8371
vn -0.5369 0.3466 -0.7692
vn -0.6691 0.0430 -0.7419
vn -0.7234 0.1059 -0.6822
vn -0.5595 0.3905 -0.7311
vn -0.5369 0.3466 -0.7691
vn -0.6876 0.4848 -0.5405
vn -0.6417 0.4445 -0.6250
vn -0.8139 0.2525 -0.5232
vn -0.8139 0.2524 -0.5232
vn -0.8402 0.3121 -0.4435
vn -0.4445 0.7453 -0.4969
vn -0.4407 0.7289 -0.5240
vn -0.3211 0.8274 -0.4608
vn -0.3871 0.8132 -0.4346
vn -0.6283 0.6908 -0.3577
vn -0.4292 0.7712 -0.4701
vn -0.4444 0.7454 -0.4969
vn -0.2319 0.8267 -0.5127
vn -0.2999 0.8780 -0.3730
vn -0.2999 0.8781 -0.3729
vn -0.3000 0.8780 -0.3729
vn -0.3913 0.7135 -0.5812
vn -0.5539 0.5879 -0.5895
vn -0.6130 0.6292 -0.4778
vn -0.5943 0.4139 -0.6895
vn -0.4909 0.5160 -0.7020
vn -0.4636 0.5054 -0.7278
vn -0.5944 0.4139 -0.6895
vn -0.0337 0.8121 -0.5826
vn -0.1467 0.7797 -0.6088
vn -0.1582 0.7761 -0.6105
vn -0.0022 0.8051 -0.5932
vn -0.0454 0.6888 -0.7236
vn -0.0250 0.7041 -0.7096
vn -0.1613 0.7882 -0.5939
vn -0.1565 0.7817 -0.6037
vn -0.0454 0.6887 -0.7236
vn -0.2618 0.9533 -0.1504
vn -0.2233 0.9623 -0.1554
vn -0.2031 0.8778 -0.4338
vn -0.1748 0.9722 -0.1558
vn -0.0663 0.9799 -0.1881
vn -0.1024 0.8929 -0.4384
vn -0.1703 0.8872 -0.4288
vn -0.0228 0.8908 -0.4538
vn 0.2158 0.9339 -0.2849
vn 0.0316 0.9045 -0.4252
vn 0.3380 0.9040 -0.2616
vn 0.3935 0.8690 -0.2998
vn 0.1700 0.8757 -0.4520
vn 0.1081 0.9057 -0.4100
vn 0.1886 0.8370 -0.5137
vn 0.4985 0.7751 -0.3882
vn 0.1879 0.7969 -0.5741
vn 0.5609 0.6661 -0.4917
vn 0.1721 0.7226 -0.6695
vn 0.2070 0.6568 -0.7251
vn 0.5877 0.5590 -0.5849
vn 0.5532 0.4708 -0.6873
vn 0.4780 0.4254 -0.7685
vn 0.1652 0.5888 -0.7912
vn 0.1651 0.5888 -0.7912
vn 0.3681 0.3484 -0.8621
vn 0.0858 0.5608 -0.8235
vn 0.2182 0.2910 -0.9315
vn 0.0115 0.5450 -0.8383
vn 0.0114 0.5450 -0.8383
vn 0.0597 0.2260 -0.9723
vn -0.0946 0.5225 -0.8474
vn -0.0945 0.2257 -0.9696
vn -0.1821 0.5096 -0.8409
vn -0.2467 0.2582 -0.9341
vn -0.2504 0.5177 -0.8181
vn -0.3145 0.5655 -0.7624
vn -0.4928 0.3549 -0.7945
vn -0.4019 0.5271 -0.7488
vn -0.0696 0.8053 -0.5887
vn -0.0868 0.8462 -0.5257
vn -0.0687 0.8141 -0.5766
vn 0.1885 0.8370 -0.5137
vn 0.0306 0.8157 -0.5777
vn 0.0373 0.8338 -0.5508
vn 0.1699 0.8757 -0.4520
vn 0.0587 0.8456 -0.5306
vn 0.0439 0.8546 -0.5174
vn 0.1081 0.9056 -0.4100
vn 0.0516 0.8654 -0.4984
vn 0.0282 0.8684 -0.4950
vn 0.0086 0.8766 -0.4811
vn -0.0230 0.8637 -0.5035
vn 0.0008 0.8104 -0.5859
vn 0.0382 0.6924 -0.7205
vn 0.0305 0.6265 -0.7789
vn 0.0149 0.6732 -0.7393
vn -0.0531 0.7136 -0.6985
vn -0.0006 0.6317 -0.7752
vn -0.0490 0.6514 -0.7572
vn -0.0490 0.6514 -0.7571
vn -0.0731 0.7386 -0.6701
vn 0.0858 0.5609 -0.8234
vn 0.0115 0.5451 -0.8383
vn 0.2069 0.6568 -0.7251
vn 0.0076 0.7770 -0.6295
vn -0.1048 0.6758 -0.7296
vn -0.0832 0.8158 -0.5723
vn -0.0783 0.7346 -0.6739
vn -0.0545 0.7395 -0.6709
vn -0.1644 0.7266 -0.6671
vn 0.0081 0.7533 -0.6576
vn 0.0399 0.7011 -0.7119
vn 0.0228 0.7317 -0.6812
vn -0.1663 0.7336 -0.6589
vn -0.1605 0.7379 -0.6556
vn 0.0398 0.7011 -0.7119
vn -0.2586 0.7384 -0.6228
vn -0.1727 0.7384 -0.6518
vn -0.2787 0.6648 -0.6931
vn 0.0316 0.9046 -0.4252
vn -0.0585 0.8548 -0.5157
vn -0.0560 0.8283 -0.5574
vn -0.1048 0.6757 -0.7296
vn -0.0734 0.7066 -0.7038
vn -0.1487 0.7788 -0.6094
vn -0.0483 0.8267 -0.5605
vn -0.1449 0.7756 -0.6144
vn -0.1579 0.7942 -0.5868
vn -0.1716 0.7348 -0.6562
vn -0.1426 0.7783 -0.6115
vn -0.0407 0.8215 -0.5687
vn -0.0484 0.8267 -0.5605
vn 0.0117 0.7227 -0.6911
vn 0.0117 0.7227 -0.6910
vn 0.0228 0.7378 -0.6747
vn 0.1720 0.7226 -0.6695
vn -0.2663 0.7610 -0.5915
vn -0.2728 0.7614 -0.5881
vn -0.4406 0.7289 -0.5240
vn -0.2664 0.7610 -0.5915
vn -0.2629 0.7812 -0.5662
vn -0.2709 0.7714 -0.5758
vn -0.2630 0.7812 -0.5662
vn -0.2533 0.7605 -0.5979
vn -0.4444 0.7454 -0.4970
vn -0.4292 0.7712 -0.4702
vn -0.2514 0.7883 -0.5615
vn -0.2514 0.7883 -0.5616
vn -0.2519 0.7769 -0.5771
vn -0.2513 0.7883 -0.5616
vn -0.2003 0.8211 -0.5344
vn -0.2578 0.7666 -0.5881
vn -0.2551 0.7744 -0.5789
vn -0.3467 0.7184 -0.6031
vn -0.3912 0.7136 -0.5812
vn -0.2594 0.7861 -0.5611
vn -0.2768 0.7370 -0.6166
vn -0.2764 0.7758 -0.5672
vn -0.2586 0.7385 -0.6228
vn -0.2586 0.7385 -0.6227
vn -0.3283 0.7681 -0.5498
vn -0.3139 0.7636 -0.5643
vn -0.2649 0.7743 -0.5746
vn -0.2650 0.7743 -0.5747
vn -0.2742 0.7664 -0.5809
vn -0.2649 0.7743 -0.5747
vn -0.2802 0.7656 -0.5791
vn -0.2259 0.7882 -0.5724
vn -0.2925 0.7751 -0.5600
vn -0.3172 0.7717 -0.5512
vn -0.2612 0.7634 -0.5908
vn -0.2583 0.7543 -0.6036
vn -0.3172 0.7718 -0.5511
vn -0.3284 0.7681 -0.5498
vn -0.2742 0.7664 -0.5810
vn -0.2519 0.7768 -0.5771
vn -0.2004 0.8211 -0.5345
vn -0.2709 0.7714 -0.5759
vn -0.4291 0.7712 -0.4702
vn -0.2266 0.7592 -0.6101
vn -0.2708 0.7714 -0.5759
vn -0.2685 0.7524 -0.6015
vn -0.2533 0.7605 -0.5980
vn -0.2526 0.7797 -0.5729
vn -0.2527 0.7797 -0.5729
vn -0.2594 0.7861 -0.5610
vn -0.3140 0.7636 -0.5643
vn -0.3016 0.7694 -0.5630
vn -0.3172 0.7718 -0.5512
vn -0.3017 0.7694 -0.5630
vn -0.2267 0.7592 -0.6101
vn -0.2685 0.7524 -0.6016
vn -0.2602 0.9559 0.1360
vn -0.3919 0.8920 0.2252
vn -0.4871 0.8383 0.2450
vn -0.3290 0.9339 0.1399
vn -0.2602 0.9559 0.1359
vn -0.0837 0.9958 0.0369
vn -0.3289 0.9339 0.1399
vn -0.1314 0.9906 0.0371
vn 0.5460 0.8367 0.0435
vn 0.7192 0.6782 0.1508
vn 0.8053 0.5493 0.2228
vn 0.8054 0.5493 0.2228
vn -0.9199 -0.2230 0.3227
vn -0.8959 -0.1311 0.4245
vn -0.9746 0.1662 0.1499
vn -0.9958 0.0646 0.0642
vn -0.8471 -0.0490 0.5292
vn -0.7939 0.0048 0.6080
vn -0.9360 0.2399 0.2575
vn -0.7263 0.0299 0.6868
vn -0.6594 0.1002 0.7451
vn -0.7500 0.4279 0.5045
vn -0.8391 0.3283 0.4338
vn -0.7262 0.0299 0.6868
vn -0.5986 0.1995 0.7758
vn -0.5707 0.3047 0.7626
vn -0.5421 0.5659 0.6212
vn -0.6430 0.5204 0.5619
vn -0.5985 0.1995 0.7758
vn 0.9886 0.1066 0.1061
vn 0.9600 0.2038 0.1923
vn 0.9537 -0.1489 0.2612
vn 0.9481 -0.2690 0.1697
vn 0.9537 -0.1490 0.2612
vn 0.8904 -0.4550 -0.0091
vn 0.9435 -0.1994 -0.2646
vn 0.9779 -0.1042 -0.1811
vn 0.9331 -0.3500 0.0831
vn 0.7905 -0.5943 -0.1480
vn 0.8904 -0.4551 -0.0091
vn 0.6415 -0.7186 -0.2685
vn 0.7529 -0.4524 -0.4780
vn 0.4481 -0.8082 -0.3822
vn 0.2163 -0.8689 -0.4452
vn 0.3128 -0.6376 -0.7040
vn 0.4480 -0.8082 -0.3822
vn -0.0261 -0.8849 -0.4650
vn 0.0386 -0.6566 -0.7532
vn 0.2162 -0.8689 -0.4453
vn -0.0262 -0.8849 -0.4650
vn -0.2014 -0.6569 -0.7266
vn -0.0782 -0.6320 -0.7710
vn -0.4985 -0.7983 -0.3381
vn -0.4636 -0.6020 -0.6501
vn -0.2712 -0.8658 -0.4205
vn -0.4985 -0.7982 -0.3381
vn -0.6907 -0.6871 -0.2252
vn -0.8369 -0.3744 -0.3993
vn -0.8310 -0.5533 -0.0576
vn -0.9527 -0.2132 -0.2168
vn -0.8975 -0.2932 -0.3295
vn -0.9011 -0.4176 0.1167
vn -0.9242 -0.3105 0.2224
vn -0.9985 -0.0166 -0.0527
vn -0.9985 -0.0165 -0.0526
vn -0.9819 -0.1187 -0.1478
vn -0.6940 -0.2117 0.6882
vn -0.7443 -0.3166 0.5880
vn -0.6615 -0.3843 0.6440
vn -0.6013 -0.2913 0.7440
vn -0.6940 -0.2118 0.6882
vn -0.6015 -0.1026 0.7922
vn -0.6345 -0.1430 0.7596
vn -0.5434 -0.2319 0.8068
vn -0.5269 -0.2157 0.8221
vn -0.5077 -0.3305 0.7956
vn -0.5874 -0.2240 0.7777
vn 0.9530 -0.0997 0.2860
vn 0.9565 -0.1937 0.2182
vn 0.8974 -0.3302 0.2926
vn 0.8974 -0.3302 0.2927
vn 0.9154 -0.2688 0.2997
vn 0.9530 -0.0997 0.2861
vn 0.8546 -0.4367 0.2810
vn 0.8846 -0.3837 0.2652
vn 0.8216 -0.4867 0.2968
vn 0.8093 -0.5395 0.2325
vn 0.8210 -0.5315 0.2084
vn 0.8546 -0.4368 0.2810
vn 0.7602 -0.6397 0.1135
vn 0.6285 -0.7771 0.0335
vn 0.7262 -0.6874 0.0064
vn 0.8134 -0.5704 0.1136
vn 0.5843 -0.8076 -0.0798
vn 0.4291 -0.9029 0.0241
vn 0.4229 -0.8939 -0.1485
vn 0.3568 -0.9341 -0.0121
vn 0.2361 -0.9504 -0.2024
vn 0.2605 -0.9631 -0.0677
vn 0.1472 -0.9788 -0.1428
vn -0.0001 -0.9724 -0.2335
vn 0.1471 -0.9788 -0.1428
vn 0.0222 -0.9956 -0.0905
vn -0.2195 -0.9616 -0.1649
vn -0.0002 -0.9724 -0.2335
vn -0.1114 -0.9888 -0.0993
vn -0.3761 -0.9245 -0.0617
vn -0.2195 -0.9616 -0.1648
vn -0.3114 -0.9497 0.0322
vn -0.5392 -0.8415 0.0338
vn -0.3963 -0.9133 0.0937
vn -0.6784 -0.7156 0.1662
vn -0.5393 -0.8415 0.0338
vn -0.5506 -0.8090 0.2058
vn -0.7719 -0.5632 0.2948
vn -0.6785 -0.7156 0.1662
vn -0.6912 -0.6400 0.3356
vn -0.7655 -0.4049 0.5000
vn -0.7793 -0.4788 0.4043
vn -0.7097 -0.5198 0.4756
vn -0.6985 -0.4460 0.5596
vn 0.0222 -0.9956 -0.0906
vn 0.0025 -0.8211 0.5708
vn 0.0026 -0.8211 0.5708
vn 0.0949 -0.7871 0.6095
vn 0.2606 -0.9631 -0.0677
vn -0.0869 -0.8261 0.5567
vn -0.0868 -0.8261 0.5568
vn 0.5759 -0.8145 -0.0699
vn 0.3699 -0.9275 -0.0529
vn 0.4299 -0.9029 -0.0010
vn 0.1895 -0.8061 0.5606
vn 0.3194 -0.7741 0.5465
vn 0.3194 -0.7742 0.5465
vn -0.1930 -0.9806 0.0340
vn -0.4260 -0.9019 0.0718
vn -0.2763 -0.9576 0.0819
vn -0.3598 -0.9330 -0.0127
vn -0.2543 -0.9586 0.1277
vn -0.2413 -0.9550 0.1723
vn -0.3037 -0.9425 0.1394
vn -0.2543 -0.9587 0.1277
vn 0.3255 -0.9444 0.0462
vn 0.3487 -0.9349 0.0667
vn -0.2784 -0.8805 0.3838
vn -0.1762 -0.8392 0.5146
vn 0.3255 -0.9444 0.0461
vn -0.1762 -0.8392 0.5145
vn -0.0869 -0.8261 0.5568
vn -0.2296 -0.9641 0.1333
vn -0.3184 -0.9380 0.1372
vn 0.3208 -0.9470 0.0146
vn -0.3231 -0.9235 0.2069
vn -0.2784 -0.8805 0.3837
vn -0.2583 -0.9430 -0.2100
vn -0.1611 -0.8908 -0.4248
vn -0.5754 -0.6597 -0.4835
vn -0.6429 -0.7395 -0.1993
vn -0.1612 -0.8908 -0.4249
vn -0.2584 -0.9429 -0.2100
vn 0.4750 -0.8670 -0.1506
vn 0.4750 -0.8670 -0.1507
vn 0.4983 -0.8486 -0.1777
vn -0.1612 -0.8908 -0.4248
vn -0.4340 -0.8986 -0.0642
vn -0.5557 -0.8291 0.0626
vn -0.3598 -0.9329 -0.0128
vn -0.4340 -0.8986 -0.0643
vn -0.1463 -0.7562 -0.6378
vn 0.4415 -0.8693 -0.2223
vn -0.5557 -0.8290 0.0626
vn -0.4632 -0.8777 -0.1227
vn -0.5942 -0.7857 0.1719
vn -0.5080 -0.8202 0.2631
vn -0.3765 -0.9030 -0.2070
vn -0.2207 -0.9271 -0.3031
vn -0.2207 -0.9270 -0.3031
vn -0.2712 -0.8913 0.3634
vn -0.0244 -0.9397 -0.3412
vn 0.1481 -0.9361 -0.3190
vn 0.3035 -0.8838 0.3561
vn 0.3036 -0.8838 0.3561
vn 0.0191 -0.9150 0.4030
vn 0.3239 -0.9035 -0.2805
vn 0.5396 -0.8088 0.2338
vn 0.1482 -0.9361 -0.3190
vn 0.3239 -0.9036 -0.2805
vn -0.2206 -0.9271 -0.3031
vn 0.0192 -0.9150 0.4030
vn -0.2713 -0.8913 0.3634
vn -0.1392 -0.6325 -0.7620
vn -0.1391 -0.6324 -0.7621
vn -0.4632 -0.8777 -0.1228
vn -0.5943 -0.7857 0.1719
vn -0.7546 0.3583 0.5497
vn -0.7974 0.1365 0.5878
vn -0.8801 0.2916 0.3746
vn -0.7392 0.4779 0.4745
vn -0.7932 0.5929 0.1390
vn -0.6406 0.7637 0.0802
vn -0.5789 0.7943 0.1844
vn -0.6996 0.6396 0.3184
vn -0.7932 0.5929 0.1391
vn -0.3985 0.9122 0.0951
vn -0.4401 0.8974 0.0303
vn -0.1725 0.9850 0.0099
vn -0.1674 0.9856 0.0238
vn 0.1907 0.9816 -0.0059
vn 0.1894 0.9819 -0.0023
vn 0.6193 0.7851 0.0072
vn 0.6035 0.7971 0.0195
vn 0.1907 0.9816 -0.0058
vn 0.8063 0.5893 0.0500
vn 0.7758 0.6246 0.0887
vn 0.5834 0.8118 0.0261
vn 0.6036 0.7971 0.0195
vn 0.8548 0.4966 0.1507
vn 0.8893 0.4516 0.0717
vn 0.9710 0.2214 0.0903
vn 0.9422 0.2826 0.1801
vn 0.8548 0.4967 0.1507
vn -0.8155 0.5780 0.0289
vn -0.6622 0.7487 0.0312
vn 0.8894 0.4516 0.0717
vn 0.8959 0.4430 0.0340
vn 0.9788 0.2008 0.0418
vn 0.9787 0.2008 0.0418
vn 0.9530 -0.0996 0.2860
vn 0.9567 0.1406 0.2547
vn 0.9777 0.0700 0.1978
vn 0.7870 -0.5854 0.1945
vn 0.6569 -0.7520 -0.0547
vn -0.1069 -0.3723 0.9219
vn -0.1202 -0.4119 0.9033
vn 0.0908 -0.3741 0.9229
vn 0.5288 -0.4490 0.7202
vn 0.6680 -0.4994 0.5518
vn 0.3628 -0.4294 0.8270
vn -0.2964 -0.4303 0.8526
vn -0.4029 -0.3789 0.8331
vn -0.4900 -0.4533 0.7446
vn -0.3934 -0.4318 0.8117
vn -0.2964 -0.4304 0.8526
vn 0.8479 -0.4387 0.2978
vn 0.7649 -0.5224 0.3768
vn -0.1930 -0.6937 0.6939
vn -0.3674 -0.5632 0.7401
vn -0.2564 -0.4192 0.8710
vn -0.2564 -0.4191 0.8710
vn -0.0801 -0.4441 0.8924
vn 0.3144 -0.5617 0.7653
vn 0.2926 -0.7759 0.5588
vn 0.0007 -0.7719 0.6358
vn 0.0575 -0.5164 0.8544
vn -0.4493 -0.3184 0.8347
vn -0.3650 -0.4148 0.8335
vn -0.4454 -0.4645 0.7654
vn -0.4455 -0.4645 0.7654
vn -0.4493 -0.3183 0.8347
vn 0.7281 -0.6611 0.1809
vn 0.7213 -0.6040 0.3390
vn -0.1930 -0.6938 0.6938
vn 0.0007 -0.7719 0.6357
vn -0.0512 -0.9618 0.2688
vn -0.3565 -0.8697 0.3414
vn 0.5528 -0.7123 0.4326
vn 0.3400 -0.9175 0.2066
vn 0.2927 -0.7759 0.5588
vn -0.3675 -0.5632 0.7401
vn -0.5339 -0.6069 0.5888
vn -0.5069 -0.4587 0.7298
vn -0.5069 -0.4586 0.7299
vn -0.4455 -0.4645 0.7653
vn -0.3565 -0.8697 0.3413
vn -0.0512 -0.9618 0.2687
vn -0.1109 -0.9922 -0.0564
vn -0.4471 -0.8929 0.0529
vn -0.4472 -0.8929 0.0529
vn -0.1631 -0.9811 -0.1046
vn -0.5760 -0.8174 -0.0064
vn -0.7494 -0.6621 0.0047
vn -0.8124 -0.5811 -0.0485
vn -0.9962 -0.0167 -0.0860
vn -0.9991 -0.0251 -0.0330
vn -0.9746 0.2225 -0.0265
vn -0.9797 0.1968 -0.0381
vn -0.7293 0.2836 0.6227
vn -0.6700 0.0334 0.7416
vn -0.5061 -0.2595 0.8225
vn -0.4324 -0.3405 0.8349
vn -0.5060 -0.2595 0.8225
vn 0.9979 -0.0427 0.0482
vn 0.9448 -0.3246 0.0440
vn 0.9373 -0.3151 0.1490
vn 0.9934 -0.0124 0.1137
vn 0.9979 -0.0428 0.0482
vn 0.7344 -0.6784 -0.0204
vn 0.3177 -0.9451 -0.0763
vn 0.3400 -0.9175 0.2065
vn 0.7281 -0.6612 0.1809
vn 0.9448 -0.3247 0.0440
vn 0.7281 -0.6612 0.1808
vn 0.7281 -0.6611 0.1808
vn 0.9373 -0.3152 0.1490
vn 0.3176 -0.9452 -0.0763
vn 0.3399 -0.9175 0.2065
vn 0.4274 -0.9015 0.0689
vn 0.3843 -0.9229 -0.0237
vn 0.7901 -0.6129 0.0122
vn 0.8035 -0.5928 0.0544
vn 0.4274 -0.9015 0.0690
vn 0.7901 -0.6128 0.0122
vn 0.9540 -0.2973 0.0378
vn 0.9491 -0.3099 0.0561
vn 0.8035 -0.5927 0.0544
vn 0.4273 -0.9015 0.0689
vn -0.1309 -0.9901 0.0506
vn -0.1919 -0.9809 -0.0331
vn 0.4273 -0.9015 0.0690
vn -0.1310 -0.9901 0.0506
vn -0.6118 -0.7904 0.0308
vn -0.6398 -0.7684 -0.0139
vn -0.6398 -0.7684 -0.0140
vn -0.1920 -0.9808 -0.0331
vn -0.1310 -0.9901 0.0507
vn -0.6399 -0.7684 -0.0140
vn -0.6119 -0.7904 0.0308
vn -0.8553 -0.5181 0.0104
vn -0.8691 -0.4945 -0.0124
vn -0.6399 -0.7683 -0.0140
vn -0.9576 -0.2869 -0.0269
vn -0.8691 -0.4944 -0.0124
vn -0.8553 -0.5180 0.0104
vn -0.9566 -0.2913 -0.0008
vn -0.9576 -0.2870 -0.0270
vn -0.9998 -0.0188 -0.0061
vn -0.9679 0.2514 -0.0086
vn -0.9991 -0.0252 -0.0330
vn -0.9576 -0.2869 -0.0270
vn -0.9998 -0.0189 -0.0061
vn -0.9678 0.2514 -0.0086
vn -0.8777 0.4792 -0.0050
vn -0.8961 0.4423 -0.0383
vn -0.4357 0.8999 0.0199
vn -0.6622 0.7487 0.0311
vn -0.4703 0.8825 0.0054
vn 0.9113 0.4063 0.0668
vn 0.9000 0.4340 0.0393
vn 0.6605 0.7504 0.0264
vn 0.7181 0.6941 0.0507
vn 0.9113 0.4064 0.0668
vn 0.9976 -0.0586 0.0377
vn 0.9806 0.1922 0.0387
vn 0.9778 0.1857 0.0970
vn 0.9778 0.1858 0.0970
vn 0.9960 -0.0673 0.0586
vn 0.9976 -0.0586 0.0378
vn 0.9976 -0.0587 0.0378
vn 0.9541 -0.2972 0.0378
vn 0.9976 -0.0587 0.0377
vn -0.6901 0.7237 0.0050
vn -0.8703 0.4870 0.0732
vn -0.6676 0.7366 0.1085
vn -0.6901 0.7237 0.0049
vn -0.6675 0.7367 0.1085
vn -0.3974 0.9103 0.1160
vn -0.4177 0.9085 0.0119
vn -0.6900 0.7238 0.0050
vn 0.3437 0.9388 0.0227
vn 0.3545 0.9288 0.1079
vn 0.7319 0.6678 0.1354
vn 0.9223 0.3547 0.1533
vn 0.9895 -0.0134 0.1438
vn 0.9452 -0.3062 0.1131
vn 0.4274 -0.9014 0.0690
vn 0.7914 -0.6003 0.1154
vn 0.4280 -0.8877 0.1700
vn 0.9491 -0.3100 0.0561
vn 0.4279 -0.8877 0.1700
vn -0.1018 -0.9825 0.1559
vn -0.1019 -0.9825 0.1559
vn -0.5910 -0.7888 0.1687
vn -0.5911 -0.7888 0.1687
vn -0.8442 -0.5268 0.0993
vn -0.6119 -0.7903 0.0308
vn -0.8442 -0.5267 0.0993
vn -0.9513 -0.2986 0.0760
vn -0.9514 -0.2986 0.0760
vn -0.9566 -0.2914 -0.0008
vn -0.9974 -0.0267 0.0672
vn -0.9661 0.2504 0.0636
vn -0.9514 -0.2985 0.0760
vn -0.9974 -0.0268 0.0672
vn -0.9998 -0.0189 -0.0060
vn -0.9660 0.2505 0.0636
vn -0.8599 0.4881 0.1496
vn -0.6360 0.7258 0.2622
vn -0.6675 0.7366 0.1085
vn -0.6359 0.7259 0.2622
vn -0.3653 0.8882 0.2786
vn -0.3973 0.9103 0.1160
vn -0.3653 0.8882 0.2787
vn -0.0430 0.9552 0.2929
vn -0.0518 0.9913 0.1211
vn 0.3545 0.9288 0.1080
vn 0.3499 0.8899 0.2928
vn 0.3500 0.8898 0.2927
vn 0.7229 0.6333 0.2763
vn 0.9269 0.3254 0.1873
vn 0.9214 0.3103 0.2340
vn 0.9269 0.3253 0.1873
vn 0.9214 0.3102 0.2340
vn 0.9590 -0.0030 0.2835
vn 0.9589 -0.0030 0.2836
vn 0.9779 0.0076 0.2091
vn 0.9350 -0.3016 0.1867
vn 0.9779 0.0075 0.2091
vn 0.9589 -0.0031 0.2836
vn 0.9173 -0.2955 0.2671
vn 0.7511 -0.5920 0.2922
vn 0.4199 -0.8542 0.3065
vn 0.7731 -0.6014 0.2017
vn 0.9350 -0.3017 0.1867
vn 0.9172 -0.2955 0.2671
vn 0.7511 -0.5919 0.2922
vn 0.7731 -0.6013 0.2017
vn 0.4198 -0.8543 0.3065
vn -0.1122 -0.9445 0.3089
vn -0.1123 -0.9444 0.3089
vn -0.5723 -0.7545 0.3214
vn -0.8241 -0.5373 0.1795
vn -0.5723 -0.7544 0.3214
vn -0.7922 -0.5567 0.2500
vn -0.8240 -0.5374 0.1794
vn -0.7922 -0.5566 0.2500
vn -0.9259 -0.3053 0.2227
vn -0.9402 -0.3077 0.1461
vn -0.7922 -0.5566 0.2501
vn -0.9883 -0.0357 0.1483
vn -0.9698 -0.0378 0.2408
vn -0.9451 0.2426 0.2188
vn -0.9595 0.2484 0.1328
vn -0.9259 -0.3052 0.2227
vn -0.9698 -0.0379 0.2409
vn -0.9883 -0.0358 0.1483
vn -0.9595 0.2485 0.1328
vn -0.9451 0.2427 0.2188
vn -0.8405 0.4873 0.2368
vn -0.8406 0.4872 0.2368
vn -0.8023 0.4771 0.3588
vn -0.7407 0.4531 0.4961
vn -0.5695 0.6797 0.4623
vn 0.3440 0.6535 0.6743
vn 0.5971 0.5016 0.6260
vn 0.6779 0.5837 0.4469
vn 0.3541 0.7966 0.4899
vn 0.8457 0.2705 0.4601
vn 0.7626 0.2433 0.5994
vn 0.8080 -0.0111 0.5891
vn 0.8926 -0.0129 0.4506
vn 0.7626 0.2433 0.5993
vn 0.8080 -0.0112 0.5891
vn 0.7485 -0.2800 0.6011
vn 0.8388 -0.2935 0.4585
vn 0.2974 -0.6796 0.6706
vn 0.3782 -0.7892 0.4839
vn 0.6691 -0.5492 0.5007
vn 0.6690 -0.5492 0.5007
vn 0.5798 -0.5055 0.6390
vn 0.5799 -0.5054 0.6390
vn 0.8388 -0.2936 0.4585
vn 0.7485 -0.2801 0.6011
vn 0.5799 -0.5055 0.6389
vn -0.0953 -0.7317 0.6749
vn -0.4343 -0.6498 0.6238
vn -0.5258 -0.7299 0.4368
vn -0.1261 -0.8588 0.4965
vn -0.0954 -0.7317 0.6749
vn -0.4344 -0.6498 0.6238
vn -0.6303 -0.4394 0.6400
vn -0.7209 -0.5199 0.4582
vn -0.5259 -0.7298 0.4368
vn -0.7210 -0.5199 0.4582
vn -0.8534 -0.2760 0.4422
vn -0.9022 -0.2919 0.3176
vn -0.9022 -0.2919 0.3177
vn -0.7562 -0.5616 0.3358
vn -0.9423 -0.0378 0.3327
vn -0.8940 -0.0384 0.4464
vn -0.8621 0.2181 0.4574
vn -0.9164 0.2323 0.3259
vn -0.8534 -0.2759 0.4422
vn -0.9423 -0.0379 0.3327
vn -0.9022 -0.2918 0.3176
vn -0.8535 -0.2759 0.4422
vn -0.9164 0.2324 0.3259
vn -0.8621 0.2182 0.4574
vn -0.8023 0.4770 0.3588
vn -0.4939 0.3176 0.8094
vn -0.3507 0.4478 0.8225
vn -0.4680 0.5829 0.6643
vn -0.6378 0.4017 0.6571
vn -0.4939 0.3177 0.8094
vn -0.3507 0.4479 0.8225
vn -0.0988 0.5322 0.8408
vn -0.2603 0.6983 0.6668
vn -0.2603 0.6983 0.6669
vn -0.4679 0.5829 0.6643
vn 0.0262 0.7341 0.6785
vn 0.2386 0.4974 0.8341
vn 0.3439 0.6535 0.6743
vn 0.2387 0.4973 0.8341
vn 0.4624 0.3998 0.7914
vn 0.5970 0.5016 0.6261
vn 0.5970 0.5016 0.6260
vn 0.2387 0.4974 0.8341
vn 0.5971 0.5016 0.6261
vn 0.5991 0.2073 0.7734
vn 0.5991 0.2072 0.7734
vn 0.7626 0.2434 0.5994
vn 0.6432 -0.0073 0.7657
vn 0.6432 -0.0074 0.7657
vn 0.5896 -0.2302 0.7742
vn 0.4385 -0.4038 0.8029
vn 0.2157 -0.5038 0.8364
vn 0.4385 -0.4039 0.8029
vn 0.5798 -0.5054 0.6390
vn 0.2156 -0.5039 0.8364
vn -0.0669 -0.5297 0.8456
vn -0.0670 -0.5297 0.8456
vn -0.3317 -0.4640 0.8214
vn -0.4343 -0.6498 0.6239
vn -0.0670 -0.5296 0.8456
vn -0.6302 -0.4394 0.6401
vn -0.3318 -0.4639 0.8214
vn -0.5120 -0.2787 0.8125
vn -0.7387 -0.2452 0.6278
vn -0.6303 -0.4394 0.6401
vn -0.5730 -0.0473 0.8182
vn -0.5735 0.1423 0.8067
vn -0.7479 0.1899 0.6360
vn -0.7479 0.1899 0.6361
vn -0.7782 -0.0398 0.6268
vn -0.7782 -0.0399 0.6267
vn -0.5730 -0.0474 0.8182
vn -0.6379 0.4017 0.6571
vn -0.5735 0.1424 0.8067
vn -0.2294 0.3085 0.9231
vn -0.2294 0.3086 0.9231
vn -0.0421 0.3840 0.9224
vn 0.1884 0.3402 0.9213
vn 0.2386 0.4973 0.8341
vn 0.4623 0.3998 0.7915
vn 0.1885 0.3402 0.9213
vn 0.3180 0.1763 0.9315
vn 0.4624 0.3997 0.7915
vn 0.3181 0.1763 0.9315
vn 0.3512 0.0008 0.9363
vn 0.6431 -0.0073 0.7657
vn 0.3512 0.0007 0.9363
vn 0.3119 -0.1893 0.9311
vn 0.5895 -0.2302 0.7743
vn 0.5896 -0.2301 0.7742
vn 0.3118 -0.1893 0.9311
vn 0.1593 -0.3345 0.9288
vn 0.2157 -0.5038 0.8365
vn 0.1593 -0.3346 0.9288
vn -0.0331 -0.3654 0.9303
vn -0.0669 -0.5296 0.8456
vn -0.2217 -0.3295 0.9178
vn -0.3317 -0.4639 0.8214
vn -0.0332 -0.3654 0.9303
vn -0.2218 -0.3295 0.9178
vn -0.2924 -0.1590 0.9430
vn -0.2218 -0.3295 0.9177
vn -0.3040 -0.0140 0.9526
vn -0.2871 0.1449 0.9469
vn -0.5735 0.1423 0.8068
vn -0.2924 -0.1589 0.9430
vn -0.5729 -0.0474 0.8182
vn -0.5120 -0.2786 0.8125
vn -0.2870 0.1449 0.9469
vn 0.0147 0.0049 0.9999
vn 0.0050 0.1873 0.9823
vn -0.0331 -0.3653 0.9303
vn 0.0045 -0.1466 0.9892
vn -0.2923 -0.1590 0.9430
vn -0.2923 -0.1589 0.9430
vn 0.0147 0.0048 0.9999
vn -0.3039 -0.0140 0.9526
vn 0.0051 0.1874 0.9823
vn 0.0051 0.1873 0.9823
vn 0.3180 0.1763 0.9316
vn 0.1885 0.3401 0.9213
vn 0.0148 0.0049 0.9999
vn 0.3511 0.0008 0.9363
vn 0.0046 -0.1466 0.9892
vn 0.1592 -0.3345 0.9288
vn 0.3511 0.0007 0.9363
vn -0.2294 0.3085 0.9232
vn -0.0421 0.3839 0.9224
vn 0.7653 -0.6436 -0.0140
vn 0.3484 -0.9325 -0.0952
vn 0.7344 -0.6784 -0.0205
vn 0.9448 -0.3247 0.0439
vn 0.9519 -0.3047 0.0337
vn 0.7653 -0.6435 -0.0139
vn 0.7653 -0.6435 -0.0140
vn -0.1108 -0.9922 -0.0564
vn 0.3483 -0.9325 -0.0952
vn 0.9979 -0.0547 0.0354
vn 0.9519 -0.3046 0.0337
vn 0.9448 -0.3246 0.0439
vn -0.8772 0.4801 0.0059
vn -0.9031 0.4291 -0.0183
vn -0.8156 0.5780 0.0289
vn -0.9586 -0.2665 -0.1006
vn -0.9019 -0.4208 -0.0978
vn -0.9031 0.4291 -0.0184
vn -0.9513 0.3083 -0.0080
vn -0.9413 0.3023 0.1502
vn -0.9303 0.3644 0.0416
vn -0.7932 0.5928 0.1390
vn 0.4299 -0.9029 -0.0011
vn 0.7715 -0.5286 0.3540
vn 0.5760 -0.8145 -0.0699
vn 0.6568 -0.7520 -0.0548
vn 0.6488 -0.7555 0.0913
vn 0.6362 -0.5533 0.5377
vn 0.6680 -0.4994 0.5517
vn 0.7715 -0.5287 0.3541
vn 0.5528 -0.7122 0.4326
vn 0.2926 -0.7760 0.5588
vn 0.3399 -0.9175 0.2066
vn 0.3627 -0.4294 0.8271
vn 0.0909 -0.3741 0.9229
vn 0.2898 -0.4067 0.8664
vn -0.3693 -0.4567 0.8093
vn -0.3934 -0.4317 0.8117
vn -0.5343 -0.4805 0.6955
vn -0.0801 -0.4442 0.8924
vn -0.3693 -0.4568 0.8093
vn -0.5081 -0.8202 0.2631
vn 0.5288 -0.4491 0.7202
vn 0.2899 -0.4067 0.8663
vn 0.5395 -0.8088 0.2338
vn 0.0682 -0.3727 0.9254
vn -0.2712 -0.8913 0.3633
vn 0.0190 -0.9150 0.4029
vn 0.0682 -0.3727 0.9255
vn 0.0683 -0.3727 0.9254
vn 0.0191 -0.9150 0.4029
vn 0.0191 -0.9151 0.4029
vn 0.6487 -0.7555 0.0913
vn 0.5288 -0.4491 0.7203
vn -0.1203 -0.4119 0.9033
vn -0.6312 -0.6552 0.4151
vn -0.5383 -0.8232 0.1806
vn -0.4391 -0.8840 0.1603
vn -0.5384 -0.8231 0.1806
vn -0.6507 -0.7000 0.2941
vn -0.6312 -0.6552 0.4152
vn -0.6939 -0.5542 0.4598
vn -0.8594 -0.2982 0.4153
vn -0.8317 -0.2010 0.5176
vn -0.8959 -0.1311 0.4246
vn -0.7877 -0.1024 0.6075
vn -0.7288 -0.0426 0.6834
vn -0.7877 -0.1024 0.6074
vn -0.6091 0.1186 0.7842
vn -0.6401 0.0449 0.7670
vn -0.5798 -0.0553 0.8129
vn -0.5995 0.0236 0.8000
vn 0.9263 -0.2362 0.2936
vn 0.9141 -0.3307 0.2347
vn 0.8884 -0.4296 0.1618
vn 0.8884 -0.4296 0.1617
vn 0.8469 -0.5274 0.0672
vn 0.7691 -0.6351 -0.0722
vn 0.5844 -0.8076 -0.0798
vn 0.6311 -0.7472 -0.2085
vn 0.7690 -0.6351 -0.0722
vn 0.4475 -0.8429 -0.2988
vn 0.2283 -0.9089 -0.3490
vn -0.0001 -0.9723 -0.2336
vn -0.0129 -0.9346 -0.3555
vn -0.0001 -0.9723 -0.2335
vn -0.2387 -0.9227 -0.3026
vn -0.0002 -0.9723 -0.2335
vn -0.4409 -0.8738 -0.2049
vn -0.3761 -0.9245 -0.0618
vn -0.4410 -0.8738 -0.2049
vn -0.6301 -0.7682 -0.1131
vn -0.6907 -0.6872 -0.2252
vn -0.4985 -0.7983 -0.3380
vn -0.4410 -0.8738 -0.2050
vn -0.6302 -0.7682 -0.1131
vn -0.7830 -0.6201 0.0497
vn -0.8309 -0.5534 -0.0576
vn -0.7830 -0.6200 0.0497
vn -0.8459 -0.4921 0.2055
vn -0.8459 -0.4921 0.2056
vn -0.8668 -0.3896 0.3112
vn 0.9357 -0.1348 0.3259
vn 0.7539 0.6310 0.1826
vn 0.8728 0.4066 0.2701
vn -0.5574 0.5315 0.6378
vn -0.6732 0.4142 0.6126
vn -0.6490 0.5997 0.4682
vn -0.6489 0.5997 0.4682
vn -0.6316 0.2387 0.7376
vn -0.7174 0.2013 0.6669
vn -0.7292 0.2836 0.6227
vn -0.6511 0.3518 0.6726
vn -0.6317 0.2384 0.7376
vn -0.9513 0.3083 -0.0079
vn -0.5760 -0.8174 -0.0065
vn -0.1632 -0.9810 -0.1046
vn -0.1920 -0.9808 -0.0332
vn 0.3484 -0.9325 -0.0951
vn 0.7653 -0.6436 -0.0139
vn -0.1631 -0.9811 -0.1045
vn 0.3843 -0.9229 -0.0238
vn -0.1919 -0.9809 -0.0332
vn -0.1630 -0.9811 -0.1045
vn -0.6059 -0.7309 0.3141
vn -0.5338 -0.6069 0.5888
vn -0.3674 -0.5633 0.7401
vn -0.6806 -0.7071 0.1917
vn -0.7528 -0.6581 0.0128
vn -0.7529 -0.6581 0.0127
vn -0.9018 -0.4209 -0.0978
vn 0.8239 0.5663 0.0200
vn 0.8135 0.5811 0.0241
vn 0.6194 0.7851 0.0072
vn 0.6194 0.7850 0.0072
vn 0.6322 0.7748 0.0053
vn 0.8240 0.5663 0.0200
vn -0.5943 -0.7857 0.1720
vn -0.5343 -0.4805 0.6954
vn -0.0820 -0.5390 0.8383
vn 0.1185 -0.5216 0.8449
vn -0.0820 -0.5391 0.8383
vn -0.2610 -0.5591 0.7869
vn -0.0868 -0.8261 0.5567
vn -0.6430 -0.7395 -0.1993
vn -0.6564 -0.7528 0.0495
vn -0.2965 -0.9550 0.0113
vn 0.1184 -0.5216 0.8449
vn 0.3159 -0.5224 0.7920
vn 0.1894 -0.8062 0.5605
vn 0.1895 -0.8062 0.5605
vn 0.0949 -0.7871 0.6094
vn 0.4848 -0.5413 0.6870
vn 0.3193 -0.7742 0.5465
vn 0.4975 -0.8486 0.1799
vn 0.7257 -0.6679 0.1655
vn 0.7184 -0.6956 -0.0023
vn 0.4551 -0.8893 0.0444
vn 0.4975 -0.8486 0.1800
vn 0.6178 -0.5746 0.5369
vn 0.6966 -0.6234 0.3551
vn 0.4537 -0.8259 0.3347
vn 0.3679 -0.8099 0.4568
vn 0.6178 -0.5746 0.5368
vn -0.2783 -0.8805 0.3837
vn -0.5642 -0.6705 0.4819
vn -0.4265 -0.5964 0.6800
vn 0.4848 -0.5414 0.6869
vn 0.6177 -0.5746 0.5369
vn 0.3678 -0.8099 0.4568
vn -0.4265 -0.5963 0.6801
vn -0.2611 -0.5591 0.7869
vn -0.0869 -0.8262 0.5567
vn -0.1761 -0.8392 0.5146
vn 0.6967 -0.6234 0.3551
vn 0.4538 -0.8259 0.3347
vn -0.6345 -0.7291 0.2567
vn -0.5641 -0.6705 0.4819
vn -0.3230 -0.9235 0.2069
vn -0.6345 -0.7290 0.2567
vn 0.6733 -0.7085 -0.2116
vn 0.5514 -0.6643 -0.5047
vn 0.2170 -0.8908 -0.3993
vn 0.2171 -0.8908 -0.3993
vn 0.3874 -0.9085 -0.1566
vn 0.6732 -0.7085 -0.2116
vn -0.4626 -0.5135 -0.7227
vn -0.1463 -0.7562 -0.6377
vn 0.5514 -0.6642 -0.5047
vn 0.3722 -0.5254 -0.7651
vn 0.0522 -0.7863 -0.6157
vn 0.2359 -0.3717 -0.8979
vn 0.0950 -0.2382 -0.9666
vn -0.0102 -0.5382 -0.8428
vn 0.0157 -0.6499 -0.7599
vn -0.0878 -0.1985 -0.9762
vn -0.2388 -0.2606 -0.9355
vn -0.1179 -0.5349 -0.8366
vn -0.0716 -0.4906 -0.8684
vn -0.2388 -0.2606 -0.9354
vn -0.3571 -0.3701 -0.8576
vn -0.1390 -0.6325 -0.7620
vn -0.1391 -0.6325 -0.7620
vn -0.1180 -0.5349 -0.8366
vn 0.0950 -0.2383 -0.9665
vn 0.0949 -0.2382 -0.9666
vn -0.4625 -0.5135 -0.7227
vn -0.1462 -0.7562 -0.6378
vn 0.0158 -0.6499 -0.7599
vn 0.0522 -0.7862 -0.6157
vn 0.3722 -0.5254 -0.7652
vn -0.2314 -0.2553 0.9388
vn -0.2267 -0.2937 0.9286
vn -0.1568 -0.2540 0.9544
vn -0.3015 -0.2660 0.9156
vn -0.6402 0.2395 -0.7299
vn -0.7487 0.4022 -0.5269
vn -0.9101 0.0448 -0.4119
vn -0.8233 -0.0605 -0.5644
vn -0.6402 0.2395 -0.7300
vn -0.5695 0.0974 -0.8162
vn -0.5405 0.1580 -0.8264
vn -0.7801 0.0779 -0.6207
vn -0.7801 0.0778 -0.6208
vn -0.8184 0.1426 -0.5566
vn -0.5695 0.0973 -0.8162
vn -0.2437 -0.2794 0.9287
vn -0.3440 -0.4272 0.8362
vn -0.4779 -0.2764 0.8338
vn -0.3052 -0.2506 0.9187
vn -0.2266 -0.2937 0.9286
vn -0.2407 -0.2824 0.9286
vn -0.2089 -0.2792 0.9372
vn -0.5909 0.1125 -0.7988
vn -0.7598 -0.0055 -0.6501
vn -0.7801 0.0778 -0.6207
vn -0.5909 0.1125 -0.7989
vn -0.5826 0.1225 -0.8035
vn -0.7674 -0.0552 -0.6388
vn -0.7598 -0.0055 -0.6502
vn -0.6685 -0.2617 -0.6961
vn -0.6285 -0.0645 -0.7751
vn -0.8380 0.0527 -0.5431
vn -0.8709 -0.0563 -0.4882
vn -0.6686 -0.2616 -0.6961
vn -0.7163 -0.4968 -0.4900
vn -0.9204 -0.1926 -0.3403
vn -0.5603 -0.6073 0.5633
vn -0.7011 -0.6759 0.2272
vn -0.8182 -0.5011 0.2819
vn -0.6850 -0.4207 0.5949
vn -0.5602 -0.6073 0.5633
vn -0.7561 -0.6377 -0.1473
vn -0.7163 -0.4968 -0.4899
vn -0.9204 -0.1926 -0.3402
vn -0.9003 -0.4311 -0.0605
vn -0.7561 -0.6377 -0.1474
vn -0.2557 -0.2689 0.9286
vn -0.3052 -0.2505 0.9188
vn -0.3051 -0.2505 0.9188
vn -0.2379 -0.2639 0.9347
vn -0.2556 -0.2690 0.9286
vn -0.6285 -0.0645 -0.7752
vn -0.5696 0.0973 -0.8162
vn -0.8184 0.1425 -0.5566
vn -0.8380 0.0527 -0.5430
vn -0.3029 -0.1300 0.9441
vn -0.3015 -0.2659 0.9156
vn -0.4520 -0.2656 0.8516
vn -0.5316 0.1671 0.8303
vn -0.4520 -0.2657 0.8515
vn -0.6571 -0.0139 0.7537
vn -0.5317 0.1671 0.8303
vn -0.7980 0.4179 0.4343
vn -0.6570 -0.0139 0.7537
vn -0.8949 0.1935 0.4022
vn -0.8557 0.5033 -0.1204
vn -0.9582 0.2638 -0.1106
vn -0.9582 0.2638 -0.1105
vn -0.5826 0.1225 -0.8034
vn -0.8233 -0.0604 -0.5643
vn -0.3440 -0.4273 0.8361
vn -0.6849 -0.4207 0.5949
vn -0.6849 -0.4207 0.5948
vn -0.3440 -0.4272 0.8361
vn -0.2406 -0.2824 0.9286
vn -0.2557 -0.2690 0.9286
vn -0.2089 -0.2793 0.9372
vn 0.0171 -0.9954 -0.0938
vn -0.6563 -0.7529 0.0495
vn -0.6429 -0.7396 -0.1993
vn -0.6563 -0.7528 0.0495
vn 0.7253 -0.6678 0.1670
vn 0.6732 -0.7086 -0.2116
vn 0.7184 -0.6956 -0.0024
vn -0.4265 -0.5964 0.6801
vn 0.0172 -0.9954 -0.0938
vn 0.4848 -0.5414 0.6870
vn 0.7257 -0.6678 0.1655
vn -0.4624 -0.5135 -0.7228
vn 0.3721 -0.5254 -0.7651
vn 0.5513 -0.6643 -0.5047
vn -0.0865 -0.1984 -0.9763
vn 0.3721 -0.5254 -0.7652
vn -0.2315 -0.2553 0.9387
vn -0.9638 -0.1728 0.2031
vn -0.7488 0.4022 -0.5268
vn -0.9638 -0.1729 0.2032
vn -0.5406 0.1580 -0.8263
vn -0.5696 0.0974 -0.8162
vn -0.2438 -0.2794 0.9287
vn -0.9638 -0.1729 0.2031
vn -0.2408 -0.2824 0.9286
vn -0.5910 0.1125 -0.7988
vn -0.9637 -0.1729 0.2032
vn -0.5827 0.1224 -0.8034
vn -0.6285 -0.0644 -0.7751
vn -0.9638 -0.1728 0.2032
vn -0.7011 -0.6758 0.2272
vn -0.7561 -0.6376 -0.1474
vn -0.2314 -0.2553 0.9387
vn -0.3029 -0.1301 0.9441
vn -0.3030 -0.1301 0.9441
vn -0.7980 0.4179 0.4342
vn -0.5827 0.1225 -0.8034
vn -0.0724 0.7371 -0.6719
vn -0.0783 0.7347 -0.6739
vn -0.0277 0.6745 -0.7377
vn 0.0305 0.6265 -0.7788
vn -0.0530 0.7136 -0.6985
vn -0.1025 0.6622 -0.7423
vn -0.0758 0.7350 -0.6739
vn 0.4636 0.2531 -0.8492
vn -0.0249 0.7041 -0.7097
vn -0.0453 0.6887 -0.7236
vn 0.2807 0.1335 -0.9505
vn 0.4636 0.2530 -0.8491
vn 0.4636 0.2531 -0.8491
vn 0.6262 0.3412 -0.7011
vn 0.6452 0.5223 -0.5576
vn 0.0229 0.7317 -0.6813
vn 0.6261 0.3412 -0.7011
vn 0.0082 0.7533 -0.6576
vn 0.0229 0.7317 -0.6812
vn 0.6452 0.5222 -0.5576
vn 0.6212 0.6795 -0.3903
vn 0.4853 0.8233 -0.2945
vn 0.4852 0.8233 -0.2945
vn 0.3838 0.9153 -0.1224
vn -0.0411 0.7661 -0.6414
vn -0.0758 0.7350 -0.6738
vn 0.1572 0.9819 -0.1053
vn 0.1573 0.9819 -0.1053
vn 0.1572 0.9819 -0.1052
vn -0.0144 0.9995 -0.0279
vn -0.0731 0.7387 -0.6701
vn -0.0144 0.9995 -0.0280
vn -0.1887 0.9795 -0.0710
vn -0.0531 0.7137 -0.6984
vn -0.0278 0.6746 -0.7377
vn -0.0531 0.7137 -0.6985
vn -0.1888 0.9795 -0.0710
vn -0.3447 0.9241 -0.1650
vn -0.0277 0.6746 -0.7377
vn -0.3446 0.9241 -0.1650
vn -0.4621 0.8394 -0.2860
vn 0.0381 0.6924 -0.7205
vn -0.4621 0.8395 -0.2859
vn -0.4622 0.8394 -0.2860
vn -0.5568 0.7349 -0.3871
vn 0.0116 0.7227 -0.6910
vn -0.5568 0.7349 -0.3872
vn -0.6371 0.6167 -0.4623
vn 0.0227 0.7377 -0.6747
vn -0.6371 0.6168 -0.4623
vn -0.5979 0.5176 -0.6120
vn 0.0228 0.7377 -0.6747
vn -0.0130 0.7473 -0.6643
vn -0.5980 0.5176 -0.6120
vn -0.5494 0.4049 -0.7309
vn -0.4908 0.2590 -0.8319
vn -0.0724 0.7370 -0.6720
vn -0.3258 0.1958 -0.9250
vn -0.0783 0.7346 -0.6740
vn -0.3258 0.1958 -0.9249
vn -0.1595 0.0559 -0.9856
vn -0.1049 0.6757 -0.7297
vn -0.0735 0.7065 -0.7039
vn -0.1048 0.6757 -0.7297
vn -0.1594 0.0559 -0.9856
vn 0.0639 0.1378 -0.9884
vn -0.0734 0.7065 -0.7039
vn 0.0640 0.1378 -0.9884
vn 0.3700 -0.9275 -0.0530
vn -0.2966 -0.9549 0.0113
vn 0.3700 -0.9275 -0.0529
vn 0.4552 -0.8893 0.0444
vn -0.2295 -0.9641 0.1333
vn 0.4976 -0.8486 0.1799
vn 0.4552 -0.8893 0.0443
vn 0.4538 -0.8258 0.3347
vn 0.3680 -0.8099 0.4568
vn 0.4291 -0.9030 0.0242
vn 0.3208 -0.9470 0.0147
vn 0.3486 -0.9349 0.0667
vn 0.4290 -0.9030 0.0242
vn 0.6568 -0.7521 -0.0548
vn 0.2172 -0.8907 -0.3993
vn -0.3598 -0.9330 -0.0128
vn 0.3875 -0.9085 -0.1566
vn 0.2171 -0.8907 -0.3993
vn 0.4415 -0.8693 -0.2222
vn 0.2171 -0.8907 -0.3994
vn 0.0522 -0.7862 -0.6158
vn 0.0157 -0.6498 -0.7599
vn -0.0102 -0.5381 -0.8428
vn -0.0715 -0.4905 -0.8685
vn -0.0717 -0.4906 -0.8685
vn -0.1180 -0.5348 -0.8367
vn -0.1391 -0.6324 -0.7620
vn -0.0103 -0.5381 -0.8428
vn -0.0716 -0.4906 -0.8685
vn 0.0523 -0.7862 -0.6157
vn 0.0158 -0.6498 -0.7599
vn -0.3765 -0.9030 -0.2071
vn 0.4228 -0.8940 -0.1485
vn -0.4323 -0.3405 0.8350
vn -0.1568 -0.2541 0.9544
vn -0.2090 -0.2792 0.9372
vn -0.5060 -0.2596 0.8226
vn -0.5331 -0.1414 0.8342
vn -0.5060 -0.2595 0.8226
vn -0.2380 -0.2639 0.9347
vn -0.3053 -0.2505 0.9187
vn -0.7974 0.1365 0.5879
vn -0.3052 -0.2505 0.9187
vn -0.4780 -0.2764 0.8338
vn -0.7974 0.1364 0.5878
vn -0.8801 0.2917 0.3747
vn -0.7974 0.1364 0.5879
vn -0.9303 0.3643 0.0416
vn -0.9413 0.3022 0.1502
vn -0.9002 -0.4312 -0.0604
vn -0.8772 0.4801 0.0058
vn -0.9002 -0.4312 -0.0605
vn -0.9204 -0.1927 -0.3403
vn -0.8709 -0.0564 -0.4882
vn -0.9513 0.3082 -0.0080
vn -0.8184 0.1425 -0.5567
vn -0.8184 0.1426 -0.5567
vn -0.9962 -0.0168 -0.0860
vn -0.9018 -0.4208 -0.0979
vn -0.7673 -0.0551 -0.6389
vn -0.8124 -0.5811 -0.0486
vn -0.9018 -0.4209 -0.0979
vn -0.8233 -0.0604 -0.5644
vn -0.7494 -0.6621 0.0046
vn -0.9101 0.0449 -0.4120
vn -0.7529 -0.6580 0.0127
vn -0.6807 -0.7071 0.1917
vn -0.7529 -0.6580 0.0128
vn -0.9582 0.2639 -0.1107
vn -0.9582 0.2638 -0.1107
vn -0.8949 0.1936 0.4022
vn -0.6806 -0.7071 0.1918
vn -0.8948 0.1936 0.4022
vn -0.8949 0.1936 0.4021
vn -0.6571 -0.0138 0.7537
vn -0.6060 -0.7309 0.3141
vn -0.5069 -0.4587 0.7299
vn -0.4519 -0.2656 0.8516
vn -0.3016 -0.2660 0.9156
vn -0.3231 -0.9235 0.2070
vn -0.6724 0.7398 0.0260
vn -0.8910 0.3027 0.3383
vn -0.8038 0.5746 -0.1543
vn -0.9819 -0.1186 -0.1479
vn -0.8402 0.3120 -0.4434
vn -0.9985 -0.0164 -0.0527
vn -0.8389 0.4498 -0.3064
vn -0.8389 0.4498 -0.3065
vn -0.5655 -0.0743 -0.8214
vn -0.5764 -0.5200 -0.6304
vn 0.1740 -0.1731 -0.9694
vn 0.4140 -0.1015 -0.9046
vn 0.5490 -0.5811 -0.6007
vn 0.6220 -0.0132 -0.7829
vn 0.7529 -0.4524 -0.4781
vn 0.6613 -0.5139 -0.5465
vn 0.5326 -0.0611 -0.8441
vn 0.6915 0.0342 -0.7215
vn 0.8921 -0.3073 -0.3312
vn 0.6916 0.0342 -0.7215
vn 0.8590 0.4213 -0.2909
vn 0.9993 0.0354 0.0088
vn 0.8615 0.3185 -0.3953
vn 0.9886 0.1067 0.1061
vn 0.9237 0.3711 -0.0956
vn 0.8795 0.4760 0.0004
vn 0.9599 0.2039 0.1922
vn 0.8616 0.3185 -0.3954
vn 0.8452 0.4981 0.1939
vn 0.9481 -0.2690 0.1696
vn 0.9968 -0.0374 -0.0710
vn 0.9599 0.2038 0.1923
vn 0.9458 0.0137 0.3246
vn 0.9244 0.2772 0.2621
vn 0.8190 -0.3816 -0.4285
vn 0.6613 -0.5139 -0.5464
vn 0.4295 -0.6073 -0.6683
vn 0.5491 -0.5812 -0.6006
vn 0.1791 -0.6374 -0.7494
vn 0.0386 -0.6567 -0.7532
vn 0.4294 -0.6073 -0.6684
vn -0.2711 -0.8658 -0.4205
vn -0.3428 -0.6194 -0.7063
vn -0.5764 -0.5201 -0.6303
vn -0.4637 -0.6020 -0.6501
vn -0.7626 -0.4052 -0.5043
vn -0.9527 -0.2131 -0.2168
vn 0.3874 -0.9085 -0.1565
vn 0.4551 -0.8893 0.0443
vn 0.7185 -0.6956 -0.0024
vn -0.2763 -0.9576 0.0820
vn -0.4259 -0.9019 0.0718
vn 0.6362 -0.5532 0.5377
vn 0.3628 -0.4294 0.8271
vn -0.0412 0.7661 -0.6414
vn -0.1713 0.7024 -0.6909
vn -0.1706 0.7181 -0.6747
vn -0.0546 0.7395 -0.6710
vn -0.1644 0.7266 -0.6672
vn -0.1716 0.7349 -0.6562
vn -0.0564 0.9982 -0.0194
vn -0.1023 0.8929 -0.4384
vn 0.0628 0.9674 -0.2454
vn -0.1023 0.8929 -0.4385
vn -0.1313 0.9906 0.0371
vn 0.1800 0.9837 -0.0064
vn 0.1680 0.9858 -0.0044
vn -0.1673 0.9856 0.0238
vn 0.1893 0.9819 -0.0023
vn 0.1906 0.9817 -0.0059
vn 0.2009 0.9796 -0.0052
vn -0.1694 0.9855 0.0036
vn -0.1714 0.9851 -0.0097
vn -0.1715 0.9851 -0.0097
vn 0.2251 0.9743 0.0013
vn 0.2009 0.9796 -0.0051
vn 0.3544 0.9288 0.1080
vn -0.0517 0.9913 0.1211
vn -0.0429 0.9552 0.2929
vn -0.0337 0.8120 -0.5826
vn -0.0188 0.8186 -0.5741
vn -0.1527 0.7798 -0.6071
vn -0.1527 0.7799 -0.6071
vn -0.0187 0.8186 -0.5741
vn -0.0774 0.8178 -0.5703
vn -0.0805 0.8146 -0.5744
vn 0.0517 0.8654 -0.4984
vn 0.3637 0.3896 -0.8461
vn 0.4289 0.5158 -0.7417
vn -0.1777 0.7302 -0.6597
vn -0.1776 0.7227 -0.6679
vn 0.4288 0.5158 -0.7417
vn 0.4846 0.6168 -0.6203
vn -0.1618 0.7336 -0.6600
vn 0.4288 0.5157 -0.7417
vn 0.4589 0.7381 -0.4946
vn -0.1726 0.7384 -0.6518
vn 0.4238 0.8280 -0.3672
vn -0.1650 0.7433 -0.6483
vn -0.1726 0.7385 -0.6518
vn 0.4237 0.8280 -0.3671
vn 0.2849 0.9159 -0.2828
vn -0.1948 0.7271 -0.6583
vn 0.1902 0.9648 -0.1816
vn -0.1834 0.7274 -0.6612
vn 0.0289 0.9879 -0.1523
vn -0.1930 0.7160 -0.6709
vn -0.1092 0.9874 -0.1146
vn -0.1853 0.7160 -0.6731
vn -0.1091 0.9874 -0.1146
vn -0.2680 0.9538 -0.1356
vn -0.1881 0.7088 -0.6799
vn -0.2681 0.9538 -0.1356
vn -0.4077 0.9007 -0.1501
vn -0.1789 0.7117 -0.6793
vn -0.1881 0.7088 -0.6798
vn -0.4078 0.9007 -0.1501
vn -0.5178 0.8321 -0.1987
vn -0.4078 0.9007 -0.1502
vn -0.5179 0.8320 -0.1987
vn -0.6001 0.7556 -0.2628
vn -0.5179 0.8321 -0.1987
vn -0.6001 0.7555 -0.2628
vn -0.6539 0.6680 -0.3552
vn -0.1645 0.7266 -0.6671
vn -0.6882 0.5713 -0.4472
vn -0.6882 0.5712 -0.4473
vn -0.6711 0.4864 -0.5595
vn -0.1606 0.7379 -0.6556
vn -0.6882 0.5713 -0.4473
vn -0.6509 0.3845 -0.6546
vn -0.6711 0.4864 -0.5594
vn -0.5668 0.3177 -0.7601
vn -0.1788 0.7327 -0.6566
vn -0.1789 0.7327 -0.6567
vn -0.6509 0.3844 -0.6547
vn -0.4779 0.2406 -0.8448
vn -0.1901 0.7263 -0.6606
vn -0.3472 0.2175 -0.9122
vn -0.1909 0.7273 -0.6592
vn -0.4780 0.2406 -0.8448
vn -0.3472 0.2176 -0.9122
vn -0.2122 0.1823 -0.9601
vn -0.1980 0.7203 -0.6648
vn -0.1979 0.7203 -0.6648
vn -0.1909 0.7274 -0.6592
vn -0.0585 0.2180 -0.9742
vn -0.1975 0.7262 -0.6585
vn -0.0583 0.2180 -0.9742
vn 0.0967 0.2363 -0.9669
vn -0.1961 0.7225 -0.6629
vn -0.1961 0.7226 -0.6629
vn -0.0584 0.2180 -0.9742
vn 0.0968 0.2363 -0.9669
vn 0.2324 0.3216 -0.9179
vn -0.1931 0.7282 -0.6576
vn 0.2324 0.3217 -0.9179
vn -0.1932 0.7282 -0.6576
vn 0.4382 0.4133 -0.7982
vn 0.5047 0.5230 -0.6869
vn -0.1209 0.7779 -0.6166
vn -0.1188 0.7642 -0.6340
vn 0.5595 0.6099 -0.5612
vn -0.1021 0.7810 -0.6161
vn 0.5263 0.7294 -0.4370
vn -0.1187 0.7893 -0.6024
vn -0.1022 0.7810 -0.6161
vn 0.5262 0.7295 -0.4369
vn 0.4939 0.8126 -0.3093
vn -0.1066 0.7992 -0.5915
vn 0.5263 0.7295 -0.4370
vn 0.4940 0.8126 -0.3093
vn 0.3949 0.8951 -0.2072
vn -0.1215 0.8028 -0.5838
vn 0.3949 0.8951 -0.2071
vn 0.2932 0.9505 -0.1025
vn -0.1149 0.8129 -0.5710
vn -0.1150 0.8129 -0.5710
vn 0.1474 0.9879 -0.0494
vn -0.1354 0.8101 -0.5705
vn -0.1355 0.8101 -0.5705
vn 0.1473 0.9879 -0.0494
vn 0.0141 0.9998 0.0133
vn -0.1420 0.8147 -0.5622
vn -0.1420 0.8147 -0.5623
vn -0.1355 0.8101 -0.5704
vn 0.1474 0.9878 -0.0494
vn 0.0141 0.9998 0.0134
vn -0.1605 0.9868 -0.0199
vn -0.1599 0.7893 -0.5928
vn -0.1599 0.7894 -0.5927
vn -0.2935 0.9559 -0.0049
vn -0.2935 0.9559 -0.0048
vn -0.4148 0.9090 -0.0404
vn -0.2935 0.9560 -0.0049
vn -0.4148 0.9090 -0.0403
vn -0.5239 0.8430 -0.1220
vn -0.5974 0.7722 -0.2165
vn -0.5973 0.7723 -0.2163
vn -0.6672 0.6845 -0.2938
vn -0.6855 0.6047 -0.4055
vn -0.6855 0.6047 -0.4056
vn -0.6944 0.5102 -0.5075
vn -0.6944 0.5102 -0.5074
vn -0.6476 0.4427 -0.6202
vn -0.5979 0.3554 -0.7185
vn -0.4990 0.3085 -0.8098
vn -0.1523 0.7789 -0.6084
vn -0.4990 0.3085 -0.8099
vn -0.3964 0.2436 -0.8852
vn -0.1620 0.7807 -0.6035
vn -0.1620 0.7807 -0.6036
vn -0.2580 0.2373 -0.9365
vn -0.1526 0.7859 -0.5993
vn -0.1526 0.7858 -0.5993
vn -0.1619 0.7807 -0.6035
vn -0.3964 0.2435 -0.8852
vn -0.2581 0.2374 -0.9365
vn -0.1181 0.2125 -0.9700
vn -0.1635 0.7722 -0.6140
vn -0.1525 0.7859 -0.5993
vn -0.2581 0.2373 -0.9365
vn -0.1181 0.2124 -0.9700
vn 0.0320 0.2524 -0.9671
vn -0.1632 0.7779 -0.6069
vn -0.1634 0.7722 -0.6140
vn 0.1839 0.2746 -0.9438
vn -0.1447 0.7663 -0.6260
vn 0.1839 0.2745 -0.9438
vn 0.3117 0.3562 -0.8809
vn -0.1370 0.7689 -0.6246
vn -0.1370 0.7688 -0.6246
vn -0.1447 0.7663 -0.6259
vn 0.5939 0.6286 -0.5021
vn 0.5358 0.7554 -0.3772
vn -0.0336 0.8121 -0.5826
vn -0.0336 0.8120 -0.5826
vn -0.0021 0.8050 -0.5932
vn 0.5359 0.7554 -0.3772
vn 0.5045 0.8315 -0.2327
vn -0.0187 0.8186 -0.5740
vn 0.3795 0.9157 -0.1319
vn 0.2716 0.9623 -0.0135
vn -0.0483 0.8268 -0.5605
vn 0.0786 0.9965 0.0292
vn -0.1042 0.9941 0.0316
vn -0.2452 0.9694 0.0158
vn -0.1043 0.9940 0.0316
vn -0.2452 0.9693 0.0158
vn -0.3697 0.9291 0.0053
vn -0.0767 0.8224 -0.5638
vn -0.0767 0.8223 -0.5638
vn -0.4468 0.8854 -0.1287
vn -0.0474 0.8061 -0.5899
vn -0.4468 0.8853 -0.1287
vn -0.5056 0.8281 -0.2420
vn 0.0007 0.8104 -0.5859
vn -0.5424 0.7587 -0.3608
vn 0.0305 0.8157 -0.5777
vn -0.5651 0.6793 -0.4683
vn -0.5651 0.6792 -0.4683
vn -0.5266 0.6285 -0.5724
vn -0.5265 0.6285 -0.5725
vn -0.5019 0.5595 -0.6595
vn 0.0586 0.8456 -0.5306
vn -0.5266 0.6285 -0.5725
vn -0.5019 0.5595 -0.6596
vn -0.4023 0.5263 -0.7491
vn -0.4024 0.5263 -0.7491
vn -0.3084 0.4686 -0.8278
vn 0.0281 0.8684 -0.4950
vn -0.1831 0.4300 -0.8841
vn 0.0085 0.8766 -0.4811
vn -0.1830 0.4300 -0.8841
vn -0.0642 0.3604 -0.9306
vn -0.0230 0.8636 -0.5036
vn 0.0791 0.3544 -0.9318
vn -0.0585 0.8547 -0.5157
vn 0.0791 0.3544 -0.9317
vn 0.2260 0.3443 -0.9113
vn -0.0560 0.8283 -0.5575
vn -0.0585 0.8547 -0.5158
vn 0.3567 0.3969 -0.8457
vn 0.2259 0.3442 -0.9113
vn 0.4825 0.4493 -0.7519
vn -0.0696 0.8053 -0.5888
vn 0.3566 0.3969 -0.8457
vn 0.5664 0.5250 -0.6352
vn -0.0208 0.8072 -0.5899
vn -0.0695 0.8053 -0.5888
vn 0.5664 0.5251 -0.6352
vn 0.5938 0.6286 -0.5022
vn -0.0867 0.8462 -0.5257
vn -0.0209 0.8072 -0.5898
vn -0.0022 0.8050 -0.5932
vn 0.0439 0.8547 -0.5173
vn -0.1355 0.8100 -0.5705
vn -0.1420 0.8146 -0.5623
vn -0.1215 0.8027 -0.5838
vn -0.1788 0.7327 -0.6567
vn -0.2585 0.7384 -0.6228
vn -0.1569 0.8317 -0.5326
vn -0.1210 0.7779 -0.6166
vn -0.1022 0.7811 -0.6160
vn -0.1188 0.7642 -0.6339
vn -0.1447 0.7664 -0.6259
vn -0.1370 0.7689 -0.6245
vn -0.0209 0.8072 -0.5899
vn -0.1632 0.7779 -0.6068
vn -0.2031 0.8778 -0.4339
vn -0.0209 0.8073 -0.5898
vn -0.1448 0.7756 -0.6144
vn 0.9530 -0.0996 0.2861
vn 0.9458 0.0137 0.3245
vn 0.9286 0.1825 0.3230
vn -0.5952 -0.0846 0.7991
vn -0.5874 -0.2239 0.7777
vn -0.5331 -0.1414 0.8341
vn -0.5952 -0.0845 0.7991
vn -0.6673 0.0689 0.7416
vn -0.6079 0.1522 0.7793
vn -0.6673 0.0690 0.7416
vn -0.5910 0.2115 0.7785
vn -0.5707 0.3046 0.7626
vn -0.5706 0.3046 0.7626
vn -0.5985 0.1995 0.7759
vn 0.9248 0.2477 0.2889
vn 0.4635 0.2531 -0.8492
vn 0.2807 0.1336 -0.9505
vn 0.2758 0.1362 -0.9515
vn 0.4506 0.2440 -0.8587
vn 0.5517 0.4024 -0.7305
vn 0.6262 0.3413 -0.7010
vn 0.6109 0.5375 -0.5813
vn 0.6212 0.6796 -0.3903
vn 0.6108 0.5376 -0.5813
vn 0.5925 0.6862 -0.4219
vn 0.6212 0.6795 -0.3904
vn 0.5925 0.6862 -0.4220
vn 0.5260 0.8089 -0.2625
vn 0.3838 0.9153 -0.1225
vn 0.5260 0.8090 -0.2625
vn 0.3892 0.9124 -0.1269
vn 0.3837 0.9153 -0.1225
vn 0.1934 0.9803 -0.0389
vn 0.1934 0.9804 -0.0389
vn -0.0082 1.0000 0.0026
vn -0.1886 0.9795 -0.0711
vn -0.2162 0.9762 -0.0187
vn -0.1887 0.9795 -0.0711
vn -0.3446 0.9241 -0.1651
vn -0.2163 0.9762 -0.0187
vn -0.4020 0.9144 -0.0481
vn -0.4621 0.8395 -0.2860
vn -0.3447 0.9241 -0.1651
vn -0.4020 0.9144 -0.0482
vn -0.5576 0.8146 -0.1596
vn -0.4621 0.8394 -0.2861
vn -0.5567 0.7349 -0.3872
vn -0.5576 0.8146 -0.1595
vn -0.6637 0.6964 -0.2730
vn -0.6370 0.6168 -0.4624
vn -0.7124 0.5709 -0.4082
vn -0.6370 0.6168 -0.4623
vn -0.6926 0.4432 -0.5690
vn -0.5979 0.5176 -0.6121
vn -0.6926 0.4432 -0.5691
vn -0.6353 0.3054 -0.7093
vn -0.4908 0.2591 -0.8319
vn -0.5493 0.4049 -0.7309
vn -0.5126 0.2015 -0.8346
vn -0.4907 0.2591 -0.8319
vn -0.3258 0.1959 -0.9249
vn -0.5126 0.2015 -0.8347
vn -0.3535 0.1102 -0.9289
vn -0.3257 0.1958 -0.9250
vn -0.1595 0.0560 -0.9856
vn -0.3534 0.1101 -0.9290
vn -0.3534 0.1101 -0.9289
vn -0.1482 0.1034 -0.9835
vn -0.1594 0.0560 -0.9856
vn -0.1481 0.1034 -0.9835
vn 0.0620 0.0983 -0.9932
vn 0.0620 0.0984 -0.9932
vn 0.2807 0.1336 -0.9504
vn 0.3893 0.3743 -0.8416
vn 0.4769 0.4841 -0.7336
vn 0.4845 0.6168 -0.6203
vn 0.5044 0.6089 -0.6122
vn 0.4588 0.7382 -0.4946
vn 0.5044 0.6090 -0.6122
vn 0.4994 0.7215 -0.4796
vn 0.4237 0.8280 -0.3672
vn 0.4995 0.7215 -0.4796
vn 0.4340 0.8261 -0.3595
vn 0.2849 0.9159 -0.2829
vn 0.3514 0.9066 -0.2336
vn 0.1901 0.9648 -0.1816
vn 0.3513 0.9066 -0.2336
vn 0.2143 0.9644 -0.1548
vn 0.0289 0.9879 -0.1524
vn 0.0702 0.9942 -0.0815
vn -0.0927 0.9943 -0.0524
vn -0.2680 0.9538 -0.1357
vn -0.0927 0.9943 -0.0523
vn -0.0928 0.9943 -0.0523
vn -0.2614 0.9644 -0.0393
vn -0.4077 0.9007 -0.1502
vn -0.2615 0.9644 -0.0393
vn -0.4181 0.9054 -0.0742
vn -0.4182 0.9053 -0.0742
vn -0.5449 0.8285 -0.1296
vn -0.6000 0.7556 -0.2628
vn -0.5449 0.8284 -0.1296
vn -0.6403 0.7409 -0.2030
vn -0.6538 0.6681 -0.3552
vn -0.6403 0.7409 -0.2029
vn -0.7175 0.6351 -0.2863
vn -0.6539 0.6680 -0.3553
vn -0.7174 0.6351 -0.2863
vn -0.7175 0.6351 -0.2862
vn -0.7351 0.5369 -0.4140
vn -0.6711 0.4865 -0.5595
vn -0.7351 0.5369 -0.4141
vn -0.7395 0.4236 -0.5232
vn -0.6508 0.3845 -0.6547
vn -0.7395 0.4235 -0.5232
vn -0.6955 0.3251 -0.6407
vn -0.6508 0.3844 -0.6547
vn -0.5668 0.3178 -0.7601
vn -0.6955 0.3251 -0.6408
vn -0.6093 0.2378 -0.7564
vn -0.6093 0.2378 -0.7565
vn -0.4954 0.1761 -0.8506
vn -0.4954 0.1762 -0.8506
vn -0.3525 0.1357 -0.9259
vn -0.2122 0.1824 -0.9601
vn -0.3471 0.2176 -0.9122
vn -0.1975 0.1264 -0.9721
vn -0.0584 0.2181 -0.9742
vn -0.0305 0.1513 -0.9880
vn -0.0583 0.2181 -0.9742
vn -0.0304 0.1513 -0.9880
vn -0.0304 0.1514 -0.9880
vn 0.1267 0.1990 -0.9718
vn 0.0967 0.2364 -0.9668
vn 0.2770 0.2686 -0.9226
vn 0.5046 0.5230 -0.6868
vn 0.4183 0.4308 -0.7997
vn 0.5076 0.5130 -0.6922
vn 0.5047 0.5230 -0.6868
vn 0.5594 0.6099 -0.5613
vn 0.5046 0.5231 -0.6868
vn 0.5077 0.5130 -0.6922
vn 0.5281 0.6271 -0.5726
vn 0.5280 0.6271 -0.5726
vn 0.5280 0.6272 -0.5726
vn 0.5288 0.7241 -0.4428
vn 0.5263 0.7295 -0.4369
vn 0.5288 0.7241 -0.4427
vn 0.4643 0.8221 -0.3295
vn 0.4642 0.8221 -0.3295
vn 0.4158 0.8876 -0.1982
vn 0.2932 0.9506 -0.1025
vn 0.2692 0.9532 -0.1373
vn 0.2931 0.9506 -0.1025
vn 0.2692 0.9533 -0.1373
vn 0.1577 0.9862 -0.0507
vn 0.1576 0.9862 -0.0507
vn 0.0177 0.9998 0.0079
vn 0.0176 0.9998 0.0079
vn -0.1461 0.9887 0.0323
vn -0.1606 0.9868 -0.0199
vn -0.2931 0.9561 -0.0082
vn -0.2931 0.9561 -0.0081
vn -0.4262 0.9046 0.0079
vn -0.4262 0.9046 0.0080
vn -0.5385 0.8367 -0.1001
vn -0.5239 0.8430 -0.1221
vn -0.5973 0.7723 -0.2164
vn -0.6429 0.7506 -0.1526
vn -0.6429 0.7505 -0.1527
vn -0.6944 0.6661 -0.2723
vn -0.6854 0.6047 -0.4056
vn -0.6672 0.6845 -0.2939
vn -0.7459 0.5567 -0.3656
vn -0.6943 0.5102 -0.5075
vn -0.7161 0.4822 -0.5046
vn -0.7162 0.4822 -0.5046
vn -0.6937 0.3803 -0.6117
vn -0.6083 0.3230 -0.7250
vn -0.5978 0.3554 -0.7185
vn -0.4991 0.3085 -0.8098
vn -0.5200 0.2474 -0.8176
vn -0.4989 0.3085 -0.8099
vn -0.3965 0.2436 -0.8852
vn -0.5200 0.2474 -0.8175
vn -0.3929 0.2227 -0.8922
vn -0.3928 0.2227 -0.8922
vn -0.2601 0.1860 -0.9475
vn -0.2580 0.2374 -0.9365
vn -0.1109 0.2039 -0.9727
vn 0.0434 0.2109 -0.9765
vn 0.1838 0.2746 -0.9438
vn 0.0435 0.2109 -0.9765
vn 0.1850 0.2773 -0.9428
vn 0.3116 0.3562 -0.8809
vn 0.3236 0.3301 -0.8867
vn 0.3117 0.3563 -0.8808
vn 0.4382 0.4132 -0.7983
vn 0.5938 0.6287 -0.5021
vn 0.5819 0.6268 -0.5183
vn 0.5819 0.6267 -0.5183
vn 0.5925 0.7152 -0.3707
vn 0.5359 0.7554 -0.3771
vn 0.5926 0.7152 -0.3707
vn 0.5156 0.8217 -0.2430
vn 0.4173 0.8996 -0.1291
vn 0.2717 0.9623 -0.0136
vn 0.4173 0.8996 -0.1290
vn 0.3083 0.9512 0.0097
vn 0.0786 0.9965 0.0291
vn 0.2716 0.9623 -0.0136
vn 0.3083 0.9513 0.0097
vn 0.1045 0.9903 0.0916
vn 0.0785 0.9965 0.0291
vn 0.1046 0.9903 0.0916
vn -0.0990 0.9939 0.0483
vn -0.2533 0.9655 0.0610
vn -0.2453 0.9693 0.0157
vn -0.3696 0.9292 0.0053
vn -0.2452 0.9693 0.0157
vn -0.2533 0.9655 0.0609
vn -0.3866 0.9222 -0.0104
vn -0.5046 0.8592 -0.0846
vn -0.4467 0.8854 -0.1287
vn -0.5056 0.8282 -0.2420
vn -0.5815 0.7837 -0.2184
vn -0.5423 0.7587 -0.3608
vn -0.6571 0.6809 -0.3233
vn -0.5651 0.6793 -0.4682
vn -0.5423 0.7587 -0.3609
vn -0.6247 0.6207 -0.4738
vn -0.5650 0.6793 -0.4683
vn -0.6248 0.6195 -0.4753
vn -0.6248 0.6194 -0.4753
vn -0.6232 0.5325 -0.5728
vn -0.5576 0.4839 -0.6745
vn -0.4024 0.5264 -0.7490
vn -0.5019 0.5596 -0.6595
vn -0.5576 0.4839 -0.6744
vn -0.4871 0.3930 -0.7799
vn -0.4023 0.5264 -0.7491
vn -0.4871 0.3930 -0.7800
vn -0.4870 0.3930 -0.7800
vn -0.3690 0.3502 -0.8609
vn -0.3084 0.4687 -0.8278
vn -0.3689 0.3503 -0.8609
vn -0.2353 0.2870 -0.9286
vn -0.0643 0.3605 -0.9305
vn -0.2352 0.2871 -0.9286
vn -0.0856 0.2538 -0.9635
vn -0.0642 0.3605 -0.9306
vn 0.0790 0.3544 -0.9317
vn -0.0642 0.3605 -0.9305
vn -0.0856 0.2539 -0.9634
vn -0.0855 0.2539 -0.9635
vn 0.0800 0.2499 -0.9650
vn 0.0800 0.2499 -0.9649
vn 0.2314 0.3050 -0.9238
vn 0.2259 0.3443 -0.9113
vn 0.3567 0.3970 -0.8457
vn 0.2314 0.3051 -0.9238
vn 0.3825 0.3322 -0.8622
vn 0.3566 0.3970 -0.8457
vn 0.3825 0.3321 -0.8622
vn 0.4745 0.4409 -0.7619
vn 0.4825 0.4493 -0.7518
vn 0.4745 0.4410 -0.7618
vn 0.5668 0.5089 -0.6479
vn 0.2758 0.1361 -0.9515
vn -0.0859 0.7324 -0.6754
vn 0.5518 0.4024 -0.7305
vn 0.4507 0.2440 -0.8587
vn 0.6109 0.5375 -0.5812
vn 0.5518 0.4023 -0.7305
vn 0.5926 0.6862 -0.4219
vn 0.5261 0.8089 -0.2625
vn 0.5907 0.6916 -0.4156
vn -0.0859 0.7325 -0.6754
vn 0.3892 0.9124 -0.1268
vn 0.1935 0.9803 -0.0388
vn -0.0082 1.0000 0.0027
vn 0.1928 0.9805 -0.0386
vn -0.2163 0.9762 -0.0186
vn -0.0075 1.0000 0.0026
vn -0.2150 0.9764 -0.0185
vn -0.3941 0.9180 -0.0453
vn -0.5577 0.8146 -0.1595
vn -0.7124 0.5709 -0.4081
vn -0.6611 0.7005 -0.2688
vn -0.6927 0.4432 -0.5690
vn -0.7124 0.5708 -0.4081
vn -0.6354 0.3053 -0.7093
vn -0.5127 0.2014 -0.8346
vn -0.6394 0.3102 -0.7035
vn -0.3535 0.1101 -0.9289
vn -0.5159 0.2034 -0.8321
vn -0.1482 0.1033 -0.9835
vn -0.1410 0.1030 -0.9846
vn 0.4770 0.4840 -0.7336
vn 0.3894 0.3743 -0.8416
vn -0.1905 0.7273 -0.6594
vn 0.4770 0.4841 -0.7336
vn 0.5045 0.6089 -0.6122
vn -0.1905 0.7273 -0.6593
vn 0.4341 0.8261 -0.3594
vn -0.1904 0.7273 -0.6593
vn 0.3514 0.9066 -0.2335
vn 0.2144 0.9644 -0.1547
vn 0.0702 0.9942 -0.0814
vn -0.2557 0.9660 -0.0392
vn -0.5449 0.8285 -0.1295
vn -0.1909 0.7271 -0.6595
vn -0.6403 0.7408 -0.2030
vn -0.7175 0.6350 -0.2863
vn -0.1905 0.7272 -0.6595
vn -0.6955 0.3250 -0.6408
vn -0.3525 0.1356 -0.9259
vn -0.1975 0.1263 -0.9721
vn -0.1962 0.1265 -0.9724
vn 0.1267 0.1989 -0.9718
vn -0.0247 0.1528 -0.9879
vn 0.2769 0.2686 -0.9226
vn 0.5077 0.5130 -0.6921
vn 0.4184 0.4307 -0.7997
vn -0.1560 0.7784 -0.6081
vn 0.5281 0.6270 -0.5726
vn 0.5289 0.7241 -0.4427
vn 0.5277 0.7284 -0.4369
vn 0.2693 0.9532 -0.1373
vn 0.4206 0.8842 -0.2035
vn 0.2692 0.9532 -0.1372
vn -0.5405 0.8352 -0.1013
vn -0.7460 0.5567 -0.3655
vn -0.6954 0.6641 -0.2744
vn -0.7460 0.5567 -0.3656
vn -0.7166 0.4841 -0.5022
vn -0.6084 0.3230 -0.7250
vn -0.5200 0.2473 -0.8175
vn -0.6085 0.3231 -0.7248
vn -0.3929 0.2226 -0.8922
vn -0.5200 0.2473 -0.8176
vn -0.2602 0.1860 -0.9475
vn -0.3889 0.2218 -0.8942
vn -0.2682 0.1860 -0.9452
vn -0.1109 0.2038 -0.9727
vn 0.1850 0.2772 -0.9428
vn 0.0433 0.2109 -0.9766
vn 0.4183 0.4307 -0.7997
vn 0.3283 0.3334 -0.8838
vn 0.5926 0.7151 -0.3707
vn 0.5819 0.6267 -0.5182
vn -0.0648 0.8052 -0.5895
vn 0.5156 0.8217 -0.2429
vn 0.4173 0.8995 -0.1290
vn 0.1046 0.9903 0.0917
vn -0.0990 0.9939 0.0484
vn 0.1045 0.9903 0.0917
vn -0.1001 0.9938 0.0484
vn -0.3867 0.9222 -0.0103
vn -0.3899 0.9208 -0.0117
vn -0.4992 0.8627 -0.0803
vn -0.5797 0.7857 -0.2159
vn -0.6232 0.5325 -0.5727
vn -0.5577 0.4839 -0.6744
vn -0.5577 0.4839 -0.6745
vn -0.0648 0.8051 -0.5895
vn -0.4871 0.3929 -0.7800
vn -0.0855 0.2538 -0.9635
vn 0.0808 0.2500 -0.9649
vn 0.3851 0.3338 -0.8604
vn 0.5668 0.5088 -0.6479
vn 0.4745 0.4409 -0.7618
vn -0.0647 0.8055 -0.5891
vn -0.5943 -0.7856 0.1720
vn -0.2572 0.6473 -0.7175
vn -0.1025 0.6621 -0.7423
vn -0.1415 0.6604 -0.7375
vn -0.1789 0.7117 -0.6794
vn -0.1415 0.6603 -0.7375
vn -0.1024 0.8929 -0.4385
vn -0.0129 0.7473 -0.6643
vn -0.0723 0.7371 -0.6719
vn -0.0766 0.8223 -0.5638
vn 0.2070 0.6569 -0.7251
vn 0.0077 0.7770 -0.6295
vn -0.7544 0.6563 -0.0118
vn 0.0261 0.7341 0.6785
vn -0.2602 0.6983 0.6668
vn -0.0988 0.5323 0.8408
vn -0.6399 -0.7683 -0.0139
vn -0.3502 -0.1378 -0.9265
vn -0.3503 -0.1379 -0.9265
vn 0.0597 0.2259 -0.9723
vn -0.4329 0.3345 -0.8371
vn -0.3643 0.3123 -0.8774
vn -0.6257 -0.0010 -0.7801
vn -0.6691 0.0429 -0.7419
vn -0.5369 0.3465 -0.7692
vn -0.0497 -0.1714 -0.9839
vn 0.3012 0.3239 -0.8969
vn 0.2181 0.2910 -0.9315
vn 0.1514 0.2541 -0.9553
vn 0.0115 0.5450 -0.8384
vn 0.0598 0.2260 -0.9723
vn -0.0271 0.2169 -0.9758
vn -0.0272 0.2169 -0.9758
vn -0.0946 0.2257 -0.9696
vn -0.1700 0.2267 -0.9590
vn -0.1701 0.2267 -0.9590
vn -0.2504 0.5176 -0.8181
vn -0.3642 0.3124 -0.8774
vn -0.4329 0.3346 -0.8371
vn -0.4329 0.3346 -0.8370
vn -0.4928 0.3549 -0.7944
vn -0.4019 0.5271 -0.7487
vn 0.4307 0.3773 -0.8198
vn 0.3013 0.3239 -0.8969
vn 0.0859 0.5608 -0.8235
vn -0.7235 0.1059 -0.6822
vn -0.7779 0.1732 -0.6040
vn -0.4020 0.5271 -0.7487
vn 0.4781 0.4253 -0.7685
vn 0.4781 0.4254 -0.7684
vn -0.8139 0.2525 -0.5233
vn -0.5540 0.5879 -0.5895
vn -0.5189 0.5454 -0.6583
vn -0.5189 0.5454 -0.6582
vn -0.6417 0.4446 -0.6250
vn -0.5392 -0.8415 0.0339
vn -0.3963 -0.9133 0.0938
vn 0.9248 0.2477 0.2890
vn 0.9287 0.1825 0.3229
vn -0.5706 0.3047 0.7626
vn -0.5613 0.3610 0.7447
vn -0.5036 0.5746 0.6451
vn -0.4824 0.5663 0.6683
vn -0.7546 0.3583 0.5498
vn -0.7392 0.4779 0.4746
vn -0.5036 0.5746 0.6452
vn -0.4824 0.5664 0.6682
vn -0.6510 0.3518 0.6726
vn -0.4182 0.8489 0.3233
vn -0.4888 0.8442 0.2201
vn -0.5087 0.7699 0.3853
vn -0.4396 0.7656 0.4696
vn -0.4181 0.8489 0.3233
vn -0.3181 0.9285 0.1915
vn -0.4216 0.8209 0.3851
vn -0.6222 -0.0393 0.7819
vn -0.5910 0.2114 0.7785
vn -0.6317 0.2385 0.7376
vn -0.5332 -0.1413 0.8341
vn -0.4823 0.5664 0.6682
vn -0.5341 0.6898 0.4889
vn -0.4574 0.7193 0.5228
vn -0.5626 0.7508 0.3461
vn -0.5421 0.5660 0.6211
vn -0.4396 0.7656 0.4697
vn -0.5087 0.7699 0.3854
vn -0.5036 0.5747 0.6451
vn -0.5936 0.7960 0.1190
vn -0.6430 0.5204 0.5618
vn -0.5088 0.7698 0.3853
vn -0.6996 0.6396 0.3185
vn -0.5789 0.7943 0.1845
vn -0.4872 0.8382 0.2450
vn -0.5625 0.7509 0.3461
vn 0.1800 0.9836 -0.0064
vn 0.5833 0.8118 0.0261
vn 0.1906 0.9816 -0.0059
vn -0.6490 0.5996 0.4682
vn -0.6997 0.6396 0.3185
vn -0.7656 -0.4049 0.5000
vn -0.7444 -0.3166 0.5880
vn -0.8594 -0.2982 0.4154
vn -0.7288 -0.0427 0.6834
vn -0.5986 0.1994 0.7758
vn 0.8558 -0.4829 0.1858
vn 0.8469 -0.5274 0.0673
vn 0.8135 -0.5704 0.1136
vn 0.7691 -0.6351 -0.0721
vn 0.6311 -0.7471 -0.2085
vn 0.2162 -0.8689 -0.4452
vn 0.4475 -0.8429 -0.2989
vn 0.2282 -0.9089 -0.3490
vn -0.0128 -0.9346 -0.3556
vn -0.0129 -0.9346 -0.3556
vn -0.2388 -0.9227 -0.3026
vn -0.4409 -0.8738 -0.2050
vn -0.3762 -0.9245 -0.0617
vn -0.6301 -0.7682 -0.1130
vn -0.5393 -0.8414 0.0338
vn -0.6785 -0.7156 0.1661
vn -0.6302 -0.7682 -0.1130
vn -0.7720 -0.5632 0.2948
vn -0.8459 -0.4922 0.2056
vn -0.7720 -0.5632 0.2949
vn -0.7720 -0.5631 0.2949
vn -0.5995 0.0237 0.8000
vn -0.6317 0.2385 0.7377
vn -0.8801 0.2917 0.3746
vn 0.9286 0.1826 0.3230
vn 0.9247 0.2477 0.2890
vn 0.9247 0.2477 0.2889
vn 0.8452 0.4980 0.1939
vn 0.9247 0.2478 0.2889
vn 0.5433 0.7191 -0.4334
vn 0.8011 0.5494 -0.2374
vn 0.4706 0.8239 -0.3159
vn 0.4985 0.7751 -0.3881
vn 0.4986 0.7751 -0.3882
vn 0.5432 0.7191 -0.4335
vn 0.8012 0.5493 -0.2373
vn 0.9236 0.3711 -0.0956
vn 0.8615 0.3186 -0.3954
vn 0.8590 0.4214 -0.2909
vn 0.9236 0.3711 -0.0957
vn 0.5876 0.5590 -0.5849
vn 0.1722 0.7226 -0.6695
vn 0.5461 0.8366 0.0435
vn 0.5834 0.8118 0.0260
vn 0.7758 0.6247 0.0887
vn 0.5460 0.8366 0.0435
vn 0.9056 0.3427 0.2499
vn 0.1801 0.9836 -0.0064
vn 0.4036 0.9081 -0.1114
vn 0.5352 0.8441 0.0326
vn 0.6345 0.7702 0.0649
vn 0.4754 0.8789 0.0383
vn 0.8547 0.4967 0.1507
vn 0.7759 0.6246 0.0888
vn 0.7759 0.6246 0.0887
vn 0.9010 0.4327 0.0307
vn 0.8135 0.5810 0.0241
vn -0.4357 0.8999 0.0198
vn -0.1695 0.9855 0.0036
vn -0.4356 0.8999 0.0198
vn 0.2010 0.9796 -0.0052
vn 0.6321 0.7749 0.0053
vn 0.9011 0.4326 0.0307
vn 0.9808 0.1917 0.0357
vn 0.6036 0.7970 0.0195
vn -0.2618 0.9534 -0.1503
vn -0.3181 0.9285 0.1913
vn -0.1703 0.8872 -0.4287
vn -0.0584 0.9982 0.0135
vn -0.4703 0.8825 0.0053
vn -0.4176 0.9085 0.0119
vn -0.4356 0.8999 0.0199
vn 0.6604 0.7504 0.0264
vn 0.2252 0.9743 0.0013
vn -0.8960 0.4423 -0.0383
vn -0.8776 0.4793 -0.0050
vn -0.7544 0.6564 -0.0118
vn -0.4704 0.8825 0.0053
vn -0.7543 0.6564 -0.0118
vn -0.0583 0.9982 0.0135
vn 0.3436 0.9388 0.0227
vn 0.9979 -0.0546 0.0354
vn 0.9806 0.1923 0.0387
vn -0.8703 0.4871 0.0732
vn -0.8598 0.4882 0.1496
vn 0.7320 0.6677 0.1354
vn 0.9268 0.3254 0.1873
vn 0.9779 0.0076 0.2090
vn 0.9895 -0.0133 0.1438
vn 0.9779 0.0075 0.2090
vn 0.9452 -0.3061 0.1131
vn 0.9895 -0.0134 0.1439
vn -0.8241 -0.5373 0.1794
vn -0.9402 -0.3078 0.1461
vn -0.9660 0.2504 0.0636
vn -0.9883 -0.0358 0.1482
vn -0.4176 0.9086 0.0119
vn -0.6360 0.7258 0.2623
vn -0.6359 0.7258 0.2623
vn -0.5694 0.6797 0.4623
vn -0.3184 0.8158 0.4827
vn -0.0164 0.8740 0.4857
vn 0.7229 0.6333 0.2762
vn 0.8936 0.2915 0.3414
vn 0.8936 0.2914 0.3414
vn 0.9311 -0.0149 0.3644
vn 0.9590 -0.0029 0.2836
vn 0.8864 -0.2922 0.3589
vn 0.7174 -0.5736 0.3953
vn 0.3783 -0.7892 0.4839
vn 0.4199 -0.8542 0.3066
vn 0.7511 -0.5921 0.2922
vn 0.7174 -0.5736 0.3954
vn 0.8864 -0.2923 0.3589
vn 0.7175 -0.5735 0.3953
vn 0.3782 -0.7892 0.4838
vn -0.1260 -0.8588 0.4965
vn -0.1122 -0.9444 0.3089
vn -0.7561 -0.5617 0.3358
vn -0.7922 -0.5567 0.2501
vn -0.5723 -0.7544 0.3215
vn -0.9698 -0.0378 0.2409
vn -0.9164 0.2324 0.3258
vn -0.8405 0.4872 0.2368
vn -0.0163 0.8740 0.4857
vn 0.3540 0.7967 0.4899
vn 0.3498 0.8899 0.2928
vn -0.4680 0.5829 0.6642
vn -0.4679 0.5830 0.6642
vn -0.3184 0.8158 0.4828
vn 0.0261 0.7342 0.6784
vn 0.8457 0.2705 0.4600
vn 0.8936 0.2915 0.3415
vn 0.6780 0.5837 0.4469
vn 0.8926 -0.0128 0.4506
vn 0.9311 -0.0148 0.3644
vn 0.8457 0.2704 0.4600
vn 0.6691 -0.5493 0.5007
vn 0.7175 -0.5735 0.3954
vn -0.0952 -0.7317 0.6749
vn -0.1260 -0.8588 0.4966
vn 0.3781 -0.7892 0.4839
vn -0.7388 -0.2452 0.6278
vn -0.7782 -0.0398 0.6267
vn -0.7480 0.1899 0.6360
vn -0.8621 0.2181 0.4575
vn -0.7388 -0.2452 0.6277
vn -0.7783 -0.0399 0.6267
vn -0.8621 0.2182 0.4575
vn -0.7479 0.1900 0.6360
vn -0.8620 0.2182 0.4575
vn 0.0262 0.7342 0.6785
vn 0.3540 0.7966 0.4899
vn -0.6464 -0.4690 0.6019
vn -0.5780 -0.4169 0.7015
vn -0.6464 -0.4690 0.6018
vn -0.5040 -0.3577 0.7862
vn -0.6013 -0.2913 0.7441
vn -0.7097 -0.5198 0.4755
vn -0.6912 -0.6400 0.3357
vn -0.6222 -0.0394 0.7819
vn -0.5701 -0.1618 0.8055
vn -0.6401 0.0448 0.7670
vn -0.6697 -0.0025 0.7426
vn -0.6016 -0.1025 0.7922
vn -0.6697 -0.0025 0.7427
vn -0.6431 0.5204 0.5619
vn -0.6594 0.1003 0.7451
vn -0.5798 -0.0554 0.8129
vn -0.8471 -0.0490 0.5291
vn -0.7444 -0.3165 0.5880
vn -0.6940 -0.2117 0.6881
vn -0.8316 -0.2010 0.5177
vn -0.5040 -0.3577 0.7861
vn -0.7263 0.0299 0.6867
vn -0.8910 0.3026 0.3383
vn -0.9360 0.2399 0.2574
vn -0.3650 -0.4147 0.8335
vn -0.5039 -0.3578 0.7862
vn -0.5612 -0.4927 0.6650
vn -0.1070 -0.3723 0.9219
vn -0.1069 -0.3724 0.9219
vn -0.4029 -0.3790 0.8331
vn -0.5040 -0.3578 0.7862
vn -0.5779 -0.4169 0.7015
vn -0.2565 -0.4191 0.8710
vn -0.5343 -0.4804 0.6955
vn -0.3935 -0.4317 0.8116
vn -0.3935 -0.4318 0.8116
vn -0.5077 -0.3306 0.7956
vn -0.5613 -0.4927 0.6650
vn 0.9565 -0.1938 0.2182
vn 0.8479 -0.4386 0.2978
vn 0.9373 -0.3151 0.1491
vn -0.2032 0.8778 -0.4339
vn -0.3034 0.9399 -0.1567
vn -0.2032 0.8778 -0.4338
vn -0.3780 0.9190 0.1118
vn -0.3780 0.9191 0.1118
vn -0.4566 0.8889 0.0380
vn -0.4887 0.8442 0.2201
vn -0.2618 0.9533 -0.1503
vn -0.3779 0.9191 0.1117
vn -0.5936 0.7959 0.1189
vn 0.6966 0.7159 0.0462
vn 0.6967 0.7159 0.0462
vn 0.6020 0.7934 -0.0902
vn 0.0629 0.9674 -0.2453
vn 0.2769 0.9503 -0.1421
vn 0.4706 0.8239 -0.3158
vn 0.6967 0.7159 0.0461
vn 0.7366 0.6739 -0.0580
vn 0.7366 0.6738 -0.0579
vn 0.7598 0.6408 0.1103
vn 0.7539 0.6310 0.1827
vn 0.8452 0.4980 0.1940
vn 0.9056 0.3427 0.2500
vn 0.7715 -0.5287 0.3540
vn -0.6311 -0.6552 0.4152
vn -0.6507 -0.7001 0.2941
vn -0.5383 -0.8231 0.1806
vn -0.3962 -0.9133 0.0938
vn -0.3779 0.9190 0.1118
vn -0.4181 0.8489 0.3232
vn -0.3595 0.6076 -0.7082
vn -0.4635 0.5055 -0.7278
vn -0.3652 0.6636 -0.6529
vn -0.5188 0.5454 -0.6583
vn -0.6131 0.6291 -0.4779
vn -0.3651 0.6636 -0.6529
vn 0.9372 -0.3152 0.1491
vn 0.9934 -0.0123 0.1137
vn 0.9777 0.0701 0.1978
vn 0.9422 0.2825 0.1801
vn 0.9710 0.2213 0.0903
vn 0.9788 0.2007 0.0418
vn 0.9001 0.4340 0.0393
vn 0.9567 0.1407 0.2547
vn 0.9808 0.1918 0.0357
vn 0.9223 0.3546 0.1533
vn 0.9056 0.3426 0.2499
vn -0.5625 0.7509 0.3460
vn -0.6405 0.7637 0.0802
vn -0.4402 0.8974 0.0303
vn -0.3986 0.9122 0.0951
vn -0.5788 0.7943 0.1844
vn -0.5788 0.7943 0.1845
vn -0.6359 0.7258 0.2622
vn -0.6378 0.4018 0.6571
vn 0.6780 0.5836 0.4469
vn -0.4704 0.8825 0.0054
vn 0.6321 0.7748 0.0053
vn 0.9000 0.4341 0.0393
vn 0.9010 0.4326 0.0307
vn -0.2870 0.1450 0.9469
vn -0.2295 0.3085 0.9231
vn -0.4101 0.9032 -0.1266
vn -0.4565 0.8889 0.0380
vn -0.1931 -0.9806 0.0340
vn -0.2544 -0.9587 0.1276
vn 0.0683 -0.3727 0.9255
vn 0.8092 -0.5395 0.2325
vn 0.8470 -0.5274 0.0673
vn 0.8884 -0.4297 0.1617
vn 0.8557 -0.4829 0.1858
vn 0.8845 -0.3837 0.2652
vn -0.7793 -0.4789 0.4043
vn -0.7719 -0.5632 0.2949
vn -0.7792 -0.4789 0.4043
vn -0.9199 -0.2231 0.3227
vn -0.7656 -0.4049 0.4999
vn -0.8668 -0.3896 0.3113
vn -0.6939 -0.5542 0.4599
vn -0.9958 0.0645 0.0642
vn 0.9968 -0.0375 -0.0710
vn 0.9331 -0.3499 0.0831
vn 0.9779 -0.1041 -0.1810
vn 0.7871 -0.5854 0.1945
vn -0.1820 0.6533 -0.7349
vn -0.2159 0.6516 -0.7272
vn -0.1853 0.7159 -0.6731
vn -0.1834 0.7274 -0.6613
vn -0.1821 0.5097 -0.8409
vn -0.1820 0.6532 -0.7349
vn -0.0946 0.5225 -0.8473
vn 0.0114 0.5451 -0.8383
vn 0.0858 0.5609 -0.8235
vn -0.0006 0.6316 -0.7753
vn -0.1712 0.7024 -0.6909
vn -0.0545 0.7395 -0.6710
vt 0.481704 0.271584
vt 0.475930 0.299272
vt 0.458672 0.264812
vt 0.466948 0.326391
vt 0.452727 0.354699
vt 0.446210 0.316254
vt 0.436822 0.382661
vt 0.416815 0.406591
vt 0.403931 0.386241
vt 0.421337 0.365068
vt 0.392631 0.429476
vt 0.354160 0.443141
vt 0.385179 0.406263
vt 0.282850 0.486157
vt 0.300754 0.469543
vt 0.312435 0.478777
vt 0.299618 0.492459
vt 0.261537 0.485278
vt 0.267235 0.454346
vt 0.288936 0.451012
vt 0.175443 0.444890
vt 0.212352 0.453319
vt 0.207924 0.481520
vt 0.172376 0.475240
vt 0.129854 0.447514
vt 0.098667 0.430187
vt 0.107666 0.405885
vt 0.135044 0.425181
vt 0.069422 0.408813
vt 0.059055 0.368376
vt 0.085101 0.385070
vt 0.014090 0.321621
vt 0.027909 0.316374
vt 0.035746 0.344084
vt 0.021783 0.350754
vt 0.007785 0.287500
vt 0.004600 0.252436
vt 0.020056 0.284679
vt 0.005605 0.218290
vt 0.011316 0.185689
vt 0.031129 0.219971
vt 0.020542 0.153836
vt 0.035067 0.122862
vt 0.057860 0.136511
vt 0.044463 0.164397
vt 0.075895 0.069875
vt 0.093624 0.090074
vt 0.073806 0.111886
vt 0.054431 0.094341
vt 0.126710 0.032093
vt 0.140360 0.055638
vt 0.115818 0.070747
vt 0.100918 0.048783
vt 0.185416 0.009986
vt 0.192873 0.034831
vt 0.165843 0.043330
vt 0.154613 0.019822
vt 0.248781 0.003584
vt 0.249044 0.029934
vt 0.221098 0.029979
vt 0.217059 0.005002
vt 0.310627 0.012480
vt 0.303672 0.038132
vt 0.276886 0.031849
vt 0.280188 0.006659
vt 0.367757 0.037253
vt 0.354218 0.058918
vt 0.329808 0.046559
vt 0.339854 0.023303
vt 0.415883 0.076236
vt 0.397746 0.092499
vt 0.377396 0.073991
vt 0.393095 0.055737
vt 0.453103 0.124577
vt 0.430101 0.134829
vt 0.415778 0.112688
vt 0.435830 0.099760
vt 0.476353 0.180664
vt 0.451263 0.185025
vt 0.443045 0.159270
vt 0.466512 0.152062
vt 0.481804 0.210749
vt 0.483581 0.240977
vt 0.457918 0.211068
vt 0.425996 0.308941
vt 0.434542 0.262639
vt 0.403969 0.349995
vt 0.371364 0.385314
vt 0.342482 0.420308
vt 0.336072 0.409702
vt 0.318132 0.434217
vt 0.312027 0.418472
vt 0.248852 0.433183
vt 0.268911 0.430121
vt 0.245638 0.456106
vt 0.179962 0.423130
vt 0.216197 0.431684
vt 0.138577 0.413359
vt 0.113460 0.395605
vt 0.119825 0.385715
vt 0.142650 0.402603
vt 0.101463 0.369081
vt 0.091982 0.377318
vt 0.073341 0.357856
vt 0.086267 0.348212
vt 0.072333 0.325953
vt 0.052767 0.338664
vt 0.041565 0.311273
vt 0.063716 0.301277
vt 0.056464 0.276233
vt 0.033411 0.282452
vt 0.030234 0.253170
vt 0.053801 0.249950
vt 0.064857 0.170505
vt 0.054156 0.222109
vt 0.077761 0.146658
vt 0.092426 0.125362
vt 0.109508 0.106956
vt 0.151307 0.076940
vt 0.128214 0.090075
vt 0.174218 0.067043
vt 0.199070 0.059926
vt 0.224423 0.055799
vt 0.249321 0.055052
vt 0.274212 0.056475
vt 0.297609 0.060944
vt 0.321259 0.068793
vt 0.342214 0.079516
vt 0.362428 0.092270
vt 0.380746 0.108686
vt 0.397254 0.126594
vt 0.409881 0.145246
vt 0.434374 0.213883
vt 0.428267 0.190580
vt 0.415486 0.305720
vt 0.421996 0.280358
vt 0.358248 0.370787
vt 0.382939 0.354970
vt 0.402969 0.330303
vt 0.331539 0.375644
vt 0.331092 0.399752
vt 0.421997 0.251541
vt 0.430676 0.215751
vt 0.420643 0.167059
vt 0.415299 0.169130
vt 0.405895 0.150968
vt 0.186749 0.311792
vt 0.208763 0.301412
vt 0.214057 0.311039
vt 0.187445 0.322828
vt 0.182473 0.230848
vt 0.196448 0.220214
vt 0.227771 0.248563
vt 0.219522 0.254327
vt 0.287735 0.426647
vt 0.285322 0.408605
vt 0.220117 0.411042
vt 0.250315 0.412642
vt 0.188254 0.401548
vt 0.154161 0.382881
vt 0.107156 0.338062
vt 0.122601 0.357619
vt 0.091830 0.308474
vt 0.083020 0.273481
vt 0.081338 0.223024
vt 0.089595 0.179077
vt 0.110811 0.139066
vt 0.142873 0.109469
vt 0.178765 0.088736
vt 0.225900 0.075273
vt 0.274648 0.074562
vt 0.315562 0.084652
vt 0.355233 0.103983
vt 0.390859 0.131125
vt 0.181304 0.341360
vt 0.192144 0.388008
vt 0.175057 0.348953
vt 0.108812 0.307534
vt 0.107907 0.317627
vt 0.109284 0.327358
vt 0.112778 0.336494
vt 0.118659 0.344943
vt 0.126295 0.351744
vt 0.136082 0.356410
vt 0.146318 0.358452
vt 0.113027 0.297952
vt 0.115021 0.167063
vt 0.131752 0.132029
vt 0.124776 0.152822
vt 0.152473 0.138724
vt 0.149059 0.125667
vt 0.172165 0.120173
vt 0.165467 0.138153
vt 0.101282 0.246820
vt 0.151454 0.235937
vt 0.145526 0.279569
vt 0.136658 0.232018
vt 0.203258 0.162058
vt 0.250159 0.182987
vt 0.208629 0.177843
vt 0.204490 0.207295
vt 0.209013 0.192736
vt 0.247499 0.194213
vt 0.247475 0.205347
vt 0.368061 0.211720
vt 0.333135 0.194315
vt 0.374470 0.175067
vt 0.156902 0.357955
vt 0.166577 0.354430
vt 0.167424 0.235876
vt 0.208488 0.270767
vt 0.167867 0.285747
vt 0.212802 0.261853
vt 0.236910 0.244959
vt 0.250744 0.215849
vt 0.205830 0.280352
vt 0.176251 0.292108
vt 0.110442 0.181498
vt 0.110628 0.196466
vt 0.412191 0.304873
vt 0.418282 0.281122
vt 0.358594 0.365813
vt 0.381729 0.351007
vt 0.400485 0.327897
vt 0.333656 0.370435
vt 0.312631 0.356530
vt 0.309090 0.360731
vt 0.418323 0.254123
vt 0.408971 0.229256
vt 0.411971 0.224995
vt 0.391546 0.216891
vt 0.393321 0.211751
vt 0.367855 0.216910
vt 0.317625 0.277025
vt 0.307996 0.305916
vt 0.304286 0.306913
vt 0.314527 0.275913
vt 0.305289 0.333037
vt 0.301209 0.335910
vt 0.347876 0.230342
vt 0.328525 0.253847
vt 0.326096 0.251319
vt 0.346924 0.226059
vt 0.386182 0.305978
vt 0.343241 0.328901
vt 0.382624 0.256538
vt 0.342046 0.277845
vt 0.240484 0.483758
vt 0.256621 0.509532
vt 0.236263 0.508635
vt 0.204315 0.506117
vt 0.126960 0.465559
vt 0.094436 0.455267
vt 0.067122 0.442633
vt 0.851453 0.797157
vt 0.871220 0.778982
vt 0.881240 0.793172
vt 0.860328 0.812294
vt 0.890161 0.759897
vt 0.907868 0.736050
vt 0.919085 0.748611
vt 0.900088 0.772605
vt 0.924701 0.711993
vt 0.939239 0.689005
vt 0.950213 0.699584
vt 0.935746 0.723787
vt 0.953437 0.666241
vt 0.963288 0.632578
vt 0.974728 0.638044
vt 0.963000 0.673542
vt 0.405754 0.467443
vt 0.416469 0.442560
vt 0.430303 0.471866
vt 0.413688 0.523197
vt 0.397467 0.494308
vt 0.405243 0.574670
vt 0.383696 0.578446
vt 0.386433 0.549806
vt 0.409293 0.548819
vt 0.405767 0.632068
vt 0.382897 0.608038
vt 0.411741 0.689232
vt 0.388732 0.667353
vt 0.433001 0.743208
vt 0.404150 0.724411
vt 0.466753 0.793980
vt 0.432784 0.779891
vt 0.514460 0.836202
vt 0.476993 0.830190
vt 0.533686 0.867413
vt 0.503732 0.851561
vt 0.632622 0.873978
vt 0.597787 0.887659
vt 0.570871 0.863091
vt 0.663226 0.891417
vt 0.630878 0.892270
vt 0.695351 0.870239
vt 0.725471 0.881320
vt 0.695018 0.888446
vt 0.753665 0.854219
vt 0.783249 0.860746
vt 0.754919 0.872550
vt 0.804728 0.830145
vt 0.828548 0.814225
vt 0.836329 0.831047
vt 0.810264 0.847337
vt 0.859200 0.713286
vt 0.842984 0.735489
vt 0.823802 0.708629
vt 0.838801 0.687221
vt 0.887515 0.667348
vt 0.873612 0.690520
vt 0.852400 0.663593
vt 0.865624 0.638095
vt 0.839309 0.605230
vt 0.871796 0.600571
vt 0.488473 0.428228
vt 0.524998 0.421882
vt 0.526421 0.469632
vt 0.491723 0.471124
vt 0.513731 0.520781
vt 0.483502 0.520726
vt 0.543636 0.521350
vt 0.538453 0.549331
vt 0.507674 0.549518
vt 0.513286 0.578511
vt 0.490263 0.626042
vt 0.461611 0.624790
vt 0.470672 0.574514
vt 0.460398 0.671067
vt 0.498786 0.676336
vt 0.475714 0.721132
vt 0.494664 0.715983
vt 0.498395 0.762520
vt 0.513012 0.746229
vt 0.526774 0.770316
vt 0.539442 0.800945
vt 0.546765 0.789770
vt 0.587629 0.823203
vt 0.573523 0.801362
vt 0.638054 0.829224
vt 0.636427 0.814480
vt 0.695544 0.822485
vt 0.681958 0.808929
vt 0.743408 0.807632
vt 0.725990 0.777563
vt 0.788439 0.783291
vt 0.772337 0.761434
vt 0.824281 0.755594
vt 0.807123 0.770389
vt 0.790173 0.744950
vt 0.806726 0.728616
vt 0.529075 0.768993
vt 0.548424 0.787605
vt 0.515833 0.745393
vt 0.541878 0.611687
vt 0.535502 0.634573
vt 0.516177 0.642404
vt 0.574118 0.798626
vt 0.601724 0.800995
vt 0.602470 0.804386
vt 0.710037 0.736380
vt 0.686083 0.748127
vt 0.694028 0.733722
vt 0.630753 0.798296
vt 0.656483 0.782595
vt 0.668464 0.795650
vt 0.506301 0.714999
vt 0.510422 0.682754
vt 0.513884 0.684846
vt 0.509934 0.715097
vt 0.676322 0.761680
vt 0.691022 0.768477
vt 0.525366 0.649512
vt 0.528275 0.652219
vt 0.549134 0.624221
vt 0.573142 0.607154
vt 0.576417 0.618793
vt 0.555982 0.634511
vt 0.547348 0.621268
vt 0.573259 0.603171
vt 0.703541 0.705119
vt 0.718373 0.704470
vt 0.597715 0.599987
vt 0.598793 0.596248
vt 0.702909 0.676541
vt 0.714487 0.671309
vt 0.703766 0.647065
vt 0.694990 0.652933
vt 0.681591 0.632119
vt 0.688386 0.626396
vt 0.663339 0.615778
vt 0.644127 0.604252
vt 0.648304 0.596077
vt 0.668532 0.609402
vt 0.623216 0.597632
vt 0.627266 0.587675
vt 0.622245 0.600532
vt 0.305429 0.525893
vt 0.310583 0.543199
vt 0.293704 0.552367
vt 0.290153 0.528560
vt 0.267093 0.557635
vt 0.247225 0.557063
vt 0.251808 0.533156
vt 0.272240 0.532360
vt 0.232344 0.532607
vt 0.228429 0.555992
vt 0.199204 0.552430
vt 0.201387 0.529758
vt 0.170025 0.524833
vt 0.169086 0.547630
vt 0.122846 0.538290
vt 0.123937 0.515131
vt 0.089791 0.508698
vt 0.091640 0.481071
vt 0.124961 0.490296
vt 0.064722 0.473441
vt 0.061605 0.503705
vt 0.038105 0.498828
vt 0.042303 0.467799
vt 0.262844 0.592926
vt 0.242638 0.590030
vt 0.061347 0.528767
vt 0.037053 0.526209
vt 0.481054 0.393219
vt 0.513041 0.383614
vt 0.566086 0.566818
vt 0.574721 0.590330
vt 0.730927 0.589669
vt 0.695028 0.618152
vt 0.693771 0.561765
vt 0.631035 0.578436
vt 0.606259 0.566916
vt 0.650573 0.542738
vt 0.761922 0.618588
vt 0.789341 0.639986
vt 0.777328 0.660700
vt 0.750946 0.639162
vt 0.558587 0.469582
vt 0.567499 0.520567
vt 0.750705 0.546535
vt 0.786615 0.574112
vt 0.774952 0.595402
vt 0.740601 0.569406
vt 0.655992 0.523522
vt 0.658645 0.502287
vt 0.709007 0.521289
vt 0.701963 0.542540
vt 0.827835 0.635641
vt 0.801969 0.615392
vt 0.812157 0.592080
vt 0.612011 0.448595
vt 0.588526 0.478259
vt 0.718922 0.501340
vt 0.762321 0.524464
vt 0.609939 0.486864
vt 0.662980 0.474615
vt 0.797885 0.555988
vt 0.816250 0.573357
vt 0.737943 0.463899
vt 0.776792 0.482730
vt 0.751205 0.426947
vt 0.790402 0.439428
vt 0.803594 0.448180
vt 0.823124 0.433680
vt 0.356027 0.630079
vt 0.354335 0.641393
vt 0.323956 0.639595
vt 0.326125 0.630300
vt 0.950318 0.545592
vt 0.952957 0.567999
vt 0.936165 0.559733
vt 0.864436 0.586505
vt 0.837537 0.584009
vt 0.560740 0.356433
vt 0.593041 0.385886
vt 0.562660 0.414053
vt 0.540014 0.373737
vt 0.640372 0.416485
vt 0.686207 0.440955
vt 0.798444 0.184387
vt 0.727913 0.359983
vt 0.683670 0.337285
vt 0.759230 0.163875
vt 0.637673 0.309912
vt 0.717079 0.139026
vt 0.836362 0.198371
vt 0.769368 0.376808
vt 0.874672 0.208943
vt 0.808265 0.387652
vt 0.913759 0.217237
vt 0.852093 0.396463
vt 0.887039 0.402272
vt 0.951424 0.225084
vt 0.335981 0.831380
vt 0.299252 0.824940
vt 0.922998 0.410410
vt 0.988364 0.235569
vt 0.265260 0.817069
vt 0.286471 0.636951
vt 0.223506 0.587603
vt 0.218127 0.627424
vt 0.052412 0.801458
vt 0.059884 0.612633
vt 0.117658 0.616282
vt 0.105752 0.796768
vt 0.008940 0.611357
vt 0.034378 0.611812
vt 0.028012 0.803787
vt 0.004975 0.804953
vt 0.598921 0.289898
vt 0.678884 0.117833
vt 0.233164 0.808828
vt 0.260180 0.839663
vt 0.225036 0.840597
vt 0.198228 0.833628
vt 0.203260 0.802258
vt 0.148848 0.796175
vt 0.147646 0.828495
vt 0.106757 0.830781
vt 0.054287 0.827130
vt 0.009242 0.836116
vt 0.694986 0.093689
vt 0.730201 0.117129
vt 0.770727 0.145131
vt 0.811482 0.154896
vt 0.845900 0.169237
vt 0.881965 0.178181
vt 0.918648 0.194375
vt 0.955829 0.199482
vt 0.328746 0.860962
vt 0.293748 0.850868
vt 0.993488 0.206531
vt 0.253681 0.860887
vt 0.216684 0.867922
vt 0.193042 0.861543
vt 0.165852 0.857250
vt 0.168934 0.829390
vt 0.146407 0.856755
vt 0.109954 0.860111
vt 0.058673 0.852105
vt 0.063992 0.872596
vt 0.023765 0.888370
vt 0.015533 0.863458
vt 0.744585 0.097388
vt 0.712849 0.072266
vt 0.731720 0.054201
vt 0.759530 0.081393
vt 0.794350 0.111839
vt 0.823944 0.130767
vt 0.783431 0.127240
vt 0.854743 0.145113
vt 0.887478 0.151787
vt 0.921486 0.172206
vt 0.922458 0.154864
vt 0.958721 0.155115
vt 0.958036 0.174669
vt 0.318368 0.889279
vt 0.307464 0.910467
vt 0.277559 0.894097
vt 0.285948 0.875102
vt 0.993974 0.153305
vt 0.995306 0.176889
vt 0.246411 0.878892
vt 0.238535 0.896419
vt 0.230164 0.912920
vt 0.208067 0.892991
vt 0.146532 0.905222
vt 0.117135 0.911859
vt 0.113131 0.886524
vt 0.145919 0.882064
vt 0.077984 0.909305
vt 0.087569 0.926239
vt 0.062148 0.948777
vt 0.047082 0.931002
vt 0.791664 0.017026
vt 0.808523 0.046367
vt 0.791240 0.055937
vt 0.771008 0.026617
vt 0.849834 0.089815
vt 0.836396 0.109812
vt 0.817142 0.084527
vt 0.829332 0.072038
vt 0.869961 0.100018
vt 0.895397 0.104267
vt 0.892311 0.127733
vt 0.862648 0.123024
vt 0.922872 0.101637
vt 0.923303 0.120060
vt 0.954646 0.115576
vt 0.957794 0.135594
vt 0.922791 0.137674
vt 0.294047 0.930365
vt 0.277698 0.949418
vt 0.256145 0.929908
vt 0.267672 0.912262
vt 0.983666 0.106280
vt 0.990330 0.129952
vt 0.204077 0.953339
vt 0.188203 0.940221
vt 0.198685 0.916328
vt 0.220044 0.929583
vt 0.168579 0.931418
vt 0.179968 0.908724
vt 0.160262 0.904583
vt 0.147302 0.931880
vt 0.124793 0.936374
vt 0.105534 0.947774
vt 0.086421 0.969553
vt 0.821677 0.008125
vt 0.832811 0.034964
vt 0.847445 0.052813
vt 0.863689 0.065380
vt 0.879608 0.071759
vt 0.899272 0.073533
vt 0.923456 0.066452
vt 0.949012 0.095158
vt 0.223361 0.986638
vt 0.216666 0.967794
vt 0.242083 0.946886
vt 0.258774 0.965749
vt 0.973492 0.083958
vt 0.950007 0.050589
vt 0.178733 0.959294
vt 0.164106 0.952554
vt 0.148494 0.953958
vt 0.132486 0.964943
vt 0.120055 0.986808
vt 0.859319 0.005653
vt 0.862762 0.031054
vt 0.875524 0.046391
vt 0.886036 0.051792
vt 0.900248 0.054901
vt 0.913727 0.046312
vt 0.195486 0.994328
vt 0.189015 0.974229
vt 0.929255 0.031858
vt 0.157995 0.996416
vt 0.160775 0.966618
vt 0.890435 0.036161
vt 0.896995 0.013892
vt 0.663421 0.380653
vt 0.707411 0.405222
vt 0.616955 0.349296
vt 0.581537 0.326868
vt 0.283267 0.597618
vt 0.293532 0.613255
vt 0.918968 0.420043
vt 0.880069 0.419900
vt 0.842972 0.426369
vt 0.308098 0.624067
vt 0.282939 0.566253
vt 0.279720 0.582016
vt 0.573209 0.545843
vt 0.602835 0.584180
vt 0.591868 0.522909
vt 0.651661 0.587763
vt 0.712337 0.636761
vt 0.738024 0.658618
vt 0.673949 0.601053
vt 0.749566 0.701103
vt 0.729099 0.738308
vt 0.708589 0.772890
vt 0.756913 0.739371
vt 0.772253 0.720885
vt 0.839355 0.777407
vt 0.858971 0.758242
vt 0.876425 0.736936
vt 0.892094 0.714016
vt 0.933006 0.647725
vt 0.920006 0.669054
vt 0.901511 0.647461
vt 0.916729 0.629484
vt 0.461174 0.472044
vt 0.449449 0.521419
vt 0.443098 0.547468
vt 0.437940 0.574951
vt 0.433819 0.628711
vt 0.436228 0.680328
vt 0.454690 0.732281
vt 0.482943 0.778281
vt 0.527268 0.818460
vt 0.578467 0.844367
vt 0.634218 0.854300
vt 0.694749 0.850272
vt 0.750371 0.831877
vt 0.797959 0.807658
vt 0.819424 0.793502
vt 0.466460 0.448880
vt 0.046642 0.403896
vt 0.313689 0.499548
vt 0.308965 0.510467
vt 0.293290 0.510170
vt 0.948476 0.593920
vt 0.941383 0.576549
vt 0.961529 0.582764
vt 0.785166 0.528512
vt 0.781370 0.501423
vt 0.788600 0.468823
vt 0.089927 0.570611
vt 0.090105 0.533627
vt 0.120732 0.574153
vt 0.537936 0.762363
vt 0.554716 0.778172
vt 0.526393 0.741735
vt 0.545911 0.645728
vt 0.537833 0.637318
vt 0.576778 0.787793
vt 0.600649 0.789831
vt 0.671955 0.759904
vt 0.662405 0.753059
vt 0.671149 0.741780
vt 0.681449 0.746852
vt 0.623722 0.784015
vt 0.645363 0.770320
vt 0.652974 0.778871
vt 0.628580 0.794275
vt 0.524817 0.688755
vt 0.520967 0.715287
vt 0.537754 0.658803
vt 0.678071 0.729485
vt 0.687187 0.704532
vt 0.699165 0.705298
vt 0.689356 0.732904
vt 0.597577 0.611560
vt 0.688229 0.680453
vt 0.699509 0.677887
vt 0.682894 0.659300
vt 0.672141 0.640095
vt 0.679580 0.633615
vt 0.692375 0.654456
vt 0.656462 0.625285
vt 0.638704 0.615570
vt 0.642942 0.606633
vt 0.661852 0.617607
vt 0.619809 0.610860
vt 0.822584 0.561086
vt 0.839252 0.569913
vt 0.837697 0.581576
vt 0.817085 0.571146
vt 0.830220 0.446605
vt 0.814760 0.459610
vt 0.805396 0.450236
vt 0.824183 0.435946
vt 0.329129 0.615593
vt 0.353944 0.615751
vt 0.355913 0.627725
vt 0.326586 0.627835
vt 0.927203 0.548298
vt 0.939647 0.535468
vt 0.948691 0.543868
vt 0.934708 0.557751
vt 0.861985 0.572339
vt 0.864031 0.584136
vt 0.917102 0.432527
vt 0.881179 0.433091
vt 0.880164 0.422105
vt 0.918764 0.422133
vt 0.846813 0.439494
vt 0.843394 0.428630
vt 0.304636 0.603899
vt 0.315099 0.611308
vt 0.309258 0.621948
vt 0.295334 0.611656
vt 0.296965 0.593401
vt 0.285502 0.596812
vt 0.304711 0.561967
vt 0.296011 0.572711
vt 0.285311 0.567165
vt 0.295522 0.553967
vt 0.294050 0.583103
vt 0.282150 0.582046
vt 0.896957 0.565273
vt 0.902673 0.575749
vt 0.809771 0.548822
vt 0.799610 0.554174
vt 0.801808 0.525896
vt 0.787993 0.527960
vt 0.799283 0.504825
vt 0.784546 0.501960
vt 0.804796 0.476200
vt 0.791390 0.470338
vt 0.318642 0.553635
vt 0.311590 0.545037
vt 0.607202 0.697759
vt 0.880614 0.497173
vt 0.942108 0.440262
vt 0.954572 0.451230
vt 0.962035 0.463978
vt 0.963843 0.479391
vt 0.957875 0.506430
vt 0.949796 0.521552
vt 0.962530 0.493134
vt 0.123028 0.222392
vt 0.137429 0.143627
vt 0.204102 0.116649
vt 0.180613 0.141997
vt 0.194780 0.218778
vt 0.181470 0.228937
vt 0.202585 0.206392
vt 0.206844 0.192498
vt 0.206492 0.178329
vt 0.201351 0.163315
vt 0.192081 0.152519
vt 0.193646 0.150986
vt 0.179571 0.143976
vt 0.165194 0.140324
vt 0.152720 0.140887
vt 0.138377 0.145588
vt 0.126358 0.154360
vt 0.116999 0.167937
vt 0.112636 0.181770
vt 0.112751 0.196061
vt 0.114532 0.210198
vt 0.116523 0.209198
vt 0.124654 0.220814
vt 0.137611 0.230019
vt 0.151789 0.233838
vt 0.167046 0.233757
vt 0.903628 0.577957
vt 0.043988 0.376722
vt 0.391165 0.521974
vt 0.447501 0.431488
vt 0.428469 0.423402
vt 0.384627 0.638343
vt 0.394871 0.696816
vt 0.415954 0.751886
vt 0.452358 0.807016
vt 0.564953 0.880508
vt 0.263294 0.165854
vt 0.255640 0.173490
vt 0.171348 0.500310
vt 0.166417 0.579991
vt 0.196012 0.584101
vt 0.191822 0.623990
vt 0.162934 0.620471
vt 0.182570 0.301245
vt 0.206110 0.290947
vt 0.157202 0.280797
vt 0.135756 0.281023
vt 0.323294 0.224925
vt 0.328368 0.215731
vt 0.330982 0.216804
vt 0.325475 0.226701
vt 0.330749 0.205256
vt 0.333492 0.205652
vt 0.330410 0.194707
vt 0.327289 0.184394
vt 0.329816 0.183380
vt 0.321822 0.175133
vt 0.323989 0.173460
vt 0.313926 0.167598
vt 0.315515 0.165374
vt 0.304459 0.162317
vt 0.305378 0.159714
vt 0.294232 0.159749
vt 0.294441 0.156975
vt 0.283540 0.159870
vt 0.282929 0.157101
vt 0.273652 0.162934
vt 0.272331 0.160474
vt 0.265011 0.168094
vt 0.257842 0.175281
vt 0.252723 0.184158
vt 0.250244 0.194598
vt 0.250294 0.204927
vt 0.253323 0.214942
vt 0.258425 0.223951
vt 0.256008 0.225463
vt 0.266550 0.231475
vt 0.264845 0.233499
vt 0.276212 0.236993
vt 0.275341 0.239506
vt 0.286971 0.240035
vt 0.286964 0.242804
vt 0.297385 0.240333
vt 0.298097 0.243191
vt 0.307265 0.237626
vt 0.308412 0.240249
vt 0.316102 0.232613
vt 0.317896 0.234924
vt 0.282106 0.309713
vt 0.286874 0.301220
vt 0.289518 0.302216
vt 0.284305 0.311351
vt 0.289164 0.291568
vt 0.291907 0.291861
vt 0.289346 0.282065
vt 0.292246 0.281745
vt 0.286762 0.272757
vt 0.289404 0.271861
vt 0.282329 0.264374
vt 0.284797 0.262988
vt 0.275324 0.257112
vt 0.277276 0.255261
vt 0.266896 0.251487
vt 0.268103 0.249139
vt 0.257227 0.247734
vt 0.257626 0.245075
vt 0.247400 0.246228
vt 0.247092 0.243351
vt 0.237868 0.247614
vt 0.229135 0.250977
vt 0.221391 0.256416
vt 0.215198 0.263405
vt 0.211007 0.271869
vt 0.208604 0.280928
vt 0.208849 0.290829
vt 0.211312 0.300456
vt 0.216207 0.309379
vt 0.222712 0.316663
vt 0.221057 0.318912
vt 0.230937 0.321945
vt 0.229889 0.324421
vt 0.239592 0.325480
vt 0.238981 0.328221
vt 0.249049 0.326664
vt 0.249048 0.329443
vt 0.258367 0.325657
vt 0.259010 0.328386
vt 0.267373 0.322156
vt 0.268476 0.324597
vt 0.275525 0.317014
vt 0.277347 0.319157
vt 0.184708 0.322307
vt 0.184016 0.312198
vt 0.180216 0.302504
vt 0.174296 0.294184
vt 0.166636 0.288096
vt 0.156529 0.283392
vt 0.145637 0.282269
vt 0.136659 0.283617
vt 0.128461 0.287228
vt 0.127131 0.284878
vt 0.120874 0.292542
vt 0.119005 0.290421
vt 0.115306 0.299576
vt 0.111548 0.308288
vt 0.110661 0.317683
vt 0.111942 0.326779
vt 0.115246 0.335283
vt 0.120708 0.343190
vt 0.127808 0.349448
vt 0.136798 0.353827
vt 0.146330 0.355768
vt 0.156160 0.355280
vt 0.165134 0.352084
vt 0.173051 0.346925
vt 0.178928 0.339862
vt 0.182858 0.331626
vt 0.185401 0.332747
vt 0.250698 0.395268
vt 0.461681 0.399898
vt 0.906197 0.592753
vt 0.925670 0.583431
vt 0.933051 0.608832
vt 0.947116 0.622145
vt 0.443353 0.409358
vt 0.176939 0.219464
vt 0.187231 0.211281
vt 0.193328 0.201624
vt 0.196416 0.190892
vt 0.195945 0.180098
vt 0.191704 0.168618
vt 0.184377 0.159720
vt 0.174321 0.153440
vt 0.163326 0.150743
vt 0.153767 0.151317
vt 0.142718 0.155170
vt 0.133654 0.162148
vt 0.126409 0.172811
vt 0.123134 0.183571
vt 0.123329 0.194659
vt 0.126359 0.204705
vt 0.132764 0.213452
vt 0.142864 0.220609
vt 0.153775 0.223523
vt 0.165716 0.223275
vt 0.315107 0.218087
vt 0.318767 0.211260
vt 0.320382 0.203503
vt 0.320070 0.195687
vt 0.317622 0.188037
vt 0.313514 0.181142
vt 0.307602 0.175823
vt 0.300544 0.171954
vt 0.293014 0.170194
vt 0.285129 0.170328
vt 0.277882 0.172625
vt 0.271367 0.176649
vt 0.266032 0.182143
vt 0.262270 0.188695
vt 0.260737 0.196376
vt 0.260880 0.204028
vt 0.263166 0.211549
vt 0.267256 0.218240
vt 0.273123 0.223713
vt 0.280101 0.227610
vt 0.287858 0.229655
vt 0.295665 0.229685
vt 0.303186 0.227661
vt 0.309804 0.223828
vt 0.273805 0.303364
vt 0.277207 0.297060
vt 0.278781 0.289973
vt 0.278649 0.282840
vt 0.276643 0.275873
vt 0.273260 0.269598
vt 0.267989 0.264384
vt 0.261885 0.260316
vt 0.255020 0.257687
vt 0.247747 0.256811
vt 0.240664 0.257878
vt 0.233996 0.260278
vt 0.228310 0.264534
vt 0.223735 0.269755
vt 0.220622 0.276150
vt 0.218943 0.282968
vt 0.219290 0.290216
vt 0.221127 0.297153
vt 0.224750 0.303496
vt 0.229538 0.308808
vt 0.235596 0.312782
vt 0.242215 0.315360
vt 0.249336 0.316183
vt 0.256377 0.315398
vt 0.263092 0.312773
vt 0.269016 0.308813
vt 0.174379 0.320725
vt 0.173765 0.313555
vt 0.171006 0.306937
vt 0.166662 0.301058
vt 0.161314 0.296421
vt 0.153575 0.293121
vt 0.145611 0.292666
vt 0.139193 0.293597
vt 0.133251 0.296286
vt 0.127769 0.300493
vt 0.123957 0.305625
vt 0.121517 0.311582
vt 0.121151 0.318204
vt 0.122110 0.324787
vt 0.124654 0.330903
vt 0.128641 0.336726
vt 0.133800 0.341090
vt 0.140229 0.344283
vt 0.146945 0.345679
vt 0.153969 0.345222
vt 0.160349 0.342856
vt 0.166105 0.339038
vt 0.170339 0.333730
vt 0.173272 0.327583
vt 0.159219 0.187064
vt 0.290421 0.199992
vt 0.248733 0.286455
vt 0.147083 0.319382
vt 0.335251 0.137802
vt 0.244279 0.113365
vt 0.259998 0.633469
vt 0.423991 0.192011
vt 0.967222 0.599395
vt 0.977218 0.618121
vt 0.975567 0.584930
vt 0.977508 0.599382
vt 0.971235 0.574431
vt 0.324419 0.448019
vt 0.348147 0.430501
vt 0.332694 0.461269
vt 0.910621 0.613331
vt 0.324450 0.487188
vt 0.277056 0.509966
vt 0.358822 0.456554
vt 0.340408 0.472299
vt 0.476459 0.548622
vt 0.963761 0.560070
vt 0.027775 0.402640
vt 0.026487 0.377264
vt 0.045935 0.433499
vt 0.061153 0.568190
vt 0.035703 0.566700
vt 0.172486 0.797533
vt 0.010253 0.565827
vt 0.187197 0.886306
vt 0.162914 0.882366
vt 0.070137 0.892552
vt 0.035798 0.912422
vt 0.752635 0.038020
vt 0.775842 0.066764
vt 0.806373 0.097190
vt 0.787360 0.702273
vt 0.801711 0.682386
vt 0.815359 0.661753
vt 0.884693 0.622927
vt 0.906483 0.690275
vt 0.764363 0.680660
vt 0.066844 0.362663
vt 0.400835 0.171462
vt 0.408701 0.202248
vt 0.013721 0.493479
vt 0.020221 0.462226
vt 0.011506 0.524267
vt 0.025829 0.426082
vt 0.277196 0.115488
vt 0.305048 0.122245
s 1
usemtl VstController_250406
f 47/1/1 529/2/2 1/3/3
f 46/4/4 530/5/5 2/6/6
f 45/7/7 537/8/8 980/9/9
f 980/9/9 3/10/10 45/7/7
f 44/11/11 828/12/12 4/13/13
f 43/14/14 825/15/15 830/16/16
f 830/16/17 831/17/18 43/14/19
f 43/14/14 1001/18/20 884/19/21
f 884/19/22 6/20/23 43/14/24
f 8/21/25 578/22/26 579/23/27
f 579/23/27 41/24/28 8/21/25
f 41/24/28 40/25/29 8/21/25
f 875/26/30 876/27/31 9/28/32
f 9/28/33 40/25/34 875/26/30
f 39/29/35 975/30/36 10/31/37
f 556/32/38 866/33/39 862/34/40
f 862/34/40 38/35/41 556/32/38
f 37/36/42 536/37/43 865/38/44
f 36/39/45 555/40/46 13/41/47
f 35/42/48 551/43/49 810/44/50
f 810/44/50 14/45/51 35/42/52
f 550/46/53 805/47/54 15/48/55
f 15/48/56 34/49/57 550/46/53
f 549/50/58 795/51/59 16/52/60
f 16/52/61 33/53/62 549/50/58
f 548/54/63 798/55/64 17/56/65
f 17/56/65 32/57/66 548/54/63
f 547/58/67 800/59/68 18/60/69
f 18/60/69 31/61/70 547/58/67
f 546/62/71 793/63/72 19/64/73
f 19/64/73 30/65/74 546/62/75
f 544/66/76 802/67/77 20/68/78
f 20/68/79 29/69/80 544/66/76
f 542/70/81 804/71/82 21/72/83
f 21/72/83 28/73/84 542/70/85
f 540/74/86 807/75/87 22/76/88
f 22/76/89 27/77/90 540/74/86
f 539/78/91 811/79/92 23/80/93
f 23/80/93 26/81/94 539/78/91
f 25/82/95 538/83/96 24/84/97
f 1/3/98 2/6/99 71/85/100
f 71/85/100 48/86/101 1/3/98
f 2/6/102 3/10/103 70/87/104
f 70/87/104 71/85/100 2/6/102
f 70/87/105 980/9/106 69/88/107
f 4/13/108 968/89/109 69/88/110
f 68/90/111 967/91/112 966/92/113
f 66/93/114 885/94/115 884/19/116
f 884/19/116 7/95/117 66/93/114
f 8/21/25 65/96/118 577/97/119
f 577/97/119 578/22/26 8/21/25
f 9/28/120 971/98/121 8/21/25
f 971/98/121 970/99/122 877/100/123
f 877/100/123 64/101/124 971/98/121
f 63/102/125 969/103/126 973/104/127
f 973/104/128 972/105/129 63/102/125
f 62/106/130 11/107/131 863/108/132
f 863/108/133 864/109/134 62/106/135
f 61/110/136 12/111/137 867/112/138
f 867/112/139 868/113/140 61/110/136
f 13/41/141 14/45/142 59/114/143
f 59/114/143 60/115/144 13/41/141
f 59/114/143 14/45/142 810/44/145
f 810/44/145 809/116/146 59/114/143
f 58/117/147 15/48/148 805/47/149
f 805/47/149 806/118/150 58/117/151
f 16/52/152 795/51/153 796/119/154
f 796/119/154 57/120/155 16/52/152
f 56/121/156 17/56/157 798/55/64
f 798/55/158 797/122/159 56/121/156
f 55/123/160 18/60/161 800/59/162
f 800/59/163 799/124/164 55/123/160
f 54/125/165 19/64/166 793/63/167
f 793/63/167 794/126/168 54/125/169
f 53/127/170 20/68/171 802/67/172
f 802/67/172 801/128/173 53/127/174
f 52/129/175 21/72/176 804/71/177
f 804/71/177 803/130/178 52/129/179
f 51/131/180 22/76/181 807/75/182
f 807/75/182 808/132/183 51/131/184
f 49/133/185 812/134/186 811/79/187
f 811/79/188 24/84/189 49/133/185
f 49/133/185 24/84/189 1/3/98
f 1/3/98 48/86/101 49/133/185
f 72/135/190 132/136/191 71/85/100
f 75/137/192 133/138/193 69/88/110
f 71/85/194 70/87/105 73/139/195
f 73/139/195 72/135/196 71/85/100
f 74/140/197 75/137/192 76/141/198
f 68/90/111 966/92/113 76/141/199
f 69/88/110 68/90/111 76/141/200
f 77/142/201 983/143/202 48/86/203
f 50/144/204 982/145/205 981/146/206
f 981/146/206 808/132/183 50/144/207
f 651/147/208 641/148/209 642/149/210
f 642/149/210 650/150/211 651/147/208
f 469/151/212 470/152/213 635/153/214
f 635/153/214 636/154/215 469/151/216
f 67/155/217 885/94/218 682/156/219
f 66/93/220 577/97/221 680/157/222
f 680/157/222 681/158/223 66/93/114
f 65/96/118 64/101/124 679/159/224
f 64/101/124 877/100/225 108/160/226
f 63/102/227 972/105/228 106/161/229
f 106/161/229 96/162/230 63/102/125
f 95/163/231 864/109/232 94/164/233
f 94/164/233 868/113/234 101/165/235
f 59/114/143 100/166/236 101/165/235
f 101/165/235 60/115/237 59/114/238
f 100/166/236 809/116/239 99/167/240
f 99/167/241 806/118/242 456/168/243
f 456/168/243 796/119/244 98/169/245
f 98/169/246 797/122/247 1015/170/248
f 1015/170/248 799/124/249 1014/171/250
f 1014/171/250 794/126/251 1013/172/252
f 1013/172/252 801/128/173 1012/173/253
f 1012/173/253 803/130/254 97/174/255
f 672/175/256 788/176/257 671/177/258
f 95/163/259 661/178/260 662/179/261
f 106/161/262 663/180/263 664/181/264
f 96/162/265 665/182/266 666/183/267
f 108/160/226 667/184/268 668/185/269
f 95/163/259 94/164/233 660/186/270
f 100/166/236 99/167/241 481/187/271
f 99/167/241 1022/188/272 480/189/273
f 478/190/274 1023/191/275 1021/192/276
f 1021/192/277 477/193/278 478/190/274
f 456/168/279 98/169/280 1021/192/276
f 101/165/235 100/166/281 789/194/282
f 487/195/283 656/196/284 486/197/285
f 474/198/286 613/199/287 473/200/288
f 471/201/289 472/202/290 614/203/291
f 614/203/291 615/204/292 471/201/293
f 676/205/294 603/206/295 985/207/296
f 133/138/193 73/139/195 70/87/105
f 132/136/191 48/86/203 71/85/100
f 132/136/191 77/142/201 48/86/203
f 133/138/193 70/87/105 69/88/110
f 108/160/297 669/208/298 670/209/299
f 487/195/300 488/210/301 656/196/284
f 488/210/301 638/211/302 654/212/303
f 488/210/301 637/213/304 638/211/302
f 634/214/305 471/201/289 616/215/306
f 654/212/303 638/211/302 639/216/307
f 639/216/307 653/217/308 654/212/309
f 99/167/241 480/189/273 481/187/271
f 100/166/236 481/187/271 482/218/310
f 100/166/236 482/218/311 483/219/312
f 94/164/233 101/165/313 789/194/282
f 134/220/314 148/221/315 132/136/316
f 132/136/316 72/135/196 134/220/317
f 138/222/318 149/223/319 133/138/193
f 133/138/193 75/137/192 138/222/320
f 73/139/195 135/224/321 134/220/317
f 134/220/317 72/135/322 73/139/323
f 137/225/324 138/222/320 75/137/192
f 75/137/192 74/140/197 137/225/325
f 136/226/326 137/225/327 74/140/197
f 74/140/197 683/227/328 136/226/326
f 139/228/329 140/229/330 78/230/331
f 78/230/331 77/142/332 139/228/329
f 140/229/330 141/231/333 79/232/334
f 79/232/334 78/230/331 140/229/330
f 141/231/333 147/233/335 676/205/336
f 676/205/337 79/232/334 141/231/333
f 142/234/338 143/235/339 678/236/340
f 678/236/341 677/237/342 142/234/338
f 678/236/343 143/235/339 146/238/344
f 146/238/344 684/239/345 678/236/343
f 144/240/346 145/241/347 674/242/348
f 674/242/348 675/243/349 144/240/346
f 145/241/350 142/234/351 677/237/352
f 677/237/352 674/242/348 145/241/347
f 684/239/345 146/238/344 136/226/326
f 136/226/353 683/227/354 684/239/345
f 147/233/335 144/240/346 675/243/349
f 675/243/349 676/205/294 147/233/335
f 132/136/316 148/221/315 139/228/329
f 139/228/329 77/142/332 132/136/316
f 149/223/355 135/224/321 73/139/195
f 73/139/356 133/138/193 149/223/319
f 148/221/315 134/220/314 153/244/357
f 149/223/358 138/222/318 152/245/359
f 152/245/359 153/244/357 149/223/355
f 134/220/314 135/224/360 153/244/357
f 138/222/318 137/225/325 152/245/359
f 137/225/325 136/226/353 152/245/359
f 140/229/330 139/228/329 150/246/361
f 141/231/333 140/229/330 150/246/362
f 147/233/335 141/231/363 150/246/362
f 143/235/364 142/234/338 151/247/365
f 146/238/344 143/235/339 151/247/365
f 151/247/365 152/245/359 146/238/344
f 145/241/366 144/240/346 151/247/365
f 142/234/351 145/241/366 151/247/367
f 136/226/353 146/238/344 152/245/359
f 144/240/346 147/233/335 150/246/362
f 150/246/362 151/247/365 144/240/346
f 139/228/329 148/221/315 153/244/357
f 153/244/357 150/246/362 139/228/329
f 135/224/360 149/223/358 153/244/357
f 151/247/365 153/244/368 152/245/369
f 42/248/370 1001/18/371 1000/249/372
f 1000/249/372 835/250/373 42/248/374
f 579/23/375 42/248/374 835/250/376
f 835/250/376 834/251/377 579/23/375
f 41/24/28 870/252/378 40/25/29
f 875/26/30 874/253/379 869/254/380
f 869/254/381 39/29/35 875/26/30
f 389/255/382 956/256/383 529/257/384
f 529/257/384 47/258/385 389/255/382
f 390/259/386 951/260/387 530/261/5
f 530/261/5 46/262/388 390/259/386
f 391/263/389 941/264/390 537/265/8
f 537/265/391 45/266/392 391/263/393
f 392/267/394 819/268/395 393/269/396
f 393/269/396 44/270/397 392/267/398
f 37/271/399 556/272/400 376/273/401
f 377/274/402 536/275/43 376/273/403
f 378/276/404 35/277/405 555/278/406
f 555/278/406 1002/279/407 378/276/404
f 379/280/408 551/281/49 378/276/409
f 380/282/410 550/283/411 379/280/408
f 381/284/412 549/285/58 380/282/410
f 382/286/413 548/287/414 381/284/415
f 383/288/416 547/289/417 382/286/418
f 383/288/419 546/290/420 30/291/421
f 385/292/422 544/293/423 384/294/424
f 385/292/425 542/295/85 28/296/84
f 386/297/426 540/298/427 27/299/90
f 387/300/428 539/301/429 26/302/430
f 388/303/431 1011/304/432 538/305/433
f 538/305/434 25/306/435 388/303/431
f 173/307/436 954/308/437 953/309/438
f 953/309/438 938/310/439 173/307/440
f 172/311/441 949/312/442 948/313/443
f 948/313/443 937/314/444 172/311/441
f 531/315/445 944/316/446 937/314/444
f 170/317/447 963/318/448 964/319/449
f 964/319/450 815/320/451 170/317/452
f 815/320/451 964/319/449 965/321/453
f 965/321/453 169/322/454 815/320/451
f 180/323/455 1006/324/456 1005/325/457
f 1005/325/457 965/321/458 180/323/455
f 359/326/459 360/327/460 167/328/461
f 167/328/461 168/329/462 359/326/459
f 166/330/463 360/327/460 179/331/464
f 165/332/465 166/330/463 179/331/464
f 179/331/464 178/333/466 165/332/465
f 356/334/467 357/335/468 177/336/469
f 164/337/470 177/336/471 508/338/472
f 163/339/473 164/337/474 507/340/475
f 162/341/476 163/339/477 176/342/478
f 161/343/479 162/341/476 979/344/480
f 160/345/481 161/343/482 373/346/483
f 159/347/484 160/345/485 940/348/486
f 174/349/487 1009/350/488 1008/351/489
f 1008/351/489 939/352/490 174/349/487
f 508/338/491 177/336/471 184/353/492
f 184/353/493 183/354/494 508/338/472
f 177/336/469 357/335/495 196/355/496
f 196/355/497 184/353/492 177/336/469
f 200/356/498 552/357/499 358/358/500
f 183/354/494 188/359/501 507/340/475
f 507/340/475 508/338/472 183/354/494
f 507/340/475 188/359/501 195/360/502
f 195/360/503 506/361/504 507/340/475
f 202/362/505 559/363/506 502/364/507
f 505/365/508 504/366/509 175/367/510
f 175/367/510 176/342/478 505/365/511
f 489/368/512 490/369/513 198/370/514
f 198/370/514 194/371/515 489/368/516
f 357/335/495 489/368/516 194/371/517
f 194/371/517 196/355/518 357/335/495
f 504/366/509 503/372/519 189/373/520
f 189/373/520 175/367/510 504/366/509
f 490/369/513 491/374/521 185/375/522
f 185/375/522 198/370/523 490/369/513
f 199/376/524 203/377/525 424/378/526
f 424/378/526 422/379/527 199/376/524
f 203/377/528 199/376/529 492/380/530
f 492/380/531 493/381/532 203/377/533
f 501/382/534 205/383/535 202/362/505
f 202/362/505 502/364/536 501/382/537
f 213/384/538 203/377/533 493/381/532
f 493/381/532 494/385/539 213/384/538
f 205/383/540 501/382/537 500/386/541
f 500/386/541 215/387/542 205/383/540
f 191/388/543 499/389/544 498/390/545
f 498/390/546 211/391/547 191/388/543
f 497/392/548 496/393/549 209/394/550
f 209/394/551 208/395/552 497/392/548
f 495/396/553 186/397/554 209/394/550
f 209/394/550 496/393/555 495/396/556
f 498/390/557 497/392/548 208/395/552
f 208/395/558 211/391/559 498/390/545
f 187/398/560 213/384/538 494/385/539
f 494/385/539 495/396/553 187/398/561
f 215/387/542 500/386/562 499/389/544
f 499/389/544 191/388/543 215/387/563
f 217/399/564 513/400/565 855/401/566
f 855/401/566 856/402/567 217/399/564
f 227/403/568 998/404/569 999/405/570
f 999/405/570 218/406/571 227/403/572
f 219/407/573 883/408/574 882/409/575
f 882/409/575 580/410/576 219/407/573
f 220/411/577 881/412/578 880/413/579
f 880/413/579 221/414/580 220/411/581
f 872/415/582 873/416/583 832/417/584
f 832/417/584 221/414/585 872/415/582
f 222/418/586 224/419/587 992/420/588
f 992/420/588 991/421/589 222/418/590
f 352/422/591 997/423/592 998/404/569
f 998/404/569 227/403/568 352/422/591
f 224/419/593 878/424/594 993/425/595
f 993/425/596 992/420/588 224/419/593
f 170/317/597 814/426/598 394/427/599
f 394/427/599 963/318/448 170/317/447
f 359/326/459 976/428/600 204/429/601
f 365/430/602 371/431/603 231/432/604
f 364/433/605 368/434/606 362/435/607
f 233/436/608 960/437/609 959/438/610
f 959/438/610 957/439/611 233/436/612
f 241/440/613 988/441/614 180/323/455
f 367/442/615 238/443/616 532/444/617
f 532/444/618 533/445/619 367/442/615
f 535/446/620 363/447/621 239/448/622
f 239/448/622 534/449/623 535/446/620
f 947/450/624 961/451/625 962/452/626
f 962/452/627 531/315/445 947/450/628
f 241/440/613 234/453/629 989/454/630
f 367/442/631 239/448/632 235/455/633
f 235/455/633 400/456/634 367/442/631
f 240/457/635 236/458/636 363/447/637
f 238/443/638 528/459/639 509/460/640
f 509/460/641 962/452/642 238/443/638
f 400/456/643 235/455/644 246/461/645
f 246/461/645 402/462/646 400/456/643
f 402/462/647 246/461/645 399/463/648
f 399/463/648 401/464/649 402/462/647
f 524/465/650 401/464/649 523/466/651
f 520/467/652 249/468/653 251/469/654
f 251/469/654 519/470/655 520/467/652
f 513/471/565 858/472/656 857/473/657
f 511/474/658 944/316/446 531/315/445
f 531/315/445 510/475/659 511/474/660
f 340/476/661 341/477/662 242/478/663
f 242/478/663 223/479/664 340/476/665
f 338/480/666 339/481/667 236/458/636
f 236/458/668 234/453/669 338/480/666
f 341/477/670 338/480/666 234/453/671
f 234/453/672 242/478/673 341/477/670
f 339/481/674 246/461/645 235/455/633
f 235/455/633 236/458/675 339/481/674
f 259/482/676 404/483/677 403/484/678
f 403/484/678 257/485/679 259/482/680
f 403/484/681 893/486/682 255/487/683
f 255/487/683 257/485/684 403/484/678
f 259/482/685 258/488/686 405/489/687
f 405/489/687 404/483/677 259/482/688
f 258/488/689 261/490/690 406/491/691
f 406/491/692 405/489/693 258/488/694
f 406/491/695 261/490/696 260/492/697
f 260/492/697 346/493/698 406/491/699
f 343/494/700 346/493/701 260/492/702
f 260/492/702 264/495/703 343/494/704
f 249/468/653 263/496/705 265/497/706
f 265/497/706 251/469/654 249/468/653
f 249/498/707 343/494/708 264/495/703
f 264/495/703 263/499/709 249/498/707
f 265/497/710 262/500/711 348/501/712
f 348/501/712 251/469/654 265/497/710
f 226/502/713 997/423/714 886/503/715
f 154/504/716 891/505/717 889/506/718
f 889/506/718 155/507/719 154/504/720
f 892/508/721 995/509/722 996/510/723
f 996/510/724 256/511/725 892/508/726
f 892/512/727 256/513/725 255/487/683
f 255/487/683 893/486/728 892/512/729
f 158/514/730 894/515/731 270/516/732
f 158/514/733 270/516/734 269/517/735
f 269/517/735 157/518/736 158/514/737
f 156/519/738 268/520/739 267/521/740
f 267/521/740 155/507/719 156/519/738
f 154/504/720 155/507/719 896/522/741
f 256/511/725 996/510/723 897/523/742
f 255/487/683 256/513/725 897/524/742
f 897/524/742 898/525/743 255/487/683
f 259/482/744 257/485/679 899/526/745
f 899/526/745 275/527/746 259/482/744
f 257/485/679 255/487/747 898/525/743
f 898/525/743 899/526/745 257/485/679
f 258/488/694 259/482/688 275/527/748
f 275/527/748 274/528/749 258/488/686
f 258/488/694 274/528/750 277/529/751
f 277/529/751 261/490/690 258/488/694
f 261/490/696 277/529/752 900/530/753
f 900/530/753 260/492/697 261/490/754
f 260/492/702 900/530/755 901/531/756
f 901/531/757 264/495/758 260/492/702
f 263/496/705 902/532/759 903/533/760
f 903/533/760 265/497/706 263/496/705
f 264/495/703 901/531/761 902/534/762
f 902/534/762 263/499/763 264/495/703
f 265/497/710 903/533/764 894/515/731
f 894/515/731 262/500/711 265/497/710
f 278/535/765 905/536/766 270/516/767
f 270/516/734 905/536/768 906/537/769
f 906/537/769 269/517/735 270/516/734
f 269/517/770 906/537/771 907/538/772
f 907/538/772 895/539/773 269/517/770
f 267/521/740 268/520/774 908/540/775
f 908/540/776 909/541/777 267/521/740
f 266/542/778 909/541/777 910/543/779
f 266/542/780 910/543/781 911/544/782
f 911/544/783 272/545/784 266/542/780
f 271/546/785 272/547/786 911/548/787
f 911/548/782 912/549/788 271/546/785
f 913/550/789 914/551/790 275/527/746
f 275/527/748 273/552/791 913/550/789
f 271/546/792 912/549/793 913/550/789
f 913/550/794 273/552/795 271/546/785
f 914/551/796 915/553/797 274/528/749
f 274/528/749 275/527/748 914/551/796
f 277/529/751 274/528/750 915/553/798
f 915/553/797 916/554/799 277/529/751
f 276/555/800 277/529/752 916/554/801
f 916/554/801 917/556/802 276/555/803
f 917/556/804 918/557/805 280/558/806
f 280/558/806 276/555/800 917/556/807
f 279/559/808 919/560/809 920/561/810
f 920/561/810 281/562/811 279/559/808
f 918/557/812 919/563/813 279/564/814
f 279/564/814 280/558/806 918/557/812
f 281/562/815 920/561/816 904/565/817
f 904/565/818 278/535/765 281/562/815
f 307/566/819 921/567/820 922/568/821
f 284/569/822 283/570/823 925/571/824
f 925/571/824 298/572/825 284/569/822
f 283/570/823 926/573/826 925/571/824
f 282/574/827 288/575/828 927/576/829
f 927/576/829 926/573/826 282/574/830
f 288/577/831 287/578/832 928/579/833
f 928/579/833 927/580/829 288/577/831
f 291/581/834 930/582/835 929/583/836
f 929/583/837 289/584/838 291/581/834
f 289/584/839 929/583/836 928/579/840
f 928/579/840 287/578/841 289/584/842
f 290/585/843 293/586/844 932/587/845
f 932/587/845 931/588/846 290/585/847
f 293/586/848 292/589/849 933/590/850
f 933/590/850 932/587/851 293/586/848
f 933/590/852 934/591/853 304/592/854
f 304/592/855 303/593/856 933/590/852
f 305/594/857 935/595/858 936/596/859
f 936/596/859 306/597/860 305/594/857
f 934/591/861 935/598/858 305/599/862
f 305/599/862 304/592/863 934/591/864
f 306/597/865 936/596/866 921/567/820
f 921/567/820 307/566/867 306/597/860
f 320/600/868 312/601/869 286/602/870
f 286/602/870 294/603/871 320/600/872
f 312/601/873 311/604/874 285/605/875
f 285/605/876 286/602/877 312/601/869
f 582/606/878 310/607/879 284/569/880
f 310/607/881 309/608/882 283/570/883
f 283/570/884 284/569/880 310/607/885
f 283/570/886 309/608/882 308/609/887
f 308/609/888 282/574/889 283/570/823
f 308/609/888 314/610/890 288/575/828
f 288/575/828 282/574/827 308/609/888
f 314/611/891 313/612/892 287/578/832
f 287/578/832 288/577/831 314/611/891
f 315/613/893 317/614/894 291/581/834
f 291/581/834 289/584/838 315/613/895
f 289/584/896 287/578/832 313/612/892
f 313/612/892 315/613/893 289/584/896
f 317/614/897 316/615/898 290/585/843
f 290/585/843 291/581/834 317/614/897
f 316/615/899 319/616/900 293/586/901
f 293/586/844 290/585/843 316/615/902
f 292/589/903 293/586/844 319/616/904
f 319/616/904 318/617/905 292/589/903
f 296/618/906 292/589/907 318/617/905
f 321/619/908 322/620/909 297/621/910
f 297/621/911 295/622/912 321/619/908
f 295/623/913 296/618/906 321/624/914
f 322/620/909 320/600/868 294/603/915
f 294/603/915 297/621/911 322/620/916
f 312/601/869 320/600/868 325/625/917
f 325/625/918 336/626/919 311/604/874
f 311/604/874 312/601/869 325/625/918
f 336/626/919 324/627/920 310/607/921
f 310/607/921 311/604/874 336/626/919
f 309/608/922 310/607/881 324/627/923
f 324/627/923 323/628/924 309/608/882
f 308/609/887 309/608/925 323/628/926
f 323/628/926 327/629/927 314/610/928
f 314/610/928 308/609/888 323/628/926
f 327/630/929 326/631/930 313/612/931
f 313/612/932 314/611/928 327/630/927
f 315/613/893 326/631/933 328/632/934
f 328/632/934 317/614/935 315/613/893
f 315/613/893 313/612/892 326/631/930
f 328/632/936 334/633/937 316/615/938
f 316/615/938 317/614/935 328/632/934
f 334/633/937 330/634/939 319/616/940
f 319/616/940 316/615/938 334/633/941
f 330/634/942 329/635/943 318/617/905
f 318/617/905 319/616/904 330/634/944
f 331/636/945 332/637/946 322/620/947
f 322/620/947 321/619/908 331/636/945
f 329/635/948 331/638/945 321/624/949
f 321/624/914 318/617/950 329/635/948
f 320/600/868 322/620/947 332/637/946
f 332/637/951 331/636/945 333/639/952
f 333/639/952 337/640/953 332/637/951
f 330/634/939 334/633/954 335/641/955
f 335/641/955 329/635/956 330/634/939
f 329/635/957 335/641/955 333/642/952
f 333/642/958 331/638/959 329/635/957
f 324/627/920 336/626/919 337/640/960
f 337/640/961 323/628/962 324/627/963
f 333/639/964 327/629/965 323/628/962
f 323/628/962 337/640/953 333/639/964
f 328/632/934 326/631/933 335/641/966
f 335/641/966 334/633/954 328/632/967
f 326/631/933 327/630/968 333/642/964
f 333/642/964 335/641/966 326/631/933
f 325/625/969 332/637/951 337/640/953
f 337/640/953 336/626/970 325/625/917
f 338/480/666 397/643/971 398/644/972
f 398/644/972 339/481/667 338/480/973
f 341/477/974 396/645/975 397/643/976
f 397/643/977 338/480/666 341/477/974
f 246/461/978 339/481/674 398/644/979
f 398/644/979 399/463/648 246/461/645
f 790/646/980 396/645/981 341/477/662
f 341/477/982 340/476/665 790/646/980
f 516/647/983 517/648/984 352/422/985
f 520/649/652 521/650/986 343/494/708
f 343/494/708 249/498/707 520/649/652
f 521/650/986 522/651/987 346/493/701
f 346/493/701 343/494/708 521/650/986
f 348/501/712 517/648/988 518/652/989
f 514/653/990 227/403/568 855/401/566
f 515/654/991 516/647/983 352/422/591
f 352/422/591 227/403/992 515/654/991
f 356/334/467 178/333/466 357/335/495
f 163/339/477 507/340/475 506/361/504
f 164/337/470 356/334/467 177/336/471
f 164/337/474 508/338/472 507/340/475
f 179/331/464 360/327/460 358/358/993
f 358/358/500 360/327/460 200/356/498
f 180/323/455 988/441/614 361/655/994
f 200/356/995 359/326/459 204/429/996
f 204/429/601 976/428/600 214/656/997
f 232/657/998 368/434/999 361/655/1000
f 363/447/637 535/446/620 240/457/1001
f 363/447/1002 236/458/1003 235/455/633
f 235/455/633 239/448/632 363/447/1002
f 362/435/1004 231/432/1005 370/658/1006
f 366/659/1007 957/439/1008 372/660/1009
f 534/449/623 239/448/622 367/442/615
f 367/442/615 533/445/1010 534/449/623
f 366/659/1011 372/660/1009 191/388/1012
f 364/433/1013 370/658/1014 209/394/550
f 209/394/550 186/397/1015 364/433/1013
f 369/661/1016 371/431/603 211/391/1017
f 211/391/547 208/395/1018 369/661/1019
f 370/658/1006 369/661/1020 208/395/1021
f 208/395/1022 209/394/550 370/658/1006
f 366/659/1011 191/388/543 211/391/547
f 211/391/1017 371/431/603 366/659/1007
f 368/434/999 364/433/1013 186/397/554
f 186/397/554 214/656/1023 368/434/999
f 370/658/1014 364/433/1024 362/435/607
f 365/430/602 366/659/1011 371/431/1025
f 205/383/540 215/387/563 375/662/1026
f 202/362/505 978/663/1027 977/664/1028
f 977/664/1028 189/373/520 202/362/505
f 375/662/1026 978/663/1029 205/383/540
f 374/665/1030 375/662/1031 1007/666/1032
f 850/667/1033 955/668/1034 956/256/1035
f 956/256/1035 389/255/382 850/667/1033
f 851/669/1036 950/670/1037 951/260/387
f 951/260/387 390/259/386 851/669/1038
f 853/671/1039 942/672/1040 943/673/1041
f 943/673/1041 171/674/1042 853/671/1039
f 376/273/403 837/675/1043 838/676/1044
f 838/676/1044 377/274/402 376/273/403
f 377/274/402 838/676/1044 1003/677/1045
f 1003/677/1046 1002/279/407 377/274/402
f 378/276/404 839/678/1047 840/679/1048
f 840/679/1048 379/280/408 378/276/409
f 166/330/1049 841/680/1050 840/679/1051
f 840/679/1051 167/328/461 166/330/463
f 165/332/465 842/681/1052 841/680/1050
f 841/680/1050 166/330/463 165/332/465
f 356/334/467 843/682/1053 842/681/1052
f 842/681/1052 165/332/465 356/334/467
f 164/337/1054 844/683/1055 843/682/1053
f 843/682/1053 356/334/467 164/337/1056
f 163/339/473 845/684/1057 844/683/1055
f 844/683/1055 164/337/1058 163/339/473
f 846/685/1059 845/684/1057 163/339/473
f 163/339/473 162/341/1060 846/685/1059
f 846/685/1061 847/686/1062 386/297/1063
f 386/297/1063 385/292/1064 846/685/1065
f 847/686/1066 848/687/1067 387/300/1068
f 387/300/1068 386/297/1063 847/686/1066
f 388/303/431 387/300/1068 848/687/1069
f 848/687/1069 849/688/1070 388/303/431
f 849/688/1071 1010/689/1072 1011/304/432
f 1011/304/432 388/303/431 849/688/1070
f 170/317/452 815/320/451 816/690/1073
f 39/29/1074 869/254/381 860/691/1075
f 687/692/1076 823/693/1077 822/694/1078
f 822/694/1079 831/17/18 687/692/1076
f 354/695/1080 859/696/1081 858/472/1082
f 858/472/1082 817/697/1083 354/695/1084
f 348/501/712 518/652/1085 251/469/654
f 401/464/1086 399/463/1087 405/489/1088
f 405/489/693 406/491/692 401/464/1086
f 398/644/1089 397/643/1090 403/484/678
f 403/484/678 404/483/677 398/644/972
f 396/645/975 893/486/682 403/484/678
f 403/484/681 397/643/976 396/645/975
f 399/463/1091 398/644/979 404/483/1092
f 404/483/1092 405/489/1093 399/463/1094
f 400/456/643 527/698/1095 528/459/1096
f 238/443/1097 367/442/631 400/456/634
f 400/456/634 528/459/1096 238/443/1097
f 526/699/1098 527/698/1095 400/456/643
f 402/462/647 525/700/1099 526/699/1098
f 401/464/649 525/700/1099 402/462/647
f 401/464/649 524/465/650 525/700/1100
f 402/462/647 526/699/1098 400/456/643
f 523/466/651 346/493/698 522/651/1101
f 871/701/1102 879/702/1103 880/413/1104
f 880/413/1105 791/703/1106 871/701/1107
f 296/618/906 318/617/950 321/624/914
f 166/330/463 167/328/461 360/327/460
f 215/387/1108 372/660/1109 375/662/1031
f 151/247/365 150/246/362 153/244/357
f 410/704/1110 409/705/1111 183/354/494
f 183/354/494 184/353/493 410/704/1112
f 419/706/1113 410/704/1112 184/353/492
f 184/353/493 196/355/1114 419/706/1113
f 199/376/524 422/379/1115 554/707/1116
f 554/707/1116 553/708/1117 199/376/524
f 409/705/1118 413/709/1119 188/359/1120
f 188/359/1121 183/354/1122 409/705/1111
f 413/709/1119 418/710/1123 195/360/1124
f 195/360/1124 188/359/1121 413/709/1119
f 190/711/1125 414/712/1126 557/713/1127
f 557/713/1127 558/714/1128 190/711/1129
f 416/715/1130 420/716/1131 197/717/1132
f 197/717/1132 193/718/1133 416/715/1134
f 198/370/1135 421/719/1136 417/720/1137
f 417/720/1137 194/371/517 198/370/1135
f 418/710/1138 416/715/1139 193/718/1140
f 193/718/1133 195/360/1124 418/710/1138
f 417/720/1141 419/706/1142 196/355/1143
f 196/355/1143 194/371/1144 417/720/1137
f 420/716/1145 414/712/1126 190/711/1129
f 190/711/1125 197/717/1146 420/716/1131
f 411/721/1147 421/719/1148 198/370/1135
f 198/370/1135 185/375/1149 411/721/1150
f 423/722/1151 425/723/1152 206/724/1153
f 206/724/1154 201/725/1155 423/722/1156
f 429/726/1157 424/378/526 203/377/525
f 203/377/533 213/384/1158 429/726/1157
f 425/723/1159 430/727/1160 216/728/1161
f 216/728/1161 206/724/1154 425/723/1152
f 415/729/1162 428/730/1163 212/731/1164
f 212/731/1164 192/732/1165 415/729/1162
f 426/733/1166 427/734/1167 210/735/1168
f 210/735/1168 207/736/1169 426/733/1166
f 427/734/1170 412/737/1171 187/398/1172
f 187/398/1173 210/735/1174 427/734/1170
f 428/730/1175 426/733/1166 207/736/1169
f 207/736/1169 212/731/1164 428/730/1176
f 412/737/1171 429/726/1177 213/384/538
f 213/384/1178 187/398/1172 412/737/1171
f 430/727/1160 415/729/1162 192/732/1179
f 192/732/1165 216/728/1180 430/727/1181
f 432/738/1182 441/739/1183 254/740/1184
f 254/740/1184 237/741/1185 432/738/1182
f 440/742/1186 433/743/1187 243/744/1188
f 243/744/1188 253/745/1189 440/742/1190
f 439/746/1191 438/747/1192 250/748/1193
f 250/748/1194 252/749/1195 439/746/1196
f 450/750/1197 431/751/1198 228/752/1199
f 228/752/1199 355/753/1200 450/750/1197
f 441/739/1201 408/754/1202 182/755/1203
f 182/755/1203 254/740/1184 441/739/1201
f 438/756/1192 443/757/1204 344/758/1205
f 344/758/1205 250/759/1206 438/756/1192
f 443/757/1207 444/760/1208 345/761/1209
f 345/761/1209 344/758/1210 443/757/1204
f 446/762/1211 445/763/1212 347/764/1213
f 347/764/1213 349/765/1214 446/762/1215
f 442/766/1216 446/762/1215 349/765/1214
f 349/765/1214 342/767/1217 442/766/1216
f 448/768/1218 447/769/1219 350/770/1220
f 350/770/1220 351/771/1221 448/768/1222
f 449/772/1223 442/766/1224 342/767/1217
f 342/767/1225 353/773/1226 449/772/1227
f 447/769/1219 449/772/1223 353/773/1226
f 353/773/1226 350/770/1220 447/769/1219
f 407/774/1228 450/750/1197 355/753/1229
f 355/753/1230 181/775/1231 407/774/1232
f 445/763/1233 439/746/1234 252/749/1195
f 252/749/1235 347/764/1236 445/763/1233
f 434/776/1237 432/738/1182 237/741/1238
f 237/741/1185 244/777/1239 434/776/1237
f 435/778/1240 434/776/1237 244/777/1239
f 244/777/1241 245/779/1242 435/778/1243
f 436/780/1244 435/778/1243 245/779/1242
f 245/779/1245 247/781/1246 436/780/1244
f 437/782/1247 436/780/1244 247/781/1246
f 247/781/1246 248/783/1248 437/782/1247
f 433/743/1187 437/782/1247 248/783/1248
f 248/783/1249 243/744/1188 433/743/1187
f 444/760/1250 440/742/1190 253/745/1251
f 253/745/1189 345/761/1209 444/760/1250
f 431/784/1252 448/768/1222 351/771/1253
f 351/771/1254 228/785/1199 431/784/1255
f 408/754/1256 407/774/1257 181/775/1231
f 181/775/1231 182/755/1258 408/754/1256
f 409/705/1111 410/704/1112 451/786/1259
f 410/704/1112 419/706/1113 451/786/1259
f 554/707/1260 422/379/1261 451/786/1259
f 451/786/1259 411/721/1147 554/707/1262
f 413/709/1119 409/705/1111 451/786/1259
f 418/710/1138 413/709/1119 451/786/1259
f 557/713/1127 414/712/1263 451/786/1259
f 451/786/1259 423/722/1264 557/713/1265
f 420/716/1131 416/715/1139 451/786/1259
f 417/720/1266 421/719/1148 451/786/1267
f 416/715/1139 418/710/1268 451/786/1259
f 419/706/1113 417/720/1266 451/786/1267
f 414/712/1269 420/716/1131 451/786/1267
f 421/719/1148 411/721/1150 451/786/1259
f 422/379/1261 424/378/526 451/786/1259
f 425/723/1152 423/722/1264 451/786/1267
f 424/378/526 429/726/1270 451/786/1259
f 430/727/1271 425/723/1272 451/786/1259
f 428/730/1176 415/729/1162 451/786/1259
f 427/734/1167 426/733/1273 451/786/1259
f 412/737/1171 427/734/1170 451/786/1259
f 426/733/1166 428/730/1176 451/786/1259
f 429/726/1177 412/737/1171 451/786/1259
f 415/729/1162 430/727/1274 451/786/1259
f 441/739/1183 432/738/1275 452/787/1276
f 433/743/1277 440/742/1186 452/787/1278
f 438/756/1279 439/788/1280 452/787/1278
f 431/751/1255 450/750/1281 452/787/1282
f 408/754/1283 441/739/1183 452/787/1282
f 443/757/1284 438/756/1279 452/787/1285
f 444/760/1286 443/757/1204 452/787/1278
f 445/789/1287 446/790/1215 452/787/1278
f 446/790/1215 442/791/1216 452/787/1288
f 447/792/1289 448/793/1218 452/787/1285
f 442/791/1216 449/794/1227 452/787/1282
f 449/794/1290 447/792/1289 452/787/1282
f 450/750/1281 407/774/1228 452/787/1282
f 439/788/1234 445/789/1287 452/787/1278
f 432/738/1291 434/776/1292 452/787/1282
f 434/776/1293 435/778/1243 452/787/1282
f 435/778/1243 436/780/1294 452/787/1278
f 436/780/1244 437/782/1247 452/787/1276
f 437/782/1247 433/743/1277 452/787/1282
f 440/742/1186 444/760/1295 452/787/1278
f 448/793/1218 431/751/1255 452/787/1276
f 407/774/1257 408/754/1283 452/787/1282
f 485/795/1296 486/197/1297 789/194/282
f 478/190/274 479/796/1298 1022/188/1299
f 1022/188/1299 1023/191/275 478/190/1300
f 470/152/213 471/201/289 634/214/305
f 614/203/291 472/202/290 473/200/288
f 1017/797/1301 476/798/1302 1021/192/276
f 459/799/1303 470/152/1304 469/151/216
f 469/151/1305 457/800/1306 459/799/1303
f 471/201/289 470/152/1304 459/799/1307
f 459/799/1308 122/801/1309 471/201/289
f 128/802/1310 472/202/1311 471/201/289
f 471/201/289 122/801/1312 128/802/1310
f 473/200/1313 472/202/1314 128/802/1310
f 128/802/1315 460/803/1316 473/200/1313
f 124/804/1317 474/198/286 473/200/1313
f 473/200/1313 460/803/1316 124/804/1318
f 461/805/1319 475/806/1320 474/198/286
f 474/198/286 124/804/1317 461/805/1319
f 476/798/1321 475/806/1320 461/805/1319
f 461/805/1319 125/807/1322 476/798/1321
f 477/193/278 476/798/1321 125/807/1323
f 125/807/1324 462/808/1325 477/193/1326
f 477/193/1326 462/808/1327 455/809/1328
f 455/809/1328 478/190/1329 477/193/278
f 479/796/1330 478/190/1331 455/809/1328
f 455/809/1332 115/810/1333 479/796/1330
f 480/189/273 479/796/1334 115/810/1335
f 115/810/1333 116/811/1336 480/189/273
f 481/187/1337 480/189/273 116/811/1338
f 116/811/1339 117/812/1340 481/187/1337
f 482/218/1341 481/187/1337 117/812/1340
f 117/812/1342 127/813/1343 482/218/1341
f 483/219/1344 482/218/1341 127/813/1345
f 127/813/1345 118/814/1346 483/219/1347
f 484/815/1348 483/219/312 118/814/1349
f 118/814/1349 453/816/1350 484/815/1348
f 485/795/1296 484/815/1348 453/816/1350
f 453/816/1350 454/817/1351 485/795/1352
f 486/197/285 485/795/1352 454/817/1351
f 454/817/1351 120/818/1353 486/197/285
f 487/195/300 486/197/1354 120/818/1353
f 120/818/1355 126/819/1356 487/195/1357
f 488/210/1358 487/195/1359 126/819/1356
f 126/819/1360 119/820/1361 488/210/1362
f 469/151/216 488/210/301 119/820/1363
f 119/820/1361 457/800/1306 469/151/1305
f 552/357/1364 492/380/530 199/376/529
f 199/376/529 553/708/1365 552/357/1366
f 558/714/1367 559/363/506 503/372/1368
f 503/372/1368 190/711/1369 558/714/1370
f 197/717/1371 504/366/509 505/365/511
f 505/365/511 193/718/1372 197/717/1371
f 178/333/466 179/331/1373 490/369/513
f 490/369/513 489/368/512 178/333/466
f 193/718/1133 505/365/511 506/361/504
f 506/361/504 195/360/503 193/718/1133
f 357/335/495 178/333/466 489/368/516
f 190/711/1125 503/372/1368 504/366/509
f 504/366/509 197/717/1146 190/711/1125
f 491/374/1374 490/369/1375 179/331/1376
f 179/331/1376 358/358/500 491/374/521
f 493/381/532 492/380/530 200/356/498
f 200/356/498 204/429/1377 493/381/532
f 206/724/1378 501/382/537 502/364/1379
f 502/364/507 201/725/1380 206/724/1381
f 494/385/1382 493/381/532 204/429/1377
f 204/429/996 214/656/1023 494/385/539
f 500/386/541 501/382/537 206/724/1383
f 206/724/1381 216/728/1384 500/386/541
f 498/390/545 499/389/544 192/732/1385
f 192/732/1165 212/731/1386 498/390/546
f 496/393/549 497/392/548 207/736/1387
f 207/736/1388 210/735/1389 496/393/549
f 495/396/556 496/393/555 210/735/1389
f 210/735/1389 187/398/1390 495/396/556
f 497/392/548 498/390/557 212/731/1386
f 212/731/1391 207/736/1392 497/392/548
f 495/396/553 494/385/539 214/656/1023
f 214/656/1023 186/397/554 495/396/556
f 499/389/544 500/386/541 216/728/1384
f 216/728/1393 192/732/1394 499/389/1395
f 356/334/467 165/332/1396 178/333/466
f 510/475/1397 509/460/641 237/741/1185
f 237/741/1185 254/740/1184 510/475/1397
f 511/474/660 510/475/1397 254/740/1398
f 254/740/1184 182/755/1399 511/474/1400
f 512/821/1401 511/474/1402 182/755/1399
f 182/755/1399 181/775/1403 512/821/1401
f 857/473/657 512/821/1401 181/775/1403
f 181/775/1403 355/753/1404 857/473/657
f 513/471/1405 857/473/657 355/753/1406
f 355/753/1406 228/752/1407 513/471/1408
f 855/401/1409 513/400/1410 228/785/1199
f 228/785/1199 351/771/1253 855/401/566
f 514/653/990 855/401/566 351/771/1253
f 351/771/1253 350/770/1220 514/653/990
f 515/654/1411 514/653/1412 350/770/1220
f 350/770/1220 353/773/1413 515/654/1411
f 516/647/1414 515/654/1411 353/773/1415
f 353/773/1415 342/767/1416 516/647/1414
f 517/648/988 516/647/983 342/767/1217
f 342/767/1217 349/765/1417 517/648/988
f 518/652/989 517/648/988 349/765/1417
f 349/765/1214 347/764/1213 518/652/989
f 519/470/655 518/652/1418 347/764/1213
f 347/764/1213 252/749/1419 519/470/655
f 520/467/652 519/470/655 252/749/1419
f 252/749/1420 250/748/1194 520/467/652
f 521/650/986 520/649/1421 250/759/1194
f 250/759/1194 344/758/1210 521/650/986
f 522/651/1422 521/650/986 344/758/1210
f 344/758/1210 345/761/1423 522/651/1422
f 523/466/1424 522/651/1425 345/761/1423
f 345/761/1423 253/745/1426 523/466/651
f 524/465/1427 523/466/1424 253/745/1426
f 253/745/1426 243/744/1428 524/465/1427
f 525/700/1429 524/465/1427 243/744/1428
f 243/744/1428 248/783/1248 525/700/1429
f 526/699/1430 525/700/1431 248/783/1432
f 248/783/1433 247/781/1434 526/699/1430
f 527/698/1095 526/699/1435 247/781/1436
f 247/781/1437 245/779/1438 527/698/1439
f 528/459/639 527/698/1095 245/779/1438
f 245/779/1438 244/777/1239 528/459/639
f 509/460/1440 528/459/1096 244/777/1441
f 244/777/1239 237/741/1442 509/460/641
f 40/25/29 9/28/120 8/21/25
f 533/445/619 532/444/618 233/436/608
f 233/436/608 365/430/602 533/445/619
f 362/435/1004 535/446/620 534/449/623
f 534/449/623 231/432/1005 362/435/1004
f 535/446/620 232/657/998 240/457/1001
f 231/432/604 534/449/623 533/445/619
f 533/445/619 365/430/602 231/432/604
f 185/375/1149 553/708/1117 554/707/1116
f 554/707/1116 411/721/1150 185/375/1149
f 552/357/1366 553/708/1365 185/375/1443
f 185/375/522 491/374/521 552/357/1366
f 4/13/13 980/9/1444 537/8/8
f 537/8/8 44/11/11 4/13/13
f 530/5/5 45/7/7 3/10/10
f 530/5/1445 3/10/10 2/6/1446
f 529/2/2 46/4/4 2/6/6
f 529/2/2 2/6/1446 1/3/3
f 24/84/189 811/79/92 539/78/91
f 539/78/91 25/82/1447 24/84/1448
f 538/83/1449 47/1/385 1/3/1450
f 538/83/434 1/3/1451 24/84/97
f 22/76/89 804/71/82 542/70/85
f 542/70/85 27/77/90 22/76/89
f 21/72/1452 802/67/77 544/66/76
f 544/66/76 28/73/1453 21/72/1452
f 18/60/69 798/55/1454 548/54/414
f 548/54/414 31/61/70 18/60/69
f 17/56/65 795/51/1455 549/50/1456
f 549/50/58 32/57/66 17/56/65
f 16/52/61 805/47/1457 550/46/1458
f 550/46/53 33/53/1459 16/52/1460
f 15/48/1461 810/44/50 551/43/49
f 551/43/1462 34/49/57 15/48/1463
f 555/40/46 35/42/48 14/45/51
f 13/41/47 867/112/1464 536/37/1465
f 536/37/43 36/39/45 13/41/1466
f 37/36/1467 865/38/1468 866/33/1469
f 866/33/1469 556/32/1470 37/36/1467
f 555/40/46 14/45/51 13/41/1471
f 39/29/1074 861/822/1472 975/30/36
f 535/446/620 362/435/607 232/657/998
f 377/274/1473 36/823/1474 536/275/43
f 536/275/43 37/271/399 376/273/401
f 556/272/1475 688/824/1476 376/273/401
f 556/272/1475 38/825/1477 688/824/1476
f 379/280/408 34/826/1478 551/281/49
f 551/281/49 35/277/405 378/276/404
f 380/282/410 33/827/1479 550/283/411
f 381/284/415 32/828/1480 549/285/58
f 549/285/1481 33/827/1459 380/282/410
f 550/283/411 34/826/1478 379/280/408
f 382/286/418 31/829/1482 548/287/414
f 383/288/416 30/291/421 547/289/417
f 547/289/1483 31/829/1482 382/286/418
f 548/287/414 32/828/1484 381/284/415
f 383/288/419 384/294/1485 546/290/420
f 384/294/1485 29/830/1486 546/290/420
f 385/292/422 28/296/1487 544/293/1488
f 385/292/1064 386/297/1063 542/295/85
f 386/297/1063 27/299/1489 542/295/85
f 544/293/423 29/830/1486 384/294/424
f 386/297/1063 387/300/1068 540/298/427
f 387/300/1068 26/302/430 540/298/427
f 387/300/1068 388/303/431 539/301/1490
f 388/303/431 25/306/435 539/301/1490
f 201/725/1491 558/714/1492 557/713/1265
f 557/713/1493 423/722/1156 201/725/1155
f 559/363/506 558/714/1367 201/725/1380
f 201/725/1380 502/364/507 559/363/506
f 189/373/520 503/372/1368 559/363/1494
f 202/362/1495 189/373/520 559/363/1494
f 552/357/499 491/374/521 358/358/993
f 200/356/498 492/380/531 552/357/1364
f 368/434/999 232/657/1496 362/435/1497
f 75/137/192 69/88/110 76/141/198
f 475/806/1498 476/798/1321 1017/797/1301
f 611/831/1499 612/832/1500 474/198/1501
f 613/199/287 614/203/291 473/200/288
f 474/198/1501 612/832/1500 613/199/1502
f 615/204/292 616/215/1503 471/201/293
f 579/23/27 578/22/1504 7/95/117
f 7/95/117 42/248/374 579/23/375
f 578/22/1504 577/97/119 66/93/114
f 66/93/114 7/95/117 578/22/1504
f 680/157/1505 577/97/221 65/96/1506
f 65/96/118 679/159/224 680/157/1507
f 834/251/1508 833/833/1509 41/24/1510
f 41/24/28 579/23/27 834/251/377
f 580/410/1511 882/409/575 881/412/1512
f 881/412/1512 220/411/1513 580/410/1511
f 225/834/1514 792/835/1515 887/836/1516
f 887/836/1517 888/837/1518 225/834/1519
f 268/520/1520 895/539/1521 907/538/1522
f 907/538/772 908/540/775 268/520/1520
f 641/148/209 651/147/1523 652/838/1524
f 652/838/1524 640/839/1525 641/148/209
f 653/217/308 639/216/307 640/839/1526
f 640/839/1526 652/838/1527 653/217/308
f 488/210/301 655/840/1528 656/196/284
f 656/196/284 657/841/1529 486/197/285
f 96/162/265 106/161/262 665/182/1530
f 470/152/213 634/214/305 635/153/214
f 464/842/1531 561/843/1532 601/844/1533
f 601/844/1533 600/845/1534 464/842/1531
f 561/843/1535 82/846/1536 602/847/1537
f 602/847/1537 601/844/1533 561/843/1538
f 82/846/1536 560/848/1539 603/206/295
f 603/206/1540 602/847/1537 82/846/1536
f 560/848/1539 130/849/1541 604/850/1542
f 604/850/1542 603/206/1543 560/848/1539
f 130/849/1544 541/851/1545 605/852/1546
f 605/852/1546 604/850/1542 130/849/1541
f 541/851/1545 465/853/1547 606/854/1548
f 606/854/1548 605/852/1546 541/851/1545
f 465/853/1547 543/855/1549 607/856/1550
f 607/856/1550 606/854/1548 465/853/1547
f 543/855/1549 466/857/1551 608/858/1552
f 608/858/1552 607/856/1550 543/855/1549
f 466/857/1553 545/859/1554 609/860/1555
f 609/860/1555 608/858/1552 466/857/1551
f 545/859/1556 467/861/1557 610/862/1558
f 610/862/1558 609/860/1559 545/859/1554
f 467/861/1560 568/863/1561 611/831/1499
f 611/831/1499 610/862/1558 467/861/1562
f 568/863/1563 123/864/1564 612/832/1500
f 612/832/1500 611/831/1499 568/863/1565
f 123/864/1566 567/865/1567 613/199/287
f 613/199/1568 612/832/1500 123/864/1564
f 567/865/1567 129/866/1569 614/203/291
f 614/203/291 613/199/287 567/865/1567
f 129/866/1570 566/867/1571 615/204/1572
f 615/204/292 614/203/291 129/866/1573
f 566/867/1571 121/868/1574 616/215/1503
f 616/215/1503 615/204/292 566/867/1575
f 121/868/1574 565/869/1576 617/870/1577
f 617/870/1578 616/215/306 121/868/1579
f 565/869/1576 90/871/1580 618/872/1581
f 618/872/1581 617/870/1577 565/869/1576
f 90/871/1580 564/873/1582 619/874/1583
f 619/874/1583 618/872/1581 90/871/1584
f 564/873/1585 83/875/1586 620/876/1587
f 620/876/1588 619/874/1589 564/873/1582
f 83/875/1586 563/877/1590 621/878/1591
f 621/878/1591 620/876/1587 83/875/1586
f 563/877/1592 131/879/1593 622/880/1594
f 622/880/1595 621/878/1591 563/877/1596
f 131/879/1597 562/881/1598 623/882/1599
f 623/882/1599 622/880/1595 131/879/1593
f 562/881/1600 464/842/1531 600/845/1534
f 600/845/1534 623/882/1601 562/881/1598
f 81/883/1602 573/884/1603 625/885/1604
f 625/885/1604 624/886/1605 81/883/1602
f 573/884/1603 463/887/1606 626/888/1607
f 626/888/1607 625/885/1604 573/884/1603
f 463/887/1606 572/889/1608 627/890/1609
f 627/890/1609 626/888/1610 463/887/1606
f 572/889/1611 80/891/1612 628/892/1613
f 628/892/1613 627/890/1609 572/889/1614
f 80/891/1615 571/893/1616 629/894/1617
f 629/894/1617 628/892/1613 80/891/1615
f 571/893/1618 91/895/1619 630/896/1620
f 630/896/1621 629/894/1617 571/893/1616
f 91/895/1619 570/897/1622 631/898/1623
f 631/898/1624 630/896/1621 91/895/1619
f 570/897/1625 86/899/1626 632/900/1627
f 632/900/1628 631/898/1629 570/897/1630
f 86/899/1631 569/901/1632 633/902/1633
f 633/902/1634 632/900/1628 86/899/1626
f 569/901/1632 458/903/1635 634/214/305
f 634/214/305 633/902/1633 569/901/1632
f 458/903/1636 589/904/1637 635/153/214
f 635/153/214 634/214/305 458/903/1638
f 589/904/1639 85/905/1640 636/154/215
f 636/154/215 635/153/214 589/904/1637
f 85/905/1640 588/906/1641 637/213/304
f 637/213/304 636/154/215 85/905/1640
f 588/906/1642 103/907/1643 638/211/302
f 638/211/302 637/213/304 588/906/1642
f 103/907/1643 586/908/1644 639/216/307
f 639/216/307 638/211/302 103/907/1643
f 586/908/1645 88/909/1646 640/839/1526
f 640/839/1525 639/216/307 586/908/1645
f 88/909/1647 584/910/1648 641/148/209
f 641/148/209 640/839/1525 88/909/1647
f 584/910/1648 84/911/1649 642/149/210
f 642/149/210 641/148/209 584/910/1648
f 84/911/1649 583/912/1650 643/913/1651
f 643/913/1651 642/149/210 84/911/1649
f 583/912/1652 92/914/1653 644/915/1654
f 644/915/1655 643/913/1651 583/912/1650
f 92/914/1653 576/916/1656 645/917/1657
f 645/917/1658 644/915/1659 92/914/1660
f 576/916/1661 93/918/1662 646/919/1663
f 646/919/1663 645/917/1664 576/916/1665
f 93/918/1666 575/920/1667 647/921/1668
f 647/921/1668 646/919/1669 93/918/1662
f 575/920/1667 87/922/1670 648/923/1671
f 648/923/1671 647/921/1668 575/920/1667
f 87/922/1672 574/924/1673 649/925/1674
f 649/925/1675 648/923/1676 87/922/1672
f 574/924/1673 81/883/1602 624/886/1605
f 624/886/1605 649/925/1674 574/924/1673
f 468/926/1677 585/927/1678 651/147/1679
f 651/147/1680 650/150/1681 468/926/1677
f 585/927/1682 89/928/1683 652/838/1684
f 652/838/1684 651/147/1679 585/927/1682
f 89/928/1683 587/929/1685 653/217/308
f 653/217/308 652/838/1684 89/928/1683
f 587/929/1685 111/930/1686 654/212/1687
f 654/212/1687 653/217/308 587/929/1685
f 111/930/1686 590/931/1688 655/840/1528
f 655/840/1528 654/212/1687 111/930/1686
f 590/931/1688 114/932/1689 656/196/284
f 656/196/284 655/840/1528 590/931/1688
f 114/932/1689 591/933/1690 657/841/1529
f 657/841/1529 656/196/284 114/932/1691
f 591/933/1692 110/934/1693 658/935/1694
f 658/935/1695 657/841/1529 591/933/1692
f 110/934/1693 592/936/1696 659/937/1697
f 659/937/1697 658/935/1694 110/934/1693
f 592/936/1698 104/938/1699 660/186/1700
f 660/186/1700 659/937/1697 592/936/1698
f 104/938/1699 593/939/1701 661/178/1702
f 661/178/1702 660/186/1700 104/938/1699
f 593/939/1701 105/940/1703 662/179/261
f 662/179/261 661/178/1702 593/939/1701
f 105/940/1704 594/941/1705 663/180/263
f 663/180/263 662/179/261 105/940/1704
f 594/941/1706 107/942/1707 664/181/264
f 664/181/264 663/180/1708 594/941/1709
f 107/942/1710 595/943/1711 665/182/266
f 665/182/266 664/181/264 107/942/1710
f 595/943/1712 109/944/1713 666/183/267
f 666/183/1714 665/182/266 595/943/1711
f 109/944/1713 596/945/1715 667/184/1716
f 667/184/268 666/183/267 109/944/1713
f 596/945/1717 113/946/1718 668/185/1719
f 668/185/269 667/184/268 596/945/1715
f 113/946/1718 597/947/1720 669/208/1721
f 669/208/1721 668/185/1719 113/946/1718
f 597/947/1722 102/948/1723 670/209/1724
f 670/209/1724 669/208/1725 597/947/1720
f 102/948/1723 598/949/1726 671/177/258
f 671/177/258 670/209/1724 102/948/1727
f 598/949/1726 112/950/1728 672/175/1729
f 672/175/1729 671/177/258 598/949/1730
f 112/950/1728 599/951/1731 673/952/1732
f 673/952/1732 672/175/1733 112/950/1728
f 599/951/1734 468/926/1735 650/150/1681
f 650/150/1681 673/952/1732 599/951/1731
f 108/160/226 668/185/269 669/208/298
f 679/159/224 108/160/226 788/176/1736
f 643/913/1651 673/952/1737 650/150/211
f 650/150/1738 642/149/210 643/913/1651
f 106/161/262 664/181/1739 665/182/266
f 106/161/262 95/163/259 663/180/263
f 95/163/259 662/179/261 663/180/263
f 96/162/265 666/183/267 667/184/268
f 108/160/226 96/162/230 667/184/1716
f 95/163/259 660/186/1700 661/178/260
f 657/841/1529 658/935/1695 486/197/285
f 488/210/301 654/212/303 655/840/1528
f 618/872/1581 619/874/1589 631/898/1740
f 631/898/1740 632/900/1741 618/872/1581
f 619/874/1589 620/876/1588 630/896/1621
f 630/896/1621 631/898/1740 619/874/1589
f 620/876/1587 621/878/1591 629/894/1617
f 629/894/1742 630/896/1621 620/876/1587
f 621/878/1591 622/880/1595 628/892/1613
f 628/892/1613 629/894/1742 621/878/1591
f 677/237/352 628/892/1613 622/880/1595
f 622/880/1595 674/242/348 677/237/352
f 617/870/1743 633/902/1633 634/214/305
f 634/214/305 616/215/1503 617/870/1743
f 617/870/1743 618/872/1581 632/900/1741
f 632/900/1741 633/902/1633 617/870/1743
f 600/845/1534 601/844/1533 675/243/349
f 622/880/1595 623/882/1601 674/242/348
f 675/243/349 674/242/348 623/882/1601
f 623/882/1601 600/845/1534 675/243/349
f 676/205/294 675/243/349 601/844/1533
f 601/844/1533 602/847/1537 676/205/1744
f 602/847/1537 603/206/295 676/205/1744
f 683/227/328 74/140/197 787/953/1745
f 625/885/1746 626/888/1747 678/236/343
f 626/888/1610 677/237/352 678/236/340
f 627/890/1609 628/892/1613 677/237/352
f 624/886/1748 625/885/1604 678/236/340
f 648/923/1749 649/925/1750 684/239/345
f 649/925/1750 624/886/1748 684/239/345
f 624/886/1748 678/236/343 684/239/345
f 626/888/1610 627/890/1609 677/237/352
f 643/913/1651 644/915/1659 673/952/1751
f 644/915/1659 645/917/1664 787/953/1745
f 645/917/1657 646/919/1663 787/953/1745
f 684/239/345 683/227/328 648/923/1749
f 647/921/1752 648/923/1749 787/953/1745
f 646/919/1663 647/921/1752 787/953/1745
f 74/140/197 76/141/198 682/156/1753
f 787/953/1745 788/176/1736 673/952/1754
f 673/952/1754 644/915/1659 787/953/1745
f 488/210/301 469/151/216 637/213/1755
f 469/151/212 636/154/215 637/213/1755
f 170/317/1756 688/824/1757 685/954/1758
f 686/955/1759 944/316/1760 511/474/658
f 511/474/660 512/821/1761 686/955/1762
f 826/956/1763 859/696/1081 354/695/1084
f 354/695/1084 827/957/1764 826/956/1765
f 853/671/1039 854/958/1766 819/268/1767
f 819/268/1768 392/267/1769 853/671/1039
f 688/824/1476 816/690/1073 376/273/401
f 688/824/1476 813/959/1770 685/954/1758
f 459/799/1771 457/800/1772 734/960/1773
f 734/960/1773 736/961/1774 459/799/1771
f 122/801/1312 459/799/1308 736/961/1774
f 736/961/1774 721/962/1775 122/801/1312
f 128/802/1310 122/801/1776 721/962/1775
f 721/962/1775 727/963/1777 128/802/1310
f 460/803/1778 128/802/1310 727/963/1779
f 727/963/1777 737/964/1780 460/803/1781
f 124/804/1318 460/803/1778 737/964/1780
f 737/964/1782 723/965/1783 124/804/1318
f 461/805/1784 124/804/1318 723/965/1785
f 723/965/1783 738/966/1786 461/805/1784
f 125/807/1322 461/805/1787 738/966/1786
f 738/966/1786 724/967/1788 125/807/1323
f 462/808/1327 125/807/1322 724/967/1789
f 724/967/1788 739/968/1790 462/808/1327
f 455/809/1791 462/808/1327 739/968/1790
f 739/968/1790 733/969/1792 455/809/1793
f 115/810/1794 455/809/1793 733/969/1795
f 733/969/1795 714/970/1796 115/810/1794
f 116/811/1797 115/810/1798 714/970/1799
f 714/970/1799 715/971/1800 116/811/1801
f 117/812/1802 116/811/1797 715/971/1803
f 715/971/1803 716/972/1804 117/812/1802
f 127/813/1805 117/812/1342 716/972/1804
f 716/972/1804 726/973/1806 127/813/1807
f 118/814/1346 127/813/1805 726/973/1806
f 726/973/1806 717/974/1808 118/814/1809
f 453/816/1350 118/814/1809 717/974/1810
f 717/974/1810 731/975/1811 453/816/1350
f 454/817/1812 453/816/1813 731/975/1811
f 731/975/1811 732/976/1814 454/817/1815
f 120/818/1816 454/817/1815 732/976/1817
f 732/976/1814 719/977/1818 120/818/1819
f 126/819/1820 120/818/1819 719/977/1821
f 719/977/1822 725/978/1823 126/819/1356
f 119/820/1361 126/819/1824 725/978/1823
f 725/978/1825 718/979/1826 119/820/1361
f 457/800/1772 119/820/1361 718/979/1826
f 718/979/1827 734/960/1773 457/800/1828
f 561/843/1535 464/842/1531 741/980/1829
f 741/980/1829 750/981/1830 561/843/1535
f 82/846/1831 561/843/1535 750/981/1830
f 750/981/1830 691/982/1832 82/846/1536
f 560/848/1833 82/846/1831 691/982/1832
f 691/982/1834 749/983/1835 560/848/1833
f 130/849/1836 560/848/1833 749/983/1837
f 749/983/1835 729/984/1838 130/849/1836
f 541/851/1839 130/849/1836 729/984/1838
f 729/984/1838 746/985/1840 541/851/1545
f 465/853/1841 541/851/1545 746/985/1842
f 746/985/1842 742/986/1843 465/853/1841
f 543/855/1844 465/853/1841 742/986/1843
f 742/986/1843 747/987/1845 543/855/1844
f 466/857/1553 543/855/1844 747/987/1845
f 747/987/1845 743/988/1846 466/857/1551
f 545/859/1847 466/857/1551 743/988/1848
f 743/988/1849 748/989/1850 545/859/1554
f 467/861/1851 545/859/1847 748/989/1852
f 748/989/1852 744/990/1853 467/861/1851
f 568/863/1561 467/861/1851 744/990/1853
f 744/990/1854 757/991/1855 568/863/1561
f 123/864/1856 568/863/1561 757/991/1857
f 757/991/1857 722/992/1858 123/864/1566
f 567/865/1859 123/864/1564 722/992/1858
f 722/992/1860 756/993/1861 567/865/1862
f 129/866/1573 567/865/1859 756/993/1863
f 756/993/1864 728/994/1865 129/866/1573
f 566/867/1866 129/866/1570 728/994/1865
f 728/994/1867 755/995/1868 566/867/1866
f 121/868/1869 566/867/1866 755/995/1870
f 755/995/1868 720/996/1871 121/868/1872
f 565/869/1873 121/868/1869 720/996/1874
f 720/996/1874 754/997/1875 565/869/1576
f 90/871/1580 565/869/1576 754/997/1875
f 754/997/1876 699/998/1877 90/871/1580
f 564/873/1585 90/871/1580 699/998/1878
f 699/998/1878 753/999/1879 564/873/1585
f 83/875/1880 564/873/1881 753/999/1879
f 753/999/1879 692/1000/1882 83/875/1586
f 563/877/1883 83/875/1880 692/1000/1882
f 692/1000/1882 752/1001/1884 563/877/1885
f 131/879/1593 563/877/1885 752/1001/1886
f 752/1001/1887 730/1002/1888 131/879/1889
f 562/881/1598 131/879/1889 730/1002/1888
f 730/1002/1888 751/1003/1890 562/881/1600
f 464/842/1531 562/881/1600 751/1003/1890
f 751/1003/1890 741/980/1829 464/842/1531
f 573/884/1891 81/883/1602 690/1004/1892
f 690/1004/1892 762/1005/1893 573/884/1894
f 463/887/1895 573/884/1896 762/1005/1893
f 762/1005/1897 740/1006/1898 463/887/1606
f 572/889/1614 463/887/1606 740/1006/1899
f 740/1006/1900 761/1007/1901 572/889/1611
f 80/891/1615 572/889/1902 761/1007/1901
f 761/1007/1903 689/1008/1904 80/891/1615
f 571/893/1618 80/891/1612 689/1008/1905
f 689/1008/1905 760/1009/1906 571/893/1616
f 91/895/1907 571/893/1616 760/1009/1906
f 760/1009/1906 700/1010/1908 91/895/1619
f 570/897/1625 91/895/1909 700/1010/1908
f 700/1010/1910 759/1011/1911 570/897/1625
f 86/899/1626 570/897/1625 759/1011/1911
f 759/1011/1912 695/1012/1913 86/899/1626
f 569/901/1632 86/899/1626 695/1012/1913
f 695/1012/1914 758/1013/1915 569/901/1916
f 458/903/1635 569/901/1632 758/1013/1915
f 758/1013/1915 735/1014/1917 458/903/1635
f 589/904/1637 458/903/1635 735/1014/1918
f 735/1014/1917 772/1015/1919 589/904/1637
f 85/905/1640 589/904/1637 772/1015/1920
f 772/1015/1919 694/1016/1921 85/905/1922
f 588/906/1923 85/905/1922 694/1016/1921
f 694/1016/1921 771/1017/1924 588/906/1923
f 103/907/1643 588/906/1923 771/1017/1924
f 771/1017/1925 704/1018/1926 103/907/1643
f 586/908/1927 103/907/1928 704/1018/1926
f 704/1018/1926 769/1019/1929 586/908/1927
f 88/909/1930 586/908/1927 769/1019/1929
f 769/1019/1929 697/1020/1931 88/909/1930
f 584/910/1648 88/909/1646 697/1020/1931
f 697/1020/1932 767/1021/1933 584/910/1648
f 84/911/1649 584/910/1648 767/1021/1933
f 767/1021/1933 693/1022/1934 84/911/1935
f 583/912/1936 84/911/1649 693/1022/1934
f 693/1022/1934 766/1023/1937 583/912/1938
f 92/914/1939 583/912/1650 766/1023/1940
f 766/1023/1937 701/1024/1941 92/914/1653
f 576/916/1661 92/914/1653 701/1024/1941
f 701/1024/1942 765/1025/1943 576/916/1944
f 93/918/1662 576/916/1944 765/1025/1943
f 765/1025/1943 702/1026/1945 93/918/1662
f 575/920/1667 93/918/1662 702/1026/1945
f 702/1026/1945 764/1027/1946 575/920/1667
f 87/922/1947 575/920/1667 764/1027/1948
f 764/1027/1948 696/1028/1949 87/922/1670
f 574/924/1950 87/922/1947 696/1028/1949
f 696/1028/1949 763/1029/1951 574/924/1952
f 81/883/1953 574/924/1673 763/1029/1951
f 763/1029/1951 690/1004/1892 81/883/1602
f 585/927/1678 468/926/1954 745/1030/1955
f 745/1030/1956 768/1031/1957 585/927/1958
f 89/928/1683 585/927/1678 768/1031/1959
f 768/1031/1957 698/1032/1960 89/928/1683
f 587/929/1685 89/928/1683 698/1032/1960
f 698/1032/1960 770/1033/1961 587/929/1685
f 111/930/1962 587/929/1685 770/1033/1963
f 770/1033/1961 710/1034/1964 111/930/1686
f 590/931/1965 111/930/1966 710/1034/1967
f 710/1034/1964 773/1035/1968 590/931/1965
f 114/932/1689 590/931/1969 773/1035/1968
f 773/1035/1970 713/1036/1971 114/932/1689
f 591/933/1692 114/932/1689 713/1036/1971
f 713/1036/1971 774/1037/1972 591/933/1973
f 110/934/1974 591/933/1975 774/1037/1972
f 774/1037/1976 709/1038/1977 110/934/1693
f 592/936/1698 110/934/1693 709/1038/1977
f 709/1038/1977 775/1039/1978 592/936/1979
f 104/938/1980 592/936/1698 775/1039/1978
f 775/1039/1978 705/1040/1981 104/938/1699
f 593/939/1982 104/938/1980 705/1040/1981
f 705/1040/1981 776/1041/1983 593/939/1982
f 105/940/1984 593/939/1985 776/1041/1983
f 776/1041/1983 706/1042/1986 105/940/1987
f 594/941/1706 105/940/1987 706/1042/1988
f 706/1042/1989 777/1043/1990 594/941/1706
f 107/942/1710 594/941/1706 777/1043/1990
f 777/1043/1990 707/1044/1991 107/942/1710
f 595/943/1992 107/942/1993 707/1044/1994
f 707/1044/1994 778/1045/1995 595/943/1996
f 109/944/1713 595/943/1711 778/1045/1997
f 778/1045/1998 708/1046/1999 109/944/1713
f 596/945/1717 109/944/2000 708/1046/1999
f 708/1046/2001 779/1047/2002 596/945/1717
f 113/946/2003 596/945/1717 779/1047/2002
f 779/1047/2004 712/1048/2005 113/946/2006
f 597/947/2007 113/946/2008 712/1048/2009
f 712/1048/2010 780/1049/2011 597/947/1722
f 102/948/1723 597/947/2007 780/1049/2012
f 780/1049/2011 703/1050/2013 102/948/2014
f 598/949/2015 102/948/2014 703/1050/2016
f 703/1050/2016 781/1051/2017 598/949/2015
f 112/950/1728 598/949/2018 781/1051/2019
f 781/1051/2017 711/1052/2020 112/950/2021
f 599/951/1731 112/950/1728 711/1052/2022
f 711/1052/2022 782/1053/2023 599/951/1731
f 468/926/1954 599/951/1731 782/1053/2023
f 782/1053/2023 745/1030/1956 468/926/1954
f 736/961/1774 734/960/2024 783/1054/2025
f 721/962/2026 736/961/2027 783/1054/2025
f 727/963/2028 721/962/2029 783/1054/2025
f 737/964/2030 727/963/2028 783/1054/2025
f 723/965/2031 737/964/2032 783/1054/2033
f 738/966/2034 723/965/2031 783/1054/2025
f 724/967/2035 738/966/2034 783/1054/2025
f 739/968/2036 724/967/2037 783/1054/2025
f 733/969/2038 739/968/2039 783/1054/2025
f 714/970/1796 733/969/2040 783/1054/2025
f 715/971/1803 714/970/2041 783/1054/2025
f 716/972/1804 715/971/2042 783/1054/2025
f 726/973/2043 716/972/2044 783/1054/2033
f 717/974/2045 726/973/2046 783/1054/2025
f 731/975/2047 717/974/2045 783/1054/2025
f 732/976/2048 731/975/2049 783/1054/2025
f 719/977/2050 732/976/2051 783/1054/2025
f 725/978/2052 719/977/2050 783/1054/2025
f 718/979/1826 725/978/2053 783/1054/2025
f 734/960/2024 718/979/1826 783/1054/2025
f 750/981/2054 741/980/2055 784/1055/2056
f 691/982/1832 750/981/2057 784/1055/2056
f 749/983/1837 691/982/2058 784/1055/2059
f 729/984/2060 749/983/1837 784/1055/2061
f 746/985/2062 729/984/2060 784/1055/2056
f 742/986/2063 746/985/1840 784/1055/2056
f 747/987/2064 742/986/2063 784/1055/2056
f 743/988/1848 747/987/2064 784/1055/2059
f 748/989/1852 743/988/1848 784/1055/2059
f 744/990/1853 748/989/2065 784/1055/2059
f 757/991/2066 744/990/1853 784/1055/2067
f 722/992/1860 757/991/1857 784/1055/2056
f 756/993/1861 722/992/2068 784/1055/2059
f 728/994/1865 756/993/2069 784/1055/2059
f 755/995/1870 728/994/1865 784/1055/2070
f 720/996/1871 755/995/1870 784/1055/2059
f 754/997/1875 720/996/2071 784/1055/2059
f 699/998/1877 754/997/1875 784/1055/2056
f 753/999/2072 699/998/1877 784/1055/2059
f 692/1000/2073 753/999/1879 784/1055/2056
f 752/1001/1886 692/1000/2074 784/1055/2056
f 730/1002/2075 752/1001/2076 784/1055/2056
f 751/1003/2077 730/1002/1888 784/1055/2056
f 741/980/2055 751/1003/1890 784/1055/2056
f 762/1005/2078 690/1004/2079 785/1056/2080
f 740/1006/2081 762/1005/1897 785/1056/2080
f 761/1007/2082 740/1006/1898 785/1056/2080
f 689/1008/1904 761/1007/2083 785/1056/2080
f 760/1009/1906 689/1008/1904 785/1056/2080
f 700/1010/2084 760/1009/2085 785/1056/2080
f 759/1011/1911 700/1010/2086 785/1056/2080
f 695/1012/1913 759/1011/1911 785/1056/2080
f 758/1013/1915 695/1012/1913 785/1056/2080
f 735/1014/1918 758/1013/1915 785/1056/2080
f 772/1015/1920 735/1014/1918 785/1056/2080
f 694/1016/1921 772/1015/1920 785/1056/2080
f 771/1017/1924 694/1016/2087 785/1056/2080
f 704/1018/1926 771/1017/1924 785/1056/2080
f 769/1019/2088 704/1018/2089 785/1056/2080
f 697/1020/1932 769/1019/2090 785/1056/2080
f 767/1021/1933 697/1020/2091 785/1056/2080
f 693/1022/2092 767/1021/1933 785/1056/2080
f 766/1023/2093 693/1022/2094 785/1056/2080
f 701/1024/2095 766/1023/2096 785/1056/2080
f 765/1025/2097 701/1024/2098 785/1056/2080
f 702/1026/1945 765/1025/2099 785/1056/2080
f 764/1027/1946 702/1026/2100 785/1056/2080
f 696/1028/2101 764/1027/2102 785/1056/2080
f 763/1029/1951 696/1028/2101 785/1056/2080
f 690/1004/2103 763/1029/2104 785/1056/2080
f 768/1031/2105 745/1030/2106 786/1057/2107
f 698/1032/2108 768/1031/1959 786/1057/2107
f 770/1033/2109 698/1032/2108 786/1057/2107
f 710/1034/1964 770/1033/1963 786/1057/2107
f 773/1035/2110 710/1034/1964 786/1057/2107
f 713/1036/2111 773/1035/2112 786/1057/2107
f 774/1037/1972 713/1036/2113 786/1057/2107
f 709/1038/2114 774/1037/1972 786/1057/2107
f 775/1039/1978 709/1038/2115 786/1057/2107
f 705/1040/1981 775/1039/2116 786/1057/2107
f 776/1041/1983 705/1040/2117 786/1057/2107
f 706/1042/1989 776/1041/1983 786/1057/2107
f 777/1043/2118 706/1042/1989 786/1057/2107
f 707/1044/2119 777/1043/2118 786/1057/2107
f 778/1045/1995 707/1044/2120 786/1057/2121
f 708/1046/1999 778/1045/2122 786/1057/2107
f 779/1047/2002 708/1046/1999 786/1057/2121
f 712/1048/2123 779/1047/2002 786/1057/2107
f 780/1049/2011 712/1048/2123 786/1057/2121
f 703/1050/2013 780/1049/2124 786/1057/2107
f 781/1051/2019 703/1050/2013 786/1057/2107
f 711/1052/2020 781/1051/2125 786/1057/2121
f 782/1053/2126 711/1052/2127 786/1057/2128
f 745/1030/1956 782/1053/2023 786/1057/2107
f 372/660/1109 215/387/2129 191/388/543
f 234/453/669 236/458/1003 240/457/635
f 683/227/328 787/953/1745 648/923/1749
f 603/206/295 604/850/1542 985/207/296
f 985/207/296 1016/1058/2130 1012/173/253
f 1017/797/2131 98/169/246 1015/170/248
f 1018/1059/2132 610/862/2133 475/806/1498
f 475/806/1498 1017/797/1301 1018/1059/2134
f 787/953/1745 682/156/1753 681/158/223
f 787/953/1745 681/158/223 680/157/2135
f 787/953/1745 680/157/2135 788/176/1736
f 74/140/197 682/156/1753 787/953/1745
f 788/176/1736 670/209/1724 671/177/258
f 788/176/257 672/175/256 673/952/1737
f 680/157/2135 679/159/224 788/176/1736
f 108/160/226 670/209/1724 788/176/1736
f 789/194/282 659/937/1697 660/186/1700
f 789/194/282 486/197/285 658/935/1695
f 789/194/282 483/219/312 484/815/2136
f 789/194/282 484/815/1348 485/795/2137
f 789/194/282 658/935/2138 659/937/1697
f 100/166/2139 483/219/312 789/194/2140
f 94/164/233 789/194/282 660/186/1700
f 43/14/14 6/20/23 825/15/15
f 352/422/985 517/648/988 890/1060/2141
f 582/606/2142 285/605/2143 311/604/2144
f 582/606/2142 311/604/2144 310/607/879
f 523/466/651 406/491/2145 346/493/698
f 523/466/651 401/464/1086 406/491/695
f 518/652/1418 519/470/655 251/469/654
f 227/403/992 514/653/990 515/654/991
f 360/327/460 359/326/459 200/356/498
f 793/63/167 20/68/2146 53/127/174
f 53/127/174 794/126/168 793/63/167
f 546/62/75 29/69/80 20/68/171
f 20/68/2147 793/63/72 546/62/75
f 795/51/1455 17/56/157 56/121/156
f 56/121/156 796/119/154 795/51/153
f 798/55/64 18/60/161 55/123/160
f 55/123/160 797/122/2148 798/55/64
f 800/59/163 19/64/166 54/125/165
f 54/125/165 799/124/164 800/59/162
f 802/67/172 21/72/176 52/129/179
f 52/129/2149 801/128/2150 802/67/172
f 804/71/2151 22/76/2152 51/131/2153
f 51/131/180 803/130/178 804/71/2151
f 547/58/67 30/65/74 19/64/73
f 19/64/73 800/59/2154 547/58/67
f 456/168/243 57/120/2155 796/119/244
f 796/119/2156 56/121/2157 98/169/2158
f 98/169/2158 56/121/2157 797/122/2159
f 797/122/247 55/123/2160 1015/170/248
f 1015/170/248 55/123/2161 799/124/249
f 799/124/2162 54/125/2163 1014/171/250
f 1014/171/250 54/125/2164 794/126/251
f 794/126/251 53/127/170 1013/172/2165
f 1013/172/252 53/127/170 801/128/173
f 801/128/2166 52/129/2167 1012/173/253
f 1012/173/253 52/129/2168 803/130/2169
f 803/130/178 51/131/180 97/174/2170
f 805/47/149 16/52/152 57/120/155
f 57/120/155 806/118/150 805/47/1457
f 99/167/240 58/117/2171 806/118/242
f 806/118/242 57/120/2172 456/168/2173
f 807/75/2174 23/80/2175 50/144/207
f 50/144/204 808/132/183 807/75/182
f 540/74/86 26/81/94 23/80/93
f 23/80/93 807/75/87 540/74/86
f 97/174/2176 51/131/180 808/132/183
f 15/48/148 58/117/147 809/116/2177
f 809/116/2177 810/44/145 15/48/148
f 100/166/236 59/114/143 809/116/2178
f 809/116/239 58/117/2171 99/167/240
f 812/134/186 50/144/207 23/80/2175
f 23/80/2175 811/79/2179 812/134/186
f 49/133/185 983/143/2180 984/1061/2181
f 984/1061/2182 812/134/2183 49/133/185
f 161/343/2184 979/344/2185 977/664/1028
f 977/664/1028 373/346/483 161/343/482
f 688/824/1476 38/825/1477 813/959/2186
f 170/317/447 685/954/2187 814/426/598
f 815/320/451 837/675/1043 816/690/1073
f 688/824/1476 170/317/447 816/690/1073
f 819/268/2188 821/1062/2189 818/1063/2190
f 821/1062/2189 687/1064/1076 820/1065/2191
f 823/693/1077 217/399/2192 856/402/2193
f 856/402/2193 822/694/1078 823/693/1077
f 819/268/2188 818/1063/2194 393/269/396
f 821/1062/2189 820/1065/2195 818/1063/2194
f 817/697/2196 687/1064/1076 821/1062/2189
f 823/1066/1077 687/1064/1076 817/697/1083
f 824/1067/2197 5/1068/2198 828/12/2199
f 828/12/12 829/1069/2200 824/1067/2197
f 824/1067/2201 829/1069/2200 830/16/16
f 830/16/16 825/15/15 824/1067/2197
f 6/20/2202 824/1067/2201 825/15/2203
f 826/956/1763 686/955/1762 512/821/1761
f 827/957/1764 945/1070/2204 826/956/1763
f 827/957/1764 354/695/1084 854/958/2205
f 354/695/2206 817/697/2196 821/1062/2189
f 826/956/1763 512/821/2207 857/473/657
f 830/16/17 820/1071/2208 687/692/1076
f 687/692/1076 831/17/2209 830/16/2210
f 822/694/1079 836/1072/2211 43/14/14
f 43/14/14 831/17/18 822/694/1079
f 393/1073/2212 818/1074/2190 829/1069/2213
f 829/1069/2213 828/12/2214 393/1073/2212
f 829/1069/2213 818/1074/2215 820/1071/2208
f 820/1071/2195 830/16/17 829/1069/2213
f 828/12/12 5/1068/2198 4/13/2216
f 44/11/2217 393/1073/2212 828/12/2218
f 218/406/2219 999/405/2220 1000/249/2221
f 1000/249/2221 836/1072/2222 218/406/2219
f 219/407/573 580/410/1511 834/251/377
f 834/251/377 835/250/373 219/407/573
f 833/833/2223 220/411/581 221/414/580
f 221/414/580 832/417/2224 833/833/2223
f 834/251/1508 580/410/1511 220/411/2225
f 220/411/2225 833/833/1509 834/251/1508
f 822/694/2226 856/402/567 218/406/2227
f 218/406/2219 836/1072/2222 822/694/1078
f 174/349/2228 954/308/2229 955/668/1034
f 955/668/1034 850/667/2230 174/349/2228
f 173/307/436 949/312/442 950/670/2231
f 950/670/1037 851/669/1036 173/307/436
f 392/267/2232 941/264/390 942/672/1040
f 942/672/1040 853/671/1039 392/267/394
f 837/675/1043 815/320/451 169/322/454
f 169/322/454 838/676/1044 837/675/1043
f 838/676/1044 169/322/454 1004/1075/2233
f 1004/1075/2233 1003/677/1045 838/676/1044
f 839/678/2234 168/329/2235 167/328/461
f 167/328/461 840/679/2236 839/678/2234
f 841/680/2237 380/282/410 379/280/408
f 379/280/408 840/679/1048 841/680/1050
f 381/284/415 380/282/410 841/680/1050
f 841/680/1050 842/681/1052 381/284/415
f 382/286/2238 381/284/415 842/681/2239
f 842/681/1052 843/682/1053 382/286/2238
f 383/288/416 382/286/2238 843/682/2240
f 843/682/1053 844/683/2241 383/288/416
f 384/294/1485 383/288/419 844/683/2242
f 844/683/2242 845/684/1057 384/294/1485
f 385/292/422 384/294/1485 845/684/1057
f 845/684/2243 846/685/2244 385/292/1064
f 162/341/2245 161/343/482 847/686/2246
f 847/686/1062 846/685/1059 162/341/2245
f 161/343/2247 160/345/2248 848/687/1067
f 848/687/1067 847/686/2249 161/343/2247
f 160/345/485 159/347/2250 849/688/2251
f 849/688/2251 848/687/1069 160/345/2248
f 159/347/2252 1009/350/488 1010/689/1072
f 1010/689/1072 849/688/1071 159/347/2253
f 171/674/2254 827/957/1764 854/958/1766
f 854/958/2205 853/671/1039 171/674/2254
f 354/695/2255 821/1062/2189 854/958/1766
f 837/675/1043 376/273/403 816/690/1073
f 821/1062/2189 819/268/1767 854/958/1766
f 855/401/2256 227/403/568 218/406/2227
f 218/406/2219 856/402/567 855/401/2256
f 217/1076/564 823/1066/1077 817/697/2196
f 817/697/1083 858/472/1082 217/1076/2192
f 513/471/1405 217/1076/564 858/472/1082
f 826/956/1765 857/473/657 859/696/1081
f 859/696/1081 857/473/657 858/472/1082
f 860/691/1075 685/1077/2257 813/1078/2258
f 813/1078/2259 861/822/2260 860/691/1075
f 861/822/2260 813/1078/2261 38/35/1477
f 38/35/41 862/34/40 861/822/2260
f 12/111/137 61/110/2262 864/109/134
f 864/109/134 863/108/133 12/111/2263
f 95/163/231 62/106/2264 864/109/2265
f 864/109/2266 61/110/2267 94/164/233
f 12/111/2268 863/108/133 866/33/39
f 866/33/39 865/38/2269 12/111/2268
f 863/108/133 11/107/131 862/34/40
f 862/34/40 866/33/39 863/108/133
f 13/41/141 60/115/237 868/113/140
f 868/113/140 867/112/138 13/41/2270
f 867/112/2271 12/111/137 865/38/2272
f 536/37/1465 867/112/1464 865/38/1468
f 94/164/233 61/110/2267 868/113/234
f 868/113/234 60/115/2273 101/165/2274
f 870/252/2275 832/417/2276 873/416/2277
f 873/416/2277 874/253/379 870/252/2278
f 869/254/381 222/418/586 991/421/589
f 991/421/589 990/1079/2279 869/254/381
f 833/833/2280 832/417/2224 870/252/378
f 870/252/378 41/24/28 833/833/2223
f 39/29/35 10/31/37 876/27/31
f 876/27/31 875/26/30 39/29/35
f 10/31/37 969/103/126 970/99/2281
f 970/99/2281 876/27/2282 10/31/2283
f 40/25/2284 870/252/2275 874/253/379
f 874/253/379 875/26/30 40/25/2284
f 224/419/587 222/418/2285 873/416/2286
f 873/416/2287 872/415/582 224/419/587
f 395/1080/2288 878/424/594 879/702/2289
f 879/702/2289 871/701/1107 395/1080/2288
f 222/418/2285 869/254/381 874/253/379
f 874/253/379 873/416/2277 222/418/2285
f 877/100/123 63/102/125 96/162/230
f 877/100/123 96/162/230 108/160/297
f 226/502/2290 792/835/2291 882/409/575
f 882/409/575 883/408/574 226/502/2292
f 881/412/578 225/834/2293 791/703/2294
f 791/703/2294 880/413/579 881/412/578
f 878/424/594 395/1080/2295 994/1081/2296
f 994/1081/2296 993/425/596 878/424/594
f 879/702/1103 872/415/582 221/414/585
f 221/414/2297 880/413/1104 879/702/1103
f 882/409/575 792/835/1515 225/834/1514
f 225/834/1514 881/412/1512 882/409/575
f 878/424/594 224/419/587 872/415/582
f 872/415/582 879/702/1103 878/424/594
f 885/94/115 67/155/2298 6/20/23
f 6/20/2299 884/19/116 885/94/115
f 885/94/218 66/93/114 681/158/223
f 885/94/218 681/158/2300 682/156/219
f 581/1082/2301 887/836/1517 886/503/715
f 886/503/2302 157/518/2303 581/1082/2301
f 792/835/2291 226/502/2304 886/503/715
f 886/503/715 887/836/1517 792/835/2291
f 155/507/719 889/506/2305 888/837/2306
f 888/837/2306 156/519/738 155/507/719
f 791/703/2294 225/834/2293 888/837/2306
f 888/837/2306 889/506/2305 791/703/2294
f 890/1060/2141 348/501/2307 262/500/2308
f 262/500/2308 158/514/733 890/1060/2141
f 890/1060/2309 158/514/733 157/518/736
f 157/518/736 886/503/2310 890/1060/2311
f 790/646/980 892/512/729 893/486/682
f 893/486/682 396/645/981 790/646/980
f 581/1082/2312 156/519/2313 888/837/1518
f 888/837/1518 887/836/1517 581/1082/2312
f 891/505/717 871/701/1107 889/506/718
f 892/508/721 790/1083/2314 994/1081/2296
f 994/1081/2296 995/509/2315 892/508/721
f 517/648/988 348/501/2307 890/1060/2141
f 894/515/2316 278/535/2317 270/516/767
f 156/519/2313 581/1082/2312 895/539/1521
f 895/539/1521 268/520/1520 156/519/2313
f 267/521/2318 266/542/2319 896/522/741
f 896/522/741 266/542/780 272/545/2320
f 272/545/2320 897/523/2321 896/522/741
f 272/547/2322 271/546/785 898/525/2323
f 898/525/743 897/524/2324 272/547/786
f 899/526/745 273/552/791 275/527/746
f 271/546/792 273/552/795 899/526/745
f 899/526/745 898/525/743 271/546/792
f 277/529/752 276/555/803 900/530/753
f 900/530/755 276/555/2325 280/558/806
f 280/558/2326 901/531/757 900/530/755
f 902/532/759 279/559/808 281/562/811
f 281/562/811 903/533/2327 902/532/759
f 901/531/761 280/558/806 279/564/814
f 279/564/2328 902/534/762 901/531/761
f 903/533/2327 281/562/811 278/535/765
f 278/535/765 894/515/731 903/533/764
f 581/1082/2301 157/518/2329 269/517/770
f 269/517/770 895/539/1521 581/1082/2301
f 904/565/817 307/566/867 905/536/2330
f 905/536/2331 922/568/2332 923/1084/2333
f 923/1084/2333 906/537/771 905/536/768
f 923/1084/2333 924/1085/2334 907/538/772
f 907/538/772 906/537/771 923/1084/2333
f 298/572/825 925/571/824 909/541/777
f 909/541/777 908/540/775 298/572/825
f 909/541/2335 299/1086/2336 910/543/779
f 299/1086/2337 300/1087/2338 911/544/783
f 911/544/2339 910/543/779 299/1086/2337
f 300/1088/2338 301/1089/2340 912/549/788
f 912/549/788 911/548/783 300/1088/2338
f 302/1090/2341 930/582/2342 914/551/790
f 914/551/2343 913/550/2344 302/1090/2345
f 301/1089/2346 302/1090/2347 913/550/789
f 913/550/789 912/549/793 301/1089/2346
f 914/551/796 930/582/2348 931/588/846
f 931/588/2349 915/553/2350 914/551/796
f 931/588/846 932/587/845 916/554/801
f 916/554/801 915/553/2350 931/588/846
f 932/587/851 303/593/2351 917/556/2352
f 917/556/2352 916/554/2353 932/587/851
f 303/593/856 304/592/854 918/557/805
f 918/557/805 917/556/807 303/593/856
f 919/560/2354 305/594/857 306/597/860
f 306/597/860 920/561/810 919/560/2354
f 304/592/854 305/599/862 919/563/813
f 919/563/813 918/557/812 304/592/854
f 920/561/816 306/597/2355 307/566/867
f 307/566/867 904/565/2356 920/561/816
f 924/1085/2357 298/572/2358 908/540/2359
f 908/540/775 907/538/772 924/1085/2357
f 921/567/820 286/602/2360 922/568/821
f 922/568/2332 286/602/2361 285/605/875
f 285/605/875 923/1084/2362 922/568/2332
f 285/605/875 582/606/2363 924/1085/2334
f 924/1085/2334 923/1084/2362 285/605/2143
f 926/573/2364 299/1086/2365 925/571/2366
f 927/576/2367 300/1087/2368 299/1086/2337
f 299/1086/2337 926/573/2369 927/576/2367
f 301/1089/2340 300/1088/2338 927/580/829
f 927/580/829 928/579/833 301/1089/2346
f 930/582/835 302/1090/2341 929/583/2370
f 929/583/836 302/1090/2371 301/1089/2346
f 301/1089/2346 928/579/840 929/583/836
f 930/582/835 291/581/834 290/585/843
f 290/585/2372 931/588/2373 930/582/2374
f 933/590/850 303/593/2351 932/587/851
f 292/589/849 296/618/2375 934/591/853
f 934/591/853 933/590/850 292/589/849
f 935/595/858 295/622/2376 297/621/2377
f 297/621/910 936/596/2378 935/595/858
f 296/618/2379 295/623/2380 935/598/858
f 935/598/858 934/591/861 296/618/2375
f 936/596/2381 297/621/2382 294/603/915
f 294/603/915 921/567/820 936/596/2383
f 582/606/2384 284/569/880 298/572/2385
f 298/572/2358 924/1085/2357 582/606/2384
f 229/1091/2386 952/1092/2387 953/309/438
f 953/309/438 939/352/490 229/1091/2388
f 230/1093/2389 947/450/628 948/313/443
f 948/313/443 938/310/2390 230/1093/2389
f 374/665/1030 1007/666/1032 1008/351/2391
f 1008/351/2391 940/348/2392 374/665/1030
f 686/955/1762 945/1070/2393 946/1094/2394
f 946/1094/2394 944/316/1760 686/955/1759
f 942/672/2395 852/1095/2396 172/311/2397
f 172/311/2397 943/673/1041 942/672/2395
f 941/264/390 391/263/393 852/1095/2396
f 852/1095/2398 942/672/2395 941/264/390
f 392/267/394 44/270/2399 537/265/391
f 537/265/391 941/264/2400 392/267/394
f 171/674/1042 943/673/1041 946/1094/2394
f 946/1094/2394 945/1070/2393 171/674/1042
f 943/673/1041 172/311/441 937/314/444
f 937/314/444 946/1094/2394 943/673/2401
f 827/957/1764 171/674/1042 945/1070/2204
f 945/1070/2204 686/955/1762 826/956/1763
f 944/316/1760 946/1094/2394 937/314/444
f 373/346/483 374/665/1030 940/348/486
f 160/345/485 373/346/483 940/348/2392
f 949/312/442 173/307/436 938/310/439
f 938/310/439 948/313/443 949/312/442
f 950/670/1037 852/1095/2396 391/263/393
f 391/263/389 951/260/387 950/670/1037
f 949/312/442 172/311/2397 852/1095/2396
f 852/1095/2396 950/670/1037 949/312/442
f 947/450/628 531/315/445 937/314/444
f 937/314/444 948/313/443 947/450/628
f 954/308/437 174/349/487 939/352/490
f 939/352/490 953/309/438 954/308/437
f 955/668/1034 851/669/1038 390/259/386
f 390/259/2402 956/256/1035 955/668/1034
f 954/308/2403 173/307/2404 851/669/1038
f 851/669/1038 955/668/2405 954/308/2403
f 952/1092/2387 230/1093/2406 938/310/439
f 938/310/439 953/309/438 952/1092/2387
f 391/263/2407 45/266/7 530/261/5
f 530/261/2408 951/260/387 391/263/389
f 390/259/2402 46/262/2409 529/257/384
f 529/257/2 956/256/1035 390/259/2402
f 230/1093/2389 960/437/609 961/451/2410
f 961/451/625 947/450/624 230/1093/2411
f 229/1091/2386 958/1096/2412 959/438/610
f 959/438/610 952/1092/2387 229/1091/2388
f 366/659/1007 365/430/2413 957/439/1008
f 365/430/2414 233/436/612 957/439/611
f 960/437/2415 230/1093/2416 952/1092/2387
f 952/1092/2417 959/438/610 960/437/609
f 961/451/625 532/444/618 238/443/616
f 238/443/616 962/452/627 961/451/625
f 960/437/609 233/436/608 532/444/2418
f 532/444/2418 961/451/625 960/437/609
f 958/1096/2412 372/660/2419 957/439/2420
f 957/439/2421 959/438/610 958/1096/2412
f 509/460/641 510/475/659 531/315/2422
f 531/315/2422 962/452/642 509/460/641
f 375/662/1031 372/660/1109 958/1096/2423
f 963/318/2424 242/478/663 241/440/2425
f 241/440/2425 964/319/450 963/318/2424
f 964/319/450 241/440/2425 180/323/455
f 180/323/455 965/321/453 964/319/449
f 223/479/664 242/478/2426 963/318/448
f 963/318/448 394/427/599 223/479/664
f 966/92/113 682/156/2427 76/141/198
f 966/92/2428 67/155/217 682/156/2429
f 5/1068/2198 824/1067/2201 967/91/2430
f 967/91/2431 968/89/2432 5/1068/2433
f 6/20/23 67/155/2434 966/92/113
f 966/92/113 967/91/2435 6/20/23
f 4/13/2436 5/1068/2198 968/89/2432
f 968/89/109 68/90/111 69/88/110
f 971/98/121 9/28/33 876/27/2282
f 876/27/2282 970/99/2281 971/98/121
f 63/102/125 877/100/123 970/99/122
f 970/99/2281 969/103/126 63/102/125
f 969/103/126 10/31/2283 974/1097/2437
f 974/1097/2438 973/104/2439 969/103/126
f 971/98/121 64/101/124 65/96/2440
f 971/98/2441 65/96/2440 8/21/25
f 973/104/128 62/106/130 972/105/129
f 62/106/2442 95/163/231 106/161/229
f 106/161/229 972/105/129 62/106/2442
f 974/1097/2443 11/107/2444 973/104/2439
f 973/104/128 11/107/2444 62/106/135
f 975/30/36 11/107/2445 974/1097/2438
f 861/822/1472 862/34/40 975/30/2446
f 39/29/2447 860/691/1075 861/822/2448
f 869/254/381 990/1079/2449 860/691/1075
f 862/34/40 11/107/2445 975/30/36
f 976/428/600 361/655/2450 214/656/997
f 180/323/455 361/655/994 1006/324/456
f 978/663/1029 374/665/1030 373/346/483
f 373/346/483 977/664/1028 978/663/1027
f 978/663/1027 202/362/505 205/383/540
f 375/662/2451 374/665/2452 978/663/2453
f 175/367/510 189/373/520 977/664/1028
f 977/664/1028 979/344/2454 175/367/510
f 176/342/478 175/367/510 979/344/2185
f 979/344/480 162/341/476 176/342/478
f 79/232/334 676/205/294 985/207/296
f 50/144/204 812/134/2183 984/1061/2181
f 984/1061/2181 982/145/205 50/144/204
f 6/20/23 967/91/2455 824/1067/2456
f 64/101/124 108/160/297 679/159/224
f 980/9/106 4/13/108 69/88/110
f 70/87/105 3/10/10 980/9/106
f 982/145/205 986/1098/2457 981/146/2458
f 97/174/2176 808/132/183 981/146/206
f 983/143/202 78/230/331 987/1099/2459
f 987/1099/2459 984/1061/2460 983/143/202
f 984/1061/2181 987/1099/2459 986/1098/2457
f 986/1098/2457 982/145/205 984/1061/2460
f 983/143/2180 49/133/185 48/86/2461
f 77/142/201 78/230/331 983/143/2180
f 985/207/296 97/174/2170 986/1098/2457
f 97/174/2170 981/146/2458 986/1098/2457
f 78/230/331 79/232/334 987/1099/2459
f 987/1099/2462 79/232/334 985/207/296
f 985/207/296 986/1098/2457 987/1099/2459
f 975/30/36 974/1097/2438 10/31/37
f 359/326/459 168/329/462 1005/325/457
f 240/457/1001 232/657/998 988/441/614
f 988/441/614 989/454/630 240/457/1001
f 234/453/669 240/457/1001 989/454/630
f 988/441/614 232/657/998 361/655/1000
f 241/440/2425 242/478/2463 234/453/669
f 223/1100/2464 394/1101/2465 991/421/2466
f 991/421/2466 992/420/2467 223/1100/664
f 340/1102/661 223/1100/2464 992/420/2467
f 992/420/2467 993/425/2468 340/1102/661
f 891/505/717 154/504/716 996/510/724
f 996/510/724 995/509/2315 891/505/2469
f 394/1101/2465 814/1103/2470 990/1079/2279
f 990/1079/2279 991/421/2466 394/1101/2465
f 790/1083/980 340/1102/661 993/425/2468
f 993/425/2468 994/1081/2296 790/1083/980
f 395/1080/2295 891/505/2469 995/509/2315
f 995/509/2315 994/1081/2471 395/1080/2295
f 996/510/724 154/504/716 896/522/741
f 996/510/724 896/522/2472 897/523/2324
f 814/1103/2470 685/1077/2257 860/691/1075
f 860/691/1075 990/1079/2473 814/1103/2470
f 1001/18/371 43/14/14 836/1072/2222
f 836/1072/2474 1000/249/2221 1001/18/20
f 998/404/2475 883/408/2476 219/407/2477
f 219/407/2477 999/405/2478 998/404/2475
f 997/423/714 226/502/2290 883/408/2476
f 883/408/2476 998/404/2475 997/423/592
f 999/405/570 219/407/2477 835/250/373
f 835/250/373 1000/249/372 999/405/2479
f 1001/18/371 42/248/374 7/95/117
f 7/95/117 884/19/22 1001/18/371
f 307/566/819 922/568/821 905/536/2480
f 921/567/820 294/603/2481 286/602/870
f 278/535/765 904/565/817 905/536/766
f 158/514/730 262/500/2308 894/515/731
f 155/507/719 267/521/2318 896/522/741
f 266/542/780 267/521/2318 909/541/2335
f 909/541/777 925/571/2482 299/1086/2336
f 283/570/823 282/574/889 926/573/826
f 997/423/592 890/1060/2311 886/503/2483
f 997/423/714 352/422/591 890/1060/2141
f 871/701/1107 791/703/2484 889/506/718
f 891/505/2485 395/1080/2486 871/701/1107
f 320/600/868 332/637/2487 325/625/2488
f 68/90/2489 968/89/2490 967/91/2431
f 506/361/2491 505/365/2492 176/342/478
f 163/339/477 506/361/504 176/342/478
f 231/432/604 369/661/1020 370/658/1006
f 371/431/603 369/661/2493 231/432/604
f 361/655/2450 368/434/999 214/656/997
f 241/440/613 989/454/630 988/441/614
f 1006/324/2494 359/326/459 1005/325/457
f 839/678/2495 378/276/404 1002/279/407
f 1002/279/407 1003/677/1046 839/678/2495
f 168/329/2235 839/678/2495 1003/677/1046
f 1003/677/2496 1004/1075/2497 168/329/2235
f 1004/1075/2497 169/322/2498 965/321/453
f 965/321/458 1005/325/457 1004/1075/2497
f 1009/350/2499 159/347/2500 940/348/2392
f 940/348/2392 1008/351/2391 1009/350/2501
f 1010/689/1072 850/667/1033 389/255/2502
f 389/255/382 1011/304/432 1010/689/1072
f 1009/350/488 174/349/2503 850/667/1033
f 850/667/1033 1010/689/2504 1009/350/488
f 1007/666/1032 229/1091/2388 939/352/490
f 939/352/490 1008/351/489 1007/666/2505
f 375/662/1031 958/1096/2412 229/1091/2388
f 229/1091/2388 1007/666/2505 375/662/1031
f 389/255/382 47/258/2506 538/305/434
f 538/305/434 1011/304/432 389/255/382
f 555/278/46 36/823/2507 377/274/1473
f 377/274/1473 1002/279/2508 555/278/2509
f 361/655/2450 976/428/2510 1006/324/456
f 1006/324/456 976/428/2510 359/326/459
f 168/329/2235 1004/1075/2497 1005/325/457
f 610/862/2133 1018/1059/2134 1019/1104/2511
f 1019/1104/2511 609/860/1555 610/862/2133
f 609/860/1555 1019/1104/2511 1020/1105/2512
f 1020/1105/2512 608/858/2513 609/860/1555
f 607/856/1550 608/858/2513 1020/1105/2512
f 1020/1105/2512 1016/1058/2130 607/856/1550
f 604/850/1542 605/852/1546 985/207/296
f 606/854/2514 607/856/1550 1016/1058/2130
f 985/207/296 605/852/1546 1016/1058/2130
f 985/207/296 1012/173/253 97/174/2170
f 1018/1059/2134 1015/170/248 1014/171/2515
f 1014/171/2515 1019/1104/2511 1018/1059/2134
f 1019/1104/2516 1014/171/2515 1013/172/252
f 1013/172/252 1020/1105/2512 1019/1104/2516
f 1017/797/2131 1015/170/2517 1018/1059/2134
f 1013/172/252 1012/173/253 1016/1058/2130
f 1016/1058/2130 1020/1105/2512 1013/172/252
f 605/852/1546 606/854/1548 1016/1058/2130
f 1021/192/276 98/169/2518 1017/797/1301
f 1022/188/272 479/796/1298 480/189/273
f 99/167/241 456/168/2519 1022/188/1299
f 1023/191/2520 456/168/2519 1021/192/276
f 456/168/243 1023/191/275 1022/188/1299
f 476/798/1321 477/193/278 1021/192/276
f 610/862/2133 611/831/2521 474/198/2522
f 474/198/1501 475/806/1498 610/862/1558
