# Blender 4.1.1
# www.blender.org
mtllib R_body.mtl
o R_body
v -0.013055 0.003889 0.046775
v -0.012470 0.001431 0.048628
v -0.012276 0.002319 0.049672
v -0.012861 0.004778 0.047819
v -0.007798 0.007716 0.050105
v -0.007214 0.005258 0.051958
v -0.005916 0.005295 0.051662
v -0.006501 0.007754 0.049810
v -0.003562 0.003380 0.043661
v -0.002977 0.000921 0.045514
v -0.003890 0.000067 0.044701
v -0.004475 0.002525 0.042849
v -0.002856 0.005054 0.045536
v -0.002271 0.002596 0.047389
v -0.002437 0.001737 0.046376
v -0.003022 0.004195 0.044523
v -0.003491 0.006583 0.047583
v -0.002906 0.004124 0.049435
v -0.002393 0.003407 0.048419
v -0.002978 0.005866 0.046566
v -0.008122 0.001202 0.042173
v -0.007537 -0.001256 0.044026
v -0.008805 -0.001303 0.044301
v -0.009390 0.001156 0.042448
v -0.005670 0.001859 0.042341
v -0.005085 -0.000600 0.044194
v -0.006283 -0.001042 0.043962
v -0.006868 0.001416 0.042109
v -0.010524 0.001346 0.042980
v -0.009939 -0.001112 0.044833
v -0.011077 -0.000701 0.045638
v -0.011662 0.001758 0.043786
v -0.012264 0.005664 0.048754
v -0.011679 0.003206 0.050606
v -0.010867 0.003983 0.051351
v -0.011452 0.006442 0.049498
v -0.005338 0.007549 0.049252
v -0.004753 0.005090 0.051105
v -0.003679 0.004706 0.050352
v -0.004263 0.007164 0.048499
v -0.012470 0.002386 0.044771
v -0.011885 -0.000073 0.046623
v -0.012337 0.000633 0.047612
v -0.012922 0.003092 0.045759
v -0.010325 0.007041 0.049939
v -0.009740 0.004583 0.051792
v -0.008501 0.005037 0.052025
v -0.009086 0.007495 0.050172
v -0.009086 0.007495 0.050172
v -0.008501 0.005037 0.052025
v -0.012009 0.005284 0.047037
v -0.012170 0.004587 0.046221
v -0.013055 0.003889 0.046775
v -0.012861 0.004778 0.047819
v -0.011537 0.005984 0.047775
v -0.012264 0.005664 0.048754
v -0.010880 0.006611 0.048375
v -0.011452 0.006442 0.049498
v -0.010325 0.007041 0.049939
v -0.009977 0.007096 0.048736
v -0.009086 0.007495 0.050172
v -0.008991 0.007458 0.048921
v -0.007798 0.007716 0.050105
v -0.007972 0.007637 0.048875
v -0.006950 0.007661 0.048636
v -0.006501 0.007754 0.049810
v -0.006017 0.007497 0.048190
v -0.005338 0.007549 0.049252
v -0.005150 0.007187 0.047582
v -0.004263 0.007164 0.048499
v -0.003491 0.006583 0.047583
v -0.004528 0.006715 0.046838
v -0.002978 0.005866 0.046566
v -0.004122 0.006148 0.046033
v -0.002856 0.005054 0.045536
v -0.004016 0.005510 0.045220
v -0.004159 0.004834 0.044424
v -0.003022 0.004195 0.044523
v -0.004596 0.004178 0.043733
v -0.003562 0.003380 0.043661
v -0.005322 0.003497 0.043087
v -0.004475 0.002525 0.042849
v -0.005670 0.001859 0.042341
v -0.006276 0.002964 0.042679
v -0.006868 0.001416 0.042109
v -0.007235 0.002605 0.042488
v -0.008122 0.001202 0.042173
v -0.008228 0.002427 0.042530
v -0.009227 0.002398 0.042755
v -0.009390 0.001156 0.042448
v -0.010139 0.002554 0.043187
v -0.010524 0.001346 0.042980
v -0.011046 0.002883 0.043830
v -0.011662 0.001758 0.043786
v -0.012470 0.002386 0.044771
v -0.011690 0.003386 0.044618
v -0.012922 0.003092 0.045759
v -0.012062 0.003952 0.045411
v -0.008119 0.005140 0.045641
v 0.001618 -0.002331 0.036982
v 0.001257 -0.002573 0.037642
v 0.002561 -0.001670 0.038471
v 0.002808 -0.001500 0.037726
v 0.006309 -0.006934 0.031380
v 0.006489 -0.007706 0.031388
v 0.005165 -0.007869 0.031380
v 0.005131 -0.007094 0.031380
v 0.006074 -0.001328 0.041404
v 0.008102 -0.001505 0.040902
v 0.007650 -0.001210 0.039626
v 0.005876 -0.001053 0.040037
v 0.003736 -0.007013 0.031634
v 0.003621 -0.007767 0.031659
v 0.002189 -0.007308 0.032347
v 0.002450 -0.006606 0.032256
v 0.001466 -0.005963 0.033079
v 0.001096 -0.006592 0.033259
v 0.000402 -0.005569 0.034455
v 0.000843 -0.005040 0.034153
v 0.000687 -0.004154 0.035129
v 0.000227 -0.004586 0.035552
v 0.000518 -0.003556 0.036639
v 0.000956 -0.003216 0.036106
v 0.004087 -0.001180 0.038873
v 0.005727 -0.000996 0.038891
v 0.005632 -0.000891 0.038047
v 0.004168 -0.001061 0.038052
v 0.009523 -0.004789 0.033299
v 0.010110 -0.005370 0.033558
v 0.009189 -0.006454 0.032464
v 0.008711 -0.005778 0.032328
v 0.012206 -0.005673 0.035815
v 0.011835 -0.007079 0.034364
v 0.010940 -0.006105 0.033858
v 0.011284 -0.004873 0.035153
v 0.007989 -0.007210 0.031760
v 0.007657 -0.006472 0.031710
v 0.010278 -0.003284 0.035851
v 0.010431 -0.004310 0.034694
v 0.009801 -0.003834 0.034298
v 0.009653 -0.002912 0.035321
v 0.011337 -0.003237 0.038624
v 0.012043 -0.004368 0.037275
v 0.011126 -0.003703 0.036464
v 0.010490 -0.002702 0.037655
v 0.010044 -0.002242 0.039841
v 0.009343 -0.001853 0.038718
v -0.000910 -0.004908 0.038563
v 0.000219 -0.003443 0.039981
v 0.000710 -0.002902 0.038698
v -0.000209 -0.004111 0.037502
v 0.001545 -0.003123 0.042145
v 0.001761 -0.002387 0.040907
v -0.000030 -0.004216 0.041178
v 0.008438 -0.002190 0.042174
v 0.006248 -0.001983 0.042731
v 0.006248 -0.001983 0.042731
v 0.006074 -0.001328 0.041404
v 0.003920 -0.001581 0.041435
v 0.003926 -0.002242 0.042752
v 0.012457 -0.008166 0.035119
v 0.012868 -0.006654 0.036676
v 0.011949 -0.004052 0.039697
v 0.012690 -0.005276 0.038247
v 0.010564 -0.002960 0.041028
v -0.001284 -0.005819 0.039596
v 0.001467 -0.000978 0.035748
v 0.002642 -0.000169 0.036480
v 0.005528 -0.005508 0.030216
v 0.006987 -0.001018 0.037741
v 0.006813 0.000330 0.036459
v 0.005459 0.000465 0.036795
v 0.005632 -0.000891 0.038047
v 0.002335 -0.005164 0.031026
v 0.003608 -0.005524 0.030455
v 0.000714 -0.003669 0.032890
v 0.001349 -0.004544 0.031837
v 0.000796 -0.001866 0.034866
v 0.000542 -0.002788 0.033879
v 0.005459 0.000465 0.036795
v 0.003999 0.000302 0.036813
v 0.008401 -0.004302 0.031152
v 0.009183 -0.003373 0.032069
v 0.009477 -0.002453 0.033039
v 0.007378 -0.004968 0.030555
v 0.009364 -0.001563 0.034035
v 0.008900 -0.000794 0.034942
v 0.009159 -0.002128 0.036235
v 0.008059 -0.000148 0.035766
v 0.008278 -0.001494 0.037052
v 0.002157 -0.001910 0.039589
v 0.006831 -0.008865 0.031368
v 0.005260 -0.009097 0.031335
v 0.007257 -0.001142 0.038570
v 0.005727 -0.000996 0.038891
v 0.003492 -0.009014 0.031656
v 0.001787 -0.008508 0.032452
v 0.000489 -0.007693 0.033514
v -0.000348 -0.006495 0.034936
v -0.000545 -0.005302 0.036263
v 0.003982 -0.001272 0.040043
v 0.005876 -0.001053 0.040037
v 0.009913 -0.007355 0.032623
v 0.008518 -0.008276 0.031798
v 0.009719 -0.002405 0.036884
v 0.008721 -0.001685 0.037804
v 0.007256 -0.010265 0.031552
v 0.007557 -0.011558 0.032089
v 0.005558 -0.011895 0.032010
v 0.005418 -0.010576 0.031487
v 0.003445 -0.010514 0.031845
v 0.003470 -0.011822 0.032380
v 0.001313 -0.011242 0.033326
v 0.001451 -0.009968 0.032741
v -0.000057 -0.009058 0.033952
v -0.000301 -0.010273 0.034620
v -0.001404 -0.008794 0.036390
v -0.001055 -0.007678 0.035603
v -0.001280 -0.006251 0.037182
v -0.001661 -0.007237 0.038121
v 0.011258 -0.009652 0.033657
v 0.010711 -0.008487 0.032996
v 0.009513 -0.010844 0.032608
v 0.009107 -0.009587 0.032039
v 0.002642 -0.000169 0.036480
v 0.001520 -0.000088 0.036438
v 0.001467 -0.000978 0.035748
v 0.000898 -0.000576 0.035986
v 0.006294 -0.005809 0.029586
v 0.005528 -0.005508 0.030216
v 0.005599 -0.005946 0.029522
v 0.006813 0.000330 0.036459
v 0.006299 0.001050 0.037052
v 0.005495 0.001086 0.037201
v 0.002335 -0.005164 0.031026
v 0.002578 -0.005728 0.030147
v 0.003608 -0.005524 0.030455
v 0.003342 -0.005905 0.029854
v 0.000714 -0.003669 0.032890
v 0.000310 -0.004234 0.032057
v 0.001349 -0.004544 0.031837
v 0.000732 -0.004720 0.031468
v 0.000796 -0.001866 0.034866
v -0.000100 -0.002144 0.034403
v 0.000542 -0.002788 0.033879
v -0.000190 -0.002677 0.033826
v 0.004655 0.001034 0.037255
v 0.003814 0.000893 0.037211
v 0.009183 -0.003373 0.032069
v 0.009464 -0.003956 0.031171
v 0.009857 -0.003400 0.031726
v 0.009477 -0.002453 0.033039
v 0.010097 -0.002854 0.032293
v 0.010203 -0.002317 0.032869
v 0.007378 -0.004968 0.030555
v 0.008397 -0.004912 0.030271
v 0.008401 -0.004302 0.031152
v 0.008964 -0.004476 0.030670
v 0.009364 -0.001563 0.034035
v 0.010192 -0.001788 0.033455
v 0.010070 -0.001281 0.034029
v 0.008900 -0.000794 0.034942
v 0.009841 -0.000810 0.034570
v 0.009507 -0.000375 0.035082
v 0.008059 -0.000148 0.035766
v 0.009068 0.000022 0.035573
v 0.008513 0.000377 0.036034
v 0.007830 0.000685 0.036455
v 0.007074 0.000918 0.036805
v 0.007034 -0.005580 0.029733
v 0.007757 -0.005276 0.029963
v 0.003009 0.000663 0.037066
v 0.002243 0.000338 0.036811
v 0.000435 -0.001085 0.035494
v 0.000110 -0.001610 0.034965
v -0.000157 -0.003197 0.033255
v 0.000007 -0.003714 0.032671
v 0.001254 -0.005132 0.030958
v 0.001871 -0.005469 0.030520
v 0.004129 -0.005994 0.029653
v 0.004895 -0.006004 0.029543
v 0.000827 0.000978 0.036369
v 0.000089 0.000418 0.035849
v 0.000348 -0.000067 0.036068
v 0.001051 0.000474 0.036570
v 0.001684 0.001469 0.036797
v 0.001868 0.000948 0.036984
v 0.006415 0.002324 0.037114
v 0.005475 0.002373 0.037289
v 0.005509 0.001801 0.037441
v 0.006410 0.001756 0.037272
v 0.007325 0.002164 0.036824
v 0.007282 0.001604 0.036994
v -0.001069 -0.001420 0.033994
v -0.001187 -0.002044 0.033324
v -0.000873 -0.002428 0.033646
v -0.000766 -0.001829 0.034290
v -0.000817 -0.000794 0.034649
v -0.000528 -0.001229 0.034920
v 0.004490 0.002310 0.037347
v 0.003507 0.002136 0.037285
v 0.003623 0.001580 0.037443
v 0.004566 0.001742 0.037499
v 0.005475 0.002373 0.037289
v 0.005509 0.001801 0.037441
v 0.010243 -0.003589 0.030161
v 0.010708 -0.002920 0.030828
v 0.010467 -0.003262 0.031279
v 0.010025 -0.003896 0.030647
v 0.009644 -0.004214 0.029561
v 0.009457 -0.004488 0.030079
v 0.010986 -0.002268 0.031510
v 0.011100 -0.001630 0.032203
v 0.010850 -0.002035 0.032578
v 0.010735 -0.002643 0.031923
v 0.011072 -0.000999 0.032901
v 0.010912 -0.000398 0.033581
v 0.010685 -0.000863 0.033890
v 0.010831 -0.001436 0.033242
v 0.010629 0.000156 0.034220
v 0.010223 0.000664 0.034824
v 0.010037 0.000156 0.035074
v 0.010420 -0.000332 0.034498
v 0.009697 0.001129 0.035400
v 0.009035 0.001543 0.035937
v 0.008909 0.001001 0.036140
v 0.009538 0.000603 0.035625
v 0.008222 0.001895 0.036421
v 0.008136 0.001344 0.036606
v 0.007325 -0.005521 0.028435
v 0.008193 -0.005162 0.028708
v 0.008085 -0.005394 0.029274
v 0.007263 -0.005739 0.029015
v 0.006437 -0.005790 0.028261
v 0.006422 -0.005997 0.028848
v 0.002575 0.001856 0.037102
v 0.002725 0.001316 0.037273
v 0.000780 0.001644 0.035713
v 0.001619 0.002134 0.036140
v 0.001740 0.002347 0.035599
v 0.000951 0.001878 0.035188
v 0.000055 0.001086 0.035195
v 0.000269 0.001345 0.034693
v 0.005563 -0.005650 0.027802
v 0.005607 -0.005952 0.028185
v 0.004769 -0.006018 0.028216
v 0.004714 -0.005718 0.027836
v 0.005507 -0.005272 0.027522
v 0.004664 -0.005339 0.027558
v 0.006346 -0.005107 0.027594
v 0.006405 -0.005486 0.027878
v 0.006304 0.002989 0.036470
v 0.007212 0.002840 0.036195
v 0.007057 0.003034 0.035661
v 0.006190 0.003166 0.035916
v 0.005369 0.003030 0.036631
v 0.005300 0.003195 0.036059
v 0.001940 -0.005353 0.028622
v 0.002025 -0.005667 0.028975
v 0.001195 -0.005351 0.029425
v 0.001103 -0.005031 0.029082
v 0.001918 -0.004964 0.028353
v 0.001093 -0.004645 0.028812
v 0.002816 -0.005190 0.027982
v 0.002849 -0.005578 0.028252
v 0.002926 -0.005887 0.028615
v -0.000718 -0.003544 0.030933
v -0.000621 -0.003879 0.031250
v -0.000968 -0.003261 0.031972
v -0.001065 -0.002919 0.031660
v -0.000695 -0.003173 0.030652
v -0.001034 -0.002553 0.031368
v -0.000216 -0.003755 0.029959
v -0.000230 -0.004131 0.030231
v -0.000134 -0.004457 0.030554
v -0.001156 -0.001065 0.033694
v -0.000900 -0.000435 0.034351
v -0.001110 -0.000725 0.033371
v -0.000856 -0.000104 0.034015
v -0.001232 -0.001345 0.032710
v -0.001277 -0.001694 0.033021
v 0.004393 0.002962 0.036682
v 0.005369 0.003030 0.036631
v 0.005300 0.003195 0.036059
v 0.004373 0.003127 0.036105
v 0.003422 0.002790 0.036620
v 0.003451 0.002964 0.036048
v 0.010179 -0.002893 0.029525
v 0.009572 -0.003523 0.028922
v 0.009326 -0.003028 0.028707
v 0.009908 -0.002425 0.029285
v 0.010649 -0.002219 0.030194
v 0.010359 -0.001782 0.029924
v 0.010921 -0.001564 0.030883
v 0.010616 -0.001154 0.030584
v 0.011024 -0.000922 0.031583
v 0.010711 -0.000539 0.031255
v 0.008970 -0.004418 0.028712
v 0.008963 -0.004732 0.029080
v 0.008190 -0.004853 0.028330
v 0.008892 -0.004047 0.028428
v 0.008122 -0.004482 0.028043
v 0.009659 -0.003892 0.029204
v 0.010991 -0.000287 0.032283
v 0.010679 0.000068 0.031926
v 0.010826 0.000317 0.032964
v 0.010521 0.000645 0.032578
v 0.010535 0.000867 0.033605
v 0.010239 0.001168 0.033191
v 0.010121 0.001369 0.034209
v 0.009839 0.001644 0.033768
v 0.009588 0.001829 0.034782
v 0.009326 0.002081 0.034314
v 0.008921 0.002238 0.035314
v 0.008688 0.002467 0.034821
v 0.008107 0.002582 0.035797
v 0.007910 0.002793 0.035283
v 0.007245 -0.004839 0.027767
v 0.006240 -0.004551 0.027427
v 0.007104 -0.004296 0.027591
v 0.007945 -0.003954 0.027856
v 0.002498 0.002515 0.036441
v 0.002573 0.002706 0.035882
v -0.000523 0.000184 0.034976
v -0.000445 -0.000177 0.035272
v 0.000015 0.000781 0.035556
v -0.000479 0.000502 0.034626
v -0.001249 -0.002307 0.032350
v -0.001154 -0.002654 0.032657
v -0.001210 -0.001949 0.032048
v 0.000378 -0.004625 0.029616
v 0.000473 -0.004948 0.029949
v 0.000381 -0.004244 0.029347
v 0.003749 -0.005313 0.027715
v 0.002859 -0.004623 0.027814
v 0.003750 -0.004746 0.027552
v 0.004625 -0.004775 0.027397
v 0.001986 0.002333 0.035039
v 0.001267 0.001903 0.034664
v 0.000645 0.001414 0.034211
v 0.005434 -0.004711 0.027359
v 0.004621 -0.004174 0.027522
v 0.005362 -0.004115 0.027486
v 0.006101 -0.003968 0.027548
v 0.006055 0.003088 0.035329
v 0.006848 0.002971 0.035096
v 0.006658 0.002769 0.034676
v 0.005936 0.002876 0.034888
v 0.005240 0.003111 0.035460
v 0.005194 0.002896 0.035008
v 0.002002 -0.004404 0.028172
v 0.001217 -0.004099 0.028615
v 0.001501 -0.003551 0.028641
v 0.002220 -0.003830 0.028235
v 0.003004 -0.004030 0.027906
v -0.000477 -0.002696 0.030382
v -0.000795 -0.002104 0.031063
v -0.000335 -0.001731 0.030888
v -0.000046 -0.002271 0.030262
v -0.000024 -0.003252 0.029720
v 0.000366 -0.002778 0.029654
v -0.000854 -0.000367 0.032970
v -0.000610 0.000222 0.033580
v -0.000163 0.000391 0.033193
v -0.000385 -0.000145 0.032635
v -0.000970 -0.000956 0.032342
v -0.000492 -0.000683 0.032060
v 0.004393 0.003046 0.035502
v 0.005240 0.003111 0.035460
v 0.005194 0.002896 0.035008
v 0.004423 0.002837 0.035046
v 0.003550 0.002896 0.035450
v 0.003655 0.002700 0.034998
v 0.008928 -0.002568 0.028718
v 0.009461 -0.002017 0.029249
v 0.009875 -0.001429 0.029836
v 0.010110 -0.000854 0.030440
v 0.009415 -0.001238 0.029884
v 0.009630 -0.000714 0.030435
v 0.010198 -0.000290 0.031055
v 0.009710 -0.000200 0.030995
v 0.008679 -0.003534 0.028230
v 0.007664 -0.003420 0.027941
v 0.008335 -0.003034 0.028282
v 0.010169 0.000266 0.031671
v 0.009683 0.000306 0.031556
v 0.010024 0.000793 0.032269
v 0.009551 0.000786 0.032101
v 0.009764 0.001271 0.032831
v 0.009396 0.001706 0.033360
v 0.008926 0.002104 0.033861
v 0.008979 0.001618 0.033095
v 0.008551 0.001980 0.033551
v 0.008341 0.002456 0.034326
v 0.008018 0.002300 0.033975
v 0.007629 0.002753 0.034750
v 0.007370 0.002571 0.034361
v 0.006893 -0.003734 0.027698
v 0.002747 0.002661 0.035298
v 0.002924 0.002486 0.034860
v 0.002231 0.002187 0.034624
v -0.000244 0.000793 0.034156
v 0.000175 0.000911 0.033720
v -0.000955 -0.001529 0.031712
v -0.000479 -0.001206 0.031483
v 0.000541 -0.003717 0.029131
v 0.000883 -0.003203 0.029114
v 0.003819 -0.004145 0.027665
v 0.000756 0.001345 0.036079
v 0.001616 0.001839 0.036510
v 0.006374 0.002704 0.036838
v 0.005427 0.002752 0.037010
v 0.007292 0.002546 0.036551
v 0.004435 0.002686 0.037065
v 0.003447 0.002510 0.037001
v 0.005427 0.002752 0.037010
v 0.010268 -0.003258 0.029812
v 0.010740 -0.002579 0.030488
v 0.011018 -0.001918 0.031182
v 0.011128 -0.001271 0.031886
v 0.011096 -0.000632 0.032592
v 0.010931 -0.000023 0.033280
v 0.010641 0.000534 0.033926
v 0.010227 0.001045 0.034538
v 0.009692 0.001513 0.035118
v 0.009021 0.001928 0.035658
v 0.008198 0.002280 0.036146
v 0.007308 -0.005214 0.028053
v 0.002510 0.002228 0.036817
v 0.003791 -0.005697 0.027988
v 0.003858 -0.006000 0.028360
v 0.005634 -0.006151 0.028775
v 0.004837 -0.006213 0.028802
v 0.002220 -0.005886 0.029502
v 0.001424 -0.005587 0.029926
v 0.003080 -0.006092 0.029165
v -0.000322 -0.004182 0.031660
v -0.000658 -0.003594 0.032351
v 0.000148 -0.004733 0.030996
v 0.008814 -0.004982 0.029625
v -0.000168 -0.000638 0.035515
v -0.000839 -0.003013 0.033006
v 0.000732 -0.005202 0.030421
v 0.003969 -0.006198 0.028932
v 0.005495 0.001086 0.037201
v 0.001576 0.001796 0.034283
v 0.001009 0.001351 0.033870
v 0.005305 -0.003684 0.027744
v 0.004630 -0.003737 0.027777
v 0.005978 -0.003550 0.027800
v 0.002443 -0.003424 0.028426
v 0.001789 -0.003170 0.028796
v 0.003157 -0.003606 0.028127
v 0.000379 -0.002004 0.030273
v 0.000117 -0.001513 0.030844
v 0.000755 -0.002466 0.029719
v 0.000071 -0.000069 0.032435
v 0.000274 0.000419 0.032943
v -0.000026 -0.000559 0.031911
v 0.009038 -0.001773 0.029350
v 0.008553 -0.002275 0.028866
v 0.008013 -0.002699 0.028469
v 0.007401 -0.003051 0.028158
v 0.009315 0.001222 0.032613
v 0.006700 -0.003337 0.027937
v 0.000581 0.000892 0.033423
v -0.000015 -0.001035 0.031385
v 0.001226 -0.002853 0.029227
v 0.003900 -0.003711 0.027907
v 0.006658 0.002769 0.034676
v 0.006591 0.002651 0.034555
v 0.005936 0.002876 0.034888
v 0.004856 -0.000432 0.031424
v 0.005181 0.002772 0.034875
v 0.005194 0.002896 0.035008
v 0.004423 0.002837 0.035046
v 0.003700 0.002584 0.034865
v 0.009415 -0.001238 0.029884
v 0.009246 -0.001208 0.029942
v 0.009630 -0.000714 0.030435
v 0.009530 -0.000209 0.031011
v 0.009710 -0.000200 0.030995
v 0.009683 0.000306 0.031556
v 0.009377 0.000741 0.032076
v 0.008979 0.001618 0.033095
v 0.008826 0.001542 0.033033
v 0.008551 0.001980 0.033551
v 0.007901 0.002199 0.033880
v 0.008018 0.002300 0.033975
v 0.007370 0.002571 0.034361
v 0.003655 0.002700 0.034998
v 0.002924 0.002486 0.034860
v 0.002328 0.002090 0.034505
v 0.002231 0.002187 0.034624
v 0.001576 0.001796 0.034283
v 0.001152 0.001284 0.033779
v 0.004630 -0.003737 0.027777
v 0.004638 -0.003614 0.027913
v 0.005305 -0.003684 0.027744
v 0.005936 -0.003434 0.027935
v 0.001789 -0.003170 0.028796
v 0.001903 -0.003069 0.028894
v 0.002443 -0.003424 0.028426
v 0.003220 -0.003488 0.028249
v 0.000117 -0.001513 0.030844
v 0.000293 -0.001472 0.030865
v 0.000379 -0.002004 0.030273
v 0.000908 -0.002390 0.029783
v 0.000274 0.000419 0.032943
v 0.000444 0.000388 0.032887
v 0.000071 -0.000069 0.032435
v 0.000156 -0.000554 0.031893
v 0.008553 -0.002275 0.028866
v 0.008416 -0.002207 0.028961
v 0.009038 -0.001773 0.029350
v 0.007401 -0.003051 0.028158
v 0.007307 -0.002954 0.028280
v 0.008013 -0.002699 0.028469
v 0.009551 0.000786 0.032101
v 0.009315 0.001222 0.032613
v 0.005978 -0.003550 0.027800
v 0.006700 -0.003337 0.027937
v 0.001009 0.001351 0.033870
v 0.000581 0.000892 0.033423
v -0.000026 -0.000559 0.031911
v -0.000015 -0.001035 0.031385
v 0.000755 -0.002466 0.029719
v 0.001226 -0.002853 0.029227
v 0.003157 -0.003606 0.028127
v 0.003900 -0.003711 0.027907
v -0.005786 0.006664 0.092620
v -0.005740 0.008368 0.091303
v -0.015383 0.004822 0.091137
v -0.015999 0.003435 0.092373
v -0.015217 0.004464 0.083032
v -0.015982 0.003262 0.081705
v -0.015721 0.002632 0.084005
v -0.014763 0.005061 0.084805
v -0.015656 0.002431 0.086357
v -0.014752 0.005203 0.086773
v -0.011524 -0.013916 0.081308
v -0.013757 -0.010711 0.082669
v -0.014230 -0.010646 0.079820
v -0.012004 -0.013722 0.079012
v -0.016094 -0.002024 0.085396
v -0.015464 -0.006721 0.084079
v -0.015337 -0.007065 0.087047
v -0.016179 -0.002061 0.088324
v -0.014263 -0.012027 0.076514
v -0.012572 -0.013791 0.076650
v -0.011174 -0.014887 0.077439
v -0.010347 -0.015379 0.078640
v -0.016927 0.000572 0.080349
v -0.016372 -0.001827 0.082580
v -0.009722 -0.015776 0.080376
v -0.017163 -0.003405 0.079088
v -0.015919 0.003545 0.081173
v -0.016923 0.000805 0.079808
v -0.015868 0.002406 0.088792
v -0.015120 0.004874 0.088670
v -0.011259 -0.014254 0.083630
v -0.013470 -0.011155 0.085447
v -0.009622 -0.015904 0.082240
v -0.010027 -0.015713 0.078342
v -0.009339 -0.016159 0.080238
v -0.014949 0.005378 0.088907
v -0.014528 0.005722 0.086809
v -0.016518 -0.003710 0.091342
v -0.016806 0.000243 0.091947
v -0.017230 -0.003221 0.078562
v -0.016667 -0.007043 0.077859
v -0.015888 -0.006685 0.081065
v -0.016782 -0.006923 0.077341
v -0.015615 -0.009988 0.076963
v -0.015717 -0.009953 0.076441
v -0.013973 -0.011009 0.088866
v -0.015450 -0.007811 0.090059
v -0.014290 -0.012091 0.075981
v -0.012512 -0.013139 0.087712
v -0.011056 -0.014848 0.086048
v -0.010871 -0.015066 0.086540
v -0.012365 -0.013337 0.088203
v -0.016305 0.002826 0.091465
v -0.015792 0.003970 0.090448
v -0.010128 -0.015625 0.084291
v -0.009225 -0.016302 0.082281
v -0.009805 -0.015966 0.084581
v -0.006056 -0.009793 0.090199
v -0.013610 -0.011327 0.089715
v -0.012058 -0.013524 0.088518
v -0.006072 -0.012266 0.088933
v -0.005723 0.008025 0.082172
v -0.014679 0.005254 0.082342
v -0.014158 0.005987 0.084476
v -0.005700 0.008814 0.084347
v -0.006080 -0.014348 0.087125
v -0.010513 -0.015287 0.086805
v -0.009393 -0.016261 0.084718
v -0.006080 -0.015602 0.084962
v -0.005768 0.006594 0.080533
v -0.015618 0.003844 0.080792
v -0.016578 0.000532 0.092940
v -0.005865 0.003229 0.093110
v -0.014158 0.006188 0.086807
v -0.005694 0.009257 0.086813
v -0.006076 -0.016138 0.082483
v -0.008796 -0.016636 0.082280
v -0.008929 -0.016473 0.080114
v -0.006073 -0.015956 0.080310
v -0.016269 -0.003703 0.092328
v -0.005947 -0.001346 0.092585
v -0.015166 -0.007997 0.090987
v -0.006016 -0.006088 0.091428
v -0.006067 -0.012544 0.075917
v -0.012223 -0.014045 0.075775
v -0.014086 -0.012108 0.075590
v -0.006051 -0.009817 0.075695
v -0.005706 0.009200 0.089147
v -0.014603 0.005844 0.089057
v -0.006072 -0.014406 0.076911
v -0.006072 -0.015269 0.078309
v -0.009662 -0.015971 0.078107
v -0.010599 -0.015370 0.076732
v -0.006072 -0.014406 0.076911
v -0.010599 -0.015370 0.076732
v -0.005842 0.003738 0.079188
v -0.016663 0.001065 0.079414
v -0.005919 0.000135 0.078147
v -0.017074 -0.002998 0.078166
v -0.005979 -0.003400 0.077153
v -0.016684 -0.006767 0.076944
v -0.006026 -0.006954 0.076197
v -0.015589 -0.009871 0.076046
v -0.015702 0.004404 0.090862
v -0.016288 0.003115 0.092002
v -0.015999 0.003435 0.092373
v -0.015383 0.004822 0.091137
v -0.013610 -0.011327 0.089715
v -0.013863 -0.011184 0.089357
v -0.012058 -0.013524 0.088518
v -0.014679 0.005254 0.082342
v -0.015051 0.004879 0.082630
v -0.014535 0.005552 0.084631
v -0.014158 0.005987 0.084476
v -0.010513 -0.015287 0.086805
v -0.009393 -0.016261 0.084718
v -0.015618 0.003844 0.080792
v -0.016812 0.000359 0.092519
v -0.016578 0.000532 0.092940
v -0.014158 0.006188 0.086807
v -0.008929 -0.016473 0.080114
v -0.008796 -0.016636 0.082280
v -0.016493 -0.003737 0.091898
v -0.016269 -0.003703 0.092328
v -0.015391 -0.007926 0.090584
v -0.015166 -0.007997 0.090987
v -0.012504 -0.013937 0.076135
v -0.014086 -0.012108 0.075590
v -0.012223 -0.014045 0.075775
v -0.014603 0.005844 0.089057
v -0.010599 -0.015370 0.076732
v -0.009662 -0.015971 0.078107
v -0.010934 -0.015169 0.077032
v -0.016663 0.001065 0.079414
v -0.017074 -0.002998 0.078166
v -0.016684 -0.006767 0.076944
v -0.015589 -0.009871 0.076046
v -0.003500 -0.032135 0.036275
v -0.003780 -0.032479 0.036815
v -0.007023 -0.032739 0.036432
v -0.007053 -0.032433 0.035830
v 0.006253 -0.030940 0.049848
v 0.005694 -0.031749 0.049477
v 0.005402 -0.030996 0.046775
v 0.005980 -0.030233 0.046960
v -0.010397 -0.032657 0.037022
v -0.010720 -0.032305 0.036514
v -0.018946 -0.032177 0.046553
v -0.018392 -0.032924 0.046386
v -0.018612 -0.033858 0.048731
v -0.019117 -0.033109 0.049129
v -0.016634 -0.031778 0.041014
v -0.015919 -0.032290 0.041072
v -0.017770 -0.032286 0.043869
v -0.018295 -0.031578 0.043939
v 0.004785 -0.030228 0.043204
v 0.004200 -0.030869 0.043195
v 0.002193 -0.031304 0.040456
v 0.002882 -0.030733 0.040361
v -0.014005 -0.031991 0.038284
v -0.013437 -0.032433 0.038575
v -0.000237 -0.031549 0.037737
v -0.000776 -0.031990 0.038088
v 0.005978 -0.032190 0.052184
v 0.005476 -0.032941 0.051626
v -0.018442 -0.035287 0.052092
v -0.017966 -0.035885 0.051511
v 0.003253 -0.036787 0.055907
v 0.002880 -0.037492 0.055192
v 0.004781 -0.034583 0.053426
v 0.005169 -0.033899 0.054062
v -0.017120 -0.037392 0.054079
v -0.016749 -0.037937 0.053436
v -0.014925 -0.039989 0.055530
v -0.014418 -0.040392 0.054893
v -0.011094 -0.042689 0.055963
v -0.011462 -0.042562 0.056615
v -0.005567 -0.043851 0.057109
v -0.005626 -0.043838 0.056430
v -0.002829 -0.042972 0.056321
v -0.002599 -0.042850 0.057010
v -0.000048 -0.040927 0.056714
v -0.000389 -0.041276 0.056013
v -0.006639 -0.034718 0.043795
v -0.011142 -0.034649 0.044313
v -0.010162 -0.032842 0.037744
v -0.006993 -0.032886 0.037202
v -0.010830 -0.042333 0.055339
v -0.010585 -0.038088 0.050433
v -0.008335 -0.043206 0.055736
v -0.015759 -0.033725 0.045404
v -0.015379 -0.032602 0.041528
v -0.013009 -0.032691 0.039179
v -0.017626 -0.033305 0.046288
v -0.017021 -0.032719 0.044014
v -0.010884 -0.036155 0.047525
v -0.015781 -0.034991 0.048177
v -0.017843 -0.034236 0.048504
v -0.015351 -0.036968 0.051035
v -0.017234 -0.036142 0.051138
v -0.014029 -0.040206 0.054265
v -0.016089 -0.038034 0.052874
v 0.002484 -0.037529 0.054442
v 0.002425 -0.035199 0.050676
v 0.004775 -0.033427 0.051242
v 0.004142 -0.034936 0.052837
v -0.006492 -0.036260 0.047295
v -0.002256 -0.034046 0.044418
v -0.002187 -0.035393 0.047603
v -0.003952 -0.032649 0.037557
v -0.002125 -0.037245 0.050412
v -0.006294 -0.038334 0.050396
v 0.002278 -0.032800 0.045761
v 0.002403 -0.033832 0.048424
v 0.004667 -0.031504 0.046718
v 0.004949 -0.032277 0.049248
v -0.000717 -0.041049 0.055334
v -0.003061 -0.042595 0.055688
v 0.001714 -0.031651 0.040973
v -0.001129 -0.032230 0.038742
v 0.003497 -0.031350 0.043418
v -0.008615 -0.043645 0.057022
v -0.008445 -0.043649 0.056350
v -0.005699 -0.043379 0.055818
v -0.006843 -0.022123 0.039173
v -0.003288 -0.022229 0.039556
v -0.003500 -0.032135 0.036275
v -0.007053 -0.032433 0.035830
v -0.016477 -0.023800 0.043120
v -0.016634 -0.031778 0.041014
v -0.018295 -0.031578 0.043939
v -0.018504 -0.024862 0.045792
v 0.002937 -0.023426 0.042792
v 0.005075 -0.024396 0.045368
v 0.004785 -0.030228 0.043204
v 0.002882 -0.030733 0.040361
v -0.013696 -0.022923 0.040998
v -0.014005 -0.031991 0.038284
v -0.018946 -0.032177 0.046553
v -0.019622 -0.025995 0.048752
v 0.006381 -0.025627 0.048511
v 0.005980 -0.030233 0.046960
v -0.019375 -0.028454 0.055145
v -0.019935 -0.027169 0.051840
v -0.019117 -0.033109 0.049129
v -0.018442 -0.035287 0.052092
v -0.018003 -0.029545 0.058037
v -0.017120 -0.037392 0.054079
v -0.012844 -0.031241 0.062535
v -0.015814 -0.030498 0.060559
v -0.014925 -0.039989 0.055530
v -0.011462 -0.042562 0.056615
v 0.006775 -0.026788 0.051620
v 0.006253 -0.030940 0.049848
v 0.006410 -0.027911 0.054596
v 0.005978 -0.032190 0.052184
v -0.006209 -0.031731 0.064015
v -0.005567 -0.043851 0.057109
v -0.002599 -0.042850 0.057010
v -0.002801 -0.031504 0.063536
v -0.010402 -0.022356 0.039660
v -0.010720 -0.032305 0.036514
v -0.009644 -0.031639 0.063670
v -0.008615 -0.043645 0.057022
v -0.000048 -0.040927 0.056714
v 0.000298 -0.030985 0.062288
v -0.006843 -0.022123 0.039173
v -0.007053 -0.032433 0.035830
v -0.000237 -0.031549 0.037737
v 0.000026 -0.022664 0.040778
v 0.005294 -0.028981 0.057388
v 0.005169 -0.033899 0.054062
v 0.003229 -0.030084 0.060110
v 0.003253 -0.036787 0.055907
v 0.002307 0.008944 0.051027
v 0.002136 0.008260 0.050063
v 0.002021 0.007926 0.050279
v 0.002199 0.008636 0.051281
v 0.002799 0.009617 0.051946
v 0.002729 0.009323 0.052216
v 0.003570 0.010191 0.052687
v 0.003531 0.009911 0.052973
v 0.004560 0.010369 0.053515
v 0.004572 0.010633 0.053209
v 0.005694 0.010660 0.053800
v 0.005688 0.010906 0.053470
v 0.006863 0.010765 0.053818
v 0.006820 0.011006 0.053488
v 0.007959 0.010964 0.053301
v 0.008041 0.010720 0.053622
v 0.009016 0.010755 0.052889
v 0.009107 0.010493 0.053184
v 0.009977 0.010372 0.052234
v 0.010090 0.010096 0.052508
v 0.010838 0.009561 0.051655
v 0.010695 0.009848 0.051399
v 0.011281 0.008945 0.050714
v 0.011103 0.009241 0.050475
v 0.011387 0.008279 0.049745
v 0.011204 0.008597 0.049540
v 0.011051 0.007934 0.048604
v 0.011230 0.007590 0.048774
v 0.010604 0.007303 0.047753
v 0.010754 0.006951 0.047916
v 0.009773 0.006672 0.046942
v 0.009887 0.006302 0.047082
v 0.008768 0.005798 0.046479
v 0.008688 0.006188 0.046364
v 0.007672 0.005520 0.046195
v 0.007605 0.005926 0.046101
v 0.006534 0.005419 0.046174
v 0.006504 0.005825 0.046080
v 0.005394 0.005861 0.046254
v 0.005385 0.005455 0.046355
v 0.004365 0.006055 0.046653
v 0.004348 0.005664 0.046776
v 0.003354 0.006458 0.047348
v 0.003306 0.006084 0.047498
v 0.002527 0.006660 0.048411
v 0.002608 0.007020 0.048235
v 0.002133 0.007269 0.049324
v 0.002238 0.007622 0.049136
v 0.002291 0.005357 0.051932
v 0.002472 0.006077 0.052946
v 0.002199 0.008636 0.051281
v 0.002021 0.007926 0.050279
v 0.007130 0.008193 0.055465
v 0.008321 0.008147 0.055265
v 0.008041 0.010720 0.053622
v 0.006863 0.010765 0.053818
v 0.011651 0.005711 0.051399
v 0.011495 0.005014 0.050416
v 0.011230 0.007590 0.048774
v 0.011387 0.008279 0.049745
v 0.011076 0.007005 0.053321
v 0.011543 0.006385 0.052379
v 0.011281 0.008945 0.050714
v 0.010838 0.009561 0.051655
v 0.006803 0.002856 0.047834
v 0.005640 0.002893 0.048016
v 0.005385 0.005455 0.046355
v 0.006534 0.005419 0.046174
v 0.009055 0.003250 0.048152
v 0.007955 0.002957 0.047853
v 0.007672 0.005520 0.046195
v 0.008768 0.005798 0.046479
v 0.002527 0.006660 0.048411
v 0.002821 0.004086 0.050046
v 0.002409 0.004694 0.050966
v 0.002133 0.007269 0.049324
v 0.004810 0.007787 0.055143
v 0.005948 0.008087 0.055446
v 0.005694 0.010660 0.053800
v 0.004560 0.010369 0.053515
v 0.003025 0.006770 0.053881
v 0.003810 0.007340 0.054613
v 0.003531 0.009911 0.052973
v 0.002729 0.009323 0.052216
v 0.005948 0.008087 0.055446
v 0.005694 0.010660 0.053800
v 0.009386 0.007909 0.054804
v 0.009107 0.010493 0.053184
v 0.010341 0.007522 0.054144
v 0.010090 0.010096 0.052508
v 0.010996 0.004375 0.049554
v 0.010754 0.006951 0.047916
v 0.010144 0.003745 0.048743
v 0.009887 0.006302 0.047082
v 0.004601 0.003117 0.048454
v 0.004348 0.005664 0.046776
v 0.003586 0.003529 0.049160
v 0.003306 0.006084 0.047498
v 0.006661 0.008487 0.049757
v -0.018683 -0.005105 0.037641
v -0.018035 -0.007439 0.039629
v -0.017858 -0.006487 0.040619
v -0.018505 -0.004153 0.038631
v -0.013501 -0.000976 0.040719
v -0.012854 -0.003310 0.042707
v -0.011558 -0.003260 0.042403
v -0.012206 -0.000926 0.040415
v -0.009192 -0.005580 0.034513
v -0.008545 -0.007914 0.036501
v -0.009442 -0.008834 0.035744
v -0.010089 -0.006500 0.033756
v -0.008517 -0.003785 0.036285
v -0.007870 -0.006119 0.038273
v -0.008021 -0.007039 0.037312
v -0.008668 -0.004705 0.035324
v -0.009179 -0.002156 0.038244
v -0.008531 -0.004490 0.040232
v -0.008006 -0.005253 0.039256
v -0.008654 -0.002919 0.037268
v -0.013707 -0.007941 0.033176
v -0.013060 -0.010275 0.035164
v -0.014326 -0.010334 0.035448
v -0.014973 -0.008000 0.033460
v -0.011271 -0.007221 0.033293
v -0.010623 -0.009555 0.035281
v -0.011811 -0.010037 0.035081
v -0.012459 -0.007703 0.033093
v -0.016109 -0.007805 0.033986
v -0.015461 -0.010139 0.035974
v -0.016606 -0.009707 0.036760
v -0.017253 -0.007373 0.034772
v -0.017924 -0.003201 0.039510
v -0.017277 -0.005535 0.041498
v -0.016480 -0.004698 0.042192
v -0.017127 -0.002364 0.040204
v -0.011041 -0.001137 0.039864
v -0.010394 -0.003471 0.041852
v -0.009313 -0.003874 0.041117
v -0.009961 -0.001540 0.039129
v -0.018071 -0.006708 0.035723
v -0.017424 -0.009042 0.037711
v -0.017888 -0.008290 0.038660
v -0.018536 -0.005956 0.036672
v -0.016012 -0.001716 0.040605
v -0.015365 -0.004050 0.042593
v -0.014136 -0.003555 0.042793
v -0.014783 -0.001221 0.040805
v -0.014783 -0.001221 0.040805
v -0.014136 -0.003555 0.042793
v -0.017667 -0.003674 0.037817
v -0.017816 -0.004421 0.037043
v -0.018683 -0.005105 0.037641
v -0.018505 -0.004153 0.038631
v -0.017209 -0.002923 0.038511
v -0.017924 -0.003201 0.039510
v -0.016563 -0.002248 0.039070
v -0.017127 -0.002364 0.040204
v -0.016012 -0.001716 0.040605
v -0.015670 -0.001722 0.039398
v -0.014783 -0.001221 0.040805
v -0.014692 -0.001328 0.039558
v -0.013501 -0.000976 0.040719
v -0.013678 -0.001129 0.039496
v -0.012658 -0.001096 0.039251
v -0.012206 -0.000926 0.040415
v -0.011723 -0.001265 0.038811
v -0.011041 -0.001137 0.039864
v -0.010852 -0.001590 0.038217
v -0.009961 -0.001540 0.039129
v -0.009179 -0.002156 0.038244
v -0.010222 -0.002090 0.037498
v -0.008654 -0.002919 0.037268
v -0.009806 -0.002693 0.036724
v -0.008517 -0.003785 0.036285
v -0.009688 -0.003374 0.035949
v -0.009819 -0.004099 0.035194
v -0.008668 -0.004705 0.035324
v -0.010244 -0.004803 0.034544
v -0.009192 -0.005580 0.034513
v -0.010957 -0.005535 0.033942
v -0.010089 -0.006500 0.033756
v -0.011271 -0.007221 0.033293
v -0.011900 -0.006113 0.033571
v -0.012459 -0.007703 0.033093
v -0.012851 -0.006503 0.033405
v -0.013707 -0.007941 0.033176
v -0.013840 -0.006700 0.033462
v -0.014837 -0.006739 0.033694
v -0.014973 -0.008000 0.033460
v -0.015751 -0.006579 0.034121
v -0.016109 -0.007805 0.033986
v -0.016662 -0.006234 0.034749
v -0.017253 -0.007373 0.034772
v -0.018071 -0.006708 0.035723
v -0.017315 -0.005700 0.035510
v -0.018536 -0.005956 0.036672
v -0.017696 -0.005098 0.036271
v -0.013780 -0.003811 0.036412
v -0.038806 -0.008262 0.052415
v -0.038167 -0.005672 0.055321
v -0.037520 -0.006068 0.049640
v -0.037037 -0.003081 0.058088
v -0.035183 -0.000280 0.060933
v -0.035940 -0.001066 0.055288
v -0.033096 0.002398 0.063763
v -0.030475 0.004813 0.066056
v -0.030242 0.006238 0.062656
v -0.032554 0.003854 0.060507
v -0.027330 0.007037 0.068270
v -0.022619 0.010150 0.068996
v -0.027571 0.008246 0.064751
v -0.012474 0.013124 0.074071
v -0.015152 0.012758 0.071813
v -0.016347 0.011326 0.073160
v -0.014316 0.011282 0.074900
v -0.009723 0.014671 0.073842
v -0.010845 0.015229 0.069175
v -0.014002 0.014407 0.068975
v 0.002882 0.016585 0.067360
v -0.002716 0.016651 0.068633
v -0.002015 0.016646 0.073063
v 0.003285 0.016581 0.072201
v 0.009445 0.014634 0.068263
v 0.013387 0.011895 0.066101
v 0.012708 0.012926 0.062176
v 0.008858 0.014879 0.064665
v 0.016959 0.009055 0.063475
v 0.018727 0.008044 0.057867
v 0.015680 0.010832 0.059548
v 0.023185 0.001682 0.053853
v 0.022558 0.003302 0.052389
v 0.021305 0.005005 0.055449
v 0.021903 0.003146 0.056793
v 0.024046 -0.000618 0.050452
v 0.024414 -0.003319 0.047120
v 0.023597 0.000772 0.049171
v 0.024385 -0.006171 0.043919
v 0.023784 -0.008956 0.040837
v 0.023151 -0.003290 0.041350
v 0.022669 -0.011692 0.037862
v 0.021019 -0.014416 0.034987
v 0.019876 -0.011113 0.032749
v 0.021479 -0.008478 0.035632
v 0.016238 -0.019322 0.030104
v 0.015276 -0.015831 0.028108
v 0.017852 -0.013557 0.030266
v 0.018757 -0.017000 0.032370
v 0.010227 -0.023333 0.026500
v 0.009165 -0.019804 0.024523
v 0.012453 -0.017968 0.026041
v 0.013379 -0.021528 0.028053
v 0.002867 -0.026203 0.024407
v 0.001910 -0.022716 0.022746
v 0.005707 -0.021439 0.023286
v 0.006747 -0.024835 0.025340
v -0.005390 -0.027886 0.023869
v -0.006003 -0.024152 0.022424
v -0.002027 -0.023704 0.022296
v -0.001214 -0.027254 0.023869
v -0.013699 -0.028199 0.024963
v -0.013889 -0.024419 0.023401
v -0.009967 -0.024501 0.022832
v -0.009599 -0.028194 0.024253
v -0.021509 -0.026988 0.027688
v -0.021287 -0.023415 0.026046
v -0.017680 -0.024117 0.024563
v -0.017689 -0.027764 0.026147
v -0.028331 -0.024425 0.031797
v -0.027573 -0.021090 0.030280
v -0.024570 -0.022432 0.028095
v -0.025096 -0.025848 0.029594
v -0.033694 -0.020793 0.036993
v -0.032611 -0.017675 0.034970
v -0.030306 -0.019529 0.032581
v -0.031228 -0.022707 0.034293
v -0.037316 -0.016248 0.042883
v -0.035971 -0.013327 0.040649
v -0.034657 -0.015616 0.037751
v -0.035746 -0.018629 0.039879
v -0.038374 -0.013685 0.045989
v -0.038888 -0.011018 0.049202
v -0.037025 -0.011084 0.043656
v -0.033757 0.000259 0.053125
v -0.034887 -0.004095 0.047783
v -0.030775 0.004653 0.057499
v -0.026196 0.008750 0.061137
v -0.021885 0.011547 0.065386
v -0.021194 0.011845 0.063596
v -0.018325 0.013007 0.066909
v -0.017685 0.013272 0.064375
v -0.008291 0.015915 0.065638
v -0.011300 0.015213 0.065426
v -0.007696 0.016028 0.069231
v 0.002212 0.016196 0.063888
v -0.003335 0.016413 0.065207
v 0.008395 0.014859 0.062733
v 0.012001 0.013205 0.060428
v 0.011074 0.013138 0.058755
v 0.007792 0.014608 0.060990
v 0.013685 0.011840 0.056612
v 0.014954 0.011417 0.058159
v 0.017420 0.009469 0.055864
v 0.015767 0.010147 0.053992
v 0.017782 0.008206 0.051424
v 0.020024 0.006957 0.054003
v 0.021556 0.004709 0.050932
v 0.019089 0.006199 0.048476
v 0.020191 0.003858 0.045698
v 0.022617 0.002145 0.047917
v 0.023165 -0.000356 0.044810
v 0.020717 0.001513 0.042707
v 0.019299 -0.006248 0.034287
v 0.020743 -0.001180 0.039694
v 0.017606 -0.008598 0.031736
v 0.015636 -0.010755 0.029519
v 0.013385 -0.012760 0.027577
v 0.007654 -0.016339 0.024410
v 0.010866 -0.014708 0.025803
v 0.004401 -0.017694 0.023418
v 0.000826 -0.018820 0.022628
v -0.002874 -0.019711 0.022480
v -0.006526 -0.020276 0.022565
v -0.010192 -0.020631 0.022954
v -0.013613 -0.020758 0.023822
v -0.017147 -0.020431 0.024836
v -0.020297 -0.019803 0.026193
v -0.023320 -0.018950 0.027825
v -0.026041 -0.017807 0.029948
v -0.028495 -0.016473 0.032222
v -0.030462 -0.014962 0.034423
v -0.034816 -0.008913 0.042489
v -0.033721 -0.011043 0.039635
v -0.032381 0.000740 0.052204
v -0.033230 -0.001774 0.049357
v -0.024322 0.008475 0.058750
v -0.027890 0.006265 0.057360
v -0.030704 0.003387 0.054830
v -0.020389 0.009791 0.058798
v -0.020519 0.011681 0.061987
v -0.033090 -0.004365 0.045927
v -0.034136 -0.008311 0.042246
v -0.032297 -0.013204 0.036920
v -0.031537 -0.012450 0.036809
v -0.030049 -0.014037 0.034700
v 0.001490 0.007432 0.048900
v -0.002379 0.006007 0.047710
v -0.003092 0.006684 0.048746
v 0.001422 0.008293 0.050078
v 0.002280 -0.000382 0.039091
v 0.000508 -0.001468 0.038120
v -0.004930 0.001191 0.042169
v -0.003806 0.001830 0.042714
v -0.014123 0.014528 0.065182
v -0.013713 0.013590 0.062511
v -0.003913 0.015308 0.062096
v -0.008491 0.014804 0.062581
v 0.000952 0.014890 0.060660
v 0.006026 0.013434 0.057977
v 0.012436 0.010162 0.052097
v 0.010385 0.011625 0.054432
v 0.014793 0.007795 0.048697
v 0.016251 0.004658 0.044580
v 0.016777 0.000145 0.038606
v 0.015538 -0.004358 0.034071
v 0.012763 -0.008415 0.030036
v 0.008515 -0.011900 0.027105
v 0.003528 -0.014597 0.024817
v -0.003323 -0.016950 0.023743
v -0.010509 -0.018083 0.024175
v -0.016581 -0.018014 0.025785
v -0.022400 -0.017158 0.028639
v -0.027739 -0.015568 0.032274
v 0.002257 0.009894 0.052190
v 0.000408 0.013685 0.058837
v 0.003142 0.010578 0.053047
v 0.012023 0.007827 0.048334
v 0.012140 0.008589 0.049464
v 0.011987 0.009316 0.050574
v 0.011497 0.009976 0.051597
v 0.010760 0.010598 0.052585
v 0.009737 0.011072 0.053338
v 0.008455 0.011416 0.053887
v 0.007067 0.011522 0.054083
v 0.011482 0.007083 0.047280
v 0.011415 -0.005431 0.032599
v 0.009795 -0.009120 0.029316
v 0.010189 -0.006781 0.031287
v 0.006699 -0.008229 0.030068
v 0.007406 -0.009804 0.028678
v 0.004224 -0.010660 0.028082
v 0.005034 -0.008390 0.030069
v 0.013574 0.002307 0.041286
v 0.006308 0.000409 0.039439
v 0.007036 0.005319 0.045333
v 0.008269 0.000236 0.038998
v -0.000095 -0.006645 0.032537
v -0.007941 -0.005547 0.035163
v -0.000878 -0.005289 0.034102
v -0.000502 -0.002697 0.036894
v -0.001010 -0.004005 0.035521
v -0.007651 -0.004486 0.036262
v -0.007699 -0.003479 0.037401
v -0.024727 -0.005992 0.039978
v -0.019094 -0.006540 0.037301
v -0.025576 -0.009846 0.036152
v 0.005638 0.011432 0.054035
v 0.004330 0.011097 0.053658
v 0.004228 0.000260 0.039550
v -0.002292 0.003463 0.044427
v 0.004015 0.005568 0.046079
v -0.002890 0.002592 0.043467
v -0.006207 0.000704 0.041861
v -0.008198 -0.002567 0.038555
v -0.001972 0.004342 0.045474
v 0.002888 0.006011 0.046816
v 0.011895 -0.004090 0.033963
v 0.011889 -0.002756 0.035391
v -0.031879 0.000803 0.052000
v -0.032672 -0.001549 0.049334
v -0.024343 0.008059 0.058119
v -0.027678 0.005982 0.056820
v -0.030299 0.003272 0.054463
v -0.020664 0.009298 0.058163
v -0.017389 0.008727 0.055974
v -0.016893 0.009200 0.056446
v -0.032538 -0.003992 0.046137
v -0.031053 -0.005913 0.042988
v -0.031503 -0.006408 0.042554
v -0.028354 -0.006388 0.041129
v -0.028624 -0.006899 0.040549
v -0.024713 -0.005529 0.040584
v -0.017415 0.001534 0.046452
v -0.016195 0.004371 0.049660
v -0.015633 0.004595 0.049665
v -0.016936 0.001572 0.046230
v -0.016069 0.006825 0.052875
v -0.015491 0.007195 0.053116
v -0.021684 -0.003650 0.041647
v -0.018929 -0.000916 0.043917
v -0.018553 -0.001052 0.043530
v -0.021494 -0.003978 0.041111
v -0.027901 0.001572 0.051683
v -0.021647 0.005039 0.053464
v -0.027077 -0.002752 0.045759
v -0.021048 0.000530 0.047307
v -0.006786 0.015736 0.073496
v -0.008796 0.014123 0.077420
v -0.006074 0.015442 0.077278
v -0.001485 0.016589 0.076911
v 0.009687 0.014294 0.071122
v 0.013280 0.010973 0.069939
v 0.016194 0.008016 0.068390
v -0.037852 -0.009954 0.054324
v -0.037223 -0.007361 0.057153
v -0.038167 -0.005672 0.055321
v -0.038806 -0.008262 0.052415
v -0.036082 -0.004666 0.059764
v -0.034081 -0.001946 0.062568
v -0.035183 -0.000280 0.060933
v -0.037037 -0.003081 0.058088
v -0.031889 0.000788 0.065233
v -0.029385 0.003260 0.067430
v -0.030475 0.004813 0.066056
v -0.033096 0.002398 0.063763
v -0.026591 0.005677 0.069295
v -0.022150 0.007436 0.071907
v -0.022534 0.009036 0.070850
v -0.027330 0.007037 0.068270
v 0.024046 -0.000618 0.050452
v 0.023185 0.001682 0.053853
v 0.023128 -0.003291 0.053058
v 0.023494 -0.008317 0.046517
v 0.024414 -0.003319 0.047120
v 0.022115 -0.013380 0.040739
v 0.022669 -0.011692 0.037862
v 0.023784 -0.008956 0.040837
v 0.023049 -0.010944 0.043645
v 0.018378 -0.018650 0.035343
v 0.021019 -0.014416 0.034987
v 0.013152 -0.022767 0.030636
v 0.016238 -0.019322 0.030104
v 0.006567 -0.026398 0.027906
v 0.010227 -0.023333 0.026500
v -0.001057 -0.028812 0.026513
v 0.002867 -0.026203 0.024407
v -0.009287 -0.029817 0.026725
v -0.005390 -0.027886 0.023869
v -0.013699 -0.028199 0.024963
v -0.009599 -0.028194 0.024253
v -0.024473 -0.027581 0.031835
v -0.021509 -0.026988 0.027688
v -0.017158 -0.029395 0.028503
v -0.028331 -0.024425 0.031797
v -0.025096 -0.025848 0.029594
v -0.030756 -0.024340 0.036578
v -0.033694 -0.020793 0.036993
v -0.031228 -0.022707 0.034293
v -0.035221 -0.020103 0.042264
v -0.037316 -0.016248 0.042883
v -0.035746 -0.018629 0.039879
v -0.037543 -0.015262 0.048156
v -0.037959 -0.012700 0.051299
v -0.038888 -0.011018 0.049202
v -0.038374 -0.013685 0.045989
v -0.031383 -0.009530 0.065058
v -0.033040 -0.012057 0.062124
v -0.029324 -0.014858 0.064270
v -0.027684 -0.012450 0.066965
v -0.026723 -0.004600 0.069936
v -0.029150 -0.007059 0.067539
v -0.025345 -0.009983 0.069394
v -0.022570 -0.007480 0.071856
v -0.017935 -0.010689 0.073729
v -0.018039 -0.005953 0.075382
v 0.019650 -0.002527 0.063720
v 0.018055 -0.004894 0.068561
v 0.017739 -0.011001 0.063870
v 0.019650 -0.008299 0.060023
v 0.017264 -0.016382 0.057751
v 0.019432 -0.013904 0.054606
v 0.014852 -0.018805 0.060594
v 0.013995 -0.021726 0.057593
v 0.016584 -0.019273 0.054485
v 0.014493 -0.022722 0.052388
v 0.012922 -0.025091 0.045439
v 0.015487 -0.022957 0.042364
v 0.018020 -0.018902 0.048153
v 0.011567 -0.026079 0.037821
v 0.007374 -0.028537 0.041777
v 0.005443 -0.029396 0.034771
v 0.004042 -0.030151 0.037560
v -0.000807 -0.031254 0.033160
v -0.000764 -0.031571 0.036663
v -0.004448 -0.032225 0.035424
v -0.008610 -0.032264 0.033137
v -0.008332 -0.032582 0.035273
v -0.015787 -0.031741 0.034811
v -0.012266 -0.032481 0.036361
v -0.022011 -0.030077 0.037952
v -0.020557 -0.030592 0.039786
v -0.028162 -0.027248 0.042841
v -0.025490 -0.028472 0.043671
v -0.032064 -0.023595 0.047942
v -0.027869 -0.025861 0.050648
v -0.033935 -0.019031 0.053747
v -0.031061 -0.021537 0.055682
v -0.033949 -0.014661 0.058986
v -0.034219 -0.016861 0.056373
v -0.030915 -0.019487 0.058663
v -0.030322 -0.017269 0.061286
v -0.004565 -0.032289 0.035855
v -0.008304 -0.032587 0.035724
v -0.000989 -0.031658 0.037098
v 0.009302 -0.027603 0.052291
v 0.007655 -0.028140 0.049615
v 0.008959 -0.027778 0.046810
v -0.012073 -0.032516 0.036793
v -0.015349 -0.032020 0.038920
v -0.015778 -0.032028 0.038528
v -0.022582 -0.027914 0.054597
v -0.020613 -0.028864 0.051513
v -0.020374 -0.028878 0.053749
v -0.018393 -0.031074 0.041521
v -0.019977 -0.029932 0.045318
v -0.022689 -0.029374 0.044457
v 0.002867 -0.030460 0.039088
v 0.005452 -0.029151 0.042574
v 0.004869 -0.029365 0.042804
v 0.002466 -0.030584 0.039533
v -0.020536 -0.029158 0.049258
v -0.023038 -0.028455 0.049394
v 0.007185 -0.028251 0.047261
v 0.006604 -0.028487 0.047384
v 0.007299 -0.028646 0.051912
v 0.006685 -0.029812 0.055846
v 0.005737 -0.028209 0.056208
v 0.006389 -0.027002 0.052171
v 0.007783 -0.028404 0.051995
v 0.007096 -0.029650 0.056229
v -0.019206 -0.029577 0.057759
v -0.020981 -0.028654 0.058964
v 0.004809 -0.031550 0.058782
v 0.005140 -0.031513 0.059282
v -0.016722 -0.031229 0.060813
v -0.017879 -0.030852 0.062430
v -0.014441 -0.033183 0.064271
v -0.013597 -0.033133 0.062620
v -0.009662 -0.034728 0.063610
v -0.010180 -0.035121 0.065141
v -0.005278 -0.035336 0.063654
v -0.001249 -0.034788 0.062919
v -0.000650 -0.035224 0.064490
v -0.005252 -0.035902 0.065193
v 0.002183 -0.033437 0.061535
v 0.003134 -0.033582 0.063113
v 0.001906 -0.033394 0.061075
v -0.013639 0.007767 0.079046
v -0.012853 0.006368 0.081195
v -0.011379 0.008319 0.082972
v -0.011991 0.009808 0.079829
v -0.009350 0.011438 0.084310
v -0.007290 0.013595 0.084435
v -0.007920 0.013697 0.080877
v -0.010187 0.011701 0.080605
v -0.005430 0.015119 0.080888
v -0.004995 0.015147 0.084436
v -0.000878 0.016512 0.084094
v -0.001099 0.016512 0.080587
v 0.003542 0.016652 0.079994
v 0.003590 0.016676 0.083553
v 0.009940 0.013888 0.082455
v 0.009886 0.013967 0.078857
v 0.013112 0.009963 0.078118
v 0.013192 0.010359 0.073887
v 0.009879 0.014128 0.074995
v 0.015701 0.007142 0.072943
v 0.015487 0.006401 0.077504
v 0.016806 0.003071 0.076766
v 0.017191 0.004085 0.072120
v -0.008954 0.011307 0.089484
v -0.006968 0.013653 0.089376
v 0.015383 0.006300 0.081326
v 0.016628 0.002784 0.080963
v 0.019027 0.002508 0.065949
v 0.017970 0.000848 0.071081
v 0.010740 -0.026084 0.058819
v 0.008341 -0.029190 0.057557
v -0.010298 -0.025663 0.069116
v -0.009831 -0.033420 0.066099
v -0.003733 -0.026962 0.068424
v 0.003135 -0.032183 0.064113
v 0.006747 -0.029317 0.062661
v 0.002809 -0.026543 0.067444
v -0.015987 -0.022930 0.069263
v -0.019994 -0.019252 0.068901
v -0.021614 -0.021598 0.066823
v -0.017318 -0.025264 0.067052
v 0.015494 -0.013452 0.066953
v 0.012930 -0.020500 0.062867
v -0.007772 -0.019853 0.072290
v -0.012747 -0.017097 0.072946
v -0.014224 -0.019697 0.070877
v -0.009074 -0.022671 0.070311
v 0.003232 -0.023571 0.068849
v 0.004278 -0.020922 0.070877
v -0.002104 -0.021165 0.071930
v -0.003066 -0.023793 0.069733
v -0.021319 -0.013247 0.071010
v -0.017780 -0.016434 0.070996
v -0.015618 -0.014194 0.073283
v 0.012168 -0.014958 0.073884
v 0.012797 -0.016493 0.068667
v -0.001592 -0.019612 0.074839
v -0.007028 -0.018212 0.075326
v 0.010293 -0.018421 0.069317
v 0.005769 -0.018900 0.074393
v -0.011785 -0.015267 0.075316
v -0.013976 -0.013253 0.075141
v -0.001195 -0.019457 0.080824
v -0.006109 -0.017811 0.080923
v -0.000845 -0.020385 0.086229
v -0.005990 -0.017851 0.086657
v -0.007650 -0.016400 0.085938
v -0.009048 -0.014747 0.088363
v -0.013554 -0.002142 0.093275
v -0.013620 -0.002106 0.095057
v -0.012937 0.002494 0.095295
v -0.012915 0.002340 0.093846
v -0.012853 0.006368 0.081195
v -0.014584 0.006407 0.078612
v -0.014139 0.003994 0.080116
v -0.016300 -0.006869 0.076526
v -0.015488 -0.010539 0.075597
v 0.016892 -0.001141 0.080608
v 0.015861 -0.007760 0.080013
v 0.016487 -0.007370 0.073489
v 0.017253 -0.000613 0.075787
v 0.011870 -0.015093 0.080157
v 0.005869 -0.018828 0.080317
v 0.005378 -0.019806 0.123379
v 0.005994 -0.020339 0.093755
v 0.011853 -0.015507 0.093916
v 0.010658 -0.015030 0.123281
v 0.015202 -0.008000 0.094158
v 0.013960 -0.008049 0.123184
v -0.001084 -0.020916 0.123536
v -0.000812 -0.021075 0.093814
v -0.006925 -0.018184 0.123542
v -0.006198 -0.018031 0.094120
v -0.010979 -0.013257 0.123433
v -0.010466 -0.012646 0.094373
v -0.012478 -0.007648 0.094713
v -0.013335 -0.007651 0.123291
v -0.014477 -0.001757 0.123147
v -0.013593 0.003966 0.123005
v -0.013620 -0.002106 0.095057
v -0.014477 -0.001757 0.123147
v -0.011720 0.009076 0.122919
v -0.011151 0.007924 0.095611
v -0.004591 0.015278 0.089245
v -0.004221 0.015305 0.095455
v 0.013910 0.005843 0.122899
v 0.014931 0.006238 0.094218
v 0.010044 0.013625 0.094601
v 0.009784 0.013114 0.122747
v 0.016431 -0.001399 0.094160
v 0.016160 0.002508 0.094160
v 0.015075 0.002237 0.122999
v 0.015268 -0.001347 0.123043
v 0.016431 -0.001399 0.094160
v 0.015268 -0.001347 0.123043
v -0.008552 0.013230 0.122825
v -0.011619 0.009089 0.126924
v -0.008098 0.013293 0.128577
v -0.004316 0.015806 0.128451
v -0.004579 0.016049 0.122785
v 0.003982 0.016714 0.122673
v 0.003925 0.016502 0.128376
v 0.009407 0.012763 0.128347
v 0.013563 0.005654 0.126616
v 0.014977 -0.001425 0.126646
v 0.014977 -0.001425 0.126646
v 0.013731 -0.007935 0.126700
v 0.010353 -0.015045 0.126697
v 0.005134 -0.019164 0.128742
v -0.000931 -0.020381 0.128793
v -0.006531 -0.017899 0.128838
v -0.010814 -0.013172 0.127173
v -0.013215 -0.007688 0.127117
v -0.014405 -0.001827 0.126932
v -0.013575 0.003822 0.127021
v -0.014405 -0.001827 0.126932
v -0.011237 0.008903 0.130289
v -0.007466 0.012818 0.133246
v -0.003986 0.015009 0.133253
v 0.000577 0.016009 0.133219
v 0.000419 0.016994 0.128393
v 0.003848 0.015605 0.133245
v 0.008814 0.012021 0.133024
v 0.012986 0.005349 0.130106
v 0.012515 0.005045 0.132996
v 0.013598 -0.001609 0.133043
v 0.014374 -0.001513 0.130009
v 0.013227 -0.007779 0.130103
v 0.014374 -0.001513 0.130009
v 0.013598 -0.001609 0.133043
v 0.012588 -0.007648 0.133080
v 0.009195 -0.014433 0.133095
v 0.004714 -0.018210 0.133262
v 0.009803 -0.014840 0.130151
v -0.000883 -0.019446 0.133214
v -0.005893 -0.016872 0.133194
v -0.010370 -0.012899 0.130579
v -0.009922 -0.012668 0.133210
v -0.012427 -0.007363 0.133187
v -0.012813 -0.007578 0.130542
v -0.013989 -0.001911 0.130459
v -0.013466 -0.001910 0.133189
v -0.012856 0.003442 0.133225
v -0.013250 0.003612 0.130456
v -0.013466 -0.001910 0.133189
v -0.013989 -0.001911 0.130459
v -0.010783 0.008674 0.133198
v -0.010050 0.008166 0.135976
v -0.009168 0.007406 0.138504
v -0.006527 0.011516 0.137326
v 0.003032 0.011410 0.140489
v 0.007008 0.008420 0.140343
v 0.008064 0.010514 0.136966
v 0.003548 0.013760 0.137267
v 0.010876 0.004197 0.138127
v 0.009562 0.003607 0.140369
v 0.010203 -0.001724 0.140516
v 0.011546 -0.001707 0.138280
v 0.010203 -0.001724 0.140516
v 0.009214 -0.006976 0.140605
v 0.010619 -0.007275 0.138322
v 0.011546 -0.001707 0.138280
v 0.003024 -0.014500 0.140487
v 0.004015 -0.016675 0.137102
v 0.007603 -0.012856 0.138278
v 0.006524 -0.011707 0.140532
v -0.000610 -0.015223 0.140427
v -0.004540 -0.013581 0.140382
v -0.005244 -0.015340 0.136926
v -0.000821 -0.017759 0.137015
v -0.007587 -0.010170 0.140530
v -0.008617 -0.011369 0.138218
v -0.010861 -0.006684 0.138295
v -0.011758 -0.007035 0.135741
v -0.009302 -0.012170 0.135737
v -0.012626 -0.001889 0.135825
v -0.011584 -0.001892 0.138474
v -0.011193 0.002720 0.138496
v -0.012139 0.003154 0.135890
v -0.011584 -0.001892 0.138474
v -0.012626 -0.001889 0.135825
v -0.005691 0.004053 0.143675
v -0.003744 0.006704 0.143466
v -0.005258 0.009557 0.140743
v -0.007871 0.006312 0.140861
v -0.000834 0.008407 0.143309
v -0.002396 0.011296 0.140576
v 0.000844 0.012023 0.140542
v 0.002395 0.007914 0.143329
v 0.005376 0.005927 0.143082
v 0.007159 0.002838 0.143168
v 0.007835 -0.001723 0.143189
v 0.007835 -0.001723 0.143189
v 0.006870 -0.006179 0.143253
v 0.004829 -0.009165 0.143365
v 0.002168 -0.010871 0.143484
v -0.000429 -0.011133 0.143586
v -0.003209 -0.009874 0.143635
v -0.005555 -0.006613 0.143952
v -0.009445 -0.006184 0.140684
v -0.006705 -0.001923 0.144066
v -0.006795 0.001208 0.143831
v -0.009713 0.002117 0.140929
v -0.010122 -0.001906 0.140859
v -0.010122 -0.001906 0.140859
v -0.006705 -0.001923 0.144066
v -0.002385 0.004008 0.145013
v -0.000348 0.005148 0.144894
v 0.001802 0.004619 0.144947
v 0.003599 0.002319 0.145172
v 0.004213 -0.001698 0.145345
v 0.004213 -0.001698 0.145345
v 0.003468 -0.005631 0.145190
v 0.001348 -0.007627 0.145077
v -0.000280 -0.007920 0.145081
v -0.002249 -0.007381 0.145023
v -0.003298 -0.005132 0.145360
v -0.003936 -0.001810 0.145445
v -0.003589 0.001489 0.145351
v -0.003936 -0.001810 0.145445
v 0.000038 -0.001784 0.145989
v -0.000013 0.002916 0.145652
v -0.000099 -0.005382 0.145835
v 0.000038 -0.001784 0.145989
v 0.011849 -0.015443 0.086577
v 0.006006 -0.019822 0.086405
v 0.015540 -0.007854 0.087038
v 0.016691 -0.001338 0.087108
v -0.010551 0.008630 0.089656
v -0.011369 0.007103 0.091857
v -0.013554 -0.002142 0.093275
v -0.012371 -0.007712 0.091696
v -0.010420 -0.012561 0.089698
v -0.012196 0.005000 0.093227
v -0.010533 0.009085 0.085422
v -0.010279 0.009223 0.087547
v 0.011231 -0.024157 0.061277
v 0.006211 -0.031387 0.060911
v 0.010459 -0.022215 0.064661
v -0.000505 -0.033732 0.065188
v -0.013924 -0.031699 0.065779
v -0.018658 -0.027766 0.065263
v -0.005086 -0.034117 0.065936
v -0.023986 -0.025632 0.061619
v -0.024955 -0.026485 0.055728
v -0.025556 -0.027343 0.050057
v -0.027922 -0.023803 0.057498
v -0.027585 -0.022314 0.060648
v -0.036288 -0.012144 0.056691
v -0.035455 -0.009454 0.059666
v -0.033900 -0.006838 0.062469
v -0.031877 -0.004316 0.065151
v -0.024473 0.002730 0.071460
v -0.026991 0.000477 0.069542
v -0.024442 -0.002141 0.071793
v -0.022284 0.000422 0.073383
v 0.021527 -0.005912 0.056614
v 0.021608 -0.011155 0.050802
v 0.021255 -0.013725 0.047669
v 0.020282 -0.016266 0.044467
v 0.017079 -0.020939 0.038846
v 0.012528 -0.024647 0.034188
v 0.006120 -0.028119 0.031282
v -0.000874 -0.030260 0.029759
v -0.008951 -0.031256 0.029853
v -0.016568 -0.030721 0.031327
v -0.023471 -0.029004 0.034390
v -0.029819 -0.025852 0.039114
v -0.034084 -0.021790 0.045099
v -0.036131 -0.017078 0.050953
v -0.036519 -0.014645 0.053839
v 0.021099 -0.003365 0.059321
v 0.018812 0.006101 0.063067
v -0.016044 0.009391 0.075379
v -0.014842 0.008846 0.076984
v -0.013172 0.010783 0.077426
v -0.017567 0.005512 0.075958
v -0.015788 0.004627 0.078093
v -0.015981 0.007522 0.076631
v -0.009088 -0.016573 0.076898
v -0.007457 -0.017132 0.079303
v -0.006903 -0.017161 0.083116
v 0.012803 0.010006 0.087644
v 0.012928 0.009941 0.081942
v 0.010017 0.013768 0.088033
v -0.004827 -0.030419 0.036039
v -0.008335 -0.030699 0.035909
v -0.001448 -0.029818 0.037174
v 0.006313 -0.026688 0.049777
v 0.007151 -0.028383 0.049637
v -0.011876 -0.030632 0.036908
v -0.014945 -0.030165 0.038889
v -0.019794 -0.029309 0.049211
v -0.019227 -0.027514 0.048967
v -0.019263 -0.027280 0.051225
v -0.019906 -0.029059 0.051361
v -0.017227 -0.029353 0.041675
v -0.018672 -0.028276 0.045264
v -0.019184 -0.030079 0.045565
v -0.017741 -0.031166 0.041895
v 0.004176 -0.027603 0.042686
v 0.001846 -0.028792 0.039456
v 0.005834 -0.026753 0.047397
v -0.018964 -0.027342 0.053464
v -0.017768 -0.028098 0.057554
v -0.018651 -0.029772 0.057413
v -0.019704 -0.029089 0.053501
v 0.003988 -0.029900 0.059232
v -0.015512 -0.029676 0.060625
v -0.016385 -0.031338 0.060343
v -0.012658 -0.031410 0.062586
v -0.009132 -0.032852 0.063759
v -0.009511 -0.034615 0.063164
v -0.013352 -0.033118 0.062139
v -0.005256 -0.033385 0.063846
v -0.001689 -0.032878 0.063058
v -0.001424 -0.034660 0.062462
v -0.005285 -0.035171 0.063206
v 0.001321 -0.031674 0.061620
v -0.011079 -0.010775 0.075713
v -0.012023 -0.008639 0.076144
v -0.015275 -0.010473 0.075682
v -0.013789 -0.013138 0.075317
v -0.006122 -0.012910 0.087540
v -0.004993 -0.014344 0.085764
v -0.007836 -0.016099 0.085764
v -0.009159 -0.014464 0.087968
v -0.009535 0.001409 0.092376
v -0.010022 -0.002069 0.091985
v -0.013487 -0.002180 0.092820
v -0.012901 0.002320 0.093464
v -0.010862 0.002912 0.079813
v -0.009692 0.005106 0.080817
v -0.012719 0.006183 0.081347
v -0.013915 0.003844 0.080248
v -0.012445 -0.006019 0.076845
v -0.016028 -0.006907 0.076633
v -0.010022 -0.002069 0.091985
v -0.009064 -0.006379 0.090622
v -0.012316 -0.007605 0.091280
v -0.013487 -0.002180 0.092820
v -0.007493 -0.010616 0.088954
v -0.010420 -0.012371 0.089316
v -0.008203 0.005399 0.091056
v -0.008825 0.003659 0.091902
v -0.012228 0.004860 0.092875
v -0.011461 0.006869 0.091571
v -0.007597 0.006818 0.089619
v -0.010719 0.008291 0.089552
v -0.008189 0.006728 0.082884
v -0.007411 0.007410 0.085210
v -0.010563 0.008632 0.085440
v -0.011290 0.007885 0.083213
v -0.007233 0.007453 0.087695
v -0.010367 0.008793 0.087541
v -0.011960 -0.000884 0.078447
v -0.015512 -0.001173 0.078369
v -0.009693 -0.012493 0.075653
v -0.011716 -0.015043 0.075610
v -0.006998 -0.014353 0.076575
v -0.009152 -0.016339 0.077080
v -0.004812 -0.015211 0.078959
v -0.007618 -0.016871 0.079343
v -0.004130 -0.015256 0.082972
v -0.007070 -0.016818 0.083061
v -0.009692 0.005106 0.080817
v -0.012719 0.006183 0.081347
v -0.006758 -0.022303 0.051382
v -0.004245 -0.003425 0.082851
v -0.009535 0.001409 0.092376
v -0.008825 0.003659 0.091902
v -0.008203 0.005399 0.091056
v -0.007597 0.006818 0.089619
v -0.007411 0.007410 0.085210
v -0.008189 0.006728 0.082884
v -0.007233 0.007453 0.087695
v 0.010065 -0.000536 0.037945
v 0.008607 -0.007677 0.030474
v -0.000382 -0.011558 0.027767
v 0.003064 -0.008242 0.030446
v 0.000848 -0.001713 0.037961
v 0.002507 -0.000700 0.038872
v -0.000129 -0.002888 0.036863
v -0.000579 -0.004101 0.035554
v -0.000442 -0.005289 0.034232
v 0.000329 -0.006496 0.032755
v 0.001608 -0.007391 0.031683
v 0.001292 -0.007584 0.031355
v 0.003252 -0.007945 0.030814
v 0.005069 -0.008109 0.030460
v 0.006604 -0.007937 0.030445
v 0.008364 -0.007379 0.030808
v 0.009809 -0.006534 0.031535
v 0.010946 -0.005289 0.032748
v 0.011408 -0.004072 0.034029
v 0.011424 -0.002820 0.035347
v 0.011286 -0.001536 0.036755
v 0.010866 -0.001708 0.036605
v 0.009742 -0.000817 0.037739
v 0.008066 -0.000114 0.038703
v 0.006271 0.000032 0.039202
v 0.004320 -0.000091 0.039264
v -0.015854 -0.001069 0.078221
v 0.019861 0.006181 0.059440
v 0.024385 -0.006171 0.043919
v 0.021577 0.000504 0.058540
v 0.021903 0.003146 0.056793
v 0.018757 -0.017000 0.032370
v 0.013379 -0.021528 0.028053
v 0.006747 -0.024835 0.025340
v -0.001214 -0.027254 0.023869
v -0.017689 -0.027764 0.026147
v -0.009653 -0.007460 0.033549
v -0.008648 -0.006550 0.034253
v 0.003399 0.016624 0.076151
v 0.003775 0.016657 0.088599
v -0.000661 0.016508 0.088977
v -0.000437 0.016590 0.095162
v 0.003898 0.016646 0.094935
v 0.002054 0.006668 0.047800
v -0.002036 0.005213 0.046605
v 0.005481 0.005291 0.045512
v 0.008340 0.005542 0.045460
v -0.017695 -0.003668 0.040194
v -0.018322 -0.004568 0.039364
v -0.018851 -0.004481 0.039539
v -0.018145 -0.003481 0.040440
v -0.018589 -0.005539 0.038384
v -0.019142 -0.005539 0.038441
v -0.018525 -0.006435 0.037348
v -0.018079 -0.007262 0.036306
v -0.018609 -0.007441 0.036141
v -0.017364 -0.007915 0.035316
v -0.017837 -0.008220 0.035046
v -0.016324 -0.008376 0.034530
v -0.016668 -0.008717 0.034165
v -0.015108 -0.008619 0.033887
v -0.015314 -0.009017 0.033465
v -0.013797 -0.008618 0.033525
v -0.013847 -0.009009 0.033071
v -0.012429 -0.008380 0.033381
v -0.012318 -0.008759 0.032918
v -0.011167 -0.007894 0.033550
v -0.010902 -0.008211 0.033101
v -0.010047 -0.007213 0.033962
v -0.009145 -0.006394 0.034596
v -0.008518 -0.005499 0.035398
v -0.008233 -0.004548 0.036381
v -0.008270 -0.003636 0.037400
v -0.008705 -0.002816 0.038448
v -0.009414 -0.002132 0.039402
v -0.008989 -0.001812 0.039615
v -0.010449 -0.001663 0.040228
v -0.010143 -0.001291 0.040514
v -0.011642 -0.001398 0.040856
v -0.011459 -0.000997 0.041214
v -0.012992 -0.001418 0.041250
v -0.012956 -0.001017 0.041628
v -0.014341 -0.001647 0.041390
v -0.014446 -0.001272 0.041790
v -0.015645 -0.002154 0.041243
v -0.015883 -0.001825 0.041607
v -0.016787 -0.002812 0.040845
v -0.017149 -0.002551 0.041179
v -0.012169 0.005126 0.049258
v -0.012741 0.004362 0.048409
v -0.013243 0.004482 0.048535
v -0.012611 0.005324 0.049459
v -0.013009 0.003534 0.047438
v -0.013521 0.003591 0.047455
v -0.012991 0.002766 0.046415
v -0.013509 0.002729 0.046348
v -0.012641 0.002030 0.045394
v -0.013112 0.001940 0.045228
v -0.012036 0.001430 0.044437
v -0.012456 0.001263 0.044187
v -0.011146 0.000950 0.043609
v -0.011473 0.000758 0.043282
v -0.010094 0.000658 0.042941
v -0.010327 0.000420 0.042554
v -0.008869 0.000549 0.042495
v -0.008993 0.000310 0.042070
v -0.007604 0.000653 0.042241
v -0.007597 0.000366 0.041785
v -0.006346 0.000940 0.042311
v -0.005176 0.001397 0.042592
v -0.004155 0.001996 0.043084
v -0.003342 0.002702 0.043761
v -0.002796 0.003485 0.044638
v -0.002522 0.004290 0.045581
v -0.002574 0.005070 0.046612
v -0.002895 0.005793 0.047603
v -0.003531 0.006395 0.048554
v -0.004378 0.006872 0.049367
v -0.004021 0.007216 0.049654
v -0.005453 0.007153 0.050028
v -0.005218 0.007540 0.050365
v -0.006631 0.007276 0.050478
v -0.006519 0.007676 0.050874
v -0.007900 0.007170 0.050705
v -0.007925 0.007563 0.051097
v -0.009143 0.006912 0.050694
v -0.009298 0.007272 0.051093
v -0.010323 0.006440 0.050434
v -0.010592 0.006757 0.050776
v -0.011350 0.005860 0.049952
v -0.011723 0.006114 0.050251
v 0.001929 0.008220 0.050089
v 0.002007 0.007476 0.049012
v 0.002498 0.006767 0.048029
v 0.003274 0.006190 0.047140
v 0.004290 0.005788 0.046493
v 0.005616 0.005567 0.045977
v 0.007014 0.005592 0.045809
v 0.008174 0.005795 0.045930
v 0.009238 0.006144 0.046302
v 0.009505 0.005944 0.045867
v 0.010256 0.006644 0.046813
v 0.010632 0.006447 0.046452
v 0.011021 0.007214 0.047524
v 0.011510 0.007884 0.048447
v 0.011620 0.008575 0.049463
v 0.011478 0.009245 0.050466
v 0.011034 0.009844 0.051400
v 0.010360 0.010424 0.052289
v 0.009443 0.010847 0.052965
v 0.008290 0.011148 0.053462
v 0.007042 0.011218 0.053653
v 0.005754 0.011118 0.053609
v 0.004575 0.010795 0.053296
v 0.003505 0.010319 0.052747
v 0.002702 0.009689 0.052001
v 0.002163 0.008972 0.051095
v 0.001674 0.009118 0.051182
v -0.008441 0.013323 0.060256
v 0.019855 0.003372 0.062883
v -0.017690 -0.000820 0.076921
v -0.016624 0.002191 0.077648
v -0.019643 0.003092 0.075021
v -0.021143 0.005115 0.073442
v 0.020867 0.003699 0.059789
v 0.002748 -0.001804 0.039619
v 0.001206 -0.002746 0.038798
v 0.000279 -0.003876 0.037726
v -0.000170 -0.005044 0.036497
v -0.000046 -0.006216 0.035202
v 0.000629 -0.007351 0.033862
v 0.001834 -0.008240 0.032752
v 0.003428 -0.008793 0.031966
v 0.005148 -0.008952 0.031601
v 0.006728 -0.008764 0.031631
v 0.008360 -0.008219 0.031960
v 0.009720 -0.007358 0.032718
v 0.010728 -0.006232 0.033817
v 0.011182 -0.005077 0.035044
v 0.011122 -0.003929 0.036303
v 0.010592 -0.002864 0.037488
v 0.009539 -0.002006 0.038555
v 0.008024 -0.001350 0.039430
v 0.006308 -0.001189 0.039893
v 0.004510 -0.001304 0.039976
v -0.017174 -0.004830 0.040934
v -0.017750 -0.005658 0.040169
v -0.017994 -0.006544 0.039269
v -0.017933 -0.007367 0.038320
v -0.017523 -0.008128 0.037365
v -0.016864 -0.008731 0.036467
v -0.015923 -0.009155 0.035760
v -0.014792 -0.009386 0.035180
v -0.013595 -0.009389 0.034856
v -0.012345 -0.009167 0.034736
v -0.011203 -0.008733 0.034897
v -0.010177 -0.008109 0.035284
v -0.009349 -0.007354 0.035867
v -0.008777 -0.006545 0.036575
v -0.008541 -0.005688 0.037490
v -0.008573 -0.004850 0.038415
v -0.008944 -0.004096 0.039359
v -0.009604 -0.003478 0.040228
v -0.010532 -0.003040 0.040981
v -0.011628 -0.002802 0.041551
v -0.012850 -0.002797 0.041909
v -0.014088 -0.003019 0.042025
v -0.015286 -0.003457 0.041894
v -0.016335 -0.004053 0.041530
v -0.011638 0.003917 0.049997
v -0.012196 0.003221 0.049209
v -0.012441 0.002451 0.048311
v -0.012420 0.001727 0.047361
v -0.012085 0.001060 0.046443
v -0.011550 0.000500 0.045525
v -0.010680 0.000064 0.044813
v -0.009736 -0.000207 0.044205
v -0.008629 -0.000315 0.043762
v -0.007427 -0.000230 0.043556
v -0.006289 0.000039 0.043654
v -0.005198 0.000443 0.043845
v -0.004282 0.001001 0.044373
v -0.003527 0.001647 0.044978
v -0.003048 0.002353 0.045793
v -0.002776 0.003106 0.046652
v -0.002869 0.003797 0.047609
v -0.003162 0.004467 0.048508
v -0.003756 0.004998 0.049359
v -0.004524 0.005447 0.050093
v -0.005493 0.005699 0.050679
v -0.006563 0.005829 0.051093
v -0.007704 0.005739 0.051298
v -0.008850 0.005527 0.051296
v -0.009924 0.005101 0.051063
v -0.010885 0.004586 0.050625
v 0.002469 0.007121 0.051012
v 0.002506 0.006433 0.050044
v 0.002941 0.005775 0.049144
v 0.003614 0.005236 0.048359
v 0.004490 0.004820 0.047639
v 0.005764 0.004584 0.047131
v 0.007065 0.004618 0.047093
v 0.008155 0.004800 0.047179
v 0.009140 0.005140 0.047535
v 0.010028 0.005614 0.048050
v 0.010649 0.006170 0.048757
v 0.011064 0.006808 0.049552
v 0.011070 0.007399 0.050472
v 0.010910 0.008009 0.051308
v 0.010508 0.008505 0.052123
v 0.009920 0.009029 0.052846
v 0.009113 0.009388 0.053441
v 0.008142 0.009671 0.053876
v 0.007063 0.009776 0.054098
v 0.005923 0.009698 0.054083
v 0.004882 0.009399 0.053827
v 0.003914 0.009017 0.053361
v 0.003203 0.008429 0.052700
v 0.002674 0.007818 0.051908
v 0.005602 -0.005125 0.035981
v -0.013185 -0.006056 0.038678
v -0.007574 0.002702 0.047643
v 0.006872 0.007133 0.050825
v -0.019647 -0.012402 0.031580
v -0.006331 -0.012645 0.027723
v -0.008752 0.011652 0.095641
v -0.032997 -0.010398 0.039435
v -0.017859 0.008249 0.074759
v -0.019908 0.009528 0.072506
v -0.016044 0.009391 0.075379
v -0.017510 0.009636 0.074203
v -0.014842 0.008846 0.076984
v -0.018813 0.012235 0.069071
v -0.022377 0.011067 0.067067
v -0.019407 0.010927 0.071031
v -0.020292 -0.000358 0.074950
v -0.017510 0.009636 0.074203
v -0.011301 0.012373 0.077463
v -0.022534 0.009036 0.070850
v -0.019908 0.009528 0.072506
v 0.018929 -0.016611 0.051243
v -0.013639 0.007767 0.079046
v 0.019855 0.003372 0.062883
v 0.020867 0.003699 0.059789
v 0.017962 0.005315 0.067184
v 0.015197 0.006302 0.087384
v 0.016432 0.002582 0.087213
v 0.000248 0.017218 0.122699
v 0.016691 -0.001338 0.087108
v -0.003361 0.013432 0.137304
v 0.000720 0.014219 0.137282
v 0.011775 0.004628 0.135785
v 0.012517 -0.001685 0.135975
v 0.012517 -0.001685 0.135975
v 0.011619 -0.007467 0.135947
v 0.008385 -0.013696 0.135909
v -0.026806 -0.020358 0.063483
v -0.025528 -0.018170 0.066115
v -0.023960 -0.015842 0.068606
v -0.021029 -0.004351 0.073572
v -0.029378 -0.001861 0.067550
v -0.022880 -0.023659 0.064389
v 0.018089 0.008896 0.056796
v -0.029504 -0.011393 0.036463
v -0.030911 -0.008469 0.039886
v 0.017253 -0.000613 0.075787
v 0.017970 0.000848 0.071081
v 0.016892 -0.001141 0.080608
v 0.019027 0.002508 0.065949
v -0.011180 -0.013202 0.028330
v -0.015245 -0.013179 0.029445
vn -0.9988 0.0492 -0.0082
vn -0.9821 -0.1326 0.1340
vn -0.9392 0.0340 0.3416
vn -0.9576 0.2186 0.1879
vn 0.0101 0.7742 0.6328
vn 0.0519 0.6089 0.7916
vn 0.2977 0.6187 0.7270
vn 0.2460 0.7882 0.5641
vn 0.7602 -0.0065 -0.6497
vn 0.8285 -0.1979 -0.5239
vn 0.6630 -0.3435 -0.6651
vn 0.5976 -0.1429 -0.7890
vn 0.9131 0.3069 -0.2684
vn 0.9821 0.1333 -0.1331
vn 0.9422 -0.0276 -0.3340
vn 0.8711 0.1579 -0.4650
vn 0.7935 0.5944 0.1302
vn 0.8611 0.4203 0.2859
vn 0.9552 0.2857 0.0776
vn 0.8848 0.4610 -0.0677
vn -0.0804 -0.4134 -0.9070
vn -0.0419 -0.6077 -0.7931
vn -0.2801 -0.6194 -0.7334
vn -0.3130 -0.4178 -0.8529
vn 0.3945 -0.2674 -0.8791
vn 0.4517 -0.4659 -0.7608
vn 0.2057 -0.5573 -0.8044
vn 0.1570 -0.3581 -0.9204
vn -0.5424 -0.3885 -0.7449
vn -0.5177 -0.5900 -0.6195
vn -0.7087 -0.5243 -0.4720
vn -0.7304 -0.3173 -0.6049
vn -0.8585 0.3733 0.3516
vn -0.8369 0.1883 0.5140
vn -0.6571 0.3477 0.6688
vn -0.6831 0.5332 0.4990
vn 0.4636 0.7607 0.4543
vn 0.5203 0.5894 0.6179
vn 0.7077 0.5248 0.4730
vn 0.6425 0.7009 0.3096
vn -0.8844 -0.2168 -0.4133
vn -0.8665 -0.4151 -0.2773
vn -0.9567 -0.2820 -0.0722
vn -0.9728 -0.0878 -0.2144
vn -0.4619 0.6540 0.5991
vn -0.4301 0.4758 0.7672
vn -0.2008 0.5587 0.8047
vn -0.2375 0.7312 0.6394
vn -0.2374 0.7313 0.6394
vn -0.2006 0.5587 0.8047
vn -0.3406 0.7628 -0.5496
vn -0.3390 0.7332 -0.5895
vn -0.9988 0.0493 -0.0082
vn -0.9575 0.2187 0.1878
vn -0.3183 0.7929 -0.5197
vn -0.2924 0.8262 -0.4815
vn -0.2419 0.8472 -0.4731
vn -0.1994 0.8643 -0.4618
vn -0.1526 0.8682 -0.4722
vn -0.1056 0.8741 -0.4741
vn -0.0649 0.8649 -0.4978
vn 0.4635 0.7607 0.4543
vn -0.0212 0.8557 -0.5170
vn 0.0002 0.8301 -0.5577
vn 0.0207 0.8039 -0.5944
vn 0.0155 0.7741 -0.6328
vn 0.0190 0.7426 -0.6694
vn -0.0062 0.7111 -0.7031
vn 0.7601 -0.0065 -0.6497
vn -0.0276 0.6767 -0.7358
vn 0.5975 -0.1429 -0.7890
vn 0.3944 -0.2675 -0.8791
vn -0.0760 0.6608 -0.7467
vn -0.1206 0.6415 -0.7576
vn -0.1673 0.6404 -0.7496
vn -0.2128 0.6313 -0.7458
vn -0.3131 -0.4178 -0.8529
vn -0.2557 0.6414 -0.7233
vn -0.3007 0.6460 -0.7016
vn -0.3226 0.6762 -0.6623
vn -0.3413 0.7016 -0.6255
vn -0.1631 0.7658 -0.6221
vn -0.7802 0.5312 0.3304
vn -0.6403 0.7633 -0.0858
vn -0.4537 0.8906 0.0302
vn -0.5436 0.6846 0.4857
vn 0.2279 -0.3618 -0.9040
vn 0.1197 0.0425 -0.9919
vn -0.0995 0.0171 -0.9949
vn -0.0741 -0.4529 -0.8885
vn 0.0273 0.9420 0.3344
vn 0.3121 0.9123 0.2653
vn 0.2420 0.9675 0.0729
vn -0.0064 0.9903 0.1389
vn -0.3496 -0.4252 -0.8349
vn -0.3095 0.0297 -0.9504
vn -0.5072 0.0906 -0.8571
vn -0.6092 -0.3715 -0.7006
vn -0.8270 -0.2259 -0.5148
vn -0.6676 0.1975 -0.7179
vn -0.7630 0.3213 -0.5608
vn -0.9506 -0.0756 -0.3011
vn -0.9878 0.1382 -0.0717
vn -0.7932 0.4696 -0.3878
vn -0.7502 0.6207 -0.2279
vn -0.9341 0.3250 0.1478
vn -0.2202 0.9722 0.0803
vn -0.0095 0.9968 0.0793
vn 0.0507 0.8343 0.5490
vn -0.2367 0.7935 0.5607
vn 0.8560 0.0406 -0.5154
vn 0.6136 0.3692 -0.6979
vn 0.4996 0.2288 -0.8355
vn 0.7113 -0.1441 -0.6879
vn 0.8329 0.3751 -0.4070
vn 0.7751 0.1901 -0.6026
vn 0.6553 0.3306 -0.6792
vn 0.7068 0.4964 -0.5041
vn 0.3210 0.1108 -0.9406
vn 0.4517 -0.3064 -0.8379
vn 0.6420 0.6724 -0.3684
vn 0.6663 0.5282 -0.5263
vn 0.9274 0.2412 -0.2860
vn 0.9033 0.4228 -0.0732
vn 0.7097 0.7040 -0.0279
vn 0.8108 0.5432 -0.2178
vn 0.6821 0.6481 -0.3387
vn 0.5951 0.7854 -0.1701
vn 0.5325 0.8354 0.1365
vn 0.4403 0.8973 -0.0303
vn -0.8705 0.4913 -0.0294
vn -0.7427 0.6559 0.1353
vn -0.6789 0.7340 -0.0189
vn -0.7940 0.5845 -0.1670
vn -0.5288 0.7660 0.3656
vn -0.5131 0.8139 0.2724
vn -0.7688 0.5981 0.2264
vn 0.3419 0.8649 0.3674
vn 0.0479 0.8984 0.4366
vn 0.0477 0.8984 0.4366
vn 0.0271 0.9420 0.3344
vn -0.2549 0.9065 0.3366
vn -0.2567 0.8630 0.4351
vn 0.8323 0.0993 -0.5453
vn 0.8902 0.2997 -0.3431
vn 0.7650 0.6418 0.0544
vn 0.8702 0.4722 -0.1408
vn 0.5737 0.7866 0.2283
vn -0.9028 0.4268 0.0538
vn -0.7168 0.1267 0.6857
vn -0.4910 0.2842 0.8235
vn 0.1282 -0.7924 -0.5963
vn 0.3651 0.8044 0.4686
vn 0.4170 0.3990 0.8167
vn 0.1057 0.4251 0.8989
vn 0.0508 0.8343 0.5490
vn -0.5456 -0.7618 -0.3492
vn -0.2476 -0.8364 -0.4890
vn -0.8853 -0.4626 0.0472
vn -0.7679 -0.6204 -0.1591
vn -0.8655 -0.0707 0.4959
vn -0.9216 -0.2641 0.2843
vn 0.1057 0.4249 0.8990
vn -0.1858 0.3860 0.9036
vn 0.7677 -0.5400 -0.3450
vn 0.9170 -0.3607 -0.1703
vn 0.9854 -0.1600 0.0585
vn 0.4709 -0.7262 -0.5008
vn 0.9606 0.0207 0.2773
vn 0.8504 0.1889 0.4910
vn 0.7929 0.5928 0.1411
vn 0.6563 0.3248 0.6810
vn 0.6004 0.7275 0.3320
vn -0.4775 0.8724 0.1046
vn 0.1425 -0.0262 -0.9895
vn -0.0896 -0.0561 -0.9944
vn 0.2227 0.9748 0.0160
vn -0.0093 0.9968 0.0793
vn -0.3181 -0.0491 -0.9468
vn -0.5280 0.0129 -0.8492
vn -0.7064 0.1252 -0.6967
vn -0.8109 0.2639 -0.5223
vn -0.8419 0.4192 -0.3398
vn -0.2370 0.9605 0.1459
vn -0.0066 0.9903 0.1389
vn 0.5351 0.1751 -0.8264
vn 0.3518 0.0489 -0.9348
vn 0.5579 0.8036 -0.2073
vn 0.4098 0.9092 -0.0731
vn 0.1971 -0.2133 -0.9569
vn 0.2255 -0.3284 -0.9172
vn -0.0452 -0.3730 -0.9267
vn -0.0618 -0.2521 -0.9657
vn -0.3269 -0.2428 -0.9133
vn -0.3257 -0.3640 -0.8726
vn -0.5778 -0.2910 -0.7625
vn -0.5640 -0.1742 -0.8072
vn -0.7720 -0.0478 -0.6339
vn -0.7983 -0.1594 -0.5807
vn -0.9276 0.0227 -0.3730
vn -0.8924 0.1200 -0.4350
vn -0.9256 0.2996 -0.2312
vn -0.9627 0.2185 -0.1595
vn 0.6899 -0.0845 -0.7190
vn 0.6378 0.0140 -0.7700
vn 0.4741 -0.2318 -0.8494
vn 0.4332 -0.1256 -0.8925
vn -0.4910 0.2841 0.8236
vn -0.1557 -0.5265 0.8358
vn -0.2166 -0.5378 0.8147
vn 0.1690 -0.8905 0.4224
vn 0.1281 -0.7926 -0.5962
vn 0.1152 -0.9078 0.4032
vn 0.4170 0.3988 0.8167
vn 0.1708 -0.4561 0.8734
vn 0.1057 0.4250 0.8990
vn 0.1136 -0.4285 0.8964
vn -0.5456 -0.7619 -0.3491
vn -0.0627 -0.8954 0.4408
vn -0.2476 -0.8365 -0.4888
vn -0.0275 -0.9144 0.4039
vn -0.8853 -0.4626 0.0473
vn -0.2245 -0.8105 0.5410
vn -0.7679 -0.6205 -0.1590
vn -0.2236 -0.8400 0.4944
vn -0.8654 -0.0708 0.4960
vn -0.2633 -0.6690 0.6951
vn -0.9216 -0.2642 0.2844
vn -0.2935 -0.6972 0.6540
vn 0.0579 -0.4554 0.8884
vn -0.0069 -0.4352 0.9003
vn 0.9170 -0.3608 -0.1701
vn 0.3484 -0.7879 0.5077
vn 0.3963 -0.7563 0.5206
vn 0.9853 -0.1602 0.0586
vn 0.3884 -0.7243 0.5697
vn 0.4184 -0.6856 0.5958
vn 0.4709 -0.7263 -0.5007
vn 0.2862 -0.8408 0.4595
vn 0.7677 -0.5401 -0.3449
vn 0.3421 -0.8169 0.4644
vn 0.9605 0.0205 0.2774
vn 0.3941 -0.6619 0.6376
vn 0.4107 -0.6163 0.6719
vn 0.8504 0.1887 0.4912
vn 0.3784 -0.5940 0.7099
vn 0.3809 -0.5453 0.7467
vn 0.6562 0.3246 0.6811
vn 0.3370 -0.5360 0.7740
vn 0.3165 -0.4868 0.8141
vn 0.2654 -0.4868 0.8322
vn 0.2330 -0.4397 0.8674
vn 0.1886 -0.8668 0.4615
vn 0.2601 -0.8688 0.4214
vn -0.0558 -0.4743 0.8786
vn -0.1299 -0.4719 0.8720
vn -0.2271 -0.5933 0.7723
vn -0.2759 -0.6190 0.7353
vn -0.2626 -0.7410 0.6180
vn -0.2735 -0.7776 0.5661
vn -0.1588 -0.8615 0.4823
vn -0.1309 -0.8886 0.4396
vn 0.0418 -0.8935 0.4471
vn 0.0646 -0.9076 0.4149
vn -0.6054 0.2287 0.7624
vn -0.7156 0.1373 0.6848
vn -0.4904 -0.2544 0.8336
vn -0.4117 -0.1873 0.8919
vn -0.4933 0.2979 0.8173
vn -0.3271 -0.1325 0.9357
vn 0.2652 0.4141 0.8708
vn 0.1060 0.4233 0.8997
vn 0.1219 -0.0490 0.9913
vn 0.2392 -0.0514 0.9696
vn 0.4084 0.3890 0.8258
vn 0.3455 -0.0677 0.9360
vn -0.9062 -0.1509 0.3949
vn -0.9216 -0.2538 0.2938
vn -0.6429 -0.5447 0.5385
vn -0.6331 -0.4710 0.6144
vn -0.8732 -0.0581 0.4839
vn -0.6057 -0.4024 0.6864
vn -0.0511 0.4164 0.9077
vn -0.2058 0.3935 0.8960
vn -0.1060 -0.0679 0.9920
vn 0.0074 -0.0543 0.9985
vn 0.1061 0.4233 0.8997
vn 0.1220 -0.0490 0.9913
vn 0.8345 -0.5256 -0.1655
vn 0.8988 -0.4323 -0.0723
vn 0.6920 -0.6690 0.2713
vn 0.6450 -0.7354 0.2077
vn 0.7539 -0.6081 -0.2489
vn 0.5858 -0.7959 0.1530
vn 0.9454 -0.3242 0.0341
vn 0.9661 -0.2182 0.1379
vn 0.7395 -0.5221 0.4249
vn 0.7246 -0.5946 0.3484
vn 0.9643 -0.1191 0.2367
vn 0.9413 -0.0238 0.3366
vn 0.7267 -0.3800 0.5722
vn 0.7407 -0.4516 0.4974
vn 0.8964 0.0674 0.4382
vn 0.8329 0.1499 0.5327
vn 0.6505 -0.2512 0.7168
vn 0.6952 -0.3111 0.6480
vn 0.7501 0.2258 0.6216
vn 0.6436 0.2957 0.7059
vn 0.5154 -0.1433 0.8449
vn 0.5921 -0.1960 0.7817
vn 0.5293 0.3501 0.7728
vn 0.4331 -0.1001 0.8958
vn 0.3990 -0.8113 -0.4273
vn 0.5193 -0.7634 -0.3842
vn 0.4236 -0.9048 0.0430
vn 0.3371 -0.9413 0.0152
vn 0.2786 -0.8455 -0.4555
vn 0.2464 -0.9692 -0.0008
vn -0.3587 0.3534 0.8640
vn -0.2212 -0.0933 0.9708
vn -0.6479 0.7046 0.2893
vn -0.5385 0.7631 0.3573
vn -0.4596 0.8879 0.0171
vn -0.5478 0.8358 -0.0355
vn -0.7482 0.6310 0.2051
vn -0.6212 0.7773 -0.0999
vn 0.1116 -0.6847 -0.7202
vn 0.1330 -0.8750 -0.4655
vn -0.0201 -0.8878 -0.4598
vn -0.0558 -0.6977 -0.7142
vn 0.0764 -0.4204 -0.9041
vn -0.0892 -0.4304 -0.8982
vn 0.2234 -0.3932 -0.8919
vn 0.2646 -0.6549 -0.7079
vn 0.1887 0.8892 0.4169
vn 0.3374 0.8576 0.3880
vn 0.2307 0.9717 0.0503
vn 0.1089 0.9914 0.0723
vn 0.0331 0.9039 0.4265
vn -0.0125 0.9967 0.0808
vn -0.4867 -0.6198 -0.6156
vn -0.4276 -0.8250 -0.3696
vn -0.5512 -0.7761 -0.3063
vn -0.6140 -0.5662 -0.5499
vn -0.4950 -0.3495 -0.7955
vn -0.6135 -0.2961 -0.7321
vn -0.3679 -0.3870 -0.8455
vn -0.3504 -0.6597 -0.6648
vn -0.2947 -0.8606 -0.4153
vn -0.9111 -0.3181 -0.2621
vn -0.8361 -0.5477 -0.0307
vn -0.8850 -0.4610 0.0655
vn -0.9604 -0.2276 -0.1605
vn -0.8841 -0.0560 -0.4640
vn -0.9290 0.0317 -0.3687
vn -0.8181 -0.1388 -0.5581
vn -0.8381 -0.4064 -0.3640
vn -0.7649 -0.6318 -0.1259
vn -0.9783 0.1026 0.1800
vn -0.9417 0.1965 0.2731
vn -0.9382 0.3418 -0.0543
vn -0.9022 0.4300 0.0335
vn -0.9566 0.2471 -0.1545
vn -0.9974 -0.0022 0.0717
vn -0.1140 0.8970 0.4270
vn -0.1249 0.9888 0.0820
vn -0.2595 0.8702 0.4188
vn -0.2371 0.9686 0.0750
vn 0.7882 -0.0515 -0.6133
vn 0.7077 -0.1310 -0.6943
vn 0.5449 0.1754 -0.8200
vn 0.6059 0.2408 -0.7582
vn 0.8585 0.0441 -0.5110
vn 0.6645 0.3206 -0.6751
vn 0.9048 0.1609 -0.3943
vn 0.7002 0.4193 -0.5778
vn 0.9193 0.2668 -0.2892
vn 0.7124 0.5018 -0.4906
vn 0.6594 -0.4805 -0.5782
vn 0.6453 -0.6918 -0.3240
vn 0.5251 -0.5644 -0.6370
vn 0.6071 -0.2211 -0.7633
vn 0.4789 -0.3073 -0.8223
vn 0.7721 -0.3870 -0.5041
vn 0.9141 0.3584 -0.1894
vn 0.7080 0.5739 -0.4116
vn 0.8890 0.4500 -0.0848
vn 0.6838 0.6518 -0.3281
vn 0.8392 0.5435 0.0175
vn 0.6418 0.7276 -0.2423
vn 0.7708 0.6278 0.1079
vn 0.5864 0.7926 -0.1670
vn 0.6849 0.7028 0.1922
vn 0.5151 0.8510 -0.1025
vn 0.5773 0.7695 0.2732
vn 0.4281 0.9029 -0.0383
vn 0.4625 0.8192 0.3390
vn 0.3344 0.9423 0.0129
vn 0.3463 -0.3617 -0.8656
vn 0.1441 -0.0228 -0.9893
vn 0.2435 0.0044 -0.9699
vn 0.3551 0.0502 -0.9335
vn -0.4057 0.8227 0.3982
vn -0.3523 0.9342 0.0566
vn -0.8803 0.3014 0.3662
vn -0.8134 0.0339 0.5807
vn -0.7795 0.4161 0.4683
vn -0.8396 0.5306 0.1159
vn -0.9919 -0.1185 -0.0465
vn -0.9155 -0.3614 0.1767
vn -0.9550 0.1381 -0.2626
vn -0.7349 -0.4939 -0.4647
vn -0.6666 -0.7114 -0.2227
vn -0.7249 -0.2234 -0.6516
vn -0.2347 -0.4154 -0.8788
vn -0.3357 -0.0216 -0.9417
vn -0.2307 -0.0402 -0.9722
vn -0.1125 -0.0464 -0.9926
vn -0.3313 0.8958 -0.2962
vn -0.3851 0.8613 -0.3316
vn -0.4316 0.8238 -0.3675
vn 0.0242 -0.0403 -0.9989
vn -0.1145 0.3308 -0.9367
vn -0.0293 0.3362 -0.9413
vn 0.0436 0.3484 -0.9363
vn 0.0251 0.9638 -0.2653
vn 0.1006 0.9540 -0.2826
vn -0.0012 0.8647 -0.5023
vn -0.0498 0.8413 -0.5383
vn -0.0497 0.9649 -0.2580
vn -0.0736 0.8702 -0.4872
vn -0.4353 0.0107 -0.9002
vn -0.5298 0.0535 -0.8464
vn -0.3753 0.3817 -0.8446
vn -0.3155 0.3572 -0.8791
vn -0.2544 0.3412 -0.9049
vn -0.7370 0.2435 -0.6305
vn -0.7697 0.3161 -0.5547
vn -0.5234 0.5404 -0.6588
vn -0.5041 0.4945 -0.7080
vn -0.6883 0.1757 -0.7038
vn -0.4753 0.4531 -0.7542
vn -0.7729 0.5565 -0.3049
vn -0.7423 0.6280 -0.2338
vn -0.5044 0.7338 -0.4550
vn -0.5239 0.6885 -0.5015
vn -0.7873 0.4832 -0.3829
vn -0.5336 0.6429 -0.5495
vn -0.1191 0.9590 -0.2571
vn -0.1039 0.8399 -0.5328
vn -0.1881 0.9464 -0.2626
vn -0.1416 0.8613 -0.4879
vn 0.2976 0.4648 -0.8339
vn 0.3335 0.5045 -0.7964
vn 0.3639 0.5598 -0.7445
vn 0.3928 0.6174 -0.6816
vn 0.1266 0.6744 -0.7274
vn 0.0802 0.7179 -0.6915
vn 0.4014 0.6675 -0.6272
vn 0.1402 0.7290 -0.6700
vn 0.4640 0.1120 -0.8787
vn 0.1765 0.3922 -0.9028
vn 0.2474 0.4284 -0.8691
vn 0.3982 0.7117 -0.5787
vn 0.0859 0.7498 -0.6560
vn 0.3869 0.7590 -0.5237
vn 0.1304 0.7714 -0.6228
vn 0.3551 0.8074 -0.4712
vn 0.3170 0.8469 -0.4269
vn 0.2783 0.8813 -0.3819
vn 0.1046 0.8133 -0.5724
vn 0.0424 0.8116 -0.5826
vn 0.2238 0.9128 -0.3415
vn 0.0573 0.8451 -0.5316
vn 0.1652 0.9367 -0.3088
vn 0.0001 0.8316 -0.5554
vn 0.1054 0.3653 -0.9249
vn -0.2600 0.9252 -0.2763
vn -0.1560 0.8264 -0.5411
vn -0.2107 0.8355 -0.5075
vn -0.6908 0.7038 -0.1657
vn -0.4733 0.7798 -0.4098
vn -0.7876 0.4007 -0.4681
vn -0.5341 0.5928 -0.6027
vn -0.6172 0.1100 -0.7791
vn -0.4312 0.4148 -0.8013
vn -0.1892 0.3328 -0.9238
vn -0.6635 0.5007 0.5559
vn -0.5456 0.5619 0.6218
vn 0.2419 0.6954 0.6767
vn 0.0750 0.7115 0.6987
vn 0.3946 0.6609 0.6384
vn -0.0880 0.7037 0.7050
vn -0.2492 0.6736 0.6958
vn 0.8584 -0.3000 -0.4161
vn 0.9290 -0.2009 -0.3107
vn 0.9775 -0.0816 -0.1944
vn 0.9959 0.0313 -0.0845
vn 0.9911 0.1316 0.0223
vn 0.9648 0.2283 0.1303
vn 0.9154 0.3257 0.2363
vn 0.8467 0.4142 0.3340
vn 0.7577 0.4941 0.4263
vn 0.6447 0.5653 0.5146
vn 0.5236 0.6191 0.5853
vn 0.3925 -0.6193 -0.6800
vn -0.4063 0.6226 0.6688
vn -0.2065 -0.6872 -0.6965
vn -0.1579 -0.8820 -0.4441
vn 0.1373 -0.9904 -0.0137
vn 0.0285 -0.9995 -0.0107
vn -0.2664 -0.9623 0.0557
vn -0.3615 -0.9268 0.1018
vn -0.1667 -0.9858 0.0222
vn -0.5734 -0.7628 0.2988
vn -0.6117 -0.6987 0.3710
vn -0.5210 -0.8219 0.2304
vn 0.5109 -0.8545 0.0935
vn -0.5597 -0.3314 0.7596
vn -0.6351 -0.6243 0.4549
vn -0.4490 -0.8786 0.1624
vn -0.0674 -0.9977 0.0009
vn -0.2034 0.8028 -0.5605
vn -0.2622 0.8015 -0.5374
vn -0.0717 0.6115 -0.7880
vn -0.1071 0.5651 -0.8181
vn -0.0302 0.5754 -0.8173
vn -0.1774 0.6194 -0.7648
vn -0.2332 0.5891 -0.7737
vn -0.1743 0.5699 -0.8030
vn -0.2464 0.6659 -0.7042
vn -0.3050 0.6622 -0.6845
vn -0.2811 0.6217 -0.7311
vn -0.2576 0.7377 -0.6240
vn -0.2972 0.7567 -0.5823
vn -0.3115 0.7120 -0.6293
vn 0.0578 0.6740 -0.7365
vn 0.0905 0.6319 -0.7698
vn 0.0300 0.6487 -0.7604
vn 0.0341 0.5966 -0.8018
vn 0.0707 0.7845 -0.6161
vn -0.0227 0.6239 -0.7812
vn -0.2367 0.7733 -0.5882
vn -0.2593 0.7031 -0.6621
vn -0.2211 0.6401 -0.7358
vn -0.1320 0.6098 -0.7815
vn -0.0911 0.7344 -0.6726
vn -0.0498 0.8412 -0.5384
vn -0.0905 0.7372 -0.6696
vn -0.0891 0.7340 -0.6733
vn -0.0736 0.8701 -0.4873
vn -0.1038 0.8398 -0.5329
vn -0.0884 0.7341 -0.6733
vn 0.1265 0.6744 -0.7274
vn -0.0953 0.7381 -0.6679
vn 0.0800 0.7179 -0.6915
vn -0.0945 0.7382 -0.6680
vn 0.1401 0.7291 -0.6700
vn 0.0857 0.7498 -0.6560
vn -0.0944 0.7361 -0.6702
vn -0.0939 0.7355 -0.6710
vn 0.0422 0.8115 -0.5828
vn -0.0931 0.7348 -0.6718
vn 0.0572 0.8450 -0.5317
vn -0.0000 0.8315 -0.5555
vn -0.1416 0.8613 -0.4880
vn -0.1559 0.8263 -0.5412
vn -0.0877 0.7343 -0.6731
vn -0.2107 0.8354 -0.5076
vn -0.2033 0.8027 -0.5606
vn -0.0867 0.7353 -0.6722
vn -0.1070 0.5652 -0.8180
vn -0.0918 0.7407 -0.6655
vn -0.0717 0.6117 -0.7879
vn -0.0920 0.7407 -0.6655
vn -0.0905 0.7404 -0.6661
vn -0.1773 0.6195 -0.7647
vn -0.0911 0.7405 -0.6658
vn -0.3048 0.6623 -0.6844
vn -0.0856 0.7363 -0.6712
vn -0.2462 0.6660 -0.7041
vn -0.0879 0.7378 -0.6693
vn -0.2971 0.7567 -0.5823
vn -0.0859 0.7358 -0.6718
vn -0.2574 0.7378 -0.6241
vn -0.0859 0.7364 -0.6710
vn 0.0904 0.6319 -0.7697
vn -0.0933 0.7389 -0.6674
vn 0.0576 0.6740 -0.7364
vn 0.0340 0.5966 -0.8018
vn -0.0912 0.7410 -0.6652
vn 0.0299 0.6488 -0.7604
vn 0.1303 0.7714 -0.6229
vn 0.0705 0.7844 -0.6162
vn -0.0303 0.5755 -0.8173
vn -0.0227 0.6240 -0.7811
vn -0.2365 0.7733 -0.5884
vn -0.2591 0.7031 -0.6621
vn -0.2810 0.6217 -0.7311
vn -0.2210 0.6402 -0.7358
vn -0.1743 0.5700 -0.8030
vn -0.1320 0.6100 -0.7813
vn -0.1511 0.3722 0.9158
vn -0.3025 0.7894 0.5342
vn -0.3139 0.7876 0.5302
vn -0.1418 0.3308 0.9330
vn -0.9177 0.3707 0.1425
vn -0.9615 0.1950 0.1935
vn -0.9802 0.1709 0.0999
vn -0.9362 0.3491 0.0392
vn -0.9853 0.1693 -0.0246
vn -0.9391 0.3355 -0.0740
vn -0.7699 -0.6357 0.0557
vn -0.8656 -0.4956 0.0718
vn -0.8320 -0.5164 0.2028
vn -0.7418 -0.6503 0.1641
vn -0.9989 -0.0353 0.0314
vn -0.9591 -0.2747 0.0684
vn -0.9644 -0.2595 -0.0508
vn -0.9933 -0.0495 -0.1040
vn -0.7583 -0.6112 0.2268
vn -0.7013 -0.6919 0.1715
vn -0.6669 -0.7267 0.1648
vn -0.6853 -0.7197 0.1116
vn -0.9586 0.0906 0.2699
vn -0.9822 -0.0403 0.1835
vn -0.7051 -0.7078 0.0419
vn -0.9589 -0.1392 0.2471
vn -0.8875 0.4528 -0.0861
vn -0.9586 0.2400 -0.1534
vn -0.9807 0.1406 -0.1357
vn -0.9397 0.3135 -0.1366
vn -0.7972 -0.6026 -0.0367
vn -0.8798 -0.4726 -0.0513
vn -0.7211 -0.6920 -0.0347
vn -0.6144 -0.7867 0.0596
vn -0.6505 -0.7593 0.0166
vn -0.8556 0.5122 -0.0756
vn -0.8463 0.5291 -0.0617
vn -0.9784 -0.1425 -0.1496
vn -0.9817 0.0632 -0.1797
vn -0.9957 0.0055 -0.0922
vn -0.9053 -0.3403 0.2543
vn -0.9317 -0.3011 0.2034
vn -0.9763 -0.2101 -0.0515
vn -0.8413 -0.4674 0.2718
vn -0.9084 -0.4081 -0.0913
vn -0.9008 -0.4228 -0.0988
vn -0.9599 -0.2609 -0.1024
vn -0.7838 -0.6096 -0.1181
vn -0.8243 -0.5561 -0.1060
vn -0.8024 -0.5909 -0.0833
vn -0.6734 -0.7357 0.0724
vn -0.7462 -0.6548 0.1205
vn -0.9705 0.1509 -0.1880
vn -0.9396 0.2839 -0.1915
vn -0.7316 -0.6761 -0.0873
vn -0.6512 -0.7582 -0.0335
vn -0.6387 -0.7693 -0.0172
vn 0.0132 -0.3607 0.9326
vn -0.0137 -0.3959 0.9182
vn 0.0084 -0.5548 0.8319
vn 0.0542 -0.5366 0.8421
vn -0.2793 0.8413 -0.4628
vn -0.2872 0.8481 -0.4453
vn -0.3310 0.9278 -0.1723
vn -0.3215 0.9183 -0.2310
vn 0.1070 -0.7420 0.6618
vn 0.0548 -0.7570 0.6511
vn 0.0857 -0.9329 0.3499
vn 0.1516 -0.9159 0.3716
vn -0.1909 0.5833 -0.7895
vn -0.1963 0.5635 -0.8025
vn -0.0500 -0.0302 0.9983
vn -0.0278 0.0175 0.9995
vn -0.3625 0.9319 -0.0125
vn -0.3399 0.9375 -0.0741
vn 0.1732 -0.9816 0.0798
vn 0.0808 -0.9945 0.0667
vn 0.0984 -0.9744 -0.2024
vn 0.1880 -0.9620 -0.1982
vn -0.0258 -0.2191 0.9754
vn 0.0198 -0.1712 0.9850
vn -0.0220 -0.3291 0.9440
vn 0.0218 -0.2752 0.9611
vn 0.0640 -0.1877 -0.9801
vn 0.0241 -0.2230 -0.9745
vn -0.0528 0.0671 -0.9964
vn -0.0107 0.0817 -0.9966
vn -0.3434 0.9218 0.1797
vn -0.3683 0.9052 0.2121
vn 0.1609 -0.6201 -0.7679
vn 0.1947 -0.8897 -0.4130
vn 0.1230 -0.9092 -0.3978
vn 0.1078 -0.6094 -0.7855
vn 0.1608 -0.6199 -0.7680
vn 0.1078 -0.6092 -0.7857
vn -0.1161 0.3594 -0.9259
vn -0.1401 0.3566 -0.9237
vn -0.0839 0.2780 -0.9569
vn -0.1227 0.2963 -0.9472
vn -0.0723 0.2704 -0.9600
vn -0.1076 0.2703 -0.9568
vn -0.0548 0.2300 -0.9716
vn -0.0900 0.2130 -0.9729
vn -0.8806 0.4733 -0.0206
vn -0.9357 0.3093 0.1696
vn -0.3138 0.7876 0.5302
vn -0.0137 -0.3960 0.9182
vn -0.8321 -0.5289 0.1666
vn 0.0085 -0.5548 0.8319
vn -0.8141 0.5806 -0.0128
vn -0.8255 0.5642 -0.0156
vn 0.0549 -0.7570 0.6511
vn 0.0858 -0.9328 0.3499
vn -0.1963 0.5634 -0.8025
vn -0.9676 0.0139 0.2523
vn -0.0500 -0.0301 0.9983
vn 0.0985 -0.9743 -0.2024
vn -0.9432 -0.2200 0.2492
vn -0.9018 -0.3832 0.1997
vn -0.6701 -0.7369 -0.0892
vn -0.0529 0.0670 -0.9964
vn 0.0240 -0.2231 -0.9745
vn -0.3684 0.9052 0.2121
vn 0.1078 -0.6093 -0.7856
vn 0.1231 -0.9092 -0.3978
vn -0.6046 -0.7963 0.0179
vn -0.1229 0.2962 -0.9472
vn -0.1077 0.2702 -0.9567
vn -0.0901 0.2130 -0.9729
vn 0.2129 0.2466 -0.9455
vn 0.1863 -0.9272 -0.3249
vn 0.0221 -0.9432 -0.3314
vn -0.0402 0.2529 -0.9666
vn 0.9849 -0.1568 -0.0738
vn 0.7614 -0.5982 -0.2497
vn 0.7115 -0.6579 -0.2466
vn 0.9664 -0.0531 -0.2513
vn -0.1537 -0.9222 -0.3549
vn -0.2947 0.2442 -0.9239
vn -0.9764 -0.0709 -0.2042
vn -0.6649 -0.6666 -0.3369
vn -0.7323 -0.6176 -0.2867
vn -0.9851 -0.1721 -0.0060
vn -0.7631 0.1297 -0.6332
vn -0.4256 -0.8356 -0.3472
vn -0.6296 -0.6960 -0.3452
vn -0.9081 0.0522 -0.4154
vn 0.8771 0.0631 -0.4761
vn 0.6156 -0.7318 -0.2923
vn 0.4985 -0.8131 -0.3007
vn 0.6798 0.1586 -0.7160
vn -0.5587 0.2013 -0.8045
vn -0.3225 -0.8767 -0.3570
vn 0.4639 0.2105 -0.8605
vn 0.3483 -0.8844 -0.3108
vn 0.9663 -0.2228 0.1288
vn 0.7923 -0.5699 -0.2179
vn -0.9444 -0.2621 0.1986
vn -0.7130 -0.6483 -0.2673
vn 0.7230 -0.3855 0.5733
vn 0.7689 -0.6379 -0.0438
vn 0.8059 -0.5762 -0.1359
vn 0.8895 -0.2890 0.3539
vn -0.8264 -0.3514 0.4400
vn -0.7024 -0.6844 -0.1957
vn -0.6315 -0.4477 0.6330
vn -0.5480 -0.8070 -0.2199
vn -0.3899 -0.8635 -0.3200
vn -0.4267 -0.5049 0.7503
vn 0.0657 -0.5293 0.8459
vn 0.0999 -0.9414 -0.3222
vn 0.3885 -0.8784 -0.2785
vn 0.2869 -0.5049 0.8141
vn 0.5408 -0.4625 0.7026
vn 0.6465 -0.7246 -0.2387
vn 0.0632 -0.9483 -0.3111
vn -0.1492 -0.9324 -0.3292
vn -0.0948 -0.9592 -0.2662
vn 0.0218 -0.9656 -0.2592
vn -0.2155 -0.7421 -0.6347
vn -0.1506 -0.7736 -0.6155
vn -0.0711 -0.7424 -0.6662
vn -0.2877 -0.8927 -0.3469
vn -0.2823 -0.9208 -0.2691
vn -0.2313 -0.9356 -0.2669
vn -0.3932 -0.8430 -0.3670
vn -0.3920 -0.8698 -0.2997
vn -0.1617 -0.8647 -0.4756
vn -0.2959 -0.8370 -0.4602
vn -0.4126 -0.8022 -0.4317
vn -0.2862 -0.7736 -0.5653
vn -0.4111 -0.7685 -0.4903
vn -0.2873 -0.7356 -0.6135
vn -0.4184 -0.7340 -0.5349
vn 0.5136 -0.6826 -0.5200
vn 0.4666 -0.7485 -0.4711
vn 0.6133 -0.6854 -0.3926
vn 0.6790 -0.6488 -0.3435
vn 0.0759 -0.8740 -0.4799
vn 0.2620 -0.9180 -0.2978
vn 0.2875 -0.8447 -0.4515
vn 0.1671 -0.9541 -0.2485
vn 0.3119 -0.7395 -0.5966
vn 0.0738 -0.7595 -0.6463
vn 0.4227 -0.8563 -0.2969
vn 0.4450 -0.8026 -0.3973
vn 0.5517 -0.7877 -0.2741
vn 0.5811 -0.7443 -0.3291
vn 0.4480 -0.6561 -0.6073
vn 0.2380 -0.7119 -0.6607
vn 0.3732 -0.8977 -0.2342
vn 0.2924 -0.9280 -0.2310
vn 0.4523 -0.8665 -0.2114
vn -0.1690 -0.5273 0.8327
vn -0.1567 -0.9339 -0.3215
vn 0.0781 -0.7337 -0.6750
vn -0.0209 0.3091 -0.9508
vn 0.2334 0.3035 -0.9238
vn -0.0402 0.2530 -0.9666
vn -0.7238 0.1796 -0.6663
vn -0.9081 0.0521 -0.4154
vn -0.8826 0.0844 -0.4624
vn 0.6884 0.2214 -0.6907
vn 0.8729 0.1199 -0.4729
vn 0.8771 0.0630 -0.4761
vn -0.5209 0.2507 -0.8159
vn -0.5587 0.2014 -0.8045
vn -0.9706 -0.0267 -0.2393
vn 0.9644 -0.0022 -0.2644
vn -0.9496 -0.2269 0.2161
vn -0.9911 -0.1329 -0.0081
vn -0.9851 -0.1720 -0.0060
vn -0.8366 -0.3195 0.4449
vn -0.4596 -0.4518 0.7646
vn -0.6644 -0.3978 0.6327
vn -0.6315 -0.4478 0.6330
vn -0.4267 -0.5049 0.7504
vn 0.9940 -0.1011 -0.0428
vn 0.9849 -0.1567 -0.0738
vn 0.9628 -0.1998 0.1818
vn 0.9663 -0.2227 0.1288
vn 0.0261 -0.4933 0.8695
vn 0.2869 -0.5048 0.8141
vn 0.2658 -0.4797 0.8362
vn -0.2727 0.2936 -0.9162
vn -0.2947 0.2443 -0.9238
vn -0.2189 -0.4829 0.8478
vn -0.1689 -0.5274 0.8327
vn 0.5408 -0.4626 0.7025
vn 0.5122 -0.4376 0.7390
vn -0.0211 0.3091 -0.9508
vn -0.0404 0.2530 -0.9666
vn 0.4639 0.2106 -0.8605
vn 0.4768 0.2736 -0.8354
vn 0.8644 -0.3031 0.4011
vn 0.7136 -0.3781 0.5897
vn -0.1674 0.8268 -0.5371
vn -0.1707 0.8104 -0.5604
vn -0.9984 -0.0219 0.0513
vn -0.9571 0.1192 0.2642
vn -0.1554 0.8435 -0.5142
vn -0.8433 0.2556 0.4728
vn -0.1378 0.8573 -0.4960
vn -0.6688 0.3776 0.6405
vn -0.4512 0.4751 0.7555
vn -0.1135 0.8669 -0.4854
vn -0.2032 0.5472 0.8120
vn -0.0868 0.8742 -0.4778
vn 0.0455 0.5763 0.8160
vn -0.0585 0.8757 -0.4793
vn -0.0315 0.8756 -0.4820
vn 0.2832 0.5713 0.7703
vn -0.0042 0.8701 -0.4929
vn 0.5230 0.5228 0.6731
vn 0.0167 0.8626 -0.5056
vn 0.7123 0.4522 0.5368
vn 0.8677 0.3522 0.3507
vn 0.0317 0.8500 -0.5258
vn 0.9647 0.2299 0.1284
vn 0.0431 0.8349 -0.5487
vn 0.9916 0.0939 -0.0888
vn 0.0428 0.8187 -0.5726
vn 0.0413 0.8029 -0.5947
vn 0.9545 -0.0412 -0.2953
vn 0.0288 0.7848 -0.6190
vn 0.8370 -0.2007 -0.5090
vn 0.0129 0.7709 -0.6368
vn 0.6710 -0.3244 -0.6667
vn 0.4590 -0.4204 -0.7827
vn -0.0114 0.7621 -0.6474
vn 0.1986 -0.4834 -0.8526
vn -0.0398 0.7548 -0.6548
vn -0.0468 -0.5128 -0.8573
vn -0.0674 0.7539 -0.6535
vn -0.0937 0.7534 -0.6508
vn -0.2819 -0.5085 -0.8136
vn -0.1222 0.7585 -0.6401
vn -0.5319 -0.4726 -0.7026
vn -0.1440 0.7657 -0.6269
vn -0.7253 -0.4021 -0.5589
vn -0.8815 -0.2922 -0.3709
vn -0.1589 0.7794 -0.6061
vn -0.9755 -0.1550 -0.1560
vn -0.1677 0.7950 -0.5829
vn -0.9957 -0.0598 0.0709
vn -0.9527 0.0852 0.2916
vn -0.9571 0.1191 0.2643
vn 0.0518 0.5420 0.8388
vn 0.2998 0.5339 0.7906
vn 0.2833 0.5712 0.7704
vn 0.0455 0.5762 0.8160
vn 0.9959 0.0591 -0.0680
vn 0.9562 -0.0835 -0.2806
vn 0.9545 -0.0413 -0.2953
vn 0.9916 0.0938 -0.0887
vn 0.8685 0.3260 0.3735
vn 0.9683 0.1982 0.1520
vn 0.9647 0.2297 0.1285
vn 0.8677 0.3521 0.3508
vn -0.0421 -0.5460 -0.8367
vn -0.2821 -0.5434 -0.7907
vn -0.2819 -0.5086 -0.8136
vn -0.0468 -0.5128 -0.8572
vn 0.4698 -0.4457 -0.7620
vn 0.2102 -0.5148 -0.8312
vn 0.1986 -0.4835 -0.8525
vn -0.8815 -0.2923 -0.3708
vn -0.8722 -0.3301 -0.3609
vn -0.9700 -0.1971 -0.1426
vn -0.9755 -0.1551 -0.1559
vn -0.4551 0.4446 0.7716
vn -0.2046 0.5132 0.8335
vn -0.2033 0.5471 0.8120
vn -0.4512 0.4750 0.7555
vn -0.8368 0.2268 0.4983
vn -0.6659 0.3483 0.6598
vn -0.6687 0.3775 0.6405
vn -0.8433 0.2555 0.4729
vn -0.2044 0.5132 0.8336
vn -0.2032 0.5471 0.8120
vn 0.5367 0.4889 0.6877
vn 0.5230 0.5227 0.6732
vn 0.7174 0.4221 0.5542
vn 0.7123 0.4521 0.5369
vn 0.8350 -0.2382 -0.4961
vn 0.8370 -0.2008 -0.5090
vn 0.6733 -0.3542 -0.6490
vn 0.6710 -0.3245 -0.6666
vn -0.5323 -0.5021 -0.6816
vn -0.5319 -0.4727 -0.7026
vn -0.7184 -0.4329 -0.5445
vn -0.7252 -0.4022 -0.5588
vn -0.0634 0.8191 -0.5701
vn -0.9996 0.0263 -0.0059
vn -0.9783 -0.1466 0.1464
vn -0.9385 0.0326 0.3438
vn -0.9615 0.2076 0.1798
vn -0.0050 0.8094 0.5872
vn 0.0414 0.6545 0.7549
vn 0.2863 0.6660 0.6888
vn 0.2303 0.8247 0.5166
vn 0.7576 -0.0269 -0.6521
vn 0.8308 -0.2091 -0.5159
vn 0.6681 -0.3663 -0.6476
vn 0.5976 -0.1747 -0.7825
vn 0.9049 0.3113 -0.2902
vn 0.9783 0.1478 -0.1451
vn 0.9413 -0.0257 -0.3366
vn 0.8655 0.1503 -0.4778
vn 0.7804 0.6185 0.0918
vn 0.8524 0.4553 0.2570
vn 0.9487 0.3111 0.0563
vn 0.8739 0.4760 -0.0985
vn -0.0745 -0.4666 -0.8813
vn -0.0315 -0.6531 -0.7566
vn -0.2691 -0.6667 -0.6951
vn -0.3067 -0.4731 -0.8259
vn 0.3971 -0.3087 -0.8643
vn 0.4593 -0.4987 -0.7351
vn 0.2153 -0.5979 -0.7721
vn 0.1616 -0.4069 -0.8991
vn -0.5363 -0.4428 -0.7185
vn -0.5066 -0.6362 -0.5819
vn -0.6985 -0.5663 -0.4375
vn -0.7253 -0.3679 -0.5819
vn -0.8654 0.3736 0.3339
vn -0.8389 0.1989 0.5067
vn -0.6622 0.3709 0.6511
vn -0.6931 0.5457 0.4710
vn 0.4480 0.7958 0.4075
vn 0.5092 0.6355 0.5804
vn 0.6975 0.5668 0.4384
vn 0.6277 0.7318 0.2655
vn -0.8809 -0.2599 -0.3956
vn -0.8580 -0.4496 -0.2485
vn -0.9503 -0.3070 -0.0510
vn -0.9714 -0.1217 -0.2041
vn -0.4743 0.6769 0.5628
vn -0.4376 0.5096 0.7408
vn -0.2103 0.5994 0.7723
vn -0.2515 0.7613 0.5976
vn -0.2515 0.7614 0.5975
vn -0.2102 0.5995 0.7723
vn -0.3598 0.7221 -0.5908
vn -0.3577 0.6903 -0.6289
vn -0.9996 0.0264 -0.0059
vn -0.9615 0.2077 0.1798
vn -0.3381 0.7543 -0.5628
vn -0.3128 0.7904 -0.5267
vn -0.4743 0.6770 0.5628
vn -0.2627 0.8129 -0.5197
vn -0.2207 0.8316 -0.5097
vn -0.1740 0.8359 -0.5205
vn -0.1272 0.8428 -0.5230
vn -0.0863 0.8331 -0.5463
vn 0.4479 0.7958 0.4075
vn -0.0425 0.8238 -0.5652
vn -0.0207 0.7964 -0.6044
vn 0.8739 0.4760 -0.0986
vn 0.0003 0.7686 -0.6397
vn 0.9049 0.3113 -0.2903
vn -0.0045 0.7366 -0.6764
vn -0.0004 0.7031 -0.7111
vn 0.8655 0.1503 -0.4777
vn -0.0250 0.6691 -0.7428
vn -0.0457 0.6324 -0.7733
vn 0.3970 -0.3087 -0.8643
vn -0.0937 0.6148 -0.7831
vn -0.1380 0.5940 -0.7926
vn -0.1846 0.5923 -0.7843
vn -0.2299 0.5824 -0.7797
vn -0.3068 -0.4731 -0.8259
vn -0.2729 0.5929 -0.7577
vn -0.3179 0.5976 -0.7360
vn -0.7253 -0.3678 -0.5819
vn -0.3403 0.6296 -0.6985
vn -0.3594 0.6566 -0.6630
vn -0.1828 0.7244 -0.6647
vn -0.9959 0.0647 0.0632
vn -0.9747 0.1665 0.1489
vn -0.8386 0.4498 -0.3074
vn -0.9362 0.2402 0.2565
vn -0.8913 0.3029 0.3373
vn -0.8036 0.5746 -0.1552
vn -0.8394 0.3287 0.4328
vn -0.7504 0.4282 0.5035
vn -0.6723 0.7398 0.0251
vn -0.7489 0.6617 -0.0362
vn -0.6435 0.5208 0.5610
vn -0.5090 0.7701 0.3846
vn -0.5936 0.7960 0.1181
vn -0.4605 0.8135 0.3552
vn -0.4219 0.8211 0.3844
vn -0.4578 0.7196 0.5221
vn -0.5345 0.6900 0.4881
vn -0.3920 0.8921 0.2245
vn -0.2712 0.9537 0.1299
vn -0.3182 0.9286 0.1908
vn 0.1339 0.9894 -0.0564
vn -0.0563 0.9982 -0.0198
vn -0.0836 0.9958 0.0364
vn 0.1682 0.9857 -0.0046
vn 0.4754 0.8789 0.0383
vn 0.6449 0.7506 0.1437
vn 0.5352 0.8441 0.0328
vn 0.3784 0.9253 -0.0257
vn 0.7538 0.6311 0.1830
vn 0.7597 0.6408 0.1107
vn 0.6345 0.7702 0.0652
vn 0.9598 0.2039 0.1930
vn 0.8795 0.4759 0.0010
vn 0.8523 0.5106 0.1135
vn 0.9242 0.2773 0.2627
vn 0.9885 0.1067 0.1068
vn 0.9993 0.0354 0.0096
vn 0.9238 0.3710 -0.0950
vn 0.9968 -0.0374 -0.0703
vn 0.9781 -0.1042 -0.1803
vn 0.8619 0.3183 -0.3947
vn 0.9437 -0.1994 -0.2638
vn 0.8924 -0.3075 -0.3304
vn 0.7660 0.1086 -0.6336
vn 0.8262 0.1916 -0.5299
vn 0.7533 -0.4525 -0.4773
vn 0.6227 -0.0135 -0.7824
vn 0.6921 0.0339 -0.7210
vn 0.8194 -0.3817 -0.4278
vn 0.5495 -0.5813 -0.6001
vn 0.4148 -0.1018 -0.9042
vn 0.5333 -0.0614 -0.8437
vn 0.6617 -0.5141 -0.5458
vn 0.3133 -0.6378 -0.7036
vn 0.1748 -0.1734 -0.9692
vn 0.2947 -0.1421 -0.9450
vn 0.4300 -0.6075 -0.6678
vn 0.0392 -0.6568 -0.7530
vn -0.0488 -0.1718 -0.9839
vn 0.0779 -0.1711 -0.9822
vn 0.1797 -0.6376 -0.7491
vn -0.2009 -0.6571 -0.7266
vn -0.2338 -0.1493 -0.9608
vn -0.1166 -0.1836 -0.9761
vn -0.0776 -0.6322 -0.7709
vn -0.4631 -0.6021 -0.6504
vn -0.4687 -0.1104 -0.8765
vn -0.3495 -0.1382 -0.9267
vn -0.3422 -0.6195 -0.7065
vn -0.6759 -0.4856 -0.5544
vn -0.6250 -0.0013 -0.7806
vn -0.5648 -0.0745 -0.8218
vn -0.5759 -0.5201 -0.6307
vn -0.8366 -0.3744 -0.3999
vn -0.7229 0.1056 -0.6829
vn -0.6685 0.0427 -0.7425
vn -0.7622 -0.4052 -0.5049
vn -0.9525 -0.2130 -0.2176
vn -0.8135 0.2523 -0.5240
vn -0.7774 0.1730 -0.6047
vn -0.8972 -0.2931 -0.3303
vn -0.9818 -0.1185 -0.1487
vn -0.9984 -0.0164 -0.0536
vn -0.8398 0.3120 -0.4443
vn -0.6280 0.6907 -0.3585
vn -0.6126 0.6290 -0.4786
vn -0.5725 0.7692 -0.2839
vn -0.4703 0.8513 -0.2326
vn -0.4565 0.8889 0.0372
vn -0.4099 0.9032 -0.1274
vn -0.3780 0.9191 0.1111
vn -0.3032 0.9399 -0.1572
vn -0.1746 0.9722 -0.1562
vn -0.2231 0.9622 -0.1559
vn -0.2011 0.9777 0.0602
vn 0.0631 0.9673 -0.2456
vn -0.0661 0.9799 -0.1885
vn 0.2772 0.9502 -0.1422
vn 0.4037 0.9081 -0.1114
vn 0.2161 0.9338 -0.2851
vn 0.1592 0.9379 -0.3083
vn 0.3384 0.9039 -0.2617
vn 0.5374 0.8413 -0.0583
vn 0.6021 0.7934 -0.0900
vn 0.3939 0.8689 -0.2998
vn 0.4710 0.8237 -0.3157
vn 0.7367 0.6738 -0.0576
vn 0.7682 0.6208 -0.1567
vn 0.4990 0.7749 -0.3880
vn 0.5437 0.7188 -0.4332
vn 0.8014 0.5492 -0.2369
vn 0.8592 0.4212 -0.2904
vn 0.5614 0.6658 -0.4914
vn 0.5538 0.4704 -0.6870
vn 0.5882 0.5587 -0.5846
vn 0.4788 0.4250 -0.7682
vn 0.4315 0.3769 -0.8196
vn 0.3689 0.3480 -0.8619
vn 0.2190 0.2906 -0.9315
vn 0.3021 0.3235 -0.8967
vn 0.1522 0.2537 -0.9552
vn 0.0606 0.2256 -0.9723
vn -0.0263 0.2165 -0.9759
vn -0.0937 0.2253 -0.9698
vn -0.1692 0.2263 -0.9593
vn -0.2459 0.2578 -0.9344
vn -0.2910 0.2620 -0.9201
vn -0.3635 0.3120 -0.8778
vn -0.4322 0.3342 -0.8376
vn -0.4922 0.3546 -0.7950
vn -0.5362 0.3463 -0.7698
vn -0.5589 0.3902 -0.7317
vn -0.6871 0.4846 -0.5413
vn -0.6411 0.4444 -0.6257
vn -0.4439 0.7452 -0.4976
vn -0.4402 0.7287 -0.5246
vn -0.3206 0.8272 -0.4614
vn -0.3867 0.8131 -0.4352
vn -0.4287 0.7711 -0.4708
vn -0.2314 0.8265 -0.5132
vn -0.2995 0.8779 -0.3736
vn -0.3907 0.7134 -0.5818
vn -0.5534 0.5877 -0.5902
vn -0.5937 0.4137 -0.6902
vn -0.4902 0.5158 -0.7026
vn -0.4629 0.5052 -0.7284
vn -0.0331 0.8118 -0.5829
vn -0.1461 0.7794 -0.6092
vn -0.1576 0.7759 -0.6109
vn -0.0016 0.8048 -0.5935
vn -0.0447 0.6885 -0.7239
vn -0.0243 0.7038 -0.7099
vn -0.1608 0.7880 -0.5944
vn -0.1559 0.7815 -0.6041
vn -0.2616 0.9533 -0.1509
vn -0.2027 0.8776 -0.4344
vn -0.1019 0.8927 -0.4389
vn -0.1699 0.8871 -0.4293
vn -0.0223 0.8906 -0.4542
vn 0.0320 0.9044 -0.4255
vn 0.1704 0.8755 -0.4522
vn 0.1085 0.9055 -0.4103
vn 0.1891 0.8368 -0.5139
vn 0.1885 0.7967 -0.5742
vn 0.1727 0.7223 -0.6696
vn 0.2077 0.6565 -0.7251
vn 0.1659 0.5885 -0.7913
vn 0.0866 0.5605 -0.8236
vn 0.0122 0.5447 -0.8385
vn -0.0938 0.5222 -0.8476
vn -0.1813 0.5093 -0.8412
vn -0.2496 0.5174 -0.8185
vn -0.3138 0.5652 -0.7629
vn -0.4012 0.5269 -0.7493
vn -0.0690 0.8051 -0.5891
vn -0.0862 0.8460 -0.5261
vn -0.0682 0.8139 -0.5770
vn 0.0311 0.8154 -0.5780
vn 0.0379 0.8336 -0.5511
vn 0.0592 0.8454 -0.5309
vn 0.0444 0.8544 -0.5176
vn 0.0521 0.8652 -0.4987
vn 0.0286 0.8682 -0.4953
vn 0.0090 0.8764 -0.4814
vn -0.0225 0.8635 -0.5039
vn 0.0013 0.8102 -0.5862
vn 0.0388 0.6921 -0.7208
vn 0.0312 0.6262 -0.7791
vn 0.0156 0.6729 -0.7396
vn -0.0524 0.7134 -0.6988
vn 0.0001 0.6314 -0.7755
vn -0.0483 0.6511 -0.7575
vn -0.0725 0.7384 -0.6705
vn 0.0082 0.7767 -0.6298
vn -0.1042 0.6754 -0.7300
vn -0.0827 0.8156 -0.5727
vn -0.0777 0.7344 -0.6743
vn -0.0539 0.7392 -0.6713
vn -0.1638 0.7263 -0.6676
vn 0.0088 0.7531 -0.6579
vn 0.0405 0.7009 -0.7122
vn 0.0235 0.7314 -0.6815
vn -0.1657 0.7334 -0.6593
vn -0.1599 0.7376 -0.6560
vn -0.2580 0.7382 -0.6233
vn -0.1720 0.7382 -0.6523
vn -0.2781 0.6645 -0.6936
vn -0.0580 0.8546 -0.5161
vn -0.0554 0.8281 -0.5578
vn -0.0728 0.7063 -0.7042
vn -0.1481 0.7786 -0.6099
vn -0.0478 0.8265 -0.5609
vn -0.1443 0.7754 -0.6148
vn -0.1573 0.7940 -0.5873
vn -0.1710 0.7346 -0.6566
vn -0.1420 0.7781 -0.6119
vn -0.0402 0.8213 -0.5691
vn 0.0123 0.7224 -0.6913
vn 0.0234 0.7375 -0.6749
vn -0.2658 0.7608 -0.5920
vn -0.2722 0.7612 -0.5886
vn -0.2624 0.7810 -0.5667
vn -0.2703 0.7712 -0.5764
vn -0.2528 0.7602 -0.5984
vn -0.2508 0.7881 -0.5621
vn -0.2514 0.7767 -0.5776
vn -0.1998 0.8209 -0.5349
vn -0.2572 0.7664 -0.5886
vn -0.2546 0.7742 -0.5795
vn -0.3461 0.7182 -0.6037
vn -0.2589 0.7859 -0.5616
vn -0.2762 0.7368 -0.6171
vn -0.2758 0.7756 -0.5677
vn -0.3278 0.7679 -0.5504
vn -0.3134 0.7634 -0.5649
vn -0.2644 0.7741 -0.5752
vn -0.2736 0.7662 -0.5815
vn -0.2797 0.7654 -0.5796
vn -0.2254 0.7880 -0.5729
vn -0.2920 0.7749 -0.5606
vn -0.3167 0.7716 -0.5517
vn -0.2606 0.7632 -0.5913
vn -0.2577 0.7541 -0.6041
vn -0.2261 0.7590 -0.6106
vn -0.2679 0.7522 -0.6021
vn -0.2521 0.7795 -0.5734
vn -0.3011 0.7693 -0.5636
vn -0.2602 0.9560 0.1354
vn -0.4873 0.8384 0.2442
vn -0.3290 0.9340 0.1392
vn -0.1313 0.9907 0.0366
vn 0.5460 0.8366 0.0436
vn 0.7191 0.6782 0.1512
vn 0.8052 0.5493 0.2233
vn -0.9202 -0.2228 0.3220
vn -0.8962 -0.1309 0.4238
vn -0.9747 0.1663 0.1491
vn -0.9959 0.0646 0.0634
vn -0.8476 -0.0487 0.5284
vn -0.7944 0.0051 0.6073
vn -0.8913 0.3028 0.3375
vn -0.9362 0.2400 0.2566
vn -0.7268 0.0302 0.6861
vn -0.6600 0.1006 0.7445
vn -0.7504 0.4281 0.5037
vn -0.8394 0.3285 0.4329
vn -0.5992 0.1998 0.7752
vn -0.5713 0.3050 0.7620
vn -0.5426 0.5662 0.6205
vn -0.6435 0.5206 0.5611
vn 0.9885 0.1065 0.1069
vn 0.9598 0.2037 0.1931
vn 0.9535 -0.1489 0.2621
vn 0.9479 -0.2690 0.1706
vn 0.9993 0.0352 0.0098
vn 0.8904 -0.4551 -0.0082
vn 0.9437 -0.1996 -0.2637
vn 0.9781 -0.1043 -0.1801
vn 0.9330 -0.3500 0.0840
vn 0.7906 -0.5944 -0.1471
vn 0.8924 -0.3077 -0.3302
vn 0.6416 -0.7188 -0.2677
vn 0.7533 -0.4527 -0.4772
vn 0.4483 -0.8084 -0.3815
vn 0.5495 -0.5815 -0.5999
vn 0.2165 -0.8691 -0.4447
vn 0.3134 -0.6380 -0.7034
vn -0.0258 -0.8851 -0.4647
vn 0.0392 -0.6570 -0.7529
vn -0.2008 -0.6572 -0.7265
vn -0.0776 -0.6323 -0.7708
vn -0.4983 -0.7984 -0.3382
vn -0.4631 -0.6022 -0.6502
vn -0.2708 -0.8660 -0.4204
vn -0.6759 -0.4857 -0.5543
vn -0.5759 -0.5203 -0.6306
vn -0.6906 -0.6872 -0.2255
vn -0.8366 -0.3745 -0.3998
vn -0.7622 -0.4054 -0.5047
vn -0.8309 -0.5533 -0.0581
vn -0.9525 -0.2132 -0.2175
vn -0.8972 -0.2933 -0.3302
vn -0.9012 -0.4175 0.1161
vn -0.9244 -0.3104 0.2217
vn -0.9984 -0.0165 -0.0534
vn -0.9818 -0.1187 -0.1485
vn -0.6946 -0.2114 0.6876
vn -0.7449 -0.3163 0.5875
vn -0.6621 -0.3840 0.6436
vn -0.6019 -0.2910 0.7436
vn -0.6022 -0.1022 0.7917
vn -0.6352 -0.1427 0.7591
vn -0.5441 -0.2316 0.8064
vn -0.5277 -0.2154 0.8217
vn -0.5084 -0.3302 0.7953
vn -0.5881 -0.2236 0.7773
vn 0.9528 -0.0996 0.2869
vn 0.9563 -0.1937 0.2191
vn 0.8971 -0.3302 0.2936
vn 0.9151 -0.2688 0.3006
vn 0.8543 -0.4367 0.2819
vn 0.8843 -0.3837 0.2661
vn 0.8213 -0.4866 0.2977
vn 0.8090 -0.5395 0.2334
vn 0.8208 -0.5315 0.2093
vn 0.7601 -0.6397 0.1144
vn 0.6284 -0.7771 0.0343
vn 0.7262 -0.6875 0.0073
vn 0.8133 -0.5704 0.1145
vn 0.5843 -0.8077 -0.0790
vn 0.4290 -0.9030 0.0249
vn 0.4229 -0.8940 -0.1478
vn 0.3567 -0.9341 -0.0114
vn 0.2362 -0.9505 -0.2018
vn 0.2606 -0.9631 -0.0671
vn 0.1472 -0.9788 -0.1423
vn -0.0000 -0.9724 -0.2332
vn 0.0222 -0.9957 -0.0901
vn -0.2194 -0.9616 -0.1647
vn -0.1114 -0.9888 -0.0990
vn -0.3761 -0.9245 -0.0617
vn -0.3115 -0.9497 0.0323
vn -0.5394 -0.8414 0.0337
vn -0.3964 -0.9133 0.0938
vn -0.6787 -0.7155 0.1658
vn -0.5509 -0.8089 0.2056
vn -0.7722 -0.5630 0.2944
vn -0.6915 -0.6398 0.3353
vn -0.7660 -0.4047 0.4995
vn -0.7796 -0.4786 0.4038
vn -0.7101 -0.5196 0.4751
vn -0.6990 -0.4458 0.5592
vn 0.0020 -0.8209 0.5711
vn 0.0943 -0.7869 0.6099
vn -0.0874 -0.8259 0.5570
vn 0.5759 -0.8146 -0.0691
vn 0.3699 -0.9276 -0.0523
vn 0.4298 -0.9029 -0.0003
vn 0.1890 -0.8060 0.5610
vn 0.3188 -0.7740 0.5471
vn -0.1931 -0.9806 0.0342
vn -0.4261 -0.9018 0.0718
vn -0.2764 -0.9575 0.0821
vn -0.3598 -0.9329 -0.0127
vn -0.2545 -0.9586 0.1278
vn -0.2415 -0.9550 0.1724
vn -0.3039 -0.9424 0.1395
vn 0.3254 -0.9444 0.0468
vn 0.3485 -0.9349 0.0674
vn -0.2787 -0.8803 0.3838
vn -0.1767 -0.8389 0.5147
vn -0.2297 -0.9641 0.1335
vn -0.3186 -0.9379 0.1373
vn 0.3207 -0.9470 0.0153
vn -0.3233 -0.9234 0.2070
vn -0.2582 -0.9430 -0.2099
vn -0.1608 -0.8910 -0.4246
vn -0.5750 -0.6598 -0.4837
vn -0.6428 -0.7396 -0.1996
vn 0.4751 -0.8671 -0.1499
vn 0.4984 -0.8487 -0.1770
vn -0.4340 -0.8986 -0.0643
vn -0.5558 -0.8290 0.0624
vn -0.1458 -0.7564 -0.6376
vn 0.4416 -0.8694 -0.2215
vn -0.4632 -0.8777 -0.1228
vn -0.5945 -0.7856 0.1717
vn -0.5083 -0.8200 0.2630
vn -0.3764 -0.9030 -0.2070
vn -0.2205 -0.9272 -0.3029
vn -0.2716 -0.8911 0.3635
vn -0.0242 -0.9398 -0.3409
vn 0.1484 -0.9362 -0.3185
vn 0.3031 -0.8837 0.3567
vn 0.0187 -0.9149 0.4033
vn 0.3241 -0.9037 -0.2799
vn 0.5393 -0.8088 0.2346
vn -0.1385 -0.6327 -0.7619
vn -0.7551 0.3586 0.5489
vn -0.7979 0.1367 0.5871
vn -0.8804 0.2918 0.3737
vn -0.7396 0.4781 0.4737
vn -0.7933 0.5930 0.1381
vn -0.6406 0.7638 0.0794
vn -0.5790 0.7944 0.1836
vn -0.6999 0.6398 0.3176
vn -0.3985 0.9123 0.0944
vn -0.4401 0.8975 0.0296
vn -0.1725 0.9850 0.0094
vn -0.1673 0.9856 0.0232
vn 0.1907 0.9816 -0.0061
vn 0.1894 0.9819 -0.0025
vn 0.6194 0.7850 0.0074
vn 0.6036 0.7970 0.0197
vn 0.8063 0.5893 0.0505
vn 0.7758 0.6246 0.0892
vn 0.5834 0.8118 0.0263
vn 0.8547 0.4967 0.1512
vn 0.8893 0.4516 0.0723
vn 0.9709 0.2213 0.0910
vn 0.9421 0.2825 0.1808
vn -0.8155 0.5781 0.0280
vn -0.6622 0.7487 0.0303
vn 0.8959 0.4430 0.0346
vn 0.9787 0.2007 0.0425
vn 0.9566 0.1406 0.2554
vn 0.9776 0.0699 0.1986
vn 0.7868 -0.5854 0.1954
vn 0.6568 -0.7521 -0.0539
vn -0.1077 -0.3720 0.9220
vn -0.1210 -0.4116 0.9033
vn 0.0900 -0.3737 0.9232
vn 0.5282 -0.4488 0.7208
vn 0.6675 -0.4992 0.5525
vn 0.3620 -0.4291 0.8275
vn -0.2972 -0.4300 0.8525
vn -0.4036 -0.3786 0.8329
vn -0.4907 -0.4530 0.7443
vn -0.3942 -0.4314 0.8115
vn 0.8476 -0.4386 0.2987
vn 0.7646 -0.5223 0.3777
vn -0.1937 -0.6935 0.6940
vn -0.3681 -0.5629 0.7400
vn -0.2572 -0.4188 0.8709
vn -0.0809 -0.4438 0.8925
vn 0.3137 -0.5614 0.7658
vn 0.2921 -0.7757 0.5594
vn 0.0001 -0.7716 0.6361
vn 0.0567 -0.5161 0.8547
vn -0.4501 -0.3180 0.8345
vn -0.3658 -0.4144 0.8334
vn -0.4462 -0.4642 0.7651
vn 0.7279 -0.6612 0.1817
vn 0.7209 -0.6039 0.3398
vn -0.0515 -0.9617 0.2691
vn -0.3569 -0.8696 0.3414
vn 0.5524 -0.7121 0.4333
vn 0.3397 -0.9174 0.2072
vn -0.5344 -0.6067 0.5885
vn -0.5076 -0.4583 0.7296
vn -0.1109 -0.9922 -0.0561
vn -0.4473 -0.8928 0.0529
vn -0.1631 -0.9811 -0.1043
vn -0.5761 -0.8174 -0.0066
vn -0.7495 -0.6620 0.0043
vn -0.8124 -0.5811 -0.0490
vn -0.9961 -0.0166 -0.0869
vn -0.9991 -0.0250 -0.0339
vn -0.9745 0.2226 -0.0275
vn -0.9797 0.1969 -0.0390
vn -0.7297 0.2839 0.6220
vn -0.6706 0.0337 0.7410
vn -0.5068 -0.2592 0.8222
vn -0.4331 -0.3401 0.8347
vn 0.9979 -0.0429 0.0491
vn 0.9448 -0.3247 0.0449
vn 0.9371 -0.3152 0.1500
vn 0.9933 -0.0125 0.1146
vn 0.7344 -0.6785 -0.0195
vn 0.3176 -0.9452 -0.0757
vn 0.4272 -0.9015 0.0697
vn 0.3843 -0.9229 -0.0230
vn 0.7900 -0.6129 0.0131
vn 0.8034 -0.5928 0.0553
vn 0.9540 -0.2973 0.0387
vn 0.9490 -0.3100 0.0571
vn -0.1311 -0.9901 0.0509
vn -0.1920 -0.9808 -0.0329
vn -0.6119 -0.7903 0.0306
vn -0.6399 -0.7683 -0.0142
vn -0.8553 -0.5180 0.0099
vn -0.8691 -0.4944 -0.0130
vn -0.9576 -0.2869 -0.0277
vn -0.9566 -0.2913 -0.0015
vn -0.9998 -0.0187 -0.0069
vn -0.9678 0.2515 -0.0095
vn -0.9991 -0.0252 -0.0339
vn -0.9998 -0.0189 -0.0069
vn -0.8776 0.4793 -0.0060
vn -0.8960 0.4423 -0.0392
vn -0.4356 0.8999 0.0191
vn -0.4703 0.8825 0.0046
vn 0.9113 0.4063 0.0674
vn 0.9000 0.4340 0.0399
vn 0.6605 0.7504 0.0267
vn 0.7181 0.6940 0.0510
vn 0.9975 -0.0586 0.0386
vn 0.9806 0.1922 0.0395
vn 0.9777 0.1857 0.0977
vn 0.9960 -0.0672 0.0595
vn 0.9975 -0.0588 0.0386
vn 0.9959 -0.0675 0.0595
vn -0.6900 0.7238 0.0041
vn -0.8703 0.4871 0.0723
vn -0.6675 0.7367 0.1077
vn -0.3974 0.9104 0.1153
vn -0.4176 0.9086 0.0112
vn 0.3437 0.9388 0.0227
vn 0.3545 0.9288 0.1079
vn 0.7319 0.6678 0.1358
vn 0.9222 0.3547 0.1540
vn 0.9894 -0.0133 0.1447
vn 0.9894 -0.0135 0.1447
vn 0.9451 -0.3062 0.1140
vn 0.7913 -0.6003 0.1163
vn 0.4277 -0.8877 0.1707
vn -0.1021 -0.9824 0.1562
vn -0.5913 -0.7887 0.1685
vn -0.8443 -0.5267 0.0987
vn -0.9514 -0.2985 0.0753
vn -0.9974 -0.0265 0.0663
vn -0.9661 0.2505 0.0626
vn -0.9974 -0.0267 0.0663
vn -0.8600 0.4882 0.1487
vn -0.6361 0.7260 0.2614
vn -0.3655 0.8883 0.2780
vn -0.0432 0.9553 0.2925
vn -0.0517 0.9913 0.1207
vn 0.3497 0.8899 0.2927
vn 0.7227 0.6334 0.2766
vn 0.9267 0.3253 0.1880
vn 0.9212 0.3103 0.2347
vn 0.9587 -0.0029 0.2844
vn 0.9777 0.0076 0.2099
vn 0.9348 -0.3016 0.1876
vn 0.9777 0.0075 0.2099
vn 0.9587 -0.0031 0.2844
vn 0.9170 -0.2955 0.2680
vn 0.7508 -0.5920 0.2931
vn 0.4195 -0.8542 0.3072
vn 0.7729 -0.6013 0.2026
vn -0.1125 -0.9443 0.3092
vn -0.5726 -0.7543 0.3212
vn -0.8243 -0.5372 0.1789
vn -0.7925 -0.5565 0.2496
vn -0.9261 -0.3051 0.2220
vn -0.9403 -0.3076 0.1454
vn -0.9884 -0.0355 0.1474
vn -0.9700 -0.0376 0.2400
vn -0.9453 0.2428 0.2179
vn -0.9596 0.2485 0.1319
vn -0.9700 -0.0378 0.2400
vn -0.9884 -0.0357 0.1474
vn -0.8407 0.4874 0.2359
vn -0.8026 0.4772 0.3579
vn -0.7411 0.4533 0.4953
vn -0.5698 0.6799 0.4615
vn 0.3434 0.6537 0.6743
vn 0.5966 0.5018 0.6263
vn 0.6776 0.5838 0.4473
vn 0.3537 0.7968 0.4899
vn 0.8453 0.2706 0.4607
vn 0.7621 0.2435 0.5999
vn 0.8075 -0.0109 0.5898
vn 0.8922 -0.0127 0.4514
vn 0.8075 -0.0111 0.5898
vn 0.7480 -0.2799 0.6018
vn 0.8384 -0.2935 0.4593
vn 0.8922 -0.0128 0.4514
vn 0.2968 -0.6793 0.6711
vn 0.3777 -0.7890 0.4845
vn 0.6686 -0.5491 0.5015
vn 0.5793 -0.5053 0.6397
vn -0.0959 -0.7314 0.6751
vn -0.4349 -0.6495 0.6237
vn -0.5263 -0.7296 0.4366
vn -0.1266 -0.8586 0.4967
vn -0.6309 -0.4391 0.6397
vn -0.7214 -0.5197 0.4578
vn -0.8538 -0.2757 0.4415
vn -0.9025 -0.2917 0.3170
vn -0.7565 -0.5615 0.3354
vn -0.9426 -0.0376 0.3319
vn -0.8944 -0.0381 0.4456
vn -0.8624 0.2184 0.4566
vn -0.9167 0.2325 0.3250
vn -0.8944 -0.0383 0.4456
vn -0.9425 -0.0377 0.3319
vn -0.4946 0.3180 0.8089
vn -0.3514 0.4482 0.8220
vn -0.4685 0.5832 0.6636
vn -0.6384 0.4020 0.6564
vn -0.0995 0.5326 0.8405
vn -0.2608 0.6986 0.6663
vn 0.0256 0.7344 0.6782
vn 0.2380 0.4977 0.8341
vn 0.4617 0.4000 0.7917
vn 0.5985 0.2075 0.7738
vn 0.6425 -0.0070 0.7663
vn 0.6425 -0.0072 0.7663
vn 0.5889 -0.2299 0.7748
vn 0.4378 -0.4036 0.8034
vn 0.2149 -0.5035 0.8368
vn -0.0677 -0.5293 0.8457
vn -0.3325 -0.4636 0.8213
vn -0.5127 -0.2783 0.8122
vn -0.7393 -0.2449 0.6272
vn -0.5737 -0.0469 0.8177
vn -0.5742 0.1427 0.8062
vn -0.7485 0.1902 0.6353
vn -0.7788 -0.0394 0.6261
vn -0.7788 -0.0396 0.6261
vn -0.5737 -0.0470 0.8177
vn -0.2302 0.3089 0.9228
vn -0.0429 0.3843 0.9222
vn 0.1877 0.3405 0.9213
vn 0.3172 0.1766 0.9318
vn 0.3503 0.0011 0.9366
vn 0.3504 0.0011 0.9366
vn 0.3110 -0.1889 0.9314
vn 0.1585 -0.3342 0.9291
vn -0.0339 -0.3650 0.9304
vn -0.2225 -0.3291 0.9177
vn -0.2932 -0.1585 0.9428
vn -0.3048 -0.0136 0.9523
vn -0.2878 0.1453 0.9466
vn 0.0139 0.0053 0.9999
vn 0.0042 0.1877 0.9822
vn 0.0037 -0.1462 0.9892
vn 0.0139 0.0052 0.9999
vn 0.7653 -0.6436 -0.0130
vn 0.3484 -0.9326 -0.0945
vn 0.9518 -0.3047 0.0347
vn 0.9978 -0.0548 0.0362
vn -0.8771 0.4802 0.0049
vn -0.9030 0.4292 -0.0193
vn -0.9961 -0.0168 -0.0868
vn -0.9585 -0.2665 -0.1013
vn -0.9018 -0.4208 -0.0985
vn -0.9512 0.3083 -0.0089
vn -0.9414 0.3024 0.1492
vn -0.9303 0.3645 0.0407
vn 0.7711 -0.5286 0.3549
vn 0.6486 -0.7555 0.0921
vn 0.6357 -0.5531 0.5385
vn 0.2891 -0.4064 0.8668
vn -0.3700 -0.4564 0.8092
vn -0.5349 -0.4802 0.6952
vn 0.0675 -0.3723 0.9256
vn -0.6316 -0.6550 0.4149
vn -0.5386 -0.8230 0.1804
vn -0.4393 -0.8839 0.1603
vn -0.6510 -0.6999 0.2938
vn -0.6943 -0.5539 0.4595
vn -0.8598 -0.2980 0.4147
vn -0.8321 -0.2008 0.5170
vn -0.7883 -0.1021 0.6068
vn -0.7294 -0.0423 0.6828
vn -0.6097 0.1189 0.7836
vn -0.6408 0.0452 0.7664
vn -0.5805 -0.0550 0.8124
vn -0.6002 0.0240 0.7995
vn 0.9260 -0.2362 0.2945
vn 0.9139 -0.3307 0.2356
vn 0.8882 -0.4296 0.1627
vn 0.8469 -0.5274 0.0682
vn 0.7691 -0.6352 -0.0713
vn 0.6312 -0.7473 -0.2077
vn 0.4477 -0.8430 -0.2981
vn 0.2285 -0.9091 -0.3484
vn -0.0126 -0.9347 -0.3552
vn -0.2385 -0.9228 -0.3025
vn -0.4408 -0.8739 -0.2050
vn -0.6301 -0.7682 -0.1133
vn -0.7831 -0.6200 0.0493
vn -0.8461 -0.4920 0.2050
vn -0.8671 -0.3894 0.3106
vn 0.9354 -0.1348 0.3268
vn 0.8726 0.4066 0.2707
vn -0.5579 0.5319 0.6371
vn -0.6737 0.4145 0.6119
vn -0.6493 0.5999 0.4674
vn -0.6323 0.2388 0.7370
vn -0.7180 0.2016 0.6662
vn -0.6516 0.3521 0.6719
vn -0.6062 -0.7307 0.3138
vn -0.6809 -0.7070 0.1914
vn -0.7529 -0.6580 0.0123
vn 0.8240 0.5662 0.0205
vn 0.8135 0.5810 0.0246
vn 0.6322 0.7748 0.0055
vn -0.0828 -0.5387 0.8384
vn 0.1177 -0.5213 0.8452
vn -0.2617 -0.5588 0.7869
vn -0.6565 -0.7528 0.0492
vn -0.2966 -0.9549 0.0114
vn 0.3152 -0.5221 0.7925
vn 0.4842 -0.5411 0.6876
vn 0.4973 -0.8486 0.1807
vn 0.7255 -0.6678 0.1664
vn 0.7184 -0.6957 -0.0015
vn 0.4550 -0.8893 0.0451
vn 0.6172 -0.5744 0.5376
vn 0.6963 -0.6233 0.3559
vn 0.4534 -0.8258 0.3354
vn 0.3675 -0.8098 0.4574
vn -0.5646 -0.6702 0.4817
vn -0.4271 -0.5961 0.6799
vn -0.6348 -0.7289 0.2564
vn 0.6733 -0.7087 -0.2107
vn 0.5518 -0.6645 -0.5040
vn 0.2174 -0.8909 -0.3988
vn 0.3875 -0.9086 -0.1559
vn -0.4620 -0.5138 -0.7229
vn 0.3728 -0.5257 -0.7646
vn 0.0527 -0.7865 -0.6154
vn 0.2366 -0.3721 -0.8975
vn 0.0958 -0.2386 -0.9664
vn -0.0095 -0.5384 -0.8426
vn 0.0163 -0.6501 -0.7597
vn -0.0869 -0.1989 -0.9762
vn -0.2380 -0.2610 -0.9355
vn -0.1173 -0.5352 -0.8366
vn -0.0709 -0.4909 -0.8683
vn -0.3564 -0.3704 -0.8578
vn -0.2323 -0.2549 0.9387
vn -0.2275 -0.2933 0.9285
vn -0.1577 -0.2537 0.9544
vn -0.3024 -0.2656 0.9154
vn -0.6395 0.2393 -0.7306
vn -0.7483 0.4021 -0.5277
vn -0.9097 0.0448 -0.4128
vn -0.8228 -0.0606 -0.5651
vn -0.5688 0.0970 -0.8168
vn -0.5398 0.1577 -0.8269
vn -0.7795 0.0777 -0.6215
vn -0.8179 0.1424 -0.5574
vn -0.2446 -0.2790 0.9286
vn -0.3448 -0.4268 0.8360
vn -0.4787 -0.2761 0.8335
vn -0.3060 -0.2502 0.9186
vn -0.2415 -0.2820 0.9285
vn -0.2098 -0.2789 0.9371
vn -0.5399 0.1577 -0.8268
vn -0.5902 0.1122 -0.7994
vn -0.7592 -0.0057 -0.6508
vn -0.7796 0.0775 -0.6214
vn -0.5820 0.1222 -0.8040
vn -0.7668 -0.0553 -0.6395
vn -0.6679 -0.2619 -0.6966
vn -0.6278 -0.0647 -0.7757
vn -0.8375 0.0525 -0.5438
vn -0.8705 -0.0565 -0.4889
vn -0.7159 -0.4970 -0.4904
vn -0.9201 -0.1927 -0.3410
vn -0.5608 -0.6071 0.5630
vn -0.7013 -0.6758 0.2269
vn -0.8185 -0.5009 0.2814
vn -0.6854 -0.4205 0.5945
vn -0.7560 -0.6377 -0.1478
vn -0.9002 -0.4311 -0.0611
vn -0.2565 -0.2686 0.9285
vn -0.2388 -0.2635 0.9346
vn -0.3037 -0.1296 0.9439
vn -0.4527 -0.2652 0.8513
vn -0.5324 0.1675 0.8298
vn -0.6577 -0.0135 0.7531
vn -0.7983 0.4181 0.4334
vn -0.8952 0.1938 0.4013
vn -0.8556 0.5033 -0.1213
vn -0.9581 0.2639 -0.1115
vn -0.3447 -0.4269 0.8360
vn -0.4787 -0.2761 0.8334
vn 0.0171 -0.9955 -0.0934
vn -0.9640 -0.1727 0.2024
vn -0.5689 0.0971 -0.8166
vn -0.6279 -0.0647 -0.7756
vn -0.6680 -0.2619 -0.6966
vn -0.7014 -0.6757 0.2269
vn -0.5608 -0.6070 0.5631
vn -0.7560 -0.6377 -0.1477
vn -0.0717 0.7368 -0.6723
vn -0.0271 0.6743 -0.7380
vn -0.1018 0.6619 -0.7427
vn -0.0752 0.7347 -0.6742
vn 0.4643 0.2527 -0.8489
vn 0.2815 0.1331 -0.9503
vn 0.6268 0.3409 -0.7007
vn 0.6457 0.5220 -0.5573
vn 0.6216 0.6794 -0.3900
vn 0.4856 0.8231 -0.2944
vn 0.3840 0.9152 -0.1224
vn -0.0406 0.7658 -0.6417
vn 0.1574 0.9819 -0.1055
vn -0.0143 0.9995 -0.0283
vn -0.1886 0.9795 -0.0716
vn -0.3445 0.9241 -0.1657
vn -0.4618 0.8394 -0.2867
vn -0.5564 0.7348 -0.3879
vn -0.6366 0.6166 -0.4631
vn -0.5974 0.5174 -0.6127
vn -0.0123 0.7471 -0.6646
vn -0.5487 0.4047 -0.7315
vn -0.4900 0.2587 -0.8324
vn -0.3250 0.1954 -0.9253
vn -0.1586 0.0555 -0.9858
vn 0.0648 0.1374 -0.9884
vn -0.5338 -0.1410 0.8337
vn 0.8451 0.4981 0.1945
vn 0.9968 -0.0376 -0.0701
vn 0.9455 0.0137 0.3254
vn 0.9242 0.2772 0.2628
vn 0.8194 -0.3818 -0.4276
vn 0.6617 -0.5142 -0.5456
vn 0.4300 -0.6077 -0.6677
vn 0.1797 -0.6377 -0.7490
vn -0.3422 -0.6197 -0.7063
vn -0.1706 0.7021 -0.6913
vn -0.1700 0.7179 -0.6751
vn 0.1801 0.9836 -0.0066
vn 0.2010 0.9796 -0.0054
vn -0.1694 0.9855 0.0031
vn -0.1714 0.9851 -0.0102
vn 0.2252 0.9743 0.0011
vn -0.0182 0.8184 -0.5744
vn -0.1521 0.7796 -0.6075
vn -0.0768 0.8176 -0.5707
vn -0.0800 0.8144 -0.5748
vn 0.3645 0.3892 -0.8460
vn 0.4295 0.5155 -0.7415
vn -0.1771 0.7300 -0.6601
vn -0.1770 0.7225 -0.6684
vn 0.4852 0.6165 -0.6201
vn -0.1612 0.7334 -0.6604
vn 0.4593 0.7379 -0.4944
vn 0.4242 0.8278 -0.3671
vn -0.1644 0.7430 -0.6487
vn 0.2853 0.9157 -0.2829
vn -0.1942 0.7268 -0.6588
vn 0.1904 0.9647 -0.1818
vn -0.1828 0.7272 -0.6617
vn 0.0291 0.9878 -0.1527
vn -0.1924 0.7158 -0.6713
vn -0.1090 0.9874 -0.1151
vn -0.1847 0.7157 -0.6735
vn -0.2678 0.9538 -0.1362
vn -0.1875 0.7086 -0.6803
vn -0.4075 0.9007 -0.1508
vn -0.1783 0.7114 -0.6798
vn -0.5176 0.8320 -0.1995
vn -0.5998 0.7555 -0.2636
vn -0.6535 0.6679 -0.3560
vn -0.6878 0.5711 -0.4481
vn -0.6706 0.4863 -0.5602
vn -0.6503 0.3842 -0.6554
vn -0.5662 0.3174 -0.7607
vn -0.1782 0.7324 -0.6571
vn -0.4772 0.2403 -0.8453
vn -0.1895 0.7261 -0.6610
vn -0.3464 0.2172 -0.9126
vn -0.1903 0.7271 -0.6596
vn -0.2114 0.1819 -0.9603
vn -0.1973 0.7201 -0.6652
vn -0.0575 0.2177 -0.9743
vn -0.1968 0.7260 -0.6589
vn 0.0976 0.2359 -0.9669
vn -0.1955 0.7223 -0.6633
vn 0.2332 0.3213 -0.9178
vn -0.1925 0.7279 -0.6580
vn 0.4389 0.4129 -0.7980
vn 0.5053 0.5227 -0.6866
vn -0.1203 0.7777 -0.6170
vn -0.1182 0.7640 -0.6343
vn 0.5600 0.6097 -0.5610
vn -0.1016 0.7808 -0.6164
vn 0.5267 0.7293 -0.4368
vn -0.1181 0.7891 -0.6028
vn 0.4943 0.8125 -0.3092
vn -0.1060 0.7990 -0.5919
vn 0.3951 0.8950 -0.2071
vn -0.1210 0.8025 -0.5842
vn 0.2934 0.9505 -0.1026
vn -0.1144 0.8127 -0.5714
vn 0.1475 0.9878 -0.0496
vn -0.1349 0.8098 -0.5709
vn 0.0142 0.9998 0.0130
vn -0.1415 0.8145 -0.5627
vn -0.1604 0.9868 -0.0204
vn -0.1593 0.7891 -0.5932
vn -0.2934 0.9560 -0.0054
vn -0.4147 0.9090 -0.0411
vn -0.5237 0.8430 -0.1228
vn -0.5971 0.7723 -0.2171
vn -0.6669 0.6844 -0.2946
vn -0.6851 0.6046 -0.4064
vn -0.6939 0.5101 -0.5082
vn -0.6470 0.4425 -0.6209
vn -0.5972 0.3551 -0.7192
vn -0.4983 0.3082 -0.8104
vn -0.1518 0.7787 -0.6088
vn -0.3956 0.2432 -0.8856
vn -0.1614 0.7805 -0.6040
vn -0.2572 0.2370 -0.9368
vn -0.1520 0.7856 -0.5997
vn -0.1172 0.2121 -0.9702
vn -0.1629 0.7720 -0.6144
vn 0.0329 0.2520 -0.9672
vn -0.1626 0.7777 -0.6073
vn 0.1847 0.2742 -0.9438
vn -0.1441 0.7661 -0.6263
vn 0.3125 0.3558 -0.8808
vn -0.1364 0.7686 -0.6250
vn 0.5944 0.6284 -0.5019
vn 0.5363 0.7552 -0.3770
vn 0.5047 0.8313 -0.2326
vn 0.3797 0.9157 -0.1319
vn 0.2717 0.9623 -0.0137
vn 0.0786 0.9965 0.0289
vn -0.1042 0.9941 0.0312
vn -0.2451 0.9694 0.0152
vn -0.3696 0.9292 0.0047
vn -0.0761 0.8221 -0.5642
vn -0.4466 0.8853 -0.1294
vn -0.0468 0.8059 -0.5902
vn -0.5053 0.8281 -0.2427
vn -0.5420 0.7586 -0.3615
vn -0.5646 0.6791 -0.4690
vn -0.5260 0.6283 -0.5731
vn -0.5013 0.5593 -0.6602
vn -0.4017 0.5261 -0.7496
vn -0.3077 0.4683 -0.8283
vn -0.1822 0.4297 -0.8844
vn -0.0634 0.3601 -0.9308
vn 0.0799 0.3540 -0.9318
vn 0.2268 0.3439 -0.9112
vn 0.3574 0.3966 -0.8456
vn 0.4832 0.4490 -0.7516
vn 0.5670 0.5247 -0.6349
vn -0.0203 0.8070 -0.5902
vn -0.1564 0.8315 -0.5330
vn 0.9284 0.1825 0.3237
vn -0.5959 -0.0842 0.7986
vn -0.6679 0.0693 0.7410
vn -0.6085 0.1525 0.7787
vn -0.5916 0.2118 0.7779
vn 0.9245 0.2476 0.2897
vn 0.2766 0.1358 -0.9513
vn 0.4514 0.2437 -0.8584
vn 0.5524 0.4021 -0.7302
vn 0.6114 0.5373 -0.5809
vn 0.5930 0.6860 -0.4217
vn 0.5263 0.8088 -0.2624
vn 0.3894 0.9123 -0.1269
vn 0.1935 0.9803 -0.0390
vn -0.0081 1.0000 0.0023
vn -0.2162 0.9762 -0.0192
vn -0.4019 0.9144 -0.0488
vn -0.5574 0.8146 -0.1603
vn -0.6634 0.6963 -0.2739
vn -0.7120 0.5707 -0.4090
vn -0.6921 0.4430 -0.5698
vn -0.6347 0.3051 -0.7100
vn -0.5119 0.2012 -0.8352
vn -0.3526 0.1098 -0.9293
vn -0.1473 0.1030 -0.9837
vn 0.0629 0.0979 -0.9932
vn 0.3901 0.3739 -0.8414
vn 0.4776 0.4838 -0.7334
vn 0.5050 0.6086 -0.6120
vn 0.4999 0.7213 -0.4794
vn 0.4344 0.8259 -0.3594
vn 0.3516 0.9065 -0.2336
vn 0.2145 0.9643 -0.1549
vn 0.0703 0.9942 -0.0818
vn -0.0926 0.9943 -0.0528
vn -0.2614 0.9644 -0.0399
vn -0.4180 0.9054 -0.0749
vn -0.5447 0.8284 -0.1304
vn -0.6400 0.7408 -0.2038
vn -0.7172 0.6350 -0.2871
vn -0.7347 0.5368 -0.4149
vn -0.7390 0.4234 -0.5240
vn -0.6950 0.3249 -0.6415
vn -0.6086 0.2376 -0.7570
vn -0.4946 0.1759 -0.8511
vn -0.3517 0.1353 -0.9263
vn -0.1966 0.1260 -0.9723
vn -0.0296 0.1509 -0.9881
vn 0.1276 0.1986 -0.9717
vn 0.2778 0.2682 -0.9224
vn 0.4190 0.4304 -0.7995
vn 0.5083 0.5127 -0.6919
vn 0.5286 0.6268 -0.5724
vn 0.5293 0.7239 -0.4426
vn 0.4646 0.8220 -0.3294
vn 0.4160 0.8875 -0.1982
vn 0.2694 0.9532 -0.1374
vn 0.1578 0.9862 -0.0509
vn 0.0177 0.9998 0.0075
vn -0.1461 0.9888 0.0318
vn -0.2930 0.9561 -0.0088
vn -0.4261 0.9046 0.0072
vn -0.5383 0.8367 -0.1009
vn -0.6427 0.7506 -0.1535
vn -0.6941 0.6660 -0.2731
vn -0.7456 0.5566 -0.3664
vn -0.7157 0.4820 -0.5054
vn -0.6931 0.3801 -0.6125
vn -0.6077 0.3228 -0.7256
vn -0.5193 0.2471 -0.8181
vn -0.3921 0.2224 -0.8926
vn -0.2593 0.1857 -0.9478
vn -0.1100 0.2035 -0.9729
vn 0.0443 0.2105 -0.9766
vn 0.1858 0.2769 -0.9428
vn 0.3244 0.3297 -0.8866
vn 0.5824 0.6265 -0.5180
vn 0.5929 0.7150 -0.3704
vn 0.5158 0.8216 -0.2428
vn 0.4174 0.8995 -0.1290
vn 0.3083 0.9512 0.0096
vn 0.1045 0.9903 0.0914
vn -0.0990 0.9939 0.0479
vn -0.2533 0.9655 0.0604
vn -0.3866 0.9222 -0.0111
vn -0.5045 0.8592 -0.0854
vn -0.5813 0.7836 -0.2192
vn -0.6568 0.6808 -0.3241
vn -0.6244 0.6193 -0.4761
vn -0.6227 0.5323 -0.5735
vn -0.5570 0.4837 -0.6751
vn -0.4864 0.3927 -0.7805
vn -0.3682 0.3499 -0.8614
vn -0.2345 0.2867 -0.9289
vn -0.0847 0.2535 -0.9636
vn 0.0809 0.2495 -0.9650
vn 0.2322 0.3047 -0.9237
vn 0.3833 0.3318 -0.8620
vn 0.4752 0.4406 -0.7616
vn 0.5674 0.5086 -0.6476
vn -0.0853 0.7322 -0.6757
vn -0.1899 0.7271 -0.6598
vn -0.1554 0.7781 -0.6086
vn -0.0642 0.8049 -0.5899
vn -0.2565 0.6470 -0.7180
vn -0.1408 0.6601 -0.7379
vn -0.7543 0.6564 -0.0127
vn -0.5183 0.5452 -0.6589
vn -0.5619 0.3613 0.7441
vn -0.5042 0.5748 0.6445
vn -0.5579 0.5317 0.6372
vn -0.4829 0.5666 0.6676
vn -0.4184 0.8491 0.3226
vn -0.4889 0.8443 0.2194
vn -0.4399 0.7658 0.4690
vn -0.6229 -0.0390 0.7814
vn -0.4829 0.5668 0.6676
vn -0.5628 0.7511 0.3453
vn -0.5426 0.5663 0.6204
vn -0.5041 0.5750 0.6444
vn 0.8555 -0.4829 0.1867
vn -0.7550 0.3586 0.5489
vn 0.9284 0.1827 0.3237
vn 0.9245 0.2479 0.2896
vn 0.9054 0.3427 0.2506
vn 0.9011 0.4326 0.0313
vn 0.9808 0.1917 0.0365
vn -0.0583 0.9982 0.0131
vn 0.9978 -0.0546 0.0362
vn -0.3188 0.8160 0.4822
vn -0.0167 0.8742 0.4853
vn 0.8933 0.2915 0.3421
vn 0.9308 -0.0147 0.3652
vn 0.9308 -0.0149 0.3652
vn 0.8861 -0.2922 0.3598
vn 0.7171 -0.5735 0.3962
vn -0.6469 -0.4687 0.6015
vn -0.5786 -0.4166 0.7012
vn -0.5047 -0.3574 0.7859
vn -0.5708 -0.1615 0.8051
vn -0.6703 -0.0022 0.7421
vn -0.5618 -0.4924 0.6647
vn 0.6967 0.7159 0.0465
vn -0.3589 0.6073 -0.7088
vn -0.3646 0.6634 -0.6535
vn 0.9933 -0.0123 0.1146
vn 0.9776 0.0701 0.1986
vn 0.9979 -0.0427 0.0491
vn 0.9565 0.1408 0.2555
vn -0.1813 0.6530 -0.7353
vn -0.2152 0.6513 -0.7276
vt 0.917033 0.875686
vt 0.917033 0.895059
vt 0.912631 0.895059
vt 0.912631 0.875686
vt 0.993980 0.875686
vt 0.993980 0.895059
vt 0.989745 0.895059
vt 0.989745 0.875686
vt 0.960145 0.875686
vt 0.960145 0.895059
vt 0.955401 0.895059
vt 0.955401 0.875686
vt 0.968549 0.875686
vt 0.968549 0.895059
vt 0.964291 0.895059
vt 0.964291 0.875686
vt 0.977013 0.875686
vt 0.977013 0.895059
vt 0.972736 0.895059
vt 0.972736 0.875686
vt 0.942576 0.875686
vt 0.942576 0.895059
vt 0.938447 0.895059
vt 0.938447 0.875686
vt 0.950757 0.875686
vt 0.950757 0.895059
vt 0.946629 0.895059
vt 0.946629 0.875686
vt 0.934420 0.875686
vt 0.934420 0.895059
vt 0.929796 0.895059
vt 0.929796 0.875686
vt 0.908114 0.875686
vt 0.908114 0.895059
vt 0.903824 0.895059
vt 0.903824 0.875686
vt 0.985594 0.875686
vt 0.985594 0.895059
vt 0.981247 0.895059
vt 0.981247 0.875686
vt 0.925283 0.875686
vt 0.925283 0.895059
vt 0.921162 0.895059
vt 0.921162 0.875686
vt 0.899527 0.875686
vt 0.899527 0.895059
vt 0.895265 0.895059
vt 0.895265 0.875686
vt 0.998142 0.875686
vt 0.998142 0.895059
vt 0.692813 0.063394
vt 0.698985 0.059896
vt 0.704120 0.066401
vt 0.695863 0.071082
vt 0.685668 0.065043
vt 0.686417 0.073254
vt 0.678550 0.065085
vt 0.677204 0.073235
vt 0.668479 0.070234
vt 0.671839 0.062744
vt 0.660680 0.065447
vt 0.665896 0.059096
vt 0.654624 0.058820
vt 0.661344 0.054091
vt 0.658030 0.048086
vt 0.650239 0.050807
vt 0.656510 0.041408
vt 0.648281 0.042110
vt 0.656397 0.034193
vt 0.648225 0.032780
vt 0.650674 0.024037
vt 0.658364 0.027416
vt 0.655167 0.016035
vt 0.661771 0.021335
vt 0.661661 0.009766
vt 0.666656 0.016623
vt 0.672599 0.013148
vt 0.669590 0.005137
vt 0.679273 0.011580
vt 0.678242 0.003079
vt 0.687038 0.011603
vt 0.688388 0.003185
vt 0.697856 0.006188
vt 0.694302 0.013952
vt 0.705445 0.010763
vt 0.700151 0.017440
vt 0.711324 0.017228
vt 0.704590 0.022321
vt 0.707890 0.028143
vt 0.715711 0.024956
vt 0.709404 0.034648
vt 0.717712 0.033366
vt 0.709483 0.042232
vt 0.717765 0.043269
vt 0.715048 0.052561
vt 0.707329 0.049344
vt 0.710482 0.060156
vt 0.703839 0.055200
vt 0.682880 0.038282
vt 0.943315 0.932807
vt 0.943315 0.924573
vt 0.962599 0.924573
vt 0.962599 0.932807
vt 0.807796 0.932807
vt 0.807796 0.924573
vt 0.822223 0.924573
vt 0.822223 0.932807
vt 0.653089 0.907446
vt 0.669895 0.907446
vt 0.669895 0.916817
vt 0.653089 0.916817
vt 0.839284 0.932807
vt 0.839284 0.924573
vt 0.857282 0.924573
vt 0.857282 0.932807
vt 0.874606 0.932807
vt 0.874606 0.924573
vt 0.893383 0.924573
vt 0.893383 0.932807
vt 0.909544 0.932807
vt 0.909544 0.924573
vt 0.926054 0.924573
vt 0.926054 0.932807
vt 0.980492 0.924573
vt 0.998308 0.924573
vt 0.998308 0.932807
vt 0.980492 0.932807
vt 0.754059 0.932807
vt 0.754059 0.924573
vt 0.773304 0.924573
vt 0.773304 0.932807
vt 0.737159 0.907446
vt 0.754059 0.907446
vt 0.754059 0.916817
vt 0.737159 0.916817
vt 0.790293 0.924573
vt 0.790293 0.932807
vt 0.720604 0.924573
vt 0.737159 0.924573
vt 0.737159 0.932807
vt 0.720604 0.932807
vt 0.705016 0.907446
vt 0.720604 0.907446
vt 0.720604 0.916817
vt 0.705016 0.916817
vt 0.688603 0.907446
vt 0.688603 0.916817
vt 0.926054 0.907446
vt 0.943315 0.907446
vt 0.943315 0.916817
vt 0.926054 0.916817
vt 0.962599 0.900654
vt 0.962599 0.907446
vt 0.943315 0.900654
vt 0.669895 0.900654
vt 0.653089 0.900654
vt 0.998308 0.900654
vt 0.998308 0.907446
vt 0.980492 0.907446
vt 0.980492 0.900654
vt 0.754059 0.900654
vt 0.737159 0.900654
vt 0.705016 0.900654
vt 0.720604 0.900654
vt 0.688603 0.900654
vt 0.926054 0.900654
vt 0.943315 0.949636
vt 0.962599 0.949636
vt 0.815010 0.949636
vt 0.669895 0.932807
vt 0.669895 0.949636
vt 0.653089 0.949636
vt 0.653089 0.932807
vt 0.857282 0.949636
vt 0.839284 0.949636
vt 0.893383 0.949636
vt 0.874606 0.949636
vt 0.926054 0.949636
vt 0.909544 0.949636
vt 0.998308 0.949636
vt 0.980492 0.949636
vt 0.773304 0.949636
vt 0.754059 0.949636
vt 0.737159 0.949636
vt 0.790293 0.949636
vt 0.720604 0.949636
vt 0.705016 0.949636
vt 0.705016 0.932807
vt 0.688603 0.949636
vt 0.688603 0.932807
vt 0.962599 0.916817
vt 0.807796 0.916817
vt 0.822223 0.916817
vt 0.669895 0.924573
vt 0.653089 0.924573
vt 0.839284 0.916817
vt 0.857282 0.916817
vt 0.874606 0.916817
vt 0.893383 0.916817
vt 0.909544 0.916817
vt 0.980492 0.916817
vt 0.998308 0.916817
vt 0.773304 0.916817
vt 0.790293 0.916817
vt 0.705016 0.924573
vt 0.688603 0.924573
vt 0.807796 0.907446
vt 0.807796 0.900654
vt 0.822223 0.900654
vt 0.822223 0.907446
vt 0.839284 0.907446
vt 0.839284 0.900654
vt 0.857282 0.900654
vt 0.857282 0.907446
vt 0.874606 0.907446
vt 0.874606 0.900654
vt 0.893383 0.900654
vt 0.893383 0.907446
vt 0.909544 0.907446
vt 0.909544 0.900654
vt 0.773304 0.900654
vt 0.773304 0.907446
vt 0.790293 0.900654
vt 0.790293 0.907446
vt 0.962425 0.949636
vt 0.952957 0.957235
vt 0.943568 0.949636
vt 0.943568 0.957235
vt 0.807412 0.957235
vt 0.814982 0.949636
vt 0.815010 0.957235
vt 0.670133 0.949636
vt 0.661492 0.957235
vt 0.653089 0.957479
vt 0.857198 0.949636
vt 0.848283 0.957235
vt 0.839401 0.949636
vt 0.839401 0.957235
vt 0.893056 0.949636
vt 0.883995 0.957235
vt 0.874788 0.949636
vt 0.874788 0.957235
vt 0.926148 0.949636
vt 0.917799 0.957235
vt 0.909588 0.949636
vt 0.909588 0.957235
vt 0.989400 0.957235
vt 0.980482 0.957235
vt 0.754352 0.949636
vt 0.763682 0.957235
vt 0.754352 0.957235
vt 0.737202 0.949636
vt 0.745609 0.957235
vt 0.737202 0.957235
vt 0.790357 0.949636
vt 0.781798 0.957235
vt 0.773022 0.949636
vt 0.773022 0.957235
vt 0.720725 0.949636
vt 0.728881 0.957235
vt 0.720725 0.957235
vt 0.704913 0.949636
vt 0.712810 0.957235
vt 0.704913 0.957235
vt 0.688316 0.949636
vt 0.696810 0.957235
vt 0.688316 0.957235
vt 0.679249 0.957235
vt 0.670133 0.957235
vt 0.799045 0.957235
vt 0.790357 0.957235
vt 0.971545 0.957235
vt 0.962425 0.957235
vt 0.934685 0.957235
vt 0.926148 0.957235
vt 0.901464 0.957235
vt 0.893056 0.957235
vt 0.865944 0.957235
vt 0.857198 0.957235
vt 0.830754 0.957235
vt 0.822553 0.957235
vt 0.952957 0.971212
vt 0.943568 0.971212
vt 0.943568 0.964978
vt 0.952957 0.964978
vt 0.962425 0.971212
vt 0.962425 0.964978
vt 0.661492 0.971212
vt 0.653089 0.971174
vt 0.653089 0.965011
vt 0.661492 0.964978
vt 0.670133 0.971212
vt 0.670133 0.964978
vt 0.917799 0.971212
vt 0.909588 0.971212
vt 0.909588 0.964978
vt 0.917799 0.964978
vt 0.926148 0.971212
vt 0.926148 0.964978
vt 0.989400 0.971212
vt 0.980482 0.971212
vt 0.980482 0.964978
vt 0.989400 0.964978
vt 0.998308 0.971174
vt 0.998308 0.965011
vt 0.763682 0.971212
vt 0.754352 0.971212
vt 0.754352 0.964978
vt 0.763682 0.964978
vt 0.773022 0.971212
vt 0.773022 0.964978
vt 0.745609 0.971212
vt 0.737202 0.971212
vt 0.737202 0.964978
vt 0.745609 0.964978
vt 0.728881 0.971212
vt 0.720725 0.971212
vt 0.720725 0.964978
vt 0.728881 0.964978
vt 0.712810 0.971212
vt 0.704913 0.971212
vt 0.704913 0.964978
vt 0.712810 0.964978
vt 0.696810 0.971212
vt 0.688316 0.971212
vt 0.688316 0.964978
vt 0.696810 0.964978
vt 0.679249 0.971212
vt 0.679249 0.964978
vt 0.799045 0.971212
vt 0.790357 0.971212
vt 0.790357 0.964978
vt 0.799045 0.964978
vt 0.807412 0.971212
vt 0.807412 0.964978
vt 0.971545 0.971212
vt 0.971545 0.964978
vt 0.952957 0.980775
vt 0.962425 0.980775
vt 0.962425 0.986845
vt 0.952957 0.986845
vt 0.943568 0.980775
vt 0.943568 0.986845
vt 0.815010 0.976001
vt 0.815010 0.971212
vt 0.822553 0.971212
vt 0.822553 0.976001
vt 0.815010 0.980775
vt 0.822553 0.980775
vt 0.807412 0.980775
vt 0.807412 0.976001
vt 0.661492 0.980775
vt 0.670133 0.980775
vt 0.670133 0.986845
vt 0.661492 0.986845
vt 0.653089 0.980816
vt 0.653089 0.986836
vt 0.848283 0.976001
vt 0.848283 0.971212
vt 0.857198 0.971212
vt 0.857198 0.976001
vt 0.848283 0.980775
vt 0.857198 0.980775
vt 0.839401 0.980775
vt 0.839401 0.976001
vt 0.839401 0.971212
vt 0.883995 0.976001
vt 0.883995 0.971212
vt 0.893056 0.971212
vt 0.893056 0.976001
vt 0.883995 0.980775
vt 0.893056 0.980775
vt 0.874788 0.980775
vt 0.874788 0.976001
vt 0.874788 0.971212
vt 0.917799 0.976001
vt 0.926148 0.976001
vt 0.917799 0.980775
vt 0.926148 0.980775
vt 0.909588 0.980775
vt 0.909588 0.976001
vt 0.989400 0.980775
vt 0.998308 0.980816
vt 0.998308 0.986836
vt 0.989400 0.986845
vt 0.980482 0.980775
vt 0.980482 0.986845
vt 0.763682 0.980775
vt 0.773022 0.980775
vt 0.773022 0.986845
vt 0.763682 0.986845
vt 0.754352 0.980775
vt 0.754352 0.986845
vt 0.745609 0.980775
vt 0.745609 0.986845
vt 0.737202 0.980775
vt 0.737202 0.986845
vt 0.781799 0.976001
vt 0.781798 0.971212
vt 0.790357 0.976001
vt 0.781798 0.980775
vt 0.790357 0.980775
vt 0.773022 0.976001
vt 0.728881 0.980775
vt 0.728881 0.986845
vt 0.720725 0.980775
vt 0.720725 0.986845
vt 0.712810 0.980775
vt 0.712810 0.986845
vt 0.704913 0.980775
vt 0.704913 0.986845
vt 0.696810 0.980775
vt 0.696810 0.986845
vt 0.688316 0.980775
vt 0.688316 0.986845
vt 0.679249 0.980775
vt 0.679249 0.986845
vt 0.799045 0.980775
vt 0.807412 0.986845
vt 0.799045 0.986845
vt 0.790357 0.986845
vt 0.971545 0.980775
vt 0.971545 0.986845
vt 0.934685 0.976001
vt 0.934685 0.971212
vt 0.943568 0.976001
vt 0.934685 0.980775
vt 0.901464 0.976001
vt 0.901464 0.971212
vt 0.901464 0.980775
vt 0.865944 0.976001
vt 0.865944 0.971212
vt 0.865944 0.980775
vt 0.830754 0.980775
vt 0.839401 0.986845
vt 0.830754 0.986845
vt 0.822553 0.986845
vt 0.962425 0.993176
vt 0.952957 0.993176
vt 0.943568 0.993176
vt 0.815010 0.986845
vt 0.822553 0.993176
vt 0.815010 0.993176
vt 0.807412 0.993176
vt 0.661492 0.993176
vt 0.670133 0.993176
vt 0.670133 0.998243
vt 0.661492 0.998243
vt 0.653089 0.993133
vt 0.653089 0.998243
vt 0.848283 0.986845
vt 0.857198 0.986845
vt 0.857198 0.993176
vt 0.848283 0.993176
vt 0.839401 0.993176
vt 0.883995 0.986845
vt 0.893056 0.986845
vt 0.893056 0.993176
vt 0.883995 0.993176
vt 0.874788 0.986845
vt 0.874788 0.993176
vt 0.917799 0.986845
vt 0.926148 0.986845
vt 0.926148 0.993176
vt 0.917799 0.993176
vt 0.909588 0.986845
vt 0.909588 0.993176
vt 0.989400 0.993176
vt 0.998308 0.993133
vt 0.998308 0.998243
vt 0.989400 0.998243
vt 0.980482 0.993176
vt 0.980482 0.998243
vt 0.773022 0.993176
vt 0.763682 0.993176
vt 0.754352 0.993176
vt 0.745609 0.993176
vt 0.754352 0.998243
vt 0.745609 0.998243
vt 0.737202 0.993176
vt 0.737202 0.998243
vt 0.781798 0.986845
vt 0.790357 0.993176
vt 0.781798 0.993176
vt 0.728881 0.993176
vt 0.728881 0.998243
vt 0.720725 0.993176
vt 0.720725 0.998243
vt 0.712810 0.993176
vt 0.704913 0.993176
vt 0.696810 0.993176
vt 0.704913 0.998243
vt 0.696810 0.998243
vt 0.688316 0.993176
vt 0.688316 0.998243
vt 0.679249 0.993176
vt 0.679249 0.998243
vt 0.799045 0.993176
vt 0.971545 0.993176
vt 0.971545 0.998243
vt 0.962425 0.998243
vt 0.934685 0.986845
vt 0.934685 0.993176
vt 0.901464 0.986845
vt 0.901464 0.993176
vt 0.865944 0.986845
vt 0.865944 0.993176
vt 0.830754 0.993176
vt 0.952957 0.976001
vt 0.962425 0.976001
vt 0.661492 0.976001
vt 0.653089 0.976001
vt 0.670133 0.976001
vt 0.989400 0.976001
vt 0.980482 0.976001
vt 0.998308 0.976001
vt 0.763682 0.976001
vt 0.754352 0.976001
vt 0.745609 0.976001
vt 0.737202 0.976001
vt 0.728881 0.976001
vt 0.720725 0.976001
vt 0.712810 0.976001
vt 0.704913 0.976001
vt 0.696810 0.976001
vt 0.688316 0.976001
vt 0.679249 0.976001
vt 0.799045 0.976001
vt 0.971545 0.976001
vt 0.830754 0.976001
vt 0.830754 0.971212
vt 0.815010 0.964978
vt 0.822553 0.964978
vt 0.848283 0.964978
vt 0.857198 0.964978
vt 0.839401 0.964978
vt 0.883995 0.964978
vt 0.893056 0.964978
vt 0.874788 0.964978
vt 0.781798 0.964978
vt 0.934685 0.964978
vt 0.901464 0.964978
vt 0.865944 0.964978
vt 0.830754 0.964978
vt 0.998308 0.957479
vt 0.952957 0.998243
vt 0.943568 0.998243
vt 0.815010 0.998243
vt 0.822553 0.998243
vt 0.807412 0.998243
vt 0.848283 0.998243
vt 0.857198 0.998243
vt 0.839401 0.998243
vt 0.883995 0.998243
vt 0.893056 0.998243
vt 0.874788 0.998243
vt 0.917799 0.998243
vt 0.926148 0.998243
vt 0.909588 0.998243
vt 0.763682 0.998243
vt 0.773022 0.998243
vt 0.781798 0.998243
vt 0.790357 0.998243
vt 0.712810 0.998243
vt 0.799045 0.998243
vt 0.934685 0.998243
vt 0.901464 0.998243
vt 0.865944 0.998243
vt 0.830754 0.998243
vt 0.952960 0.849659
vt 0.952716 0.848079
vt 0.959464 0.848159
vt 0.946375 0.807079
vt 0.964846 0.844186
vt 0.965558 0.845615
vt 0.971369 0.842083
vt 0.975512 0.836552
vt 0.904223 0.814748
vt 0.905787 0.814463
vt 0.905977 0.821456
vt 0.910148 0.826802
vt 0.908752 0.827562
vt 0.912317 0.833163
vt 0.917658 0.836920
vt 0.926663 0.845315
vt 0.927394 0.843897
vt 0.932506 0.847800
vt 0.939187 0.847853
vt 0.938911 0.849424
vt 0.945919 0.850062
vt 0.976635 0.837688
vt 0.981095 0.832560
vt 0.983269 0.825892
vt 0.984693 0.826618
vt 0.987372 0.819783
vt 0.987404 0.812469
vt 0.926166 0.768831
vt 0.926918 0.770254
vt 0.921086 0.771939
vt 0.917667 0.777097
vt 0.952818 0.764724
vt 0.952577 0.766300
vt 0.945866 0.764286
vt 0.939182 0.766442
vt 0.977232 0.777157
vt 0.976084 0.778271
vt 0.971888 0.772630
vt 0.965104 0.770279
vt 0.988732 0.799456
vt 0.987157 0.799740
vt 0.987140 0.793216
vt 0.983262 0.788090
vt 0.904318 0.799909
vt 0.905880 0.800175
vt 0.903725 0.807343
vt 0.908413 0.786848
vt 0.909824 0.787599
vt 0.905840 0.793111
vt 0.916552 0.838070
vt 0.921340 0.842096
vt 0.916558 0.775940
vt 0.912160 0.781017
vt 0.988988 0.812676
vt 0.989394 0.805922
vt 0.984687 0.787356
vt 0.981441 0.782034
vt 0.965828 0.768856
vt 0.959471 0.766234
vt 0.938904 0.764871
vt 0.932222 0.766431
vt 0.480386 0.900845
vt 0.489504 0.900845
vt 0.489504 0.938819
vt 0.480386 0.938819
vt 0.594870 0.227846
vt 0.595798 0.240418
vt 0.581719 0.233251
vt 0.589096 0.216727
vt 0.569238 0.223913
vt 0.580055 0.207565
vt 0.514972 0.332680
vt 0.526599 0.307701
vt 0.541626 0.319493
vt 0.527891 0.341263
vt 0.554263 0.250563
vt 0.539595 0.280062
vt 0.523494 0.268515
vt 0.539654 0.237777
vt 0.552571 0.340598
vt 0.540573 0.351104
vt 0.528639 0.355362
vt 0.518679 0.353970
vt 0.591112 0.260409
vt 0.569146 0.261997
vt 0.507272 0.349224
vt 0.580507 0.285186
vt 0.599730 0.241180
vt 0.594820 0.261523
vt 0.556920 0.213434
vt 0.568912 0.201285
vt 0.502051 0.324064
vt 0.510898 0.297595
vt 0.497854 0.341424
vt 0.517891 0.357515
vt 0.505399 0.352407
vt 0.570146 0.197636
vt 0.582377 0.204630
vt 0.517415 0.232182
vt 0.531300 0.210235
vt 0.583959 0.286548
vt 0.570869 0.308259
vt 0.555081 0.292997
vt 0.574085 0.309852
vt 0.561625 0.327258
vt 0.564506 0.329264
vt 0.495908 0.280479
vt 0.505619 0.258443
vt 0.554921 0.343257
vt 0.489927 0.297812
vt 0.487802 0.315905
vt 0.484150 0.315050
vt 0.486452 0.296794
vt 0.545188 0.199699
vt 0.555543 0.198344
vt 0.490712 0.329490
vt 0.495065 0.343892
vt 0.487186 0.330406
vt 0.404550 0.900845
vt 0.404550 0.938819
vt 0.391173 0.938819
vt 0.391173 0.900845
vt 0.534325 0.900845
vt 0.534325 0.938819
vt 0.523473 0.938819
vt 0.523473 0.900845
vt 0.377944 0.900845
vt 0.377944 0.938819
vt 0.365957 0.938819
vt 0.365957 0.900845
vt 0.543880 0.900845
vt 0.543880 0.938819
vt 0.466047 0.938819
vt 0.466047 0.900845
vt 0.511718 0.938819
vt 0.511718 0.900845
vt 0.353750 0.900845
vt 0.353750 0.938819
vt 0.343349 0.938819
vt 0.343349 0.900845
vt 0.445395 0.938819
vt 0.445395 0.900845
vt 0.422955 0.938819
vt 0.422955 0.900845
vt 0.635497 0.900845
vt 0.635497 0.938819
vt 0.623252 0.938819
vt 0.623252 0.900845
vt 0.500506 0.900845
vt 0.500506 0.938819
vt 0.326036 0.900845
vt 0.333462 0.900845
vt 0.333462 0.938819
vt 0.326036 0.938819
vt 0.645345 0.900845
vt 0.645345 0.938819
vt 0.557543 0.900845
vt 0.557543 0.938819
vt 0.575576 0.900845
vt 0.575576 0.938819
vt 0.593409 0.900845
vt 0.593409 0.938819
vt 0.610143 0.900845
vt 0.610143 0.938819
vt 0.555491 0.194333
vt 0.543805 0.195922
vt 0.543599 0.192155
vt 0.556566 0.190577
vt 0.489603 0.278800
vt 0.492605 0.279282
vt 0.483304 0.296945
vt 0.602486 0.225813
vt 0.598805 0.227273
vt 0.592305 0.214771
vt 0.595560 0.212564
vt 0.480957 0.315804
vt 0.484225 0.332198
vt 0.603466 0.240739
vt 0.528996 0.207172
vt 0.527364 0.204201
vt 0.585048 0.201759
vt 0.503572 0.355390
vt 0.492572 0.346469
vt 0.514510 0.229931
vt 0.512007 0.227922
vt 0.502467 0.256766
vt 0.499619 0.255582
vt 0.542246 0.354244
vt 0.556233 0.345858
vt 0.542631 0.357311
vt 0.572101 0.194207
vt 0.528303 0.362200
vt 0.516851 0.360682
vt 0.528793 0.358992
vt 0.598366 0.261757
vt 0.587052 0.287250
vt 0.576740 0.311004
vt 0.566654 0.331044
vt 0.597100 0.165408
vt 0.595842 0.160960
vt 0.612531 0.148971
vt 0.615565 0.152247
vt 0.488722 0.157532
vt 0.493816 0.152814
vt 0.508246 0.163846
vt 0.504132 0.168795
vt 0.627363 0.131604
vt 0.631714 0.133145
vt 0.638206 0.047571
vt 0.632813 0.050717
vt 0.623731 0.037060
vt 0.628611 0.032727
vt 0.645634 0.085911
vt 0.640334 0.088338
vt 0.639869 0.066505
vt 0.645147 0.063995
vt 0.527786 0.177734
vt 0.530774 0.172888
vt 0.552710 0.173679
vt 0.549981 0.178890
vt 0.642009 0.110496
vt 0.636904 0.111123
vt 0.576030 0.174262
vt 0.576790 0.169226
vt 0.478418 0.143889
vt 0.484290 0.140044
vt 0.609371 0.018239
vt 0.605714 0.023418
vt 0.471043 0.102173
vt 0.477584 0.099460
vt 0.478297 0.124777
vt 0.472302 0.127733
vt 0.590364 0.010442
vt 0.587517 0.015807
vt 0.566463 0.008463
vt 0.564107 0.013937
vt 0.537667 0.017335
vt 0.538057 0.012365
vt 0.503212 0.030920
vt 0.506279 0.034232
vt 0.494009 0.049479
vt 0.489270 0.048221
vt 0.480337 0.068325
vt 0.485907 0.067459
vt 0.577941 0.111619
vt 0.598815 0.089736
vt 0.623001 0.128832
vt 0.609009 0.145167
vt 0.539291 0.022129
vt 0.565664 0.056290
vt 0.523487 0.028320
vt 0.620593 0.065854
vt 0.635239 0.088008
vt 0.631930 0.109667
vt 0.628182 0.054052
vt 0.634423 0.068537
vt 0.582258 0.072710
vt 0.607930 0.050363
vt 0.619386 0.041018
vt 0.590776 0.035182
vt 0.602322 0.028006
vt 0.564523 0.018963
vt 0.585556 0.021217
vt 0.483194 0.099931
vt 0.502568 0.121591
vt 0.489391 0.136471
vt 0.484077 0.122563
vt 0.560454 0.092735
vt 0.554199 0.129824
vt 0.538571 0.112901
vt 0.593272 0.156488
vt 0.523988 0.095761
vt 0.543377 0.074293
vt 0.527269 0.148101
vt 0.513832 0.134845
vt 0.511852 0.159115
vt 0.498312 0.148489
vt 0.490801 0.069197
vt 0.498382 0.052178
vt 0.552374 0.168473
vt 0.575315 0.164281
vt 0.532846 0.167490
vt 0.519353 0.019638
vt 0.520912 0.023980
vt 0.509722 0.037951
vt 0.326241 0.942818
vt 0.339959 0.942818
vt 0.339959 0.998691
vt 0.326241 0.998691
vt 0.603662 0.942818
vt 0.603662 0.998691
vt 0.591041 0.998691
vt 0.591041 0.942818
vt 0.367026 0.942818
vt 0.379375 0.942818
vt 0.379375 0.998691
vt 0.367026 0.998691
vt 0.617361 0.942818
vt 0.617361 0.998691
vt 0.579158 0.998691
vt 0.579158 0.942818
vt 0.393239 0.942818
vt 0.393239 0.998691
vt 0.552605 0.942818
vt 0.567182 0.942818
vt 0.567182 0.998691
vt 0.552605 0.998691
vt 0.539771 0.942818
vt 0.539771 0.998691
vt 0.510859 0.942818
vt 0.526224 0.942818
vt 0.526224 0.998691
vt 0.510859 0.998691
vt 0.405457 0.942818
vt 0.405457 0.998691
vt 0.417052 0.942818
vt 0.417052 0.998691
vt 0.485085 0.942818
vt 0.485085 0.998691
vt 0.472039 0.998691
vt 0.472039 0.942818
vt 0.631120 0.942818
vt 0.631120 0.998691
vt 0.498106 0.942818
vt 0.498106 0.998691
vt 0.459486 0.998691
vt 0.459486 0.942818
vt 0.645244 0.942818
vt 0.645244 0.998691
vt 0.353208 0.998691
vt 0.353208 0.942818
vt 0.428604 0.942818
vt 0.428604 0.998691
vt 0.443070 0.942818
vt 0.443070 0.998691
vt 0.338727 0.550279
vt 0.346327 0.552040
vt 0.346128 0.554747
vt 0.337777 0.552818
vt 0.331585 0.546447
vt 0.330016 0.548589
vt 0.325916 0.540918
vt 0.323842 0.542489
vt 0.319512 0.534943
vt 0.322032 0.534012
vt 0.317561 0.526801
vt 0.320211 0.526541
vt 0.317657 0.518694
vt 0.320355 0.519121
vt 0.322132 0.511792
vt 0.319668 0.510673
vt 0.325687 0.505147
vt 0.323584 0.503531
vt 0.331128 0.499294
vt 0.329549 0.497207
vt 0.336922 0.492622
vt 0.337934 0.495148
vt 0.344999 0.490372
vt 0.345336 0.493071
vt 0.353137 0.490254
vt 0.352781 0.493022
vt 0.360162 0.494648
vt 0.361229 0.492081
vt 0.366807 0.498141
vt 0.368391 0.495926
vt 0.373037 0.504115
vt 0.375138 0.502469
vt 0.379889 0.510602
vt 0.377331 0.511606
vt 0.381883 0.518461
vt 0.379177 0.518847
vt 0.381752 0.526344
vt 0.378995 0.526068
vt 0.377354 0.533223
vt 0.379935 0.534156
vt 0.373943 0.539690
vt 0.376210 0.541130
vt 0.368183 0.545854
vt 0.369915 0.547835
vt 0.362031 0.552629
vt 0.360950 0.550139
vt 0.354169 0.554653
vt 0.353706 0.551984
vt 0.892312 0.851819
vt 0.896217 0.851819
vt 0.896217 0.870885
vt 0.892312 0.870885
vt 0.823586 0.851819
vt 0.827350 0.851819
vt 0.827350 0.870885
vt 0.823586 0.870885
vt 0.846333 0.851819
vt 0.850117 0.851819
vt 0.850117 0.870885
vt 0.846333 0.870885
vt 0.838806 0.851819
vt 0.842612 0.851819
vt 0.842612 0.870885
vt 0.838806 0.870885
vt 0.869525 0.851819
vt 0.873187 0.851819
vt 0.873187 0.870885
vt 0.869525 0.870885
vt 0.862264 0.851819
vt 0.865931 0.851819
vt 0.865931 0.870885
vt 0.862264 0.870885
vt 0.884991 0.870885
vt 0.884991 0.851819
vt 0.888651 0.851819
vt 0.888651 0.870885
vt 0.907950 0.851819
vt 0.911742 0.851819
vt 0.911742 0.870885
vt 0.907950 0.870885
vt 0.900229 0.851819
vt 0.904087 0.851819
vt 0.904087 0.870885
vt 0.900229 0.870885
vt 0.819889 0.851819
vt 0.819889 0.870885
vt 0.831047 0.851819
vt 0.831047 0.870885
vt 0.834933 0.851819
vt 0.834933 0.870885
vt 0.853805 0.851819
vt 0.853805 0.870885
vt 0.858034 0.851819
vt 0.858034 0.870885
vt 0.876762 0.851819
vt 0.876762 0.870885
vt 0.880886 0.851819
vt 0.880886 0.870885
vt 0.349574 0.522501
vt 0.806848 0.875732
vt 0.806848 0.895105
vt 0.802445 0.895105
vt 0.802445 0.875732
vt 0.883795 0.875732
vt 0.883795 0.895105
vt 0.879560 0.895105
vt 0.879560 0.875732
vt 0.849959 0.875732
vt 0.849959 0.895105
vt 0.845216 0.895105
vt 0.845216 0.875732
vt 0.858364 0.875732
vt 0.858364 0.895105
vt 0.854106 0.895105
vt 0.854106 0.875732
vt 0.866828 0.875732
vt 0.866828 0.895105
vt 0.862551 0.895105
vt 0.862551 0.875732
vt 0.832391 0.875732
vt 0.832391 0.895105
vt 0.828262 0.895105
vt 0.828262 0.875732
vt 0.840572 0.875732
vt 0.840572 0.895105
vt 0.836443 0.895105
vt 0.836443 0.875732
vt 0.824234 0.875732
vt 0.824234 0.895105
vt 0.819611 0.895105
vt 0.819611 0.875732
vt 0.797928 0.875732
vt 0.797928 0.895105
vt 0.793638 0.895105
vt 0.793638 0.875732
vt 0.875409 0.875732
vt 0.875409 0.895105
vt 0.871062 0.895105
vt 0.871062 0.875732
vt 0.815098 0.875732
vt 0.815098 0.895105
vt 0.810976 0.895105
vt 0.810976 0.875732
vt 0.789342 0.875732
vt 0.789342 0.895105
vt 0.785079 0.895105
vt 0.785079 0.875732
vt 0.887957 0.875732
vt 0.887957 0.895105
vt 0.450314 0.066787
vt 0.456453 0.063233
vt 0.461647 0.069691
vt 0.453432 0.074447
vt 0.443183 0.068501
vt 0.444007 0.076705
vt 0.436066 0.068607
vt 0.434794 0.076769
vt 0.426041 0.073848
vt 0.429334 0.066328
vt 0.418199 0.069132
vt 0.423358 0.062734
vt 0.412084 0.062560
vt 0.418761 0.057770
vt 0.415392 0.051795
vt 0.407626 0.054587
vt 0.413812 0.045132
vt 0.405589 0.045909
vt 0.413633 0.037918
vt 0.405448 0.036579
vt 0.407818 0.027815
vt 0.415538 0.031124
vt 0.412237 0.019772
vt 0.418889 0.025012
vt 0.418675 0.013444
vt 0.423732 0.020255
vt 0.429643 0.016727
vt 0.426561 0.008743
vt 0.436302 0.015098
vt 0.435194 0.006607
vt 0.444067 0.015050
vt 0.445341 0.006620
vt 0.454838 0.009537
vt 0.451351 0.017333
vt 0.462450 0.014055
vt 0.457224 0.020781
vt 0.468414 0.020439
vt 0.461729 0.025599
vt 0.465068 0.031399
vt 0.472860 0.028145
vt 0.466642 0.037891
vt 0.474937 0.036534
vt 0.466790 0.045474
vt 0.475080 0.046436
vt 0.472448 0.055752
vt 0.464701 0.052605
vt 0.467951 0.063389
vt 0.461264 0.058493
vt 0.440199 0.041761
vt 0.481704 0.271584
vt 0.475930 0.299272
vt 0.458672 0.264812
vt 0.466948 0.326391
vt 0.452727 0.354699
vt 0.446210 0.316254
vt 0.436822 0.382661
vt 0.416815 0.406591
vt 0.403931 0.386241
vt 0.421337 0.365068
vt 0.392631 0.429476
vt 0.354160 0.443141
vt 0.385179 0.406263
vt 0.282850 0.486157
vt 0.300754 0.469543
vt 0.312435 0.478777
vt 0.299618 0.492459
vt 0.261537 0.485278
vt 0.267235 0.454346
vt 0.288936 0.451012
vt 0.175443 0.444890
vt 0.212352 0.453319
vt 0.207924 0.481520
vt 0.172376 0.475240
vt 0.129854 0.447514
vt 0.098667 0.430187
vt 0.107666 0.405885
vt 0.135044 0.425181
vt 0.069422 0.408813
vt 0.059055 0.368376
vt 0.085101 0.385070
vt 0.014090 0.321621
vt 0.027909 0.316374
vt 0.035746 0.344084
vt 0.021783 0.350754
vt 0.007785 0.287500
vt 0.004600 0.252436
vt 0.020056 0.284679
vt 0.005605 0.218290
vt 0.011316 0.185689
vt 0.031129 0.219971
vt 0.020542 0.153836
vt 0.035067 0.122862
vt 0.057860 0.136511
vt 0.044463 0.164397
vt 0.075895 0.069875
vt 0.093624 0.090074
vt 0.073806 0.111886
vt 0.054431 0.094341
vt 0.126710 0.032093
vt 0.140360 0.055638
vt 0.115818 0.070747
vt 0.100918 0.048783
vt 0.185416 0.009986
vt 0.192873 0.034831
vt 0.165843 0.043330
vt 0.154613 0.019822
vt 0.248781 0.003584
vt 0.249044 0.029934
vt 0.221098 0.029979
vt 0.217059 0.005002
vt 0.310627 0.012480
vt 0.303672 0.038132
vt 0.276886 0.031849
vt 0.280188 0.006659
vt 0.367757 0.037253
vt 0.354218 0.058918
vt 0.329808 0.046559
vt 0.339854 0.023303
vt 0.415883 0.076236
vt 0.397746 0.092499
vt 0.377396 0.073991
vt 0.393095 0.055737
vt 0.453103 0.124577
vt 0.430101 0.134829
vt 0.415778 0.112688
vt 0.435830 0.099760
vt 0.476353 0.180664
vt 0.451263 0.185024
vt 0.443045 0.159270
vt 0.466512 0.152062
vt 0.481804 0.210749
vt 0.483581 0.240977
vt 0.457918 0.211068
vt 0.425996 0.308941
vt 0.434542 0.262639
vt 0.403969 0.349995
vt 0.371364 0.385314
vt 0.342482 0.420308
vt 0.336072 0.409702
vt 0.318132 0.434217
vt 0.312027 0.418472
vt 0.248852 0.433183
vt 0.268911 0.430121
vt 0.245638 0.456106
vt 0.179962 0.423130
vt 0.216197 0.431684
vt 0.138577 0.413359
vt 0.113460 0.395605
vt 0.119825 0.385715
vt 0.142650 0.402603
vt 0.101463 0.369081
vt 0.091982 0.377318
vt 0.073341 0.357856
vt 0.086267 0.348212
vt 0.072333 0.325953
vt 0.052767 0.338664
vt 0.041565 0.311273
vt 0.063716 0.301277
vt 0.056464 0.276233
vt 0.033411 0.282452
vt 0.030234 0.253170
vt 0.053801 0.249950
vt 0.064857 0.170505
vt 0.054156 0.222109
vt 0.077761 0.146658
vt 0.092426 0.125362
vt 0.109508 0.106956
vt 0.151307 0.076940
vt 0.128214 0.090075
vt 0.174218 0.067043
vt 0.199070 0.059926
vt 0.224423 0.055799
vt 0.249321 0.055052
vt 0.274212 0.056475
vt 0.297609 0.060944
vt 0.321259 0.068793
vt 0.342214 0.079516
vt 0.362428 0.092270
vt 0.380746 0.108686
vt 0.397254 0.126594
vt 0.409881 0.145246
vt 0.434374 0.213883
vt 0.428267 0.190580
vt 0.415486 0.305720
vt 0.421996 0.280358
vt 0.358248 0.370787
vt 0.382939 0.354970
vt 0.402969 0.330303
vt 0.331539 0.375644
vt 0.331092 0.399752
vt 0.421997 0.251541
vt 0.430676 0.215751
vt 0.420643 0.167059
vt 0.415299 0.169130
vt 0.405895 0.150968
vt 0.186749 0.311792
vt 0.208763 0.301412
vt 0.214057 0.311039
vt 0.187445 0.322828
vt 0.182473 0.230848
vt 0.196448 0.220214
vt 0.227771 0.248563
vt 0.219522 0.254327
vt 0.287735 0.426647
vt 0.285322 0.408605
vt 0.220117 0.411042
vt 0.250315 0.412642
vt 0.188254 0.401548
vt 0.154161 0.382881
vt 0.107156 0.338062
vt 0.122601 0.357619
vt 0.091830 0.308474
vt 0.083020 0.273481
vt 0.081338 0.223024
vt 0.089595 0.179077
vt 0.110811 0.139066
vt 0.142873 0.109469
vt 0.178765 0.088736
vt 0.225900 0.075273
vt 0.274648 0.074562
vt 0.315562 0.084652
vt 0.355233 0.103983
vt 0.390859 0.131125
vt 0.181304 0.341360
vt 0.192144 0.388008
vt 0.175057 0.348953
vt 0.108812 0.307534
vt 0.107907 0.317627
vt 0.109284 0.327358
vt 0.112778 0.336494
vt 0.118659 0.344943
vt 0.126295 0.351744
vt 0.136082 0.356410
vt 0.146318 0.358452
vt 0.113027 0.297952
vt 0.115021 0.167063
vt 0.131752 0.132029
vt 0.124776 0.152822
vt 0.152473 0.138724
vt 0.149059 0.125667
vt 0.172165 0.120173
vt 0.165467 0.138153
vt 0.101282 0.246820
vt 0.151454 0.235937
vt 0.145526 0.279569
vt 0.136658 0.232018
vt 0.203258 0.162058
vt 0.250159 0.182987
vt 0.208629 0.177843
vt 0.204490 0.207295
vt 0.209013 0.192736
vt 0.247499 0.194212
vt 0.247475 0.205347
vt 0.368061 0.211720
vt 0.333135 0.194315
vt 0.374470 0.175067
vt 0.156902 0.357955
vt 0.166577 0.354430
vt 0.167424 0.235876
vt 0.208488 0.270767
vt 0.167867 0.285747
vt 0.212802 0.261853
vt 0.236910 0.244959
vt 0.250744 0.215849
vt 0.205830 0.280352
vt 0.176251 0.292108
vt 0.110442 0.181498
vt 0.110628 0.196466
vt 0.412191 0.304873
vt 0.418282 0.281122
vt 0.358594 0.365813
vt 0.381729 0.351007
vt 0.400485 0.327897
vt 0.333656 0.370435
vt 0.312631 0.356530
vt 0.309090 0.360731
vt 0.418323 0.254123
vt 0.408971 0.229256
vt 0.411971 0.224995
vt 0.391546 0.216891
vt 0.393321 0.211751
vt 0.367855 0.216910
vt 0.317625 0.277025
vt 0.307996 0.305916
vt 0.304286 0.306913
vt 0.314527 0.275913
vt 0.305289 0.333037
vt 0.301209 0.335910
vt 0.347876 0.230342
vt 0.328525 0.253847
vt 0.326096 0.251319
vt 0.346924 0.226059
vt 0.386182 0.305978
vt 0.343241 0.328901
vt 0.382624 0.256538
vt 0.342046 0.277845
vt 0.240484 0.483758
vt 0.256621 0.509532
vt 0.236263 0.508635
vt 0.204315 0.506117
vt 0.126960 0.465559
vt 0.094436 0.455267
vt 0.067122 0.442633
vt 0.851453 0.797157
vt 0.871220 0.778982
vt 0.881240 0.793172
vt 0.860328 0.812294
vt 0.890161 0.759897
vt 0.907868 0.736050
vt 0.919085 0.748611
vt 0.900088 0.772605
vt 0.924701 0.711993
vt 0.939239 0.689005
vt 0.950213 0.699584
vt 0.935746 0.723787
vt 0.953437 0.666241
vt 0.963288 0.632578
vt 0.974728 0.638044
vt 0.963000 0.673542
vt 0.405754 0.467443
vt 0.416469 0.442560
vt 0.430303 0.471866
vt 0.413688 0.523197
vt 0.397467 0.494308
vt 0.405243 0.574670
vt 0.383696 0.578446
vt 0.386433 0.549806
vt 0.409293 0.548819
vt 0.405767 0.632068
vt 0.382897 0.608038
vt 0.411741 0.689232
vt 0.388732 0.667353
vt 0.433001 0.743208
vt 0.404150 0.724411
vt 0.466753 0.793980
vt 0.432784 0.779891
vt 0.514460 0.836202
vt 0.476993 0.830190
vt 0.533686 0.867413
vt 0.503732 0.851561
vt 0.632622 0.873978
vt 0.597787 0.887659
vt 0.570871 0.863091
vt 0.663226 0.891417
vt 0.630878 0.892270
vt 0.695351 0.870239
vt 0.725471 0.881320
vt 0.695018 0.888446
vt 0.753665 0.854219
vt 0.783249 0.860746
vt 0.754919 0.872550
vt 0.804728 0.830145
vt 0.828548 0.814225
vt 0.836329 0.831047
vt 0.810264 0.847337
vt 0.859200 0.713286
vt 0.842984 0.735489
vt 0.823802 0.708629
vt 0.838801 0.687221
vt 0.887515 0.667348
vt 0.873612 0.690520
vt 0.852400 0.663593
vt 0.865624 0.638095
vt 0.839309 0.605230
vt 0.871796 0.600571
vt 0.488473 0.428228
vt 0.524998 0.421882
vt 0.526421 0.469632
vt 0.491723 0.471124
vt 0.513731 0.520781
vt 0.483502 0.520726
vt 0.543636 0.521350
vt 0.538453 0.549331
vt 0.507674 0.549518
vt 0.513286 0.578511
vt 0.490263 0.626042
vt 0.461611 0.624790
vt 0.470672 0.574514
vt 0.460398 0.671067
vt 0.498786 0.676336
vt 0.475714 0.721132
vt 0.494664 0.715983
vt 0.498395 0.762520
vt 0.513012 0.746229
vt 0.526774 0.770316
vt 0.539442 0.800945
vt 0.546765 0.789770
vt 0.587629 0.823203
vt 0.573523 0.801362
vt 0.638054 0.829224
vt 0.636427 0.814480
vt 0.695544 0.822485
vt 0.681958 0.808929
vt 0.743408 0.807632
vt 0.725990 0.777563
vt 0.788439 0.783291
vt 0.772337 0.761434
vt 0.824281 0.755594
vt 0.807123 0.770389
vt 0.790173 0.744950
vt 0.806726 0.728616
vt 0.529075 0.768993
vt 0.548424 0.787605
vt 0.515833 0.745393
vt 0.541878 0.611687
vt 0.535502 0.634573
vt 0.516177 0.642404
vt 0.574118 0.798626
vt 0.601724 0.800995
vt 0.602470 0.804386
vt 0.710037 0.736380
vt 0.686083 0.748127
vt 0.694028 0.733722
vt 0.630753 0.798296
vt 0.656483 0.782595
vt 0.668464 0.795650
vt 0.506301 0.714999
vt 0.510422 0.682754
vt 0.513884 0.684846
vt 0.509934 0.715097
vt 0.676322 0.761680
vt 0.691022 0.768477
vt 0.525366 0.649512
vt 0.528275 0.652219
vt 0.549134 0.624221
vt 0.573142 0.607154
vt 0.576417 0.618793
vt 0.555982 0.634511
vt 0.547348 0.621268
vt 0.573259 0.603171
vt 0.703541 0.705119
vt 0.718373 0.704470
vt 0.597715 0.599987
vt 0.598793 0.596248
vt 0.702909 0.676541
vt 0.714487 0.671309
vt 0.703766 0.647065
vt 0.694990 0.652933
vt 0.681591 0.632119
vt 0.688386 0.626396
vt 0.663339 0.615778
vt 0.644127 0.604252
vt 0.648304 0.596077
vt 0.668532 0.609402
vt 0.623216 0.597632
vt 0.627266 0.587675
vt 0.622245 0.600532
vt 0.305429 0.525893
vt 0.310583 0.543199
vt 0.293704 0.552367
vt 0.290153 0.528560
vt 0.267093 0.557635
vt 0.247225 0.557063
vt 0.251808 0.533156
vt 0.272240 0.532360
vt 0.232344 0.532607
vt 0.228429 0.555992
vt 0.199204 0.552430
vt 0.201387 0.529758
vt 0.170025 0.524833
vt 0.169086 0.547630
vt 0.122846 0.538290
vt 0.123937 0.515131
vt 0.089791 0.508698
vt 0.091640 0.481071
vt 0.124961 0.490296
vt 0.064722 0.473441
vt 0.061605 0.503705
vt 0.038105 0.498828
vt 0.042303 0.467799
vt 0.262844 0.592926
vt 0.242638 0.590030
vt 0.061347 0.528767
vt 0.037053 0.526209
vt 0.481054 0.393219
vt 0.513041 0.383614
vt 0.566086 0.566818
vt 0.574721 0.590330
vt 0.730927 0.589669
vt 0.695028 0.618152
vt 0.693771 0.561765
vt 0.631035 0.578436
vt 0.606259 0.566916
vt 0.650573 0.542738
vt 0.761922 0.618588
vt 0.789341 0.639986
vt 0.777328 0.660700
vt 0.750946 0.639162
vt 0.558587 0.469582
vt 0.567499 0.520567
vt 0.750705 0.546535
vt 0.786615 0.574112
vt 0.774952 0.595402
vt 0.740601 0.569406
vt 0.655992 0.523522
vt 0.658645 0.502287
vt 0.709007 0.521289
vt 0.701963 0.542540
vt 0.827835 0.635641
vt 0.801969 0.615392
vt 0.812157 0.592080
vt 0.612011 0.448595
vt 0.588526 0.478259
vt 0.718922 0.501340
vt 0.762321 0.524464
vt 0.609939 0.486864
vt 0.662980 0.474615
vt 0.797885 0.555988
vt 0.816250 0.573357
vt 0.737943 0.463899
vt 0.776792 0.482730
vt 0.751205 0.426947
vt 0.790402 0.439428
vt 0.803594 0.448180
vt 0.823124 0.433680
vt 0.356027 0.630079
vt 0.354335 0.641393
vt 0.323956 0.639595
vt 0.326125 0.630300
vt 0.950318 0.545592
vt 0.952957 0.567999
vt 0.936165 0.559733
vt 0.864436 0.586505
vt 0.837537 0.584009
vt 0.560740 0.356433
vt 0.593041 0.385886
vt 0.562660 0.414052
vt 0.540014 0.373737
vt 0.640372 0.416485
vt 0.686207 0.440955
vt 0.798444 0.184387
vt 0.727913 0.359983
vt 0.683670 0.337285
vt 0.759230 0.163875
vt 0.637673 0.309912
vt 0.717079 0.139026
vt 0.836362 0.198371
vt 0.769368 0.376808
vt 0.874672 0.208943
vt 0.808265 0.387652
vt 0.913759 0.217237
vt 0.852093 0.396463
vt 0.887039 0.402272
vt 0.951424 0.225084
vt 0.335981 0.831380
vt 0.299252 0.824940
vt 0.922998 0.410410
vt 0.988364 0.235569
vt 0.265260 0.817069
vt 0.286471 0.636951
vt 0.223506 0.587603
vt 0.218127 0.627424
vt 0.052412 0.801458
vt 0.059884 0.612633
vt 0.117658 0.616282
vt 0.105752 0.796768
vt 0.008940 0.611357
vt 0.034378 0.611812
vt 0.028012 0.803787
vt 0.004975 0.804953
vt 0.598921 0.289898
vt 0.678884 0.117833
vt 0.233164 0.808828
vt 0.260180 0.839663
vt 0.225036 0.840597
vt 0.198228 0.833628
vt 0.203260 0.802258
vt 0.148848 0.796175
vt 0.147646 0.828495
vt 0.106757 0.830781
vt 0.054287 0.827130
vt 0.009242 0.836116
vt 0.694986 0.093689
vt 0.730201 0.117129
vt 0.770727 0.145131
vt 0.811482 0.154896
vt 0.845900 0.169237
vt 0.881965 0.178181
vt 0.918648 0.194375
vt 0.955829 0.199482
vt 0.328746 0.860962
vt 0.293748 0.850868
vt 0.993488 0.206531
vt 0.253681 0.860887
vt 0.216684 0.867922
vt 0.193042 0.861543
vt 0.165852 0.857250
vt 0.168934 0.829390
vt 0.146407 0.856755
vt 0.109954 0.860111
vt 0.058673 0.852105
vt 0.063992 0.872596
vt 0.023765 0.888370
vt 0.015533 0.863458
vt 0.744585 0.097388
vt 0.712849 0.072266
vt 0.731720 0.054201
vt 0.759530 0.081393
vt 0.794350 0.111839
vt 0.823944 0.130767
vt 0.783431 0.127240
vt 0.854743 0.145113
vt 0.887478 0.151787
vt 0.921486 0.172206
vt 0.922458 0.154864
vt 0.958721 0.155115
vt 0.958036 0.174669
vt 0.318368 0.889279
vt 0.307464 0.910467
vt 0.277559 0.894097
vt 0.285948 0.875102
vt 0.993974 0.153305
vt 0.995306 0.176889
vt 0.246411 0.878892
vt 0.238535 0.896419
vt 0.230164 0.912920
vt 0.208067 0.892991
vt 0.146532 0.905222
vt 0.117135 0.911859
vt 0.113131 0.886524
vt 0.145919 0.882064
vt 0.077984 0.909305
vt 0.087569 0.926239
vt 0.062148 0.948777
vt 0.047082 0.931002
vt 0.791664 0.017026
vt 0.808523 0.046367
vt 0.791240 0.055937
vt 0.771008 0.026617
vt 0.849834 0.089815
vt 0.836396 0.109812
vt 0.817142 0.084527
vt 0.829332 0.072038
vt 0.869961 0.100018
vt 0.895397 0.104267
vt 0.892311 0.127733
vt 0.862648 0.123024
vt 0.922872 0.101637
vt 0.923303 0.120060
vt 0.954646 0.115576
vt 0.957794 0.135594
vt 0.922791 0.137674
vt 0.294047 0.930365
vt 0.277698 0.949418
vt 0.256145 0.929908
vt 0.267672 0.912262
vt 0.983666 0.106280
vt 0.990330 0.129952
vt 0.204077 0.953339
vt 0.188203 0.940221
vt 0.198685 0.916328
vt 0.220044 0.929583
vt 0.168579 0.931418
vt 0.179968 0.908724
vt 0.160262 0.904583
vt 0.147302 0.931880
vt 0.124793 0.936374
vt 0.105534 0.947774
vt 0.086421 0.969553
vt 0.821677 0.008125
vt 0.832811 0.034964
vt 0.847445 0.052813
vt 0.863689 0.065380
vt 0.879608 0.071759
vt 0.899272 0.073533
vt 0.923456 0.066452
vt 0.949012 0.095158
vt 0.223361 0.986638
vt 0.216666 0.967794
vt 0.242083 0.946886
vt 0.258774 0.965749
vt 0.973492 0.083958
vt 0.950007 0.050589
vt 0.178733 0.959294
vt 0.164106 0.952554
vt 0.148494 0.953958
vt 0.132486 0.964943
vt 0.120055 0.986808
vt 0.859319 0.005653
vt 0.862762 0.031054
vt 0.875524 0.046391
vt 0.886036 0.051792
vt 0.900248 0.054901
vt 0.913727 0.046312
vt 0.195486 0.994328
vt 0.189015 0.974229
vt 0.929255 0.031858
vt 0.157995 0.996416
vt 0.160775 0.966618
vt 0.890435 0.036161
vt 0.896995 0.013892
vt 0.663421 0.380653
vt 0.707411 0.405222
vt 0.616955 0.349296
vt 0.581537 0.326868
vt 0.283267 0.597618
vt 0.293532 0.613255
vt 0.918968 0.420043
vt 0.880069 0.419900
vt 0.842972 0.426369
vt 0.308098 0.624067
vt 0.282939 0.566253
vt 0.279720 0.582016
vt 0.573209 0.545843
vt 0.602835 0.584180
vt 0.591868 0.522909
vt 0.651661 0.587763
vt 0.712337 0.636761
vt 0.738024 0.658618
vt 0.673949 0.601053
vt 0.749566 0.701103
vt 0.729099 0.738308
vt 0.708589 0.772890
vt 0.756913 0.739371
vt 0.772253 0.720885
vt 0.839355 0.777407
vt 0.858971 0.758242
vt 0.876425 0.736936
vt 0.892094 0.714016
vt 0.933006 0.647725
vt 0.920006 0.669054
vt 0.901511 0.647461
vt 0.916729 0.629484
vt 0.461174 0.472044
vt 0.449449 0.521419
vt 0.443098 0.547468
vt 0.437940 0.574951
vt 0.433819 0.628711
vt 0.436228 0.680328
vt 0.454690 0.732281
vt 0.482943 0.778281
vt 0.527268 0.818460
vt 0.578467 0.844367
vt 0.634218 0.854300
vt 0.694749 0.850272
vt 0.750371 0.831877
vt 0.797959 0.807658
vt 0.819424 0.793502
vt 0.466460 0.448880
vt 0.046642 0.403896
vt 0.313689 0.499548
vt 0.308965 0.510467
vt 0.293290 0.510170
vt 0.948476 0.593920
vt 0.941383 0.576549
vt 0.961529 0.582764
vt 0.785166 0.528512
vt 0.781370 0.501423
vt 0.788600 0.468823
vt 0.089927 0.570611
vt 0.090105 0.533627
vt 0.120732 0.574153
vt 0.537936 0.762363
vt 0.554716 0.778172
vt 0.526393 0.741735
vt 0.545911 0.645728
vt 0.537833 0.637318
vt 0.576778 0.787793
vt 0.600649 0.789831
vt 0.671955 0.759904
vt 0.662405 0.753059
vt 0.671149 0.741780
vt 0.681449 0.746852
vt 0.623722 0.784015
vt 0.645363 0.770320
vt 0.652974 0.778871
vt 0.628580 0.794275
vt 0.524817 0.688755
vt 0.520967 0.715287
vt 0.537754 0.658803
vt 0.678071 0.729485
vt 0.687187 0.704532
vt 0.699165 0.705298
vt 0.689356 0.732904
vt 0.597577 0.611560
vt 0.688229 0.680453
vt 0.699509 0.677887
vt 0.682894 0.659300
vt 0.672141 0.640095
vt 0.679580 0.633615
vt 0.692375 0.654456
vt 0.656462 0.625285
vt 0.638704 0.615570
vt 0.642942 0.606633
vt 0.661852 0.617607
vt 0.619809 0.610860
vt 0.822584 0.561086
vt 0.839252 0.569913
vt 0.837697 0.581576
vt 0.817085 0.571146
vt 0.830220 0.446605
vt 0.814760 0.459610
vt 0.805396 0.450235
vt 0.824183 0.435946
vt 0.329129 0.615593
vt 0.353944 0.615751
vt 0.355913 0.627725
vt 0.326586 0.627835
vt 0.927203 0.548298
vt 0.939647 0.535468
vt 0.948691 0.543868
vt 0.934708 0.557751
vt 0.861985 0.572339
vt 0.864031 0.584136
vt 0.917102 0.432527
vt 0.881179 0.433091
vt 0.880164 0.422105
vt 0.918764 0.422133
vt 0.846813 0.439494
vt 0.843394 0.428630
vt 0.304636 0.603899
vt 0.315099 0.611308
vt 0.309258 0.621948
vt 0.295334 0.611656
vt 0.296965 0.593401
vt 0.285502 0.596812
vt 0.304711 0.561967
vt 0.296011 0.572711
vt 0.285311 0.567165
vt 0.295522 0.553967
vt 0.294050 0.583103
vt 0.282150 0.582046
vt 0.896957 0.565273
vt 0.902673 0.575749
vt 0.809771 0.548822
vt 0.799610 0.554174
vt 0.801808 0.525896
vt 0.787993 0.527960
vt 0.799283 0.504825
vt 0.784546 0.501960
vt 0.804796 0.476200
vt 0.791390 0.470338
vt 0.318642 0.553635
vt 0.311590 0.545037
vt 0.607202 0.697759
vt 0.880614 0.497173
vt 0.942108 0.440262
vt 0.954572 0.451230
vt 0.962035 0.463979
vt 0.963843 0.479391
vt 0.957875 0.506430
vt 0.949796 0.521552
vt 0.962530 0.493134
vt 0.123028 0.222392
vt 0.137429 0.143627
vt 0.204102 0.116649
vt 0.180613 0.141997
vt 0.194780 0.218778
vt 0.181470 0.228937
vt 0.202585 0.206392
vt 0.206844 0.192498
vt 0.206492 0.178329
vt 0.201351 0.163315
vt 0.192081 0.152519
vt 0.193646 0.150986
vt 0.179571 0.143976
vt 0.165194 0.140324
vt 0.152720 0.140887
vt 0.138377 0.145588
vt 0.126358 0.154360
vt 0.116999 0.167937
vt 0.112636 0.181770
vt 0.112751 0.196061
vt 0.114532 0.210198
vt 0.116523 0.209198
vt 0.124654 0.220814
vt 0.137611 0.230019
vt 0.151789 0.233838
vt 0.167046 0.233757
vt 0.903628 0.577957
vt 0.043988 0.376722
vt 0.391165 0.521974
vt 0.447501 0.431488
vt 0.428469 0.423402
vt 0.384627 0.638343
vt 0.394871 0.696816
vt 0.415954 0.751886
vt 0.452358 0.807016
vt 0.564953 0.880508
vt 0.263294 0.165854
vt 0.255640 0.173490
vt 0.171348 0.500310
vt 0.166417 0.579991
vt 0.196012 0.584101
vt 0.191822 0.623990
vt 0.162934 0.620471
vt 0.182570 0.301245
vt 0.206110 0.290947
vt 0.157202 0.280797
vt 0.135756 0.281023
vt 0.323294 0.224925
vt 0.328368 0.215731
vt 0.330982 0.216804
vt 0.325475 0.226701
vt 0.330749 0.205256
vt 0.333492 0.205652
vt 0.330410 0.194707
vt 0.327289 0.184394
vt 0.329816 0.183380
vt 0.321822 0.175133
vt 0.323989 0.173460
vt 0.313926 0.167598
vt 0.315515 0.165375
vt 0.304459 0.162317
vt 0.305378 0.159714
vt 0.294232 0.159749
vt 0.294441 0.156975
vt 0.283540 0.159870
vt 0.282929 0.157101
vt 0.273652 0.162934
vt 0.272331 0.160474
vt 0.265011 0.168094
vt 0.257842 0.175281
vt 0.252723 0.184158
vt 0.250244 0.194598
vt 0.250294 0.204927
vt 0.253323 0.214942
vt 0.258425 0.223951
vt 0.256008 0.225463
vt 0.266550 0.231475
vt 0.264845 0.233499
vt 0.276212 0.236993
vt 0.275341 0.239506
vt 0.286971 0.240035
vt 0.286964 0.242804
vt 0.297385 0.240333
vt 0.298097 0.243191
vt 0.307265 0.237626
vt 0.308412 0.240249
vt 0.316102 0.232613
vt 0.317896 0.234924
vt 0.282106 0.309713
vt 0.286874 0.301220
vt 0.289518 0.302216
vt 0.284305 0.311351
vt 0.289164 0.291568
vt 0.291907 0.291861
vt 0.289346 0.282065
vt 0.292246 0.281745
vt 0.286762 0.272757
vt 0.289404 0.271861
vt 0.282329 0.264374
vt 0.284797 0.262988
vt 0.275324 0.257112
vt 0.277276 0.255261
vt 0.266896 0.251487
vt 0.268103 0.249139
vt 0.257227 0.247734
vt 0.257626 0.245075
vt 0.247400 0.246228
vt 0.247092 0.243351
vt 0.237868 0.247614
vt 0.229135 0.250977
vt 0.221391 0.256416
vt 0.215198 0.263405
vt 0.211007 0.271869
vt 0.208604 0.280928
vt 0.208849 0.290829
vt 0.211312 0.300456
vt 0.216207 0.309379
vt 0.222712 0.316663
vt 0.221057 0.318912
vt 0.230937 0.321945
vt 0.229889 0.324421
vt 0.239592 0.325480
vt 0.238981 0.328221
vt 0.249049 0.326664
vt 0.249048 0.329443
vt 0.258367 0.325657
vt 0.259010 0.328386
vt 0.267373 0.322156
vt 0.268476 0.324597
vt 0.275525 0.317014
vt 0.277347 0.319157
vt 0.184708 0.322307
vt 0.184016 0.312198
vt 0.180216 0.302504
vt 0.174296 0.294184
vt 0.166636 0.288096
vt 0.156529 0.283392
vt 0.145637 0.282269
vt 0.136659 0.283617
vt 0.128461 0.287228
vt 0.127131 0.284878
vt 0.120874 0.292542
vt 0.119005 0.290421
vt 0.115306 0.299576
vt 0.111548 0.308288
vt 0.110661 0.317683
vt 0.111942 0.326779
vt 0.115246 0.335283
vt 0.120708 0.343190
vt 0.127808 0.349448
vt 0.136798 0.353827
vt 0.146330 0.355768
vt 0.156160 0.355281
vt 0.165134 0.352084
vt 0.173051 0.346925
vt 0.178928 0.339862
vt 0.182858 0.331626
vt 0.185401 0.332747
vt 0.250698 0.395268
vt 0.461681 0.399898
vt 0.906197 0.592753
vt 0.925670 0.583431
vt 0.933051 0.608832
vt 0.947116 0.622145
vt 0.443353 0.409358
vt 0.176939 0.219464
vt 0.187231 0.211281
vt 0.193328 0.201624
vt 0.196416 0.190892
vt 0.195945 0.180098
vt 0.191704 0.168618
vt 0.184377 0.159720
vt 0.174321 0.153440
vt 0.163326 0.150743
vt 0.153767 0.151317
vt 0.142718 0.155170
vt 0.133654 0.162148
vt 0.126409 0.172811
vt 0.123134 0.183571
vt 0.123329 0.194659
vt 0.126359 0.204705
vt 0.132764 0.213452
vt 0.142864 0.220609
vt 0.153775 0.223523
vt 0.165716 0.223275
vt 0.315107 0.218087
vt 0.318767 0.211260
vt 0.320382 0.203503
vt 0.320070 0.195687
vt 0.317622 0.188037
vt 0.313514 0.181142
vt 0.307602 0.175823
vt 0.300544 0.171954
vt 0.293014 0.170194
vt 0.285129 0.170328
vt 0.277882 0.172625
vt 0.271367 0.176649
vt 0.266032 0.182143
vt 0.262270 0.188695
vt 0.260737 0.196376
vt 0.260880 0.204028
vt 0.263166 0.211549
vt 0.267256 0.218240
vt 0.273123 0.223713
vt 0.280101 0.227610
vt 0.287858 0.229655
vt 0.295665 0.229685
vt 0.303186 0.227661
vt 0.309804 0.223828
vt 0.273805 0.303364
vt 0.277207 0.297060
vt 0.278781 0.289973
vt 0.278649 0.282840
vt 0.276643 0.275873
vt 0.273260 0.269598
vt 0.267989 0.264384
vt 0.261885 0.260316
vt 0.255020 0.257687
vt 0.247747 0.256811
vt 0.240664 0.257878
vt 0.233996 0.260278
vt 0.228310 0.264534
vt 0.223735 0.269755
vt 0.220622 0.276150
vt 0.218943 0.282969
vt 0.219290 0.290216
vt 0.221127 0.297153
vt 0.224750 0.303496
vt 0.229538 0.308808
vt 0.235596 0.312782
vt 0.242215 0.315360
vt 0.249336 0.316183
vt 0.256377 0.315398
vt 0.263092 0.312773
vt 0.269016 0.308813
vt 0.174379 0.320725
vt 0.173765 0.313555
vt 0.171006 0.306937
vt 0.166662 0.301058
vt 0.161314 0.296421
vt 0.153575 0.293121
vt 0.145611 0.292666
vt 0.139193 0.293597
vt 0.133251 0.296286
vt 0.127769 0.300493
vt 0.123957 0.305625
vt 0.121517 0.311582
vt 0.121151 0.318204
vt 0.122110 0.324787
vt 0.124654 0.330903
vt 0.128641 0.336726
vt 0.133800 0.341090
vt 0.140229 0.344283
vt 0.146945 0.345679
vt 0.153969 0.345222
vt 0.160349 0.342856
vt 0.166105 0.339038
vt 0.170339 0.333730
vt 0.173272 0.327583
vt 0.159219 0.187064
vt 0.290421 0.199992
vt 0.248733 0.286455
vt 0.147083 0.319382
vt 0.335251 0.137802
vt 0.244279 0.113365
vt 0.259998 0.633469
vt 0.423991 0.192011
vt 0.967222 0.599395
vt 0.977218 0.618121
vt 0.975567 0.584930
vt 0.977508 0.599382
vt 0.971235 0.574431
vt 0.324419 0.448019
vt 0.348147 0.430501
vt 0.332694 0.461269
vt 0.910621 0.613331
vt 0.324450 0.487188
vt 0.277056 0.509966
vt 0.358822 0.456554
vt 0.340408 0.472299
vt 0.476459 0.548622
vt 0.963761 0.560070
vt 0.027775 0.402640
vt 0.026487 0.377264
vt 0.045935 0.433499
vt 0.061153 0.568190
vt 0.035703 0.566700
vt 0.172486 0.797533
vt 0.010253 0.565827
vt 0.187197 0.886306
vt 0.162914 0.882366
vt 0.070137 0.892552
vt 0.035798 0.912422
vt 0.752635 0.038020
vt 0.775842 0.066764
vt 0.806373 0.097190
vt 0.787360 0.702273
vt 0.801711 0.682386
vt 0.815359 0.661753
vt 0.884693 0.622927
vt 0.906483 0.690275
vt 0.764363 0.680660
vt 0.066844 0.362663
vt 0.400835 0.171462
vt 0.408701 0.202248
vt 0.013721 0.493479
vt 0.020221 0.462226
vt 0.011506 0.524267
vt 0.025829 0.426082
vt 0.277196 0.115488
vt 0.305048 0.122245
s 1
usemtl VstController_250406
f 1/1/1 2/2/2 3/3/3
f 3/3/3 4/4/4 1/1/1
f 5/5/5 6/6/6 7/7/7
f 7/7/7 8/8/8 5/5/5
f 9/9/9 10/10/10 11/11/11
f 11/11/11 12/12/12 9/9/9
f 13/13/13 14/14/14 15/15/15
f 15/15/15 16/16/16 13/13/13
f 17/17/17 18/18/18 19/19/19
f 19/19/19 20/20/20 17/17/17
f 21/21/21 22/22/22 23/23/23
f 23/23/23 24/24/24 21/21/21
f 25/25/25 26/26/26 27/27/27
f 27/27/27 28/28/28 25/25/25
f 29/29/29 30/30/30 31/31/31
f 31/31/31 32/32/32 29/29/29
f 33/33/33 34/34/34 35/35/35
f 35/35/35 36/36/36 33/33/33
f 37/37/37 38/38/38 39/39/39
f 39/39/39 40/40/40 37/37/37
f 41/41/41 42/42/42 43/43/43
f 43/43/43 44/44/44 41/41/41
f 45/45/45 46/46/46 47/47/47
f 47/47/47 48/48/48 45/45/45
f 36/36/36 35/35/35 46/46/46
f 46/46/46 45/45/45 36/36/36
f 4/4/4 3/3/3 34/34/34
f 34/34/34 33/33/33 4/4/4
f 49/49/49 50/50/50 6/6/6
f 6/6/6 5/5/5 49/49/49
f 8/8/8 7/7/7 38/38/38
f 38/38/38 37/37/37 8/8/8
f 40/40/40 39/39/39 18/18/18
f 18/18/18 17/17/17 40/40/40
f 20/20/20 19/19/19 14/14/14
f 14/14/14 13/13/13 20/20/20
f 16/16/16 15/15/15 10/10/10
f 10/10/10 9/9/9 16/16/16
f 12/12/12 11/11/11 26/26/26
f 26/26/26 25/25/25 12/12/12
f 28/28/28 27/27/27 22/22/22
f 22/22/22 21/21/21 28/28/28
f 24/24/24 23/23/23 30/30/30
f 30/30/30 29/29/29 24/24/24
f 32/32/32 31/31/31 42/42/42
f 42/42/42 41/41/41 32/32/32
f 44/44/44 43/43/43 2/2/2
f 2/2/2 1/1/1 44/44/44
f 51/51/51 52/52/52 53/53/53
f 53/53/53 54/54/54 51/51/51
f 55/55/55 51/51/51 54/54/54
f 54/54/54 56/56/33 55/55/55
f 57/57/56 55/55/55 56/56/33
f 56/56/33 58/58/36 57/57/56
f 59/59/45 60/60/57 57/57/56
f 57/57/56 58/58/36 59/59/45
f 61/61/48 62/62/58 60/60/57
f 60/60/57 59/59/45 61/61/48
f 62/62/58 61/61/48 63/63/5
f 63/63/5 64/64/59 62/62/58
f 65/65/60 64/64/59 63/63/5
f 63/63/5 66/66/8 65/65/60
f 67/67/61 65/65/60 66/66/8
f 66/66/8 68/68/62 67/67/61
f 69/69/63 67/67/61 68/68/62
f 68/68/62 70/70/40 69/69/63
f 71/71/17 72/72/64 69/69/63
f 69/69/63 70/70/40 71/71/17
f 73/73/20 74/74/65 72/72/64
f 72/72/64 71/71/17 73/73/20
f 75/75/13 76/76/66 74/74/65
f 74/74/65 73/73/20 75/75/13
f 77/77/67 76/76/66 75/75/13
f 75/75/13 78/78/16 77/77/67
f 79/79/68 77/77/67 78/78/16
f 78/78/16 80/80/69 79/79/68
f 81/81/70 79/79/68 80/80/69
f 80/80/69 82/82/71 81/81/70
f 83/83/72 84/84/73 81/81/70
f 81/81/70 82/82/71 83/83/72
f 85/85/28 86/86/74 84/84/73
f 84/84/73 83/83/72 85/85/28
f 87/87/21 88/88/75 86/86/74
f 86/86/74 85/85/28 87/87/21
f 89/89/76 88/88/75 87/87/21
f 87/87/21 90/90/77 89/89/76
f 91/91/78 89/89/76 90/90/77
f 90/90/77 92/92/29 91/91/78
f 93/93/79 91/91/78 92/92/29
f 92/92/29 94/94/32 93/93/79
f 95/95/41 96/96/80 93/93/79
f 93/93/79 94/94/32 95/95/41
f 97/97/44 98/98/81 96/96/80
f 96/96/80 95/95/41 97/97/44
f 53/53/53 52/52/52 98/98/81
f 98/98/81 97/97/44 53/53/53
f 52/52/52 51/51/51 99/99/82
f 51/51/51 55/55/55 99/99/82
f 55/55/55 57/57/56 99/99/82
f 57/57/56 60/60/57 99/99/82
f 60/60/57 62/62/58 99/99/82
f 62/62/58 64/64/59 99/99/82
f 64/64/59 65/65/60 99/99/82
f 65/65/60 67/67/61 99/99/82
f 67/67/61 69/69/63 99/99/82
f 69/69/63 72/72/64 99/99/82
f 72/72/64 74/74/65 99/99/82
f 74/74/65 76/76/66 99/99/82
f 76/76/66 77/77/67 99/99/82
f 77/77/67 79/79/68 99/99/82
f 79/79/68 81/81/70 99/99/82
f 81/81/70 84/84/73 99/99/82
f 84/84/73 86/86/74 99/99/82
f 86/86/74 88/88/75 99/99/82
f 88/88/75 89/89/76 99/99/82
f 89/89/76 91/91/78 99/99/82
f 91/91/78 93/93/79 99/99/82
f 93/93/79 96/96/80 99/99/82
f 96/96/80 98/98/81 99/99/82
f 98/98/81 52/52/52 99/99/82
f 100/100/83 101/101/84 102/102/85
f 102/102/85 103/103/86 100/100/83
f 104/104/87 105/105/88 106/106/89
f 106/106/89 107/107/90 104/104/87
f 108/108/91 109/109/92 110/110/93
f 110/110/93 111/111/94 108/108/91
f 112/112/95 113/113/96 114/114/97
f 114/114/97 115/115/98 112/112/95
f 116/116/99 117/117/100 118/118/101
f 118/118/101 119/119/102 116/116/99
f 120/120/103 121/121/104 122/122/105
f 122/122/105 123/123/106 120/120/103
f 124/124/107 125/125/108 126/126/109
f 126/126/109 127/127/110 124/124/107
f 128/128/111 129/129/112 130/130/113
f 130/130/113 131/131/114 128/128/111
f 132/132/115 133/133/116 134/134/117
f 134/134/117 135/135/118 132/132/115
f 130/130/113 136/136/119 137/137/120
f 137/137/120 131/131/114 130/130/113
f 138/138/121 139/139/122 140/140/123
f 140/140/123 141/141/124 138/138/121
f 142/142/125 143/143/126 144/144/127
f 144/144/127 145/145/128 142/142/125
f 146/146/129 142/142/125 145/145/128
f 145/145/128 147/147/130 146/146/129
f 109/109/92 146/146/129 147/147/130
f 147/147/130 110/110/93 109/109/92
f 136/136/119 105/105/88 104/104/87
f 104/104/87 137/137/120 136/136/119
f 102/102/85 124/124/107 127/127/110
f 127/127/110 103/103/86 102/102/85
f 148/148/131 149/149/132 150/150/133
f 150/150/133 151/151/134 148/148/131
f 118/118/101 121/121/104 120/120/103
f 120/120/103 119/119/102 118/118/101
f 114/114/97 117/117/100 116/116/99
f 116/116/99 115/115/98 114/114/97
f 106/106/89 113/113/96 112/112/95
f 112/112/95 107/107/90 106/106/89
f 152/152/135 153/153/136 149/149/132
f 149/149/132 154/154/137 152/152/135
f 155/155/138 109/109/92 108/108/91
f 108/108/91 156/156/139 155/155/138
f 157/157/140 158/158/141 159/159/142
f 159/159/142 160/160/143 157/157/140
f 161/161/144 133/133/116 132/132/115
f 132/132/115 162/162/145 161/161/144
f 163/163/146 164/164/147 143/143/126
f 143/143/126 142/142/125 163/163/146
f 165/165/148 163/163/146 142/142/125
f 142/142/125 146/146/129 165/165/148
f 155/155/138 165/165/148 146/146/129
f 146/146/129 109/109/92 155/155/138
f 166/166/149 154/154/137 149/149/132
f 149/149/132 148/148/131 166/166/149
f 167/167/150 100/100/83 103/103/86
f 103/103/86 168/168/151 167/167/150
f 104/104/87 107/107/90 169/169/152
f 170/170/153 171/171/154 172/172/155
f 172/172/155 173/173/156 170/170/153
f 115/115/98 174/174/157 175/175/158
f 175/175/158 112/112/95 115/115/98
f 119/119/102 176/176/159 177/177/160
f 177/177/160 116/116/99 119/119/102
f 123/123/106 178/178/161 179/179/162
f 179/179/162 120/120/103 123/123/106
f 126/126/109 180/180/163 181/181/164
f 181/181/164 127/127/110 126/126/109
f 131/131/114 182/182/165 183/183/166
f 183/183/166 128/128/111 131/131/114
f 128/128/111 183/183/166 184/184/167
f 184/184/167 140/140/123 128/128/111
f 131/131/114 137/137/120 185/185/168
f 185/185/168 182/182/165 131/131/114
f 140/140/123 184/184/167 186/186/169
f 186/186/169 141/141/124 140/140/123
f 141/141/124 186/186/169 187/187/170
f 187/187/170 188/188/171 141/141/124
f 188/188/171 187/187/170 189/189/172
f 189/189/172 190/190/173 188/188/171
f 170/170/153 190/190/173 189/189/172
f 189/189/172 171/171/154 170/170/153
f 137/137/120 104/104/87 169/169/152
f 169/169/152 185/185/168 137/137/120
f 103/103/86 127/127/110 181/181/164
f 181/181/164 168/168/151 103/103/86
f 123/123/106 100/100/83 167/167/150
f 167/167/150 178/178/161 123/123/106
f 119/119/102 120/120/103 179/179/162
f 179/179/162 176/176/159 119/119/102
f 115/115/98 116/116/99 177/177/160
f 177/177/160 174/174/157 115/115/98
f 107/107/90 112/112/95 175/175/158
f 175/175/158 169/169/152 107/107/90
f 150/150/133 191/191/174 102/102/85
f 102/102/85 101/101/84 150/150/133
f 105/105/88 192/192/175 193/193/176
f 193/193/176 106/106/89 105/105/88
f 194/194/177 170/170/153 173/173/156
f 173/173/156 195/195/178 194/194/177
f 113/113/96 196/196/179 197/197/180
f 197/197/180 114/114/97 113/113/96
f 117/117/100 198/198/181 199/199/182
f 199/199/182 118/118/101 117/117/100
f 121/121/104 200/200/183 151/151/134
f 151/151/134 122/122/105 121/121/104
f 201/201/184 202/202/185 125/125/108
f 125/125/108 124/124/107 201/201/184
f 129/129/112 134/134/117 203/203/186
f 203/203/186 130/130/113 129/129/112
f 128/128/111 140/140/123 139/139/122
f 139/139/122 129/129/112 128/128/111
f 130/130/113 203/203/186 204/204/187
f 204/204/187 136/136/119 130/130/113
f 144/144/127 135/135/118 139/139/122
f 139/139/122 138/138/121 144/144/127
f 141/141/124 188/188/171 205/205/188
f 205/205/188 138/138/121 141/141/124
f 188/188/171 190/190/173 206/206/189
f 206/206/189 205/205/188 188/188/171
f 190/190/173 170/170/153 194/194/177
f 194/194/177 206/206/189 190/190/173
f 136/136/119 204/204/187 192/192/175
f 192/192/175 105/105/88 136/136/119
f 102/102/85 191/191/174 201/201/184
f 201/201/184 124/124/107 102/102/85
f 100/100/83 123/123/106 122/122/105
f 122/122/105 101/101/84 100/100/83
f 118/118/101 199/199/182 200/200/183
f 200/200/183 121/121/104 118/118/101
f 114/114/97 197/197/180 198/198/181
f 198/198/181 117/117/100 114/114/97
f 106/106/89 193/193/176 196/196/179
f 196/196/179 113/113/96 106/106/89
f 207/207/190 208/208/191 209/209/192
f 209/209/192 210/210/193 207/207/190
f 211/211/194 212/212/195 213/213/196
f 213/213/196 214/214/197 211/211/194
f 215/215/198 216/216/199 217/217/200
f 217/217/200 218/218/201 215/215/198
f 219/219/202 220/220/203 166/166/149
f 166/166/149 148/148/131 219/219/202
f 133/133/116 161/161/144 221/221/204
f 221/221/204 222/222/205 133/133/116
f 222/222/205 221/221/204 223/223/206
f 223/223/206 224/224/207 222/222/205
f 164/164/147 162/162/145 132/132/115
f 132/132/115 143/143/126 164/164/147
f 224/224/207 223/223/206 208/208/191
f 208/208/191 207/207/190 224/224/207
f 153/153/136 152/152/135 160/160/143
f 160/160/143 159/159/142 153/153/136
f 218/218/201 217/217/200 220/220/203
f 220/220/203 219/219/202 218/218/201
f 214/214/197 213/213/196 216/216/199
f 216/216/199 215/215/198 214/214/197
f 210/210/193 209/209/192 212/212/195
f 212/212/195 211/211/194 210/210/193
f 194/194/177 195/195/178 111/111/94
f 111/111/94 110/110/93 194/194/177
f 129/129/112 139/139/122 135/135/118
f 135/135/118 134/134/117 129/129/112
f 138/138/121 205/205/188 145/145/128
f 145/145/128 144/144/127 138/138/121
f 205/205/188 206/206/189 147/147/130
f 147/147/130 145/145/128 205/205/188
f 206/206/189 194/194/177 110/110/93
f 110/110/93 147/147/130 206/206/189
f 101/101/84 122/122/105 151/151/134
f 151/151/134 150/150/133 101/101/84
f 149/149/132 153/153/136 191/191/174
f 191/191/174 150/150/133 149/149/132
f 192/192/175 207/207/190 210/210/193
f 210/210/193 193/193/176 192/192/175
f 196/196/179 211/211/194 214/214/197
f 214/214/197 197/197/180 196/196/179
f 198/198/181 215/215/198 218/218/201
f 218/218/201 199/199/182 198/198/181
f 200/200/183 219/219/202 148/148/131
f 148/148/131 151/151/134 200/200/183
f 159/159/142 158/158/141 202/202/185
f 202/202/185 201/201/184 159/159/142
f 134/134/117 133/133/116 222/222/205
f 222/222/205 203/203/186 134/134/117
f 203/203/186 222/222/205 224/224/207
f 224/224/207 204/204/187 203/203/186
f 143/143/126 132/132/115 135/135/118
f 135/135/118 144/144/127 143/143/126
f 204/204/187 224/224/207 207/207/190
f 207/207/190 192/192/175 204/204/187
f 191/191/174 153/153/136 159/159/142
f 159/159/142 201/201/184 191/191/174
f 199/199/182 218/218/201 219/219/202
f 219/219/202 200/200/183 199/199/182
f 197/197/180 214/214/197 215/215/198
f 215/215/198 198/198/181 197/197/180
f 193/193/176 210/210/193 211/211/194
f 211/211/194 196/196/179 193/193/176
f 225/225/208 226/226/209 227/227/150
f 228/228/210 227/227/150 226/226/209
f 229/229/211 230/230/212 231/231/213
f 232/232/214 233/233/215 172/172/216
f 234/234/217 172/172/216 233/233/215
f 235/235/218 236/236/219 237/237/220
f 238/238/221 237/237/220 236/236/219
f 239/239/222 240/240/223 241/241/224
f 242/242/225 241/241/224 240/240/223
f 243/243/226 244/244/227 245/245/228
f 246/246/229 245/245/228 244/244/227
f 181/181/164 247/247/230 248/248/231
f 249/249/232 250/250/233 251/251/234
f 252/252/235 253/253/236 254/254/237
f 255/255/238 256/256/239 257/257/240
f 258/258/241 257/257/240 256/256/239
f 259/259/242 260/260/243 261/261/244
f 262/262/245 263/263/246 264/264/247
f 265/265/248 266/266/249 267/267/250
f 232/232/214 268/268/251 269/269/252
f 230/230/212 270/270/253 255/255/238
f 271/271/254 255/255/238 270/270/253
f 225/225/208 272/272/255 273/273/256
f 227/227/150 274/274/257 243/243/226
f 275/275/258 243/243/226 274/274/257
f 245/245/228 276/276/259 239/239/222
f 277/277/260 239/239/222 276/276/259
f 241/241/224 278/278/261 235/235/218
f 279/279/262 235/235/218 278/278/261
f 237/237/220 280/280/263 230/230/212
f 281/281/264 230/230/212 280/280/263
f 282/282/265 283/283/266 284/284/267
f 284/284/267 285/285/268 282/282/265
f 286/286/269 282/282/265 285/285/268
f 285/285/268 287/287/270 286/286/269
f 288/288/271 289/289/272 290/290/273
f 290/290/273 291/291/274 288/288/271
f 292/292/275 288/288/271 291/291/274
f 291/291/274 293/293/276 292/292/275
f 294/294/277 295/295/278 296/296/279
f 296/296/279 297/297/280 294/294/277
f 298/298/281 294/294/277 297/297/280
f 297/297/280 299/299/282 298/298/281
f 300/300/283 301/301/284 302/302/285
f 302/302/285 303/303/286 300/300/283
f 304/304/287 300/300/283 303/303/286
f 303/303/286 305/305/288 304/304/287
f 306/306/289 307/307/290 308/308/291
f 308/308/291 309/309/292 306/306/289
f 310/310/293 306/306/289 309/309/292
f 309/309/292 311/311/294 310/310/293
f 312/312/295 313/313/296 314/314/297
f 314/314/297 315/315/298 312/312/295
f 307/307/290 312/312/295 315/315/298
f 315/315/298 308/308/291 307/307/290
f 316/316/299 317/317/300 318/318/301
f 318/318/301 319/319/302 316/316/299
f 313/313/296 316/316/299 319/319/302
f 319/319/302 314/314/297 313/313/296
f 320/320/303 321/321/304 322/322/305
f 322/322/305 323/323/306 320/320/303
f 317/317/300 320/320/303 323/323/306
f 323/323/306 318/318/301 317/317/300
f 324/324/307 325/325/308 326/326/309
f 326/326/309 327/327/310 324/324/307
f 321/321/304 324/324/307 327/327/310
f 327/327/310 322/322/305 321/321/304
f 328/328/311 292/292/275 293/293/276
f 293/293/276 329/329/312 328/328/311
f 325/325/308 328/328/311 329/329/312
f 329/329/312 326/326/309 325/325/308
f 330/330/313 331/331/314 332/332/315
f 332/332/315 333/333/316 330/330/313
f 334/334/317 330/330/313 333/333/316
f 333/333/316 335/335/318 334/334/317
f 336/336/319 286/286/269 287/287/270
f 287/287/270 337/337/320 336/336/319
f 301/301/284 336/336/319 337/337/320
f 337/337/320 302/302/285 301/301/284
f 338/338/321 339/339/322 340/340/323
f 340/340/323 341/341/324 338/338/321
f 342/342/325 338/338/321 341/341/324
f 341/341/324 343/343/326 342/342/325
f 344/344/327 345/345/328 346/346/329
f 346/346/329 347/347/330 344/344/327
f 348/348/331 344/344/327 347/347/330
f 347/347/330 349/349/332 348/348/331
f 344/344/327 348/348/331 350/350/333
f 350/350/333 351/351/334 344/344/327
f 345/345/328 344/344/327 351/351/334
f 351/351/334 334/334/317 345/345/328
f 352/352/335 353/353/336 354/354/337
f 354/354/337 355/355/338 352/352/335
f 356/356/339 352/352/335 355/355/338
f 355/355/338 357/357/340 356/356/339
f 358/358/341 359/359/342 360/360/343
f 360/360/343 361/361/344 358/358/341
f 362/362/345 358/358/341 361/361/344
f 361/361/344 363/363/346 362/362/345
f 358/358/341 362/362/345 364/364/347
f 364/364/347 365/365/348 358/358/341
f 359/359/342 358/358/341 365/365/348
f 365/365/348 366/366/349 359/359/342
f 367/367/350 368/368/351 369/369/352
f 369/369/352 370/370/353 367/367/350
f 371/371/354 367/367/350 370/370/353
f 370/370/353 372/372/355 371/371/354
f 367/367/350 371/371/354 373/373/356
f 373/373/356 374/374/357 367/367/350
f 368/368/351 367/367/350 374/374/357
f 374/374/357 375/375/358 368/368/351
f 376/376/359 294/294/277 298/298/281
f 298/298/281 377/377/360 376/376/359
f 378/378/361 376/376/359 377/377/360
f 377/377/360 379/379/362 378/378/361
f 376/376/359 378/378/361 380/380/363
f 380/380/363 381/381/364 376/376/359
f 294/294/277 376/376/359 381/381/364
f 381/381/364 295/295/278 294/294/277
f 382/382/365 383/383/339 384/384/340
f 384/384/340 385/385/366 382/382/365
f 386/386/367 382/382/365 385/385/366
f 385/385/366 387/387/368 386/386/367
f 388/388/369 389/389/370 390/390/371
f 390/390/371 391/391/372 388/388/369
f 392/392/373 388/388/369 391/391/372
f 391/391/372 393/393/374 392/392/373
f 394/394/375 392/392/373 393/393/374
f 393/393/374 395/395/376 394/394/375
f 396/396/377 394/394/375 395/395/376
f 395/395/376 397/397/378 396/396/377
f 398/398/379 399/399/380 331/331/314
f 331/331/314 400/400/381 398/398/379
f 401/401/382 398/398/379 400/400/381
f 400/400/381 402/402/383 401/401/382
f 398/398/379 401/401/382 389/389/370
f 389/389/370 403/403/384 398/398/379
f 399/399/380 398/398/379 403/403/384
f 403/403/384 310/310/293 399/399/380
f 404/404/385 396/396/377 397/397/378
f 397/397/378 405/405/386 404/404/385
f 406/406/387 404/404/385 405/405/386
f 405/405/386 407/407/388 406/406/387
f 408/408/389 406/406/387 407/407/388
f 407/407/388 409/409/390 408/408/389
f 410/410/391 408/408/389 409/409/390
f 409/409/390 411/411/392 410/410/391
f 412/412/393 410/410/391 411/411/392
f 411/411/392 413/413/394 412/412/393
f 414/414/395 412/412/393 413/413/394
f 413/413/394 415/415/396 414/414/395
f 416/416/397 414/414/395 415/415/396
f 415/415/396 417/417/398 416/416/397
f 353/353/336 416/416/397 417/417/398
f 417/417/398 354/354/337 353/353/336
f 418/418/399 350/350/333 419/419/400
f 419/419/400 420/420/401 418/418/399
f 402/402/383 418/418/399 420/420/401
f 420/420/401 421/421/402 402/402/383
f 422/422/403 386/386/367 387/387/368
f 387/387/368 423/423/404 422/422/403
f 339/339/322 422/422/403 423/423/404
f 423/423/404 340/340/323 339/339/322
f 424/424/405 425/425/406 283/283/266
f 283/283/266 426/426/407 424/424/405
f 427/427/408 424/424/405 426/426/407
f 426/426/407 342/342/325 427/427/408
f 424/424/405 427/427/408 379/379/362
f 379/379/362 377/377/360 424/424/405
f 425/425/406 424/424/405 377/377/360
f 377/377/360 298/298/281 425/425/406
f 428/428/409 429/429/410 295/295/278
f 295/295/278 381/381/364 428/428/409
f 430/430/411 428/428/409 381/381/364
f 381/381/364 380/380/363 430/430/411
f 428/428/409 430/430/411 372/372/355
f 372/372/355 370/370/353 428/428/409
f 429/429/410 428/428/409 370/370/353
f 370/370/353 369/369/352 429/429/410
f 431/431/412 432/432/413 375/375/358
f 375/375/358 374/374/357 431/431/412
f 433/433/414 431/431/412 374/374/357
f 374/374/357 373/373/356 433/433/414
f 431/431/412 433/433/414 363/363/346
f 363/363/346 361/361/344 431/431/412
f 432/432/413 431/431/412 361/361/344
f 361/361/344 360/360/343 432/432/413
f 434/434/415 364/364/347 435/435/416
f 435/435/416 436/436/417 434/434/415
f 349/349/332 434/434/415 436/436/417
f 436/436/417 437/437/418 349/349/332
f 341/341/324 340/340/323 438/438/419
f 438/438/419 439/439/420 341/341/324
f 343/343/326 341/341/324 439/439/420
f 439/439/420 440/440/421 343/343/326
f 441/441/422 437/437/418 442/442/423
f 442/442/423 443/443/424 441/441/422
f 419/419/400 441/441/422 443/443/424
f 443/443/424 444/444/425 419/419/400
f 445/445/426 446/446/427 447/447/428
f 447/447/428 448/448/429 445/445/426
f 449/449/430 445/445/426 448/448/429
f 448/448/429 450/450/431 449/449/430
f 451/451/432 452/452/433 453/453/434
f 453/453/434 454/454/435 451/451/432
f 435/435/416 451/451/432 454/454/435
f 454/454/435 455/455/436 435/435/416
f 456/456/437 457/457/438 458/458/439
f 458/458/439 459/459/440 456/456/437
f 460/460/441 456/456/437 459/459/440
f 459/459/440 461/461/442 460/460/441
f 462/462/443 463/463/444 464/464/445
f 464/464/445 465/465/446 462/462/443
f 466/466/447 462/462/443 465/465/446
f 465/465/446 467/467/448 466/466/447
f 468/468/449 469/469/430 470/470/431
f 470/470/431 471/471/450 468/468/449
f 472/472/451 468/468/449 471/471/450
f 471/471/450 473/473/452 472/472/451
f 391/391/372 390/390/371 474/474/453
f 474/474/453 475/475/454 391/391/372
f 393/393/374 391/391/372 475/475/454
f 475/475/454 476/476/455 393/393/374
f 477/477/456 476/476/455 478/478/457
f 478/478/457 479/479/458 477/477/456
f 480/480/459 477/477/456 479/479/458
f 479/479/458 481/481/460 480/480/459
f 482/482/461 421/421/402 483/483/462
f 483/483/462 484/484/463 482/482/461
f 390/390/371 482/482/461 484/484/463
f 484/484/463 474/474/453 390/390/371
f 485/485/464 480/480/459 481/481/460
f 481/481/460 486/486/465 485/485/464
f 487/487/466 485/485/464 486/486/465
f 486/486/465 488/488/467 487/487/466
f 409/409/390 407/407/388 487/487/466
f 487/487/466 489/489/468 409/409/390
f 411/411/392 409/409/390 489/489/468
f 489/489/468 490/490/469 411/411/392
f 491/491/470 490/490/469 492/492/471
f 492/492/471 493/493/472 491/491/470
f 494/494/473 491/491/470 493/493/472
f 493/493/472 495/495/474 494/494/473
f 496/496/475 494/494/473 495/495/474
f 495/495/474 497/497/476 496/496/475
f 446/446/427 496/496/475 497/497/476
f 497/497/476 447/447/428 446/446/427
f 420/420/401 419/419/400 444/444/425
f 444/444/425 498/498/477 420/420/401
f 421/421/402 420/420/401 498/498/477
f 498/498/477 483/483/462 421/421/402
f 499/499/478 472/472/451 473/473/452
f 473/473/452 500/500/479 499/499/478
f 438/438/419 499/499/478 500/500/479
f 500/500/479 501/501/480 438/438/419
f 502/502/481 343/343/326 440/440/421
f 440/440/421 503/503/482 502/502/481
f 463/463/444 502/502/481 503/503/482
f 503/503/482 464/464/445 463/463/444
f 504/504/483 466/466/447 467/467/448
f 467/467/448 505/505/484 504/504/483
f 457/457/438 504/504/483 505/505/484
f 505/505/484 458/458/439 457/457/438
f 506/506/485 460/460/441 461/461/442
f 461/461/442 507/507/486 506/506/485
f 452/452/433 506/506/485 507/507/486
f 507/507/486 453/453/434 452/452/433
f 436/436/417 435/435/416 455/455/436
f 455/455/436 508/508/487 436/436/417
f 437/437/418 436/436/417 508/508/487
f 508/508/487 442/442/423 437/437/418
f 509/509/488 338/338/321 342/342/325
f 342/342/325 426/426/407 509/509/488
f 282/282/265 509/509/488 426/426/407
f 426/426/407 283/283/266 282/282/265
f 509/509/488 282/282/265 286/286/269
f 286/286/269 510/510/489 509/509/488
f 338/338/321 509/509/488 510/510/489
f 510/510/489 339/339/322 338/338/321
f 441/441/422 348/348/331 349/349/332
f 349/349/332 437/437/418 441/441/422
f 348/348/331 441/441/422 419/419/400
f 419/419/400 350/350/333 348/348/331
f 511/511/490 352/352/335 356/356/339
f 356/356/339 512/512/491 511/511/490
f 288/288/271 511/511/490 512/512/491
f 512/512/491 289/289/272 288/288/271
f 511/511/490 288/288/271 292/292/275
f 292/292/275 513/513/492 511/511/490
f 352/352/335 511/511/490 513/513/492
f 513/513/492 353/353/336 352/352/335
f 451/451/432 362/362/345 363/363/346
f 363/363/346 452/452/433 451/451/432
f 362/362/345 451/451/432 435/435/416
f 435/435/416 364/364/347 362/362/345
f 456/456/437 371/371/354 372/372/355
f 372/372/355 457/457/438 456/456/437
f 371/371/354 456/456/437 460/460/441
f 460/460/441 373/373/356 371/371/354
f 462/462/443 378/378/361 379/379/362
f 379/379/362 463/463/444 462/462/443
f 378/378/361 462/462/443 466/466/447
f 466/466/447 380/380/363 378/378/361
f 514/514/493 382/382/365 386/386/367
f 386/386/367 515/515/494 514/514/493
f 300/300/283 514/514/493 515/515/494
f 515/515/494 301/301/284 300/300/283
f 514/514/493 300/300/283 304/304/287
f 304/304/287 516/516/491 514/514/493
f 382/382/365 514/514/493 516/516/491
f 516/516/491 383/383/339 382/382/365
f 517/517/495 388/388/369 392/392/373
f 392/392/373 518/518/496 517/517/495
f 306/306/289 517/517/495 518/518/496
f 518/518/496 307/307/290 306/306/289
f 517/517/495 306/306/289 310/310/293
f 310/310/293 403/403/384 517/517/495
f 388/388/369 517/517/495 403/403/384
f 403/403/384 389/389/370 388/388/369
f 519/519/497 394/394/375 396/396/377
f 396/396/377 520/520/498 519/519/497
f 312/312/295 519/519/497 520/520/498
f 520/520/498 313/313/296 312/312/295
f 519/519/497 312/312/295 307/307/290
f 307/307/290 518/518/496 519/519/497
f 394/394/375 519/519/497 518/518/496
f 518/518/496 392/392/373 394/394/375
f 482/482/461 401/401/382 402/402/383
f 402/402/383 421/421/402 482/482/461
f 401/401/382 482/482/461 390/390/371
f 390/390/371 389/389/370 401/401/382
f 521/521/499 404/404/385 406/406/387
f 406/406/387 522/522/500 521/521/499
f 316/316/299 521/521/499 522/522/500
f 522/522/500 317/317/300 316/316/299
f 521/521/499 316/316/299 313/313/296
f 313/313/296 520/520/498 521/521/499
f 404/404/385 521/521/499 520/520/498
f 520/520/498 396/396/377 404/404/385
f 523/523/501 408/408/389 410/410/391
f 410/410/391 524/524/502 523/523/501
f 320/320/303 523/523/501 524/524/502
f 524/524/502 321/321/304 320/320/303
f 523/523/501 320/320/303 317/317/300
f 317/317/300 522/522/500 523/523/501
f 408/408/389 523/523/501 522/522/500
f 522/522/500 406/406/387 408/408/389
f 525/525/503 412/412/393 414/414/395
f 414/414/395 526/526/504 525/525/503
f 324/324/307 525/525/503 526/526/504
f 526/526/504 325/325/308 324/324/307
f 525/525/503 324/324/307 321/321/304
f 321/321/304 524/524/502 525/525/503
f 412/412/393 525/525/503 524/524/502
f 524/524/502 410/410/391 412/412/393
f 527/527/505 416/416/397 353/353/336
f 353/353/336 513/513/492 527/527/505
f 328/328/311 527/527/505 513/513/492
f 513/513/492 292/292/275 328/328/311
f 527/527/505 328/328/311 325/325/308
f 325/325/308 526/526/504 527/527/505
f 416/416/397 527/527/505 526/526/504
f 526/526/504 414/414/395 416/416/397
f 528/528/506 418/418/399 402/402/383
f 402/402/383 400/400/381 528/528/506
f 330/330/313 528/528/506 400/400/381
f 400/400/381 331/331/314 330/330/313
f 528/528/506 330/330/313 334/334/317
f 334/334/317 351/351/334 528/528/506
f 418/418/399 528/528/506 351/351/334
f 351/351/334 350/350/333 418/418/399
f 529/529/507 422/422/403 339/339/322
f 339/339/322 510/510/489 529/529/507
f 336/336/319 529/529/507 510/510/489
f 510/510/489 286/286/269 336/336/319
f 529/529/507 336/336/319 301/301/284
f 301/301/284 515/515/494 529/529/507
f 422/422/403 529/529/507 515/515/494
f 515/515/494 386/386/367 422/422/403
f 502/502/481 427/427/408 342/342/325
f 342/342/325 343/343/326 502/502/481
f 427/427/408 502/502/481 463/463/444
f 463/463/444 379/379/362 427/427/408
f 504/504/483 430/430/411 380/380/363
f 380/380/363 466/466/447 504/504/483
f 430/430/411 504/504/483 457/457/438
f 457/457/438 372/372/355 430/430/411
f 506/506/485 433/433/414 373/373/356
f 373/373/356 460/460/441 506/506/485
f 433/433/414 506/506/485 452/452/433
f 452/452/433 363/363/346 433/433/414
f 530/530/508 434/434/415 349/349/332
f 349/349/332 347/347/330 530/530/508
f 531/531/509 530/530/508 347/347/330
f 347/347/330 346/346/329 531/531/509
f 530/530/508 531/531/509 366/366/349
f 366/366/349 365/365/348 530/530/508
f 434/434/415 530/530/508 365/365/348
f 365/365/348 364/364/347 434/434/415
f 532/532/510 231/231/213 281/281/264
f 281/281/264 533/533/511 532/532/510
f 231/231/213 532/532/510 335/335/318
f 335/335/318 229/229/211 231/231/213
f 534/534/512 236/236/219 279/279/262
f 279/279/262 535/535/513 534/534/512
f 236/236/219 534/534/512 536/536/514
f 536/536/514 238/238/221 236/236/219
f 537/537/515 240/240/223 277/277/260
f 277/277/260 538/538/516 537/537/515
f 240/240/223 537/537/515 539/539/517
f 539/539/517 242/242/225 240/240/223
f 540/540/518 256/256/239 271/271/254
f 271/271/254 332/332/315 540/540/518
f 256/256/239 540/540/518 311/311/294
f 311/311/294 258/258/241 256/256/239
f 541/541/519 274/274/257 228/228/210
f 228/228/210 284/284/267 541/541/519
f 274/274/257 541/541/519 299/299/282
f 299/299/282 275/275/258 274/274/257
f 542/542/520 276/276/259 246/246/229
f 246/246/229 296/296/279 542/542/520
f 276/276/259 542/542/520 538/538/516
f 538/538/516 277/277/260 276/276/259
f 543/543/521 278/278/261 242/242/225
f 242/242/225 539/539/517 543/543/521
f 278/278/261 543/543/521 535/535/513
f 535/535/513 279/279/262 278/278/261
f 544/544/522 280/280/263 238/238/221
f 238/238/221 536/536/514 544/544/522
f 280/280/263 544/544/522 533/533/511
f 533/533/511 281/281/264 280/280/263
f 226/226/209 285/285/268 284/284/267
f 284/284/267 228/228/210 226/226/209
f 285/285/268 226/226/209 273/273/256
f 273/273/256 287/287/270 285/285/268
f 233/233/215 291/291/274 290/290/273
f 290/290/273 234/234/217 233/233/215
f 291/291/274 233/233/215 269/269/252
f 269/269/252 293/293/276 291/291/274
f 244/244/227 297/297/280 296/296/279
f 296/296/279 246/246/229 244/244/227
f 297/297/280 244/244/227 275/275/258
f 275/275/258 299/299/282 297/297/280
f 247/247/230 303/303/286 302/302/285
f 302/302/285 248/248/231 247/247/230
f 303/303/286 247/247/230 545/545/217
f 545/545/217 305/305/288 303/303/286
f 250/250/233 309/309/292 308/308/291
f 308/308/291 251/251/234 250/250/233
f 309/309/292 250/250/233 258/258/241
f 258/258/241 311/311/294 309/309/292
f 253/253/236 315/315/298 314/314/297
f 314/314/297 254/254/237 253/253/236
f 315/315/298 253/253/236 251/251/234
f 251/251/234 308/308/291 315/315/298
f 260/260/243 319/319/302 318/318/301
f 318/318/301 261/261/244 260/260/243
f 319/319/302 260/260/243 254/254/237
f 254/254/237 314/314/297 319/319/302
f 263/263/246 323/323/306 322/322/305
f 322/322/305 264/264/247 263/263/246
f 323/323/306 263/263/246 261/261/244
f 261/261/244 318/318/301 323/323/306
f 266/266/249 327/327/310 326/326/309
f 326/326/309 267/267/250 266/266/249
f 327/327/310 266/266/249 264/264/247
f 264/264/247 322/322/305 327/327/310
f 268/268/251 329/329/312 293/293/276
f 293/293/276 269/269/252 268/268/251
f 329/329/312 268/268/251 267/267/250
f 267/267/250 326/326/309 329/329/312
f 270/270/253 333/333/316 332/332/315
f 332/332/315 271/271/254 270/270/253
f 333/333/316 270/270/253 229/229/211
f 229/229/211 335/335/318 333/333/316
f 272/272/255 337/337/320 287/287/270
f 287/287/270 273/273/256 272/272/255
f 337/337/320 272/272/255 248/248/231
f 248/248/231 302/302/285 337/337/320
f 345/345/328 532/532/510 533/533/511
f 533/533/511 346/346/329 345/345/328
f 532/532/510 345/345/328 334/334/317
f 334/334/317 335/335/318 532/532/510
f 359/359/342 534/534/512 535/535/513
f 535/535/513 360/360/343 359/359/342
f 534/534/512 359/359/342 366/366/349
f 366/366/349 536/536/514 534/534/512
f 368/368/351 537/537/515 538/538/516
f 538/538/516 369/369/352 368/368/351
f 537/537/515 368/368/351 375/375/358
f 375/375/358 539/539/517 537/537/515
f 399/399/380 540/540/518 332/332/315
f 332/332/315 331/331/314 399/399/380
f 540/540/518 399/399/380 310/310/293
f 310/310/293 311/311/294 540/540/518
f 425/425/406 541/541/519 284/284/267
f 284/284/267 283/283/266 425/425/406
f 541/541/519 425/425/406 298/298/281
f 298/298/281 299/299/282 541/541/519
f 429/429/410 542/542/520 296/296/279
f 296/296/279 295/295/278 429/429/410
f 542/542/520 429/429/410 369/369/352
f 369/369/352 538/538/516 542/542/520
f 432/432/413 543/543/521 539/539/517
f 539/539/517 375/375/358 432/432/413
f 543/543/521 432/432/413 360/360/343
f 360/360/343 535/535/513 543/543/521
f 531/531/509 544/544/522 536/536/514
f 536/536/514 366/366/349 531/531/509
f 544/544/522 531/531/509 346/346/329
f 346/346/329 533/533/511 544/544/522
f 546/546/523 439/439/420 438/438/419
f 438/438/419 501/501/480 546/546/523
f 439/439/420 546/546/523 547/547/524
f 547/547/524 440/440/421 439/439/420
f 548/548/525 443/443/424 442/442/423
f 442/442/423 549/549/526 548/548/525
f 443/443/424 548/548/525 550/550/527
f 550/550/527 444/444/425 443/443/424
f 355/355/338 445/445/426 449/449/430
f 449/449/430 357/357/340 355/355/338
f 445/445/426 355/355/338 354/354/337
f 354/354/337 446/446/427 445/445/426
f 551/551/528 454/454/435 453/453/434
f 453/453/434 552/552/529 551/551/528
f 454/454/435 551/551/528 553/553/530
f 553/553/530 455/455/436 454/454/435
f 554/554/531 459/459/440 458/458/439
f 458/458/439 555/555/532 554/554/531
f 459/459/440 554/554/531 556/556/533
f 556/556/533 461/461/442 459/459/440
f 557/557/534 465/465/446 464/464/445
f 464/464/445 558/558/535 557/557/534
f 465/465/446 557/557/534 559/559/536
f 559/559/536 467/467/448 465/465/446
f 385/385/366 468/468/449 472/472/451
f 472/472/451 387/387/368 385/385/366
f 468/468/449 385/385/366 384/384/340
f 384/384/340 469/469/430 468/468/449
f 560/560/537 475/475/454 474/474/453
f 474/474/453 561/561/538 560/560/537
f 475/475/454 560/560/537 478/478/457
f 478/478/457 476/476/455 475/475/454
f 395/395/376 477/477/456 480/480/459
f 480/480/459 397/397/378 395/395/376
f 477/477/456 395/395/376 393/393/374
f 393/393/374 476/476/455 477/477/456
f 562/562/539 484/484/463 483/483/462
f 483/483/462 563/563/540 562/562/539
f 484/484/463 562/562/539 561/561/538
f 561/561/538 474/474/453 484/484/463
f 405/405/386 485/485/464 487/487/466
f 487/487/466 407/407/388 405/405/386
f 485/485/464 405/405/386 397/397/378
f 397/397/378 480/480/459 485/485/464
f 564/564/541 489/489/468 487/487/466
f 487/487/466 488/488/467 564/564/541
f 489/489/468 564/564/541 492/492/471
f 492/492/471 490/490/469 489/489/468
f 413/413/394 491/491/470 494/494/473
f 494/494/473 415/415/396 413/413/394
f 491/491/470 413/413/394 411/411/392
f 411/411/392 490/490/469 491/491/470
f 417/417/398 496/496/475 446/446/427
f 446/446/427 354/354/337 417/417/398
f 496/496/475 417/417/398 415/415/396
f 415/415/396 494/494/473 496/496/475
f 565/565/542 498/498/477 444/444/425
f 444/444/425 550/550/527 565/565/542
f 498/498/477 565/565/542 563/563/540
f 563/563/540 483/483/462 498/498/477
f 423/423/404 499/499/478 438/438/419
f 438/438/419 340/340/323 423/423/404
f 499/499/478 423/423/404 387/387/368
f 387/387/368 472/472/451 499/499/478
f 566/566/543 503/503/482 440/440/421
f 440/440/421 547/547/524 566/566/543
f 503/503/482 566/566/543 558/558/535
f 558/558/535 464/464/445 503/503/482
f 567/567/544 505/505/484 467/467/448
f 467/467/448 559/559/536 567/567/544
f 505/505/484 567/567/544 555/555/532
f 555/555/532 458/458/439 505/505/484
f 568/568/545 507/507/486 461/461/442
f 461/461/442 556/556/533 568/568/545
f 507/507/486 568/568/545 552/552/529
f 552/552/529 453/453/434 507/507/486
f 569/569/546 508/508/487 455/455/436
f 455/455/436 553/553/530 569/569/546
f 508/508/487 569/569/546 549/549/526
f 549/549/526 442/442/423 508/508/487
f 237/237/220 238/238/221 280/280/263
f 235/235/218 279/279/262 236/236/219
f 239/239/222 277/277/260 240/240/223
f 245/245/228 246/246/229 276/276/259
f 241/241/224 242/242/225 278/278/261
f 225/225/208 273/273/256 226/226/209
f 243/243/226 275/275/258 244/244/227
f 227/227/150 228/228/210 274/274/257
f 232/232/214 269/269/252 233/233/215
f 181/181/164 180/180/163 247/247/230
f 180/180/163 545/545/217 247/247/230
f 225/225/208 181/181/164 272/272/255
f 181/181/164 248/248/231 272/272/255
f 265/265/248 262/262/245 266/266/249
f 262/262/245 264/264/247 266/266/249
f 232/232/214 265/265/248 268/268/251
f 265/265/248 267/267/250 268/268/251
f 249/249/232 257/257/240 250/250/233
f 257/257/240 258/258/241 250/250/233
f 252/252/235 249/249/232 253/253/236
f 249/249/232 251/251/234 253/253/236
f 255/255/238 271/271/254 256/256/239
f 259/259/242 252/252/235 260/260/243
f 252/252/235 254/254/237 260/260/243
f 262/262/245 259/259/242 263/263/246
f 259/259/242 261/261/244 263/263/246
f 230/230/212 281/281/264 231/231/213
f 230/230/212 229/229/211 270/270/253
f 570/570/428 571/571/547 572/572/548
f 571/571/547 573/573/549 574/574/550
f 575/575/551 574/574/550 576/576/552
f 574/574/550 573/573/549 577/577/553
f 578/578/554 579/579/555 580/580/556
f 579/579/555 573/573/549 581/581/557
f 582/582/558 581/581/557 583/583/559
f 581/581/557 573/573/549 584/584/560
f 585/585/471 586/586/561 587/587/562
f 586/586/561 573/573/549 588/588/563
f 589/589/564 588/588/563 590/590/565
f 588/588/563 573/573/549 571/571/547
f 591/591/566 577/577/553 592/592/567
f 577/577/553 573/573/549 593/593/568
f 594/594/569 593/593/568 595/595/570
f 593/593/568 573/573/549 596/596/571
f 597/597/572 598/598/573 599/599/574
f 598/598/573 573/573/549 600/600/575
f 601/601/529 602/602/576 603/603/577
f 602/602/576 573/573/549 604/604/578
f 605/605/579 606/606/580 607/607/581
f 606/606/580 573/573/549 608/608/582
f 609/609/583 610/610/584 611/611/585
f 610/610/584 573/573/549 612/612/586
f 613/613/587 614/614/588 615/615/589
f 614/614/588 573/573/549 579/579/555
f 616/616/590 617/617/591 618/618/592
f 617/617/591 573/573/549 614/614/588
f 619/619/593 584/584/560 620/620/594
f 584/584/560 573/573/549 586/586/561
f 621/621/595 600/600/575 622/622/596
f 600/600/575 573/573/549 617/617/591
f 623/623/524 596/596/571 624/624/597
f 596/596/571 573/573/549 610/610/584
f 625/625/536 612/612/586 626/626/598
f 612/612/586 573/573/549 606/606/580
f 627/627/599 608/608/582 628/628/600
f 608/608/582 573/573/549 602/602/576
f 629/629/601 604/604/578 630/630/602
f 604/604/578 573/573/549 598/598/573
f 571/571/547 574/574/550 572/572/548
f 574/574/550 575/575/551 572/572/548
f 574/574/550 577/577/553 576/576/552
f 577/577/553 591/591/566 576/576/552
f 579/579/555 581/581/557 580/580/556
f 581/581/557 582/582/558 580/580/556
f 581/581/557 584/584/560 583/583/559
f 584/584/560 619/619/593 583/583/559
f 586/586/561 588/588/563 587/587/562
f 588/588/563 589/589/564 587/587/562
f 588/588/563 571/571/547 590/590/565
f 571/571/547 570/570/428 590/590/565
f 577/577/553 593/593/568 592/592/567
f 593/593/568 594/594/569 592/592/567
f 593/593/568 596/596/571 595/595/570
f 596/596/571 623/623/524 595/595/570
f 598/598/573 600/600/575 599/599/574
f 600/600/575 621/621/595 599/599/574
f 602/602/576 604/604/578 603/603/577
f 604/604/578 629/629/601 603/603/577
f 606/606/580 608/608/582 607/607/581
f 608/608/582 627/627/599 607/607/581
f 610/610/584 612/612/586 611/611/585
f 612/612/586 625/625/536 611/611/585
f 614/614/588 579/579/555 615/615/589
f 579/579/555 578/578/554 615/615/589
f 617/617/591 614/614/588 618/618/592
f 614/614/588 613/613/587 618/618/592
f 584/584/560 586/586/561 620/620/594
f 586/586/561 585/585/471 620/620/594
f 600/600/575 617/617/591 622/622/596
f 617/617/591 616/616/590 622/622/596
f 596/596/571 610/610/584 624/624/597
f 610/610/584 609/609/583 624/624/597
f 612/612/586 606/606/580 626/626/598
f 606/606/580 605/605/579 626/626/598
f 608/608/582 602/602/576 628/628/600
f 602/602/576 601/601/529 628/628/600
f 604/604/578 598/598/573 630/630/602
f 598/598/573 597/597/572 630/630/602
f 631/631/603 632/632/604 633/633/605
f 633/633/605 634/634/606 631/631/603
f 635/635/607 636/636/608 637/637/609
f 637/637/609 638/638/610 635/635/607
f 638/638/610 637/637/609 639/639/611
f 639/639/611 640/640/612 638/638/610
f 641/641/613 642/642/614 643/643/615
f 643/643/615 644/644/616 641/641/613
f 645/645/617 646/646/618 647/647/619
f 647/647/619 648/648/620 645/645/617
f 644/644/616 643/643/615 649/649/621
f 649/649/621 650/650/622 644/644/616
f 651/651/623 652/652/624 644/644/616
f 644/644/616 650/650/622 651/651/623
f 636/636/608 653/653/625 654/654/626
f 654/654/626 637/637/609 636/636/608
f 637/637/609 654/654/626 645/645/617
f 645/645/617 639/639/611 637/637/609
f 655/655/627 641/641/613 644/644/616
f 644/644/616 652/652/624 655/655/627
f 653/653/625 656/656/628 654/654/626
f 653/653/625 636/636/608 657/657/629
f 657/657/629 658/658/630 653/653/625
f 639/639/611 659/659/631 660/660/632
f 660/660/632 640/640/612 639/639/611
f 661/661/633 662/662/634 642/642/614
f 642/642/614 641/641/613 661/661/633
f 648/648/620 659/659/631 639/639/611
f 639/639/611 645/645/617 648/648/620
f 663/663/635 661/661/633 641/641/613
f 641/641/613 655/655/627 663/663/635
f 655/655/627 652/652/624 664/664/636
f 664/664/636 665/665/637 655/655/627
f 640/640/612 660/660/632 666/666/638
f 666/666/638 667/667/639 640/640/612
f 668/668/640 669/669/641 648/648/620
f 653/653/625 658/658/630 670/670/642
f 670/670/642 656/656/628 653/653/625
f 656/656/628 671/671/643 672/672/644
f 672/672/644 654/654/626 656/656/628
f 654/654/626 672/672/644 646/646/618
f 646/646/618 645/645/617 654/654/626
f 656/656/628 670/670/642 673/673/645
f 673/673/645 671/671/643 656/656/628
f 642/642/614 646/646/618 672/672/644
f 672/672/644 643/643/615 642/642/614
f 643/643/615 672/672/644 671/671/643
f 671/671/643 674/674/646 643/643/615
f 674/674/646 671/671/643 673/673/645
f 673/673/645 675/675/647 674/674/646
f 676/676/648 677/677/649 647/647/619
f 647/647/619 662/662/634 676/676/648
f 643/643/615 674/674/646 649/649/621
f 649/649/621 674/674/646 675/675/647
f 675/675/647 678/678/650 649/649/621
f 679/679/651 680/680/652 681/681/653
f 681/681/653 682/682/654 679/679/651
f 679/679/651 676/676/648 662/662/634
f 677/677/649 668/668/640 648/648/620
f 648/648/620 647/647/619 677/677/649
f 680/680/652 679/679/651 662/662/634
f 662/662/634 661/661/633 680/680/652
f 648/648/620 669/669/641 683/683/655
f 683/683/655 659/659/631 648/648/620
f 646/646/618 642/642/614 662/662/634
f 662/662/634 647/647/619 646/646/618
f 659/659/631 683/683/655 684/684/656
f 684/684/656 660/660/632 659/659/631
f 661/661/633 663/663/635 685/685/657
f 685/685/657 680/680/652 661/661/633
f 685/685/657 663/663/635 686/686/658
f 686/686/658 687/687/659 685/685/657
f 688/688/660 689/689/661 690/690/662
f 690/690/662 691/691/663 688/688/660
f 692/692/664 693/693/665 694/694/666
f 694/694/666 695/695/667 692/692/664
f 696/696/668 697/697/669 698/698/670
f 698/698/670 699/699/671 696/696/668
f 700/700/672 701/701/673 693/693/665
f 693/693/665 692/692/664 700/700/672
f 634/634/606 702/702/674 703/703/675
f 703/703/675 631/631/603 634/634/606
f 695/695/667 694/694/666 704/704/676
f 704/704/676 705/705/677 695/695/667
f 706/706/678 707/707/679 708/708/680
f 708/708/680 709/709/681 706/706/678
f 702/702/674 710/710/682 711/711/683
f 711/711/683 703/703/675 702/702/674
f 710/710/682 712/712/684 713/713/685
f 713/713/685 711/711/683 710/710/682
f 713/713/685 712/712/684 689/689/661
f 689/689/661 688/688/660 713/713/685
f 714/714/686 715/715/687 716/716/688
f 716/716/688 717/717/689 714/714/686
f 632/632/604 718/718/690 719/719/691
f 719/719/691 633/633/605 632/632/604
f 720/720/692 721/721/693 722/722/694
f 722/722/694 723/723/695 720/720/692
f 714/714/686 724/724/696 725/725/697
f 725/725/697 715/715/687 714/714/686
f 701/701/673 700/700/672 726/726/698
f 726/726/698 727/727/699 701/701/673
f 721/721/693 709/709/681 708/708/680
f 708/708/680 722/722/694 721/721/693
f 718/718/690 705/705/677 704/704/676
f 704/704/676 719/719/691 718/718/690
f 727/727/699 726/726/698 728/728/700
f 728/728/700 729/729/701 727/727/699
f 729/729/701 728/728/700 730/730/702
f 730/730/702 731/731/703 729/729/701
f 730/730/702 732/732/704 733/733/705
f 733/733/705 731/731/703 730/730/702
f 697/697/669 696/696/668 691/691/663
f 691/691/663 690/690/662 697/697/669
f 733/733/705 732/732/704 717/717/689
f 717/717/689 716/716/688 733/733/705
f 707/707/679 706/706/678 699/699/671
f 699/699/671 698/698/670 707/707/679
f 734/734/706 735/735/707 736/736/606
f 736/736/606 737/737/708 734/734/706
f 738/738/709 739/739/710 682/682/654
f 682/682/654 740/740/711 738/738/709
f 741/741/665 742/742/712 743/743/713
f 743/743/713 744/744/666 741/741/665
f 745/745/714 681/681/653 687/687/659
f 687/687/659 746/746/715 745/745/714
f 747/747/716 657/657/629 742/742/712
f 742/742/712 741/741/665 747/747/716
f 735/735/707 748/748/717 749/749/718
f 749/749/718 736/736/606 735/735/707
f 743/743/713 667/667/639 750/750/676
f 750/750/676 744/744/666 743/743/713
f 686/686/658 665/665/637 751/751/719
f 751/751/719 752/752/679 686/686/658
f 748/748/717 753/753/720 754/754/682
f 754/754/682 749/749/718 748/748/717
f 753/753/720 755/755/721 756/756/684
f 756/756/684 754/754/682 753/753/720
f 756/756/684 755/755/721 739/739/710
f 739/739/710 738/738/709 756/756/684
f 757/757/722 678/678/650 758/758/723
f 758/758/723 759/759/724 757/757/722
f 737/737/708 760/760/725 666/666/638
f 666/666/638 734/734/706 737/737/708
f 761/761/726 762/762/727 664/664/636
f 664/664/636 763/763/728 761/761/726
f 759/759/724 761/761/726 763/763/728
f 763/763/728 757/757/722 759/759/724
f 746/746/715 687/687/659 686/686/658
f 686/686/658 752/752/679 746/746/715
f 657/657/629 747/747/716 764/764/699
f 764/764/699 658/658/630 657/657/629
f 762/762/727 751/751/719 665/665/637
f 665/665/637 664/664/636 762/762/727
f 760/760/725 750/750/676 667/667/639
f 667/667/639 666/666/638 760/760/725
f 658/658/630 764/764/699 765/765/729
f 765/765/729 670/670/642 658/658/630
f 670/670/642 765/765/729 766/766/730
f 766/766/730 673/673/645 670/670/642
f 766/766/730 767/767/731 675/675/647
f 675/675/647 673/673/645 766/766/730
f 767/767/731 758/758/723 678/678/650
f 678/678/650 675/675/647 767/767/731
f 681/681/653 745/745/714 740/740/711
f 740/740/711 682/682/654 681/681/653
f 757/757/722 650/650/622 649/649/621
f 649/649/621 678/678/650 757/757/722
f 651/651/623 650/650/622 757/757/722
f 757/757/722 763/763/728 651/651/623
f 686/686/658 663/663/635 655/655/627
f 655/655/627 665/665/637 686/686/658
f 681/681/653 680/680/652 685/685/657
f 685/685/657 687/687/659 681/681/653
f 739/739/710 676/676/648 679/679/651
f 679/679/651 682/682/654 739/739/710
f 677/677/649 676/676/648 739/739/710
f 739/739/710 755/755/721 677/677/649
f 668/668/640 677/677/649 755/755/721
f 755/755/721 753/753/720 668/668/640
f 669/669/641 668/668/640 753/753/720
f 753/753/720 748/748/717 669/669/641
f 735/735/707 683/683/655 669/669/641
f 669/669/641 748/748/717 735/735/707
f 734/734/706 684/684/656 683/683/655
f 683/683/655 735/735/707 734/734/706
f 666/666/638 660/660/632 684/684/656
f 684/684/656 734/734/706 666/666/638
f 743/743/713 638/638/610 640/640/612
f 640/640/612 667/667/639 743/743/713
f 635/635/607 638/638/610 743/743/713
f 743/743/713 742/742/712 635/635/607
f 636/636/608 635/635/607 742/742/712
f 742/742/712 657/657/629 636/636/608
f 664/664/636 652/652/624 651/651/623
f 651/651/623 763/763/728 664/664/636
f 768/768/732 769/769/733 770/770/734
f 770/770/734 771/771/735 768/768/732
f 772/772/736 773/773/737 774/774/738
f 774/774/738 775/775/739 772/772/736
f 771/771/735 770/770/734 776/776/740
f 776/776/740 777/777/741 771/771/735
f 778/778/742 779/779/743 780/780/744
f 780/780/744 781/781/745 778/778/742
f 782/782/746 783/783/747 784/784/748
f 784/784/748 785/785/749 782/782/746
f 786/786/750 787/787/751 788/788/752
f 788/788/752 789/789/753 786/786/750
f 782/782/746 790/790/754 791/791/755
f 791/791/755 783/783/747 782/782/746
f 792/792/756 789/789/753 788/788/752
f 788/788/752 793/793/757 792/792/756
f 778/778/742 785/785/749 784/784/748
f 784/784/748 779/779/743 778/778/742
f 786/786/750 775/775/739 774/774/738
f 774/774/738 787/787/751 786/786/750
f 794/794/758 795/795/759 773/773/737
f 773/773/737 772/772/736 794/794/758
f 796/796/760 781/781/745 780/780/744
f 780/780/744 797/797/761 796/796/760
f 798/798/762 799/799/763 800/800/764
f 800/800/764 801/801/765 798/798/762
f 802/802/766 796/796/760 797/797/761
f 797/797/761 803/803/767 802/802/766
f 804/804/768 805/805/769 806/806/770
f 806/806/770 807/807/771 804/804/768
f 808/808/772 809/809/773 810/810/774
f 810/810/774 811/811/775 808/808/772
f 798/798/762 812/812/776 813/813/777
f 813/813/777 799/799/763 798/798/762
f 804/804/768 802/802/766 803/803/767
f 803/803/767 805/805/769 804/804/768
f 814/814/778 815/815/779 816/816/780
f 816/816/780 817/817/781 814/814/778
f 818/818/782 819/819/783 820/820/784
f 815/815/779 821/821/785 822/822/786
f 822/822/786 823/823/787 815/815/779
f 821/821/785 824/824/788 825/825/789
f 825/825/789 822/822/786 821/821/785
f 821/821/785 815/815/779 826/826/790
f 826/826/790 827/827/791 821/821/785
f 824/824/788 821/821/785 827/827/791
f 827/827/791 828/828/792 824/824/788
f 829/829/793 827/827/791 826/826/790
f 826/826/790 819/819/783 829/829/793
f 830/830/794 828/828/792 827/827/791
f 827/827/791 829/829/793 830/830/794
f 819/819/783 818/818/782 831/831/795
f 831/831/795 829/829/793 819/819/783
f 832/832/796 830/830/794 829/829/793
f 829/829/793 831/831/795 832/832/796
f 833/833/797 834/834/798 835/835/799
f 835/835/799 836/836/800 833/833/797
f 837/837/801 814/814/778 838/838/802
f 838/838/802 839/839/803 837/837/801
f 814/814/778 817/817/781 840/840/804
f 840/840/804 838/838/802 814/814/778
f 837/837/801 839/839/803 841/841/805
f 841/841/805 842/842/806 837/837/801
f 801/801/765 800/800/764 795/795/759
f 795/795/759 794/794/758 801/801/765
f 843/843/807 844/844/808 839/839/803
f 839/839/803 838/838/802 843/843/807
f 839/839/803 844/844/808 834/834/798
f 834/834/798 841/841/805 839/839/803
f 845/845/809 846/846/810 844/844/808
f 844/844/808 843/843/807 845/845/809
f 844/844/808 846/846/810 835/835/799
f 835/835/799 834/834/798 844/844/808
f 833/833/797 847/847/811 841/841/805
f 841/841/805 834/834/798 833/833/797
f 847/847/811 848/848/812 841/841/805
f 849/849/813 843/843/807 838/838/802
f 838/838/802 850/850/814 849/849/813
f 849/849/813 851/851/815 845/845/809
f 845/845/809 843/843/807 849/849/813
f 852/852/816 853/853/817 809/809/773
f 809/809/773 808/808/772 852/852/816
f 819/819/783 826/826/790 837/837/801
f 837/837/801 842/842/806 819/819/783
f 815/815/779 823/823/787 816/816/780
f 842/842/806 854/854/818 820/820/784
f 820/820/784 819/819/783 842/842/806
f 815/815/779 814/814/778 837/837/801
f 837/837/801 826/826/790 815/815/779
f 852/852/816 807/807/771 806/806/770
f 806/806/770 853/853/817 852/852/816
f 768/768/732 792/792/756 793/793/757
f 793/793/757 769/769/733 768/768/732
f 840/840/804 850/850/814 838/838/802
f 848/848/812 854/854/818 842/842/806
f 842/842/806 841/841/805 848/848/812
f 855/855/819 856/856/820 857/857/732
f 857/857/732 858/858/821 855/855/819
f 859/859/822 860/860/746 861/861/823
f 861/861/823 862/862/824 859/859/822
f 863/863/825 864/864/826 865/865/827
f 865/865/827 866/866/753 863/863/825
f 867/867/828 868/868/829 860/860/746
f 860/860/746 859/859/822 867/867/828
f 862/862/824 861/861/823 869/869/742
f 869/869/742 870/870/830 862/862/824
f 864/864/826 871/871/831 872/872/739
f 872/872/739 865/865/827 864/864/826
f 873/873/832 874/874/833 875/875/834
f 875/875/834 876/876/760 873/873/832
f 877/877/835 873/873/832 876/876/760
f 876/876/760 878/878/766 877/877/835
f 879/879/836 880/880/837 881/881/838
f 881/881/838 882/882/839 879/879/836
f 880/880/837 877/877/835 878/878/766
f 878/878/766 881/881/838 880/880/837
f 871/871/831 883/883/840 884/884/841
f 884/884/841 872/872/739 871/871/831
f 883/883/840 885/885/842 886/886/843
f 886/886/843 884/884/841 883/883/840
f 887/887/844 888/888/772 889/889/845
f 889/889/845 890/890/846 887/887/844
f 891/891/847 892/892/848 868/868/829
f 868/868/829 867/867/828 891/891/847
f 887/887/844 893/893/849 894/894/850
f 894/894/850 888/888/772 887/887/844
f 890/890/846 889/889/845 895/895/851
f 895/895/851 896/896/852 890/890/846
f 811/811/775 810/810/774 813/813/777
f 813/813/777 812/812/776 811/811/775
f 777/777/741 776/776/740 791/791/755
f 791/791/755 790/790/754 777/777/741
f 892/892/848 891/891/847 897/897/853
f 897/897/853 898/898/854 892/892/848
f 875/875/834 874/874/833 870/870/830
f 870/870/830 869/869/742 875/875/834
f 866/866/753 899/899/855 900/900/856
f 900/900/856 863/863/825 866/866/753
f 886/886/843 885/885/842 901/901/857
f 901/901/857 902/902/765 886/886/843
f 902/902/765 901/901/857 903/903/858
f 903/903/858 904/904/762 902/902/765
f 882/882/839 894/894/850 893/893/849
f 893/893/849 879/879/836 882/882/839
f 904/904/762 903/903/858 896/896/852
f 896/896/852 895/895/851 904/904/762
f 899/899/855 857/857/732 856/856/820
f 856/856/820 900/900/856 899/899/855
f 850/850/814 840/840/804 769/769/733
f 769/769/733 793/793/757 850/850/814
f 849/849/813 850/850/814 793/793/757
f 793/793/757 788/788/752 849/849/813
f 787/787/751 851/851/815 849/849/813
f 849/849/813 788/788/752 787/787/751
f 845/845/809 851/851/815 787/787/751
f 787/787/751 774/774/738 845/845/809
f 773/773/737 846/846/810 845/845/809
f 845/845/809 774/774/738 773/773/737
f 795/795/759 835/835/799 846/846/810
f 846/846/810 773/773/737 795/795/759
f 800/800/764 836/836/800 835/835/799
f 835/835/799 795/795/759 800/800/764
f 799/799/763 833/833/797 836/836/800
f 836/836/800 800/800/764 799/799/763
f 847/847/811 833/833/797 799/799/763
f 799/799/763 813/813/777 847/847/811
f 810/810/774 848/848/812 847/847/811
f 847/847/811 813/813/777 810/810/774
f 809/809/773 854/854/818 848/848/812
f 848/848/812 810/810/774 809/809/773
f 853/853/817 820/820/784 854/854/818
f 854/854/818 809/809/773 853/853/817
f 818/818/782 820/820/784 853/853/817
f 853/853/817 806/806/770 818/818/782
f 805/805/769 831/831/795 818/818/782
f 818/818/782 806/806/770 805/805/769
f 832/832/796 831/831/795 805/805/769
f 805/805/769 803/803/767 832/832/796
f 830/830/794 832/832/796 803/803/767
f 803/803/767 797/797/761 830/830/794
f 828/828/792 830/830/794 797/797/761
f 797/797/761 780/780/744 828/828/792
f 779/779/743 824/824/788 828/828/792
f 828/828/792 780/780/744 779/779/743
f 825/825/789 824/824/788 779/779/743
f 779/779/743 784/784/748 825/825/789
f 783/783/747 822/822/786 825/825/789
f 825/825/789 784/784/748 783/783/747
f 823/823/787 822/822/786 783/783/747
f 783/783/747 791/791/755 823/823/787
f 776/776/740 816/816/780 823/823/787
f 823/823/787 791/791/755 776/776/740
f 770/770/734 817/817/781 816/816/780
f 816/816/780 776/776/740 770/770/734
f 769/769/733 840/840/804 817/817/781
f 817/817/781 770/770/734 769/769/733
f 905/905/859 906/906/860 907/907/861
f 907/907/861 908/908/862 905/905/859
f 909/909/863 905/905/859 908/908/862
f 908/908/862 910/910/864 909/909/863
f 911/911/865 912/912/866 913/913/867
f 913/913/867 914/914/868 911/911/865
f 913/913/867 915/915/869 916/916/870
f 916/916/870 914/914/868 913/913/867
f 916/916/870 915/915/869 917/917/871
f 917/917/871 918/918/872 916/916/870
f 919/919/873 918/918/872 917/917/871
f 917/917/871 920/920/874 919/919/873
f 921/921/875 919/919/873 920/920/874
f 920/920/874 922/922/876 921/921/875
f 923/923/877 924/924/878 925/925/879
f 925/925/879 926/926/880 923/923/877
f 925/925/879 927/927/881 928/928/882
f 928/928/882 926/926/880 925/925/879
f 929/929/883 930/930/884 928/928/882
f 928/928/882 927/927/881 929/929/883
f 931/931/885 930/930/884 929/929/883
f 929/929/883 932/932/886 931/931/885
f 933/933/887 931/931/885 932/932/886
f 932/932/886 934/934/888 933/933/887
f 935/935/889 936/936/890 937/937/891
f 937/937/891 938/938/892 935/935/889
f 937/937/891 939/939/893 940/940/894
f 940/940/894 938/938/892 937/937/891
f 941/941/895 942/942/896 940/940/894
f 940/940/894 939/939/893 941/941/895
f 943/943/897 942/942/896 941/941/895
f 941/941/895 944/944/898 943/943/897
f 945/945/899 943/943/897 944/944/898
f 944/944/898 946/946/900 945/945/899
f 947/947/901 948/948/902 949/949/903
f 949/949/903 950/950/904 947/947/901
f 949/949/903 951/951/905 952/952/906
f 952/952/906 950/950/904 949/949/903
f 951/951/905 907/907/861 906/906/860
f 906/906/860 952/952/906 951/951/905
f 953/953/907 954/954/908 955/955/909
f 955/955/909 956/956/861 953/953/907
f 957/957/910 958/958/911 959/959/912
f 959/959/912 960/960/913 957/957/910
f 961/961/914 962/962/915 963/963/916
f 963/963/916 964/964/917 961/961/914
f 965/965/918 966/966/919 967/967/920
f 967/967/920 968/968/921 965/965/918
f 969/969/922 970/970/923 971/971/924
f 971/971/924 972/972/925 969/969/922
f 973/973/926 974/974/927 975/975/928
f 975/975/928 976/976/891 973/973/926
f 977/977/929 978/978/930 979/979/931
f 979/979/931 980/980/932 977/977/929
f 981/981/933 982/982/934 983/983/935
f 983/983/935 984/984/936 981/981/933
f 985/985/937 986/986/938 987/987/939
f 987/987/939 988/988/940 985/985/937
f 954/954/908 985/985/937 988/988/940
f 988/988/940 955/955/909 954/954/908
f 989/989/941 957/957/910 960/960/913
f 960/960/913 990/990/942 989/989/941
f 958/958/911 991/991/943 992/992/944
f 992/992/944 959/959/912 958/958/911
f 991/991/943 993/993/945 994/994/946
f 994/994/946 992/992/944 991/991/943
f 966/966/919 961/961/914 964/964/917
f 964/964/917 967/967/920 966/966/919
f 962/962/915 995/995/947 996/996/948
f 996/996/948 963/963/916 962/962/915
f 995/995/947 997/997/949 998/998/950
f 998/998/950 996/996/948 995/995/947
f 974/974/927 969/969/922 972/972/925
f 972/972/925 975/975/928 974/974/927
f 970/970/923 999/999/951 1000/1000/952
f 1000/1000/952 971/971/924 970/970/923
f 999/999/951 1001/1001/953 1002/1002/954
f 1002/1002/954 1000/1000/952 999/999/951
f 980/980/932 979/979/931 953/953/907
f 953/953/907 956/956/861 980/980/932
f 905/905/859 1003/1003/955 906/906/860
f 909/909/863 1003/1003/955 905/905/859
f 914/914/868 1003/1003/955 911/911/865
f 916/916/870 1003/1003/955 914/914/868
f 918/918/872 1003/1003/955 916/916/870
f 919/919/873 1003/1003/955 918/918/872
f 921/921/875 1003/1003/955 919/919/873
f 926/926/880 1003/1003/955 923/923/877
f 928/928/882 1003/1003/955 926/926/880
f 930/930/884 1003/1003/955 928/928/882
f 931/931/885 1003/1003/955 930/930/884
f 933/933/887 1003/1003/955 931/931/885
f 938/938/892 1003/1003/955 935/935/889
f 940/940/894 1003/1003/955 938/938/892
f 942/942/896 1003/1003/955 940/940/894
f 943/943/897 1003/1003/955 942/942/896
f 945/945/899 1003/1003/955 943/943/897
f 950/950/904 1003/1003/955 947/947/901
f 952/952/906 1003/1003/955 950/950/904
f 906/906/860 1003/1003/955 952/952/906
f 923/923/877 921/921/875 922/922/876
f 922/922/876 924/924/878 923/923/877
f 965/965/918 968/968/921 994/994/946
f 994/994/946 993/993/945 965/965/918
f 1003/1003/955 921/921/875 923/923/877
f 911/911/865 909/909/863 910/910/864
f 910/910/864 912/912/866 911/911/865
f 981/981/933 984/984/936 987/987/939
f 987/987/939 986/986/938 981/981/933
f 1003/1003/955 909/909/863 911/911/865
f 935/935/889 933/933/887 934/934/888
f 934/934/888 936/936/890 935/935/889
f 973/973/926 976/976/891 998/998/950
f 998/998/950 997/997/949 973/973/926
f 1003/1003/955 933/933/887 935/935/889
f 947/947/901 945/945/899 946/946/900
f 946/946/900 948/948/902 947/947/901
f 978/978/930 977/977/929 1002/1002/954
f 1002/1002/954 1001/1001/953 978/978/930
f 1003/1003/955 945/945/899 947/947/901
f 1004/1004/956 1005/1005/957 1006/1006/958
f 1006/1006/958 1007/1007/959 1004/1004/956
f 1008/1008/960 1009/1009/961 1010/1010/962
f 1010/1010/962 1011/1011/963 1008/1008/960
f 1012/1012/964 1013/1013/965 1014/1014/966
f 1014/1014/966 1015/1015/967 1012/1012/964
f 1016/1016/968 1017/1017/969 1018/1018/970
f 1018/1018/970 1019/1019/971 1016/1016/968
f 1020/1020/972 1021/1021/973 1022/1022/974
f 1022/1022/974 1023/1023/975 1020/1020/972
f 1024/1024/976 1025/1025/977 1026/1026/978
f 1026/1026/978 1027/1027/979 1024/1024/976
f 1028/1028/980 1029/1029/981 1030/1030/982
f 1030/1030/982 1031/1031/983 1028/1028/980
f 1032/1032/984 1033/1033/985 1034/1034/986
f 1034/1034/986 1035/1035/987 1032/1032/984
f 1036/1036/988 1037/1037/989 1038/1038/990
f 1038/1038/990 1039/1039/991 1036/1036/988
f 1040/1040/992 1041/1041/993 1042/1042/994
f 1042/1042/994 1043/1043/995 1040/1040/992
f 1044/1044/996 1045/1045/997 1046/1046/998
f 1046/1046/998 1047/1047/999 1044/1044/996
f 1048/1048/1000 1049/1049/1001 1050/1050/1002
f 1050/1050/1002 1051/1051/1003 1048/1048/1000
f 1039/1039/991 1038/1038/990 1049/1049/1001
f 1049/1049/1001 1048/1048/1000 1039/1039/991
f 1007/1007/959 1006/1006/958 1037/1037/989
f 1037/1037/989 1036/1036/988 1007/1007/959
f 1052/1052/1004 1053/1053/1005 1009/1009/961
f 1009/1009/961 1008/1008/960 1052/1052/1004
f 1011/1011/963 1010/1010/962 1041/1041/993
f 1041/1041/993 1040/1040/992 1011/1011/963
f 1043/1043/995 1042/1042/994 1021/1021/973
f 1021/1021/973 1020/1020/972 1043/1043/995
f 1023/1023/975 1022/1022/974 1017/1017/969
f 1017/1017/969 1016/1016/968 1023/1023/975
f 1019/1019/971 1018/1018/970 1013/1013/965
f 1013/1013/965 1012/1012/964 1019/1019/971
f 1015/1015/967 1014/1014/966 1029/1029/981
f 1029/1029/981 1028/1028/980 1015/1015/967
f 1031/1031/983 1030/1030/982 1025/1025/977
f 1025/1025/977 1024/1024/976 1031/1031/983
f 1027/1027/979 1026/1026/978 1033/1033/985
f 1033/1033/985 1032/1032/984 1027/1027/979
f 1035/1035/987 1034/1034/986 1045/1045/997
f 1045/1045/997 1044/1044/996 1035/1035/987
f 1047/1047/999 1046/1046/998 1005/1005/957
f 1005/1005/957 1004/1004/956 1047/1047/999
f 1054/1054/1006 1055/1055/1007 1056/1056/1008
f 1056/1056/1008 1057/1057/1009 1054/1054/1006
f 1058/1058/1010 1054/1054/1006 1057/1057/1009
f 1057/1057/1009 1059/1059/988 1058/1058/1010
f 1060/1060/1011 1058/1058/1010 1059/1059/988
f 1059/1059/988 1061/1061/991 1060/1060/1011
f 1062/1062/1012 1063/1063/1013 1060/1060/1011
f 1060/1060/1011 1061/1061/991 1062/1062/1012
f 1064/1064/1003 1065/1065/1014 1063/1063/1013
f 1063/1063/1013 1062/1062/1012 1064/1064/1003
f 1065/1065/1014 1064/1064/1003 1066/1066/960
f 1066/1066/960 1067/1067/1015 1065/1065/1014
f 1068/1068/1016 1067/1067/1015 1066/1066/960
f 1066/1066/960 1069/1069/963 1068/1068/1016
f 1070/1070/1017 1068/1068/1016 1069/1069/963
f 1069/1069/963 1071/1071/1018 1070/1070/1017
f 1072/1072/1019 1070/1070/1017 1071/1071/1018
f 1071/1071/1018 1073/1073/995 1072/1072/1019
f 1074/1074/972 1075/1075/1020 1072/1072/1019
f 1072/1072/1019 1073/1073/995 1074/1074/972
f 1076/1076/1021 1077/1077/1022 1075/1075/1020
f 1075/1075/1020 1074/1074/972 1076/1076/1021
f 1078/1078/1023 1079/1079/1024 1077/1077/1022
f 1077/1077/1022 1076/1076/1021 1078/1078/1023
f 1080/1080/1025 1079/1079/1024 1078/1078/1023
f 1078/1078/1023 1081/1081/1026 1080/1080/1025
f 1082/1082/1027 1080/1080/1025 1081/1081/1026
f 1081/1081/1026 1083/1083/964 1082/1082/1027
f 1084/1084/1028 1082/1082/1027 1083/1083/964
f 1083/1083/964 1085/1085/967 1084/1084/1028
f 1086/1086/1029 1087/1087/1030 1084/1084/1028
f 1084/1084/1028 1085/1085/967 1086/1086/1029
f 1088/1088/983 1089/1089/1031 1087/1087/1030
f 1087/1087/1030 1086/1086/1029 1088/1088/983
f 1090/1090/976 1091/1091/1032 1089/1089/1031
f 1089/1089/1031 1088/1088/983 1090/1090/976
f 1092/1092/1033 1091/1091/1032 1090/1090/976
f 1090/1090/976 1093/1093/1034 1092/1092/1033
f 1094/1094/1035 1092/1092/1033 1093/1093/1034
f 1093/1093/1034 1095/1095/984 1094/1094/1035
f 1096/1096/1036 1094/1094/1035 1095/1095/984
f 1095/1095/984 1097/1097/1037 1096/1096/1036
f 1098/1098/996 1099/1099/1038 1096/1096/1036
f 1096/1096/1036 1097/1097/1037 1098/1098/996
f 1100/1100/999 1101/1101/1039 1099/1099/1038
f 1099/1099/1038 1098/1098/996 1100/1100/999
f 1056/1056/1008 1055/1055/1007 1101/1101/1039
f 1101/1101/1039 1100/1100/999 1056/1056/1008
f 1055/1055/1007 1054/1054/1006 1102/1102/1040
f 1054/1054/1006 1058/1058/1010 1102/1102/1040
f 1058/1058/1010 1060/1060/1011 1102/1102/1040
f 1060/1060/1011 1063/1063/1013 1102/1102/1040
f 1063/1063/1013 1065/1065/1014 1102/1102/1040
f 1065/1065/1014 1067/1067/1015 1102/1102/1040
f 1067/1067/1015 1068/1068/1016 1102/1102/1040
f 1068/1068/1016 1070/1070/1017 1102/1102/1040
f 1070/1070/1017 1072/1072/1019 1102/1102/1040
f 1072/1072/1019 1075/1075/1020 1102/1102/1040
f 1075/1075/1020 1077/1077/1022 1102/1102/1040
f 1077/1077/1022 1079/1079/1024 1102/1102/1040
f 1079/1079/1024 1080/1080/1025 1102/1102/1040
f 1080/1080/1025 1082/1082/1027 1102/1102/1040
f 1082/1082/1027 1084/1084/1028 1102/1102/1040
f 1084/1084/1028 1087/1087/1030 1102/1102/1040
f 1087/1087/1030 1089/1089/1031 1102/1102/1040
f 1089/1089/1031 1091/1091/1032 1102/1102/1040
f 1091/1091/1032 1092/1092/1033 1102/1102/1040
f 1092/1092/1033 1094/1094/1035 1102/1102/1040
f 1094/1094/1035 1096/1096/1036 1102/1102/1040
f 1096/1096/1036 1099/1099/1038 1102/1102/1040
f 1099/1099/1038 1101/1101/1039 1102/1102/1040
f 1101/1101/1039 1055/1055/1007 1102/1102/1040
f 1103/1103/1041 1104/1104/1042 1105/1105/1043
f 1106/1106/1044 1107/1107/1045 1108/1108/1046
f 1109/1109/1047 1110/1110/1048 1111/1111/1049
f 1111/1111/1049 1112/1112/1050 1109/1109/1047
f 1113/1113/1051 1114/1114/1052 1115/1115/1053
f 1116/1116/1054 1117/1117/1055 1118/1118/1056
f 1118/1118/1056 1119/1119/1057 1116/1116/1054
f 1116/1116/1054 1120/1120/1058 1121/1121/1059
f 1121/1121/1059 1122/1122/1060 1116/1116/1054
f 1123/1123/1061 1124/1124/1062 1125/1125/1063
f 1125/1125/1063 1126/1126/1064 1123/1123/1061
f 1126/1126/1064 1127/1127/1065 1123/1123/1061
f 1128/1128/1066 1129/1129/1067 1130/1130/1068
f 1130/1130/1068 1127/1127/1065 1128/1128/1066
f 1131/1131/1069 1132/1132/1070 1133/1133/1071
f 1134/1134/1072 1135/1135/1073 1136/1136/1074
f 1136/1136/1074 1137/1137/1075 1134/1134/1072
f 1138/1138/1076 1139/1139/1077 1140/1140/1078
f 1141/1141/1079 1142/1142/1080 1143/1143/1081
f 1144/1144/1082 1145/1145/1083 1146/1146/1084
f 1146/1146/1084 1147/1147/1085 1144/1144/1082
f 1148/1148/1086 1149/1149/1087 1150/1150/1088
f 1150/1150/1088 1151/1151/1089 1148/1148/1086
f 1152/1152/1090 1153/1153/1091 1154/1154/1092
f 1154/1154/1092 1155/1155/1093 1152/1152/1090
f 1156/1156/1094 1157/1157/1095 1158/1158/1096
f 1158/1158/1096 1159/1159/1097 1156/1156/1094
f 1160/1160/1098 1161/1161/1099 1162/1162/1100
f 1162/1162/1100 1163/1163/1101 1160/1160/1098
f 1164/1164/1102 1165/1165/1103 1166/1166/1104
f 1166/1166/1104 1167/1167/1105 1164/1164/1102
f 1168/1168/1106 1169/1169/1107 1170/1170/1108
f 1170/1170/1108 1171/1171/1109 1168/1168/1106
f 1172/1172/1110 1173/1173/1111 1174/1174/1112
f 1174/1174/1112 1175/1175/1113 1172/1172/1110
f 1176/1176/1114 1177/1177/1115 1178/1178/1116
f 1178/1178/1116 1179/1179/1117 1176/1176/1114
f 1180/1180/1118 1181/1181/1119 1182/1182/1120
f 1182/1182/1120 1183/1183/1121 1180/1180/1118
f 1184/1184/1122 1185/1185/1123 1186/1186/1124
f 1105/1105/1043 1108/1108/1046 1187/1187/1125
f 1187/1187/1125 1188/1188/1126 1105/1105/1043
f 1108/1108/1046 1112/1112/1050 1189/1189/1127
f 1189/1189/1127 1187/1187/1125 1108/1108/1046
f 1189/1189/1127 1111/1111/1049 1190/1190/1128
f 1115/1115/1053 1191/1191/1129 1190/1190/1128
f 1192/1192/1130 1193/1193/1131 1194/1194/1132
f 1195/1195/1133 1196/1196/1134 1121/1121/1059
f 1121/1121/1059 1197/1197/1135 1195/1195/1133
f 1123/1123/1061 1198/1198/1136 1199/1199/1137
f 1199/1199/1137 1124/1124/1062 1123/1123/1061
f 1130/1130/1068 1200/1200/1138 1123/1123/1061
f 1200/1200/1138 1201/1201/1139 1202/1202/1140
f 1202/1202/1140 1203/1203/1141 1200/1200/1138
f 1204/1204/1142 1205/1205/1143 1206/1206/1144
f 1206/1206/1144 1207/1207/1145 1204/1204/1142
f 1208/1208/1146 1209/1209/1147 1210/1210/1148
f 1210/1210/1148 1211/1211/1149 1208/1208/1146
f 1212/1212/1150 1213/1213/1151 1214/1214/1152
f 1214/1214/1152 1215/1215/1153 1212/1212/1150
f 1143/1143/1081 1147/1147/1085 1216/1216/1154
f 1216/1216/1154 1217/1217/1155 1143/1143/1081
f 1216/1216/1154 1147/1147/1085 1146/1146/1084
f 1146/1146/1084 1218/1218/1156 1216/1216/1154
f 1219/1219/1157 1150/1150/1088 1149/1149/1087
f 1149/1149/1087 1220/1220/1158 1219/1219/1157
f 1154/1154/1092 1153/1153/1091 1221/1221/1159
f 1221/1221/1159 1222/1222/1160 1154/1154/1092
f 1223/1223/1161 1158/1158/1096 1157/1157/1095
f 1157/1157/1095 1224/1224/1162 1223/1223/1161
f 1225/1225/1163 1162/1162/1100 1161/1161/1099
f 1161/1161/1099 1226/1226/1164 1225/1225/1163
f 1227/1227/1165 1166/1166/1104 1165/1165/1103
f 1165/1165/1103 1228/1228/1166 1227/1227/1165
f 1229/1229/1167 1170/1170/1108 1169/1169/1107
f 1169/1169/1107 1230/1230/1168 1229/1229/1167
f 1231/1231/1169 1174/1174/1112 1173/1173/1111
f 1173/1173/1111 1232/1232/1170 1231/1231/1169
f 1233/1233/1171 1178/1178/1116 1177/1177/1115
f 1177/1177/1115 1234/1234/1172 1233/1233/1171
f 1235/1235/1173 1236/1236/1174 1181/1181/1119
f 1181/1181/1119 1186/1186/1124 1235/1235/1173
f 1235/1235/1173 1186/1186/1124 1105/1105/1043
f 1105/1105/1043 1188/1188/1126 1235/1235/1173
f 1237/1237/1175 1238/1238/1176 1187/1187/1125
f 1239/1239/1177 1240/1240/1178 1190/1190/1128
f 1187/1187/1125 1189/1189/1127 1241/1241/1179
f 1241/1241/1179 1237/1237/1175 1187/1187/1125
f 1242/1242/1180 1239/1239/1177 1243/1243/1181
f 1192/1192/1130 1194/1194/1132 1243/1243/1181
f 1190/1190/1128 1192/1192/1130 1243/1243/1181
f 1244/1244/1182 1245/1245/1183 1188/1188/1126
f 1246/1246/1184 1247/1247/1185 1248/1248/1186
f 1248/1248/1186 1234/1234/1172 1246/1246/1184
f 1249/1249/1187 1250/1250/1188 1251/1251/1189
f 1251/1251/1189 1252/1252/1190 1249/1249/1187
f 1253/1253/1191 1254/1254/1192 1255/1255/1193
f 1255/1255/1193 1256/1256/1194 1253/1253/1191
f 1257/1257/1195 1196/1196/1134 1258/1258/1196
f 1195/1195/1133 1199/1199/1137 1259/1259/1197
f 1259/1259/1197 1260/1260/1198 1195/1195/1133
f 1198/1198/1136 1203/1203/1141 1261/1261/1199
f 1203/1203/1141 1202/1202/1140 1262/1262/1200
f 1204/1204/1142 1207/1207/1145 1263/1263/1201
f 1263/1263/1201 1264/1264/1202 1204/1204/1142
f 1265/1265/1203 1211/1211/1149 1266/1266/1204
f 1266/1266/1204 1215/1215/1153 1267/1267/1205
f 1216/1216/1154 1268/1268/1206 1267/1267/1205
f 1267/1267/1205 1217/1217/1155 1216/1216/1154
f 1268/1268/1206 1218/1218/1156 1269/1269/1207
f 1269/1269/1207 1220/1220/1158 1270/1270/1208
f 1270/1270/1208 1221/1221/1159 1271/1271/1209
f 1271/1271/1209 1224/1224/1162 1272/1272/1210
f 1272/1272/1210 1226/1226/1164 1273/1273/1211
f 1273/1273/1211 1228/1228/1166 1274/1274/1212
f 1274/1274/1212 1230/1230/1168 1275/1275/1213
f 1275/1275/1213 1232/1232/1170 1276/1276/1214
f 1277/1277/1215 1278/1278/1216 1279/1279/1217
f 1265/1265/1203 1280/1280/1218 1281/1281/1219
f 1263/1263/1201 1282/1282/1220 1283/1283/1221
f 1264/1264/1202 1284/1284/1222 1285/1285/1223
f 1262/1262/1200 1286/1286/1224 1287/1287/1225
f 1265/1265/1203 1266/1266/1204 1288/1288/1226
f 1268/1268/1206 1269/1269/1207 1289/1289/1227
f 1269/1269/1207 1290/1290/1228 1291/1291/1229
f 1292/1292/1230 1293/1293/1231 1294/1294/1232
f 1294/1294/1232 1295/1295/1233 1292/1292/1230
f 1270/1270/1208 1271/1271/1209 1294/1294/1232
f 1267/1267/1205 1268/1268/1206 1296/1296/1234
f 1297/1297/1235 1298/1298/1236 1299/1299/1237
f 1300/1300/1238 1301/1301/1239 1302/1302/1240
f 1303/1303/1241 1304/1304/1242 1305/1305/1243
f 1305/1305/1243 1306/1306/1244 1303/1303/1241
f 1307/1307/1245 1308/1308/1246 1309/1309/1247
f 1240/1240/1178 1241/1241/1179 1189/1189/1127
f 1238/1238/1176 1188/1188/1126 1187/1187/1125
f 1238/1238/1176 1244/1244/1182 1188/1188/1126
f 1240/1240/1178 1189/1189/1127 1190/1190/1128
f 1262/1262/1200 1310/1310/1248 1311/1311/1249
f 1297/1297/1235 1312/1312/1250 1298/1298/1236
f 1312/1312/1250 1313/1313/1251 1314/1314/1252
f 1312/1312/1250 1315/1315/1253 1313/1313/1251
f 1316/1316/1254 1303/1303/1241 1317/1317/1255
f 1314/1314/1252 1313/1313/1251 1318/1318/1256
f 1318/1318/1256 1319/1319/1257 1314/1314/1252
f 1269/1269/1207 1291/1291/1229 1289/1289/1227
f 1268/1268/1206 1289/1289/1227 1320/1320/1258
f 1268/1268/1206 1320/1320/1258 1321/1321/1259
f 1266/1266/1204 1267/1267/1205 1296/1296/1234
f 1322/1322/1260 1323/1323/1261 1238/1238/1176
f 1238/1238/1176 1237/1237/1175 1322/1322/1260
f 1324/1324/1262 1325/1325/1263 1240/1240/1178
f 1240/1240/1178 1239/1239/1177 1324/1324/1262
f 1241/1241/1179 1326/1326/1264 1322/1322/1260
f 1322/1322/1260 1237/1237/1175 1241/1241/1179
f 1327/1327/1265 1324/1324/1262 1239/1239/1177
f 1239/1239/1177 1242/1242/1180 1327/1327/1265
f 1328/1328/1266 1327/1327/1265 1242/1242/1180
f 1242/1242/1180 1329/1329/1267 1328/1328/1266
f 1330/1330/1268 1331/1331/1269 1332/1332/1270
f 1332/1332/1270 1244/1244/1182 1330/1330/1268
f 1331/1331/1269 1333/1333/1271 1334/1334/1272
f 1334/1334/1272 1332/1332/1270 1331/1331/1269
f 1333/1333/1271 1335/1335/1273 1307/1307/1245
f 1307/1307/1245 1334/1334/1272 1333/1333/1271
f 1336/1336/1274 1337/1337/1275 1338/1338/1276
f 1338/1338/1276 1339/1339/1277 1336/1336/1274
f 1338/1338/1276 1337/1337/1275 1340/1340/1278
f 1340/1340/1278 1341/1341/1279 1338/1338/1276
f 1342/1342/1280 1343/1343/1281 1344/1344/1282
f 1344/1344/1282 1345/1345/1283 1342/1342/1280
f 1343/1343/1281 1336/1336/1274 1339/1339/1277
f 1339/1339/1277 1344/1344/1282 1343/1343/1281
f 1341/1341/1279 1340/1340/1278 1328/1328/1266
f 1328/1328/1266 1329/1329/1267 1341/1341/1279
f 1335/1335/1273 1342/1342/1280 1345/1345/1283
f 1345/1345/1283 1307/1307/1245 1335/1335/1273
f 1238/1238/1176 1323/1323/1261 1330/1330/1268
f 1330/1330/1268 1244/1244/1182 1238/1238/1176
f 1325/1325/1263 1326/1326/1264 1241/1241/1179
f 1241/1241/1179 1240/1240/1178 1325/1325/1263
f 1323/1323/1261 1322/1322/1260 1346/1346/1284
f 1325/1325/1263 1324/1324/1262 1347/1347/1285
f 1347/1347/1285 1346/1346/1284 1325/1325/1263
f 1322/1322/1260 1326/1326/1264 1346/1346/1284
f 1324/1324/1262 1327/1327/1265 1347/1347/1285
f 1327/1327/1265 1328/1328/1266 1347/1347/1285
f 1331/1331/1269 1330/1330/1268 1348/1348/1286
f 1333/1333/1271 1331/1331/1269 1348/1348/1286
f 1335/1335/1273 1333/1333/1271 1348/1348/1286
f 1337/1337/1275 1336/1336/1274 1349/1349/1287
f 1340/1340/1278 1337/1337/1275 1349/1349/1287
f 1349/1349/1287 1347/1347/1285 1340/1340/1278
f 1343/1343/1281 1342/1342/1280 1349/1349/1287
f 1336/1336/1274 1343/1343/1281 1349/1349/1287
f 1328/1328/1266 1340/1340/1278 1347/1347/1285
f 1342/1342/1280 1335/1335/1273 1348/1348/1286
f 1348/1348/1286 1349/1349/1287 1342/1342/1280
f 1330/1330/1268 1323/1323/1261 1346/1346/1284
f 1346/1346/1284 1348/1348/1286 1330/1330/1268
f 1326/1326/1264 1325/1325/1263 1346/1346/1284
f 1349/1349/1287 1346/1346/1284 1347/1347/1285
f 1350/1350/1288 1120/1120/1058 1351/1351/1289
f 1351/1351/1289 1352/1352/1290 1350/1350/1288
f 1125/1125/1063 1350/1350/1288 1352/1352/1290
f 1352/1352/1290 1353/1353/1291 1125/1125/1063
f 1126/1126/1064 1354/1354/1292 1127/1127/1065
f 1128/1128/1066 1355/1355/1293 1356/1356/1294
f 1356/1356/1294 1131/1131/1069 1128/1128/1066
f 1357/1357/1295 1358/1358/1296 1359/1359/1297
f 1359/1359/1297 1360/1360/1298 1357/1357/1295
f 1361/1361/1299 1362/1362/1300 1363/1363/1301
f 1363/1363/1301 1364/1364/1302 1361/1361/1299
f 1365/1365/1303 1366/1366/1304 1367/1367/1305
f 1367/1367/1305 1368/1368/1306 1365/1365/1303
f 1369/1369/1307 1370/1370/1308 1371/1371/1309
f 1371/1371/1309 1372/1372/1310 1369/1369/1307
f 1373/1373/1311 1374/1374/1312 1375/1375/1313
f 1376/1376/1314 1377/1377/1315 1375/1375/1313
f 1378/1378/1316 1379/1379/1317 1380/1380/1318
f 1380/1380/1318 1381/1381/1319 1378/1378/1316
f 1382/1382/1320 1383/1383/1321 1378/1378/1316
f 1384/1384/1322 1385/1385/1323 1382/1382/1320
f 1386/1386/1324 1387/1387/1325 1384/1384/1322
f 1388/1388/1326 1389/1389/1327 1386/1386/1324
f 1390/1390/1328 1391/1391/1329 1388/1388/1326
f 1390/1390/1328 1392/1392/1330 1393/1393/1331
f 1394/1394/1332 1395/1395/1333 1396/1396/1334
f 1394/1394/1332 1397/1397/1335 1398/1398/1336
f 1399/1399/1337 1400/1400/1338 1401/1401/1339
f 1402/1402/1340 1403/1403/1341 1404/1404/1342
f 1405/1405/1343 1406/1406/1344 1407/1407/1345
f 1407/1407/1345 1408/1408/1346 1405/1405/1343
f 1409/1409/1347 1410/1410/1348 1411/1411/1349
f 1411/1411/1349 1412/1412/1350 1409/1409/1347
f 1413/1413/1351 1414/1414/1352 1415/1415/1353
f 1415/1415/1353 1416/1416/1354 1413/1413/1351
f 1417/1417/1355 1418/1418/1356 1416/1416/1354
f 1419/1419/1357 1420/1420/1358 1421/1421/1359
f 1421/1421/1359 1422/1422/1360 1419/1419/1357
f 1422/1422/1360 1421/1421/1359 1423/1423/1361
f 1423/1423/1361 1424/1424/1362 1422/1422/1360
f 1425/1425/1363 1426/1426/1364 1427/1427/1365
f 1427/1427/1365 1423/1423/1361 1425/1425/1363
f 1428/1428/1366 1429/1429/1367 1430/1430/1368
f 1430/1430/1368 1431/1431/1369 1428/1428/1366
f 1432/1432/1370 1429/1429/1367 1433/1433/1371
f 1434/1434/1372 1432/1432/1370 1433/1433/1371
f 1433/1433/1371 1435/1435/1373 1434/1434/1372
f 1436/1436/1374 1437/1437/1375 1438/1438/1376
f 1439/1439/1377 1438/1438/1376 1440/1440/1378
f 1441/1441/1379 1439/1439/1377 1442/1442/1380
f 1443/1443/1381 1441/1441/1379 1444/1444/1382
f 1445/1445/1383 1443/1443/1381 1446/1446/1384
f 1447/1447/1385 1445/1445/1383 1448/1448/1386
f 1449/1449/1387 1447/1447/1385 1450/1450/1388
f 1451/1451/1389 1452/1452/1390 1453/1453/1391
f 1453/1453/1391 1454/1454/1392 1451/1451/1389
f 1440/1440/1378 1438/1438/1376 1455/1455/1393
f 1455/1455/1393 1456/1456/1394 1440/1440/1378
f 1438/1438/1376 1437/1437/1375 1457/1457/1395
f 1457/1457/1395 1455/1455/1393 1438/1438/1376
f 1458/1458/1396 1459/1459/1397 1460/1460/1398
f 1456/1456/1394 1461/1461/1399 1442/1442/1380
f 1442/1442/1380 1440/1440/1378 1456/1456/1394
f 1442/1442/1380 1461/1461/1399 1462/1462/1400
f 1462/1462/1400 1463/1463/1401 1442/1442/1380
f 1464/1464/1402 1465/1465/1403 1466/1466/1404
f 1467/1467/1405 1468/1468/1406 1469/1469/1407
f 1469/1469/1407 1444/1444/1382 1467/1467/1405
f 1470/1470/1408 1471/1471/1409 1472/1472/1410
f 1472/1472/1410 1473/1473/1411 1470/1470/1408
f 1437/1437/1375 1470/1470/1408 1473/1473/1411
f 1473/1473/1411 1457/1457/1395 1437/1437/1375
f 1468/1468/1406 1474/1474/1412 1475/1475/1413
f 1475/1475/1413 1469/1469/1407 1468/1468/1406
f 1471/1471/1409 1476/1476/1414 1477/1477/1415
f 1477/1477/1415 1472/1472/1410 1471/1471/1409
f 1478/1478/1416 1479/1479/1417 1480/1480/1418
f 1480/1480/1418 1481/1481/1419 1478/1478/1416
f 1479/1479/1417 1478/1478/1416 1482/1482/1420
f 1482/1482/1420 1483/1483/1421 1479/1479/1417
f 1484/1484/1422 1485/1485/1423 1464/1464/1402
f 1464/1464/1402 1466/1466/1404 1484/1484/1422
f 1486/1486/1424 1479/1479/1417 1483/1483/1421
f 1483/1483/1421 1487/1487/1425 1486/1486/1424
f 1485/1485/1423 1484/1484/1422 1488/1488/1426
f 1488/1488/1426 1489/1489/1427 1485/1485/1423
f 1490/1490/1428 1491/1491/1429 1492/1492/1430
f 1492/1492/1430 1493/1493/1431 1490/1490/1428
f 1494/1494/1432 1495/1495/1433 1496/1496/1434
f 1496/1496/1434 1497/1497/1435 1494/1494/1432
f 1498/1498/1436 1499/1499/1437 1496/1496/1434
f 1496/1496/1434 1495/1495/1433 1498/1498/1436
f 1492/1492/1430 1494/1494/1432 1497/1497/1435
f 1497/1497/1435 1493/1493/1431 1492/1492/1430
f 1500/1500/1438 1486/1486/1424 1487/1487/1425
f 1487/1487/1425 1498/1498/1436 1500/1500/1438
f 1489/1489/1427 1488/1488/1426 1491/1491/1429
f 1491/1491/1429 1490/1490/1428 1489/1489/1427
f 1501/1501/1439 1502/1502/1440 1503/1503/1441
f 1503/1503/1441 1504/1504/1442 1501/1501/1439
f 1505/1505/1443 1506/1506/1444 1507/1507/1445
f 1507/1507/1445 1508/1508/1446 1505/1505/1443
f 1509/1509/1447 1510/1510/1448 1511/1511/1449
f 1511/1511/1449 1512/1512/1450 1509/1509/1447
f 1513/1513/1451 1514/1514/1452 1515/1515/1453
f 1515/1515/1453 1516/1516/1454 1513/1513/1451
f 1517/1517/1455 1518/1518/1456 1519/1519/1457
f 1519/1519/1457 1516/1516/1454 1517/1517/1455
f 1520/1520/1458 1521/1521/1459 1522/1522/1460
f 1522/1522/1460 1523/1523/1461 1520/1520/1458
f 1524/1524/1462 1525/1525/1463 1506/1506/1444
f 1506/1506/1444 1505/1505/1443 1524/1524/1462
f 1521/1521/1459 1526/1526/1464 1527/1527/1465
f 1527/1527/1465 1522/1522/1460 1521/1521/1459
f 1419/1419/1357 1528/1528/1466 1529/1529/1467
f 1529/1529/1467 1420/1420/1358 1419/1419/1357
f 1428/1428/1366 1530/1530/1468 1531/1531/1469
f 1532/1532/1470 1533/1533/1471 1534/1534/1472
f 1535/1535/1473 1536/1536/1474 1537/1537/1475
f 1538/1538/1476 1539/1539/1477 1540/1540/1478
f 1540/1540/1478 1541/1541/1479 1538/1538/1476
f 1542/1542/1480 1543/1543/1481 1425/1425/1363
f 1544/1544/1482 1545/1545/1483 1546/1546/1484
f 1546/1546/1484 1547/1547/1485 1544/1544/1482
f 1548/1548/1486 1549/1549/1487 1550/1550/1488
f 1550/1550/1488 1551/1551/1489 1548/1548/1486
f 1552/1552/1490 1553/1553/1491 1554/1554/1492
f 1554/1554/1492 1417/1417/1355 1552/1552/1490
f 1542/1542/1480 1555/1555/1493 1556/1556/1494
f 1544/1544/1482 1550/1550/1488 1557/1557/1495
f 1557/1557/1495 1558/1558/1496 1544/1544/1482
f 1559/1559/1497 1560/1560/1498 1549/1549/1487
f 1545/1545/1483 1561/1561/1499 1562/1562/1500
f 1562/1562/1500 1554/1554/1492 1545/1545/1483
f 1558/1558/1496 1557/1557/1495 1563/1563/1501
f 1563/1563/1501 1564/1564/1502 1558/1558/1496
f 1564/1564/1502 1563/1563/1501 1565/1565/1503
f 1565/1565/1503 1566/1566/1504 1564/1564/1502
f 1567/1567/1505 1566/1566/1504 1568/1568/1506
f 1569/1569/1507 1570/1570/1508 1571/1571/1509
f 1571/1571/1509 1572/1572/1510 1569/1569/1507
f 1573/1573/1440 1574/1574/1511 1575/1575/1512
f 1576/1576/1513 1418/1418/1356 1417/1417/1355
f 1417/1417/1355 1577/1577/1514 1576/1576/1513
f 1578/1578/1515 1579/1579/1516 1580/1580/1517
f 1580/1580/1517 1581/1581/1518 1578/1578/1515
f 1582/1582/1519 1583/1583/1520 1560/1560/1498
f 1560/1560/1498 1555/1555/1493 1582/1582/1519
f 1579/1579/1516 1582/1582/1519 1555/1555/1493
f 1555/1555/1493 1580/1580/1517 1579/1579/1516
f 1583/1583/1520 1563/1563/1501 1557/1557/1495
f 1557/1557/1495 1560/1560/1498 1583/1583/1520
f 1584/1584/1521 1585/1585/1522 1586/1586/1523
f 1586/1586/1523 1587/1587/1524 1584/1584/1521
f 1586/1586/1523 1588/1588/1525 1589/1589/1526
f 1589/1589/1526 1587/1587/1524 1586/1586/1523
f 1584/1584/1521 1590/1590/1527 1591/1591/1528
f 1591/1591/1528 1585/1585/1522 1584/1584/1521
f 1590/1590/1527 1592/1592/1529 1593/1593/1530
f 1593/1593/1530 1591/1591/1528 1590/1590/1527
f 1593/1593/1530 1592/1592/1529 1594/1594/1531
f 1594/1594/1531 1595/1595/1532 1593/1593/1530
f 1596/1596/1533 1595/1595/1532 1594/1594/1531
f 1594/1594/1531 1597/1597/1534 1596/1596/1533
f 1570/1570/1508 1598/1598/1535 1599/1599/1536
f 1599/1599/1536 1571/1571/1509 1570/1570/1508
f 1600/1600/1537 1596/1596/1533 1597/1597/1534
f 1597/1597/1534 1601/1601/1538 1600/1600/1537
f 1599/1599/1536 1602/1602/1539 1603/1603/1540
f 1603/1603/1540 1571/1571/1509 1599/1599/1536
f 1604/1604/1541 1525/1525/1463 1605/1605/1542
f 1606/1606/1543 1607/1607/1544 1608/1608/1545
f 1608/1608/1545 1609/1609/1546 1606/1606/1543
f 1610/1610/1547 1611/1611/1548 1612/1612/1549
f 1612/1612/1549 1613/1613/1550 1610/1610/1547
f 1614/1614/1551 1615/1615/1552 1589/1589/1526
f 1589/1589/1526 1588/1588/1525 1614/1614/1551
f 1616/1616/1553 1617/1617/1554 1618/1618/1555
f 1616/1616/1553 1618/1618/1555 1619/1619/1556
f 1619/1619/1556 1620/1620/1557 1616/1616/1553
f 1621/1621/1558 1622/1622/1559 1623/1623/1560
f 1623/1623/1560 1609/1609/1546 1621/1621/1558
f 1606/1606/1543 1609/1609/1546 1624/1624/1561
f 1613/1613/1550 1612/1612/1549 1625/1625/1562
f 1589/1589/1526 1615/1615/1552 1626/1626/1563
f 1626/1626/1563 1627/1627/1564 1589/1589/1526
f 1584/1584/1521 1587/1587/1524 1628/1628/1565
f 1628/1628/1565 1629/1629/1566 1584/1584/1521
f 1587/1587/1524 1589/1589/1526 1627/1627/1564
f 1627/1627/1564 1628/1628/1565 1587/1587/1524
f 1590/1590/1527 1584/1584/1521 1629/1629/1566
f 1629/1629/1566 1630/1630/1567 1590/1590/1527
f 1590/1590/1527 1630/1630/1567 1631/1631/1568
f 1631/1631/1568 1592/1592/1529 1590/1590/1527
f 1592/1592/1529 1631/1631/1568 1632/1632/1569
f 1632/1632/1569 1594/1594/1531 1592/1592/1529
f 1594/1594/1531 1632/1632/1569 1633/1633/1570
f 1633/1633/1570 1597/1597/1534 1594/1594/1531
f 1598/1598/1535 1634/1634/1571 1635/1635/1572
f 1635/1635/1572 1599/1599/1536 1598/1598/1535
f 1597/1597/1534 1633/1633/1570 1636/1636/1573
f 1636/1636/1573 1601/1601/1538 1597/1597/1534
f 1599/1599/1536 1635/1635/1572 1617/1617/1554
f 1617/1617/1554 1602/1602/1539 1599/1599/1536
f 1637/1637/1574 1638/1638/1575 1618/1618/1555
f 1618/1618/1555 1638/1638/1575 1639/1639/1576
f 1639/1639/1576 1619/1619/1556 1618/1618/1555
f 1619/1619/1556 1639/1639/1576 1640/1640/1577
f 1640/1640/1577 1641/1641/1578 1619/1619/1556
f 1623/1623/1560 1622/1622/1559 1642/1642/1579
f 1642/1642/1579 1643/1643/1580 1623/1623/1560
f 1644/1644/1581 1643/1643/1580 1645/1645/1582
f 1644/1644/1581 1645/1645/1582 1646/1646/1583
f 1646/1646/1583 1647/1647/1584 1644/1644/1581
f 1648/1648/1585 1649/1649/1586 1650/1650/1587
f 1650/1650/1587 1651/1651/1588 1648/1648/1585
f 1652/1652/1589 1653/1653/1590 1629/1629/1566
f 1629/1629/1566 1654/1654/1591 1652/1652/1589
f 1648/1648/1585 1651/1651/1588 1652/1652/1589
f 1652/1652/1589 1654/1654/1591 1648/1648/1585
f 1653/1653/1590 1655/1655/1592 1630/1630/1567
f 1630/1630/1567 1629/1629/1566 1653/1653/1590
f 1631/1631/1568 1630/1630/1567 1655/1655/1592
f 1655/1655/1592 1656/1656/1593 1631/1631/1568
f 1657/1657/1594 1631/1631/1568 1656/1656/1593
f 1656/1656/1593 1658/1658/1595 1657/1657/1594
f 1658/1658/1595 1659/1659/1596 1660/1660/1597
f 1660/1660/1597 1657/1657/1594 1658/1658/1595
f 1661/1661/1598 1662/1662/1599 1663/1663/1600
f 1663/1663/1600 1664/1664/1601 1661/1661/1598
f 1659/1659/1596 1665/1665/1602 1666/1666/1603
f 1666/1666/1603 1660/1660/1597 1659/1659/1596
f 1664/1664/1601 1663/1663/1600 1667/1667/1604
f 1667/1667/1604 1637/1637/1574 1664/1664/1601
f 1668/1668/1605 1669/1669/1606 1670/1670/1607
f 1671/1671/1608 1672/1672/1609 1673/1673/1610
f 1673/1673/1610 1674/1674/1611 1671/1671/1608
f 1672/1672/1609 1675/1675/1612 1673/1673/1610
f 1676/1676/1613 1677/1677/1614 1678/1678/1615
f 1678/1678/1615 1675/1675/1612 1676/1676/1613
f 1679/1679/1616 1680/1680/1617 1681/1681/1618
f 1681/1681/1618 1682/1682/1619 1679/1679/1616
f 1683/1683/1620 1684/1684/1621 1685/1685/1622
f 1685/1685/1622 1686/1686/1623 1683/1683/1620
f 1686/1686/1623 1685/1685/1622 1681/1681/1618
f 1681/1681/1618 1680/1680/1617 1686/1686/1623
f 1687/1687/1624 1688/1688/1625 1689/1689/1626
f 1689/1689/1626 1690/1690/1627 1687/1687/1624
f 1688/1688/1625 1691/1691/1628 1692/1692/1629
f 1692/1692/1629 1689/1689/1626 1688/1688/1625
f 1692/1692/1629 1693/1693/1630 1694/1694/1631
f 1694/1694/1631 1695/1695/1632 1692/1692/1629
f 1696/1696/1633 1697/1697/1634 1698/1698/1635
f 1698/1698/1635 1699/1699/1636 1696/1696/1633
f 1693/1693/1630 1700/1700/1637 1701/1701/1638
f 1701/1701/1638 1694/1694/1631 1693/1693/1630
f 1699/1699/1636 1698/1698/1635 1669/1669/1606
f 1669/1669/1606 1668/1668/1605 1699/1699/1636
f 1702/1702/1639 1703/1703/1640 1704/1704/1641
f 1704/1704/1641 1705/1705/1642 1702/1702/1639
f 1703/1703/1640 1706/1706/1643 1707/1707/1644
f 1707/1707/1644 1704/1704/1641 1703/1703/1640
f 1708/1708/1645 1709/1709/1646 1671/1671/1608
f 1709/1709/1646 1710/1710/1647 1672/1672/1609
f 1672/1672/1609 1671/1671/1608 1709/1709/1646
f 1672/1672/1609 1710/1710/1647 1711/1711/1648
f 1711/1711/1648 1676/1676/1613 1672/1672/1609
f 1711/1711/1648 1712/1712/1649 1677/1677/1614
f 1677/1677/1614 1676/1676/1613 1711/1711/1648
f 1713/1713/1650 1714/1714/1651 1680/1680/1617
f 1680/1680/1617 1679/1679/1616 1713/1713/1650
f 1715/1715/1652 1716/1716/1653 1683/1683/1620
f 1683/1683/1620 1686/1686/1623 1715/1715/1652
f 1686/1686/1623 1680/1680/1617 1714/1714/1651
f 1714/1714/1651 1715/1715/1652 1686/1686/1623
f 1716/1716/1653 1717/1717/1654 1687/1687/1624
f 1687/1687/1624 1683/1683/1620 1716/1716/1653
f 1717/1717/1654 1718/1718/1655 1688/1688/1625
f 1688/1688/1625 1687/1687/1624 1717/1717/1654
f 1691/1691/1628 1688/1688/1625 1718/1718/1655
f 1718/1718/1655 1719/1719/1656 1691/1691/1628
f 1720/1720/1657 1691/1691/1628 1719/1719/1656
f 1721/1721/1658 1722/1722/1659 1723/1723/1660
f 1723/1723/1660 1724/1724/1661 1721/1721/1658
f 1725/1725/1662 1720/1720/1657 1726/1726/1663
f 1722/1722/1659 1702/1702/1639 1705/1705/1642
f 1705/1705/1642 1723/1723/1660 1722/1722/1659
f 1703/1703/1640 1702/1702/1639 1727/1727/1664
f 1727/1727/1664 1728/1728/1665 1706/1706/1643
f 1706/1706/1643 1703/1703/1640 1727/1727/1664
f 1728/1728/1665 1729/1729/1666 1709/1709/1646
f 1709/1709/1646 1706/1706/1643 1728/1728/1665
f 1710/1710/1647 1709/1709/1646 1729/1729/1666
f 1729/1729/1666 1730/1730/1667 1710/1710/1647
f 1711/1711/1648 1710/1710/1647 1730/1730/1667
f 1730/1730/1667 1731/1731/1668 1712/1712/1649
f 1712/1712/1649 1711/1711/1648 1730/1730/1667
f 1732/1732/1669 1733/1733/1670 1714/1714/1651
f 1714/1714/1651 1713/1713/1650 1732/1732/1669
f 1715/1715/1652 1733/1733/1670 1734/1734/1671
f 1734/1734/1671 1716/1716/1653 1715/1715/1652
f 1715/1715/1652 1714/1714/1651 1733/1733/1670
f 1734/1734/1671 1735/1735/1672 1717/1717/1654
f 1717/1717/1654 1716/1716/1653 1734/1734/1671
f 1735/1735/1672 1736/1736/1673 1718/1718/1655
f 1718/1718/1655 1717/1717/1654 1735/1735/1672
f 1736/1736/1673 1737/1737/1674 1719/1719/1656
f 1719/1719/1656 1718/1718/1655 1736/1736/1673
f 1738/1738/1675 1739/1739/1676 1722/1722/1659
f 1722/1722/1659 1721/1721/1658 1738/1738/1675
f 1737/1737/1674 1740/1740/1675 1726/1726/1663
f 1726/1726/1663 1719/1719/1656 1737/1737/1674
f 1702/1702/1639 1722/1722/1659 1739/1739/1676
f 1739/1739/1676 1738/1738/1675 1741/1741/1677
f 1741/1741/1677 1742/1742/1678 1739/1739/1676
f 1736/1736/1673 1735/1735/1672 1743/1743/1679
f 1743/1743/1679 1737/1737/1674 1736/1736/1673
f 1737/1737/1674 1743/1743/1679 1744/1744/1680
f 1744/1744/1680 1740/1740/1675 1737/1737/1674
f 1729/1729/1666 1728/1728/1665 1742/1742/1678
f 1742/1742/1678 1730/1730/1667 1729/1729/1666
f 1741/1741/1677 1731/1731/1668 1730/1730/1667
f 1730/1730/1667 1742/1742/1678 1741/1741/1677
f 1734/1734/1671 1733/1733/1670 1743/1743/1679
f 1743/1743/1679 1735/1735/1672 1734/1734/1671
f 1733/1733/1670 1732/1732/1669 1744/1744/1680
f 1744/1744/1680 1743/1743/1679 1733/1733/1670
f 1727/1727/1664 1739/1739/1676 1742/1742/1678
f 1742/1742/1678 1728/1728/1665 1727/1727/1664
f 1582/1582/1519 1745/1745/1681 1746/1746/1682
f 1746/1746/1682 1583/1583/1520 1582/1582/1519
f 1579/1579/1516 1747/1747/1683 1745/1745/1681
f 1745/1745/1681 1582/1582/1519 1579/1579/1516
f 1563/1563/1501 1583/1583/1520 1746/1746/1682
f 1746/1746/1682 1565/1565/1503 1563/1563/1501
f 1748/1748/1684 1747/1747/1683 1579/1579/1516
f 1579/1579/1516 1578/1578/1515 1748/1748/1684
f 1749/1749/1685 1750/1750/1686 1524/1524/1462
f 1751/1751/1687 1752/1752/1688 1596/1596/1533
f 1596/1596/1533 1600/1600/1537 1751/1751/1687
f 1752/1752/1688 1753/1753/1689 1595/1595/1532
f 1595/1595/1532 1596/1596/1533 1752/1752/1688
f 1603/1603/1540 1750/1750/1686 1754/1754/1690
f 1755/1755/1691 1505/1505/1443 1503/1503/1441
f 1756/1756/1692 1749/1749/1685 1524/1524/1462
f 1524/1524/1462 1505/1505/1443 1756/1756/1692
f 1436/1436/1374 1435/1435/1373 1437/1437/1375
f 1441/1441/1379 1442/1442/1380 1463/1463/1401
f 1439/1439/1377 1436/1436/1374 1438/1438/1376
f 1439/1439/1377 1440/1440/1378 1442/1442/1380
f 1433/1433/1371 1429/1429/1367 1460/1460/1398
f 1460/1460/1398 1429/1429/1367 1458/1458/1396
f 1425/1425/1363 1543/1543/1481 1757/1757/1693
f 1458/1458/1396 1428/1428/1366 1531/1531/1469
f 1531/1531/1469 1530/1530/1468 1758/1758/1694
f 1759/1759/1695 1536/1536/1474 1757/1757/1693
f 1549/1549/1487 1548/1548/1486 1559/1559/1497
f 1549/1549/1487 1560/1560/1498 1557/1557/1495
f 1557/1557/1495 1550/1550/1488 1549/1549/1487
f 1537/1537/1475 1534/1534/1472 1760/1760/1696
f 1761/1761/1697 1541/1541/1479 1762/1762/1698
f 1551/1551/1489 1550/1550/1488 1544/1544/1482
f 1544/1544/1482 1547/1547/1485 1551/1551/1489
f 1761/1761/1697 1762/1762/1698 1490/1490/1428
f 1535/1535/1473 1760/1760/1696 1496/1496/1434
f 1496/1496/1434 1499/1499/1437 1535/1535/1473
f 1763/1763/1699 1533/1533/1471 1493/1493/1431
f 1493/1493/1431 1497/1497/1435 1763/1763/1699
f 1760/1760/1696 1763/1763/1699 1497/1497/1435
f 1497/1497/1435 1496/1496/1434 1760/1760/1696
f 1761/1761/1697 1490/1490/1428 1493/1493/1431
f 1493/1493/1431 1533/1533/1471 1761/1761/1697
f 1536/1536/1474 1535/1535/1473 1499/1499/1437
f 1499/1499/1437 1758/1758/1694 1536/1536/1474
f 1760/1760/1696 1535/1535/1473 1537/1537/1475
f 1532/1532/1470 1761/1761/1697 1533/1533/1471
f 1485/1485/1423 1489/1489/1427 1764/1764/1700
f 1464/1464/1402 1765/1765/1701 1766/1766/1702
f 1766/1766/1702 1475/1475/1413 1464/1464/1402
f 1764/1764/1700 1765/1765/1701 1485/1485/1423
f 1767/1767/1703 1764/1764/1700 1768/1768/1704
f 1769/1769/1705 1770/1770/1706 1358/1358/1296
f 1358/1358/1296 1357/1357/1295 1769/1769/1705
f 1771/1771/1707 1772/1772/1708 1362/1362/1300
f 1362/1362/1300 1361/1361/1299 1771/1771/1707
f 1773/1773/1709 1774/1774/1710 1775/1775/1711
f 1775/1775/1711 1776/1776/1712 1773/1773/1709
f 1375/1375/1313 1777/1777/1713 1778/1778/1714
f 1778/1778/1714 1376/1376/1314 1375/1375/1313
f 1376/1376/1314 1778/1778/1714 1779/1779/1715
f 1779/1779/1715 1381/1381/1319 1376/1376/1314
f 1378/1378/1316 1780/1780/1716 1781/1781/1717
f 1781/1781/1717 1382/1382/1320 1378/1378/1316
f 1432/1432/1370 1782/1782/1718 1781/1781/1717
f 1781/1781/1717 1430/1430/1368 1432/1432/1370
f 1434/1434/1372 1783/1783/1719 1782/1782/1718
f 1782/1782/1718 1432/1432/1370 1434/1434/1372
f 1436/1436/1374 1784/1784/1720 1783/1783/1719
f 1783/1783/1719 1434/1434/1372 1436/1436/1374
f 1439/1439/1377 1785/1785/1721 1784/1784/1720
f 1784/1784/1720 1436/1436/1374 1439/1439/1377
f 1441/1441/1379 1786/1786/1722 1785/1785/1721
f 1785/1785/1721 1439/1439/1377 1441/1441/1379
f 1787/1787/1723 1786/1786/1722 1441/1441/1379
f 1441/1441/1379 1443/1443/1381 1787/1787/1723
f 1787/1787/1723 1788/1788/1724 1399/1399/1337
f 1399/1399/1337 1394/1394/1332 1787/1787/1723
f 1788/1788/1724 1789/1789/1725 1402/1402/1340
f 1402/1402/1340 1399/1399/1337 1788/1788/1724
f 1405/1405/1343 1402/1402/1340 1789/1789/1725
f 1789/1789/1725 1790/1790/1726 1405/1405/1343
f 1790/1790/1726 1791/1791/1727 1406/1406/1344
f 1406/1406/1344 1405/1405/1343 1790/1790/1726
f 1419/1419/1357 1422/1422/1360 1792/1792/1728
f 1131/1131/1069 1356/1356/1294 1793/1793/1729
f 1794/1794/1730 1795/1795/1731 1796/1796/1732
f 1796/1796/1732 1119/1119/1057 1794/1794/1730
f 1797/1797/1733 1798/1798/1734 1574/1574/1511
f 1574/1574/1511 1799/1799/1735 1797/1797/1733
f 1603/1603/1540 1754/1754/1690 1571/1571/1509
f 1566/1566/1504 1565/1565/1503 1591/1591/1528
f 1591/1591/1528 1593/1593/1530 1566/1566/1504
f 1746/1746/1682 1745/1745/1681 1586/1586/1523
f 1586/1586/1523 1585/1585/1522 1746/1746/1682
f 1747/1747/1683 1588/1588/1525 1586/1586/1523
f 1586/1586/1523 1745/1745/1681 1747/1747/1683
f 1565/1565/1503 1746/1746/1682 1585/1585/1522
f 1585/1585/1522 1591/1591/1528 1565/1565/1503
f 1558/1558/1496 1800/1800/1736 1561/1561/1499
f 1545/1545/1483 1544/1544/1482 1558/1558/1496
f 1558/1558/1496 1561/1561/1499 1545/1545/1483
f 1801/1801/1737 1800/1800/1736 1558/1558/1496
f 1564/1564/1502 1802/1802/1738 1801/1801/1737
f 1566/1566/1504 1802/1802/1738 1564/1564/1502
f 1566/1566/1504 1567/1567/1505 1802/1802/1738
f 1564/1564/1502 1801/1801/1737 1558/1558/1496
f 1568/1568/1506 1595/1595/1532 1753/1753/1689
f 1803/1803/1739 1804/1804/1740 1515/1515/1453
f 1515/1515/1453 1805/1805/1741 1803/1803/1739
f 1720/1720/1657 1719/1719/1656 1726/1726/1663
f 1432/1432/1370 1430/1430/1368 1429/1429/1367
f 1489/1489/1427 1762/1762/1698 1764/1764/1700
f 1349/1349/1287 1348/1348/1286 1346/1346/1284
f 1806/1806/1742 1807/1807/1743 1456/1456/1394
f 1456/1456/1394 1455/1455/1393 1806/1806/1742
f 1808/1808/1744 1806/1806/1742 1455/1455/1393
f 1455/1455/1393 1457/1457/1395 1808/1808/1744
f 1478/1478/1416 1481/1481/1419 1809/1809/1745
f 1809/1809/1745 1810/1810/1746 1478/1478/1416
f 1807/1807/1743 1811/1811/1747 1461/1461/1399
f 1461/1461/1399 1456/1456/1394 1807/1807/1743
f 1811/1811/1747 1812/1812/1748 1462/1462/1400
f 1462/1462/1400 1461/1461/1399 1811/1811/1747
f 1813/1813/1749 1814/1814/1750 1815/1815/1751
f 1815/1815/1751 1816/1816/1752 1813/1813/1749
f 1817/1817/1753 1818/1818/1754 1819/1819/1755
f 1819/1819/1755 1820/1820/1756 1817/1817/1753
f 1472/1472/1410 1821/1821/1757 1822/1822/1758
f 1822/1822/1758 1473/1473/1411 1472/1472/1410
f 1812/1812/1748 1817/1817/1753 1820/1820/1756
f 1820/1820/1756 1462/1462/1400 1812/1812/1748
f 1822/1822/1758 1808/1808/1744 1457/1457/1395
f 1457/1457/1395 1473/1473/1411 1822/1822/1758
f 1818/1818/1754 1814/1814/1750 1813/1813/1749
f 1813/1813/1749 1819/1819/1755 1818/1818/1754
f 1823/1823/1759 1821/1821/1757 1472/1472/1410
f 1472/1472/1410 1477/1477/1415 1823/1823/1759
f 1824/1824/1760 1825/1825/1761 1826/1826/1762
f 1826/1826/1762 1827/1827/1763 1824/1824/1760
f 1828/1828/1764 1480/1480/1418 1479/1479/1417
f 1479/1479/1417 1486/1486/1424 1828/1828/1764
f 1825/1825/1761 1829/1829/1765 1830/1830/1766
f 1830/1830/1766 1826/1826/1762 1825/1825/1761
f 1831/1831/1767 1832/1832/1768 1833/1833/1769
f 1833/1833/1769 1834/1834/1770 1831/1831/1767
f 1835/1835/1771 1836/1836/1772 1837/1837/1773
f 1837/1837/1773 1838/1838/1774 1835/1835/1771
f 1836/1836/1772 1839/1839/1775 1500/1500/1438
f 1500/1500/1438 1837/1837/1773 1836/1836/1772
f 1832/1832/1768 1835/1835/1771 1838/1838/1774
f 1838/1838/1774 1833/1833/1769 1832/1832/1768
f 1839/1839/1775 1828/1828/1764 1486/1486/1424
f 1486/1486/1424 1500/1500/1438 1839/1839/1775
f 1829/1829/1765 1831/1831/1767 1834/1834/1770
f 1834/1834/1770 1830/1830/1766 1829/1829/1765
f 1840/1840/1776 1841/1841/1777 1842/1842/1778
f 1842/1842/1778 1843/1843/1779 1840/1840/1776
f 1844/1844/1780 1845/1845/1781 1846/1846/1782
f 1846/1846/1782 1847/1847/1783 1844/1844/1780
f 1848/1848/1784 1849/1849/1785 1850/1850/1786
f 1850/1850/1786 1851/1851/1787 1848/1848/1784
f 1852/1852/1788 1853/1853/1789 1854/1854/1790
f 1854/1854/1790 1855/1855/1791 1852/1852/1788
f 1841/1841/1777 1856/1856/1792 1857/1857/1793
f 1857/1857/1793 1842/1842/1778 1841/1841/1777
f 1858/1858/1794 1859/1859/1795 1860/1860/1796
f 1860/1860/1796 1861/1861/1797 1858/1858/1794
f 1859/1859/1795 1862/1862/1798 1863/1863/1799
f 1863/1863/1799 1860/1860/1796 1859/1859/1795
f 1864/1864/1800 1865/1865/1801 1866/1866/1802
f 1866/1866/1802 1867/1867/1803 1864/1864/1800
f 1868/1868/1804 1864/1864/1800 1867/1867/1803
f 1867/1867/1803 1869/1869/1805 1868/1868/1804
f 1870/1870/1806 1871/1871/1807 1872/1872/1808
f 1872/1872/1808 1873/1873/1809 1870/1870/1806
f 1874/1874/1810 1868/1868/1804 1869/1869/1805
f 1869/1869/1805 1875/1875/1811 1874/1874/1810
f 1871/1871/1807 1874/1874/1810 1875/1875/1811
f 1875/1875/1811 1872/1872/1808 1871/1871/1807
f 1876/1876/1812 1852/1852/1788 1855/1855/1791
f 1855/1855/1791 1877/1877/1813 1876/1876/1812
f 1865/1865/1801 1848/1848/1784 1851/1851/1787
f 1851/1851/1787 1866/1866/1802 1865/1865/1801
f 1878/1878/1814 1840/1840/1776 1843/1843/1779
f 1843/1843/1779 1879/1879/1815 1878/1878/1814
f 1880/1880/1816 1878/1878/1814 1879/1879/1815
f 1879/1879/1815 1881/1881/1817 1880/1880/1816
f 1882/1882/1818 1880/1880/1816 1881/1881/1817
f 1881/1881/1817 1883/1883/1819 1882/1882/1818
f 1884/1884/1820 1882/1882/1818 1883/1883/1819
f 1883/1883/1819 1885/1885/1821 1884/1884/1820
f 1845/1845/1781 1884/1884/1820 1885/1885/1821
f 1885/1885/1821 1846/1846/1782 1845/1845/1781
f 1862/1862/1798 1844/1844/1780 1847/1847/1783
f 1847/1847/1783 1863/1863/1799 1862/1862/1798
f 1886/1886/1822 1870/1870/1806 1873/1873/1809
f 1873/1873/1809 1887/1887/1823 1886/1886/1822
f 1856/1856/1792 1876/1876/1812 1877/1877/1813
f 1877/1877/1813 1857/1857/1793 1856/1856/1792
f 1807/1807/1743 1806/1806/1742 1888/1888/1824
f 1806/1806/1742 1808/1808/1744 1888/1888/1824
f 1809/1809/1745 1481/1481/1419 1888/1888/1824
f 1888/1888/1824 1823/1823/1759 1809/1809/1745
f 1811/1811/1747 1807/1807/1743 1888/1888/1824
f 1812/1812/1748 1811/1811/1747 1888/1888/1824
f 1815/1815/1751 1814/1814/1750 1888/1888/1824
f 1888/1888/1824 1824/1824/1760 1815/1815/1751
f 1818/1818/1754 1817/1817/1753 1888/1888/1824
f 1822/1822/1758 1821/1821/1757 1888/1888/1824
f 1817/1817/1753 1812/1812/1748 1888/1888/1824
f 1808/1808/1744 1822/1822/1758 1888/1888/1824
f 1814/1814/1750 1818/1818/1754 1888/1888/1824
f 1821/1821/1757 1823/1823/1759 1888/1888/1824
f 1481/1481/1419 1480/1480/1418 1888/1888/1824
f 1825/1825/1761 1824/1824/1760 1888/1888/1824
f 1480/1480/1418 1828/1828/1764 1888/1888/1824
f 1829/1829/1765 1825/1825/1761 1888/1888/1824
f 1832/1832/1768 1831/1831/1767 1888/1888/1824
f 1836/1836/1772 1835/1835/1771 1888/1888/1824
f 1839/1839/1775 1836/1836/1772 1888/1888/1824
f 1835/1835/1771 1832/1832/1768 1888/1888/1824
f 1828/1828/1764 1839/1839/1775 1888/1888/1824
f 1831/1831/1767 1829/1829/1765 1888/1888/1824
f 1841/1841/1777 1840/1840/1776 1889/1889/1825
f 1845/1845/1781 1844/1844/1780 1889/1889/1825
f 1858/1858/1794 1890/1890/1826 1889/1889/1825
f 1853/1853/1789 1852/1852/1788 1889/1889/1825
f 1856/1856/1792 1841/1841/1777 1889/1889/1825
f 1859/1859/1795 1858/1858/1794 1889/1889/1825
f 1862/1862/1798 1859/1859/1795 1889/1889/1825
f 1891/1891/1827 1892/1892/1828 1889/1889/1825
f 1892/1892/1828 1893/1893/1804 1889/1889/1825
f 1894/1894/1829 1895/1895/1830 1889/1889/1825
f 1893/1893/1804 1896/1896/1831 1889/1889/1825
f 1896/1896/1831 1894/1894/1829 1889/1889/1825
f 1852/1852/1788 1876/1876/1812 1889/1889/1825
f 1890/1890/1826 1891/1891/1827 1889/1889/1825
f 1840/1840/1776 1878/1878/1814 1889/1889/1825
f 1878/1878/1814 1880/1880/1816 1889/1889/1825
f 1880/1880/1816 1882/1882/1818 1889/1889/1825
f 1882/1882/1818 1884/1884/1820 1889/1889/1825
f 1884/1884/1820 1845/1845/1781 1889/1889/1825
f 1844/1844/1780 1862/1862/1798 1889/1889/1825
f 1895/1895/1830 1853/1853/1789 1889/1889/1825
f 1876/1876/1812 1856/1856/1792 1889/1889/1825
f 1897/1897/1832 1299/1299/1237 1296/1296/1234
f 1292/1292/1230 1898/1898/1833 1290/1290/1228
f 1290/1290/1228 1293/1293/1231 1292/1292/1230
f 1254/1254/1192 1303/1303/1241 1316/1316/1254
f 1305/1305/1243 1304/1304/1242 1302/1302/1240
f 1899/1899/1834 1900/1900/1835 1294/1294/1232
f 1901/1901/1836 1254/1254/1192 1253/1253/1191
f 1253/1253/1191 1902/1902/1837 1901/1901/1836
f 1303/1303/1241 1254/1254/1192 1901/1901/1836
f 1901/1901/1836 1903/1903/1838 1303/1303/1241
f 1904/1904/1839 1304/1304/1242 1303/1303/1241
f 1303/1303/1241 1903/1903/1838 1904/1904/1839
f 1302/1302/1240 1304/1304/1242 1904/1904/1839
f 1904/1904/1839 1905/1905/1840 1302/1302/1240
f 1906/1906/1841 1300/1300/1238 1302/1302/1240
f 1302/1302/1240 1905/1905/1840 1906/1906/1841
f 1907/1907/1842 1908/1908/1843 1300/1300/1238
f 1300/1300/1238 1906/1906/1841 1907/1907/1842
f 1900/1900/1835 1908/1908/1843 1907/1907/1842
f 1907/1907/1842 1909/1909/1844 1900/1900/1835
f 1295/1295/1233 1900/1900/1835 1909/1909/1844
f 1909/1909/1844 1910/1910/1845 1295/1295/1233
f 1295/1295/1233 1910/1910/1845 1911/1911/1846
f 1911/1911/1846 1292/1292/1230 1295/1295/1233
f 1898/1898/1833 1292/1292/1230 1911/1911/1846
f 1911/1911/1846 1912/1912/1847 1898/1898/1833
f 1291/1291/1229 1898/1898/1833 1912/1912/1847
f 1912/1912/1847 1913/1913/1848 1291/1291/1229
f 1289/1289/1227 1291/1291/1229 1913/1913/1848
f 1913/1913/1848 1914/1914/1849 1289/1289/1227
f 1320/1320/1258 1289/1289/1227 1914/1914/1849
f 1914/1914/1849 1915/1915/1850 1320/1320/1258
f 1321/1321/1259 1320/1320/1258 1915/1915/1850
f 1915/1915/1850 1916/1916/1851 1321/1321/1259
f 1917/1917/1852 1321/1321/1259 1916/1916/1851
f 1916/1916/1851 1918/1918/1853 1917/1917/1852
f 1897/1897/1832 1917/1917/1852 1918/1918/1853
f 1918/1918/1853 1919/1919/1854 1897/1897/1832
f 1299/1299/1237 1897/1897/1832 1919/1919/1854
f 1919/1919/1854 1920/1920/1855 1299/1299/1237
f 1297/1297/1235 1299/1299/1237 1920/1920/1855
f 1920/1920/1855 1921/1921/1856 1297/1297/1235
f 1312/1312/1250 1297/1297/1235 1921/1921/1856
f 1921/1921/1856 1922/1922/1857 1312/1312/1250
f 1253/1253/1191 1312/1312/1250 1922/1922/1857
f 1922/1922/1857 1902/1902/1837 1253/1253/1191
f 1459/1459/1397 1482/1482/1420 1478/1478/1416
f 1478/1478/1416 1810/1810/1746 1459/1459/1397
f 1816/1816/1752 1465/1465/1403 1474/1474/1412
f 1474/1474/1412 1813/1813/1749 1816/1816/1752
f 1819/1819/1755 1468/1468/1406 1467/1467/1405
f 1467/1467/1405 1820/1820/1756 1819/1819/1755
f 1435/1435/1373 1433/1433/1371 1471/1471/1409
f 1471/1471/1409 1470/1470/1408 1435/1435/1373
f 1820/1820/1756 1467/1467/1405 1463/1463/1401
f 1463/1463/1401 1462/1462/1400 1820/1820/1756
f 1437/1437/1375 1435/1435/1373 1470/1470/1408
f 1813/1813/1749 1474/1474/1412 1468/1468/1406
f 1468/1468/1406 1819/1819/1755 1813/1813/1749
f 1476/1476/1414 1471/1471/1409 1433/1433/1371
f 1433/1433/1371 1460/1460/1398 1476/1476/1414
f 1483/1483/1421 1482/1482/1420 1458/1458/1396
f 1458/1458/1396 1531/1531/1469 1483/1483/1421
f 1826/1826/1762 1484/1484/1422 1466/1466/1404
f 1466/1466/1404 1827/1827/1763 1826/1826/1762
f 1487/1487/1425 1483/1483/1421 1531/1531/1469
f 1531/1531/1469 1758/1758/1694 1487/1487/1425
f 1488/1488/1426 1484/1484/1422 1826/1826/1762
f 1826/1826/1762 1830/1830/1766 1488/1488/1426
f 1492/1492/1430 1491/1491/1429 1834/1834/1770
f 1834/1834/1770 1833/1833/1769 1492/1492/1430
f 1495/1495/1433 1494/1494/1432 1838/1838/1774
f 1838/1838/1774 1837/1837/1773 1495/1495/1433
f 1498/1498/1436 1495/1495/1433 1837/1837/1773
f 1837/1837/1773 1500/1500/1438 1498/1498/1436
f 1494/1494/1432 1492/1492/1430 1833/1833/1769
f 1833/1833/1769 1838/1838/1774 1494/1494/1432
f 1498/1498/1436 1487/1487/1425 1758/1758/1694
f 1758/1758/1694 1499/1499/1437 1498/1498/1436
f 1491/1491/1429 1488/1488/1426 1830/1830/1766
f 1830/1830/1766 1834/1834/1770 1491/1491/1429
f 1436/1436/1374 1434/1434/1372 1435/1435/1373
f 1577/1577/1514 1562/1562/1500 1843/1843/1779
f 1843/1843/1779 1842/1842/1778 1577/1577/1514
f 1576/1576/1513 1577/1577/1514 1842/1842/1778
f 1842/1842/1778 1857/1857/1793 1576/1576/1513
f 1923/1923/1858 1576/1576/1513 1857/1857/1793
f 1857/1857/1793 1877/1877/1813 1923/1923/1858
f 1575/1575/1512 1923/1923/1858 1877/1877/1813
f 1877/1877/1813 1855/1855/1791 1575/1575/1512
f 1573/1573/1440 1575/1575/1512 1855/1855/1791
f 1855/1855/1791 1854/1854/1790 1573/1573/1440
f 1503/1503/1441 1502/1502/1440 1887/1887/1823
f 1887/1887/1823 1873/1873/1809 1503/1503/1441
f 1755/1755/1691 1503/1503/1441 1873/1873/1809
f 1873/1873/1809 1872/1872/1808 1755/1755/1691
f 1756/1756/1692 1755/1755/1691 1872/1872/1808
f 1872/1872/1808 1875/1875/1811 1756/1756/1692
f 1749/1749/1685 1756/1756/1692 1875/1875/1811
f 1875/1875/1811 1869/1869/1805 1749/1749/1685
f 1750/1750/1686 1749/1749/1685 1869/1869/1805
f 1869/1869/1805 1867/1867/1803 1750/1750/1686
f 1754/1754/1690 1750/1750/1686 1867/1867/1803
f 1867/1867/1803 1866/1866/1802 1754/1754/1690
f 1572/1572/1510 1754/1754/1690 1866/1866/1802
f 1866/1866/1802 1851/1851/1787 1572/1572/1510
f 1569/1569/1507 1572/1572/1510 1851/1851/1787
f 1851/1851/1787 1850/1850/1786 1569/1569/1507
f 1752/1752/1688 1751/1751/1687 1861/1861/1797
f 1861/1861/1797 1860/1860/1796 1752/1752/1688
f 1753/1753/1689 1752/1752/1688 1860/1860/1796
f 1860/1860/1796 1863/1863/1799 1753/1753/1689
f 1568/1568/1506 1753/1753/1689 1863/1863/1799
f 1863/1863/1799 1847/1847/1783 1568/1568/1506
f 1567/1567/1505 1568/1568/1506 1847/1847/1783
f 1847/1847/1783 1846/1846/1782 1567/1567/1505
f 1802/1802/1738 1567/1567/1505 1846/1846/1782
f 1846/1846/1782 1885/1885/1821 1802/1802/1738
f 1801/1801/1737 1802/1802/1738 1885/1885/1821
f 1885/1885/1821 1883/1883/1819 1801/1801/1737
f 1800/1800/1736 1801/1801/1737 1883/1883/1819
f 1883/1883/1819 1881/1881/1817 1800/1800/1736
f 1561/1561/1499 1800/1800/1736 1881/1881/1817
f 1881/1881/1817 1879/1879/1815 1561/1561/1499
f 1562/1562/1500 1561/1561/1499 1879/1879/1815
f 1879/1879/1815 1843/1843/1779 1562/1562/1500
f 1127/1127/1065 1130/1130/1068 1123/1123/1061
f 1547/1547/1485 1546/1546/1484 1538/1538/1476
f 1538/1538/1476 1532/1532/1470 1547/1547/1485
f 1537/1537/1475 1548/1548/1486 1551/1551/1489
f 1551/1551/1489 1534/1534/1472 1537/1537/1475
f 1548/1548/1486 1759/1759/1695 1559/1559/1497
f 1534/1534/1472 1551/1551/1489 1547/1547/1485
f 1547/1547/1485 1532/1532/1470 1534/1534/1472
f 1477/1477/1415 1810/1810/1746 1809/1809/1745
f 1809/1809/1745 1823/1823/1759 1477/1477/1415
f 1459/1459/1397 1810/1810/1746 1477/1477/1415
f 1477/1477/1415 1476/1476/1414 1459/1459/1397
f 1115/1115/1053 1111/1111/1049 1110/1110/1048
f 1110/1110/1048 1113/1113/1051 1115/1115/1053
f 1107/1107/1045 1109/1109/1047 1112/1112/1050
f 1107/1107/1045 1112/1112/1050 1108/1108/1046
f 1104/1104/1042 1106/1106/1044 1108/1108/1046
f 1104/1104/1042 1108/1108/1046 1105/1105/1043
f 1186/1186/1124 1181/1181/1119 1180/1180/1118
f 1180/1180/1118 1184/1184/1122 1186/1186/1124
f 1185/1185/1123 1103/1103/1041 1105/1105/1043
f 1185/1185/1123 1105/1105/1043 1186/1186/1124
f 1178/1178/1116 1173/1173/1111 1172/1172/1110
f 1172/1172/1110 1179/1179/1117 1178/1178/1116
f 1174/1174/1112 1169/1169/1107 1168/1168/1106
f 1168/1168/1106 1175/1175/1113 1174/1174/1112
f 1162/1162/1100 1157/1157/1095 1156/1156/1094
f 1156/1156/1094 1163/1163/1101 1162/1162/1100
f 1158/1158/1096 1153/1153/1091 1152/1152/1090
f 1152/1152/1090 1159/1159/1097 1158/1158/1096
f 1154/1154/1092 1149/1149/1087 1148/1148/1086
f 1148/1148/1086 1155/1155/1093 1154/1154/1092
f 1150/1150/1088 1146/1146/1084 1145/1145/1083
f 1145/1145/1083 1151/1151/1089 1150/1150/1088
f 1142/1142/1080 1144/1144/1082 1147/1147/1085
f 1143/1143/1081 1214/1214/1152 1139/1139/1077
f 1139/1139/1077 1141/1141/1079 1143/1143/1081
f 1138/1138/1076 1140/1140/1078 1135/1135/1073
f 1135/1135/1073 1134/1134/1072 1138/1138/1076
f 1142/1142/1080 1147/1147/1085 1143/1143/1081
f 1131/1131/1069 1924/1924/1859 1132/1132/1070
f 1548/1548/1486 1537/1537/1475 1759/1759/1695
f 1376/1376/1314 1925/1925/1860 1377/1377/1315
f 1377/1377/1315 1373/1373/1311 1375/1375/1313
f 1374/1374/1312 1926/1926/1861 1375/1375/1313
f 1374/1374/1312 1927/1927/1862 1926/1926/1861
f 1382/1382/1320 1928/1928/1863 1383/1383/1321
f 1383/1383/1321 1379/1379/1317 1378/1378/1316
f 1384/1384/1322 1929/1929/1864 1385/1385/1323
f 1386/1386/1324 1930/1930/1865 1387/1387/1325
f 1387/1387/1325 1929/1929/1864 1384/1384/1322
f 1385/1385/1323 1928/1928/1863 1382/1382/1320
f 1388/1388/1326 1931/1931/1866 1389/1389/1327
f 1390/1390/1328 1393/1393/1331 1391/1391/1329
f 1391/1391/1329 1931/1931/1866 1388/1388/1326
f 1389/1389/1327 1930/1930/1865 1386/1386/1324
f 1390/1390/1328 1396/1396/1334 1392/1392/1330
f 1396/1396/1334 1932/1932/1867 1392/1392/1330
f 1394/1394/1332 1398/1398/1336 1395/1395/1333
f 1394/1394/1332 1399/1399/1337 1397/1397/1335
f 1399/1399/1337 1401/1401/1339 1397/1397/1335
f 1395/1395/1333 1932/1932/1867 1396/1396/1334
f 1399/1399/1337 1402/1402/1340 1400/1400/1338
f 1402/1402/1340 1404/1404/1342 1400/1400/1338
f 1402/1402/1340 1405/1405/1343 1403/1403/1341
f 1405/1405/1343 1408/1408/1346 1403/1403/1341
f 1827/1827/1763 1816/1816/1752 1815/1815/1751
f 1815/1815/1751 1824/1824/1760 1827/1827/1763
f 1465/1465/1403 1816/1816/1752 1827/1827/1763
f 1827/1827/1763 1466/1466/1404 1465/1465/1403
f 1475/1475/1413 1474/1474/1412 1465/1465/1403
f 1464/1464/1402 1475/1475/1413 1465/1465/1403
f 1459/1459/1397 1476/1476/1414 1460/1460/1398
f 1458/1458/1396 1482/1482/1420 1459/1459/1397
f 1536/1536/1474 1759/1759/1695 1537/1537/1475
f 1239/1239/1177 1190/1190/1128 1243/1243/1181
f 1908/1908/1843 1900/1900/1835 1899/1899/1834
f 1933/1933/1868 1934/1934/1869 1300/1300/1238
f 1301/1301/1239 1305/1305/1243 1302/1302/1240
f 1300/1300/1238 1934/1934/1869 1301/1301/1239
f 1306/1306/1244 1317/1317/1255 1303/1303/1241
f 1125/1125/1063 1124/1124/1062 1197/1197/1135
f 1197/1197/1135 1350/1350/1288 1125/1125/1063
f 1124/1124/1062 1199/1199/1137 1195/1195/1133
f 1195/1195/1133 1197/1197/1135 1124/1124/1062
f 1259/1259/1197 1199/1199/1137 1198/1198/1136
f 1198/1198/1136 1261/1261/1199 1259/1259/1197
f 1353/1353/1291 1935/1935/1870 1126/1126/1064
f 1126/1126/1064 1125/1125/1063 1353/1353/1291
f 1512/1512/1450 1511/1511/1449 1514/1514/1452
f 1514/1514/1452 1513/1513/1451 1512/1512/1450
f 1936/1936/1871 1937/1937/1872 1938/1938/1873
f 1938/1938/1873 1939/1939/1874 1936/1936/1871
f 1622/1622/1559 1641/1641/1578 1640/1640/1577
f 1640/1640/1577 1642/1642/1579 1622/1622/1559
f 1250/1250/1188 1249/1249/1187 1940/1940/1875
f 1940/1940/1875 1941/1941/1876 1250/1250/1188
f 1319/1319/1257 1318/1318/1256 1941/1941/1876
f 1941/1941/1876 1940/1940/1875 1319/1319/1257
f 1312/1312/1250 1942/1942/1877 1298/1298/1236
f 1298/1298/1236 1943/1943/1878 1299/1299/1237
f 1264/1264/1202 1263/1263/1201 1284/1284/1222
f 1254/1254/1192 1316/1316/1254 1255/1255/1193
f 1944/1944/1879 1945/1945/1880 1946/1946/1881
f 1946/1946/1881 1947/1947/1882 1944/1944/1879
f 1945/1945/1880 1948/1948/1883 1949/1949/1884
f 1949/1949/1884 1946/1946/1881 1945/1945/1880
f 1948/1948/1883 1950/1950/1885 1308/1308/1246
f 1308/1308/1246 1949/1949/1884 1948/1948/1883
f 1950/1950/1885 1951/1951/1886 1952/1952/1887
f 1952/1952/1887 1308/1308/1246 1950/1950/1885
f 1951/1951/1886 1953/1953/1888 1954/1954/1889
f 1954/1954/1889 1952/1952/1887 1951/1951/1886
f 1953/1953/1888 1955/1955/1890 1956/1956/1891
f 1956/1956/1891 1954/1954/1889 1953/1953/1888
f 1955/1955/1890 1957/1957/1892 1958/1958/1893
f 1958/1958/1893 1956/1956/1891 1955/1955/1890
f 1957/1957/1892 1959/1959/1894 1960/1960/1895
f 1960/1960/1895 1958/1958/1893 1957/1957/1892
f 1959/1959/1894 1961/1961/1896 1962/1962/1897
f 1962/1962/1897 1960/1960/1895 1959/1959/1894
f 1961/1961/1896 1963/1963/1898 1964/1964/1899
f 1964/1964/1899 1962/1962/1897 1961/1961/1896
f 1963/1963/1898 1965/1965/1900 1933/1933/1868
f 1933/1933/1868 1964/1964/1899 1963/1963/1898
f 1965/1965/1900 1966/1966/1901 1934/1934/1869
f 1934/1934/1869 1933/1933/1868 1965/1965/1900
f 1966/1966/1901 1967/1967/1902 1301/1301/1239
f 1301/1301/1239 1934/1934/1869 1966/1966/1901
f 1967/1967/1902 1968/1968/1903 1305/1305/1243
f 1305/1305/1243 1301/1301/1239 1967/1967/1902
f 1968/1968/1903 1969/1969/1904 1306/1306/1244
f 1306/1306/1244 1305/1305/1243 1968/1968/1903
f 1969/1969/1904 1970/1970/1905 1317/1317/1255
f 1317/1317/1255 1306/1306/1244 1969/1969/1904
f 1970/1970/1905 1971/1971/1906 1972/1972/1907
f 1972/1972/1907 1317/1317/1255 1970/1970/1905
f 1971/1971/1906 1973/1973/1908 1974/1974/1909
f 1974/1974/1909 1972/1972/1907 1971/1971/1906
f 1973/1973/1908 1975/1975/1910 1976/1976/1911
f 1976/1976/1911 1974/1974/1909 1973/1973/1908
f 1975/1975/1910 1977/1977/1912 1978/1978/1913
f 1978/1978/1913 1976/1976/1911 1975/1975/1910
f 1977/1977/1912 1979/1979/1914 1980/1980/1915
f 1980/1980/1915 1978/1978/1913 1977/1977/1912
f 1979/1979/1914 1981/1981/1916 1982/1982/1917
f 1982/1982/1917 1980/1980/1915 1979/1979/1914
f 1981/1981/1916 1983/1983/1918 1984/1984/1919
f 1984/1984/1919 1982/1982/1917 1981/1981/1916
f 1983/1983/1918 1944/1944/1879 1947/1947/1882
f 1947/1947/1882 1984/1984/1919 1983/1983/1918
f 1985/1985/1920 1986/1986/1921 1987/1987/1922
f 1987/1987/1922 1988/1988/1923 1985/1985/1920
f 1986/1986/1921 1989/1989/1924 1990/1990/1925
f 1990/1990/1925 1987/1987/1922 1986/1986/1921
f 1989/1989/1924 1991/1991/1926 1992/1992/1927
f 1992/1992/1927 1990/1990/1925 1989/1989/1924
f 1991/1991/1926 1993/1993/1928 1994/1994/1929
f 1994/1994/1929 1992/1992/1927 1991/1991/1926
f 1993/1993/1928 1995/1995/1930 1996/1996/1931
f 1996/1996/1931 1994/1994/1929 1993/1993/1928
f 1995/1995/1930 1997/1997/1932 1998/1998/1933
f 1998/1998/1933 1996/1996/1931 1995/1995/1930
f 1997/1997/1932 1999/1999/1934 2000/2000/1935
f 2000/2000/1935 1998/1998/1933 1997/1997/1932
f 1999/1999/1934 2001/2001/1936 2002/2002/1937
f 2002/2002/1937 2000/2000/1935 1999/1999/1934
f 2001/2001/1936 2003/2003/1938 2004/2004/1939
f 2004/2004/1939 2002/2002/1937 2001/2001/1936
f 2003/2003/1938 2005/2005/1940 1316/1316/1254
f 1316/1316/1254 2004/2004/1939 2003/2003/1938
f 2005/2005/1940 2006/2006/1941 1255/1255/1193
f 1255/1255/1193 1316/1316/1254 2005/2005/1940
f 2006/2006/1941 2007/2007/1942 1256/1256/1194
f 1256/1256/1194 1255/1255/1193 2006/2006/1941
f 2007/2007/1942 2008/2008/1943 1315/1315/1253
f 1315/1315/1253 1256/1256/1194 2007/2007/1942
f 2008/2008/1943 2009/2009/1944 1313/1313/1251
f 1313/1313/1251 1315/1315/1253 2008/2008/1943
f 2009/2009/1944 2010/2010/1945 1318/1318/1256
f 1318/1318/1256 1313/1313/1251 2009/2009/1944
f 2010/2010/1945 2011/2011/1946 1941/1941/1876
f 1941/1941/1876 1318/1318/1256 2010/2010/1945
f 2011/2011/1946 2012/2012/1947 1250/1250/1188
f 1250/1250/1188 1941/1941/1876 2011/2011/1946
f 2012/2012/1947 2013/2013/1948 1251/1251/1189
f 1251/1251/1189 1250/1250/1188 2012/2012/1947
f 2013/2013/1948 2014/2014/1949 2015/2015/1950
f 2015/2015/1950 1251/1251/1189 2013/2013/1948
f 2014/2014/1949 2016/2016/1951 2017/2017/1952
f 2017/2017/1952 2015/2015/1950 2014/2014/1949
f 2016/2016/1951 2018/2018/1953 2019/2019/1954
f 2019/2019/1954 2017/2017/1952 2016/2016/1951
f 2018/2018/1953 2020/2020/1955 2021/2021/1956
f 2021/2021/1956 2019/2019/1954 2018/2018/1953
f 2020/2020/1955 2022/2022/1957 2023/2023/1958
f 2023/2023/1958 2021/2021/1956 2020/2020/1955
f 2022/2022/1957 2024/2024/1959 2025/2025/1960
f 2025/2025/1960 2023/2023/1958 2022/2022/1957
f 2024/2024/1959 2026/2026/1961 2027/2027/1962
f 2027/2027/1962 2025/2025/1960 2024/2024/1959
f 2026/2026/1961 1985/1985/1920 1988/1988/1923
f 1988/1988/1923 2027/2027/1962 2026/2026/1961
f 2028/2028/1963 2029/2029/1964 1249/1249/1187
f 1249/1249/1187 1252/1252/1190 2028/2028/1963
f 2029/2029/1964 2030/2030/1965 1940/1940/1875
f 1940/1940/1875 1249/1249/1187 2029/2029/1964
f 2030/2030/1965 2031/2031/1966 1319/1319/1257
f 1319/1319/1257 1940/1940/1875 2030/2030/1965
f 2031/2031/1966 2032/2032/1967 1314/1314/1252
f 1314/1314/1252 1319/1319/1257 2031/2031/1966
f 2032/2032/1967 2033/2033/1968 1942/1942/1877
f 1942/1942/1877 1314/1314/1252 2032/2032/1967
f 2033/2033/1968 2034/2034/1969 1298/1298/1236
f 1298/1298/1236 1942/1942/1877 2033/2033/1968
f 2034/2034/1969 2035/2035/1970 1943/1943/1878
f 1943/1943/1878 1298/1298/1236 2034/2034/1969
f 2035/2035/1970 2036/2036/1971 2037/2037/1972
f 2037/2037/1972 1943/1943/1878 2035/2035/1970
f 2036/2036/1971 2038/2038/1973 2039/2039/1974
f 2039/2039/1974 2037/2037/1972 2036/2036/1971
f 2038/2038/1973 2040/2040/1975 1288/1288/1226
f 1288/1288/1226 2039/2039/1974 2038/2038/1973
f 2040/2040/1975 2041/2041/1976 1280/1280/1218
f 1280/1280/1218 1288/1288/1226 2040/2040/1975
f 2041/2041/1976 2042/2042/1977 1281/1281/1219
f 1281/1281/1219 1280/1280/1218 2041/2041/1976
f 2042/2042/1977 2043/2043/1978 1282/1282/1220
f 1282/1282/1220 1281/1281/1219 2042/2042/1977
f 2043/2043/1978 2044/2044/1979 1283/1283/1221
f 1283/1283/1221 1282/1282/1220 2043/2043/1978
f 2044/2044/1979 2045/2045/1980 1284/1284/1222
f 1284/1284/1222 1283/1283/1221 2044/2044/1979
f 2045/2045/1980 2046/2046/1981 1285/1285/1223
f 1285/1285/1223 1284/1284/1222 2045/2045/1980
f 2046/2046/1981 2047/2047/1982 1286/1286/1224
f 1286/1286/1224 1285/1285/1223 2046/2046/1981
f 2047/2047/1982 2048/2048/1983 1287/1287/1225
f 1287/1287/1225 1286/1286/1224 2047/2047/1982
f 2048/2048/1983 2049/2049/1984 1310/1310/1248
f 1310/1310/1248 1287/1287/1225 2048/2048/1983
f 2049/2049/1984 2050/2050/1985 1311/1311/1249
f 1311/1311/1249 1310/1310/1248 2049/2049/1984
f 2050/2050/1985 2051/2051/1986 1279/1279/1217
f 1279/1279/1217 1311/1311/1249 2050/2050/1985
f 2051/2051/1986 2052/2052/1987 1277/1277/1215
f 1277/1277/1215 1279/1279/1217 2051/2051/1986
f 2052/2052/1987 2053/2053/1988 2054/2054/1989
f 2054/2054/1989 1277/1277/1215 2052/2052/1987
f 2053/2053/1988 2028/2028/1963 1252/1252/1190
f 1252/1252/1190 2054/2054/1989 2053/2053/1988
f 1262/1262/1200 1287/1287/1225 1310/1310/1248
f 1261/1261/1199 1262/1262/1200 1278/1278/1216
f 2015/2015/1950 2054/2054/1989 1252/1252/1190
f 1252/1252/1190 1251/1251/1189 2015/2015/1950
f 1263/1263/1201 1283/1283/1221 1284/1284/1222
f 1263/1263/1201 1265/1265/1203 1282/1282/1220
f 1265/1265/1203 1281/1281/1219 1282/1282/1220
f 1264/1264/1202 1285/1285/1223 1286/1286/1224
f 1262/1262/1200 1264/1264/1202 1286/1286/1224
f 1265/1265/1203 1288/1288/1226 1280/1280/1218
f 1943/1943/1878 2037/2037/1972 1299/1299/1237
f 1312/1312/1250 1314/1314/1252 1942/1942/1877
f 1974/1974/1909 1976/1976/1911 2000/2000/1935
f 2000/2000/1935 2002/2002/1937 1974/1974/1909
f 1976/1976/1911 1978/1978/1913 1998/1998/1933
f 1998/1998/1933 2000/2000/1935 1976/1976/1911
f 1978/1978/1913 1980/1980/1915 1996/1996/1931
f 1996/1996/1931 1998/1998/1933 1978/1978/1913
f 1980/1980/1915 1982/1982/1917 1994/1994/1929
f 1994/1994/1929 1996/1996/1931 1980/1980/1915
f 1339/1339/1277 1994/1994/1929 1982/1982/1917
f 1982/1982/1917 1344/1344/1282 1339/1339/1277
f 1972/1972/1907 2004/2004/1939 1316/1316/1254
f 1316/1316/1254 1317/1317/1255 1972/1972/1907
f 1972/1972/1907 1974/1974/1909 2002/2002/1937
f 2002/2002/1937 2004/2004/1939 1972/1972/1907
f 1947/1947/1882 1946/1946/1881 1345/1345/1283
f 1982/1982/1917 1984/1984/1919 1344/1344/1282
f 1345/1345/1283 1344/1344/1282 1984/1984/1919
f 1984/1984/1919 1947/1947/1882 1345/1345/1283
f 1307/1307/1245 1345/1345/1283 1946/1946/1881
f 1946/1946/1881 1949/1949/1884 1307/1307/1245
f 1949/1949/1884 1308/1308/1246 1307/1307/1245
f 1329/1329/1267 1242/1242/1180 2055/2055/1990
f 1987/1987/1922 1990/1990/1925 1338/1338/1276
f 1990/1990/1925 1339/1339/1277 1338/1338/1276
f 1992/1992/1927 1994/1994/1929 1339/1339/1277
f 1988/1988/1923 1987/1987/1922 1338/1338/1276
f 2025/2025/1960 2027/2027/1962 1341/1341/1279
f 2027/2027/1962 1988/1988/1923 1341/1341/1279
f 1988/1988/1923 1338/1338/1276 1341/1341/1279
f 1990/1990/1925 1992/1992/1927 1339/1339/1277
f 2015/2015/1950 2017/2017/1952 2054/2054/1989
f 2017/2017/1952 2019/2019/1954 2055/2055/1990
f 2019/2019/1954 2021/2021/1956 2055/2055/1990
f 1341/1341/1279 1329/1329/1267 2025/2025/1960
f 2023/2023/1958 2025/2025/1960 2055/2055/1990
f 2021/2021/1956 2023/2023/1958 2055/2055/1990
f 1242/1242/1180 1243/1243/1181 1258/1258/1196
f 2055/2055/1990 1278/1278/1216 2054/2054/1989
f 2054/2054/1989 2017/2017/1952 2055/2055/1990
f 1312/1312/1250 1253/1253/1191 1315/1315/1253
f 1253/1253/1191 1256/1256/1194 1315/1315/1253
f 1419/1419/1357 1926/1926/1861 2056/2056/1991
f 2057/2057/1992 1418/1418/1356 1576/1576/1513
f 1576/1576/1513 1923/1923/1858 2057/2057/1992
f 2058/2058/1993 1798/1798/1734 1797/1797/1733
f 1797/1797/1733 2059/2059/1994 2058/2058/1993
f 1773/1773/1709 2060/2060/1995 1370/1370/1308
f 1370/1370/1308 1369/1369/1307 1773/1773/1709
f 1926/1926/1861 1792/1792/1728 1375/1375/1313
f 1926/1926/1861 2061/2061/1996 2056/2056/1991
f 1901/1901/1836 1902/1902/1837 2062/2062/1997
f 2062/2062/1997 2063/2063/1998 1901/1901/1836
f 1903/1903/1838 1901/1901/1836 2063/2063/1998
f 2063/2063/1998 2064/2064/1999 1903/1903/1838
f 1904/1904/1839 1903/1903/1838 2064/2064/1999
f 2064/2064/1999 2065/2065/2000 1904/1904/1839
f 1905/1905/1840 1904/1904/1839 2065/2065/2000
f 2065/2065/2000 2066/2066/2001 1905/1905/1840
f 1906/1906/1841 1905/1905/1840 2066/2066/2001
f 2066/2066/2001 2067/2067/2002 1906/1906/1841
f 1907/1907/1842 1906/1906/1841 2067/2067/2002
f 2067/2067/2002 2068/2068/2003 1907/1907/1842
f 1909/1909/1844 1907/1907/1842 2068/2068/2003
f 2068/2068/2003 2069/2069/2004 1909/1909/1844
f 1910/1910/1845 1909/1909/1844 2069/2069/2004
f 2069/2069/2004 2070/2070/2005 1910/1910/1845
f 1911/1911/1846 1910/1910/1845 2070/2070/2005
f 2070/2070/2005 2071/2071/2006 1911/1911/1846
f 1912/1912/1847 1911/1911/1846 2071/2071/2006
f 2071/2071/2006 2072/2072/2007 1912/1912/1847
f 1913/1913/1848 1912/1912/1847 2072/2072/2007
f 2072/2072/2007 2073/2073/2008 1913/1913/1848
f 1914/1914/1849 1913/1913/1848 2073/2073/2008
f 2073/2073/2008 2074/2074/2009 1914/1914/1849
f 1915/1915/1850 1914/1914/1849 2074/2074/2009
f 2074/2074/2009 2075/2075/2010 1915/1915/1850
f 1916/1916/1851 1915/1915/1850 2075/2075/2010
f 2075/2075/2010 2076/2076/2011 1916/1916/1851
f 1918/1918/1853 1916/1916/1851 2076/2076/2011
f 2076/2076/2011 2077/2077/2012 1918/1918/1853
f 1919/1919/1854 1918/1918/1853 2077/2077/2012
f 2077/2077/2012 2078/2078/2013 1919/1919/1854
f 1920/1920/1855 1919/1919/1854 2078/2078/2013
f 2078/2078/2013 2079/2079/2014 1920/1920/1855
f 1921/1921/1856 1920/1920/1855 2079/2079/2014
f 2079/2079/2014 2080/2080/2015 1921/1921/1856
f 1922/1922/1857 1921/1921/1856 2080/2080/2015
f 2080/2080/2015 2081/2081/2016 1922/1922/1857
f 1902/1902/1837 1922/1922/1857 2081/2081/2016
f 2081/2081/2016 2062/2062/1997 1902/1902/1837
f 1945/1945/1880 1944/1944/1879 2082/2082/2017
f 2082/2082/2017 2083/2083/2018 1945/1945/1880
f 1948/1948/1883 1945/1945/1880 2083/2083/2018
f 2083/2083/2018 2084/2084/2019 1948/1948/1883
f 1950/1950/1885 1948/1948/1883 2084/2084/2019
f 2084/2084/2019 2085/2085/2020 1950/1950/1885
f 1951/1951/1886 1950/1950/1885 2085/2085/2020
f 2085/2085/2020 2086/2086/2021 1951/1951/1886
f 1953/1953/1888 1951/1951/1886 2086/2086/2021
f 2086/2086/2021 2087/2087/2022 1953/1953/1888
f 1955/1955/1890 1953/1953/1888 2087/2087/2022
f 2087/2087/2022 2088/2088/2023 1955/1955/1890
f 1957/1957/1892 1955/1955/1890 2088/2088/2023
f 2088/2088/2023 2089/2089/2024 1957/1957/1892
f 1959/1959/1894 1957/1957/1892 2089/2089/2024
f 2089/2089/2024 2090/2090/2025 1959/1959/1894
f 1961/1961/1896 1959/1959/1894 2090/2090/2025
f 2090/2090/2025 2091/2091/2026 1961/1961/1896
f 1963/1963/1898 1961/1961/1896 2091/2091/2026
f 2091/2091/2026 2092/2092/2027 1963/1963/1898
f 1965/1965/1900 1963/1963/1898 2092/2092/2027
f 2092/2092/2027 2093/2093/2028 1965/1965/1900
f 1966/1966/1901 1965/1965/1900 2093/2093/2028
f 2093/2093/2028 2094/2094/2029 1966/1966/1901
f 1967/1967/1902 1966/1966/1901 2094/2094/2029
f 2094/2094/2029 2095/2095/2030 1967/1967/1902
f 1968/1968/1903 1967/1967/1902 2095/2095/2030
f 2095/2095/2030 2096/2096/2031 1968/1968/1903
f 1969/1969/1904 1968/1968/1903 2096/2096/2031
f 2096/2096/2031 2097/2097/2032 1969/1969/1904
f 1970/1970/1905 1969/1969/1904 2097/2097/2032
f 2097/2097/2032 2098/2098/2033 1970/1970/1905
f 1971/1971/1906 1970/1970/1905 2098/2098/2033
f 2098/2098/2033 2099/2099/2034 1971/1971/1906
f 1973/1973/1908 1971/1971/1906 2099/2099/2034
f 2099/2099/2034 2100/2100/2035 1973/1973/1908
f 1975/1975/1910 1973/1973/1908 2100/2100/2035
f 2100/2100/2035 2101/2101/2036 1975/1975/1910
f 1977/1977/1912 1975/1975/1910 2101/2101/2036
f 2101/2101/2036 2102/2102/2037 1977/1977/1912
f 1979/1979/1914 1977/1977/1912 2102/2102/2037
f 2102/2102/2037 2103/2103/2038 1979/1979/1914
f 1981/1981/1916 1979/1979/1914 2103/2103/2038
f 2103/2103/2038 2104/2104/2039 1981/1981/1916
f 1983/1983/1918 1981/1981/1916 2104/2104/2039
f 2104/2104/2039 2105/2105/2040 1983/1983/1918
f 1944/1944/1879 1983/1983/1918 2105/2105/2040
f 2105/2105/2040 2082/2082/2017 1944/1944/1879
f 1986/1986/1921 1985/1985/1920 2106/2106/2041
f 2106/2106/2041 2107/2107/2042 1986/1986/1921
f 1989/1989/1924 1986/1986/1921 2107/2107/2042
f 2107/2107/2042 2108/2108/2043 1989/1989/1924
f 1991/1991/1926 1989/1989/1924 2108/2108/2043
f 2108/2108/2043 2109/2109/2044 1991/1991/1926
f 1993/1993/1928 1991/1991/1926 2109/2109/2044
f 2109/2109/2044 2110/2110/2045 1993/1993/1928
f 1995/1995/1930 1993/1993/1928 2110/2110/2045
f 2110/2110/2045 2111/2111/2046 1995/1995/1930
f 1997/1997/1932 1995/1995/1930 2111/2111/2046
f 2111/2111/2046 2112/2112/2047 1997/1997/1932
f 1999/1999/1934 1997/1997/1932 2112/2112/2047
f 2112/2112/2047 2113/2113/2048 1999/1999/1934
f 2001/2001/1936 1999/1999/1934 2113/2113/2048
f 2113/2113/2048 2114/2114/2049 2001/2001/1936
f 2003/2003/1938 2001/2001/1936 2114/2114/2049
f 2114/2114/2049 2115/2115/2050 2003/2003/1938
f 2005/2005/1940 2003/2003/1938 2115/2115/2050
f 2115/2115/2050 2116/2116/2051 2005/2005/1940
f 2006/2006/1941 2005/2005/1940 2116/2116/2051
f 2116/2116/2051 2117/2117/2052 2006/2006/1941
f 2007/2007/1942 2006/2006/1941 2117/2117/2052
f 2117/2117/2052 2118/2118/2053 2007/2007/1942
f 2008/2008/1943 2007/2007/1942 2118/2118/2053
f 2118/2118/2053 2119/2119/2054 2008/2008/1943
f 2009/2009/1944 2008/2008/1943 2119/2119/2054
f 2119/2119/2054 2120/2120/2055 2009/2009/1944
f 2010/2010/1945 2009/2009/1944 2120/2120/2055
f 2120/2120/2055 2121/2121/2056 2010/2010/1945
f 2011/2011/1946 2010/2010/1945 2121/2121/2056
f 2121/2121/2056 2122/2122/2057 2011/2011/1946
f 2012/2012/1947 2011/2011/1946 2122/2122/2057
f 2122/2122/2057 2123/2123/2058 2012/2012/1947
f 2013/2013/1948 2012/2012/1947 2123/2123/2058
f 2123/2123/2058 2124/2124/2059 2013/2013/1948
f 2014/2014/1949 2013/2013/1948 2124/2124/2059
f 2124/2124/2059 2125/2125/2060 2014/2014/1949
f 2016/2016/1951 2014/2014/1949 2125/2125/2060
f 2125/2125/2060 2126/2126/2061 2016/2016/1951
f 2018/2018/1953 2016/2016/1951 2126/2126/2061
f 2126/2126/2061 2127/2127/2062 2018/2018/1953
f 2020/2020/1955 2018/2018/1953 2127/2127/2062
f 2127/2127/2062 2128/2128/2063 2020/2020/1955
f 2022/2022/1957 2020/2020/1955 2128/2128/2063
f 2128/2128/2063 2129/2129/2064 2022/2022/1957
f 2024/2024/1959 2022/2022/1957 2129/2129/2064
f 2129/2129/2064 2130/2130/2065 2024/2024/1959
f 2026/2026/1961 2024/2024/1959 2130/2130/2065
f 2130/2130/2065 2131/2131/2066 2026/2026/1961
f 1985/1985/1920 2026/2026/1961 2131/2131/2066
f 2131/2131/2066 2106/2106/2041 1985/1985/1920
f 2029/2029/1964 2028/2028/1963 2132/2132/2067
f 2132/2132/2067 2133/2133/2068 2029/2029/1964
f 2030/2030/1965 2029/2029/1964 2133/2133/2068
f 2133/2133/2068 2134/2134/2069 2030/2030/1965
f 2031/2031/1966 2030/2030/1965 2134/2134/2069
f 2134/2134/2069 2135/2135/2070 2031/2031/1966
f 2032/2032/1967 2031/2031/1966 2135/2135/2070
f 2135/2135/2070 2136/2136/2071 2032/2032/1967
f 2033/2033/1968 2032/2032/1967 2136/2136/2071
f 2136/2136/2071 2137/2137/2072 2033/2033/1968
f 2034/2034/1969 2033/2033/1968 2137/2137/2072
f 2137/2137/2072 2138/2138/2073 2034/2034/1969
f 2035/2035/1970 2034/2034/1969 2138/2138/2073
f 2138/2138/2073 2139/2139/2074 2035/2035/1970
f 2036/2036/1971 2035/2035/1970 2139/2139/2074
f 2139/2139/2074 2140/2140/2075 2036/2036/1971
f 2038/2038/1973 2036/2036/1971 2140/2140/2075
f 2140/2140/2075 2141/2141/2076 2038/2038/1973
f 2040/2040/1975 2038/2038/1973 2141/2141/2076
f 2141/2141/2076 2142/2142/2077 2040/2040/1975
f 2041/2041/1976 2040/2040/1975 2142/2142/2077
f 2142/2142/2077 2143/2143/2078 2041/2041/1976
f 2042/2042/1977 2041/2041/1976 2143/2143/2078
f 2143/2143/2078 2144/2144/2079 2042/2042/1977
f 2043/2043/1978 2042/2042/1977 2144/2144/2079
f 2144/2144/2079 2145/2145/2080 2043/2043/1978
f 2044/2044/1979 2043/2043/1978 2145/2145/2080
f 2145/2145/2080 2146/2146/2081 2044/2044/1979
f 2045/2045/1980 2044/2044/1979 2146/2146/2081
f 2146/2146/2081 2147/2147/2082 2045/2045/1980
f 2046/2046/1981 2045/2045/1980 2147/2147/2082
f 2147/2147/2082 2148/2148/2083 2046/2046/1981
f 2047/2047/1982 2046/2046/1981 2148/2148/2083
f 2148/2148/2083 2149/2149/2084 2047/2047/1982
f 2048/2048/1983 2047/2047/1982 2149/2149/2084
f 2149/2149/2084 2150/2150/2085 2048/2048/1983
f 2049/2049/1984 2048/2048/1983 2150/2150/2085
f 2150/2150/2085 2151/2151/2086 2049/2049/1984
f 2050/2050/1985 2049/2049/1984 2151/2151/2086
f 2151/2151/2086 2152/2152/2087 2050/2050/1985
f 2051/2051/1986 2050/2050/1985 2152/2152/2087
f 2152/2152/2087 2153/2153/2088 2051/2051/1986
f 2052/2052/1987 2051/2051/1986 2153/2153/2088
f 2153/2153/2088 2154/2154/2089 2052/2052/1987
f 2053/2053/1988 2052/2052/1987 2154/2154/2089
f 2154/2154/2089 2155/2155/2090 2053/2053/1988
f 2028/2028/1963 2053/2053/1988 2155/2155/2090
f 2155/2155/2090 2132/2132/2067 2028/2028/1963
f 2063/2063/1998 2062/2062/1997 2156/2156/2091
f 2064/2064/1999 2063/2063/1998 2156/2156/2091
f 2065/2065/2000 2064/2064/1999 2156/2156/2091
f 2066/2066/2001 2065/2065/2000 2156/2156/2091
f 2067/2067/2002 2066/2066/2001 2156/2156/2091
f 2068/2068/2003 2067/2067/2002 2156/2156/2091
f 2069/2069/2004 2068/2068/2003 2156/2156/2091
f 2070/2070/2005 2069/2069/2004 2156/2156/2091
f 2071/2071/2006 2070/2070/2005 2156/2156/2091
f 2072/2072/2007 2071/2071/2006 2156/2156/2091
f 2073/2073/2008 2072/2072/2007 2156/2156/2091
f 2074/2074/2009 2073/2073/2008 2156/2156/2091
f 2075/2075/2010 2074/2074/2009 2156/2156/2091
f 2076/2076/2011 2075/2075/2010 2156/2156/2091
f 2077/2077/2012 2076/2076/2011 2156/2156/2091
f 2078/2078/2013 2077/2077/2012 2156/2156/2091
f 2079/2079/2014 2078/2078/2013 2156/2156/2091
f 2080/2080/2015 2079/2079/2014 2156/2156/2091
f 2081/2081/2016 2080/2080/2015 2156/2156/2091
f 2062/2062/1997 2081/2081/2016 2156/2156/2091
f 2083/2083/2018 2082/2082/2017 2157/2157/2092
f 2084/2084/2019 2083/2083/2018 2157/2157/2092
f 2085/2085/2020 2084/2084/2019 2157/2157/2092
f 2086/2086/2021 2085/2085/2020 2157/2157/2092
f 2087/2087/2022 2086/2086/2021 2157/2157/2092
f 2088/2088/2023 2087/2087/2022 2157/2157/2092
f 2089/2089/2024 2088/2088/2023 2157/2157/2092
f 2090/2090/2025 2089/2089/2024 2157/2157/2092
f 2091/2091/2026 2090/2090/2025 2157/2157/2092
f 2092/2092/2027 2091/2091/2026 2157/2157/2092
f 2093/2093/2028 2092/2092/2027 2157/2157/2092
f 2094/2094/2029 2093/2093/2028 2157/2157/2092
f 2095/2095/2030 2094/2094/2029 2157/2157/2092
f 2096/2096/2031 2095/2095/2030 2157/2157/2092
f 2097/2097/2032 2096/2096/2031 2157/2157/2092
f 2098/2098/2033 2097/2097/2032 2157/2157/2092
f 2099/2099/2034 2098/2098/2033 2157/2157/2092
f 2100/2100/2035 2099/2099/2034 2157/2157/2092
f 2101/2101/2036 2100/2100/2035 2157/2157/2092
f 2102/2102/2037 2101/2101/2036 2157/2157/2092
f 2103/2103/2038 2102/2102/2037 2157/2157/2092
f 2104/2104/2039 2103/2103/2038 2157/2157/2092
f 2105/2105/2040 2104/2104/2039 2157/2157/2092
f 2082/2082/2017 2105/2105/2040 2157/2157/2092
f 2107/2107/2042 2106/2106/2041 2158/2158/2093
f 2108/2108/2043 2107/2107/2042 2158/2158/2093
f 2109/2109/2044 2108/2108/2043 2158/2158/2093
f 2110/2110/2045 2109/2109/2044 2158/2158/2093
f 2111/2111/2046 2110/2110/2045 2158/2158/2093
f 2112/2112/2047 2111/2111/2046 2158/2158/2093
f 2113/2113/2048 2112/2112/2047 2158/2158/2093
f 2114/2114/2049 2113/2113/2048 2158/2158/2093
f 2115/2115/2050 2114/2114/2049 2158/2158/2093
f 2116/2116/2051 2115/2115/2050 2158/2158/2093
f 2117/2117/2052 2116/2116/2051 2158/2158/2093
f 2118/2118/2053 2117/2117/2052 2158/2158/2093
f 2119/2119/2054 2118/2118/2053 2158/2158/2093
f 2120/2120/2055 2119/2119/2054 2158/2158/2093
f 2121/2121/2056 2120/2120/2055 2158/2158/2093
f 2122/2122/2057 2121/2121/2056 2158/2158/2093
f 2123/2123/2058 2122/2122/2057 2158/2158/2093
f 2124/2124/2059 2123/2123/2058 2158/2158/2093
f 2125/2125/2060 2124/2124/2059 2158/2158/2093
f 2126/2126/2061 2125/2125/2060 2158/2158/2093
f 2127/2127/2062 2126/2126/2061 2158/2158/2093
f 2128/2128/2063 2127/2127/2062 2158/2158/2093
f 2129/2129/2064 2128/2128/2063 2158/2158/2093
f 2130/2130/2065 2129/2129/2064 2158/2158/2093
f 2131/2131/2066 2130/2130/2065 2158/2158/2093
f 2106/2106/2041 2131/2131/2066 2158/2158/2093
f 2133/2133/2068 2132/2132/2067 2159/2159/2094
f 2134/2134/2069 2133/2133/2068 2159/2159/2094
f 2135/2135/2070 2134/2134/2069 2159/2159/2094
f 2136/2136/2071 2135/2135/2070 2159/2159/2094
f 2137/2137/2072 2136/2136/2071 2159/2159/2094
f 2138/2138/2073 2137/2137/2072 2159/2159/2094
f 2139/2139/2074 2138/2138/2073 2159/2159/2094
f 2140/2140/2075 2139/2139/2074 2159/2159/2094
f 2141/2141/2076 2140/2140/2075 2159/2159/2094
f 2142/2142/2077 2141/2141/2076 2159/2159/2094
f 2143/2143/2078 2142/2142/2077 2159/2159/2094
f 2144/2144/2079 2143/2143/2078 2159/2159/2094
f 2145/2145/2080 2144/2144/2079 2159/2159/2094
f 2146/2146/2081 2145/2145/2080 2159/2159/2094
f 2147/2147/2082 2146/2146/2081 2159/2159/2094
f 2148/2148/2083 2147/2147/2082 2159/2159/2094
f 2149/2149/2084 2148/2148/2083 2159/2159/2094
f 2150/2150/2085 2149/2149/2084 2159/2159/2094
f 2151/2151/2086 2150/2150/2085 2159/2159/2094
f 2152/2152/2087 2151/2151/2086 2159/2159/2094
f 2153/2153/2088 2152/2152/2087 2159/2159/2094
f 2154/2154/2089 2153/2153/2088 2159/2159/2094
f 2155/2155/2090 2154/2154/2089 2159/2159/2094
f 2132/2132/2067 2155/2155/2090 2159/2159/2094
f 1762/1762/1698 1489/1489/1427 1490/1490/1428
f 1555/1555/1493 1560/1560/1498 1559/1559/1497
f 1329/1329/1267 2055/2055/1990 2025/2025/1960
f 1308/1308/1246 1952/1952/1887 1309/1309/1247
f 1309/1309/1247 2160/2160/2095 1275/1275/1213
f 1899/1899/1834 1271/1271/1209 1272/1272/1210
f 2161/2161/2096 1964/1964/1899 1908/1908/1843
f 1908/1908/1843 1899/1899/1834 2161/2161/2096
f 2055/2055/1990 1258/1258/1196 1260/1260/1198
f 2055/2055/1990 1260/1260/1198 1259/1259/1197
f 2055/2055/1990 1259/1259/1197 1278/1278/1216
f 1242/1242/1180 1258/1258/1196 2055/2055/1990
f 1278/1278/1216 1311/1311/1249 1279/1279/1217
f 1278/1278/1216 1277/1277/1215 2054/2054/1989
f 1259/1259/1197 1261/1261/1199 1278/1278/1216
f 1262/1262/1200 1311/1311/1249 1278/1278/1216
f 1296/1296/1234 2039/2039/1974 1288/1288/1226
f 1296/1296/1234 1299/1299/1237 2037/2037/1972
f 1296/1296/1234 1321/1321/1259 1917/1917/1852
f 1296/1296/1234 1917/1917/1852 1897/1897/1832
f 1296/1296/1234 2037/2037/1972 2039/2039/1974
f 1268/1268/1206 1321/1321/1259 1296/1296/1234
f 1266/1266/1204 1296/1296/1234 1288/1288/1226
f 1116/1116/1054 1122/1122/1060 1117/1117/1055
f 1524/1524/1462 1750/1750/1686 2162/2162/2097
f 1708/1708/1645 1707/1707/1644 1706/1706/1643
f 1708/1708/1645 1706/1706/1643 1709/1709/1646
f 1568/1568/1506 1593/1593/1530 1595/1595/1532
f 1568/1568/1506 1566/1566/1504 1593/1593/1530
f 1754/1754/1690 1572/1572/1510 1571/1571/1509
f 1505/1505/1443 1755/1755/1691 1756/1756/1692
f 1429/1429/1367 1428/1428/1366 1458/1458/1396
f 1165/1165/1103 1170/1170/1108 1229/1229/1167
f 1229/1229/1167 1228/1228/1166 1165/1165/1103
f 1164/1164/1102 1171/1171/1109 1170/1170/1108
f 1170/1170/1108 1165/1165/1103 1164/1164/1102
f 1153/1153/1091 1158/1158/1096 1223/1223/1161
f 1223/1223/1161 1221/1221/1159 1153/1153/1091
f 1157/1157/1095 1162/1162/1100 1225/1225/1163
f 1225/1225/1163 1224/1224/1162 1157/1157/1095
f 1161/1161/1099 1166/1166/1104 1227/1227/1165
f 1227/1227/1165 1226/1226/1164 1161/1161/1099
f 1169/1169/1107 1174/1174/1112 1231/1231/1169
f 1231/1231/1169 1230/1230/1168 1169/1169/1107
f 1173/1173/1111 1178/1178/1116 1233/1233/1171
f 1233/1233/1171 1232/1232/1170 1173/1173/1111
f 1160/1160/1098 1167/1167/1105 1166/1166/1104
f 1166/1166/1104 1161/1161/1099 1160/1160/1098
f 1270/1270/1208 1222/1222/1160 1221/1221/1159
f 1221/1221/1159 1223/1223/1161 1271/1271/1209
f 1271/1271/1209 1223/1223/1161 1224/1224/1162
f 1224/1224/1162 1225/1225/1163 1272/1272/1210
f 1272/1272/1210 1225/1225/1163 1226/1226/1164
f 1226/1226/1164 1227/1227/1165 1273/1273/1211
f 1273/1273/1211 1227/1227/1165 1228/1228/1166
f 1228/1228/1166 1229/1229/1167 1274/1274/1212
f 1274/1274/1212 1229/1229/1167 1230/1230/1168
f 1230/1230/1168 1231/1231/1169 1275/1275/1213
f 1275/1275/1213 1231/1231/1169 1232/1232/1170
f 1232/1232/1170 1233/1233/1171 1276/1276/1214
f 1149/1149/1087 1154/1154/1092 1222/1222/1160
f 1222/1222/1160 1220/1220/1158 1149/1149/1087
f 1269/1269/1207 1219/1219/1157 1220/1220/1158
f 1220/1220/1158 1222/1222/1160 1270/1270/1208
f 1177/1177/1115 1182/1182/1120 1246/1246/1184
f 1246/1246/1184 1234/1234/1172 1177/1177/1115
f 1176/1176/1114 1183/1183/1121 1182/1182/1120
f 1182/1182/1120 1177/1177/1115 1176/1176/1114
f 1276/1276/1214 1233/1233/1171 1234/1234/1172
f 1150/1150/1088 1219/1219/1157 1218/1218/1156
f 1218/1218/1156 1146/1146/1084 1150/1150/1088
f 1268/1268/1206 1216/1216/1154 1218/1218/1156
f 1218/1218/1156 1219/1219/1157 1269/1269/1207
f 1236/1236/1174 1246/1246/1184 1182/1182/1120
f 1182/1182/1120 1181/1181/1119 1236/1236/1174
f 1235/1235/1173 1245/1245/1183 2163/2163/2098
f 2163/2163/2098 1236/1236/1174 1235/1235/1173
f 1445/1445/1383 1446/1446/1384 1766/1766/1702
f 1766/1766/1702 1448/1448/1386 1445/1445/1383
f 1926/1926/1861 1927/1927/1862 2061/2061/1996
f 1419/1419/1357 2056/2056/1991 1528/1528/1466
f 1422/1422/1360 1777/1777/1713 1792/1792/1728
f 1926/1926/1861 1419/1419/1357 1792/1792/1728
f 1370/1370/1308 2164/2164/2099 2165/2165/2100
f 2164/2164/2099 2166/2166/2101 2167/2167/2102
f 1795/1795/1731 1501/1501/1439 1504/1504/1442
f 1504/1504/1442 1796/1796/1732 1795/1795/1731
f 1370/1370/1308 2165/2165/2100 1371/1371/1309
f 2164/2164/2099 2167/2167/2102 2165/2165/2100
f 1799/1799/1735 2166/2166/2101 2164/2164/2099
f 2168/2168/1731 2166/2166/2101 1799/1799/1735
f 2169/2169/2103 2170/2170/2104 1114/1114/1052
f 1114/1114/1052 2171/2171/2105 2169/2169/2103
f 2169/2169/2103 2171/2171/2105 1118/1118/1056
f 1118/1118/1056 1117/1117/1055 2169/2169/2103
f 1122/1122/1060 2169/2169/2103 1117/1117/1055
f 2058/2058/1993 2057/2057/1992 1923/1923/1858
f 2059/2059/1994 2172/2172/2106 2058/2058/1993
f 2059/2059/1994 1797/1797/1733 2060/2060/1995
f 1797/1797/1733 1799/1799/1735 2164/2164/2099
f 2058/2058/1993 1923/1923/1858 1575/1575/1512
f 1118/1118/1056 2173/2173/2107 1794/1794/1730
f 1794/1794/1730 1119/1119/1057 1118/1118/1056
f 1796/1796/1732 2174/2174/2108 1116/1116/1054
f 1116/1116/1054 1119/1119/1057 1796/1796/1732
f 2175/2175/2109 2176/2176/2110 2171/2171/2105
f 2171/2171/2105 1114/1114/1052 2175/2175/2109
f 2171/2171/2105 2176/2176/2110 2173/2173/2107
f 2173/2173/2107 1118/1118/1056 2171/2171/2105
f 1114/1114/1052 2170/2170/2104 1115/1115/1053
f 1113/1113/1051 2175/2175/2109 1114/1114/1052
f 1508/1508/1446 1507/1507/1445 1351/1351/1289
f 1351/1351/1289 2174/2174/2108 1508/1508/1446
f 1509/1509/1447 1512/1512/1450 1353/1353/1291
f 1353/1353/1291 1352/1352/1290 1509/1509/1447
f 1935/1935/1870 1513/1513/1451 1516/1516/1454
f 1516/1516/1454 1519/1519/1457 1935/1935/1870
f 1353/1353/1291 1512/1512/1450 1513/1513/1451
f 1513/1513/1451 1935/1935/1870 1353/1353/1291
f 1796/1796/1732 1504/1504/1442 1508/1508/1446
f 1508/1508/1446 2174/2174/2108 1796/1796/1732
f 1451/1451/1389 1410/1410/1348 1770/1770/1706
f 1770/1770/1706 1769/1769/1705 1451/1451/1389
f 1409/1409/1347 1414/1414/1352 1772/1772/1708
f 1772/1772/1708 1771/1771/1707 1409/1409/1347
f 1369/1369/1307 1366/1366/1304 1774/1774/1710
f 1774/1774/1710 1773/1773/1709 1369/1369/1307
f 1777/1777/1713 1422/1422/1360 1424/1424/1362
f 1424/1424/1362 1778/1778/1714 1777/1777/1713
f 1778/1778/1714 1424/1424/1362 2177/2177/2111
f 2177/2177/2111 1779/1779/1715 1778/1778/1714
f 1780/1780/1716 1431/1431/1369 1430/1430/1368
f 1430/1430/1368 1781/1781/1717 1780/1780/1716
f 1782/1782/1718 1384/1384/1322 1382/1382/1320
f 1382/1382/1320 1781/1781/1717 1782/1782/1718
f 1386/1386/1324 1384/1384/1322 1782/1782/1718
f 1782/1782/1718 1783/1783/1719 1386/1386/1324
f 1388/1388/1326 1386/1386/1324 1783/1783/1719
f 1783/1783/1719 1784/1784/1720 1388/1388/1326
f 1390/1390/1328 1388/1388/1326 1784/1784/1720
f 1784/1784/1720 1785/1785/1721 1390/1390/1328
f 1396/1396/1334 1390/1390/1328 1785/1785/1721
f 1785/1785/1721 1786/1786/1722 1396/1396/1334
f 1394/1394/1332 1396/1396/1334 1786/1786/1722
f 1786/1786/1722 1787/1787/1723 1394/1394/1332
f 1443/1443/1381 1445/1445/1383 1788/1788/1724
f 1788/1788/1724 1787/1787/1723 1443/1443/1381
f 1445/1445/1383 1447/1447/1385 1789/1789/1725
f 1789/1789/1725 1788/1788/1724 1445/1445/1383
f 1447/1447/1385 1449/1449/1387 1790/1790/1726
f 1790/1790/1726 1789/1789/1725 1447/1447/1385
f 1449/1449/1387 1452/1452/1390 1791/1791/1727
f 1791/1791/1727 1790/1790/1726 1449/1449/1387
f 1776/1776/1712 2059/2059/1994 2060/2060/1995
f 2060/2060/1995 1773/1773/1709 1776/1776/1712
f 1797/1797/1733 2164/2164/2099 2060/2060/1995
f 1777/1777/1713 1375/1375/1313 1792/1792/1728
f 2164/2164/2099 1370/1370/1308 2060/2060/1995
f 1503/1503/1441 1505/1505/1443 1508/1508/1446
f 1508/1508/1446 1504/1504/1442 1503/1503/1441
f 2178/2178/2112 2168/2168/1731 1799/1799/1735
f 1799/1799/1735 1574/1574/1511 2178/2178/2112
f 1573/1573/1440 2178/2178/2112 1574/1574/1511
f 2058/2058/1993 1575/1575/1512 1798/1798/1734
f 1798/1798/1734 1575/1575/1512 1574/1574/1511
f 1793/1793/1729 2179/2179/2113 2180/2180/2114
f 2180/2180/2114 1924/1924/1859 1793/1793/1729
f 1924/1924/1859 2180/2180/2114 1137/1137/1075
f 1137/1137/1075 1136/1136/1074 1924/1924/1859
f 1213/1213/1151 1212/1212/1150 1211/1211/1149
f 1211/1211/1149 1210/1210/1148 1213/1213/1151
f 1265/1265/1203 1208/1208/1146 1211/1211/1149
f 1211/1211/1149 1212/1212/1150 1266/1266/1204
f 1213/1213/1151 1210/1210/1148 1135/1135/1073
f 1135/1135/1073 1140/1140/1078 1213/1213/1151
f 1210/1210/1148 1209/1209/1147 1136/1136/1074
f 1136/1136/1074 1135/1135/1073 1210/1210/1148
f 1143/1143/1081 1217/1217/1155 1215/1215/1153
f 1215/1215/1153 1214/1214/1152 1143/1143/1081
f 1214/1214/1152 1213/1213/1151 1140/1140/1078
f 1139/1139/1077 1214/1214/1152 1140/1140/1078
f 1266/1266/1204 1212/1212/1150 1215/1215/1153
f 1215/1215/1153 1217/1217/1155 1267/1267/1205
f 1354/1354/1292 1519/1519/1457 1518/1518/1456
f 1518/1518/1456 1355/1355/1293 1354/1354/1292
f 1356/1356/1294 1520/1520/1458 1523/1523/1461
f 1523/1523/1461 2181/2181/2115 1356/1356/1294
f 1935/1935/1870 1519/1519/1457 1354/1354/1292
f 1354/1354/1292 1126/1126/1064 1935/1935/1870
f 1131/1131/1069 1133/1133/1071 1129/1129/1067
f 1129/1129/1067 1128/1128/1066 1131/1131/1069
f 1133/1133/1071 1205/1205/1143 1201/1201/1139
f 1201/1201/1139 1129/1129/1067 1133/1133/1071
f 1127/1127/1065 1354/1354/1292 1355/1355/1293
f 1355/1355/1293 1128/1128/1066 1127/1127/1065
f 1521/1521/1459 1520/1520/1458 1518/1518/1456
f 1518/1518/1456 1517/1517/1455 1521/1521/1459
f 2182/2182/2116 1526/1526/1464 1804/1804/1740
f 1804/1804/1740 1803/1803/1739 2182/2182/2116
f 1520/1520/1458 1356/1356/1294 1355/1355/1293
f 1355/1355/1293 1518/1518/1456 1520/1520/1458
f 1202/1202/1140 1204/1204/1142 1264/1264/1202
f 1202/1202/1140 1264/1264/1202 1262/1262/1200
f 1604/1604/1541 1937/1937/1872 1511/1511/1449
f 1511/1511/1449 1510/1510/1448 1604/1604/1541
f 1514/1514/1452 1936/1936/1871 1805/1805/1741
f 1805/1805/1741 1515/1515/1453 1514/1514/1452
f 1526/1526/1464 2182/2182/2116 2183/2183/2117
f 2183/2183/2117 1527/1527/1465 1526/1526/1464
f 1804/1804/1740 1517/1517/1455 1516/1516/1454
f 1516/1516/1454 1515/1515/1453 1804/1804/1740
f 1511/1511/1449 1937/1937/1872 1936/1936/1871
f 1936/1936/1871 1514/1514/1452 1511/1511/1449
f 1526/1526/1464 1521/1521/1459 1517/1517/1455
f 1517/1517/1455 1804/1804/1740 1526/1526/1464
f 1196/1196/1134 1257/1257/1195 1122/1122/1060
f 1122/1122/1060 1121/1121/1059 1196/1196/1134
f 1196/1196/1134 1195/1195/1133 1260/1260/1198
f 1196/1196/1134 1260/1260/1198 1258/1258/1196
f 2184/2184/2118 1938/1938/1873 1605/1605/1542
f 1605/1605/1542 1620/1620/1557 2184/2184/2118
f 1937/1937/1872 1604/1604/1541 1605/1605/1542
f 1605/1605/1542 1938/1938/1873 1937/1937/1872
f 1609/1609/1546 1608/1608/1545 1939/1939/1874
f 1939/1939/1874 1621/1621/1558 1609/1609/1546
f 1805/1805/1741 1936/1936/1871 1939/1939/1874
f 1939/1939/1874 1608/1608/1545 1805/1805/1741
f 2162/2162/2097 1603/1603/1540 1602/1602/1539
f 1602/1602/1539 1616/1616/1553 2162/2162/2097
f 2162/2162/2097 1616/1616/1553 1620/1620/1557
f 1620/1620/1557 1605/1605/1542 2162/2162/2097
f 1748/1748/1684 1614/1614/1551 1588/1588/1525
f 1588/1588/1525 1747/1747/1683 1748/1748/1684
f 2184/2184/2118 1621/1621/1558 1939/1939/1874
f 1939/1939/1874 1938/1938/1873 2184/2184/2118
f 1607/1607/1544 1803/1803/1739 1608/1608/1545
f 1610/1610/1547 2185/2185/2119 2183/2183/2117
f 2183/2183/2117 1611/1611/1548 1610/1610/1547
f 1750/1750/1686 1603/1603/1540 2162/2162/2097
f 1617/1617/1554 1637/1637/1574 1618/1618/1555
f 1621/1621/1558 2184/2184/2118 1641/1641/1578
f 1641/1641/1578 1622/1622/1559 1621/1621/1558
f 1623/1623/1560 1644/1644/1581 1624/1624/1561
f 1624/1624/1561 1644/1644/1581 1647/1647/1584
f 1647/1647/1584 1625/1625/1562 1624/1624/1561
f 1649/1649/1586 1648/1648/1585 1627/1627/1564
f 1627/1627/1564 1626/1626/1563 1649/1649/1586
f 1628/1628/1565 1654/1654/1591 1629/1629/1566
f 1648/1648/1585 1654/1654/1591 1628/1628/1565
f 1628/1628/1565 1627/1627/1564 1648/1648/1585
f 1631/1631/1568 1657/1657/1594 1632/1632/1569
f 1632/1632/1569 1657/1657/1594 1660/1660/1597
f 1660/1660/1597 1633/1633/1570 1632/1632/1569
f 1634/1634/1571 1661/1661/1598 1664/1664/1601
f 1664/1664/1601 1635/1635/1572 1634/1634/1571
f 1633/1633/1570 1660/1660/1597 1666/1666/1603
f 1666/1666/1603 1636/1636/1573 1633/1633/1570
f 1635/1635/1572 1664/1664/1601 1637/1637/1574
f 1637/1637/1574 1617/1617/1554 1635/1635/1572
f 2184/2184/2118 1620/1620/1557 1619/1619/1556
f 1619/1619/1556 1641/1641/1578 2184/2184/2118
f 1667/1667/1604 1668/1668/1605 1638/1638/1575
f 1638/1638/1575 1670/1670/1607 2186/2186/2120
f 2186/2186/2120 1639/1639/1576 1638/1638/1575
f 2186/2186/2120 2187/2187/2121 1640/1640/1577
f 1640/1640/1577 1639/1639/1576 2186/2186/2120
f 1674/1674/1611 1673/1673/1610 1643/1643/1580
f 1643/1643/1580 1642/1642/1579 1674/1674/1611
f 1643/1643/1580 2188/2188/2122 1645/1645/1582
f 2188/2188/2122 2189/2189/2123 1646/1646/1583
f 1646/1646/1583 1645/1645/1582 2188/2188/2122
f 2190/2190/2124 2191/2191/2125 1651/1651/1588
f 1651/1651/1588 1650/1650/1587 2190/2190/2124
f 2192/2192/2126 1684/1684/1621 1653/1653/1590
f 1653/1653/1590 1652/1652/1589 2192/2192/2126
f 2191/2191/2125 2192/2192/2126 1652/1652/1589
f 1652/1652/1589 1651/1651/1588 2191/2191/2125
f 1653/1653/1590 1684/1684/1621 1690/1690/1627
f 1690/1690/1627 1655/1655/1592 1653/1653/1590
f 1690/1690/1627 1689/1689/1626 1656/1656/1593
f 1656/1656/1593 1655/1655/1592 1690/1690/1627
f 1689/1689/1626 1695/1695/1632 1658/1658/1595
f 1658/1658/1595 1656/1656/1593 1689/1689/1626
f 1695/1695/1632 1694/1694/1631 1659/1659/1596
f 1659/1659/1596 1658/1658/1595 1695/1695/1632
f 1662/1662/1599 1696/1696/1633 1699/1699/1636
f 1699/1699/1636 1663/1663/1600 1662/1662/1599
f 1694/1694/1631 1701/1701/1638 1665/1665/1602
f 1665/1665/1602 1659/1659/1596 1694/1694/1631
f 1663/1663/1600 1699/1699/1636 1668/1668/1605
f 1668/1668/1605 1667/1667/1604 1663/1663/1600
f 2187/2187/2121 1674/1674/1611 1642/1642/1579
f 1642/1642/1579 1640/1640/1577 2187/2187/2121
f 1669/1669/1606 1704/1704/1641 1670/1670/1607
f 1670/1670/1607 1704/1704/1641 1707/1707/1644
f 1707/1707/1644 2186/2186/2120 1670/1670/1607
f 1707/1707/1644 1708/1708/1645 2187/2187/2121
f 2187/2187/2121 2186/2186/2120 1707/1707/1644
f 1675/1675/1612 2188/2188/2122 1673/1673/1610
f 1678/1678/1615 2189/2189/2123 2188/2188/2122
f 2188/2188/2122 1675/1675/1612 1678/1678/1615
f 2191/2191/2125 2190/2190/2124 1682/1682/1619
f 1682/1682/1619 1681/1681/1618 2191/2191/2125
f 1684/1684/1621 2192/2192/2126 1685/1685/1622
f 1685/1685/1622 2192/2192/2126 2191/2191/2125
f 2191/2191/2125 1681/1681/1618 1685/1685/1622
f 1684/1684/1621 1683/1683/1620 1687/1687/1624
f 1687/1687/1624 1690/1690/1627 1684/1684/1621
f 1692/1692/1629 1695/1695/1632 1689/1689/1626
f 1691/1691/1628 1720/1720/1657 1693/1693/1630
f 1693/1693/1630 1692/1692/1629 1691/1691/1628
f 1697/1697/1634 1724/1724/1661 1723/1723/1660
f 1723/1723/1660 1698/1698/1635 1697/1697/1634
f 1720/1720/1657 1725/1725/1662 1700/1700/1637
f 1700/1700/1637 1693/1693/1630 1720/1720/1657
f 1698/1698/1635 1723/1723/1660 1705/1705/1642
f 1705/1705/1642 1669/1669/1606 1698/1698/1635
f 1708/1708/1645 1671/1671/1608 1674/1674/1611
f 1674/1674/1611 2187/2187/2121 1708/1708/1645
f 2193/2193/2127 2194/2194/2128 1411/1411/1349
f 1411/1411/1349 1454/1454/1392 2193/2193/2127
f 2195/2195/2129 1552/1552/1490 1415/1415/1353
f 1415/1415/1353 1412/1412/1350 2195/2195/2129
f 1767/1767/1703 1768/1768/1704 1453/1453/1391
f 1453/1453/1391 1450/1450/1388 1767/1767/1703
f 2057/2057/1992 2172/2172/2106 2196/2196/2130
f 2196/2196/2130 1418/1418/1356 2057/2057/1992
f 1774/1774/1710 2197/2197/2131 1413/1413/1351
f 1413/1413/1351 1775/1775/1711 1774/1774/1710
f 1366/1366/1304 1365/1365/1303 2197/2197/2131
f 2197/2197/2131 1774/1774/1710 1366/1366/1304
f 1369/1369/1307 1372/1372/1310 1367/1367/1305
f 1367/1367/1305 1366/1366/1304 1369/1369/1307
f 1776/1776/1712 1775/1775/1711 2196/2196/2130
f 2196/2196/2130 2172/2172/2106 1776/1776/1712
f 1775/1775/1711 1413/1413/1351 1416/1416/1354
f 1416/1416/1354 2196/2196/2130 1775/1775/1711
f 2059/2059/1994 1776/1776/1712 2172/2172/2106
f 2172/2172/2106 2057/2057/1992 2058/2058/1993
f 1418/1418/1356 2196/2196/2130 1416/1416/1354
f 1448/1448/1386 1767/1767/1703 1450/1450/1388
f 1447/1447/1385 1448/1448/1386 1450/1450/1388
f 1414/1414/1352 1409/1409/1347 1412/1412/1350
f 1412/1412/1350 1415/1415/1353 1414/1414/1352
f 1772/1772/1708 2197/2197/2131 1365/1365/1303
f 1365/1365/1303 1362/1362/1300 1772/1772/1708
f 1414/1414/1352 1413/1413/1351 2197/2197/2131
f 2197/2197/2131 1772/1772/1708 1414/1414/1352
f 1552/1552/1490 1417/1417/1355 1416/1416/1354
f 1416/1416/1354 1415/1415/1353 1552/1552/1490
f 1410/1410/1348 1451/1451/1389 1454/1454/1392
f 1454/1454/1392 1411/1411/1349 1410/1410/1348
f 1770/1770/1706 1771/1771/1707 1361/1361/1299
f 1361/1361/1299 1358/1358/1296 1770/1770/1706
f 1410/1410/1348 1409/1409/1347 1771/1771/1707
f 1771/1771/1707 1770/1770/1706 1410/1410/1348
f 2194/2194/2128 2195/2195/2129 1412/1412/1350
f 1412/1412/1350 1411/1411/1349 2194/2194/2128
f 1365/1365/1303 1368/1368/1306 1363/1363/1301
f 1363/1363/1301 1362/1362/1300 1365/1365/1303
f 1361/1361/1299 1364/1364/1302 1359/1359/1297
f 1359/1359/1297 1358/1358/1296 1361/1361/1299
f 2195/2195/2129 1539/1539/1477 1553/1553/1491
f 1553/1553/1491 1552/1552/1490 2195/2195/2129
f 2193/2193/2127 2198/2198/2132 1540/1540/1478
f 1540/1540/1478 2194/2194/2128 2193/2193/2127
f 1761/1761/1697 1532/1532/1470 1541/1541/1479
f 1532/1532/1470 1538/1538/1476 1541/1541/1479
f 1539/1539/1477 2195/2195/2129 2194/2194/2128
f 2194/2194/2128 1540/1540/1478 1539/1539/1477
f 1553/1553/1491 1546/1546/1484 1545/1545/1483
f 1545/1545/1483 1554/1554/1492 1553/1553/1491
f 1539/1539/1477 1538/1538/1476 1546/1546/1484
f 1546/1546/1484 1553/1553/1491 1539/1539/1477
f 2198/2198/2132 1762/1762/1698 1541/1541/1479
f 1541/1541/1479 1540/1540/1478 2198/2198/2132
f 1562/1562/1500 1577/1577/1514 1417/1417/1355
f 1417/1417/1355 1554/1554/1492 1562/1562/1500
f 1764/1764/1700 1762/1762/1698 2198/2198/2132
f 1420/1420/1358 1580/1580/1517 1542/1542/1480
f 1542/1542/1480 1421/1421/1359 1420/1420/1358
f 1421/1421/1359 1542/1542/1480 1425/1425/1363
f 1425/1425/1363 1423/1423/1361 1421/1421/1359
f 1581/1581/1518 1580/1580/1517 1420/1420/1358
f 1420/1420/1358 1529/1529/1467 1581/1581/1518
f 1194/1194/1132 1258/1258/1196 1243/1243/1181
f 1194/1194/1132 1257/1257/1195 1258/1258/1196
f 2170/2170/2104 2169/2169/2103 1193/1193/1131
f 1193/1193/1131 1191/1191/1129 2170/2170/2104
f 1122/1122/1060 1257/1257/1195 1194/1194/1132
f 1194/1194/1132 1193/1193/1131 1122/1122/1060
f 1115/1115/1053 2170/2170/2104 1191/1191/1129
f 1191/1191/1129 1192/1192/1130 1190/1190/1128
f 1200/1200/1138 1130/1130/1068 1129/1129/1067
f 1129/1129/1067 1201/1201/1139 1200/1200/1138
f 1204/1204/1142 1202/1202/1140 1201/1201/1139
f 1201/1201/1139 1205/1205/1143 1204/1204/1142
f 1205/1205/1143 1133/1133/1071 2199/2199/2133
f 2199/2199/2133 1206/1206/1144 1205/1205/1143
f 1200/1200/1138 1203/1203/1141 1198/1198/1136
f 1200/1200/1138 1198/1198/1136 1123/1123/1061
f 1206/1206/1144 1208/1208/1146 1207/1207/1145
f 1208/1208/1146 1265/1265/1203 1263/1263/1201
f 1263/1263/1201 1207/1207/1145 1208/1208/1146
f 2199/2199/2133 1209/1209/1147 1206/1206/1144
f 1206/1206/1144 1209/1209/1147 1208/1208/1146
f 1132/1132/1070 1209/1209/1147 2199/2199/2133
f 1924/1924/1859 1136/1136/1074 1132/1132/1070
f 1131/1131/1069 1793/1793/1729 1924/1924/1859
f 1356/1356/1294 2181/2181/2115 1793/1793/1729
f 1136/1136/1074 1209/1209/1147 1132/1132/1070
f 1530/1530/1468 1757/1757/1693 1758/1758/1694
f 1425/1425/1363 1757/1757/1693 1426/1426/1364
f 1765/1765/1701 1767/1767/1703 1448/1448/1386
f 1448/1448/1386 1766/1766/1702 1765/1765/1701
f 1765/1765/1701 1464/1464/1402 1485/1485/1423
f 1764/1764/1700 1767/1767/1703 1765/1765/1701
f 1469/1469/1407 1475/1475/1413 1766/1766/1702
f 1766/1766/1702 1446/1446/1384 1469/1469/1407
f 1444/1444/1382 1469/1469/1407 1446/1446/1384
f 1446/1446/1384 1443/1443/1381 1444/1444/1382
f 1334/1334/1272 1307/1307/1245 1309/1309/1247
f 1246/1246/1184 1236/1236/1174 2163/2163/2098
f 2163/2163/2098 1247/1247/1185 1246/1246/1184
f 1122/1122/1060 1193/1193/1131 2169/2169/2103
f 1203/1203/1141 1262/1262/1200 1261/1261/1199
f 1111/1111/1049 1115/1115/1053 1190/1190/1128
f 1189/1189/1127 1112/1112/1050 1111/1111/1049
f 1247/1247/1185 2200/2200/2134 1248/1248/1186
f 1276/1276/1214 1234/1234/1172 1248/1248/1186
f 1245/1245/1183 1332/1332/1270 2201/2201/2135
f 2201/2201/2135 2163/2163/2098 1245/1245/1183
f 2163/2163/2098 2201/2201/2135 2200/2200/2134
f 2200/2200/2134 1247/1247/1185 2163/2163/2098
f 1245/1245/1183 1235/1235/1173 1188/1188/1126
f 1244/1244/1182 1332/1332/1270 1245/1245/1183
f 1309/1309/1247 1276/1276/1214 2200/2200/2134
f 1276/1276/1214 1248/1248/1186 2200/2200/2134
f 1332/1332/1270 1334/1334/1272 2201/2201/2135
f 2201/2201/2135 1334/1334/1272 1309/1309/1247
f 1309/1309/1247 2200/2200/2134 2201/2201/2135
f 1132/1132/1070 2199/2199/2133 1133/1133/1071
f 1428/1428/1366 1431/1431/1369 1427/1427/1365
f 1559/1559/1497 1759/1759/1695 1543/1543/1481
f 1543/1543/1481 1556/1556/1494 1559/1559/1497
f 1555/1555/1493 1559/1559/1497 1556/1556/1494
f 1543/1543/1481 1759/1759/1695 1757/1757/1693
f 1542/1542/1480 1580/1580/1517 1555/1555/1493
f 2202/2202/2136 2203/2203/2137 1523/1523/1461
f 1523/1523/1461 1522/1522/1460 2202/2202/2136
f 2204/2204/2138 2202/2202/2136 1522/1522/1460
f 1522/1522/1460 1527/1527/1465 2204/2204/2138
f 1607/1607/1544 1606/1606/1543 1612/1612/1549
f 1612/1612/1549 1611/1611/1548 1607/1607/1544
f 2203/2203/2137 2205/2205/2139 2181/2181/2115
f 2181/2181/2115 1523/1523/1461 2203/2203/2137
f 2185/2185/2119 2204/2204/2138 1527/1527/1465
f 1527/1527/1465 2183/2183/2117 2185/2185/2119
f 2182/2182/2116 1607/1607/1544 1611/1611/1548
f 1611/1611/1548 2183/2183/2117 2182/2182/2116
f 1612/1612/1549 1606/1606/1543 1624/1624/1561
f 1612/1612/1549 1624/1624/1561 1625/1625/1562
f 2205/2205/2139 2179/2179/2113 1793/1793/1729
f 1793/1793/1729 2181/2181/2115 2205/2205/2139
f 1120/1120/1058 1116/1116/1054 2174/2174/2108
f 2174/2174/2108 1351/1351/1289 1120/1120/1058
f 1506/1506/1444 1510/1510/1448 1509/1509/1447
f 1509/1509/1447 1507/1507/1445 1506/1506/1444
f 1525/1525/1463 1604/1604/1541 1510/1510/1448
f 1510/1510/1448 1506/1506/1444 1525/1525/1463
f 1507/1507/1445 1509/1509/1447 1352/1352/1290
f 1352/1352/1290 1351/1351/1289 1507/1507/1445
f 1120/1120/1058 1350/1350/1288 1197/1197/1135
f 1197/1197/1135 1121/1121/1059 1120/1120/1058
f 1668/1668/1605 1670/1670/1607 1638/1638/1575
f 1669/1669/1606 1705/1705/1642 1704/1704/1641
f 1637/1637/1574 1667/1667/1604 1638/1638/1575
f 1616/1616/1553 1602/1602/1539 1617/1617/1554
f 1609/1609/1546 1623/1623/1560 1624/1624/1561
f 1644/1644/1581 1623/1623/1560 1643/1643/1580
f 1643/1643/1580 1673/1673/1610 2188/2188/2122
f 1672/1672/1609 1676/1676/1613 1675/1675/1612
f 1525/1525/1463 2162/2162/2097 1605/1605/1542
f 1525/1525/1463 1524/1524/1462 2162/2162/2097
f 1803/1803/1739 1805/1805/1741 1608/1608/1545
f 1607/1607/1544 2182/2182/2116 1803/1803/1739
f 1702/1702/1639 1739/1739/1676 1727/1727/1664
f 1192/1192/1130 1191/1191/1129 1193/1193/1131
f 1463/1463/1401 1467/1467/1405 1444/1444/1382
f 1441/1441/1379 1463/1463/1401 1444/1444/1382
f 1534/1534/1472 1763/1763/1699 1760/1760/1696
f 1533/1533/1471 1763/1763/1699 1534/1534/1472
f 1757/1757/1693 1536/1536/1474 1758/1758/1694
f 1542/1542/1480 1556/1556/1494 1543/1543/1481
f 1426/1426/1364 1428/1428/1366 1427/1427/1365
f 1780/1780/1716 1378/1378/1316 1381/1381/1319
f 1381/1381/1319 1779/1779/1715 1780/1780/1716
f 1431/1431/1369 1780/1780/1716 1779/1779/1715
f 1779/1779/1715 2177/2177/2111 1431/1431/1369
f 2177/2177/2111 1424/1424/1362 1423/1423/1361
f 1423/1423/1361 1427/1427/1365 2177/2177/2111
f 1452/1452/1390 1449/1449/1387 1450/1450/1388
f 1450/1450/1388 1453/1453/1391 1452/1452/1390
f 1791/1791/1727 1769/1769/1705 1357/1357/1295
f 1357/1357/1295 1406/1406/1344 1791/1791/1727
f 1452/1452/1390 1451/1451/1389 1769/1769/1705
f 1769/1769/1705 1791/1791/1727 1452/1452/1390
f 1768/1768/1704 2193/2193/2127 1454/1454/1392
f 1454/1454/1392 1453/1453/1391 1768/1768/1704
f 1764/1764/1700 2198/2198/2132 2193/2193/2127
f 2193/2193/2127 1768/1768/1704 1764/1764/1700
f 1357/1357/1295 1360/1360/1298 1407/1407/1345
f 1407/1407/1345 1406/1406/1344 1357/1357/1295
f 1380/1380/1318 1925/1925/1860 1376/1376/1314
f 1376/1376/1314 1381/1381/1319 1380/1380/1318
f 1757/1757/1693 1530/1530/1468 1426/1426/1364
f 1426/1426/1364 1530/1530/1468 1428/1428/1366
f 1431/1431/1369 2177/2177/2111 1427/1427/1365
f 1964/1964/1899 2161/2161/2096 2206/2206/2140
f 2206/2206/2140 1962/1962/1897 1964/1964/1899
f 1962/1962/1897 2206/2206/2140 2207/2207/2141
f 2207/2207/2141 1960/1960/1895 1962/1962/1897
f 1958/1958/1893 1960/1960/1895 2207/2207/2141
f 2207/2207/2141 2160/2160/2095 1958/1958/1893
f 1952/1952/1887 1954/1954/1889 1309/1309/1247
f 1956/1956/1891 1958/1958/1893 2160/2160/2095
f 1309/1309/1247 1954/1954/1889 2160/2160/2095
f 1309/1309/1247 1275/1275/1213 1276/1276/1214
f 2161/2161/2096 1272/1272/1210 1273/1273/1211
f 1273/1273/1211 2206/2206/2140 2161/2161/2096
f 2206/2206/2140 1273/1273/1211 1274/1274/1212
f 1274/1274/1212 2207/2207/2141 2206/2206/2140
f 1899/1899/1834 1272/1272/1210 2161/2161/2096
f 1274/1274/1212 1275/1275/1213 2160/2160/2095
f 2160/2160/2095 2207/2207/2141 1274/1274/1212
f 1954/1954/1889 1956/1956/1891 2160/2160/2095
f 1294/1294/1232 1271/1271/1209 1899/1899/1834
f 1290/1290/1228 1898/1898/1833 1291/1291/1229
f 1269/1269/1207 1270/1270/1208 1290/1290/1228
f 1293/1293/1231 1270/1270/1208 1294/1294/1232
f 1270/1270/1208 1293/1293/1231 1290/1290/1228
f 1900/1900/1835 1295/1295/1233 1294/1294/1232
f 1964/1964/1899 1933/1933/1868 1300/1300/1238
f 1300/1300/1238 1908/1908/1843 1964/1964/1899
