string	ad.OCnF.sRzlPaNcVRq	AplHzmDlObaRPt	path
string	ad.OCnF.sRzlPaNcVRq	BKLfJjzJdo	objectInstance
string	ad.OCnF.sRzlPaNcVRq	BQjf	OK
string	ad.OCnF.sRzlPaNcVRq	DFkrP	serialized size must be non-negative, was 
string	ad.OCnF.sRzlPaNcVRq	DOJaG	Response code: 
string	ad.OCnF.sRzlPaNcVRq	EBpFJHBzsLEPsjT	App is destroyed: 
string	ad.OCnF.sRzlPaNcVRq	HUWifDWBOpGqLD	listener
string	ad.OCnF.sRzlPaNcVRq	KIj	componentsConfig
string	ad.OCnF.sRzlPaNcVRq	KtnWS	Requested flags 0x
string	ad.OCnF.sRzlPaNcVRq	NNnKHxqRjWDFs	b3312fa7e23ee7e4988e056be3f82d19181d9c6efe8141120314088f5013875ac656398d8a2ed19d2a85c8edd3ec2aef
string	ad.OCnF.sRzlPaNcVRq	NUrcUb	isCollectionGroup
string	ad.OCnF.sRzlPaNcVRq	TLIbxByApF	event
string	ad.OCnF.sRzlPaNcVRq	TjawQxKA	credential
string	ad.OCnF.sRzlPaNcVRq	UpAvBcVbx	installmentsInfo
string	ad.OCnF.sRzlPaNcVRq	WPaSC	Public exponent must be greater than 65536.
string	ad.OCnF.sRzlPaNcVRq	XcfcnLQyXvD	Function should have exactly 2 params, but %d were given.
string	ad.OCnF.sRzlPaNcVRq	YHoEvg	', '
string	ad.OCnF.sRzlPaNcVRq	ZLQ	Authorization
string	ad.OCnF.sRzlPaNcVRq	aJivcUgwu	msg
string	ad.OCnF.sRzlPaNcVRq	aLBeqTAchMjHj	sequence
string	ad.OCnF.sRzlPaNcVRq	arkTbXcYUXIDcel	zzg
string	ad.OCnF.sRzlPaNcVRq	boTejiDzzQPssz	60
string	ad.OCnF.sRzlPaNcVRq	cks	com.google.android.gms.ads.internal.client.IAdPreloader
string	ad.OCnF.sRzlPaNcVRq	czFRAgU	/verifyCustomToken
string	ad.OCnF.sRzlPaNcVRq	dSyQGanOQsu	PlatformGoogleIdTokenCredential(displayName=
string	ad.OCnF.sRzlPaNcVRq	eqCipxOHehYCXO	unsubscribeDetectedAt
string	ad.OCnF.sRzlPaNcVRq	fLaTSVXB	Module install failed with 
string	ad.OCnF.sRzlPaNcVRq	fLfIhRSkF	CSA_NO_CONTENT_METADATA
string	ad.OCnF.sRzlPaNcVRq	gYlKqZjfAQt	<<default account>>
string	ad.OCnF.sRzlPaNcVRq	hbJxcJtO	movefrom ACTIVITY_CREATED: 
string	ad.OCnF.sRzlPaNcVRq	iBhqUZvQ	key
string	ad.OCnF.sRzlPaNcVRq	klqMPW	Invalid integer size: 
string	ad.OCnF.sRzlPaNcVRq	knFo	getObject
string	ad.OCnF.sRzlPaNcVRq	ldtW	state
string	ad.OCnF.sRzlPaNcVRq	nLxnAVKzA	onAdImpression
string	ad.OCnF.sRzlPaNcVRq	pkHvKo	native
string	ad.OCnF.sRzlPaNcVRq	rvMxR	OverlayDisplayService
string	ad.OCnF.sRzlPaNcVRq	snjfNjxeO	ApplicationInfo is invalid
string	ad.OCnF.sRzlPaNcVRq	stcTvSrEv	failureCause
string	ad.OCnF.sRzlPaNcVRq	syaH	Ad inspector had an internal error.
string	ad.OCnF.sRzlPaNcVRq	tdPpXGdiX	items
string	ad.OCnF.sRzlPaNcVRq	twAivNsXrGrH	writePayload should not be called multiple times
string	ad.OCnF.sRzlPaNcVRq	uptR	symbol
string	ad.OCnF.sRzlPaNcVRq	vYZQzyCEfBZ	Internally using a FlutterSurfaceView.
string	ad.OCnF.sRzlPaNcVRq	vznuTgaRjGOsai	ALWAYS
string	ad.OCnF.sRzlPaNcVRq	xFOoQgaHOLJ	android-keystore://
string	ad.OCnF.sRzlPaNcVRq	xvCu	array_contains_all
string	ad.OCnF.sRzlPaNcVRq	xzdqbRvvVMBirAW	, 
string	ad.OCnF.sRzlPaNcVRq	ykQJhCKh	Failed to parse JSONObject into Map:\n
string	ad.OCnF.sRzlPaNcVRq	yxupIXBBc	GREATER_THAN_EQUALS
string	androidx.appcompat.widget.XNZX.NeoozHGYp	CxD	}
string	androidx.appcompat.widget.XNZX.NeoozHGYp	EQWLIUYzFufamq	device
string	androidx.appcompat.widget.XNZX.NeoozHGYp	EqAYngMGsQc	\\(
string	androidx.appcompat.widget.XNZX.NeoozHGYp	FDxNsvbgq	[Purchases] - 
string	androidx.appcompat.widget.XNZX.NeoozHGYp	HGIdDXAL	No such SoundType: 
string	androidx.appcompat.widget.XNZX.NeoozHGYp	IrhFGskR	loadAdManagerBannerAd
string	androidx.appcompat.widget.XNZX.NeoozHGYp	JUWRw	ACTION_UNKNOWN
string	androidx.appcompat.widget.XNZX.NeoozHGYp	JeJgRBgZzlru	$request
string	androidx.appcompat.widget.XNZX.NeoozHGYp	OEbrUnhocb	error
string	androidx.appcompat.widget.XNZX.NeoozHGYp	QETYO	Using full collection scan to execute query: %s
string	androidx.appcompat.widget.XNZX.NeoozHGYp	QajcPXtlAA	Protocol message tag had invalid wire type.
string	androidx.appcompat.widget.XNZX.NeoozHGYp	QeTYrrJvMH	, variant: 
string	androidx.appcompat.widget.XNZX.NeoozHGYp	RCTFcJPlPErNY	requestArg
string	androidx.appcompat.widget.XNZX.NeoozHGYp	SdAMzXlq	Can't get the number of an unknown enum value.
string	androidx.appcompat.widget.XNZX.NeoozHGYp	SdexWMoCIquFBkx	ALL_FEATURES
string	androidx.appcompat.widget.XNZX.NeoozHGYp	TZVcCcija	element
string	androidx.appcompat.widget.XNZX.NeoozHGYp	TpNBxQWeYeD	path
string	androidx.appcompat.widget.XNZX.NeoozHGYp	VgR	--merged-platform-ui-thread
string	androidx.appcompat.widget.XNZX.NeoozHGYp	ZXhHsBvQXuqo	, store=
string	androidx.appcompat.widget.XNZX.NeoozHGYp	ZaaOfDXkoQlhYq	unsupported number type: 
string	androidx.appcompat.widget.XNZX.NeoozHGYp	aYfUiLEelbngjEV	c
string	androidx.appcompat.widget.XNZX.NeoozHGYp	apbUApJ	TL
string	androidx.appcompat.widget.XNZX.NeoozHGYp	bcpLpw	measurement.rb.attribution.uri_authority
string	androidx.appcompat.widget.XNZX.NeoozHGYp	cUgNgqNL	1.10.0
string	androidx.appcompat.widget.XNZX.NeoozHGYp	chOZJxxWoUeta	; job=
string	androidx.appcompat.widget.XNZX.NeoozHGYp	eAEeUBEDPGisk	Attempt to register non-equal parser for already existing object of type: 
string	androidx.appcompat.widget.XNZX.NeoozHGYp	ezof	Xmp
string	androidx.appcompat.widget.XNZX.NeoozHGYp	fcHwd	BillingClient
string	androidx.appcompat.widget.XNZX.NeoozHGYp	iDN	description
string	androidx.appcompat.widget.XNZX.NeoozHGYp	ioK	
string	androidx.appcompat.widget.XNZX.NeoozHGYp	jifJLCmesYdYDcX	loaded %d certs\n
string	androidx.appcompat.widget.XNZX.NeoozHGYp	mJhYW	Sqflite
string	androidx.appcompat.widget.XNZX.NeoozHGYp	mSSQywsN	BYTE_STRING
string	androidx.appcompat.widget.XNZX.NeoozHGYp	mVVQUhKDcVkl	09
string	androidx.appcompat.widget.XNZX.NeoozHGYp	oUUSBt	eventName
string	androidx.appcompat.widget.XNZX.NeoozHGYp	ohDojb	username
string	androidx.appcompat.widget.XNZX.NeoozHGYp	orYDBahe	backendHelper
string	androidx.appcompat.widget.XNZX.NeoozHGYp	qWRBDvneKBPKU	PurchasingListener Context: 
string	androidx.appcompat.widget.XNZX.NeoozHGYp	rGSyApNWkghaQC	Skip the tag entry since data format is invalid: 
string	androidx.appcompat.widget.XNZX.NeoozHGYp	rjyRIYAD	BYTE_STRING
string	androidx.appcompat.widget.XNZX.NeoozHGYp	shoruKqrpJ	subscriptions
string	androidx.appcompat.widget.XNZX.NeoozHGYp	urTcTEimQbwOqk	X-Google-GFE-Can-Retry
string	androidx.appcompat.widget.XNZX.NeoozHGYp	xlnzak	callback
string	androidx.appcompat.widget.XNZX.NeoozHGYp	yWPwSgP	, is child: 
string	androidx.appcompat.widget.XNZX.NeoozHGYp	yXCsBoYXvpPTEw	RECONNECTION_TIMED_OUT_DURING_UPDATE
string	androidx.appcompat.widget.XNZX.NeoozHGYp	yxcFbh	setDisplayName
string	androidx.appcompat.widget.XNZX.NeoozHGYp	zam	null cannot be cast to non-null type io.flutter.plugins.sharedpreferences.SharedPreferencesPigeonOptions
string	androidx.browser.browseractions.xLnD.BeOGOLRcyB	AEHHIrHZkKoZ	BYTES_LIST
string	androidx.browser.browseractions.xLnD.BeOGOLRcyB	AEdluievX	customer_center
string	androidx.browser.browseractions.xLnD.BeOGOLRcyB	AeUi	mStarted=
string	androidx.browser.browseractions.xLnD.BeOGOLRcyB	BBUbdu	PrimaryChromaticities
string	androidx.browser.browseractions.xLnD.BeOGOLRcyB	CBupueFxmMGD	android-keystore://
string	androidx.browser.browseractions.xLnD.BeOGOLRcyB	EZJPkkoBASf	A null value was passed to recordException. Ignoring.
string	androidx.browser.browseractions.xLnD.BeOGOLRcyB	GYvYbcwtaO	ghostwhite
string	androidx.browser.browseractions.xLnD.BeOGOLRcyB	JVHypRWvz	deviceProduct
string	androidx.browser.browseractions.xLnD.BeOGOLRcyB	KnwuBLYIYkWN	Unable to instantiate mediation adapter class.
string	androidx.browser.browseractions.xLnD.BeOGOLRcyB	KpzzqDRNfNsDwm	FirebaseRemoteConfig
string	androidx.browser.browseractions.xLnD.BeOGOLRcyB	KzcoNmDIdRCpBlL	, defaultIndex=
string	androidx.browser.browseractions.xLnD.BeOGOLRcyB	LKELfpOT	ENUM
string	androidx.browser.browseractions.xLnD.BeOGOLRcyB	NbHjczaipWaUDF	format(...)
string	androidx.browser.browseractions.xLnD.BeOGOLRcyB	POV	fitMode
string	androidx.browser.browseractions.xLnD.BeOGOLRcyB	QvZDicViKN	A PlatformViewsController can only be attached to a single output target.\nattach was called while the PlatformViewsController was already attached.
string	androidx.browser.browseractions.xLnD.BeOGOLRcyB	SaEYtTRQF	support
string	androidx.browser.browseractions.xLnD.BeOGOLRcyB	UZPdN	it
string	androidx.browser.browseractions.xLnD.BeOGOLRcyB	VWABdSrjEJKs	value
string	androidx.browser.browseractions.xLnD.BeOGOLRcyB	XkLhGu	vast_xml
string	androidx.browser.browseractions.xLnD.BeOGOLRcyB	XqSTQ	additionalSelections
string	androidx.browser.browseractions.xLnD.BeOGOLRcyB	ZYviOWxbUiPZNc	' not supported
string	androidx.browser.browseractions.xLnD.BeOGOLRcyB	ZgwQd	reply
string	androidx.browser.browseractions.xLnD.BeOGOLRcyB	ZjOHPIf	?#
string	androidx.browser.browseractions.xLnD.BeOGOLRcyB	aGUQsHXhzqf	Compression
string	androidx.browser.browseractions.xLnD.BeOGOLRcyB	asDdoMVLXnOn	promotional
string	androidx.browser.browseractions.xLnD.BeOGOLRcyB	cEvVMXZt	staticPackageName
string	androidx.browser.browseractions.xLnD.BeOGOLRcyB	cExFg	EDITIONS
string	androidx.browser.browseractions.xLnD.BeOGOLRcyB	cRjyUdVvVeIk	com.google.firebase.auth.internal.STATUS
string	androidx.browser.browseractions.xLnD.BeOGOLRcyB	eeozAKzjiZvOO	<this>
string	androidx.browser.browseractions.xLnD.BeOGOLRcyB	fUoaWW	Sharpness
string	androidx.browser.browseractions.xLnD.BeOGOLRcyB	fVlyaGgSMqMpvq	coalesce
string	androidx.browser.browseractions.xLnD.BeOGOLRcyB	hCM	New event flush (batch 
string	androidx.browser.browseractions.xLnD.BeOGOLRcyB	hsSRO	edit(...)
string	androidx.browser.browseractions.xLnD.BeOGOLRcyB	iUWID	name
string	androidx.browser.browseractions.xLnD.BeOGOLRcyB	lQaNQzoApJIEUXJ	Inscriptional_Parthian
string	androidx.browser.browseractions.xLnD.BeOGOLRcyB	mtCJeyf	Parsing gmsg query params on BG thread: 
string	androidx.browser.browseractions.xLnD.BeOGOLRcyB	nRhIJ	com.google.android.gms.ads.internal.rewarded.client.IRewardItem
string	androidx.browser.browseractions.xLnD.BeOGOLRcyB	qErQAimEg	PROCESSED
string	androidx.browser.browseractions.xLnD.BeOGOLRcyB	qzTlAgcYEvnld	<this>
string	androidx.browser.browseractions.xLnD.BeOGOLRcyB	tMkhZYqiditPSJh	kotlin.Float
string	androidx.browser.browseractions.xLnD.BeOGOLRcyB	tTxma	bufferWithData
string	androidx.browser.browseractions.xLnD.BeOGOLRcyB	tdzZqfivT	should_delay_first_android_view_draw
string	androidx.browser.browseractions.xLnD.BeOGOLRcyB	wnNgTHJtHPiWmB	
string	androidx.browser.browseractions.xLnD.BeOGOLRcyB	xpYFhhSrYDEExX	hybrid
string	androidx.browser.browseractions.xLnD.BeOGOLRcyB	xzjQd	zzb
string	androidx.browser.browseractions.xLnD.BeOGOLRcyB	ycOXvWwQmn	appUserID
string	androidx.browser.browseractions.xLnD.BeOGOLRcyB	ylVY	null cannot be cast to non-null type kotlin.String
string	androidx.fragment.app.u	LIFECYCLE_TAG	android:support:lifecycle
string	b1.dL.YjJYRhqdriygA	AevMYBft	iat
string	b1.dL.YjJYRhqdriygA	DQU	/accounts/mfaSignIn:start
string	b1.dL.YjJYRhqdriygA	DekElPXXa	name
string	b1.dL.YjJYRhqdriygA	DovJejcQtTASUFz	signInWithCustomToken
string	b1.dL.YjJYRhqdriygA	ERIYgrwVzFshzV	.heic
string	b1.dL.YjJYRhqdriygA	FKAnEltUx	null cannot be cast to non-null type io.flutter.plugins.firebase.performance.TraceAttributes
string	b1.dL.YjJYRhqdriygA	GkWTDUcvQ	osVersion
string	b1.dL.YjJYRhqdriygA	HDiYpjGjZI	zzh
string	b1.dL.YjJYRhqdriygA	HnaYLUUOXNwJr	htmlDisplay
string	b1.dL.YjJYRhqdriygA	JtAEuVi	getInstance(...)
string	b1.dL.YjJYRhqdriygA	LofGEHYEgkrEYH	defaultExtras
string	b1.dL.YjJYRhqdriygA	MRLLcvdEmK	video/x-msvideo
string	b1.dL.YjJYRhqdriygA	NLa	
string	b1.dL.YjJYRhqdriygA	Pbv	t
string	b1.dL.YjJYRhqdriygA	QsdPMdrtaZElO	) could read the stream.
string	b1.dL.YjJYRhqdriygA	SVOrzRbsYFs	version
string	b1.dL.YjJYRhqdriygA	TDYqZKPKD	; boundsInParent: 
string	b1.dL.YjJYRhqdriygA	UUOk	index
string	b1.dL.YjJYRhqdriygA	UVBeMgIUEwBIgA	 is null.
string	b1.dL.YjJYRhqdriygA	XlLrMQudVGb	
string	b1.dL.YjJYRhqdriygA	XzFWHNKUsoVjgMg	context_id
string	b1.dL.YjJYRhqdriygA	fbyZ	Client does not support subscriptions update.
string	b1.dL.YjJYRhqdriygA	fzD	readableErrorCode
string	b1.dL.YjJYRhqdriygA	geVayBCqVhx	data
string	b1.dL.YjJYRhqdriygA	iFDGlb	Unknown signature algorithm: 0x
string	b1.dL.YjJYRhqdriygA	ijnzItB	Enums cannot be serialized polymorphically with 'type' parameter. You can use 'JsonBuilder.useArrayPolymorphism' instead
string	b1.dL.YjJYRhqdriygA	jJeqv	padding
string	b1.dL.YjJYRhqdriygA	msLZxungp	checkActionCode
string	b1.dL.YjJYRhqdriygA	mtPfUdMKdcmyg	action
string	b1.dL.YjJYRhqdriygA	nqYLdCAuykmk	No number filter for double param. event, param
string	b1.dL.YjJYRhqdriygA	puDhiCRFCTqhdsm	callback
string	b1.dL.YjJYRhqdriygA	rZS	callback
string	b1.dL.YjJYRhqdriygA	rvShBojQwUF	Sqflite
string	b1.dL.YjJYRhqdriygA	sLlIOuuLee	mediumaquamarine
string	b1.dL.YjJYRhqdriygA	sWRHywIwPibnOAg	 > size=
string	b1.dL.YjJYRhqdriygA	tNDAOeSSHlyq	hardware
string	b1.dL.YjJYRhqdriygA	vuIHEwuPZXoD	Expected value
string	b1.dL.YjJYRhqdriygA	wMjsgitSRVZZbfB	onTaskSucceeded
string	b1.dL.YjJYRhqdriygA	xmFx	Failed to parse the message.
string	b1.dL.YjJYRhqdriygA	xqUPaAiYTwPuTT	processDataMap
string	b1.dL.poFeLwAqkqY	AtScVW	Ads-cont
string	b1.dL.poFeLwAqkqY	CbtgXyyoBq	, activeTopics=
string	b1.dL.poFeLwAqkqY	EhFyKtLdI	@gw_is@
string	b1.dL.poFeLwAqkqY	EuYMuiZhIbo	, injection=
string	b1.dL.poFeLwAqkqY	GnLDrW	FlutterEngine
string	b1.dL.poFeLwAqkqY	HARJ	zzb
string	b1.dL.poFeLwAqkqY	JJzzqjx	<this>
string	b1.dL.poFeLwAqkqY	LFRXVhmIHn	default_tier
string	b1.dL.poFeLwAqkqY	LqZc	value
string	b1.dL.poFeLwAqkqY	Lrd	gclid=%s
string	b1.dL.poFeLwAqkqY	MQVQulaahyNw	@/\\?#
string	b1.dL.poFeLwAqkqY	NVmedEuuQKu	Error deleting app launch break from local database in reasonable time
string	b1.dL.poFeLwAqkqY	OpdMBFBupyp	...
string	b1.dL.poFeLwAqkqY	QNVdGqLqs	tags
string	b1.dL.poFeLwAqkqY	QrSnXSJ	cache_duration
string	b1.dL.poFeLwAqkqY	SGjf	workflow_step_completed
string	b1.dL.poFeLwAqkqY	SaUQpcuOlFyO	c2.android.
string	b1.dL.poFeLwAqkqY	YsveRJSRy	<set-?>
string	b1.dL.poFeLwAqkqY	bmtFovLGDQySZIT	configuredStore
string	b1.dL.poFeLwAqkqY	clsuWnjcHLF	UNKNOWN, cause=[
string	b1.dL.poFeLwAqkqY	fEWNTAo	[Purchases] - 
string	b1.dL.poFeLwAqkqY	fZcuqzDpUDJR	KEY_WORKSPEC_ID
string	b1.dL.poFeLwAqkqY	fbfjYODGVVdOBJ	text/plain
string	b1.dL.poFeLwAqkqY	gQwpAYLHXJlo	zze
string	b1.dL.poFeLwAqkqY	gYYUugcRs	UTF-8 length does not fit in int: 
string	b1.dL.poFeLwAqkqY	gfkUNCVqNe	Can't parse bitrate DSI.
string	b1.dL.poFeLwAqkqY	hQEVaIMaRKDDi	maximumQuantity
string	b1.dL.poFeLwAqkqY	iAcTX	Do not set the background tint list; Chip manages its own background drawable.
string	b1.dL.poFeLwAqkqY	jtVDQKduvzQQMe	binaryMessenger
string	b1.dL.poFeLwAqkqY	kJSLAiJSPrVCs	tempFile
string	b1.dL.poFeLwAqkqY	kXjlc	credential cannot be null
string	b1.dL.poFeLwAqkqY	miFaYcUGojwHLzO	trigger_timeout
string	b1.dL.poFeLwAqkqY	mxGHoueLMUAMEB	java.
string	b1.dL.poFeLwAqkqY	nZgPmjrYwlhCsHO	getLong
string	b1.dL.poFeLwAqkqY	ohweBJbgNOhAtn	<br>
string	b1.dL.poFeLwAqkqY	rlnGKWSZo	aa87ca22be8b05378eb1c71ef320ad746e1d3b628ba79b9859f741e082542a385502f25dbf55296c3a545e3872760ab7
string	b1.dL.poFeLwAqkqY	skuum	minimum_retention_duration
string	b1.dL.poFeLwAqkqY	ucZluo	tgd(x)=tand(x)
string	b1.dL.poFeLwAqkqY	wzVRpj	<this>
string	b1.dL.poFeLwAqkqY	xBG	tab_control_button
string	b1.dL.poFeLwAqkqY	xLPuH	sslSocket.enabledProtocols
string	b1.dL.poFeLwAqkqY	xbtN	Provider user info list:\n
string	b1.dL.poFeLwAqkqY	zsJlKM	_ffr
string	b2.HTR.EWawqNeLSkoCuL	AzuXy	zzg
string	b2.HTR.EWawqNeLSkoCuL	BDrmQNHtWLYQD	type
string	b2.HTR.EWawqNeLSkoCuL	BHAZYfAeyJcH	, color=
string	b2.HTR.EWawqNeLSkoCuL	CMaYpokDuKUHl	[Purchases] - 
string	b2.HTR.EWawqNeLSkoCuL	EGsdeauv	APK Signing Block entry #
string	b2.HTR.EWawqNeLSkoCuL	HEUOFBjDoOXDd	url
string	b2.HTR.EWawqNeLSkoCuL	JIgPndxG	true
string	b2.HTR.EWawqNeLSkoCuL	JafnGxcocwaf	com.google.common.util.concurrent.ImmediateFuture
string	b2.HTR.EWawqNeLSkoCuL	JpKAAocCR	SHA512
string	b2.HTR.EWawqNeLSkoCuL	KOdRbBa	CryptoUtils.generateKey
string	b2.HTR.EWawqNeLSkoCuL	LOYTMknQ	inflater is null
string	b2.HTR.EWawqNeLSkoCuL	RIVZpPYbfsg	reward
string	b2.HTR.EWawqNeLSkoCuL	Rjo	objectFieldOffset
string	b2.HTR.EWawqNeLSkoCuL	SUpfSjtaFErR	application/x-mp4-cea-608
string	b2.HTR.EWawqNeLSkoCuL	SgoigNqBaFAaT	ACTION_DELAY_MET
string	b2.HTR.EWawqNeLSkoCuL	SsenXk	measurement.service.fix_stop_bundling_bug
string	b2.HTR.EWawqNeLSkoCuL	TDRLpg	CommandResultVerifier
string	b2.HTR.EWawqNeLSkoCuL	TkwdzTsPbP	}
string	b2.HTR.EWawqNeLSkoCuL	UZo	firebase_previous_id
string	b2.HTR.EWawqNeLSkoCuL	VnIvchNYyo	encoder
string	b2.HTR.EWawqNeLSkoCuL	WVlvgbnPNTGPHH	Failed to acquire ContentProviderClient
string	b2.HTR.EWawqNeLSkoCuL	WWPOJrh	plaintext too long
string	b2.HTR.EWawqNeLSkoCuL	XVBJNaWtsRAMJE	options
string	b2.HTR.EWawqNeLSkoCuL	ZAfbIlp	android.intent.extra.TEXT
string	b2.HTR.EWawqNeLSkoCuL	ZIbpAyvFgi	OMX.MARVELL.VIDEO.HW.CODA7542DECODER
string	b2.HTR.EWawqNeLSkoCuL	bdLvmY	)
string	b2.HTR.EWawqNeLSkoCuL	cCchdBc	on_demand_backoff_base
string	b2.HTR.EWawqNeLSkoCuL	dzIFBifsLkMV	
string	b2.HTR.EWawqNeLSkoCuL	foemxmJ	fr
string	b2.HTR.EWawqNeLSkoCuL	fwdroyrfrYae	variantId
string	b2.HTR.EWawqNeLSkoCuL	gBhdgKZuj	Evaluating filter. audience, filter, event
string	b2.HTR.EWawqNeLSkoCuL	hZZPxptryvklP	:scheme
string	b2.HTR.EWawqNeLSkoCuL	iGoyag	client_purpose_one
string	b2.HTR.EWawqNeLSkoCuL	ibXrpUxfcVk	[Purchases] - 
string	b2.HTR.EWawqNeLSkoCuL	ishcSfcgQguMA	FieldName: 
string	b2.HTR.EWawqNeLSkoCuL	jAtcydNAHdVVAY	Text cannot be parsed to a Period: 
string	b2.HTR.EWawqNeLSkoCuL	jyl	discountAmountCurrencyCode
string	b2.HTR.EWawqNeLSkoCuL	laXEr	 verification. expected=
string	b2.HTR.EWawqNeLSkoCuL	mOY	grpc-shared-destroyer-%d
string	b2.HTR.EWawqNeLSkoCuL	pCvTDeNE	requestDate
string	b2.HTR.EWawqNeLSkoCuL	rLfdDalXeC	request
string	b2.HTR.EWawqNeLSkoCuL	rbfxLPf	handleOnBackStarted. PREDICTIVE_BACK = 
string	b2.HTR.EWawqNeLSkoCuL	slXqlTDGPVI	BS
string	b2.HTR.EWawqNeLSkoCuL	smRwZhqZzyW	postfix
string	b2.HTR.EWawqNeLSkoCuL	tHnHM	gads:signal:paid_v1_in_ad_request:enabled
string	b2.HTR.EWawqNeLSkoCuL	usGUjyo	[Purchases] - ERROR
string	b2.HTR.EWawqNeLSkoCuL	wMxfPOB	priceChangeConfirmation
string	b2.HTR.EWawqNeLSkoCuL	wcPrQtPomLo	UNKNOWN
string	b2.HTR.EWawqNeLSkoCuL	zfWuVqPFBoSxMS	status
string	bf.SnH.flyjzMEzPGjU	AHID	Unknown view change type: 
string	bf.SnH.flyjzMEzPGjU	BvuItBHZhxLDsyK	InstallReferrerUnsampled.initializeAndReport
string	bf.SnH.flyjzMEzPGjU	DAZAPKwslt	FA
string	bf.SnH.flyjzMEzPGjU	DBgVVwsrgXetMqe	Loaded invalid blob type value, ignoring it
string	bf.SnH.flyjzMEzPGjU	EkklrzkxJMY	FirebaseCrashlytics
string	bf.SnH.flyjzMEzPGjU	MbxaD	input
string	bf.SnH.flyjzMEzPGjU	NSdgnWogeetO	doc
string	bf.SnH.flyjzMEzPGjU	NgvmutF	KwLXGPs6otDQuZBtI0447KERi
string	bf.SnH.flyjzMEzPGjU	NzMhopX	UNSUPPORTED
string	bf.SnH.flyjzMEzPGjU	PQVVegkBqBhh	DEAD_CLIENT
string	bf.SnH.flyjzMEzPGjU	PQvHTUPOBhhif	Channel is being terminated
string	bf.SnH.flyjzMEzPGjU	QZIU	package
string	bf.SnH.flyjzMEzPGjU	QpCYc	tpc
string	bf.SnH.flyjzMEzPGjU	RNpOtzkLpeDa	SYP
string	bf.SnH.flyjzMEzPGjU	SVltx	RESUME
string	bf.SnH.flyjzMEzPGjU	TfTKnl	n
string	bf.SnH.flyjzMEzPGjU	UNPldOpQPFEASm	zzf
string	bf.SnH.flyjzMEzPGjU	UXbypz	\\[
string	bf.SnH.flyjzMEzPGjU	UwbdYjGwuiY	MutationBatch failed to parse: %s
string	bf.SnH.flyjzMEzPGjU	YNoTROICk	dataPinger
string	bf.SnH.flyjzMEzPGjU	aDzOQF	userData.marketplace
string	bf.SnH.flyjzMEzPGjU	bMKN	android:savedDialogState
string	bf.SnH.flyjzMEzPGjU	daXY	flags
string	bf.SnH.flyjzMEzPGjU	dknLcIZAHuxo	A totpInfo is required to build a TotpMultiFactorInfo instance.
string	bf.SnH.flyjzMEzPGjU	dvfKutLe	%010d
string	bf.SnH.flyjzMEzPGjU	foCXzDvBqVd	acc
string	bf.SnH.flyjzMEzPGjU	guiPDpkEkfb	Pair{
string	bf.SnH.flyjzMEzPGjU	hCoJzXUIJEz	_
string	bf.SnH.flyjzMEzPGjU	iTYHpJCnti	size cannot be negative but was: 
string	bf.SnH.flyjzMEzPGjU	iptrUhobu	: 
string	bf.SnH.flyjzMEzPGjU	isveTXINTAEH	qrCodeUrl cannot be empty.
string	bf.SnH.flyjzMEzPGjU	jZc	, pageControl=
string	bf.SnH.flyjzMEzPGjU	oJQabMZKen	Failed to stream message
string	bf.SnH.flyjzMEzPGjU	oixzubcMmKI	onReceive
string	bf.SnH.flyjzMEzPGjU	pFZeaPvjZMrc	Can not use HMAC in FIPS-mode, as BoringCrypto module is not available.
string	bf.SnH.flyjzMEzPGjU	pzafoItCQWT	this as java.lang.String).substring(startIndex)
string	bf.SnH.flyjzMEzPGjU	rdhCrGEqfaRgdZX	flag_configuration
string	bf.SnH.flyjzMEzPGjU	rpqSi	null cannot be cast to non-null type kotlin.String
string	bf.SnH.flyjzMEzPGjU	rqjEr	com.google.android.finsky.externalreferrer.GetInstallReferrerService
string	bf.SnH.flyjzMEzPGjU	sPCANAlSnY	LS-5017
string	bf.SnH.flyjzMEzPGjU	sWtLcrs	, offset=
string	bf.SnH.flyjzMEzPGjU	vSkHQAgsoJOMzvz	Out of range: %s
string	bf.SnH.flyjzMEzPGjU	xHLpSKmejev	sink
string	bf.SnH.flyjzMEzPGjU	yPrHIYW	the total number of elements (%s) in the arrays must fit in an int
string	bf.SnH.flyjzMEzPGjU	zgfzjdZdQ	value
string	com.amazon.a.a.f.b	b	lifeCycle_Events
string	com.amazon.a.a.f.b	c	1.0
string	com.amazon.a.a.h.a	a	name
string	com.amazon.a.a.h.a	b	time
string	com.amazon.a.a.m.c	a	DATA_AUTHENTICATION_KEY
string	com.amazon.a.a.m.c	b	APPLICATION_LICENSE
string	com.amazon.a.a.m.c	c	LICENSE_FAILURE_CONTENT
string	com.amazon.a.a.m.c	d	LICENSE_FAILURE_RAW_EXCEPTION
string	com.amazon.a.a.m.c	e	TEST_MODE
string	com.amazon.a.a.m.c	f	PACKAGE
string	com.amazon.a.a.m.c	g	COMMAND
string	com.amazon.a.a.n.a.a.a	a	AUTH_TOKEN_VERIFICATION_FAILURE
string	com.amazon.a.a.n.a.a.f	a	EXCEPTION_RESULT_FAILURE
string	com.amazon.a.a.n.a.a.g	a	EMPTY
string	com.amazon.a.a.n.a.a.g	b	MISSING_FIELD
string	com.amazon.a.a.n.a.a.i	a	UNKNOWN_FAILURE_REASON
string	com.amazon.a.a.o.b	A	modifySubscriptionIntent
string	com.amazon.a.a.o.b	B	requestId
string	com.amazon.a.a.o.b	C	requestStatus
string	com.amazon.a.a.o.b	D	receipt
string	com.amazon.a.a.o.b	E	receiptId
string	com.amazon.a.a.o.b	F	receiptIds
string	com.amazon.a.a.o.b	G	receipts
string	com.amazon.a.a.o.b	H	revocations
string	com.amazon.a.a.o.b	I	sdkVersion
string	com.amazon.a.a.o.b	J	signature
string	com.amazon.a.a.o.b	K	sku
string	com.amazon.a.a.o.b	L	termSku
string	com.amazon.a.a.o.b	M	deferredSku
string	com.amazon.a.a.o.b	N	iapReceiptType
string	com.amazon.a.a.o.b	O	skus
string	com.amazon.a.a.o.b	P	startDate
string	com.amazon.a.a.o.b	Q	purchaseDate
string	com.amazon.a.a.o.b	R	deferredDate
string	com.amazon.a.a.o.b	S	title
string	com.amazon.a.a.o.b	T	coinsRewardAmount
string	com.amazon.a.a.o.b	U	token
string	com.amazon.a.a.o.b	V	unfulfilledReceipts
string	com.amazon.a.a.o.b	W	updatedReceipts
string	com.amazon.a.a.o.b	X	userId
string	com.amazon.a.a.o.b	Y	value
string	com.amazon.a.a.o.b	Z	DeviceId
string	com.amazon.a.a.o.b	a	currency
string	com.amazon.a.a.o.b	aa	receiptDelivered
string	com.amazon.a.a.o.b	ab	notifyListenerSucceeded
string	com.amazon.a.a.o.b	ac	enablePendingPurchases
string	com.amazon.a.a.o.b	ad	UserDataRequest.fetchLWAConsentStatus
string	com.amazon.a.a.o.b	ae	UserDataResponse.LWAConsentStatus
string	com.amazon.a.a.o.b	af	true
string	com.amazon.a.a.o.b	ag	false
string	com.amazon.a.a.o.b	ah	2.0
string	com.amazon.a.a.o.b	ai	1.0
string	com.amazon.a.a.o.b	aj	MM/dd/yyyy HH:mm:ss
string	com.amazon.a.a.o.b	ak	stringToSign
string	com.amazon.a.a.o.b	al	signature
string	com.amazon.a.a.o.b	am	IapReceiptVerificationFailed
string	com.amazon.a.a.o.b	an	maxVersion
string	com.amazon.a.a.o.b	ao	notifyListenerResult
string	com.amazon.a.a.o.b	ap	newCursor
string	com.amazon.a.a.o.b	aq	debug.amazon.sandboxmode
string	com.amazon.a.a.o.b	ar	debug
string	com.amazon.a.a.o.b	as	/system/bin/getprop
string	com.amazon.a.a.o.b	at	android.os.SystemProperties
string	com.amazon.a.a.o.b	au	get
string	com.amazon.a.a.o.b	b	cursor
string	com.amazon.a.a.o.b	c	description
string	com.amazon.a.a.o.b	d	endDate
string	com.amazon.a.a.o.b	e	cancelDate
string	com.amazon.a.a.o.b	f	errorMessage
string	com.amazon.a.a.o.b	g	fulfillmentStatus
string	com.amazon.a.a.o.b	h	hasContent
string	com.amazon.a.a.o.b	i	hasMore
string	com.amazon.a.a.o.b	j	iconUrl
string	com.amazon.a.a.o.b	k	itemType
string	com.amazon.a.a.o.b	l	prorationMode
string	com.amazon.a.a.o.b	m	marketplace
string	com.amazon.a.a.o.b	n	orderStatus
string	com.amazon.a.a.o.b	o	subscriptionPeriod
string	com.amazon.a.a.o.b	p	freeTrialPeriod
string	com.amazon.a.a.o.b	q	promotions
string	com.amazon.a.a.o.b	r	promotionType
string	com.amazon.a.a.o.b	s	promotionPlans
string	com.amazon.a.a.o.b	t	promotionPricePeriod
string	com.amazon.a.a.o.b	u	promotionPriceCycles
string	com.amazon.a.a.o.b	v	promotionPrice
string	com.amazon.a.a.o.b	w	promotionPriceJson
string	com.amazon.a.a.o.b	x	price
string	com.amazon.a.a.o.b	y	priceJson
string	com.amazon.a.a.o.b	z	purchaseItemIntent
string	com.amazon.a.a.o.b.a.a	a	DATA_AUTH_KEY_LOAD_FAILURE
string	com.amazon.a.b	b	com.amazon.android
string	com.amazon.a.b	c	com.amazon.android
string	com.amazon.a.b	d	release
string	com.amazon.a.b	e	
string	com.amazon.a.b	g	1.0
string	com.amazon.a.b.FV.cJbhpoaM	BuHTzIQ	[Purchases] - ERROR
string	com.amazon.a.b.FV.cJbhpoaM	CNHjs	response
string	com.amazon.a.b.FV.cJbhpoaM	CsjvMrycSwdnxh	
string	com.amazon.a.b.FV.cJbhpoaM	CwVqZHw	[Purchases] - 
string	com.amazon.a.b.FV.cJbhpoaM	DptlgTnQFcb	sessionDataStore
string	com.amazon.a.b.FV.cJbhpoaM	DqbfdcvMs	PlayStoreDeferredComponentManager
string	com.amazon.a.b.FV.cJbhpoaM	ElCFN	Class discriminator was missing and no default serializers were registered 
string	com.amazon.a.b.FV.cJbhpoaM	FLExlD	SHAKE
string	com.amazon.a.b.FV.cJbhpoaM	GhJZQKVztFR	Cancelled without a message or cause
string	com.amazon.a.b.FV.cJbhpoaM	GpSKex	encoder
string	com.amazon.a.b.FV.cJbhpoaM	IqwigD	Safelisted event list is empty. Ignoring
string	com.amazon.a.b.FV.cJbhpoaM	JaxpnenGx	
string	com.amazon.a.b.FV.cJbhpoaM	Jome	/FirebaseUI-Android
string	com.amazon.a.b.FV.cJbhpoaM	KfwSWmjMHxOENnG	2
string	com.amazon.a.b.FV.cJbhpoaM	KmfS	b
string	com.amazon.a.b.FV.cJbhpoaM	LmMslFjYNoP	Completed(result=
string	com.amazon.a.b.FV.cJbhpoaM	MKLaYccoj	SM-A520
string	com.amazon.a.b.FV.cJbhpoaM	PrezRzCNI	No name given for CSI extra.
string	com.amazon.a.b.FV.cJbhpoaM	RgsbIZMMWX	DIRTY
string	com.amazon.a.b.FV.cJbhpoaM	SbnevyEgu	Protocol message tag had invalid wire type.
string	com.amazon.a.b.FV.cJbhpoaM	TAPbL	State
string	com.amazon.a.b.FV.cJbhpoaM	TTRNKFruKIQFx	NULL_INTENT_RETURNED_BY_PHONESKY
string	com.amazon.a.b.FV.cJbhpoaM	URrumtqaReW	perf-android-sdk
string	com.amazon.a.b.FV.cJbhpoaM	WKujneZxBZaxyKw	-byte HMAC key)
string	com.amazon.a.b.FV.cJbhpoaM	XRjllZYVKeL	query_info_type
string	com.amazon.a.b.FV.cJbhpoaM	YuPLNsHMqGDNkPg	referenceValue
string	com.amazon.a.b.FV.cJbhpoaM	ZydXwlitj	ACTIVITY_REQUEST_CODE
string	com.amazon.a.b.FV.cJbhpoaM	biiMfh	 total_length:
string	com.amazon.a.b.FV.cJbhpoaM	cjfOGsJHduzpz	email
string	com.amazon.a.b.FV.cJbhpoaM	cvToEYBcQGTL	Invalid NAL length
string	com.amazon.a.b.FV.cJbhpoaM	deSoWQb	elements
string	com.amazon.a.b.FV.cJbhpoaM	eBJNZbvF	null cannot be cast to non-null type com.google.firebase.firestore.core.TargetOrPipeline.PipelineWrapper
string	com.amazon.a.b.FV.cJbhpoaM	eiZcbeBcM	tag
string	com.amazon.a.b.FV.cJbhpoaM	fFYZlXbp	3002
string	com.amazon.a.b.FV.cJbhpoaM	hLRffUuWFopp	measurement.rb.attribution.max_trigger_uris_queried_at_once
string	com.amazon.a.b.FV.cJbhpoaM	hpx	expect
string	com.amazon.a.b.FV.cJbhpoaM	mDnvy	AT
string	com.amazon.a.b.FV.cJbhpoaM	mGSYhFWmdvrxR	builder
string	com.amazon.a.b.FV.cJbhpoaM	mRFHHaIEoIRvfK	https://app-measurement.com/a
string	com.amazon.a.b.FV.cJbhpoaM	myQqkvpClBWYGs	}
string	com.amazon.a.b.FV.cJbhpoaM	nFsOdLq	olaih
string	com.amazon.a.b.FV.cJbhpoaM	oWeeAvW	null
string	com.amazon.a.b.FV.cJbhpoaM	pZDbhMLqTKhviJ	Samaritan
string	com.amazon.a.b.FV.cJbhpoaM	rvVfKYYRTWQhIZ	Mutating immutable message: 
string	com.amazon.a.b.FV.cJbhpoaM	sZndOP	 "'<>#
string	com.amazon.a.b.FV.cJbhpoaM	tSBwL	 name
string	com.amazon.a.b.FV.cJbhpoaM	tVEbDRgVpCNvLX	Format(
string	com.amazon.a.b.FV.cJbhpoaM	uLjBRQq	body
string	com.amazon.a.b.FV.cJbhpoaM	uSaLAwoNJrSs	Skip jump into the IFD since its offset is invalid: 
string	com.amazon.a.b.FV.cJbhpoaM	vmd	unsynced_active_purchases
string	com.amazon.a.b.FV.cJbhpoaM	ymrfJKCIwpQu	SurfaceTextureListener.onSurfaceTextureDestroyed()
string	com.amazon.a.b.FV.cJbhpoaM	ynWYHBcaDY	CREATE_EXTERNAL_PAYMENT_REPORTING_DETAILS_SERVICE_CALL_EXCEPTION
string	com.amazon.a.b.FV.cJbhpoaM	ziQQYXNw	, initialPageIndex=
method	com.amazon.a.b.b.UU.ezPJX	KTztzbxd	public static void io.flutter.embedding.android.FlutterActivity$c2020060321.onDestroy(io.flutter.embedding.android.FlutterActivity)
method	com.amazon.a.b.b.UU.ezPJX	OrahhRyg	public static void com.google.firebase.auth.internal.RecaptchaActivity$c2020060317.onCreate(com.google.firebase.auth.internal.RecaptchaActivity,android.os.Bundle)
method	com.amazon.a.b.b.UU.ezPJX	SZtMKzNRNVUTg	public static void io.flutter.embedding.android.FlutterActivity$c2020060319.onResume(io.flutter.embedding.android.FlutterActivity)
method	com.amazon.a.b.b.UU.ezPJX	kwIWPaJoWHKKqC	public static void com.google.firebase.auth.internal.GenericIdpActivity$c2020060318.onResume(com.google.firebase.auth.internal.GenericIdpActivity)
string	com.amazon.a.b.b.a	c	LICENSE_VERIFICATION_SUCCESS
string	com.amazon.a.b.g	a	license
string	com.amazon.a.b.g	b	customerId
string	com.amazon.a.b.g	c	deviceId
string	com.amazon.b.a	b	com.amazon.drm
string	com.amazon.b.a	c	com.amazon.drm
string	com.amazon.b.a	d	release
string	com.amazon.b.a	e	
string	com.amazon.b.a	g	1.0
string	com.amazon.c.a.a.a	a	com.amazon.content.id.
string	com.amazon.c.a.a.d	a	Kiwi__Version__Obfuscator
string	com.amazon.d.a.a$a	e	com.amazon.venezia.command.Choice
string	com.amazon.d.a.b$a	b	com.amazon.venezia.command.ChoiceContext
string	com.amazon.d.a.c$a	a	com.amazon.venezia.command.Command
string	com.amazon.d.a.d$a	b	com.amazon.venezia.command.CommandService
string	com.amazon.d.a.e$a	a	com.amazon.venezia.command.DecisionExpirationContext
string	com.amazon.d.a.f$a	j	com.amazon.venezia.command.DecisionResult
string	com.amazon.d.a.g$a	c	com.amazon.venezia.command.ExceptionResult
string	com.amazon.d.a.h$a	h	com.amazon.venezia.command.FailureResult
string	com.amazon.d.a.i$a	a	com.amazon.venezia.command.ResultCallback
string	com.amazon.d.a.j$a	c	com.amazon.venezia.command.SuccessResult
string	com.amazon.d.b.a.a	b	com.amazon.venezia.kiwi.definitions
string	com.amazon.d.b.a.a	c	com.amazon.venezia.kiwi.definitions
string	com.amazon.d.b.a.a	d	release
string	com.amazon.d.b.a.a	e	
string	com.amazon.d.b.a.a	g	1.0
string	com.amazon.d.c.a.a$a	e	com.amazon.venezia.service.verify.IApplicationVerificationService
string	com.amazon.device.a	b	com.amazon.device
string	com.amazon.device.a	c	com.amazon.device
string	com.amazon.device.a	d	release
string	com.amazon.device.a	e	
string	com.amazon.device.a	g	1.0
string	com.amazon.device.drm.a.d.a	a	packageName
string	com.amazon.device.drm.a.d.a	b	requestId
string	com.amazon.device.drm.a.d.a	c	sdkVersion
string	com.amazon.device.drm.a.d.a	d	getLicenseInput
string	com.amazon.device.drm.a.d.a	e	com.amazon.testclient.drm.getLicense
string	com.amazon.device.drm.a.d.a	f	responseType
string	com.amazon.device.drm.a.d.a	g	status
string	com.amazon.device.drm.a.d.a	h	getLicenseOutput
string	com.amazon.device.drm.model.LicenseResponse	REQUEST_ID	REQUEST_ID
string	com.amazon.device.drm.model.LicenseResponse	REQUEST_STATUS	REQUEST_STATUS
string	com.amazon.device.drm.model.LicenseResponse	TO_STRING_FORMAT	LicenseResponse: {requestId: "%s", requestStatus: "%s"}
string	com.amazon.device.iap.internal.a	b	PurchasingServiceHandlerThread
string	com.amazon.device.iap.internal.a.a.a	b	getItem_data
string	com.amazon.device.iap.internal.a.b.b	b	purchase_updates
string	com.amazon.device.iap.internal.a.d.b	d	purchase_fulfilled
string	com.amazon.device.iap.internal.a.f.a	b	purchase_response
string	com.amazon.device.iap.internal.a.g.a	b	response_received
string	com.amazon.device.iap.internal.a.h.a	b	submit_metric
string	com.amazon.device.iap.internal.a.h.a	c	metricName
string	com.amazon.device.iap.internal.a.h.a	d	metricAttributes
string	com.amazon.device.iap.internal.b.c	a	KEY_TIMESTAMP
string	com.amazon.device.iap.internal.b.c	b	KEY_REQUEST_ID
string	com.amazon.device.iap.internal.b.c	c	KEY_USER_ID
string	com.amazon.device.iap.internal.b.c	d	KEY_RECEIPT_STRING
string	com.amazon.device.iap.model.ProductDataResponse	PRODUCT_DATA	productData
string	com.amazon.device.iap.model.ProductDataResponse	REQUEST_ID	requestId
string	com.amazon.device.iap.model.ProductDataResponse	REQUEST_STATUS	requestStatus
string	com.amazon.device.iap.model.ProductDataResponse	TO_STRING_FORMAT	(%s, requestId: "%s", unavailableSkus: %s, requestStatus: "%s", productData: %s)
string	com.amazon.device.iap.model.ProductDataResponse	UNAVAILABLE_SKUS	UNAVAILABLE_SKUS
string	com.amazon.device.iap.model.PurchaseResponse	RECEIPT	receipt
string	com.amazon.device.iap.model.PurchaseResponse	REQUEST_ID	requestId
string	com.amazon.device.iap.model.PurchaseResponse	REQUEST_STATUS	requestStatus
string	com.amazon.device.iap.model.PurchaseResponse	TO_STRING_FORMAT	(%s, requestId: "%s", purchaseRequestStatus: "%s", userId: "%s", receipt: %s)
string	com.amazon.device.iap.model.PurchaseResponse	USER_DATA	userData
string	com.amazon.device.iap.model.PurchaseUpdatesResponse	HAS_MORE	HAS_MORE
string	com.amazon.device.iap.model.PurchaseUpdatesResponse	RECEIPTS	RECEIPTS
string	com.amazon.device.iap.model.PurchaseUpdatesResponse	REQUEST_ID	REQUEST_ID
string	com.amazon.device.iap.model.PurchaseUpdatesResponse	REQUEST_STATUS	REQUEST_STATUS
string	com.amazon.device.iap.model.PurchaseUpdatesResponse	TO_STRING_FORMAT	(%s, requestId: "%s", requestStatus: "%s", userData: "%s", receipts: %s, hasMore: "%b")
string	com.amazon.device.iap.model.PurchaseUpdatesResponse	USER_DATA	USER_DATA
string	com.amazon.device.iap.model.UserDataResponse	REQUEST_ID	REQUEST_ID
string	com.amazon.device.iap.model.UserDataResponse	REQUEST_STATUS	REQUEST_STATUS
string	com.amazon.device.iap.model.UserDataResponse	TO_STRING_FORMAT	(%s, requestId: "%s", requestStatus: "%s", userData: "%s")
string	com.amazon.device.iap.model.UserDataResponse	USER_DATA	USER_DATA
string	com.amazon.device.simplesignin.BuildConfig	APPLICATION_ID	com.amazon.device.simplesignin
string	com.amazon.device.simplesignin.BuildConfig	BUILD_TYPE	release
string	com.amazon.device.simplesignin.BuildConfig	FLAVOR	
string	com.amazon.device.simplesignin.BuildConfig	LIBRARY_PACKAGE_NAME	com.amazon.device.simplesignin
string	com.amazon.device.simplesignin.BuildConfig	VERSION_NAME	1.0
string	com.amazon.device.simplesignin.a.a.a	A	partnerUserId
string	com.amazon.device.simplesignin.a.a.a	B	linkedTimestamp
string	com.amazon.device.simplesignin.a.a.a	C	ssiToken
string	com.amazon.device.simplesignin.a.a.a	D	token
string	com.amazon.device.simplesignin.a.a.a	E	schema
string	com.amazon.device.simplesignin.a.a.a	F	CVA_VERSION_NOT_SUPPORTED
string	com.amazon.device.simplesignin.a.a.a	G	SSI_DUPLICATE_REQUEST
string	com.amazon.device.simplesignin.a.a.a	H	SSI_FEATURE_TURNED_OFF
string	com.amazon.device.simplesignin.a.a.a	I	SSI_FEATURE_NOT_AVAILABLE
string	com.amazon.device.simplesignin.a.a.a	J	SSI_RETRYABLE_FAILURE
string	com.amazon.device.simplesignin.a.a.a	K	SSI_INVALID_LINK_SIGNING_KEY_ENCRYPTION
string	com.amazon.device.simplesignin.a.a.a	L	SSI_INVALID_LINK_SIGNING_KEY
string	com.amazon.device.simplesignin.a.a.a	a	ssi_identityProviderName
string	com.amazon.device.simplesignin.a.a.a	b	ssi_amazonDirectedId
string	com.amazon.device.simplesignin.a.a.a	c	ssi_links
string	com.amazon.device.simplesignin.a.a.a	d	ssi_partnerUserId
string	com.amazon.device.simplesignin.a.a.a	e	ssi_userLoginName
string	com.amazon.device.simplesignin.a.a.a	f	ssi_linkSigningKey
string	com.amazon.device.simplesignin.a.a.a	g	ssi_linkToken
string	com.amazon.device.simplesignin.a.a.a	h	ssi_accountLinkType
string	com.amazon.device.simplesignin.a.a.a	i	AMAZON_MANAGED
string	com.amazon.device.simplesignin.a.a.a	j	ssi_consentIntent
string	com.amazon.device.simplesignin.a.a.a	k	ssi_linkId
string	com.amazon.device.simplesignin.a.a.a	l	ssi_link
string	com.amazon.device.simplesignin.a.a.a	m	ssi_successCode
string	com.amazon.device.simplesignin.a.a.a	n	ssi_responseType
string	com.amazon.device.simplesignin.a.a.a	o	ssi_LoginNamesMap
string	com.amazon.device.simplesignin.a.a.a	p	ssi_showLoginIntent
string	com.amazon.device.simplesignin.a.a.a	q	ssi_userSelection
string	com.amazon.device.simplesignin.a.a.a	r	ssi_selectedId
string	com.amazon.device.simplesignin.a.a.a	s	success
string	com.amazon.device.simplesignin.a.a.a	t	ssi_metrics_event
string	com.amazon.device.simplesignin.a.a.a	u	ssi_metrics_event_timestamp
string	com.amazon.device.simplesignin.a.a.a	v	ssi_metrics_event_failure_reason
string	com.amazon.device.simplesignin.a.a.a	w	ssi_LinkUserAccountResponse
string	com.amazon.device.simplesignin.a.a.a	x	ssi_LoginSelectionResponse
string	com.amazon.device.simplesignin.a.a.a	y	linkId
string	com.amazon.device.simplesignin.a.a.a	z	identityProviderName
string	com.amazon.device.simplesignin.a.a.b.a.a	b	SSI_LinkUserAccountResponse
string	com.amazon.device.simplesignin.a.a.b.a.a	c	1.0
method	com.amazon.device.simplesignin.a.a.b.a.gOx.caejvtX	lDYRooeGedcP	public static void com.google.firebase.auth.internal.GenericIdpActivity$c2020060317.onCreate(com.google.firebase.auth.internal.GenericIdpActivity,android.os.Bundle)
method	com.amazon.device.simplesignin.a.a.b.a.gOx.caejvtX	xOiRETEHoBD	public static void io.flutter.embedding.android.FlutterActivity$c2020060318.onStop(io.flutter.embedding.android.FlutterActivity)
string	com.amazon.device.simplesignin.a.a.d.a.b	b	SSI_LoginSelectionResponse
string	com.amazon.device.simplesignin.a.a.d.a.b	c	1.0
string	com.amazon.device.simplesignin.a.c.a	a	packageName
string	com.amazon.device.simplesignin.a.c.a	b	requestId
string	com.amazon.device.simplesignin.a.c.a	c	sdkVersion
string	com.amazon.device.simplesignin.a.c.a	d	responseType
string	com.amazon.device.simplesignin.a.c.a	e	status
string	com.amazon.device.simplesignin.a.c.a	f	getUserAndLinksInput
string	com.amazon.device.simplesignin.a.c.a	g	linkUserAccountInput
string	com.amazon.device.simplesignin.a.c.a	h	showLoginSelectionInput
string	com.amazon.device.simplesignin.a.c.a	i	getUserAndLinksOutput
string	com.amazon.device.simplesignin.a.c.a	j	linkUserAccountOutput
string	com.amazon.device.simplesignin.a.c.a	k	showLoginSelectionOutput
string	com.amazon.device.simplesignin.a.c.a	l	recordMetricsEventOutput
string	com.amazon.device.simplesignin.a.c.a	m	com.amazon.testclient.simplesignin.getUserAndLinks
string	com.amazon.device.simplesignin.a.c.a	n	com.amazon.testclient.simplesignin.linkUserAccount
string	com.amazon.device.simplesignin.a.c.a	o	com.amazon.testclient.simplesignin.showLoginSelection
string	com.amazon.device.simplesignin.a.c.a	p	com.amazon.testclient.simplesignin.recordmetricsevent
string	com.google.ads.mediation.AbstractAdViewAdapter	AD_UNIT_ID_PARAMETER	pubid
string	com.google.ads.mediation.admob.AdMobAdapter	AD_JSON_PARAMETER	adJson
string	com.google.ads.mediation.admob.AdMobAdapter	AD_PARAMETER	_ad
string	com.google.ads.mediation.admob.AdMobAdapter	HOUSE_ADS_PARAMETER	mad_hac
string	com.google.ads.mediation.admob.AdMobAdapter	NEW_BUNDLE	_newBundle
string	com.google.android.gms.common.aj.caOGScHvWMUsJ	CmHPlEmam	Failed to read item '
string	com.google.android.gms.common.aj.caOGScHvWMUsJ	EaImQ	<this>
string	com.google.android.gms.common.aj.caOGScHvWMUsJ	FUWbipvormeyWj	%d
string	com.google.android.gms.common.aj.caOGScHvWMUsJ	HQlJkprKhS	ApplicationInfo(appId=
string	com.google.android.gms.common.aj.caOGScHvWMUsJ	MioxcXUfENXH	_e
string	com.google.android.gms.common.aj.caOGScHvWMUsJ	MqhnH	TextInputType.none
string	com.google.android.gms.common.aj.caOGScHvWMUsJ	NZPkuHmwCG	java.runtime.name
string	com.google.android.gms.common.aj.caOGScHvWMUsJ	OaCGhQWBzUTZ	importance
string	com.google.android.gms.common.aj.caOGScHvWMUsJ	QKdlMQ	com.revenuecat.purchases.common.caching.LocalTransactionMetadata
string	com.google.android.gms.common.aj.caOGScHvWMUsJ	QLJDoQ	name
string	com.google.android.gms.common.aj.caOGScHvWMUsJ	QNCBhjnoFlFSGVD	Enqueuing launch workflow
string	com.google.android.gms.common.aj.caOGScHvWMUsJ	Qrxj	error
string	com.google.android.gms.common.aj.caOGScHvWMUsJ	SJUxLOHHtA	Invalid signature (output prefix mismatch)
string	com.google.android.gms.common.aj.caOGScHvWMUsJ	VKVsUi	metadata
string	com.google.android.gms.common.aj.caOGScHvWMUsJ	VkQB	value
string	com.google.android.gms.common.aj.caOGScHvWMUsJ	VnVlZKhIkZ	missing-instance-error
string	com.google.android.gms.common.aj.caOGScHvWMUsJ	XLsNYOiCMV	l.nml-gmsg
string	com.google.android.gms.common.aj.caOGScHvWMUsJ	XXejtTK	[:upper:]
string	com.google.android.gms.common.aj.caOGScHvWMUsJ	XyxC	] onStream
string	com.google.android.gms.common.aj.caOGScHvWMUsJ	YJUndjrk	Got a document response with no snapshot version
string	com.google.android.gms.common.aj.caOGScHvWMUsJ	YNVtSbhJYxA	 :   
string	com.google.android.gms.common.aj.caOGScHvWMUsJ	YNpajvZ	
string	com.google.android.gms.common.aj.caOGScHvWMUsJ	adhVLGeFRl	Cache-Control
string	com.google.android.gms.common.aj.caOGScHvWMUsJ	bflQZQ	%s (%s) must be less than size (%s)
string	com.google.android.gms.common.aj.caOGScHvWMUsJ	cKhWSAcIgLbEy	white
string	com.google.android.gms.common.aj.caOGScHvWMUsJ	ectShipQSaGvg	main
string	com.google.android.gms.common.aj.caOGScHvWMUsJ	feWgfpbDlSja	index_Dependency_work_spec_id
string	com.google.android.gms.common.aj.caOGScHvWMUsJ	gKWkzxkS	end index
string	com.google.android.gms.common.aj.caOGScHvWMUsJ	gkl	Successfully registered trigger URI
string	com.google.android.gms.common.aj.caOGScHvWMUsJ	jOlGmEKrDdWG	null cannot be cast to non-null type kotlin.collections.List<kotlin.Any?>
string	com.google.android.gms.common.aj.caOGScHvWMUsJ	kBSaVtzD	call to 'resume' before 'invoke' with coroutine
string	com.google.android.gms.common.aj.caOGScHvWMUsJ	kIlB	input
string	com.google.android.gms.common.aj.caOGScHvWMUsJ	kOWqtxDZjOYkKJt	query
string	com.google.android.gms.common.aj.caOGScHvWMUsJ	lIuXDiXuZccZqL	encryptedTopics
string	com.google.android.gms.common.aj.caOGScHvWMUsJ	ljBCvBozZ	RENDERING_NATIVE_ASSETS_LOADING_END
string	com.google.android.gms.common.aj.caOGScHvWMUsJ	lvpgdOJY	appConfig
string	com.google.android.gms.common.aj.caOGScHvWMUsJ	mOtCfa	javascript
string	com.google.android.gms.common.aj.caOGScHvWMUsJ	notyvUSLqGB	GET_PRODUCTS_STARTED
string	com.google.android.gms.common.aj.caOGScHvWMUsJ	oFmpCIs	\\'
string	com.google.android.gms.common.aj.caOGScHvWMUsJ	obiyrqzQcwX	dev.flutter.pigeon.webview_flutter_android.WebChromeClient.onShowCustomView
string	com.google.android.gms.common.aj.caOGScHvWMUsJ	omXZBMs	null cannot be cast to non-null type kotlin.collections.List<kotlin.Any?>
string	com.google.android.gms.common.aj.caOGScHvWMUsJ	pXPgqP	zza
string	com.google.android.gms.common.aj.caOGScHvWMUsJ	poUwjfB	multiply
string	com.google.android.gms.common.aj.caOGScHvWMUsJ	qAGlxHolCMw	Google
string	com.google.android.gms.common.aj.caOGScHvWMUsJ	rTfajITDv	sd_app_measure_npa
string	com.google.android.gms.common.aj.caOGScHvWMUsJ	sdKsPHIDbTh	Content-Length
string	com.google.android.gms.common.aj.caOGScHvWMUsJ	tjliOIfiACYo	An internal error occurred.
string	com.google.android.gms.common.aj.caOGScHvWMUsJ	vMMVa	null cannot be cast to non-null type kotlin.collections.List<kotlin.Any?>
string	com.google.android.gms.common.aj.caOGScHvWMUsJ	vSTvqiICEGGRPb	ITUNESGAPLESS
string	com.google.android.gms.common.aj.caOGScHvWMUsJ	wXalFXsJly	Gospel
string	com.google.android.gms.common.aj.caOGScHvWMUsJ	wcAYVwhaUVKaXL	DateTime
string	com.google.android.gms.common.aj.caOGScHvWMUsJ	yFdAnLJVhpuJoL	did not find intent
string	com.google.android.gms.common.aj.caOGScHvWMUsJ	yHpuWo	dev.flutter.pigeon.webview_flutter_android.FlutterAssetManager.pigeon_newInstance
string	com.google.android.gms.common.aj.caOGScHvWMUsJ	zYb	id=
string	com.google.android.gms.dynamite.Ko.THwEL	BLQiRl	NetworkBroadcastReceiver received unknown action
string	com.google.android.gms.dynamite.Ko.THwEL	BhdyOsjCzlMYuqQ	com.google.android.gms
string	com.google.android.gms.dynamite.Ko.THwEL	BsfqMyse	ClientNotification.API
string	com.google.android.gms.dynamite.Ko.THwEL	DBOoNkzI	Tab(id=
string	com.google.android.gms.dynamite.Ko.THwEL	DrQXBOoYKnNVYB	null
string	com.google.android.gms.dynamite.Ko.THwEL	Eedy	Wrong type URL in call to AesGcmSivProtoSerialization.parseKey
string	com.google.android.gms.dynamite.Ko.THwEL	EjsfME	[Purchases] - 
string	com.google.android.gms.dynamite.Ko.THwEL	FQIXxPvI	tchv
string	com.google.android.gms.dynamite.Ko.THwEL	GuLozLSGCztf	vars
string	com.google.android.gms.dynamite.Ko.THwEL	HfkHQyXskK	pat
string	com.google.android.gms.dynamite.Ko.THwEL	JYuMyUoswEZkSRl	consumer
string	com.google.android.gms.dynamite.Ko.THwEL	KiEltdgI	format(...)
string	com.google.android.gms.dynamite.Ko.THwEL	LqlOMar	Build.VERSION_CODES.Q
string	com.google.android.gms.dynamite.Ko.THwEL	OAqhkepnQGn	
string	com.google.android.gms.dynamite.Ko.THwEL	PUmoqEzJS	Span was already closed!
string	com.google.android.gms.dynamite.Ko.THwEL	PeeVn	.properties file is dropped during release process. Failure to read app version is expected during Google internal testing where locally-built libraries are used
string	com.google.android.gms.dynamite.Ko.THwEL	RmhlewfjLI	peekInt
string	com.google.android.gms.dynamite.Ko.THwEL	URefvSMAEBTUQ	HEAD
string	com.google.android.gms.dynamite.Ko.THwEL	UYTMLzGZ	SSI_LinkUserAccountResponse
string	com.google.android.gms.dynamite.Ko.THwEL	UsweekUHDVPXlc	name
string	com.google.android.gms.dynamite.Ko.THwEL	Vud	format(...)
string	com.google.android.gms.dynamite.Ko.THwEL	XGuWpanSDOoHci	com.amazon.venezia.service.verify.IApplicationVerificationService
string	com.google.android.gms.dynamite.Ko.THwEL	bwON	[Purchases] - 
string	com.google.android.gms.dynamite.Ko.THwEL	dvPKFPaH	gads:include_adapter_error_code_in_ans:enabled
string	com.google.android.gms.dynamite.Ko.THwEL	jWecuVmoW	1.0
string	com.google.android.gms.dynamite.Ko.THwEL	jhGJb	zzd
string	com.google.android.gms.dynamite.Ko.THwEL	jtjHqzbt	com.revenuecat.purchases.
string	com.google.android.gms.dynamite.Ko.THwEL	llTvBLYETvcE	token
string	com.google.android.gms.dynamite.Ko.THwEL	oAULMj	unknown status code: 
string	com.google.android.gms.dynamite.Ko.THwEL	prr	Failed to delete a bundle in a queue table
string	com.google.android.gms.dynamite.Ko.THwEL	qnjUviJI	DOUBLE
string	com.google.android.gms.dynamite.Ko.THwEL	tQKlBdrfg	appQualitySessionId
string	com.google.android.gms.dynamite.Ko.THwEL	tqYrtt	AviStreamHeaderChunk
string	com.google.android.gms.dynamite.Ko.THwEL	yrPOYpQXHFyyV	NONE
string	com.google.android.gms.dynamite.descriptors.com.google.android.gms.ads.dynamite.ModuleDescriptor	MODULE_ID	com.google.android.gms.ads.dynamite
string	com.google.android.gms.dynamite.descriptors.com.google.android.gms.measurement.dynamite.ModuleDescriptor	MODULE_ID	com.google.android.gms.measurement.dynamite
string	com.google.android.gms.dynamite.descriptors.com.google.firebase.auth.ModuleDescriptor	MODULE_ID	com.google.firebase.auth
string	com.google.android.play.core.integrity.Jzg.IoJOLJNkqqoG	AnfDVYUBmlNvEwD	com.revenuecat.purchases.customercenter.CustomerCenterConfigData.Support
string	com.google.android.play.core.integrity.Jzg.IoJOLJNkqqoG	AusQae	Control frame must be less than 125B.
string	com.google.android.play.core.integrity.Jzg.IoJOLJNkqqoG	BXQCdF	zze
string	com.google.android.play.core.integrity.Jzg.IoJOLJNkqqoG	BqiVYwwMytXFes	next_alarm_manager_id
string	com.google.android.play.core.integrity.Jzg.IoJOLJNkqqoG	DaNXeYNAk	 maxBlobByteSizePerRow
string	com.google.android.play.core.integrity.Jzg.IoJOLJNkqqoG	HoLggr	addOnStoreProducts
string	com.google.android.play.core.integrity.Jzg.IoJOLJNkqqoG	IHXTUyNr	trailers: 
string	com.google.android.play.core.integrity.Jzg.IoJOLJNkqqoG	IwCjPKBgbgP	pre_r
string	com.google.android.play.core.integrity.Jzg.IoJOLJNkqqoG	JENLrgnQHeXeyl	Null identifier
string	com.google.android.play.core.integrity.Jzg.IoJOLJNkqqoG	MrGqboVhWyp	Unexpected char %#04x at %d in header name: %s
string	com.google.android.play.core.integrity.Jzg.IoJOLJNkqqoG	MtVxXDJ	ActivityName
string	com.google.android.play.core.integrity.Jzg.IoJOLJNkqqoG	MyfatLQ	SystemChrome.setEnabledSystemUIOverlays
string	com.google.android.play.core.integrity.Jzg.IoJOLJNkqqoG	NAFiU	, revenuecatId=
string	com.google.android.play.core.integrity.Jzg.IoJOLJNkqqoG	PWpvxDHs	provider
string	com.google.android.play.core.integrity.Jzg.IoJOLJNkqqoG	QNXejGa	impressionId
string	com.google.android.play.core.integrity.Jzg.IoJOLJNkqqoG	SidAfcb	SINT64_LIST_PACKED
string	com.google.android.play.core.integrity.Jzg.IoJOLJNkqqoG	TmDXULJyN	%s_%s_%s_%s
string	com.google.android.play.core.integrity.Jzg.IoJOLJNkqqoG	UBuIuAxoVMwlqbU	active_network_state
string	com.google.android.play.core.integrity.Jzg.IoJOLJNkqqoG	UNXExAKRuryaM	stream
string	com.google.android.play.core.integrity.Jzg.IoJOLJNkqqoG	UzKAIUEE	text
string	com.google.android.play.core.integrity.Jzg.IoJOLJNkqqoG	VsoQKHp	base_plan_id
string	com.google.android.play.core.integrity.Jzg.IoJOLJNkqqoG	WHmev	zzb
string	com.google.android.play.core.integrity.Jzg.IoJOLJNkqqoG	XfxiSqoXxjs	com.google.android.gms.ads.internal.signals.ISignalCallback
string	com.google.android.play.core.integrity.Jzg.IoJOLJNkqqoG	XktcHotCIY	 that owns View 
string	com.google.android.play.core.integrity.Jzg.IoJOLJNkqqoG	YPEovhkxILTVU	[Purchases] - ERROR
string	com.google.android.play.core.integrity.Jzg.IoJOLJNkqqoG	ZAxLEHuKGWemlK	[Purchases] - ERROR
string	com.google.android.play.core.integrity.Jzg.IoJOLJNkqqoG	brGcq	gads:webview_sound_effects:disabled
string	com.google.android.play.core.integrity.Jzg.IoJOLJNkqqoG	cxaYfNgq	or
string	com.google.android.play.core.integrity.Jzg.IoJOLJNkqqoG	dfNFWBSDgtx	TtmlParser
string	com.google.android.play.core.integrity.Jzg.IoJOLJNkqqoG	eBjhcYBGkD	video/av01
string	com.google.android.play.core.integrity.Jzg.IoJOLJNkqqoG	gyoqtxcwQK	CrossProcessLock
string	com.google.android.play.core.integrity.Jzg.IoJOLJNkqqoG	hdVVDvyn	zzb
string	com.google.android.play.core.integrity.Jzg.IoJOLJNkqqoG	jMPPxCY	, style=
string	com.google.android.play.core.integrity.Jzg.IoJOLJNkqqoG	jVQEqmoViBMQE	messageType
string	com.google.android.play.core.integrity.Jzg.IoJOLJNkqqoG	jzTQ	com.google.firebase.sessions.SessionDetails
string	com.google.android.play.core.integrity.Jzg.IoJOLJNkqqoG	kZI	showable_impression_type
string	com.google.android.play.core.integrity.Jzg.IoJOLJNkqqoG	mkloyaOZqsSkk	inspector_info
string	com.google.android.play.core.integrity.Jzg.IoJOLJNkqqoG	nWqTi	, firstSeen=
string	com.google.android.play.core.integrity.Jzg.IoJOLJNkqqoG	orXLFxe	Unknown Error
string	com.google.android.play.core.integrity.Jzg.IoJOLJNkqqoG	rBk	1
string	com.google.android.play.core.integrity.Jzg.IoJOLJNkqqoG	raOBlpmk	requestedProductIds
string	com.google.android.play.core.integrity.Jzg.IoJOLJNkqqoG	sHaNHgWEQoi	PENDING
string	com.google.android.play.core.integrity.Jzg.IoJOLJNkqqoG	sWnATtWT	out
string	com.google.android.play.core.integrity.Jzg.IoJOLJNkqqoG	tTNaQOk	attemptNumber
string	com.google.android.play.core.integrity.Jzg.IoJOLJNkqqoG	uzSnAvWLj	BOOL
string	com.google.android.play.core.integrity.Jzg.IoJOLJNkqqoG	vLNf	Unable to start collecting Memory Metrics: 
string	com.google.android.play.core.integrity.Jzg.IoJOLJNkqqoG	vNuEWHtVeGiD	serviceConfig
string	com.google.android.play.core.integrity.Jzg.IoJOLJNkqqoG	vNzquqkl	Localization.getStringResource
string	com.google.android.play.core.integrity.Jzg.IoJOLJNkqqoG	viVAIpnIOKSUps	eglMakeCurrent failed
string	com.google.android.play.core.integrity.Jzg.IoJOLJNkqqoG	wOThKbErBZDFD	LONG
string	com.google.android.play.core.integrity.Jzg.IoJOLJNkqqoG	wiFcJd	zze
string	com.google.android.play.core.integrity.Jzg.IoJOLJNkqqoG	xhuvSyCTEOIPAoS	Null extensionRegistryLite
string	com.google.android.play.core.integrity.Jzg.IoJOLJNkqqoG	yZRpge	DETAILS_LIST
string	com.google.android.play.core.integrity.Jzg.IoJOLJNkqqoG	yaoWiFe	interstitial
string	com.google.android.play.core.integrity.Jzg.IoJOLJNkqqoG	zjboEbJRSpAT	copyOf(...)
string	com.google.firebase.abt.component.AbtRegistrar	LIBRARY_NAME	fire-abt
string	com.google.firebase.abt.component.Cb.Xipgzteev	ASgzNkxaq	Error parsing VVC configuration
string	com.google.firebase.abt.component.Cb.Xipgzteev	AopQrJOqUFX	setClipToScreenEnabled
string	com.google.firebase.abt.component.Cb.Xipgzteev	BLtuVWotzIVb	IndexManager not started
string	com.google.firebase.abt.component.Cb.Xipgzteev	DJVZr	description
string	com.google.firebase.abt.component.Cb.Xipgzteev	GOQLdqGz	perf-android-sdk
string	com.google.firebase.abt.component.Cb.Xipgzteev	HWKIHaSzxMi	, KdfId: 
string	com.google.firebase.abt.component.Cb.Xipgzteev	IeUnpSQyrq	XML parser error must be within a Constraint 
string	com.google.firebase.abt.component.Cb.Xipgzteev	IjDbTxGQ	<this>
string	com.google.firebase.abt.component.Cb.Xipgzteev	KZemxmmksh	equals
string	com.google.firebase.abt.component.Cb.Xipgzteev	KvOhCStKBDg	, data=
string	com.google.firebase.abt.component.Cb.Xipgzteev	LAhZVtxl	com.google.common.util.concurrent.
string	com.google.firebase.abt.component.Cb.Xipgzteev	MVnLXLicxmD	, background=
string	com.google.firebase.abt.component.Cb.Xipgzteev	Mbaqrd	image/heif
string	com.google.firebase.abt.component.Cb.Xipgzteev	NGjbm	activity
string	com.google.firebase.abt.component.Cb.Xipgzteev	NPsvFSMQPRTmD	zze
string	com.google.firebase.abt.component.Cb.Xipgzteev	OCwUvYvM	mediaEventsOwner
string	com.google.firebase.abt.component.Cb.Xipgzteev	SlxiR	entries=
string	com.google.firebase.abt.component.Cb.Xipgzteev	UGiXmx	_
string	com.google.firebase.abt.component.Cb.Xipgzteev	UHJdwLcmuLyGK	Successfully configured exception handler.
string	com.google.firebase.abt.component.Cb.Xipgzteev	Unfzp	Hardcore
string	com.google.firebase.abt.component.Cb.Xipgzteev	VUNGgOLQ	zzaN
string	com.google.firebase.abt.component.Cb.Xipgzteev	YFxpDCHlUwpX	$operation
string	com.google.firebase.abt.component.Cb.Xipgzteev	YQS	measurement.upload.google_signal_max_queue_time
string	com.google.firebase.abt.component.Cb.Xipgzteev	donvBhreCaNLFMb	Failed to insert event filter (got -1). appId
string	com.google.firebase.abt.component.Cb.Xipgzteev	gVSwP	[
string	com.google.firebase.abt.component.Cb.Xipgzteev	gfakGpF	TLS_ECDHE_RSA_WITH_AES_256_CBC_SHA384
string	com.google.firebase.abt.component.Cb.Xipgzteev	gxkYFvWYHDUj	trim
string	com.google.firebase.abt.component.Cb.Xipgzteev	hJCLXeJZLd	Banned public key: 
string	com.google.firebase.abt.component.Cb.Xipgzteev	hNQX	Channel is being terminated
string	com.google.firebase.abt.component.Cb.Xipgzteev	hymVwHBwyvs	zh-guoyu
string	com.google.firebase.abt.component.Cb.Xipgzteev	iGgUxxISq	SDK_TOO_OLD
string	com.google.firebase.abt.component.Cb.Xipgzteev	iTxaPOUP	hintLocales
string	com.google.firebase.abt.component.Cb.Xipgzteev	iZolpnQVhRdr	[Purchases] - 
string	com.google.firebase.abt.component.Cb.Xipgzteev	jkKSyJDGKH	identifier
string	com.google.firebase.abt.component.Cb.Xipgzteev	kHBEQfDJHE	receiptId
string	com.google.firebase.abt.component.Cb.Xipgzteev	kMEgUzUSU	mute
string	com.google.firebase.abt.component.Cb.Xipgzteev	kxHOjkvmASwfiMu	FirebaseSessions
string	com.google.firebase.abt.component.Cb.Xipgzteev	mesG	context
string	com.google.firebase.abt.component.Cb.Xipgzteev	pRLj	executor
string	com.google.firebase.abt.component.Cb.Xipgzteev	pVHjXidhP	NUM_WEEK_OTHER
string	com.google.firebase.abt.component.Cb.Xipgzteev	plwhV	skuDetailsToken
string	com.google.firebase.abt.component.Cb.Xipgzteev	pyKzsNKKvQBnI	putInt
string	com.google.firebase.abt.component.Cb.Xipgzteev	rlRGSeEjx	 AND retry_count < 2147483647
string	com.google.firebase.abt.component.Cb.Xipgzteev	sLNyj	com.google.android.gms.ads
string	com.google.firebase.abt.component.Cb.Xipgzteev	sZiSQExD	Hide native ad policy validator overlay.
string	com.google.firebase.abt.component.Cb.Xipgzteev	tHw	//
string	com.google.firebase.abt.component.Cb.Xipgzteev	tzgyNMs	, eventCode=
string	com.google.firebase.abt.component.Cb.Xipgzteev	uUxnR	SCAR_REQUEST_TYPE_GOLDENEYE
string	com.google.firebase.abt.component.Cb.Xipgzteev	vnr	encoder
string	com.google.firebase.abt.component.Cb.Xipgzteev	wFGuMIR	com.google.android.gms.ads.internal.flags.IFlagRetrieverSupplierProxy
string	com.google.firebase.abt.component.Cb.Xipgzteev	xjGPZTrBj	PHONE_PROVIDER
string	com.google.firebase.auth.internal.RecaptchaActivity	b	RecaptchaActivity
string	com.google.firebase.concurrent.LWY.mnRevctnOKq	Cputdyqod	google-analytics.com
string	com.google.firebase.concurrent.LWY.mnRevctnOKq	DbcR	, state=
string	com.google.firebase.concurrent.LWY.mnRevctnOKq	HQobFMR	[Purchases] - 
string	com.google.firebase.concurrent.LWY.mnRevctnOKq	JCgxfst	ftp
string	com.google.firebase.concurrent.LWY.mnRevctnOKq	JGGOzzJWKtptZ	it
string	com.google.firebase.concurrent.LWY.mnRevctnOKq	Lyw	Invalid MultiFactorSession - use the getSession method in MultiFactorResolver to get a valid sign-in session.
string	com.google.firebase.concurrent.LWY.mnRevctnOKq	NevUtXpsDmLG	max_parallel_renderers
string	com.google.firebase.concurrent.LWY.mnRevctnOKq	OjxEaNQxZ	onCacheAccessComplete
string	com.google.firebase.concurrent.LWY.mnRevctnOKq	OxgtpFyfSNZq	TextInputChannel
string	com.google.firebase.concurrent.LWY.mnRevctnOKq	PBZDRA	Z
string	com.google.firebase.concurrent.LWY.mnRevctnOKq	PPIiDUukhZDfH	Given context is null
string	com.google.firebase.concurrent.LWY.mnRevctnOKq	PeHwiubwcsw	[Purchases] - ERROR
string	com.google.firebase.concurrent.LWY.mnRevctnOKq	QAQXHdmkVhwzwQ	MULTI_PROFILE
string	com.google.firebase.concurrent.LWY.mnRevctnOKq	QislOVwe	An operation is not implemented: 
string	com.google.firebase.concurrent.LWY.mnRevctnOKq	RJgkxdS	Conflicting discontinuities.
string	com.google.firebase.concurrent.LWY.mnRevctnOKq	SwGAXZG	BND
string	com.google.firebase.concurrent.LWY.mnRevctnOKq	UDKqHIjQF	PhoneAuthProvider
string	com.google.firebase.concurrent.LWY.mnRevctnOKq	VFYLydyYUivNV	Field 
string	com.google.firebase.concurrent.LWY.mnRevctnOKq	YONBgG	pii
string	com.google.firebase.concurrent.LWY.mnRevctnOKq	ZrORlhatoplOI	image/png
string	com.google.firebase.concurrent.LWY.mnRevctnOKq	bVRqsznY	DEFAULT_SOURCE
string	com.google.firebase.concurrent.LWY.mnRevctnOKq	cEiDwjZNwsyD	read
string	com.google.firebase.concurrent.LWY.mnRevctnOKq	eBRV	identifier must not be empty
string	com.google.firebase.concurrent.LWY.mnRevctnOKq	fFzYoahs	gads:attestation_token:enabled
string	com.google.firebase.concurrent.LWY.mnRevctnOKq	fUIxy	Failed to call onAdsAvailable
string	com.google.firebase.concurrent.LWY.mnRevctnOKq	iyqp	Authorization
string	com.google.firebase.concurrent.LWY.mnRevctnOKq	kRrI	appUserID
string	com.google.firebase.concurrent.LWY.mnRevctnOKq	mSwsMJqysFXi	Context can't be null. Please set up context in CsiConfiguration.
string	com.google.firebase.concurrent.LWY.mnRevctnOKq	oJplInztMF	last_fetch_status
string	com.google.firebase.concurrent.LWY.mnRevctnOKq	oMeEyfEqJ	Folk-Rock
string	com.google.firebase.concurrent.LWY.mnRevctnOKq	qGf	, lastLimboFreeSnapshotVersion=
string	com.google.firebase.concurrent.LWY.mnRevctnOKq	tfkVzbPOJurI	Cannot invoke 
string	com.google.firebase.concurrent.LWY.mnRevctnOKq	vnIlCOE	 ms after scheduled time)
string	com.google.firebase.concurrent.LWY.mnRevctnOKq	xzQqbKGduSjCeSa	gads:use_sdk_default_queue_capacity
string	com.google.firebase.crashlytics.tP.nBkGTwndgg	CSnYHCpaFpEOg	ad_format
string	com.google.firebase.crashlytics.tP.nBkGTwndgg	CuSpUsxCVt	ViewHolder views must not be attached when created. Ensure that you are not passing 'true' to the attachToRoot parameter of LayoutInflater.inflate(..., boolean attachToRoot)
string	com.google.firebase.crashlytics.tP.nBkGTwndgg	DZNfDJpYokd	aggregate_
string	com.google.firebase.crashlytics.tP.nBkGTwndgg	DyM	call_to_action
string	com.google.firebase.crashlytics.tP.nBkGTwndgg	FRs	getInternalPath(...)
string	com.google.firebase.crashlytics.tP.nBkGTwndgg	GLwFpGbIney	inAppMessageResult
string	com.google.firebase.crashlytics.tP.nBkGTwndgg	GXUhXOZEgoFAH	eids
string	com.google.firebase.crashlytics.tP.nBkGTwndgg	HLTLtvjNeJxmcpz	EnableHcpp
string	com.google.firebase.crashlytics.tP.nBkGTwndgg	HxLVtTWhfF	context
string	com.google.firebase.crashlytics.tP.nBkGTwndgg	IRrpvXSANnMM	FlutterSharedPreferences
string	com.google.firebase.crashlytics.tP.nBkGTwndgg	JneNIezADVjEXn	__name__
string	com.google.firebase.crashlytics.tP.nBkGTwndgg	LykbRSSXuIRQR	Missing address list for child
string	com.google.firebase.crashlytics.tP.nBkGTwndgg	MHrqFDSMzVfJExD	Error transporting the ad response
string	com.google.firebase.crashlytics.tP.nBkGTwndgg	NMvyYxT	gads:plugin_info_csi:enabled
string	com.google.firebase.crashlytics.tP.nBkGTwndgg	NPNLCA	RemoteStore
string	com.google.firebase.crashlytics.tP.nBkGTwndgg	OgOTHZ	adsSdkName
string	com.google.firebase.crashlytics.tP.nBkGTwndgg	OmkGjFPfYI	Invalid end icon mode: 
string	com.google.firebase.crashlytics.tP.nBkGTwndgg	PCTk	proxy
string	com.google.firebase.crashlytics.tP.nBkGTwndgg	PgQjrbZe	purchaseDate
string	com.google.firebase.crashlytics.tP.nBkGTwndgg	QEIqRjmblo	Persisting first open
string	com.google.firebase.crashlytics.tP.nBkGTwndgg	QPVPrJvz	VGhpcyBpcyB0aGUgcHJlZml4IGZvciBhIGxpc3Qu
string	com.google.firebase.crashlytics.tP.nBkGTwndgg	SIlzWkifEUSF	, eventTimestamp=
string	com.google.firebase.crashlytics.tP.nBkGTwndgg	UDH	receipt
string	com.google.firebase.crashlytics.tP.nBkGTwndgg	UuQc	, frames=
string	com.google.firebase.crashlytics.tP.nBkGTwndgg	WxK	MaterialButton manages its own background to control elevation, shape, color and states. Consider using backgroundTint, shapeAppearance and other attributes where available. A custom background will ignore these attributes and you should consider handling interaction states such as pressed, focused and disabled
string	com.google.firebase.crashlytics.tP.nBkGTwndgg	ZUctNMDPSv	Init 
string	com.google.firebase.crashlytics.tP.nBkGTwndgg	aHOgoVprMmwNBj	outBundle
string	com.google.firebase.crashlytics.tP.nBkGTwndgg	brLzHhhaoLaBD	zzf
string	com.google.firebase.crashlytics.tP.nBkGTwndgg	cYUzzDo	MalformedJson
string	com.google.firebase.crashlytics.tP.nBkGTwndgg	hllLHvfaPq	<this>
string	com.google.firebase.crashlytics.tP.nBkGTwndgg	hzqxRsTtAIc	While parsing a protocol message, the input ended unexpectedly in the middle of a field.  This could mean either that the input has been truncated or that an embedded message misreported its own length.
string	com.google.firebase.crashlytics.tP.nBkGTwndgg	jWSWmnWgtgryQV	FLOAT
string	com.google.firebase.crashlytics.tP.nBkGTwndgg	kVXEOqI	App foregrounded, failed to update data. Message: 
string	com.google.firebase.crashlytics.tP.nBkGTwndgg	lSnJVeuQWLmNaT	hash type is not set
string	com.google.firebase.crashlytics.tP.nBkGTwndgg	loiasiYlhDaBORb	, iconAlignment=
string	com.google.firebase.crashlytics.tP.nBkGTwndgg	rAinzRJTnrDXqxy	enter getLocalReceipts for user[
string	com.google.firebase.crashlytics.tP.nBkGTwndgg	rWDSfeabRUKvF	unexpected error.
string	com.google.firebase.crashlytics.tP.nBkGTwndgg	rztv	stepId
string	com.google.firebase.crashlytics.tP.nBkGTwndgg	tQcRBm	overrides
string	com.google.firebase.crashlytics.tP.nBkGTwndgg	wiYcYwIYjHcDjI	missing-instance-error
string	com.google.firebase.crashlytics.tP.nBkGTwndgg	xPFdxldhFFZUYyI	ICY 
string	com.google.firebase.crashlytics.tP.nBkGTwndgg	xlyuIi	, productId='
string	com.google.firebase.crashlytics.tP.nBkGTwndgg	zKr	
string	com.google.firebase.crashlytics.tP.nBkGTwndgg	zLYxOPN	Unable to get Initialization status.
string	com.google.firebase.crashlytics.tP.nBkGTwndgg	zRlChDYzw	}
string	com.google.firebase.crashlytics.tP.nBkGTwndgg	zvIqSou	Starting wakeful intent.
string	com.google.firebase.datatransport.TransportRegistrar	LIBRARY_NAME	fire-transport
string	com.google.firebase.firestore.FirestoreRegistrar	LIBRARY_NAME	fire-fst
string	com.google.firebase.installations.FirebaseInstallationsRegistrar	LIBRARY_NAME	fire-installations
string	com.google.firebase.perf.FirebasePerfRegistrar	EARLY_LIBRARY_NAME	fire-perf-early
string	com.google.firebase.perf.FirebasePerfRegistrar	LIBRARY_NAME	fire-perf
string	com.google.firebase.perf.network.PXNu.GSQl	AnQOwtl	1
string	com.google.firebase.perf.network.PXNu.GSQl	ClarRdSzkxZCCHI	<this>
string	com.google.firebase.perf.network.PXNu.GSQl	EXzkIot	invalid salt size
string	com.google.firebase.perf.network.PXNu.GSQl	Fkyt	{
string	com.google.firebase.perf.network.PXNu.GSQl	GJYRpeEGhw	last_pause_time
string	com.google.firebase.perf.network.PXNu.GSQl	GYWXhFExNOXkwYF	asList(...)
string	com.google.firebase.perf.network.PXNu.GSQl	HLUKRHaJCO	using default policy
string	com.google.firebase.perf.network.PXNu.GSQl	HlcbaaY	OnlineState should not affect limbo documents.
string	com.google.firebase.perf.network.PXNu.GSQl	IhKeIFYRZ	null cannot be cast to non-null type kotlinx.coroutines.internal.LockFreeLinkedListNode
string	com.google.firebase.perf.network.PXNu.GSQl	Joq	inflater
string	com.google.firebase.perf.network.PXNu.GSQl	JrIv	eventsManager
string	com.google.firebase.perf.network.PXNu.GSQl	MIabgPI	CREATED
string	com.google.firebase.perf.network.PXNu.GSQl	MyzRRXqQ	]*)
string	com.google.firebase.perf.network.PXNu.GSQl	PAJqvoINh	value
string	com.google.firebase.perf.network.PXNu.GSQl	PrvnOaIO	KEY_PATH
string	com.google.firebase.perf.network.PXNu.GSQl	RIFe	params
string	com.google.firebase.perf.network.PXNu.GSQl	RcdeRyVJnGroYWs	split
string	com.google.firebase.perf.network.PXNu.GSQl	SBFWZrDYf	value
string	com.google.firebase.perf.network.PXNu.GSQl	SFsMRkTFMs	ED25519
string	com.google.firebase.perf.network.PXNu.GSQl	TfkNfnjamBWwpX	Raw event metadata record is missing. appId
string	com.google.firebase.perf.network.PXNu.GSQl	VPmunuTtGFVX	encryptedTopic.encapsulatedKey
string	com.google.firebase.perf.network.PXNu.GSQl	XdAtGiISJQa	Chanson
string	com.google.firebase.perf.network.PXNu.GSQl	XmYPsYCJnzGCNf	CodedInputStream encountered an embedded string or message which claimed to have negative size.
string	com.google.firebase.perf.network.PXNu.GSQl	YfImBMqmq	Audio sample size mismatch. stsd sample size: 
string	com.google.firebase.perf.network.PXNu.GSQl	ZJnbsQevdhI	, layoutVerticalMargin=
string	com.google.firebase.perf.network.PXNu.GSQl	ZlxbQQlvU	WrkMgrInitializer
string	com.google.firebase.perf.network.PXNu.GSQl	Zwn	com.google.android.gms.common.telemetry.notification.service.START
string	com.google.firebase.perf.network.PXNu.GSQl	aExQCCfQe	Expires on {{ date }}
string	com.google.firebase.perf.network.PXNu.GSQl	bTOiKRg	uid should not be empty.
string	com.google.firebase.perf.network.PXNu.GSQl	cgkBxtxSzorHo	networkExtras
string	com.google.firebase.perf.network.PXNu.GSQl	iGIHX	SIGNAL_ON_DISK_READ_AND_REMOVE_END
string	com.google.firebase.perf.network.PXNu.GSQl	juTYCYYfhpqahI	closed
string	com.google.firebase.perf.network.PXNu.GSQl	kOry	reply
string	com.google.firebase.perf.network.PXNu.GSQl	lipewmtZ	
string	com.google.firebase.perf.network.PXNu.GSQl	nInELjwBMLmeBq	BRAVIA_ATV3_4K
string	com.google.firebase.perf.network.PXNu.GSQl	pfmEhEMZDupyv	dev.flutter.pigeon.webview_flutter_android.SslCertificate.getValidNotBeforeMsSinceEpoch
string	com.google.firebase.perf.network.PXNu.GSQl	qmGdZcnYP	sessionEvent
string	com.google.firebase.perf.network.PXNu.GSQl	rBMqNVOBk	mTopicsManager
string	com.google.firebase.perf.network.PXNu.GSQl	rfMkpTe	listener
string	com.google.firebase.perf.network.PXNu.GSQl	rlOrSAlPZJX	pokeLong
string	com.google.firebase.perf.network.PXNu.GSQl	siUXKASIdPCG	NativeAssetsLoader.loadAttributionInfo
string	com.google.firebase.perf.network.PXNu.GSQl	tVhVsiqwMCSvd	Received non-success response code 
string	com.google.firebase.perf.network.PXNu.GSQl	tWBxSSnoEJHy	sharedPrefs.all
string	com.google.firebase.perf.network.PXNu.GSQl	tcqGQKMbjgCNbQ	<this>
string	com.google.firebase.perf.network.PXNu.GSQl	zTw	 (404).
string	com.google.firebase.perf.network.PXNu.GSQl	zuKeXS	null cannot be cast to non-null type kotlin.String
string	com.google.firebase.remoteconfig.RemoteConfigRegistrar	LIBRARY_NAME	fire-rc
string	com.pairip.SignatureCheck	ALLOWLISTED_SIG	Vn3kj4pUblROi2S+QfRRL9nhsaO2uoHQg6+dpEtxdTE=
string	com.pairip.SignatureCheck	TAG	SignatureCheck
string	com.pairip.SignatureCheck	expectedLegacyUpgradedSignature	6E3oo8kcmAbS7v4p5Mr0M9JnLc3Mje8MXVXpjaQBOL0=
string	com.pairip.SignatureCheck	expectedSignature	6E3oo8kcmAbS7v4p5Mr0M9JnLc3Mje8MXVXpjaQBOL0=
string	com.pairip.SignatureCheck	expectedTestSignature	6E3oo8kcmAbS7v4p5Mr0M9JnLc3Mje8MXVXpjaQBOL0=
string	com.pairip.licensecheck.ILicenseV2ResultListener	DESCRIPTOR	com.android.vending.licensing.ILicenseV2ResultListener
string	com.pairip.licensecheck.LicenseActivity	ACTIVITY_TYPE_ARG_NAME	activitytype
string	com.pairip.licensecheck.LicenseActivity	PAYWALL_INTENT_ARG_NAME	paywallintent
string	com.pairip.licensecheck.LicenseActivity	TAG	LicenseActivity
string	com.revenuecat.purchases.APIKeyValidatorKt	AMAZON_API_KEY_PREFIX	amzn_
string	com.revenuecat.purchases.APIKeyValidatorKt	GALAXY_API_KEY_PREFIX	galx_
string	com.revenuecat.purchases.APIKeyValidatorKt	GOOGLE_API_KEY_PREFIX	goog_
string	com.revenuecat.purchases.APIKeyValidatorKt	REDACTION_PLACEHOLDER	********
string	com.revenuecat.purchases.APIKeyValidatorKt	TEST_API_KEY_PREFIX	test_
string	com.revenuecat.purchases.amazon.AmazonBillingKt	TERM_SKU_JSON_KEY	termSku
string	com.revenuecat.purchases.amazon.AmazonCacheKt	RECEIPTS_TO_SKUS_KEY	receiptsToSkus
string	com.revenuecat.purchases.api.BuildConfig	BILLING_CLIENT_VERSION	8.3.0
string	com.revenuecat.purchases.api.BuildConfig	BUILD_TYPE	release
string	com.revenuecat.purchases.api.BuildConfig	FLAVOR	defaults
string	com.revenuecat.purchases.api.BuildConfig	LIBRARY_PACKAGE_NAME	com.revenuecat.purchases.api
string	com.revenuecat.purchases.backup.RevenueCatBackupAgentKt	REVENUECAT_PREFS_BACKUP_KEY	revenuecat_prefs_backup
string	com.revenuecat.purchases.common.BackendKt	ATTRIBUTES_ERROR_RESPONSE_KEY	attributes_error_response
string	com.revenuecat.purchases.common.BackendKt	ATTRIBUTE_ERRORS_KEY	attribute_errors
string	com.revenuecat.purchases.common.LogUtilsKt	PURCHASES_LOG_TAG	[Purchases]
string	com.revenuecat.purchases.common.remoteconfig.RemoteConfigBlobFetcherKt	BLOB_REF_PLACEHOLDER	{blob_ref}
string	com.revenuecat.purchases.google.ErrorsKt	IN_APP_BILLING_LESS_THAN_3_ERROR_MESSAGE	Google Play In-app Billing API version is less than 3
string	com.revenuecat.purchases.paywalls.PaywallColorKt	COLOR_HEX_FORMAT	#%06X
string	com.revenuecat.purchases.paywalls.fonts.DX.NWrY	CuvqYMW	callback
string	com.revenuecat.purchases.paywalls.fonts.DX.NWrY	Dle	data
string	com.revenuecat.purchases.paywalls.fonts.DX.NWrY	EwNhjGnT	clientStartTimeUs is null.
string	com.revenuecat.purchases.paywalls.fonts.DX.NWrY	FZJUw	Error resetting analytics data. appId, error
string	com.revenuecat.purchases.paywalls.fonts.DX.NWrY	HmubsorjsvJ	decoder
string	com.revenuecat.purchases.paywalls.fonts.DX.NWrY	KVHOgUiNOshXng	border
string	com.revenuecat.purchases.paywalls.fonts.DX.NWrY	NhaxoaAheIeq	fire-core
string	com.revenuecat.purchases.paywalls.fonts.DX.NWrY	NzYlCAmJxP	[Purchases] - ERROR
string	com.revenuecat.purchases.paywalls.fonts.DX.NWrY	OPfTWDbCBR	<this>
string	com.revenuecat.purchases.paywalls.fonts.DX.NWrY	OdaQeYoKNwGcMRb	StorageCryptoKeyset
string	com.revenuecat.purchases.paywalls.fonts.DX.NWrY	PnmgMujRbSTFBO	Field should exist since document matched the orderBy already.
string	com.revenuecat.purchases.paywalls.fonts.DX.NWrY	SGvRL	ecommerce_purchase
string	com.revenuecat.purchases.paywalls.fonts.DX.NWrY	SnqnFpGuTWh	action
string	com.revenuecat.purchases.paywalls.fonts.DX.NWrY	SsqjuUlqVPBdNjq	get() threw CancellationException, despite reporting isCancelled() == false: 
string	com.revenuecat.purchases.paywalls.fonts.DX.NWrY	TMhFWToXc	join
string	com.revenuecat.purchases.paywalls.fonts.DX.NWrY	UimWolQbWzniax	Operation is not supported for read-only collection
string	com.revenuecat.purchases.paywalls.fonts.DX.NWrY	YuhT	pcvmspf
string	com.revenuecat.purchases.paywalls.fonts.DX.NWrY	ZPubjBeVuJqPg	.
string	com.revenuecat.purchases.paywalls.fonts.DX.NWrY	aFCDoWeymmy	 identifier
string	com.revenuecat.purchases.paywalls.fonts.DX.NWrY	bMWcFkCpZUmP	dispatcher
string	com.revenuecat.purchases.paywalls.fonts.DX.NWrY	dOf	Native Video WebView failed to load. Error code: 
string	com.revenuecat.purchases.paywalls.fonts.DX.NWrY	hYLOJiSEzwwf	SYNCED
string	com.revenuecat.purchases.paywalls.fonts.DX.NWrY	iiRgOjwFl	, 
string	com.revenuecat.purchases.paywalls.fonts.DX.NWrY	jbdsSAbdXSfUEAE	
string	com.revenuecat.purchases.paywalls.fonts.DX.NWrY	kozlsrpZOiEJfV	Received resolution result: {0}
string	com.revenuecat.purchases.paywalls.fonts.DX.NWrY	lBq	iconUrl
string	com.revenuecat.purchases.paywalls.fonts.DX.NWrY	oFTvPQMgSqkLuMN	<this>
string	com.revenuecat.purchases.paywalls.fonts.DX.NWrY	oKZBcvUNg	<this>
string	com.revenuecat.purchases.paywalls.fonts.DX.NWrY	qOqpazJmlBtX	encoder
string	com.revenuecat.purchases.paywalls.fonts.DX.NWrY	rOhn	l5460
string	com.revenuecat.purchases.paywalls.fonts.DX.NWrY	rbpBRiW	Recoverable renderer error
string	com.revenuecat.purchases.paywalls.fonts.DX.NWrY	uICy	Remote service probably died when signIn is called
string	com.revenuecat.purchases.paywalls.fonts.DX.NWrY	ulWCBEo	serialName
string	com.revenuecat.purchases.paywalls.fonts.DX.NWrY	vWzjaIb	rstStatusCode
string	com.revenuecat.purchases.paywalls.fonts.DX.NWrY	yolROuCuiCV	ApiCallRunner
string	com.revenuecat.purchases.paywalls.fonts.DX.NWrY	zsgktXlTcUDUDn	], 
string	com.revenuecat.purchases.rules.BU.iCJT	BEESVQrvzPTXgHz	 did not call through to super.onCreate()
string	com.revenuecat.purchases.rules.BU.iCJT	BMrCH	{
string	com.revenuecat.purchases.rules.BU.iCJT	BzIOabGBfiSOjsK	\\f
string	com.revenuecat.purchases.rules.BU.iCJT	CbhdVrRt	PlatformView#getView() returned null, but an Android view reference was expected.
string	com.revenuecat.purchases.rules.BU.iCJT	CoZRXXGKs	serializer
string	com.revenuecat.purchases.rules.BU.iCJT	GGYZpcXHqfevdI	Scheduling a non-expedited job (work ID %s)
string	com.revenuecat.purchases.rules.BU.iCJT	HaXMZDeK	Unexpected error getting App Check token: 
string	com.revenuecat.purchases.rules.BU.iCJT	KLteRqIKXtrv	Command not supported
string	com.revenuecat.purchases.rules.BU.iCJT	KUZsqwRGhn	OPENED
string	com.revenuecat.purchases.rules.BU.iCJT	Kpfk	message_name
string	com.revenuecat.purchases.rules.BU.iCJT	MTOODsjmXPrKDn	RtbRendererInterstitial
string	com.revenuecat.purchases.rules.BU.iCJT	NXxLRvXaFmtglyE	SAVE
string	com.revenuecat.purchases.rules.BU.iCJT	NgVnELJ	, targetingRevision=
string	com.revenuecat.purchases.rules.BU.iCJT	RTSJdpvVZLKO	google.firestore.v1.Firestore
string	com.revenuecat.purchases.rules.BU.iCJT	ZBjbqoxexmfR	request
string	com.revenuecat.purchases.rules.BU.iCJT	ZMpmmRvncDFH	md.digest(bytes)
string	com.revenuecat.purchases.rules.BU.iCJT	anEThYSqeQy	processName
string	com.revenuecat.purchases.rules.BU.iCJT	apOnRxQHhga	build(...)
string	com.revenuecat.purchases.rules.BU.iCJT	bcvmyOSz	ConsentForm#dispose
string	com.revenuecat.purchases.rules.BU.iCJT	cAAvAM	platformInfo
string	com.revenuecat.purchases.rules.BU.iCJT	cjR	pcm-encoding
string	com.revenuecat.purchases.rules.BU.iCJT	dAlDsweKkxQSOlA	onPause
string	com.revenuecat.purchases.rules.BU.iCJT	efTaKAMvqfHrl	translationAlpha
string	com.revenuecat.purchases.rules.BU.iCJT	gaagOSnLSmM	,\n
string	com.revenuecat.purchases.rules.BU.iCJT	hLB	YG+UUJxJEVSGG6jfg3qjLnMxlQFUVyMMjgzEbZMK/+kyZ0C5+m/L80+lYQbH4OQO
string	com.revenuecat.purchases.rules.BU.iCJT	jHodsZcI	descriptor
string	com.revenuecat.purchases.rules.BU.iCJT	jqHre	null cannot be cast to non-null type kotlin.collections.List<kotlin.Any?>
string	com.revenuecat.purchases.rules.BU.iCJT	ltLcxyxIAhEBWga	password
string	com.revenuecat.purchases.rules.BU.iCJT	lyRrQF	zzg
string	com.revenuecat.purchases.rules.BU.iCJT	nFtKeLFEzPctR	call to 'resume' before 'invoke' with coroutine
string	com.revenuecat.purchases.rules.BU.iCJT	oCxOwyS	send EditingState to flutter: 
string	com.revenuecat.purchases.rules.BU.iCJT	pUhjpyifSIlrkY	worker_class_name
string	com.revenuecat.purchases.rules.BU.iCJT	tVgEPycIMQP	request
string	com.revenuecat.purchases.rules.BU.iCJT	ubgu	sdkVersion
string	com.revenuecat.purchases.rules.BU.iCJT	ueYcKbo	cn.google.services
string	com.revenuecat.purchases.rules.BU.iCJT	vtcudMBTPp	<this>
string	com.revenuecat.purchases.rules.BU.iCJT	wWTiEskPktH	Sign in with Facebook is not supported via this method; the Facebook TOS dictate that you must use the Facebook Android SDK for Facebook login.
string	com.revenuecat.purchases.rules.BU.iCJT	wrHKR	Invalid custom event.
string	com.revenuecat.purchases.rules.BU.iCJT	xDChKUvrPtElQeP	sendGetLicenseRequest
string	com.revenuecat.purchases.rules.BU.iCJT	xHNDdBRlNOfjKt	customOptions
string	com.revenuecat.purchases.rules.BU.iCJT	zigCGaRlj	os
string	com.revenuecat.purchases.rules.BU.iCJT	zmXAoiNx	Timeout of 0 specified; SmsRetriever will not start.
string	com.revenuecat.purchases.subscriberattributes.SubscriberAttributeKt	BACKEND_NAME_TIMESTAMP	updated_at_ms
string	com.revenuecat.purchases.subscriberattributes.SubscriberAttributeKt	BACKEND_NAME_VALUE	value
string	com.revenuecat.purchases.subscriberattributes.SubscriberAttributeKt	JSON_NAME_IS_SYNCED	is_synced
string	com.revenuecat.purchases.subscriberattributes.SubscriberAttributeKt	JSON_NAME_KEY	key
string	com.revenuecat.purchases.subscriberattributes.SubscriberAttributeKt	JSON_NAME_SET_TIME	set_time
string	com.revenuecat.purchases.subscriberattributes.SubscriberAttributeKt	JSON_NAME_VALUE	value
string	com.revenuecat.purchases_flutter.PurchasesFlutterPlugin	CUSTOMER_INFO_UPDATED	Purchases-CustomerInfoUpdated
string	com.revenuecat.purchases_flutter.PurchasesFlutterPlugin	INVALID_ARGS_ERROR_CODE	invalidArgs
string	com.revenuecat.purchases_flutter.PurchasesFlutterPlugin	LOG_HANDLER_EVENT	Purchases-LogHandlerEvent
string	com.revenuecat.purchases_flutter.PurchasesFlutterPlugin	PLATFORM_NAME	flutter
string	com.revenuecat.purchases_flutter.PurchasesFlutterPlugin	PLUGIN_VERSION	10.7.0
string	com.revenuecat.purchases_flutter.PurchasesFlutterPlugin	TAG	PurchasesFlutter
string	dd.Fsv.zAtqMpJTkpq	CMATQjPQmJgPxdl	
string	dd.Fsv.zAtqMpJTkpq	FKGkENEgWsZmeQ	hl
string	dd.Fsv.zAtqMpJTkpq	GJKJjMeayc	never_pool_slots
string	dd.Fsv.zAtqMpJTkpq	HEwStrSUTvmJkaL	<this>
string	dd.Fsv.zAtqMpJTkpq	HOWTMY	transactionId
string	dd.Fsv.zAtqMpJTkpq	IdHSdJb	it
string	dd.Fsv.zAtqMpJTkpq	IwxSFPkbTyX	EXTRA_WORK_SPEC_ID
string	dd.Fsv.zAtqMpJTkpq	JFMVbs	, width: 
string	dd.Fsv.zAtqMpJTkpq	KogwSRVQdM	activity
string	dd.Fsv.zAtqMpJTkpq	LmoOkt	zze
string	dd.Fsv.zAtqMpJTkpq	MiFNDyDszjzP	.body != null
string	dd.Fsv.zAtqMpJTkpq	NeNIiuvhj	ns
string	dd.Fsv.zAtqMpJTkpq	OJBYSxxHeO	Cancelled
string	dd.Fsv.zAtqMpJTkpq	PIAonFXdLsSzZ	[Purchases] - 
string	dd.Fsv.zAtqMpJTkpq	TUQvh	divisor
string	dd.Fsv.zAtqMpJTkpq	WnzoWMqVJyqZA	timed_out_event_params
string	dd.Fsv.zAtqMpJTkpq	XDNQpNzakzdln	DOUBLE_LIST
string	dd.Fsv.zAtqMpJTkpq	XZsCye	user property referrer
string	dd.Fsv.zAtqMpJTkpq	YGlvOOVunqEP	e1Hk9x0=
string	dd.Fsv.zAtqMpJTkpq	ahbnyInQHaCA	, headers=[
string	dd.Fsv.zAtqMpJTkpq	awSWESPKC	null cannot be cast to non-null type kotlin.collections.List<kotlin.String>
string	dd.Fsv.zAtqMpJTkpq	dDAaSrdkPhEj	phone
string	dd.Fsv.zAtqMpJTkpq	eGcnXi	KEY_AVAILABLE_GAUGES_FOR_CACHING
string	dd.Fsv.zAtqMpJTkpq	ePi	com.google.android.gms.ads.MobileAds
string	dd.Fsv.zAtqMpJTkpq	gOva	, Description: 
string	dd.Fsv.zAtqMpJTkpq	geBcVGFUGCfCM	typeArguments
string	dd.Fsv.zAtqMpJTkpq	hjNUEpePQod	attachShader
string	dd.Fsv.zAtqMpJTkpq	kfkQUTP	gads:in_ad_unit:enabled
string	dd.Fsv.zAtqMpJTkpq	meZKgBKtRVQO	onNewIntent
string	dd.Fsv.zAtqMpJTkpq	nSeWySMe	When attempting to convert get response, null Google ID Token found
string	dd.Fsv.zAtqMpJTkpq	onI	on_play_store_bind
string	dd.Fsv.zAtqMpJTkpq	rDcFTMqIR	day
string	dd.Fsv.zAtqMpJTkpq	sNJtOhldk	kd.z0
string	dd.Fsv.zAtqMpJTkpq	sPlnbC	zzb
string	dd.Fsv.zAtqMpJTkpq	seDoMwzsDrF	Verification: Request to '%s' requires a body or etag but none provided.
string	dd.Fsv.zAtqMpJTkpq	swiiSGA	old_product_id
string	dd.Fsv.zAtqMpJTkpq	uCucHuNOmlIICcx	Error in making CSI ping for reporting paid event callback
string	dd.Fsv.zAtqMpJTkpq	uTQCbjamWv	AdManagerAdRequest cannot be null.
string	dd.Fsv.zAtqMpJTkpq	vHJcd	createFromFamiliesWithDefault
string	dd.Fsv.zAtqMpJTkpq	xNndtgnGnZLkSVo	operator
string	dd.Fsv.zAtqMpJTkpq	xldAeDAxOeq	personalization_assignment
string	dd.Fsv.zAtqMpJTkpq	znhbLCneFzktE	config
string	dd.Fsv.zAtqMpJTkpq	zshgZCKTbv	<this>
string	dd.Fsv.zAtqMpJTkpq	zyPmHf	Control is not a boolean
string	e5.iABH.MmfGZIfwp	AaJDLNJ	copyOf(...)
string	e5.iABH.MmfGZIfwp	BIQfVCspPUg	peekLong
string	e5.iABH.MmfGZIfwp	BQt	CodedOutputStream was writing to a flat byte array and ran out of space.
string	e5.iABH.MmfGZIfwp	BoOtFOdyz	REQUIRES_SECOND_FACTOR_AUTH
string	e5.iABH.MmfGZIfwp	CAcKwxp	]
string	e5.iABH.MmfGZIfwp	EMPcfqLdathdkyC	Tibetan
string	e5.iABH.MmfGZIfwp	EUq	3011
string	e5.iABH.MmfGZIfwp	FJoyxORbd	com.google.android.gms.measurement.prefs
string	e5.iABH.MmfGZIfwp	GomFSmPO	No, thanks
string	e5.iABH.MmfGZIfwp	IgD	bytes
string	e5.iABH.MmfGZIfwp	KZdyzXC	FALLBACK
string	e5.iABH.MmfGZIfwp	LeGqlCi	mk
string	e5.iABH.MmfGZIfwp	LqjgGdde	, clientTransactionId=
string	e5.iABH.MmfGZIfwp	NPyu	There is no current Activity
string	e5.iABH.MmfGZIfwp	OAUuOEcOHdaWUy	BILLING_ISSUES
string	e5.iABH.MmfGZIfwp	OXhdmjOsSW	rCEAppCheckProvider
string	e5.iABH.MmfGZIfwp	POzHs	dev.flutter.pigeon.firebase_remote_config_platform_interface.FirebaseRemoteConfigHostApi.setDefaults
string	e5.iABH.MmfGZIfwp	QsNdgH	description
string	e5.iABH.MmfGZIfwp	SdYomNyUv	concreteClass
string	e5.iABH.MmfGZIfwp	TQtaL	Can't initialize twice
string	e5.iABH.MmfGZIfwp	USilB	Precache invalid numeric parameter '
string	e5.iABH.MmfGZIfwp	VQdillFu	Invalid index for NativeTemplateFontStyle: 
string	e5.iABH.MmfGZIfwp	WjgtyC	Callback has already been called when checking if device can make payments.
string	e5.iABH.MmfGZIfwp	aHEfTfjMNOm	GrpcCallProvider
string	e5.iABH.MmfGZIfwp	axJAhwMSuTZrt	Context can not be null
string	e5.iABH.MmfGZIfwp	bismbfRjb	auth_api_credentials_clear_token
string	e5.iABH.MmfGZIfwp	fIaGP	CUP
string	e5.iABH.MmfGZIfwp	goSmSypWW	, assetBaseURL=
string	e5.iABH.MmfGZIfwp	jSOyQJ	This app is using a lightweight version of the Google Mobile Ads SDK that requires the latest Google Play services to be installed, but Google Play services is either missing or out of date.
string	e5.iABH.MmfGZIfwp	kgzXXvAlwVGKorQ	 and type_url 
string	e5.iABH.MmfGZIfwp	nBOsxguxumyr	 len=
string	e5.iABH.MmfGZIfwp	nlpKu	zzb
string	e5.iABH.MmfGZIfwp	oHv	google_app_measurement_local.db
string	e5.iABH.MmfGZIfwp	pCnzeFy	kotlinx.coroutines.semaphore.maxSpinCycles
string	e5.iABH.MmfGZIfwp	qWCL	DARK
string	e5.iABH.MmfGZIfwp	qxwAaURyPAHV	, touchY=
string	e5.iABH.MmfGZIfwp	rqtC	FLOAT_LIST_PACKED
string	e5.iABH.MmfGZIfwp	sPbuMwKOS	CsiReporter: Cannot write to file: sdk_csi_data.txt.
string	e5.iABH.MmfGZIfwp	sbpadBwaCKM	TLS_NULL_WITH_NULL_NULL
string	e5.iABH.MmfGZIfwp	suzriVqcD	useCaseParams
string	e5.iABH.MmfGZIfwp	tJG	 must be set
string	e5.iABH.MmfGZIfwp	vTXgha	updateEnabledCallbacks()V
string	e5.iABH.MmfGZIfwp	xPUMrrSZ	notnull
string	e5.iABH.MmfGZIfwp	xtAsbGvon	zzg
string	e5.iABH.MmfGZIfwp	yod	gad:scar_rtb_signal:enabled_list
string	fa.VZx.lrzdrOfrhwA	AyKrYxfLLdeuu	[:
string	fa.VZx.lrzdrOfrhwA	BTJgdHfec	gads:video:codec_query_minimum_version
string	fa.VZx.lrzdrOfrhwA	BaQIyyPxAe	cursor
string	fa.VZx.lrzdrOfrhwA	BjyfaSlPhFIUKY	subscriptionPeriod
string	fa.VZx.lrzdrOfrhwA	CJwnvfHOyEdTTp	com.google.android.gms.identitycredentials.internal.IIdentityCredentialService
string	fa.VZx.lrzdrOfrhwA	CzWrPahod	 providerId
string	fa.VZx.lrzdrOfrhwA	Dfs	sendGetPurchaseUpdates
string	fa.VZx.lrzdrOfrhwA	ElCk	null cannot be cast to non-null type kotlin.collections.List<kotlin.Any?>
string	fa.VZx.lrzdrOfrhwA	FYZmmF	identity
string	fa.VZx.lrzdrOfrhwA	GvDOkHZnRlA	, eligible=
string	fa.VZx.lrzdrOfrhwA	GxoG	parameterKey
string	fa.VZx.lrzdrOfrhwA	IdahWtFFTawC	protocols
string	fa.VZx.lrzdrOfrhwA	JcPrq	SELECT `SystemIdInfo`.`work_spec_id` AS `work_spec_id`, `SystemIdInfo`.`system_id` AS `system_id` FROM SystemIdInfo WHERE work_spec_id=?
string	fa.VZx.lrzdrOfrhwA	KLMcesCR	SSI_DUPLICATE_REQUEST
string	fa.VZx.lrzdrOfrhwA	MUUfXnDWMAf	dev.flutter.pigeon.webview_flutter_android.PermissionRequest.grant
string	fa.VZx.lrzdrOfrhwA	MlMVYfgCUhCD	ANG
string	fa.VZx.lrzdrOfrhwA	NXqhiyMaCgVElf	gads:exception_reporting_sample_rate
string	fa.VZx.lrzdrOfrhwA	ODauSZvVPpQ	sessions_cpu_capture_frequency_bg_ms
string	fa.VZx.lrzdrOfrhwA	Orfn	NoSupport [
string	fa.VZx.lrzdrOfrhwA	PtUrkDonAv	/untrackActiveViewUnit
string	fa.VZx.lrzdrOfrhwA	PwjuuQdH	filterTypeCase_
string	fa.VZx.lrzdrOfrhwA	QdSmOFMIovlT	firstPage cannot be after currentPage
string	fa.VZx.lrzdrOfrhwA	QmbPiFvklo	appstack_keywords
string	fa.VZx.lrzdrOfrhwA	SJCIwqlpjUaAqBB	Backend event not implemented for: 
string	fa.VZx.lrzdrOfrhwA	TFiXoPsGjmuMJm	Unable to create linkToken json
string	fa.VZx.lrzdrOfrhwA	TNsrxWrdMKYB	zzi
string	fa.VZx.lrzdrOfrhwA	UuMhHajFmRNf	The email corresponding to this action failed to send as the provided recipient email address is invalid.
string	fa.VZx.lrzdrOfrhwA	VXymGQiEThYQSq	zzj
string	fa.VZx.lrzdrOfrhwA	VgJtCHTg	sony
string	fa.VZx.lrzdrOfrhwA	WXCrXQLonXB	Internal Error
string	fa.VZx.lrzdrOfrhwA	Wjt	com.google.firebase.auth.KEY_CUSTOM_AUTH_DOMAIN
string	fa.VZx.lrzdrOfrhwA	WlhoaNE	custom_paywall_event
string	fa.VZx.lrzdrOfrhwA	YGpSiiJqQrPkd	EASE_OUT
string	fa.VZx.lrzdrOfrhwA	YqyU	AdRequestServiceImpl: Sending request: 
string	fa.VZx.lrzdrOfrhwA	ZBBECppRSa	dev.flutter.pigeon.webview_flutter_android.SslCertificate.pigeon_newInstance
string	fa.VZx.lrzdrOfrhwA	ZzlKRXL	offering_id
string	fa.VZx.lrzdrOfrhwA	aidRdjDbARJKLe	stream
string	fa.VZx.lrzdrOfrhwA	asojIk	
string	fa.VZx.lrzdrOfrhwA	bnpiV	executor
string	fa.VZx.lrzdrOfrhwA	cIaKiSEHJtZqHTy	FragmentManager
string	fa.VZx.lrzdrOfrhwA	choBLTCiCIuXam	(in transaction) 
string	fa.VZx.lrzdrOfrhwA	eRubsnmRlG	type.googleapis.com/google.crypto.tink.ChaCha20Poly1305Key
string	fa.VZx.lrzdrOfrhwA	eqzYmgLgrDgEp	ad_unit_id
string	fa.VZx.lrzdrOfrhwA	etXhMXDzuKi	D
string	fa.VZx.lrzdrOfrhwA	fwCAtOmmdUOlN	setPushToken
string	fa.VZx.lrzdrOfrhwA	hXsvOoOTfrPU	<this>
string	fa.VZx.lrzdrOfrhwA	jiGSiJsBqoK	Wrong type URL in call to RsaSsaPkcs1ProtoSerialization.parsePrivateKey: 
string	fa.VZx.lrzdrOfrhwA	pPRdizLEYAwbW	size: 
string	fa.VZx.lrzdrOfrhwA	ppCyZ	bufferSize must be >= 0
string	fa.VZx.lrzdrOfrhwA	tggruAuQ	format(...)
string	fa.VZx.lrzdrOfrhwA	wJXptbEyNrZMUA	INTERNAL_SUCCESS_SIGN_OUT
string	fa.VZx.lrzdrOfrhwA	wdqMBnKUwLaylLB	banner
string	fa.VZx.lrzdrOfrhwA	yOmBHOfyQiDc	REPEAT
string	g4.VV.iaQHaTAho	AcKJ	ENFORCE
string	g4.VV.iaQHaTAho	AeqoY	name
string	g4.VV.iaQHaTAho	AtBxr	 : 
string	g4.VV.iaQHaTAho	DlYBXI	[Purchases] - ERROR
string	g4.VV.iaQHaTAho	Dmho	/pagead/adview,/pcs/view,/pagead/conversion,/dbm/ad
string	g4.VV.iaQHaTAho	DxhKS	(
string	g4.VV.iaQHaTAho	EKmaEDOeIMZjkC	com.google
string	g4.VV.iaQHaTAho	FVwKVyZpgFQED	sgs
string	g4.VV.iaQHaTAho	FekDsM	zzj
string	g4.VV.iaQHaTAho	IcV	AppMeasurementService not registered/enabled
string	g4.VV.iaQHaTAho	KXbeADOi	Starting activity for result: 
string	g4.VV.iaQHaTAho	NjfqCJJN	name
string	g4.VV.iaQHaTAho	OSQTWwKitbn	copyOf(this, size)
string	g4.VV.iaQHaTAho	OyLFY	Could not create app exception marker file.
string	g4.VV.iaQHaTAho	PhBAd	[Purchases] - 
string	g4.VV.iaQHaTAho	QRHxsX	[:digit:]
string	g4.VV.iaQHaTAho	QdtTa	Unable to get advertising id
string	g4.VV.iaQHaTAho	RNOZqyJfh	, payloadSizeBytes=
string	g4.VV.iaQHaTAho	RuWQ	domain
string	g4.VV.iaQHaTAho	TmisoB	setCorrelationIdProvider is not supported in Ad Manager AdView returned by AdLoader.
string	g4.VV.iaQHaTAho	TntTS	mask_shape
string	g4.VV.iaQHaTAho	USObzJqokpWomyS	GmsClient
string	g4.VV.iaQHaTAho	YlFBkfI	value %s for idx %d in %s is not object
string	g4.VV.iaQHaTAho	ZuJvpTKC	SUBSCRIPTIONS
string	g4.VV.iaQHaTAho	cThxUczZI	modelClass
string	g4.VV.iaQHaTAho	eFTIQi	zza
string	g4.VV.iaQHaTAho	eNuulLMql	1
string	g4.VV.iaQHaTAho	ewcAOMc	allow_personalized_ads
string	g4.VV.iaQHaTAho	fpSDDVVT	ad_request_post_body
string	g4.VV.iaQHaTAho	gOHYCDvAF	timeout
string	g4.VV.iaQHaTAho	gOeemO	[Purchases] - ERROR
string	g4.VV.iaQHaTAho	hoDZfAQQ	idToken
string	g4.VV.iaQHaTAho	jCoDAF	
string	g4.VV.iaQHaTAho	kAvpjewruyKS	sendPurchaseRequest
string	g4.VV.iaQHaTAho	ngucKh	vector
string	g4.VV.iaQHaTAho	oJeXvIV	Kiwi
string	g4.VV.iaQHaTAho	oNTGKjs	Renaming %s to %s failed
string	g4.VV.iaQHaTAho	oUcMOZIsjkaFF	customerInfo
string	g4.VV.iaQHaTAho	owioZwJHB	[:alnum:]
string	g4.VV.iaQHaTAho	rFgWjTDBiTb	Key size is not set
string	g4.VV.iaQHaTAho	tQBNOlb	allow_multiple
string	g4.VV.iaQHaTAho	uJMTMqfY	sc
string	g4.VV.iaQHaTAho	uniEbIjJvjroeSJ	value
string	g4.VV.iaQHaTAho	won	do_not_log_to_logcat
string	g4.VV.iaQHaTAho	xgw	GkIdfnRezKvEfAeB5157D8Ci3lpp/e7Oge9xr/GzO3KjC7JXvYHgpg7VRCtGuOw4
string	g6.MM.PVhZTTUwVLLO	BAYyxdJuoJ	_state$volatile
string	g6.MM.PVhZTTUwVLLO	FMtImKgEYsuiYP	zzd
string	g6.MM.PVhZTTUwVLLO	HICnENGcv	ALWAYS_FAIL
string	g6.MM.PVhZTTUwVLLO	IiylUJHieB	storeTransaction
string	g6.MM.PVhZTTUwVLLO	KirJbMfN	COLLECTION_DISABLED
string	g6.MM.PVhZTTUwVLLO	KrzQ	.
string	g6.MM.PVhZTTUwVLLO	NsZQVmlGqFsYf	 hex=
string	g6.MM.PVhZTTUwVLLO	ORKHrF	Unable to extract verification code.
string	g6.MM.PVhZTTUwVLLO	QNubAAshTqnBD	com.google.firebase.auth.internal.VERIFY_ASSERTION_REQUEST
string	g6.MM.PVhZTTUwVLLO	QYvCh	call to 'resume' before 'invoke' with coroutine
string	g6.MM.PVhZTTUwVLLO	SeJPparod	page_spacing
string	g6.MM.PVhZTTUwVLLO	SrFGsYlhK	Tried to create container view before plugin is attached to an activity.
string	g6.MM.PVhZTTUwVLLO	VhQQAjKCT	measurement.upload.initial_upload_delay_time
string	g6.MM.PVhZTTUwVLLO	VpKpoNgiOFSbYp	Failed to parse the message.
string	g6.MM.PVhZTTUwVLLO	XJds	androidx.activity.result.contract.extra.ACTIVITY_OPTIONS_BUNDLE
string	g6.MM.PVhZTTUwVLLO	YkyzMXfqJITNoGP	scope
string	g6.MM.PVhZTTUwVLLO	bQPEHyISuKwlT	maxInboundMessageSize %s exceeds bounds
string	g6.MM.PVhZTTUwVLLO	dMzcWOoE	, Total Activities: 
string	g6.MM.PVhZTTUwVLLO	dUZenYuJ	action
string	g6.MM.PVhZTTUwVLLO	dZFBNTsWcr	Tried to end [
string	g6.MM.PVhZTTUwVLLO	hROfJFu	string
string	g6.MM.PVhZTTUwVLLO	hnNNunXsKgcD	DOCUMENTS
string	g6.MM.PVhZTTUwVLLO	hrJgMtn	Idle timer still set
string	g6.MM.PVhZTTUwVLLO	iLvjTDJrjxYCdI	X509Certificate
string	g6.MM.PVhZTTUwVLLO	jIwVJbVoro	Error obtaining storefront in Amazon: %s
string	g6.MM.PVhZTTUwVLLO	lpHayAQXC	unsyncedSubscriberAttributesByKey
string	g6.MM.PVhZTTUwVLLO	lvLIlRLssTJVNF	INTEGER
string	g6.MM.PVhZTTUwVLLO	mXDWSCrRgYCYPqL	billing_period
string	g6.MM.PVhZTTUwVLLO	olHpgMYwqIwmgJ	res_timestamp-
string	g6.MM.PVhZTTUwVLLO	pCOVgUI	stringExpression
string	g6.MM.PVhZTTUwVLLO	qkaYb	BOOLEAN
string	g6.MM.PVhZTTUwVLLO	sZIomV	Key parsing of key with index 
string	g6.MM.PVhZTTUwVLLO	tLkP	dispatcher
string	g6.MM.PVhZTTUwVLLO	tdHdnAN	purchaseTime
string	g6.MM.PVhZTTUwVLLO	tlNOK	CGiNgzosAliea3Wi9xIuH0J/3w==
string	g6.MM.PVhZTTUwVLLO	vKYJvEUoXucIMcL	gads:rewarded_precache_pool:discard_strategy
string	g6.MM.PVhZTTUwVLLO	youUQWeH	getPath(...)
string	h7.XIHF.EnmgjVpTOD	BQOYWES	[Purchases] - ERROR
string	h7.XIHF.EnmgjVpTOD	Fjy	analytics
string	h7.XIHF.EnmgjVpTOD	GIRlmMSqCf	getId(...)
string	h7.XIHF.EnmgjVpTOD	GMhE	includeSuspendedSubscriptions
string	h7.XIHF.EnmgjVpTOD	HSElmEgmb	__name__
string	h7.XIHF.EnmgjVpTOD	IilqFk	accept-encoding
string	h7.XIHF.EnmgjVpTOD	ImgFmuJ	[Purchases] - 
string	h7.XIHF.EnmgjVpTOD	JACyYJTezPxM	common_google_play_services_network_error_text
string	h7.XIHF.EnmgjVpTOD	JNmXwdFZTvTPO	Failed to get metadata. 
string	h7.XIHF.EnmgjVpTOD	JjXlkE	re2 is null
string	h7.XIHF.EnmgjVpTOD	MXawCKeOvAGhRJ	ignore-calls-error
string	h7.XIHF.EnmgjVpTOD	OOAauZKOX	Callable skipped the worker queue.
string	h7.XIHF.EnmgjVpTOD	OsiciSmto	DROP TABLE IF EXISTS log_event_dropped
string	h7.XIHF.EnmgjVpTOD	PfWfQxHTc	receipts
string	h7.XIHF.EnmgjVpTOD	QfeNPzuijCcCsz	]
string	h7.XIHF.EnmgjVpTOD	SHH	Peer cert not available for peerHost=%s
string	h7.XIHF.EnmgjVpTOD	SySBGqK	BackendCouldNotCreateAlias
string	h7.XIHF.EnmgjVpTOD	TIT	BYTES
string	h7.XIHF.EnmgjVpTOD	TWW	, padding=
string	h7.XIHF.EnmgjVpTOD	TaTrZZqwltIniwU	$request
string	h7.XIHF.EnmgjVpTOD	UWhZ	:memory:
string	h7.XIHF.EnmgjVpTOD	VNiFxMegZF	
string	h7.XIHF.EnmgjVpTOD	VUeRvCzS	Tracking diagnostics entry: 
string	h7.XIHF.EnmgjVpTOD	VvtbDBwUI	coinsRewardAmount
string	h7.XIHF.EnmgjVpTOD	WTadTeLmP	cookie
string	h7.XIHF.EnmgjVpTOD	WzNBTZV	operator
string	h7.XIHF.EnmgjVpTOD	YAtqi	failed to parse predicate JSON: 
string	h7.XIHF.EnmgjVpTOD	ZssyLfvszcRZIwE	dev.flutter.pigeon.webview_flutter_android.WebViewPoint.pigeon_newInstance
string	h7.XIHF.EnmgjVpTOD	cTXXMWUwWEPe	$this$collectionSize
string	h7.XIHF.EnmgjVpTOD	dJP	
string	h7.XIHF.EnmgjVpTOD	dlXGSJs	null cannot be cast to non-null type kotlin.String
string	h7.XIHF.EnmgjVpTOD	fEoQUMj	TLS_KRB5_WITH_RC4_128_SHA
string	h7.XIHF.EnmgjVpTOD	gbmxONEBTpwt	collectionId
string	h7.XIHF.EnmgjVpTOD	hNnefpgiIkiZJ	Blank serial names are prohibited
string	h7.XIHF.EnmgjVpTOD	kyELScJGNPkAL	DOUBLE
string	h7.XIHF.EnmgjVpTOD	liWrSw	it
string	h7.XIHF.EnmgjVpTOD	ljswu	HNL
string	h7.XIHF.EnmgjVpTOD	nCTjUa	Query product details with developer specified account is not supported.
string	h7.XIHF.EnmgjVpTOD	nkTXhtyAnouolq	
string	h7.XIHF.EnmgjVpTOD	oKUunDdzjwF	flutterPluginBinding
string	h7.XIHF.EnmgjVpTOD	oZCPEEq	BOTTOM_TRAILING
string	h7.XIHF.EnmgjVpTOD	romwLO	Performing cleanup operations.
string	h7.XIHF.EnmgjVpTOD	sCBOgwYvHrJE	fill_urls
string	h7.XIHF.EnmgjVpTOD	uDhfUwNOirfVpP	ga_app_id
string	h7.XIHF.EnmgjVpTOD	upDZoavAI	' exists and serializer is registered in a corresponding SerializersModule.\nTo be registered automatically, class '
string	h7.XIHF.EnmgjVpTOD	vbRVnUK	size
string	h7.XIHF.EnmgjVpTOD	wNlXefnmck	Unexpected start indicator: expected 
string	h7.XIHF.EnmgjVpTOD	wUKRCfoICCA	androidx.work.workdb
string	h7.XIHF.EnmgjVpTOD	xtKeosL	map_keys
method	hf.REm.JIiIQrxo	IfGYA	public static void io.flutter.embedding.android.FlutterActivity$c2020060320.onPause(io.flutter.embedding.android.FlutterActivity)
method	hf.REm.JIiIQrxo	XsZbfATATTsxxGI	public static void io.flutter.embedding.android.FlutterActivity$c2020060322.onCreate(io.flutter.embedding.android.FlutterActivity,android.os.Bundle)
string	i9.yBX.ylIGvmVyPCCv	BKAiFUQMlyrszv	gads:ad_response_key_signal_timeout_duration_in_ms
string	i9.yBX.ylIGvmVyPCCv	BOtMOIokLmcPFv	revenueCatSharedPreferences
string	i9.yBX.ylIGvmVyPCCv	CxCPYhpur	audio/ac4
string	i9.yBX.ylIGvmVyPCCv	DBjhZpN	consent_string
string	i9.yBX.ylIGvmVyPCCv	DOxAuPzZ	null cannot be cast to non-null type com.revenuecat.purchases.common.subscriberattributes.SubscriberAttributeKey
string	i9.yBX.ylIGvmVyPCCv	EEMXngJTHdpLFBo	gads:preload_ad:ttl_sec
string	i9.yBX.ylIGvmVyPCCv	JmnqKAlXDyC	checkedSubtract
string	i9.yBX.ylIGvmVyPCCv	JwtrcOA	KEY_FOREGROUND_SERVICE_TYPE
string	i9.yBX.ylIGvmVyPCCv	KuoKuFEiukXPyH	BF
string	i9.yBX.ylIGvmVyPCCv	MElD	Two different ViewHolders have the same change ID. This might happen due to inconsistent Adapter update events or if the LayoutManager lays out the same View multiple times.\n ViewHolder 1:
string	i9.yBX.ylIGvmVyPCCv	NoPs	1001
string	i9.yBX.ylIGvmVyPCCv	NxulB	Update
string	i9.yBX.ylIGvmVyPCCv	OlhEMGREKNbYQAF	, name=
string	i9.yBX.ylIGvmVyPCCv	OyvVe	name
string	i9.yBX.ylIGvmVyPCCv	PLnE	
string	i9.yBX.ylIGvmVyPCCv	PwzoIpU	DEFERRED
string	i9.yBX.ylIGvmVyPCCv	QokwJQMgBBumh	com.google.ads.mediation.admob.AdMobAdapter
string	i9.yBX.ylIGvmVyPCCv	RJOfMBBqoZjAv	error 
string	i9.yBX.ylIGvmVyPCCv	SoXPVJeAmjJGtrL	SafeAtomicHelper is broken!
string	i9.yBX.ylIGvmVyPCCv	XcHxnxeAJd	BEGIN_SIGN_IN
string	i9.yBX.ylIGvmVyPCCv	ZwVWH	input_method
string	i9.yBX.ylIGvmVyPCCv	aXLjjIOLf	closed
string	i9.yBX.ylIGvmVyPCCv	bikl	args
string	i9.yBX.ylIGvmVyPCCv	boPCBjrJ	inline
string	i9.yBX.ylIGvmVyPCCv	cgmeSD	Reconnection failed due to timeout limit reached.
string	i9.yBX.ylIGvmVyPCCv	dFDnaPDqtu	bytes
string	i9.yBX.ylIGvmVyPCCv	eImFSZdEozUb	
string	i9.yBX.ylIGvmVyPCCv	eeUwQLmDiyUf	, cloudProjectNumber=
string	i9.yBX.ylIGvmVyPCCv	iPsMIGLNSHo	zze
string	i9.yBX.ylIGvmVyPCCv	kEioeZFQBEK	encoder
string	i9.yBX.ylIGvmVyPCCv	kGYpxPjep	Vending Offerings from cache
string	i9.yBX.ylIGvmVyPCCv	pZfexpXrrqC	S_DVBSUB
string	i9.yBX.ylIGvmVyPCCv	pkyhFGhAXm	zzf
string	i9.yBX.ylIGvmVyPCCv	pnhM	Unable to enable Javascript.
string	i9.yBX.ylIGvmVyPCCv	poDpBRsJdN	There was an error while trying to get your package certificate hash.
string	i9.yBX.ylIGvmVyPCCv	pwzTOdqENr	f
string	i9.yBX.ylIGvmVyPCCv	qMhe	CALENDAR_CONSTRAINTS_KEY
string	i9.yBX.ylIGvmVyPCCv	qUtSNLL	kotlin.jvm.functions.Function12
string	i9.yBX.ylIGvmVyPCCv	qggkDc	Deleted corrupt file: %s\nReason: %s
string	i9.yBX.ylIGvmVyPCCv	qtICvmevHjp	modelClass
string	i9.yBX.ylIGvmVyPCCv	rMcouD	dev.flutter.pigeon.webview_flutter_android.View.setInsetListenerToSetInsetsToZero
string	i9.yBX.ylIGvmVyPCCv	rpwOOmqoKQGpN	[Purchases] - 
string	i9.yBX.ylIGvmVyPCCv	tSUZqded	zzb
string	i9.yBX.ylIGvmVyPCCv	uGRJIaGEQUro	Error parsing web checkout URL: 
string	i9.yBX.ylIGvmVyPCCv	uPAkuvuSqtDOcf	no_video_view
string	i9.yBX.ylIGvmVyPCCv	wMiAWpdWW	--disable-service-auth-codes
string	i9.yBX.ylIGvmVyPCCv	xYigiQEXWqkexvE	value
string	i9.yBX.ylIGvmVyPCCv	ycwmzcXfGRQ	Expected string for assign var. got %s
string	i9.yBX.ylIGvmVyPCCv	zEo	Can't provide an error when not in an error state.
string	io.flutter.embedding.android.AndroidTouchProcessor	TAG	AndroidTouchProcessor
string	io.flutter.embedding.android.ContentSizingFlag	ENABLE_CONTENT_SIZING	io.flutter.embedding.android.EnableContentSizing
string	io.flutter.embedding.android.ContentSizingFlag	TAG	ContentSizingFlag
string	io.flutter.embedding.android.FlutterActivity	TAG	FlutterActivity
string	io.flutter.embedding.android.FlutterActivityAndFragmentDelegate	FRAMEWORK_RESTORATION_BUNDLE_KEY	framework
string	io.flutter.embedding.android.FlutterActivityAndFragmentDelegate	ON_BACK_CALLBACK_ENABLED_KEY	enableOnBackInvokedCallbackState
string	io.flutter.embedding.android.FlutterActivityAndFragmentDelegate	PLUGINS_RESTORATION_BUNDLE_KEY	plugins
string	io.flutter.embedding.android.FlutterActivityAndFragmentDelegate	TAG	FlutterActivityAndFragmentDelegate
string	io.flutter.embedding.android.FlutterActivityLaunchConfigs	DART_ENTRYPOINT_META_DATA_KEY	io.flutter.Entrypoint
string	io.flutter.embedding.android.FlutterActivityLaunchConfigs	DART_ENTRYPOINT_URI_META_DATA_KEY	io.flutter.EntrypointUri
string	io.flutter.embedding.android.FlutterActivityLaunchConfigs	DEFAULT_DART_ENTRYPOINT	main
string	io.flutter.embedding.android.FlutterActivityLaunchConfigs	DEFAULT_INITIAL_ROUTE	/
string	io.flutter.embedding.android.FlutterActivityLaunchConfigs	EXTRA_BACKGROUND_MODE	background_mode
string	io.flutter.embedding.android.FlutterActivityLaunchConfigs	EXTRA_CACHED_ENGINE_GROUP_ID	cached_engine_group_id
string	io.flutter.embedding.android.FlutterActivityLaunchConfigs	EXTRA_CACHED_ENGINE_ID	cached_engine_id
string	io.flutter.embedding.android.FlutterActivityLaunchConfigs	EXTRA_DART_ENTRYPOINT	dart_entrypoint
string	io.flutter.embedding.android.FlutterActivityLaunchConfigs	EXTRA_DART_ENTRYPOINT_ARGS	dart_entrypoint_args
string	io.flutter.embedding.android.FlutterActivityLaunchConfigs	EXTRA_DESTROY_ENGINE_WITH_ACTIVITY	destroy_engine_with_activity
string	io.flutter.embedding.android.FlutterActivityLaunchConfigs	EXTRA_ENABLE_STATE_RESTORATION	enable_state_restoration
string	io.flutter.embedding.android.FlutterActivityLaunchConfigs	EXTRA_INITIAL_ROUTE	route
string	io.flutter.embedding.android.FlutterActivityLaunchConfigs	HANDLE_DEEPLINKING_META_DATA_KEY	flutter_deeplinking_enabled
string	io.flutter.embedding.android.FlutterActivityLaunchConfigs	INITIAL_ROUTE_META_DATA_KEY	io.flutter.InitialRoute
string	io.flutter.embedding.android.FlutterActivityLaunchConfigs	NORMAL_THEME_META_DATA_KEY	io.flutter.embedding.android.NormalTheme
string	io.flutter.embedding.android.FlutterFragment	ARG_APP_BUNDLE_PATH	app_bundle_path
string	io.flutter.embedding.android.FlutterFragment	ARG_CACHED_ENGINE_GROUP_ID	cached_engine_group_id
string	io.flutter.embedding.android.FlutterFragment	ARG_CACHED_ENGINE_ID	cached_engine_id
string	io.flutter.embedding.android.FlutterFragment	ARG_DART_ENTRYPOINT	dart_entrypoint
string	io.flutter.embedding.android.FlutterFragment	ARG_DART_ENTRYPOINT_ARGS	dart_entrypoint_args
string	io.flutter.embedding.android.FlutterFragment	ARG_DART_ENTRYPOINT_URI	dart_entrypoint_uri
string	io.flutter.embedding.android.FlutterFragment	ARG_DESTROY_ENGINE_WITH_FRAGMENT	destroy_engine_with_fragment
string	io.flutter.embedding.android.FlutterFragment	ARG_ENABLE_STATE_RESTORATION	enable_state_restoration
string	io.flutter.embedding.android.FlutterFragment	ARG_FLUTTERVIEW_RENDER_MODE	flutterview_render_mode
string	io.flutter.embedding.android.FlutterFragment	ARG_FLUTTERVIEW_TRANSPARENCY_MODE	flutterview_transparency_mode
string	io.flutter.embedding.android.FlutterFragment	ARG_FLUTTER_INITIALIZATION_ARGS	initialization_args
string	io.flutter.embedding.android.FlutterFragment	ARG_HANDLE_DEEPLINKING	handle_deeplinking
string	io.flutter.embedding.android.FlutterFragment	ARG_INITIAL_ROUTE	initial_route
string	io.flutter.embedding.android.FlutterFragment	ARG_SHOULD_ATTACH_ENGINE_TO_ACTIVITY	should_attach_engine_to_activity
string	io.flutter.embedding.android.FlutterFragment	ARG_SHOULD_AUTOMATICALLY_HANDLE_ON_BACK_PRESSED	should_automatically_handle_on_back_pressed
string	io.flutter.embedding.android.FlutterFragment	ARG_SHOULD_DELAY_FIRST_ANDROID_VIEW_DRAW	should_delay_first_android_view_draw
string	io.flutter.embedding.android.FlutterFragment	TAG	FlutterFragment
string	io.flutter.embedding.android.FlutterFragmentActivity	TAG	FlutterFragmentActivity
string	io.flutter.embedding.android.FlutterFragmentActivity	TAG_FLUTTER_FRAGMENT	flutter_fragment
string	io.flutter.embedding.android.FlutterImageView	TAG	FlutterImageView
string	io.flutter.embedding.android.FlutterSurfaceView	TAG	FlutterSurfaceView
string	io.flutter.embedding.android.FlutterTextureView	TAG	FlutterTextureView
string	io.flutter.embedding.android.FlutterView	GBOARD_PACKAGE_NAME	com.google.android.inputmethod.latin
string	io.flutter.embedding.android.FlutterView	TAG	FlutterView
string	io.flutter.embedding.android.KeyChannelResponder	TAG	KeyChannelResponder
string	io.flutter.embedding.android.KeyData	CHANNEL	flutter/keydata
string	io.flutter.embedding.android.KeyData	TAG	KeyData
string	io.flutter.embedding.android.KeyEmbedderResponder	TAG	KeyEmbedderResponder
string	io.flutter.embedding.android.KeyboardManager	TAG	KeyboardManager
string	io.flutter.embedding.android.MotionEventTracker	TAG	MotionEventTracker
string	io.flutter.embedding.android.SurfaceHolderCallbackCompat	TAG	SurfaceHolderCallbackCompat
string	io.flutter.embedding.engine.FlutterEngineConnectionRegistry	TAG	FlutterEngineCxnRegstry
string	io.flutter.embedding.engine.FlutterShellArgs	ARG_CACHE_SKSL	--cache-sksl
string	io.flutter.embedding.engine.FlutterShellArgs	ARG_DART_FLAGS	--dart-flags
string	io.flutter.embedding.engine.FlutterShellArgs	ARG_DISABLE_HCPP_AND_SURFACE_CONTROL	--enable-hcpp-and-surface-control=false
string	io.flutter.embedding.engine.FlutterShellArgs	ARG_DISABLE_IMPELLER	--enable-impeller=false
string	io.flutter.embedding.engine.FlutterShellArgs	ARG_DISABLE_SERVICE_AUTH_CODES	--disable-service-auth-codes
string	io.flutter.embedding.engine.FlutterShellArgs	ARG_DUMP_SHADER_SKP_ON_SHADER_COMPILATION	--dump-skp-on-shader-compilation
string	io.flutter.embedding.engine.FlutterShellArgs	ARG_ENABLE_DART_PROFILING	--enable-dart-profiling
string	io.flutter.embedding.engine.FlutterShellArgs	ARG_ENABLE_HCPP_AND_SURFACE_CONTROL	--enable-hcpp-and-surface-control=true
string	io.flutter.embedding.engine.FlutterShellArgs	ARG_ENABLE_IMPELLER	--enable-impeller=true
string	io.flutter.embedding.engine.FlutterShellArgs	ARG_ENABLE_SOFTWARE_RENDERING	--enable-software-rendering
string	io.flutter.embedding.engine.FlutterShellArgs	ARG_ENABLE_VULKAN_VALIDATION	--enable-vulkan-validation
string	io.flutter.embedding.engine.FlutterShellArgs	ARG_ENDLESS_TRACE_BUFFER	--endless-trace-buffer
string	io.flutter.embedding.engine.FlutterShellArgs	ARG_KEY_CACHE_SKSL	cache-sksl
string	io.flutter.embedding.engine.FlutterShellArgs	ARG_KEY_DART_FLAGS	dart-flags
string	io.flutter.embedding.engine.FlutterShellArgs	ARG_KEY_DISABLE_SERVICE_AUTH_CODES	disable-service-auth-codes
string	io.flutter.embedding.engine.FlutterShellArgs	ARG_KEY_DUMP_SHADER_SKP_ON_SHADER_COMPILATION	dump-skp-on-shader-compilation
string	io.flutter.embedding.engine.FlutterShellArgs	ARG_KEY_ENABLE_DART_PROFILING	enable-dart-profiling
string	io.flutter.embedding.engine.FlutterShellArgs	ARG_KEY_ENABLE_HCPP_AND_SURFACE_CONTROL	enable-hcpp-and-surface-control
string	io.flutter.embedding.engine.FlutterShellArgs	ARG_KEY_ENABLE_SOFTWARE_RENDERING	enable-software-rendering
string	io.flutter.embedding.engine.FlutterShellArgs	ARG_KEY_ENABLE_VULKAN_VALIDATION	enable-vulkan-validation
string	io.flutter.embedding.engine.FlutterShellArgs	ARG_KEY_ENDLESS_TRACE_BUFFER	endless-trace-buffer
string	io.flutter.embedding.engine.FlutterShellArgs	ARG_KEY_PROFILE_MICROTASKS	profile-microtasks
string	io.flutter.embedding.engine.FlutterShellArgs	ARG_KEY_PROFILE_STARTUP	profile-startup
string	io.flutter.embedding.engine.FlutterShellArgs	ARG_KEY_PURGE_PERSISTENT_CACHE	purge-persistent-cache
string	io.flutter.embedding.engine.FlutterShellArgs	ARG_KEY_SKIA_DETERMINISTIC_RENDERING	skia-deterministic-rendering
string	io.flutter.embedding.engine.FlutterShellArgs	ARG_KEY_START_PAUSED	start-paused
string	io.flutter.embedding.engine.FlutterShellArgs	ARG_KEY_TOGGLE_IMPELLER	enable-impeller
string	io.flutter.embedding.engine.FlutterShellArgs	ARG_KEY_TRACE_SKIA	trace-skia
string	io.flutter.embedding.engine.FlutterShellArgs	ARG_KEY_TRACE_SKIA_ALLOWLIST	trace-skia-allowlist
string	io.flutter.embedding.engine.FlutterShellArgs	ARG_KEY_TRACE_STARTUP	trace-startup
string	io.flutter.embedding.engine.FlutterShellArgs	ARG_KEY_TRACE_SYSTRACE	trace-systrace
string	io.flutter.embedding.engine.FlutterShellArgs	ARG_KEY_TRACE_TO_FILE	trace-to-file
string	io.flutter.embedding.engine.FlutterShellArgs	ARG_KEY_USE_TEST_FONTS	use-test-fonts
string	io.flutter.embedding.engine.FlutterShellArgs	ARG_KEY_VERBOSE_LOGGING	verbose-logging
string	io.flutter.embedding.engine.FlutterShellArgs	ARG_KEY_VM_SERVICE_PORT	vm-service-port
string	io.flutter.embedding.engine.FlutterShellArgs	ARG_PROFILE_MICROTASKS	--profile-microtasks
string	io.flutter.embedding.engine.FlutterShellArgs	ARG_PROFILE_STARTUP	--profile-startup
string	io.flutter.embedding.engine.FlutterShellArgs	ARG_PURGE_PERSISTENT_CACHE	--purge-persistent-cache
string	io.flutter.embedding.engine.FlutterShellArgs	ARG_SKIA_DETERMINISTIC_RENDERING	--skia-deterministic-rendering
string	io.flutter.embedding.engine.FlutterShellArgs	ARG_START_PAUSED	--start-paused
string	io.flutter.embedding.engine.FlutterShellArgs	ARG_TRACE_SKIA	--trace-skia
string	io.flutter.embedding.engine.FlutterShellArgs	ARG_TRACE_SKIA_ALLOWLIST	--trace-skia-allowlist=
string	io.flutter.embedding.engine.FlutterShellArgs	ARG_TRACE_STARTUP	--trace-startup
string	io.flutter.embedding.engine.FlutterShellArgs	ARG_TRACE_SYSTRACE	--trace-systrace
string	io.flutter.embedding.engine.FlutterShellArgs	ARG_TRACE_TO_FILE	--trace-to-file
string	io.flutter.embedding.engine.FlutterShellArgs	ARG_USE_TEST_FONTS	--use-test-fonts
string	io.flutter.embedding.engine.FlutterShellArgs	ARG_VERBOSE_LOGGING	--verbose-logging
string	io.flutter.embedding.engine.FlutterShellArgs	ARG_VM_SERVICE_PORT	--vm-service-port=
string	io.flutter.embedding.engine.dart.DartExecutor	TAG	DartExecutor
string	io.flutter.embedding.engine.dart.DartMessenger	TAG	DartMessenger
string	io.flutter.embedding.engine.image.BitmapMetadataReader	TAG	BitmapMetadataReader
string	io.flutter.embedding.engine.image.ExifMetadataReader	TAG	ExifMetadataReader
string	io.flutter.embedding.engine.image.ImageDecoderDefaultImpl	TAG	FlutterImageDecoderImplDefault
string	io.flutter.embedding.engine.image.ImageDecoderHeifPre36Impl	TAG	FlutterImageDecoderImplHeifPre36
string	io.flutter.embedding.engine.image.ImageUtils	TAG	ImageUtils
string	io.flutter.embedding.engine.image.MediaMetadataReader	TAG	MediaMetadataReader
string	io.flutter.embedding.engine.loader.ApplicationInfoLoader	NETWORK_POLICY_METADATA_KEY	io.flutter.network-policy
string	io.flutter.embedding.engine.loader.ApplicationInfoLoader	PUBLIC_AUTOMATICALLY_REGISTER_PLUGINS_METADATA_KEY	io.flutter.automatically-register-plugins
string	io.flutter.embedding.engine.loader.FlutterApplicationInfo	DEFAULT_AOT_SHARED_LIBRARY_NAME	libapp.so
string	io.flutter.embedding.engine.loader.FlutterApplicationInfo	DEFAULT_FLUTTER_ASSETS_DIR	flutter_assets
string	io.flutter.embedding.engine.loader.FlutterApplicationInfo	DEFAULT_ISOLATE_SNAPSHOT_DATA	isolate_snapshot_data
string	io.flutter.embedding.engine.loader.FlutterApplicationInfo	DEFAULT_VM_SNAPSHOT_DATA	vm_snapshot_data
string	io.flutter.embedding.engine.loader.FlutterLoader	AOT_VMSERVICE_SHARED_LIBRARY_NAME	aot-vmservice-shared-library-name
string	io.flutter.embedding.engine.loader.FlutterLoader	DEFAULT_KERNEL_BLOB	kernel_blob.bin
string	io.flutter.embedding.engine.loader.FlutterLoader	DEFAULT_LIBRARY	libflutter.so
string	io.flutter.embedding.engine.loader.FlutterLoader	SNAPSHOT_ASSET_PATH_KEY	snapshot-asset-path
string	io.flutter.embedding.engine.loader.FlutterLoader	TAG	FlutterLoader
string	io.flutter.embedding.engine.loader.FlutterLoader	VMSERVICE_SNAPSHOT_LIBRARY	libvmservice_snapshot.so
method	io.flutter.embedding.engine.plugins.util.CfYc.LNrVq	BoMFKOMEqThwM	public static android.os.IBinder com.google.android.gms.auth.api.signin.RevocationBoundService$c2020060317.onBind(com.google.android.gms.auth.api.signin.RevocationBoundService,android.content.Intent)
method	io.flutter.embedding.engine.plugins.util.CfYc.LNrVq	YRbrFqKMeLGyhQl	public static void com.google.firebase.auth.internal.RecaptchaActivity$c2020060318.onResume(com.google.firebase.auth.internal.RecaptchaActivity)
method	io.flutter.embedding.engine.plugins.util.CfYc.LNrVq	puYiu	public static void io.flutter.embedding.android.FlutterActivity$c2020060317.onStart(io.flutter.embedding.android.FlutterActivity)
string	io.flutter.embedding.engine.plugins.util.GeneratedPluginRegister	TAG	GeneratedPluginsRegister
string	io.flutter.embedding.engine.renderer.FlutterRenderer$ImageReaderSurfaceProducer	TAG	ImageReaderSurfaceProducer
string	io.flutter.embedding.engine.renderer.FlutterRenderer$ImageTextureRegistryEntry	TAG	ImageTextureRegistryEntry
string	io.flutter.embedding.engine.systemchannels.AccessibilityChannel	TAG	AccessibilityChannel
string	io.flutter.embedding.engine.systemchannels.BackGestureChannel	TAG	BackGestureChannel
string	io.flutter.embedding.engine.systemchannels.DeferredComponentChannel	TAG	DeferredComponentChannel
string	io.flutter.embedding.engine.systemchannels.KeyEventChannel	TAG	KeyEventChannel
string	io.flutter.embedding.engine.systemchannels.LifecycleChannel	CHANNEL_NAME	flutter/lifecycle
string	io.flutter.embedding.engine.systemchannels.LifecycleChannel	TAG	LifecycleChannel
string	io.flutter.embedding.engine.systemchannels.LocalizationChannel	TAG	LocalizationChannel
string	io.flutter.embedding.engine.systemchannels.MouseCursorChannel	TAG	MouseCursorChannel
string	io.flutter.embedding.engine.systemchannels.NavigationChannel	TAG	NavigationChannel
string	io.flutter.embedding.engine.systemchannels.PlatformChannel	TAG	PlatformChannel
string	io.flutter.embedding.engine.systemchannels.PlatformViewsChannel	TAG	PlatformViewsChannel
string	io.flutter.embedding.engine.systemchannels.PlatformViewsChannel2	TAG	PlatformViewsChannel2
string	io.flutter.embedding.engine.systemchannels.ProcessTextChannel	CHANNEL_NAME	flutter/processtext
string	io.flutter.embedding.engine.systemchannels.ProcessTextChannel	METHOD_PROCESS_TEXT_ACTION	ProcessText.processTextAction
string	io.flutter.embedding.engine.systemchannels.ProcessTextChannel	METHOD_QUERY_TEXT_ACTIONS	ProcessText.queryTextActions
string	io.flutter.embedding.engine.systemchannels.ProcessTextChannel	TAG	ProcessTextChannel
string	io.flutter.embedding.engine.systemchannels.RestorationChannel	TAG	RestorationChannel
string	io.flutter.embedding.engine.systemchannels.ScribeChannel	METHOD_IS_FEATURE_AVAILABLE	Scribe.isFeatureAvailable
string	io.flutter.embedding.engine.systemchannels.ScribeChannel	METHOD_IS_STYLUS_HANDWRITING_AVAILABLE	Scribe.isStylusHandwritingAvailable
string	io.flutter.embedding.engine.systemchannels.ScribeChannel	METHOD_START_STYLUS_HANDWRITING	Scribe.startStylusHandwriting
string	io.flutter.embedding.engine.systemchannels.ScribeChannel	TAG	ScribeChannel
string	io.flutter.embedding.engine.systemchannels.SensitiveContentChannel	TAG	SensitiveContentChannel
string	io.flutter.embedding.engine.systemchannels.SpellCheckChannel	TAG	SpellCheckChannel
string	io.flutter.embedding.engine.systemchannels.SystemChannel	TAG	SystemChannel
string	io.flutter.embedding.engine.systemchannels.TextInputChannel	TAG	TextInputChannel
string	io.flutter.embedding.engine.systemchannels.Zh.ZVZQ	DSAQrt	closed
string	io.flutter.embedding.engine.systemchannels.Zh.ZVZQ	EWyZbMrQMpBF	androidx.credentials.TYPE_GET_CREDENTIAL_UNSUPPORTED_EXCEPTION
string	io.flutter.embedding.engine.systemchannels.Zh.ZVZQ	GgdunwYtjD	com.revenuecat.purchases.paywalls.components.properties.ThemeImageUrls
string	io.flutter.embedding.engine.systemchannels.Zh.ZVZQ	GxecGbxQE	stringExpression
string	io.flutter.embedding.engine.systemchannels.Zh.ZVZQ	IjUQNCeR	set
string	io.flutter.embedding.engine.systemchannels.Zh.ZVZQ	JWfHb	abs(bundle_end_timestamp - ?) > cast(? as integer)
string	io.flutter.embedding.engine.systemchannels.Zh.ZVZQ	JiNIybObGZdt	targetId_
string	io.flutter.embedding.engine.systemchannels.Zh.ZVZQ	Kpgh	device_model
string	io.flutter.embedding.engine.systemchannels.Zh.ZVZQ	LbupkFVIwqPs	CONNECT 
string	io.flutter.embedding.engine.systemchannels.Zh.ZVZQ	MnrJ	zzb
string	io.flutter.embedding.engine.systemchannels.Zh.ZVZQ	MoOPU	org.conscrypt.OpenSSLProvider
string	io.flutter.embedding.engine.systemchannels.Zh.ZVZQ	PGGkgsZ	non-positive totalFrames in screen trace 
string	io.flutter.embedding.engine.systemchannels.Zh.ZVZQ	PgFAtlagKa	offerings
string	io.flutter.embedding.engine.systemchannels.Zh.ZVZQ	PqkEVWotjDEUmgk	osVersion
string	io.flutter.embedding.engine.systemchannels.Zh.ZVZQ	QUfagf	 and remote module 
string	io.flutter.embedding.engine.systemchannels.Zh.ZVZQ	RAYeoL	promotional_offer
string	io.flutter.embedding.engine.systemchannels.Zh.ZVZQ	Sidmch	slo
string	io.flutter.embedding.engine.systemchannels.Zh.ZVZQ	SnvyfNew	actionId
string	io.flutter.embedding.engine.systemchannels.Zh.ZVZQ	TXDG	<this>
string	io.flutter.embedding.engine.systemchannels.Zh.ZVZQ	TqvRqLuwKjg	Failed to insert trigger URI (got -1). appId
string	io.flutter.embedding.engine.systemchannels.Zh.ZVZQ	WMXTpYldjJ	EnableDartProfiling
string	io.flutter.embedding.engine.systemchannels.Zh.ZVZQ	XUPFKOVvEcHJZfb	_lgclid
string	io.flutter.embedding.engine.systemchannels.Zh.ZVZQ	YMcbr	zzi
string	io.flutter.embedding.engine.systemchannels.Zh.ZVZQ	YPshSWJ	zza
string	io.flutter.embedding.engine.systemchannels.Zh.ZVZQ	YseG	isNewUser
string	io.flutter.embedding.engine.systemchannels.Zh.ZVZQ	abjrtEfqgyOaFMN	: 
string	io.flutter.embedding.engine.systemchannels.Zh.ZVZQ	cDJHrd	'.
string	io.flutter.embedding.engine.systemchannels.Zh.ZVZQ	cGErSRpfqeK	google.afma.activeView.handleUpdate
string	io.flutter.embedding.engine.systemchannels.Zh.ZVZQ	cKgDETOlVGJyQA	params
string	io.flutter.embedding.engine.systemchannels.Zh.ZVZQ	dehfBZunazudPIp	zzb
string	io.flutter.embedding.engine.systemchannels.Zh.ZVZQ	dpQUyvy	Authorization
string	io.flutter.embedding.engine.systemchannels.Zh.ZVZQ	ezWCUcYNyAP	 from 
string	io.flutter.embedding.engine.systemchannels.Zh.ZVZQ	fWVzJK	method
string	io.flutter.embedding.engine.systemchannels.Zh.ZVZQ	fhn	EMAIL_PASSWORD_PROVIDER
string	io.flutter.embedding.engine.systemchannels.Zh.ZVZQ	gPdJNWgUsD	null cannot be cast to non-null type android.webkit.WebView
string	io.flutter.embedding.engine.systemchannels.Zh.ZVZQ	hWAgPaCrwEzsru	webPurchaseRedemption
string	io.flutter.embedding.engine.systemchannels.Zh.ZVZQ	iMBksizEPDdw	Firebase Installations getId Task has timed out.
string	io.flutter.embedding.engine.systemchannels.Zh.ZVZQ	iYkC	ownershipType
string	io.flutter.embedding.engine.systemchannels.Zh.ZVZQ	jGbPO	offeringIdentifier
string	io.flutter.embedding.engine.systemchannels.Zh.ZVZQ	kbss	, body=
string	io.flutter.embedding.engine.systemchannels.Zh.ZVZQ	mKXoxjz	X-CRASHLYTICS-DEVICE-MODEL
string	io.flutter.embedding.engine.systemchannels.Zh.ZVZQ	ndjKxnsbh	.onResult().execute()
string	io.flutter.embedding.engine.systemchannels.Zh.ZVZQ	qYdWSfACL	0
string	io.flutter.embedding.engine.systemchannels.Zh.ZVZQ	rFVJzhxFE	ciphertext too short
string	io.flutter.embedding.engine.systemchannels.Zh.ZVZQ	rnXxoJHOvJCp	floor
string	io.flutter.embedding.engine.systemchannels.Zh.ZVZQ	sfZTohX	up
string	io.flutter.embedding.engine.systemchannels.Zh.ZVZQ	vDei	\n
string	io.flutter.embedding.engine.systemchannels.Zh.ZVZQ	vTQniVwjTENS	referrer
string	io.flutter.embedding.engine.systemchannels.Zh.ZVZQ	vXEqQNYAmGN	 is present but null: 
string	io.flutter.embedding.engine.systemchannels.Zh.ZVZQ	wjfnt	National Folk
string	io.flutter.embedding.engine.systemchannels.Zh.ZVZQ	yHt	key
string	io.flutter.embedding.engine.systemchannels.Zh.ZVZQ	yQwOxU	[Purchases] - 
string	io.flutter.embedding.engine.systemchannels.Zh.ZVZQ	yrGiuhPkgIlgLW	Enqueued 
string	io.flutter.embedding.engine.systemchannels.Zh.ZVZQ	yvBSAAc	, mEndLine=
string	io.flutter.embedding.engine.systemchannels.Zh.ZVZQ	zjbpVY	android_id
string	io.flutter.plugin.common.BasicMessageChannel	CHANNEL_BUFFERS_CHANNEL	dev.flutter/channel-buffers
string	io.flutter.plugin.common.BasicMessageChannel	TAG	BasicMessageChannel#
string	io.flutter.plugin.common.EventChannel	TAG	EventChannel#
string	io.flutter.plugin.common.FlutterException	TAG	FlutterException#
string	io.flutter.plugin.common.MethodChannel	TAG	MethodChannel#
string	io.flutter.plugin.editing.InputConnectionAdaptor	TAG	InputConnectionAdaptor
string	io.flutter.plugin.editing.ListenableEditingState	TAG	ListenableEditingState
string	io.flutter.plugin.editing.SpellCheckPlugin	END_INDEX_KEY	endIndex
string	io.flutter.plugin.editing.SpellCheckPlugin	START_INDEX_KEY	startIndex
string	io.flutter.plugin.editing.SpellCheckPlugin	SUGGESTIONS_KEY	suggestions
string	io.flutter.plugin.editing.TextEditingDelta	TAG	TextEditingDelta
string	io.flutter.plugin.editing.TextInputPlugin	TAG	TextInputPlugin
string	io.flutter.plugin.platform.ImageReaderPlatformViewRenderTarget	TAG	ImageReaderPlatformViewRenderTarget
string	io.flutter.plugin.platform.PlatformPlugin	TAG	PlatformPlugin
string	io.flutter.plugin.platform.PlatformViewWrapper	TAG	PlatformViewWrapper
string	io.flutter.plugin.platform.PlatformViewsController2	TAG	PlatformViewsController2
string	io.flutter.plugin.platform.SingleViewPresentation	TAG	PlatformViewsController
string	io.flutter.plugin.platform.SingleViewWindowManager	TAG	PlatformViewsController
string	io.flutter.plugin.platform.SurfaceProducerPlatformViewRenderTarget	TAG	SurfaceProducerRenderTarget
string	io.flutter.plugin.platform.SurfaceTexturePlatformViewRenderTarget	TAG	SurfaceTexturePlatformViewRenderTarget
string	io.flutter.plugin.text.ProcessTextPlugin	TAG	ProcessTextPlugin
string	io.flutter.plugins.GeneratedPluginRegistrant	TAG	GeneratedPluginRegistrant
string	io.flutter.plugins.firebase.analytics.BuildConfig	BUILD_TYPE	release
string	io.flutter.plugins.firebase.analytics.BuildConfig	LIBRARY_NAME	flutter-fire-analytics
string	io.flutter.plugins.firebase.analytics.BuildConfig	LIBRARY_PACKAGE_NAME	io.flutter.plugins.firebase.analytics
string	io.flutter.plugins.firebase.analytics.BuildConfig	LIBRARY_VERSION	12.4.6
string	io.flutter.plugins.firebase.appcheck.BuildConfig	BUILD_TYPE	release
string	io.flutter.plugins.firebase.appcheck.BuildConfig	LIBRARY_NAME	flutter-fire-app-check
string	io.flutter.plugins.firebase.appcheck.BuildConfig	LIBRARY_PACKAGE_NAME	io.flutter.plugins.firebase.appcheck
string	io.flutter.plugins.firebase.appcheck.BuildConfig	LIBRARY_VERSION	0.4.6
string	io.flutter.plugins.firebase.auth.BuildConfig	BUILD_TYPE	release
string	io.flutter.plugins.firebase.auth.BuildConfig	LIBRARY_NAME	flutter-fire-auth
string	io.flutter.plugins.firebase.auth.BuildConfig	LIBRARY_PACKAGE_NAME	io.flutter.plugins.firebase.auth
string	io.flutter.plugins.firebase.auth.BuildConfig	LIBRARY_VERSION	6.5.7
string	io.flutter.plugins.firebase.auth.Constants	ACCESS_TOKEN	accessToken
string	io.flutter.plugins.firebase.auth.Constants	APP_NAME	appName
string	io.flutter.plugins.firebase.auth.Constants	CREDENTIAL	credential
string	io.flutter.plugins.firebase.auth.Constants	EMAIL	email
string	io.flutter.plugins.firebase.auth.Constants	EMAIL_LINK	emailLink
string	io.flutter.plugins.firebase.auth.Constants	FORCE_RESENDING_TOKEN	forceResendingToken
string	io.flutter.plugins.firebase.auth.Constants	ID_TOKEN	idToken
string	io.flutter.plugins.firebase.auth.Constants	MULTI_FACTOR_HINTS	multiFactorHints
string	io.flutter.plugins.firebase.auth.Constants	MULTI_FACTOR_RESOLVER_ID	multiFactorResolverId
string	io.flutter.plugins.firebase.auth.Constants	MULTI_FACTOR_SESSION_ID	multiFactorSessionId
string	io.flutter.plugins.firebase.auth.Constants	NAME	name
string	io.flutter.plugins.firebase.auth.Constants	PROVIDER_ID	providerId
string	io.flutter.plugins.firebase.auth.Constants	RAW_NONCE	rawNonce
string	io.flutter.plugins.firebase.auth.Constants	SECRET	secret
string	io.flutter.plugins.firebase.auth.Constants	SERVER_AUTH_CODE	serverAuthCode
string	io.flutter.plugins.firebase.auth.Constants	SIGN_IN_METHOD	signInMethod
string	io.flutter.plugins.firebase.auth.Constants	SIGN_IN_METHOD_EMAIL_LINK	emailLink
string	io.flutter.plugins.firebase.auth.Constants	SIGN_IN_METHOD_FACEBOOK	facebook.com
string	io.flutter.plugins.firebase.auth.Constants	SIGN_IN_METHOD_GITHUB	github.com
string	io.flutter.plugins.firebase.auth.Constants	SIGN_IN_METHOD_GOOGLE	google.com
string	io.flutter.plugins.firebase.auth.Constants	SIGN_IN_METHOD_OAUTH	oauth
string	io.flutter.plugins.firebase.auth.Constants	SIGN_IN_METHOD_PASSWORD	password
string	io.flutter.plugins.firebase.auth.Constants	SIGN_IN_METHOD_PHONE	phone
string	io.flutter.plugins.firebase.auth.Constants	SIGN_IN_METHOD_PLAY_GAMES	playgames.google.com
string	io.flutter.plugins.firebase.auth.Constants	SIGN_IN_METHOD_TWITTER	twitter.com
string	io.flutter.plugins.firebase.auth.Constants	SMS_CODE	smsCode
string	io.flutter.plugins.firebase.auth.Constants	TOKEN	token
string	io.flutter.plugins.firebase.auth.Constants	USER	user
string	io.flutter.plugins.firebase.auth.Constants	VERIFICATION_ID	verificationId
string	io.flutter.plugins.firebase.core.BuildConfig	BUILD_TYPE	release
string	io.flutter.plugins.firebase.core.BuildConfig	LIBRARY_NAME	flutter-fire-core
string	io.flutter.plugins.firebase.core.BuildConfig	LIBRARY_PACKAGE_NAME	io.flutter.plugins.firebase.core
string	io.flutter.plugins.firebase.core.BuildConfig	LIBRARY_VERSION	4.13.0
string	io.flutter.plugins.firebase.crashlytics.BuildConfig	BUILD_TYPE	release
string	io.flutter.plugins.firebase.crashlytics.BuildConfig	LIBRARY_NAME	flutter-fire-cls
string	io.flutter.plugins.firebase.crashlytics.BuildConfig	LIBRARY_PACKAGE_NAME	io.flutter.plugins.firebase.crashlytics
string	io.flutter.plugins.firebase.crashlytics.BuildConfig	LIBRARY_VERSION	5.2.7
string	io.flutter.plugins.firebase.crashlytics.Constants	BUILD_ID	buildId
string	io.flutter.plugins.firebase.crashlytics.Constants	CLASS	class
string	io.flutter.plugins.firebase.crashlytics.Constants	CRASH_EVENT_KEY	com.firebase.crashlytics.flutter.fatal
string	io.flutter.plugins.firebase.crashlytics.Constants	DID_CRASH_ON_PREVIOUS_EXECUTION	didCrashOnPreviousExecution
string	io.flutter.plugins.firebase.crashlytics.Constants	ENABLED	enabled
string	io.flutter.plugins.firebase.crashlytics.Constants	EXCEPTION	exception
string	io.flutter.plugins.firebase.crashlytics.Constants	FATAL	fatal
string	io.flutter.plugins.firebase.crashlytics.Constants	FILE	file
string	io.flutter.plugins.firebase.crashlytics.Constants	FIREBASE_APPLICATION_EXCEPTION	_ae
string	io.flutter.plugins.firebase.crashlytics.Constants	FLUTTER_ERROR_EXCEPTION	flutter_error_exception
string	io.flutter.plugins.firebase.crashlytics.Constants	FLUTTER_ERROR_REASON	flutter_error_reason
string	io.flutter.plugins.firebase.crashlytics.Constants	IDENTIFIER	identifier
string	io.flutter.plugins.firebase.crashlytics.Constants	INFORMATION	information
string	io.flutter.plugins.firebase.crashlytics.Constants	IS_CRASHLYTICS_COLLECTION_ENABLED	isCrashlyticsCollectionEnabled
string	io.flutter.plugins.firebase.crashlytics.Constants	KEY	key
string	io.flutter.plugins.firebase.crashlytics.Constants	LINE	line
string	io.flutter.plugins.firebase.crashlytics.Constants	LOADING_UNITS	loadingUnits
string	io.flutter.plugins.firebase.crashlytics.Constants	MESSAGE	message
string	io.flutter.plugins.firebase.crashlytics.Constants	METHOD	method
string	io.flutter.plugins.firebase.crashlytics.Constants	REASON	reason
string	io.flutter.plugins.firebase.crashlytics.Constants	STACK_TRACE_ELEMENTS	stackTraceElements
string	io.flutter.plugins.firebase.crashlytics.Constants	TIMESTAMP	timestamp
string	io.flutter.plugins.firebase.crashlytics.Constants	UNSENT_REPORTS	unsentReports
string	io.flutter.plugins.firebase.crashlytics.Constants	VALUE	value
string	io.flutter.plugins.firebase.crashlytics.FlutterFirebaseCrashlyticsPlugin	FIREBASE_CRASHLYTICS_COLLECTION_ENABLED	firebase_crashlytics_collection_enabled
string	io.flutter.plugins.firebase.crashlytics.FlutterFirebaseCrashlyticsPlugin	TAG	FLTFirebaseCrashlytics
string	io.flutter.plugins.firebase.firebaseremoteconfig.BuildConfig	BUILD_TYPE	release
string	io.flutter.plugins.firebase.firebaseremoteconfig.BuildConfig	LIBRARY_NAME	flutter-fire-rc
string	io.flutter.plugins.firebase.firebaseremoteconfig.BuildConfig	LIBRARY_PACKAGE_NAME	io.flutter.plugins.firebase.firebaseremoteconfig
string	io.flutter.plugins.firebase.firebaseremoteconfig.BuildConfig	LIBRARY_VERSION	6.5.6
string	io.flutter.plugins.firebase.firestore.BuildConfig	BUILD_TYPE	release
string	io.flutter.plugins.firebase.firestore.BuildConfig	LIBRARY_NAME	flutter-fire-fst
string	io.flutter.plugins.firebase.firestore.BuildConfig	LIBRARY_PACKAGE_NAME	io.flutter.plugins.firebase.firestore
string	io.flutter.plugins.firebase.firestore.BuildConfig	LIBRARY_VERSION	6.8.0
string	io.flutter.plugins.firebase.firestore.FlutterFirebaseFirestoreException	ERROR_ABORTED	The operation was aborted, typically due to a concurrency issue like transaction aborts, etc.
string	io.flutter.plugins.firebase.firestore.FlutterFirebaseFirestoreException	ERROR_ALREADY_EXISTS	Some document that we attempted to create already exists.
string	io.flutter.plugins.firebase.firestore.FlutterFirebaseFirestoreException	ERROR_CANCELLED	The operation was cancelled (typically by the caller).
string	io.flutter.plugins.firebase.firestore.FlutterFirebaseFirestoreException	ERROR_DATA_LOSS	Unrecoverable data loss or corruption.
string	io.flutter.plugins.firebase.firestore.FlutterFirebaseFirestoreException	ERROR_DEADLINE_EXCEEDED	Deadline expired before operation could complete. For operations that change the state of the system, this error may be returned even if the operation has completed successfully. For example, a successful response from a server could have been delayed long enough for the deadline to expire.
string	io.flutter.plugins.firebase.firestore.FlutterFirebaseFirestoreException	ERROR_FAILED_PRECONDITION	Operation was rejected because the system is not in a state required for the operation's execution. If performing a query, ensure it has been indexed via the Firebase console.
string	io.flutter.plugins.firebase.firestore.FlutterFirebaseFirestoreException	ERROR_INTERNAL	Internal errors. Means some invariants expected by underlying system has been broken. If you see one of these errors, something is very broken.
string	io.flutter.plugins.firebase.firestore.FlutterFirebaseFirestoreException	ERROR_INVALID_ARGUMENT	Client specified an invalid argument. Note that this differs from failed-precondition. invalid-argument indicates arguments that are problematic regardless of the state of the system (e.g., an invalid field name).
string	io.flutter.plugins.firebase.firestore.FlutterFirebaseFirestoreException	ERROR_NOT_FOUND	Some requested document was not found.
string	io.flutter.plugins.firebase.firestore.FlutterFirebaseFirestoreException	ERROR_OUT_OF_RANGE	Operation was attempted past the valid range.
string	io.flutter.plugins.firebase.firestore.FlutterFirebaseFirestoreException	ERROR_PERMISSION_DENIED	The caller does not have permission to execute the specified operation.
string	io.flutter.plugins.firebase.firestore.FlutterFirebaseFirestoreException	ERROR_RESOURCE_EXHAUSTED	Some resource has been exhausted, perhaps a per-user quota, or perhaps the entire file system is out of space.
string	io.flutter.plugins.firebase.firestore.FlutterFirebaseFirestoreException	ERROR_UNAUTHENTICATED	The request does not have valid authentication credentials for the operation.
string	io.flutter.plugins.firebase.firestore.FlutterFirebaseFirestoreException	ERROR_UNAVAILABLE	The service is currently unavailable. This is a most likely a transient condition and may be corrected by retrying with a backoff.
string	io.flutter.plugins.firebase.firestore.FlutterFirebaseFirestoreException	ERROR_UNIMPLEMENTED	Operation is not implemented or not supported/enabled.
string	io.flutter.plugins.firebase.firestore.FlutterFirebaseFirestoreException	ERROR_UNKNOWN	Operation is not implemented or not supported/enabled.
string	io.flutter.plugins.firebase.firestore.utils.ExpressionParsers	TAG	ExpressionParsers
string	io.flutter.plugins.firebase.firestore.utils.PipelineParser	TAG	PipelineParser
string	io.flutter.plugins.firebase.performance.BuildConfig	BUILD_TYPE	release
string	io.flutter.plugins.firebase.performance.BuildConfig	LIBRARY_NAME	flutter-fire-perf
string	io.flutter.plugins.firebase.performance.BuildConfig	LIBRARY_PACKAGE_NAME	io.flutter.plugins.firebase.performance
string	io.flutter.plugins.firebase.performance.BuildConfig	LIBRARY_VERSION	0.11.4-6
string	io.flutter.plugins.googlemobileads.AppStateNotifier	EVENT_CHANNEL_NAME	plugins.flutter.io/google_mobile_ads/app_state_event
string	io.flutter.plugins.googlemobileads.AppStateNotifier	METHOD_CHANNEL_NAME	plugins.flutter.io/google_mobile_ads/app_state_method
string	io.flutter.plugins.googlemobileads.Constants	ERROR_CODE_UNEXPECTED_AD_TYPE	unexpected_ad_type
string	io.flutter.plugins.googlemobileads.Constants	REQUEST_AGENT_GAME_TEMPLATE_PREFIX	Game
string	io.flutter.plugins.googlemobileads.Constants	REQUEST_AGENT_NEWS_TEMPLATE_PREFIX	News
string	io.flutter.plugins.googlemobileads.Constants	REQUEST_AGENT_PREFIX_VERSIONED	Flutter-GMA-9.0.0
string	io.flutter.plugins.googlemobileads.FluidAdManagerBannerAd	TAG	FluidAdManagerBannerAd
string	io.flutter.plugins.googlemobileads.FlutterAdManagerInterstitialAd	TAG	FltGAMInterstitialAd
string	io.flutter.plugins.googlemobileads.FlutterAppOpenAd	TAG	FlutterAppOpenAd
string	io.flutter.plugins.googlemobileads.FlutterInterstitialAd	TAG	FlutterInterstitialAd
string	io.flutter.plugins.googlemobileads.FlutterMobileAdsWrapper	TAG	FlutterMobileAdsWrapper
string	io.flutter.plugins.googlemobileads.FlutterNativeAd	TAG	FlutterNativeAd
string	io.flutter.plugins.googlemobileads.FlutterRequestAgentProvider	GAME_VERSION_KEY	io.flutter.plugins.googlemobileads.FLUTTER_GAME_TEMPLATE_VERSION
string	io.flutter.plugins.googlemobileads.FlutterRequestAgentProvider	NEWS_VERSION_KEY	io.flutter.plugins.googlemobileads.FLUTTER_NEWS_TEMPLATE_VERSION
string	io.flutter.plugins.googlemobileads.FlutterRewardedAd	TAG	FlutterRewardedAd
string	io.flutter.plugins.googlemobileads.FlutterRewardedInterstitialAd	TAG	FlutterRIAd
string	io.flutter.plugins.googlemobileads.GoogleMobileAdsPlugin	TAG	GoogleMobileAdsPlugin
string	io.flutter.plugins.googlemobileads.usermessagingplatform.UserMessagingPlatformManager	INTERNAL_ERROR_CODE	0
string	io.flutter.plugins.googlemobileads.usermessagingplatform.UserMessagingPlatformManager	METHOD_CHANNEL_NAME	plugins.flutter.io/google_mobile_ads/ump
string	io.flutter.plugins.googlesignin.GoogleSignInPlugin	GOOGLE_ACCOUNT_TYPE	com.google
string	io.flutter.plugins.urllauncher.BuildConfig	BUILD_TYPE	release
string	io.flutter.plugins.urllauncher.BuildConfig	LIBRARY_PACKAGE_NAME	io.flutter.plugins.urllauncher
string	io.flutter.plugins.urllauncher.UrlLauncherPlugin	TAG	UrlLauncherPlugin
string	io.flutter.plugins.urllauncher.WebViewActivity	ACTION_CLOSE	close action
string	io.flutter.plugins.urllauncher.WebViewActivity	ENABLE_DOM_EXTRA	enableDomStorage
string	io.flutter.plugins.urllauncher.WebViewActivity	ENABLE_JS_EXTRA	enableJavaScript
string	io.flutter.plugins.urllauncher.WebViewActivity	URL_EXTRA	url
string	io.flutter.plugins.webviewflutter.DisplayListenerProxy	TAG	DisplayListenerProxy
string	io.flutter.plugins.webviewflutter.WebChromeClientProxyApi$WebChromeClientImpl	TAG	WebChromeClientImpl
string	io.flutter.view.AccessibilityViewEmbedder	TAG	AccessibilityBridge
string	mc.FN.LpKIb	Bso	serializedDocid
string	mc.FN.LpKIb	CuSQD	ADDED
string	mc.FN.LpKIb	DMKzEaXjCMO	gads:omid_javascript_session_service:enabled
string	mc.FN.LpKIb	DdaxjBsfDbTcJJ	app_store
string	mc.FN.LpKIb	DwefPYDoazAhLPq	source_platform
string	mc.FN.LpKIb	FOw	maxBackoff cannot be empty
string	mc.FN.LpKIb	FalqPApe	landscape
string	mc.FN.LpKIb	FcCEZdzZ	BOOL
string	mc.FN.LpKIb	GoBSrgrtrcidh	, shadow=
string	mc.FN.LpKIb	HJnNi	name
string	mc.FN.LpKIb	HgwnOy	transformTypeCase_
string	mc.FN.LpKIb	IYpN	<this>
string	mc.FN.LpKIb	MzAIIAmRKDud	IndexManager not started
string	mc.FN.LpKIb	NGiKiloG	gads:native:send_dimensions_ping_on_percentage_visible
string	mc.FN.LpKIb	NpgSgxqwh	x:xmpmeta
string	mc.FN.LpKIb	Ozmt	 indicating not RESULT_OK
string	mc.FN.LpKIb	QsZEVkK	expression
string	mc.FN.LpKIb	RLZgzYm	af60eb711bd85bc1e4d3e0a462e074eea428a8
string	mc.FN.LpKIb	TfsRVmpkATYgA	clientType
string	mc.FN.LpKIb	UNM	FR
string	mc.FN.LpKIb	UipAdvSoVf	Missing required properties:
string	mc.FN.LpKIb	auZDBXHxiEILQ	
string	mc.FN.LpKIb	bFXdFtYr	Use JsonReader.setStrictness(Strictness.LENIENT) to accept malformed JSON
string	mc.FN.LpKIb	bTHfQDIxJ	Null autoMetadata
string	mc.FN.LpKIb	crrIK	limit_ad_tracking
string	mc.FN.LpKIb	hTtv	flutter/platform_views_2
string	mc.FN.LpKIb	hotnF	done
string	mc.FN.LpKIb	lTWDxCudevEdskX	BD
string	mc.FN.LpKIb	lkBjapp	, defaultTier=
string	mc.FN.LpKIb	lvnALkZtI	ENUM
string	mc.FN.LpKIb	mrBSmgy	Raw event data disappeared while in transaction. appId
string	mc.FN.LpKIb	oINpDDaj	DOUBLE
string	mc.FN.LpKIb	sHzYDfzTpHGMc	media_metrics
string	mc.FN.LpKIb	tSGZVZPfnwugjd	TMT
string	mc.FN.LpKIb	tmcvMjVvVWsnNW	omid_js_session_success
string	mc.FN.LpKIb	upuO	EDITION_2024
string	mc.FN.LpKIb	uxpIgL	CancellableContinuation
string	mc.FN.LpKIb	vlLGjDFhj	, transition=
string	mc.FN.LpKIb	wifNjJPFQb	Service Intents must be explicit
string	okhttp3.internal.tls.EwXy.CYRij	AaMWKiWFYkH	 does not implement interface method onNestedScrollAccepted
string	okhttp3.internal.tls.EwXy.CYRij	BiJO	WebvttCueParser
string	okhttp3.internal.tls.EwXy.CYRij	CZhhajAdYIPOch	null cannot be cast to non-null type kotlinx.coroutines.ThreadContextElement<kotlin.Any?>
string	okhttp3.internal.tls.EwXy.CYRij	DcJkiC	preload_sort_value
string	okhttp3.internal.tls.EwXy.CYRij	DypIvDz	GET_UNKNOWN
string	okhttp3.internal.tls.EwXy.CYRij	FTbualBAuA	gads:http_assets_cache:enabled
string	okhttp3.internal.tls.EwXy.CYRij	FekYFcP	in_app_message_result_receiver
string	okhttp3.internal.tls.EwXy.CYRij	GKg	lr
string	okhttp3.internal.tls.EwXy.CYRij	GhayKyoPAutXqP	
string	okhttp3.internal.tls.EwXy.CYRij	InIqNxmWGyHa	gesture
string	okhttp3.internal.tls.EwXy.CYRij	JcZdEwZGW	Received '
string	okhttp3.internal.tls.EwXy.CYRij	KFYDV	, uiPreviewMode=
string	okhttp3.internal.tls.EwXy.CYRij	KlcRujXsrMZ	
string	okhttp3.internal.tls.EwXy.CYRij	LFAaR	rendering-webview-creation-start
string	okhttp3.internal.tls.EwXy.CYRij	LnxPgkY	storeTransaction
string	okhttp3.internal.tls.EwXy.CYRij	MFSij	zze
string	okhttp3.internal.tls.EwXy.CYRij	MHbL	GzipInflatingBuffer is closed
string	okhttp3.internal.tls.EwXy.CYRij	MVEZCwS	.googlesyndication.com
string	okhttp3.internal.tls.EwXy.CYRij	OuqJBVQ	kotlin.jvm.functions.Function16
string	okhttp3.internal.tls.EwXy.CYRij	QdsUiSSjxHwqYLv	
string	okhttp3.internal.tls.EwXy.CYRij	SXBxDiX	isAvailable
string	okhttp3.internal.tls.EwXy.CYRij	SkmWKUTsAkS	audio/g711-alaw
string	okhttp3.internal.tls.EwXy.CYRij	TwE	OMX.lge.alac.decoder
string	okhttp3.internal.tls.EwXy.CYRij	UUjkwMSvvdEgk	[Purchases] - ERROR
string	okhttp3.internal.tls.EwXy.CYRij	XPAHlIUFazMt	session_id
string	okhttp3.internal.tls.EwXy.CYRij	YelrWemRzMbMTWJ	Unsupported clock rate index in DTS UHD header: 
string	okhttp3.internal.tls.EwXy.CYRij	Yqyttie	Format:
string	okhttp3.internal.tls.EwXy.CYRij	YwhgdLtaMkI	). The grant persists server-side and will sync on a later fetch.
string	okhttp3.internal.tls.EwXy.CYRij	ZEBqP	gads:sdk_core_experiment_id
string	okhttp3.internal.tls.EwXy.CYRij	askJmH	zzf
string	okhttp3.internal.tls.EwXy.CYRij	dOewFKzdBsMikz	androidx.view.accessibility.AccessibilityNodeInfoCompat.STATE_DESCRIPTION_KEY
string	okhttp3.internal.tls.EwXy.CYRij	dmHPidqBhuySea	View
string	okhttp3.internal.tls.EwXy.CYRij	dwcYQpm	Failed to parse the message.
string	okhttp3.internal.tls.EwXy.CYRij	dzIHxS	GGyThiQzH0OY
string	okhttp3.internal.tls.EwXy.CYRij	euihCpILMr	measurement.upload.backoff_period
string	okhttp3.internal.tls.EwXy.CYRij	fwb	texParameteri
string	okhttp3.internal.tls.EwXy.CYRij	jxoZAk	G3yShzpN
string	okhttp3.internal.tls.EwXy.CYRij	kDghcwVSTnlSmaX	Transfer-Encoding
string	okhttp3.internal.tls.EwXy.CYRij	kRmhVpuyJLAExSs	Ad unit ID should not be null for app open ad.
string	okhttp3.internal.tls.EwXy.CYRij	lckYakZonRlat	work_spec_id
string	okhttp3.internal.tls.EwXy.CYRij	mPcsqmcOu	PreviewImageStart
string	okhttp3.internal.tls.EwXy.CYRij	nBbhaJ	Operation is not supported for read-only collection
string	okhttp3.internal.tls.EwXy.CYRij	nVuMbNnEDqnmsCY	-
string	okhttp3.internal.tls.EwXy.CYRij	oOUfLt	count_distinct
string	okhttp3.internal.tls.EwXy.CYRij	ooFJOnKPH	IndexState{sequenceNumber=
string	okhttp3.internal.tls.EwXy.CYRij	pVJcRjeCvxam	Operation is not supported for read-only collection
string	okhttp3.internal.tls.EwXy.CYRij	qKlr	name
string	okhttp3.internal.tls.EwXy.CYRij	sTuxsCTRM	\\"
string	okhttp3.internal.tls.EwXy.CYRij	tDDTkxXl	failure
string	okhttp3.internal.tls.EwXy.CYRij	wYN	android:showsDialog
string	okhttp3.internal.tls.EwXy.CYRij	wabhzAfTac	receiveSegment$volatile
string	okhttp3.internal.tls.EwXy.CYRij	wsRlmBEEG	measurement.rb.attribution.client2
string	okhttp3.internal.tls.EwXy.CYRij	wtTidK	gads:android_on_device_fcap:enabled
string	org.chromium.support_lib_boundary.ProcessGlobalConfigConstants	CACHE_DIRECTORY_BASE_PATH	CACHE_DIRECTORY_BASE_PATH
string	org.chromium.support_lib_boundary.ProcessGlobalConfigConstants	CONFIGURE_PARTITIONED_COOKIES	CONFIGURE_PARTITIONED_COOKIES
string	org.chromium.support_lib_boundary.ProcessGlobalConfigConstants	DATA_DIRECTORY_BASE_PATH	DATA_DIRECTORY_BASE_PATH
string	org.chromium.support_lib_boundary.ProcessGlobalConfigConstants	DATA_DIRECTORY_SUFFIX	DATA_DIRECTORY_SUFFIX
string	org.chromium.support_lib_boundary.ProcessGlobalConfigConstants	UI_THREAD_STARTUP_MODE	UI_THREAD_STARTUP_MODE
string	org.chromium.support_lib_boundary.WebViewProviderFactoryBoundaryInterface	MULTI_COOKIE_HEADER_NAME	
string	org.chromium.support_lib_boundary.WebViewProviderFactoryBoundaryInterface	MULTI_COOKIE_VALUE_SEPARATOR	
string	p6.d	NULL	SAFE_PARCELABLE_NULL_STRING
string	pc.lT.WkwtixKaKoPueY	BjIoOwuisid	measurement_enabled_from_api
string	pc.lT.WkwtixKaKoPueY	CZJjM	zzf
string	pc.lT.WkwtixKaKoPueY	DJGvpMEl	suffix
string	pc.lT.WkwtixKaKoPueY	DqGKMtDH	null cannot be cast to non-null type kotlin.collections.List<kotlin.Any?>
string	pc.lT.WkwtixKaKoPueY	Hkb	ExifInterface
string	pc.lT.WkwtixKaKoPueY	JFg	Component<
string	pc.lT.WkwtixKaKoPueY	JZTRZPpX	onBackProgressed
string	pc.lT.WkwtixKaKoPueY	OGW	Discarding data. Failed to set user property
string	pc.lT.WkwtixKaKoPueY	PDHQ	null cannot be cast to non-null type android.view.View
string	pc.lT.WkwtixKaKoPueY	Qatv	purchaseToken
string	pc.lT.WkwtixKaKoPueY	QdQtgjUZOGsRvp	ad_unit_id
string	pc.lT.WkwtixKaKoPueY	QwiIL	Application info is null, first open report might be inaccurate. appId
string	pc.lT.WkwtixKaKoPueY	UIpMLETgpmKR	Unsupported feature: 
string	pc.lT.WkwtixKaKoPueY	UijWlIIbKeJ	(https?:\\/\\/play\\.google\\.com\\/d\\/?).*
string	pc.lT.WkwtixKaKoPueY	WKhgXFJZHaqkEA	single_payment_then_price
string	pc.lT.WkwtixKaKoPueY	abtapWdOAJFFtb	Empty receiptId is not allowed
string	pc.lT.WkwtixKaKoPueY	bZICNwHKfVeKli	link
string	pc.lT.WkwtixKaKoPueY	cDsxcQJ	default_event_params
string	pc.lT.WkwtixKaKoPueY	dbnZmDlh	/untrackActiveViewUnit
string	pc.lT.WkwtixKaKoPueY	eNIw	NOT_EQUALS
string	pc.lT.WkwtixKaKoPueY	ebyRwUNEEyD	ConfigItem can only be serialized to JSON.
string	pc.lT.WkwtixKaKoPueY	emRuVwvL	IS_FIRST_PARTY_PURCHASE
string	pc.lT.WkwtixKaKoPueY	epAPPW	SettingsChannel
string	pc.lT.WkwtixKaKoPueY	fBhjYLZ	There's a problem with your configuration. No packages could be found for offering with identifier %s. This could be due to Products not being configured correctly in the RevenueCat dashboard or Play Store.\nTo configure products, follow the instructions in https://rev.cat/how-to-configure-offerings.\nMore information: https://rev.cat/why-are-offerings-empty
string	pc.lT.WkwtixKaKoPueY	hdwm	productID
string	pc.lT.WkwtixKaKoPueY	heq	DATA_AUTHENTICATION_KEY
string	pc.lT.WkwtixKaKoPueY	hoyKoviOxdTb	onError
string	pc.lT.WkwtixKaKoPueY	ijiCe	alt
string	pc.lT.WkwtixKaKoPueY	kfOZCBnPBuO	RescheduleReceiver
string	pc.lT.WkwtixKaKoPueY	lEEFQo	adResponseBody
string	pc.lT.WkwtixKaKoPueY	lcBp	>>>>> SharedElementLastInViews <<<<<
string	pc.lT.WkwtixKaKoPueY	nAkKXATNADk	creationData
string	pc.lT.WkwtixKaKoPueY	nGyayXaSMzESl	, but package was not 
string	pc.lT.WkwtixKaKoPueY	nPDTzhPXx	passkeyInfo
string	pc.lT.WkwtixKaKoPueY	olB	*~*~*~ Previous channel {0} was garbage collected without being shut down! ~*~*~*
string	pc.lT.WkwtixKaKoPueY	pKC	onResult
string	pc.lT.WkwtixKaKoPueY	psxJY	ALWAYS_SHOW
string	pc.lT.WkwtixKaKoPueY	qQmYYxCrIBkNrA	helper
string	pc.lT.WkwtixKaKoPueY	qhClgcm	android.graphics.FontFamily
string	pc.lT.WkwtixKaKoPueY	rEHCmgCj	Callback to `WebChromeClient.onJsAlert` failed because native instance was not in the instance manager.
string	pc.lT.WkwtixKaKoPueY	rsAmQWijCMdqMGY	TLS_DH_anon_EXPORT_WITH_RC4_40_MD5
string	pc.lT.WkwtixKaKoPueY	sMApfwkQhh	zzf
string	pc.lT.WkwtixKaKoPueY	saDRjkLLaHRVy	gads:inspector:gma_shared_preference_keys_csv
string	pc.lT.WkwtixKaKoPueY	tifPRRphLQC	proxySelector
string	pc.lT.WkwtixKaKoPueY	yrhKpZm	, subscriber=
string	pc.lT.WkwtixKaKoPueY	zRlmhJVyXdB	originalSource
string	q8.bAB.lBkOwu	AEuZRgpSinyYqr	encoder
string	q8.bAB.lBkOwu	ATVHvvsvVUhjpSd	Invalid ad response.
string	q8.bAB.lBkOwu	AWWwvPpznb	_nmtid
string	q8.bAB.lBkOwu	CEWYYgxUf	TLS_DHE_RSA_WITH_CHACHA20_POLY1305_SHA256
string	q8.bAB.lBkOwu	CajNQAOJdpxcqW	IN
string	q8.bAB.lBkOwu	EEstkE	GREATER_THAN
string	q8.bAB.lBkOwu	EVpKNV	Count overflow has happened.
string	q8.bAB.lBkOwu	EebGyxck	SHOULD_RETURN_UNFETCHED_PRODUCTS
string	q8.bAB.lBkOwu	EhD	backEvent
string	q8.bAB.lBkOwu	GUdqNoqjtGHoA	Calls to Dart are being ignored.
string	q8.bAB.lBkOwu	HASYrLQShwoCLq	, 
string	q8.bAB.lBkOwu	HWMNEQzBtN	array
string	q8.bAB.lBkOwu	HZxH	Failed to release child source.
string	q8.bAB.lBkOwu	JUbyWtM	tagSocket
string	q8.bAB.lBkOwu	LeL	Expected size 
string	q8.bAB.lBkOwu	MscmMV	PURPOSE_RESTRICTION_REQUIRE_CONSENT
string	q8.bAB.lBkOwu	NsFyxlStjnJ	i-hak
string	q8.bAB.lBkOwu	OEQRd	ThirdPartyRenderer
string	q8.bAB.lBkOwu	RqFJowCLxABk	digest
string	q8.bAB.lBkOwu	VaDNac	substring
string	q8.bAB.lBkOwu	ViwAyzTBnyndQJ	Malformed user object! No Firebase Auth provider id found. Provider user info list size: %d, trimmed size: %d
string	q8.bAB.lBkOwu	WxDogT	negative size: 
string	q8.bAB.lBkOwu	XGgB	HmeMjjcsHliRbA==
string	q8.bAB.lBkOwu	XQlJqW	CREATE TABLE IF NOT EXISTS `SystemIdInfo` (`work_spec_id` TEXT NOT NULL, `system_id` INTEGER NOT NULL, PRIMARY KEY(`work_spec_id`), FOREIGN KEY(`work_spec_id`) REFERENCES `WorkSpec`(`id`) ON UPDATE CASCADE ON DELETE CASCADE )
string	q8.bAB.lBkOwu	XVTIeO	null cannot be cast to non-null type kotlin.collections.List<kotlin.Any?>
string	q8.bAB.lBkOwu	Zgrs	, token=
string	q8.bAB.lBkOwu	aYMzwtebtLVMh	customerInfo
string	q8.bAB.lBkOwu	amypnASdeDmp	(2)Error querying user properties
string	q8.bAB.lBkOwu	asEJExaS	zza
string	q8.bAB.lBkOwu	bHT	configUpdate
string	q8.bAB.lBkOwu	bJlXamXQu	
string	q8.bAB.lBkOwu	cnsQO	size
string	q8.bAB.lBkOwu	eAVHIuYvILB	CLICK
string	q8.bAB.lBkOwu	fiGIIULX	presentedOfferingContext
string	q8.bAB.lBkOwu	gBGLPmw	produceFile
string	q8.bAB.lBkOwu	hZAbsFkw	title
string	q8.bAB.lBkOwu	lKUEaJXHbp	JGZ
string	q8.bAB.lBkOwu	lTdw	\r
string	q8.bAB.lBkOwu	oca	com.google.firebase.auth.internal.DefaultFirebaseUser
string	q8.bAB.lBkOwu	qmr	headers
string	q8.bAB.lBkOwu	rtIDDbkqOuRWbUn	.     |  | 
string	q8.bAB.lBkOwu	sJYfLOodrstU	New ImageReaderSurfaceProducer ID: 
string	q8.bAB.lBkOwu	sYWqrvnulRAK	stored_infos_map
string	q8.bAB.lBkOwu	ttJBFCMpI	[Purchases] - 
string	q8.bAB.lBkOwu	uwo	next_alarm_manager_id
string	q8.bAB.lBkOwu	wExOsPsM	Not initialized
string	q8.bAB.lBkOwu	wndZ	https
string	q8.bAB.lBkOwu	xCfaOFgKi	
string	q8.bAB.lBkOwu	yKxe	rtsdc
string	q8.bAB.lBkOwu	zSDvnI	application/x-protobuf
string	se.Ap.cVsjUAJtKOCn	Aqu	L112
string	se.Ap.cVsjUAJtKOCn	DQYbXxgGPDfDET	writeMutations
string	se.Ap.cVsjUAJtKOCn	DZJVEa	, revision=
string	se.Ap.cVsjUAJtKOCn	DljjVWNWa	ConnectionSpec(cipherSuites=
string	se.Ap.cVsjUAJtKOCn	GkPvDuvBu	com.google.android.gms.ads.internal.client.IOnAdMetadataChangedListener
string	se.Ap.cVsjUAJtKOCn	GntjdcweDEPC	atan
string	se.Ap.cVsjUAJtKOCn	HdrPuf	android.intent.action.SCREEN_OFF
string	se.Ap.cVsjUAJtKOCn	IEjR	 error, index=
string	se.Ap.cVsjUAJtKOCn	IFAuf	RENDERING_ADSTRING_TYPE2_FETCH_END
string	se.Ap.cVsjUAJtKOCn	JDDGiRrt	app_id
string	se.Ap.cVsjUAJtKOCn	JPVgsyQOEb	Error parsing URL: 
string	se.Ap.cVsjUAJtKOCn	KFiLqnFflz	s2s_rr
string	se.Ap.cVsjUAJtKOCn	KbWeqsesxKo	Error processing scroll; pointer index for id 
string	se.Ap.cVsjUAJtKOCn	Kzzh	Operation is not supported for read-only collection
string	se.Ap.cVsjUAJtKOCn	LmcbjIQi	Unable to create showLoginSelection Input
string	se.Ap.cVsjUAJtKOCn	MGowuZ	Size must be known in advance when using READ_ALL
string	se.Ap.cVsjUAJtKOCn	MZzqeWGk	TLS_RSA_EXPORT_WITH_DES40_CBC_SHA
string	se.Ap.cVsjUAJtKOCn	MiOlN	MemoryCacheSettings{gcSettings=
string	se.Ap.cVsjUAJtKOCn	NyrNCHEMv	pccache
string	se.Ap.cVsjUAJtKOCn	RXkTPsuvis	zzN
string	se.Ap.cVsjUAJtKOCn	RfZRHsspEpV	use_custom_tabs
string	se.Ap.cVsjUAJtKOCn	SWOCDlVDqJzzn	map
string	se.Ap.cVsjUAJtKOCn	UfWNAB	, it is a child of: 
string	se.Ap.cVsjUAJtKOCn	WIyKhPpS	AsyncSink.flush
string	se.Ap.cVsjUAJtKOCn	aoCtFvP	Please set theme of AdActivity to @android:style/Theme.Translucent to enable transparent background interstitial ad.
string	se.Ap.cVsjUAJtKOCn	bRvuwmdyzvfrlq	In scheduleShowRefreshedAd: 
string	se.Ap.cVsjUAJtKOCn	cElb	Cannot build without parameters and/or key material
string	se.Ap.cVsjUAJtKOCn	cYZlG	Thread 
string	se.Ap.cVsjUAJtKOCn	dUyYHRFpA	ERROR_RECAPTCHA_NOT_ENABLED
string	se.Ap.cVsjUAJtKOCn	ddoYVd	\\z
string	se.Ap.cVsjUAJtKOCn	fJHrNJJGs	perform house keeping! 
string	se.Ap.cVsjUAJtKOCn	gjHkxwwJF	encoder
string	se.Ap.cVsjUAJtKOCn	hXrOsmPiyMbkbH	UUID
string	se.Ap.cVsjUAJtKOCn	hmcyyhbjRM	Illegal index 
string	se.Ap.cVsjUAJtKOCn	kkIwcQtfF	Writing mutations requires an opened stream
string	se.Ap.cVsjUAJtKOCn	nTIFdCD	...
string	se.Ap.cVsjUAJtKOCn	nhEGzvPTA	dev.flutter.pigeon.webview_flutter_android.WebViewClient.onReceivedClientCertRequest
string	se.Ap.cVsjUAJtKOCn	ofibQpAKNFQhtbz	zzo
string	se.Ap.cVsjUAJtKOCn	paoEEYNcSNo	enabled
string	se.Ap.cVsjUAJtKOCn	qnbYBsBUEJxEQ	NON_RECURRING
string	se.Ap.cVsjUAJtKOCn	qtxUKrifUYOUB	AdRequestServiceImpl: Preconnecting
string	se.Ap.cVsjUAJtKOCn	rDdqJGVPp	cache:
string	se.Ap.cVsjUAJtKOCn	wcgY	context
string	se.Ap.cVsjUAJtKOCn	xeEfmlhaZCNyyUR	null cannot be cast to non-null type kotlin.collections.List<kotlin.Any?>
string	se.Ap.cVsjUAJtKOCn	xvfnWUfDaTs	Expected size 
string	se.Ap.cVsjUAJtKOCn	zEX	DynamiteModule
string	se.Ap.cVsjUAJtKOCn	zazUWyuP	] 
string	u.vzEf.fwgSVW	BcfmbLGkGl	app_id = ?
string	u.vzEf.fwgSVW	BsVVakQTC	client_side_pingback_url
string	u.vzEf.fwgSVW	CYDqxv	Setting storage consent(FE)
string	u.vzEf.fwgSVW	DXjWmscosnrQAE	Only whitespace, tab, newline and carriage return are allowed as pretty print symbols. Had 
string	u.vzEf.fwgSVW	FAOFdfxdXFXwur	ClientTelemetry.API
string	u.vzEf.fwgSVW	FMJWBuOu	Parsing parameters failed in getProto(). You probably want to call some Tink register function for 
string	u.vzEf.fwgSVW	FhQrCmCGVaYBeDt	webViewArg
string	u.vzEf.fwgSVW	KXEPBORzHqY	Unable to read Phenotype PackageMetadata for 
string	u.vzEf.fwgSVW	KbkFsKPez	divisor
string	u.vzEf.fwgSVW	LGRSuw	STRING
string	u.vzEf.fwgSVW	LLR	        
string	u.vzEf.fwgSVW	LTalkZMHelTjZgl	x
string	u.vzEf.fwgSVW	LoMZcOj	value
string	u.vzEf.fwgSVW	MzmYbc	gads:block_autoclicks_experiment_id
string	u.vzEf.fwgSVW	PBjBh	GEL
string	u.vzEf.fwgSVW	QWjH	com.google.android.gms.ads.internal.client.IAdPreloadCallback
string	u.vzEf.fwgSVW	RixV	<<Network Error>>
string	u.vzEf.fwgSVW	SSOyy	 
string	u.vzEf.fwgSVW	STxjaDFlBee	factorIdKey
string	u.vzEf.fwgSVW	UGCF	value
string	u.vzEf.fwgSVW	UWoqtqGDRiGsZTa	type
string	u.vzEf.fwgSVW	VhixZmmeUolC	publicKey
string	u.vzEf.fwgSVW	XBlMUzUzEsc	BAD CONFIG
string	u.vzEf.fwgSVW	XCmzNkYrv	Failed to load metadata: PackageManager is null
string	u.vzEf.fwgSVW	Xtr	ASSUME_AES_GCM
string	u.vzEf.fwgSVW	YkNW	onSharedPreferenceChanged, errorMessage = 
string	u.vzEf.fwgSVW	ZjLJpK	superState must not be null
string	u.vzEf.fwgSVW	aGpvRD	valueType_
string	u.vzEf.fwgSVW	aVneJzJi	com.google.android.gms.ads.internal.client.IAdLoaderBuilderCreator
string	u.vzEf.fwgSVW	bjEt	backoff_policy
string	u.vzEf.fwgSVW	ckUDnLhjq	visible_bounds
string	u.vzEf.fwgSVW	dRVwvrdBwzL	aclid
string	u.vzEf.fwgSVW	dUppQkrFhiUDVrh	Stop reading file since a wrong offset may cause an infinite loop: 
string	u.vzEf.fwgSVW	eloctuKyq	phone
string	u.vzEf.fwgSVW	fLrebzCTkld	caCerts
string	u.vzEf.fwgSVW	hkifVdDAiWp	provider
string	u.vzEf.fwgSVW	huchzcU	INSTANCE
string	u.vzEf.fwgSVW	iZriTXkzFlEthgj	Switching to user %s.
string	u.vzEf.fwgSVW	nricG	Expected a boolean but was 
string	u.vzEf.fwgSVW	pFBHXsXwQRD	style
string	u.vzEf.fwgSVW	tBOQwKOKjc	unsafeCursor
string	u.vzEf.fwgSVW	tFdI	cancel
string	u.vzEf.fwgSVW	vLG	Removing session over cap: 
string	u.vzEf.fwgSVW	wTMpHft	XingSeeker
string	u.vzEf.fwgSVW	wTR	com.google.android.gms.ads.mediation.customevent.CustomEventAdapter
string	u.vzEf.fwgSVW	wittWtx	params
string	u.vzEf.fwgSVW	yBPtHsTsBvlbT	Crashlytics Android SDK/%s
string	x9.xw.LYvGJvHpxV	AfUoDmvrVaKkr	, 
string	x9.xw.LYvGJvHpxV	BHSixinSR	BADGE_CANCELLED
string	x9.xw.LYvGJvHpxV	BJjwkV	V_MPEG4/ISO/AVC
string	x9.xw.LYvGJvHpxV	FIx	zza
string	x9.xw.LYvGJvHpxV	FwWlxlvIxC	CREATE TABLE index_configuration (index_id INTEGER, collection_group TEXT, index_proto BLOB, PRIMARY KEY (index_id))
string	x9.xw.LYvGJvHpxV	GbLgIKOlMCFNGy	
string	x9.xw.LYvGJvHpxV	IhaoGbpprWpM	builder
string	x9.xw.LYvGJvHpxV	KNXOnDkHnynBt	\n Found:\n
string	x9.xw.LYvGJvHpxV	KQDT	'.\nUse 'ignoreUnknownKeys = true' in 'Json {}' builder to ignore unknown keys.\nCurrent input: 
string	x9.xw.LYvGJvHpxV	MCYDQwS	appName
string	x9.xw.LYvGJvHpxV	NAwwXIAoXQZW	Sending report through Google DataTransport: 
string	x9.xw.LYvGJvHpxV	NwPpVAMC	Given library is either null or empty
string	x9.xw.LYvGJvHpxV	OfCrHQY	sha256Digest.digest()
string	x9.xw.LYvGJvHpxV	PeRpbuNTLoEapnW	eglCreatePbufferSurface failed
string	x9.xw.LYvGJvHpxV	QWYsKuoivrBG	$ 23.99
string	x9.xw.LYvGJvHpxV	QXSSNwXKplkzAtG	[Purchases] - 
string	x9.xw.LYvGJvHpxV	RgztjIXa	FragmentManager
string	x9.xw.LYvGJvHpxV	SWpvnEuqTi	Only field filters and composite filters are accepted.
string	x9.xw.LYvGJvHpxV	SjgQQcGxrDnZ	resize
string	x9.xw.LYvGJvHpxV	TDDTz	}, data=
string	x9.xw.LYvGJvHpxV	VJvLb	input
string	x9.xw.LYvGJvHpxV	WrboOsKxVKwFKgD	OP_SET_MAX_LIFECYCLE
string	x9.xw.LYvGJvHpxV	XHmLp	builder
string	x9.xw.LYvGJvHpxV	ZAIypeurBm	zzf
string	x9.xw.LYvGJvHpxV	aOOfbhHWTlkBua	TINK
string	x9.xw.LYvGJvHpxV	akEFNlKGRY	zzh
string	x9.xw.LYvGJvHpxV	bHPyTetQcI	handle_deeplinking
string	x9.xw.LYvGJvHpxV	cxrbEAZJqjt	dev.flutter.pigeon.firebase_auth_platform_interface.FirebaseAuthUserHostApi.updateProfile
string	x9.xw.LYvGJvHpxV	deod	304
string	x9.xw.LYvGJvHpxV	eJDmeR	
string	x9.xw.LYvGJvHpxV	ghsdhAnPoY	X-Goog-Api-Key
string	x9.xw.LYvGJvHpxV	kYDRkzwIsQdYoB	com.amazon.venezia.command.FailureResult
string	x9.xw.LYvGJvHpxV	lNZYTZEmNqFcfv	PSEUDO=
string	x9.xw.LYvGJvHpxV	pbGPKdjqWQ	Not called from the SynchronizationContext
string	x9.xw.LYvGJvHpxV	qfGW	
string	x9.xw.LYvGJvHpxV	siEItWPXUGflMtv	ignore-calls-error
string	x9.xw.LYvGJvHpxV	uSvQLITgKEpAVQE	Loaders:
string	x9.xw.LYvGJvHpxV	ugJoyGVFCSsFq	base64Url()
string	x9.xw.LYvGJvHpxV	uigpQrTRfZY	
string	x9.xw.LYvGJvHpxV	urHJqvPBdQHCMg	dev.flutter.pigeon.firebase_auth_platform_interface.FirebaseAuthHostApi.signInWithProvider
string	x9.xw.LYvGJvHpxV	uszsQ	 bytes but received 
string	x9.xw.LYvGJvHpxV	vWRExQ	FieldIndex{indexId=
string	x9.xw.LYvGJvHpxV	wgZqSxIgcAvT	Timed out waiting for 
string	x9.xw.LYvGJvHpxV	xPSDehUqz	audio/vorbis
string	x9.xw.LYvGJvHpxV	xdzXQ	com.revenuecat.purchases.paywalls.PaywallData.LocalizedConfiguration.Feature
string	x9.xw.LYvGJvHpxV	xhaMpSkROclzHq	Super calls with default arguments not supported in this target, function: ensureCapacity
string	x9.xw.LYvGJvHpxV	zFQjSlIJyrdGlU	application/x-emsg
string	x9.xw.LYvGJvHpxV	zLU	Invalid target position
