method	android.os.WTjS.LkaetlYMq	CvnSiQzrMyzk	public static final void com.hitrolab.audioeditor.recording_widget.StartStopRecordingService$c2020060318.onCreate(com.hitrolab.audioeditor.recording_widget.StartStopRecordingService)
method	android.os.WTjS.LkaetlYMq	eogprb	public static final void com.hitrolab.musicplayer.activities.MusicPlayerActivity$c2020060317.onCreate(com.hitrolab.musicplayer.activities.MusicPlayerActivity,android.os.Bundle)
method	android.os.WTjS.LkaetlYMq	hnSzxSLV	public static final void com.hitrolab.musicplayer.activities.MusicPreviewActivity$c2020060318.onStop(com.hitrolab.musicplayer.activities.MusicPreviewActivity)
method	android.os.WTjS.LkaetlYMq	sJwc	public static void com.amazon.device.ads.DTBInterstitialActivity$c2020060317.onDestroy(com.amazon.device.ads.DTBInterstitialActivity)
method	android.os.WTjS.LkaetlYMq	wWZIMmFYohDIh	public static void com.amazon.device.ads.DTBInterstitialActivity$c2020060318.onCreate(com.amazon.device.ads.DTBInterstitialActivity,android.os.Bundle)
method	androidx.profileinstaller.qvuo.gkxG.vfQI	HPRtoJkGiTAf	public static final void com.hitrolab.audioeditor.AudioApplication$c2020060317.onCreate(com.hitrolab.audioeditor.AudioApplication)
method	androidx.profileinstaller.qvuo.gkxG.vfQI	WCq	public static final void com.hitrolab.audioeditor.MainActivity$c2020060320.onResume(com.hitrolab.audioeditor.MainActivity)
method	androidx.profileinstaller.qvuo.gkxG.vfQI	pNvhZnPguJ	public static final void com.hitrolab.audioeditor.recording_widget.StartStopRecordingService$c2020060319.onDestroy(com.hitrolab.audioeditor.recording_widget.StartStopRecordingService)
method	androidx.profileinstaller.qvuo.gkxG.vfQI	znTwwtdoFTc	public static final void com.hitrolab.musicplayer.activities.MusicPreviewActivity$c2020060317.onDestroy(com.hitrolab.musicplayer.activities.MusicPreviewActivity)
method	androidx.work.ZCVF.dmmb	YEsKAtwToAzg	public static final android.os.IBinder com.hitrolab.audioeditor.recording_widget.StartStopRecordingService$c2020060317.onBind(com.hitrolab.audioeditor.recording_widget.StartStopRecordingService,android.content.Intent)
method	androidx.work.ZCVF.dmmb	jyunVa	public static final void com.hitrolab.audioeditor.MainActivity$c2020060321.onCreate(com.hitrolab.audioeditor.MainActivity,android.os.Bundle)
method	androidx.work.ZCVF.dmmb	kgXI	public static void com.amazon.aps.ads.activity.ApsInterstitialActivity$c2020060317.onCreate(com.amazon.aps.ads.activity.ApsInterstitialActivity,android.os.Bundle)
method	androidx.work.ZCVF.dmmb	rCcruaCrT	public static final void com.hitrolab.audioeditor.MainActivity$c2020060317.onPause(com.hitrolab.audioeditor.MainActivity)
method	androidx.work.ZCVF.dmmb	wrvNvyOqoBwIwQ	public static final int com.hitrolab.audioeditor.recording_widget.StartStopRecordingService$c2020060320.onStartCommand(com.hitrolab.audioeditor.recording_widget.StartStopRecordingService,android.content.Intent,int,int)
method	com.applovin.impl.sdk.network.yjU.ildPoHTWzIsMj	CCb	public static final void com.hitrolab.audioeditor.MainActivity$c2020060318.onStop(com.hitrolab.audioeditor.MainActivity)
method	com.applovin.impl.sdk.network.yjU.ildPoHTWzIsMj	RNteFGyIszCcY	public static void com.amazon.aps.ads.activity.ApsInterstitialActivity$c2020060318.onDestroy(com.amazon.aps.ads.activity.ApsInterstitialActivity)
method	com.applovin.impl.sdk.network.yjU.ildPoHTWzIsMj	dcJfczMWo	public static final void com.hitrolab.audioeditor.MainActivity$c2020060319.onDestroy(com.hitrolab.audioeditor.MainActivity)
method	com.applovin.impl.sdk.network.yjU.ildPoHTWzIsMj	hFNABgi	public static final void com.hitrolab.musicplayer.activities.MusicPreviewActivity$c2020060319.onCreate(com.hitrolab.musicplayer.activities.MusicPreviewActivity,android.os.Bundle)
string	android.support.v4.graphics.drawable.AN.anDZtUBIFOT	AqEylGMxpAqF	The stepSize(
string	android.support.v4.graphics.drawable.AN.anDZtUBIFOT	CpilHYCQ	CREATE TABLE events (_id INTEGER PRIMARY KEY, context_id INTEGER NOT NULL, transport_name TEXT NOT NULL, timestamp_ms INTEGER NOT NULL, uptime_ms INTEGER NOT NULL, payload BLOB NOT NULL, code INTEGER, num_attempts INTEGER NOT NULL,FOREIGN KEY (context_id) REFERENCES transport_contexts(_id) ON DELETE CASCADE)
string	android.support.v4.graphics.drawable.AN.anDZtUBIFOT	DVHxWVEBV	FirebaseCrashlytics
string	android.support.v4.graphics.drawable.AN.anDZtUBIFOT	EFosgIbUre	_
string	android.support.v4.graphics.drawable.AN.anDZtUBIFOT	EdJh	 OR FAIL 
string	android.support.v4.graphics.drawable.AN.anDZtUBIFOT	EtiJxHqrJSkvYO	integrationType
string	android.support.v4.graphics.drawable.AN.anDZtUBIFOT	FovInNyzNqtehUe	File name 
string	android.support.v4.graphics.drawable.AN.anDZtUBIFOT	GWMPYYdWZOs	image/webp
string	android.support.v4.graphics.drawable.AN.anDZtUBIFOT	GsMJfWqsRkcz	[Pool Size {core = 
string	android.support.v4.graphics.drawable.AN.anDZtUBIFOT	IspOyZpMMYhA	Attempting to load ad for same ad unit id (
string	android.support.v4.graphics.drawable.AN.anDZtUBIFOT	JBguVnW	ARTISTS
string	android.support.v4.graphics.drawable.AN.anDZtUBIFOT	KWjr	java.lang.Double
string	android.support.v4.graphics.drawable.AN.anDZtUBIFOT	KrlgYjazhG	gads:gestures:qst:to
string	android.support.v4.graphics.drawable.AN.anDZtUBIFOT	MCU	FirebaseCrashlytics
string	android.support.v4.graphics.drawable.AN.anDZtUBIFOT	OKejGlya	, getDefaultVendorConsent()=
string	android.support.v4.graphics.drawable.AN.anDZtUBIFOT	PkpZeS	, httpMethod=
string	android.support.v4.graphics.drawable.AN.anDZtUBIFOT	QWlQRgHOlrgURb	
string	android.support.v4.graphics.drawable.AN.anDZtUBIFOT	RGdXZBPDzjOEN	TEXT
string	android.support.v4.graphics.drawable.AN.anDZtUBIFOT	WxGmoMiitnfEu	config_fetched_time
string	android.support.v4.graphics.drawable.AN.anDZtUBIFOT	XmQu	CONSENT_SIGNAL_COLLECT_CONSENT
string	android.support.v4.graphics.drawable.AN.anDZtUBIFOT	ZnLOeddlYRZlew	stereo
string	android.support.v4.graphics.drawable.AN.anDZtUBIFOT	cEYBcsyiXs	STR_MEDIATION_SERVICE_KEY
string	android.support.v4.graphics.drawable.AN.anDZtUBIFOT	cHfYDbTqMfgBa	MODE_1
string	android.support.v4.graphics.drawable.AN.anDZtUBIFOT	cxk	gads:preload_rewarded_buffer_size:lower_bound
string	android.support.v4.graphics.drawable.AN.anDZtUBIFOT	dre	adUserInteraction
string	android.support.v4.graphics.drawable.AN.anDZtUBIFOT	gQysgYLP	video/hevc
string	android.support.v4.graphics.drawable.AN.anDZtUBIFOT	gcfWiQq	exception_handler_enabled
string	android.support.v4.graphics.drawable.AN.anDZtUBIFOT	iFgIknENbMIF	android.intent.action.USER_PRESENT
string	android.support.v4.graphics.drawable.AN.anDZtUBIFOT	iRJTc	Parsing AesCmacParameters failed: 
string	android.support.v4.graphics.drawable.AN.anDZtUBIFOT	izYrLQZkBrsfRX	init success
string	android.support.v4.graphics.drawable.AN.anDZtUBIFOT	jTBypJMy	2
string	android.support.v4.graphics.drawable.AN.anDZtUBIFOT	kNIdjOBGLPxZInz	Error parsing AVC config
string	android.support.v4.graphics.drawable.AN.anDZtUBIFOT	nphxQyHOVb	IABUSPrivacy_String
string	android.support.v4.graphics.drawable.AN.anDZtUBIFOT	qQjPzjRzMlxpC	android.permission.READ_MEDIA_VIDEO
string	android.support.v4.graphics.drawable.AN.anDZtUBIFOT	qWX	audio
string	android.support.v4.graphics.drawable.AN.anDZtUBIFOT	rCfBsC	NOT_DETECTED
string	android.support.v4.graphics.drawable.AN.anDZtUBIFOT	trSEkOw	bottom
string	android.support.v4.graphics.drawable.AN.anDZtUBIFOT	ujQK	user_info_store
string	android.support.v4.graphics.drawable.AN.anDZtUBIFOT	unuXTif	 sending request
string	android.support.v4.graphics.drawable.AN.anDZtUBIFOT	xFazbL	VastNonVideoResource{type=
string	android.support.v4.graphics.drawable.AN.anDZtUBIFOT	xMNOFkgd	, cacheDurationSeconds=
string	android.support.v4.graphics.drawable.AN.anDZtUBIFOT	yGUQUSSElBs	call-context
string	android.support.v4.graphics.drawable.AN.anDZtUBIFOT	ybo	Unable to instantiate mediation adapter class.
string	android.support.v4.graphics.drawable.AN.anDZtUBIFOT	zXRoL	current_retry_attempt
string	androidx.localbroadcastmanager.content.DRV.imMVfzCKle	AbzAJycNUrY	 is not supported.
string	androidx.localbroadcastmanager.content.DRV.imMVfzCKle	AhFZOJRjkgZANS	precision too large
string	androidx.localbroadcastmanager.content.DRV.imMVfzCKle	AlRWNgZSr	chorus=0.7:0.9:55:0.4:0.25:2
string	androidx.localbroadcastmanager.content.DRV.imMVfzCKle	AoenRAO	m
string	androidx.localbroadcastmanager.content.DRV.imMVfzCKle	BSbJsNz	.inputStream()
string	androidx.localbroadcastmanager.content.DRV.imMVfzCKle	BfekTyDhjW	Banner layout is destroyed
string	androidx.localbroadcastmanager.content.DRV.imMVfzCKle	CAlUxuwTatZpgKa	ENG
string	androidx.localbroadcastmanager.content.DRV.imMVfzCKle	CBRQeFxn	gads:video_exo_player_socket_receive_buffer_size
string	androidx.localbroadcastmanager.content.DRV.imMVfzCKle	CviFQEgnElJXvm	/bat_scream.mp3
string	androidx.localbroadcastmanager.content.DRV.imMVfzCKle	FKefLeOPOjPC	.%2e
string	androidx.localbroadcastmanager.content.DRV.imMVfzCKle	GvCAAQpcRHWpUMX	REMOTE
string	androidx.localbroadcastmanager.content.DRV.imMVfzCKle	ITTVqKLotouwVzA	IABTCF_TCString
string	androidx.localbroadcastmanager.content.DRV.imMVfzCKle	JBcebkhJP	coppa_store
string	androidx.localbroadcastmanager.content.DRV.imMVfzCKle	JVmjcaqznB	zzp
string	androidx.localbroadcastmanager.content.DRV.imMVfzCKle	LpCIBugMmJeOwIj	Fragment 
string	androidx.localbroadcastmanager.content.DRV.imMVfzCKle	McJZrIAPrRh	Error verifying splits.
string	androidx.localbroadcastmanager.content.DRV.imMVfzCKle	MeItSRQJSQSmPx	Invalid Mode Extension
string	androidx.localbroadcastmanager.content.DRV.imMVfzCKle	NPbg	MID
string	androidx.localbroadcastmanager.content.DRV.imMVfzCKle	PsXw	">
string	androidx.localbroadcastmanager.content.DRV.imMVfzCKle	PzIbh	Video 15 sec link
string	androidx.localbroadcastmanager.content.DRV.imMVfzCKle	QsDJzeDbAzW	CreationExtras.Key@
string	androidx.localbroadcastmanager.content.DRV.imMVfzCKle	SEizORTlfG	error
string	androidx.localbroadcastmanager.content.DRV.imMVfzCKle	UhjVdwfgjIHhmJ	android.media.session.MediaController
string	androidx.localbroadcastmanager.content.DRV.imMVfzCKle	WCtJu	MOOD_DANCEABILITY
string	androidx.localbroadcastmanager.content.DRV.imMVfzCKle	XadNopfmSEqbsk	error - 
string	androidx.localbroadcastmanager.content.DRV.imMVfzCKle	XoXYVdMpbo	Attempting to set user visible hint to 
string	androidx.localbroadcastmanager.content.DRV.imMVfzCKle	YXRi	com.android.internal.view.menu.MenuBuilder
string	androidx.localbroadcastmanager.content.DRV.imMVfzCKle	bxp	
string	androidx.localbroadcastmanager.content.DRV.imMVfzCKle	fsEhtBrUHeuOy	duplicate key: 
string	androidx.localbroadcastmanager.content.DRV.imMVfzCKle	iSHPUEDF	startIconSize cannot be less than 0
string	androidx.localbroadcastmanager.content.DRV.imMVfzCKle	jVPfivk	zzz
string	androidx.localbroadcastmanager.content.DRV.imMVfzCKle	jtFygQBJSSbMy	Unexpected ReflectiveOperationException occurred (Gson 2.13.1). To support Java records, reflection is utilized to read out information about records. All these invocations happens after it is established that records exist in the JVM. This exception is unexpected behavior.
string	androidx.localbroadcastmanager.content.DRV.imMVfzCKle	kjonnlsWPbceLuh	     
string	androidx.localbroadcastmanager.content.DRV.imMVfzCKle	mknocmEzQjMN	logSource
string	androidx.localbroadcastmanager.content.DRV.imMVfzCKle	nbFZLPh	zzn
string	androidx.localbroadcastmanager.content.DRV.imMVfzCKle	qAEbQrQYps	ad_impression
string	androidx.localbroadcastmanager.content.DRV.imMVfzCKle	qTsk	TIT2
string	androidx.localbroadcastmanager.content.DRV.imMVfzCKle	rUJwyug	gads:video_exo_player:byte_buffer_precache_limit
string	androidx.localbroadcastmanager.content.DRV.imMVfzCKle	sjjkUT	
string	androidx.localbroadcastmanager.content.DRV.imMVfzCKle	srIKL	android.media.property.OUTPUT_SAMPLE_RATE
string	androidx.localbroadcastmanager.content.DRV.imMVfzCKle	tVzEJO	zzh
string	androidx.localbroadcastmanager.content.DRV.imMVfzCKle	usEEp	session state invalid
string	androidx.localbroadcastmanager.content.DRV.imMVfzCKle	vYE	Blis
string	androidx.localbroadcastmanager.content.DRV.imMVfzCKle	vdXpBYBpOQUUrwP	IMG_16_9_LINK
string	androidx.localbroadcastmanager.content.DRV.imMVfzCKle	xDRevGcSJjl	user_location
string	androidx.localbroadcastmanager.content.DRV.imMVfzCKle	yBVeY	No activity
string	androidx.localbroadcastmanager.content.DRV.imMVfzCKle	ykUbCkbUxyHXo	Cannot load index pod ad as the current ad is not viewable
string	androidx.localbroadcastmanager.content.DRV.imMVfzCKle	zjXw	mobileController_0.html
string	androidx.preference.internal.rCT.HCHhVHhnK	CsdGxaCISk	cau
string	androidx.preference.internal.rCT.HCHhVHhnK	EPXbSWr	
string	androidx.preference.internal.rCT.HCHhVHhnK	EmszB	Missing required properties:
string	androidx.preference.internal.rCT.HCHhVHhnK	EsaMCUe	/Audio_Lab/CLONE_AUDIO
string	androidx.preference.internal.rCT.HCHhVHhnK	FgedwYaGFeDJPf	AdExoPlayerView.onError
string	androidx.preference.internal.rCT.HCHhVHhnK	Iva	audio
string	androidx.preference.internal.rCT.HCHhVHhnK	JWtcKakxnyWlH	schedule failed (queue is shutdown)
string	androidx.preference.internal.rCT.HCHhVHhnK	LDuCaHiR	artist
string	androidx.preference.internal.rCT.HCHhVHhnK	MfYZ	EEEE, dd-MMM-yy HH:mm:ss zzz
string	androidx.preference.internal.rCT.HCHhVHhnK	NwI	PRAGMA synchronous = FULL
string	androidx.preference.internal.rCT.HCHhVHhnK	OSQbW	android.intent.action.VIEW
string	androidx.preference.internal.rCT.HCHhVHhnK	QOVYDFukHykdY	zze
string	androidx.preference.internal.rCT.HCHhVHhnK	SbqESVpMyNNCtWb	Bad URL 
string	androidx.preference.internal.rCT.HCHhVHhnK	VYOlFbWaUbFqsh	instanceType
string	androidx.preference.internal.rCT.HCHhVHhnK	VZOtKZ	Event created with reverse previous/current timestamps. appId, name
string	androidx.preference.internal.rCT.HCHhVHhnK	VhL	Class initialization cannot fail.
string	androidx.preference.internal.rCT.HCHhVHhnK	WnQcPaSG	property_filters
string	androidx.preference.internal.rCT.HCHhVHhnK	XYKjcRy	FirebaseSessions
string	androidx.preference.internal.rCT.HCHhVHhnK	YMGkXiFUXm	Receive
string	androidx.preference.internal.rCT.HCHhVHhnK	ZENdWMARpKuif	FETCH_FROM_SERVER_WITH_LOCAL_FALLBACK
string	androidx.preference.internal.rCT.HCHhVHhnK	ckJkYmMA	mp4
string	androidx.preference.internal.rCT.HCHhVHhnK	eQcIPr	consent_flow_debug_user_geography
string	androidx.preference.internal.rCT.HCHhVHhnK	ftOfDboikTSlKM	invoke(Ljava/lang/Throwable;)V
string	androidx.preference.internal.rCT.HCHhVHhnK	gQAHjKcq	\\r
string	androidx.preference.internal.rCT.HCHhVHhnK	haIbDggck	end index (%s) must not be less than start index (%s)
string	androidx.preference.internal.rCT.HCHhVHhnK	jiWeklAfgIm	submitAdReport called
string	androidx.preference.internal.rCT.HCHhVHhnK	lXVJTiWCRDKGPx	base
string	androidx.preference.internal.rCT.HCHhVHhnK	oUPYPFG	start cannot be negative
string	androidx.preference.internal.rCT.HCHhVHhnK	ofbvVHQRwefwOv	libmp3lame
string	androidx.preference.internal.rCT.HCHhVHhnK	ohp	adapter:
string	androidx.preference.internal.rCT.HCHhVHhnK	pIyrDnhDBWsXLX	Exception occurred while getting video controller
string	androidx.preference.internal.rCT.HCHhVHhnK	qEIcIosfrg	' is disabled. Signal collection ads with this adapter is disabled.
string	androidx.preference.internal.rCT.HCHhVHhnK	qKDhcLOy	channelConf=
string	androidx.preference.internal.rCT.HCHhVHhnK	rzpyCAVDLeyaIp	'}
string	androidx.preference.internal.rCT.HCHhVHhnK	vkbZ	, configuration=
string	androidx.preference.internal.rCT.HCHhVHhnK	vntgrCVRCQLKn	AES GCM SIV cipher is not available or is invalid.
string	androidx.preference.internal.rCT.HCHhVHhnK	yFhjdrkKltxe	, podIndex=
string	androidx.preference.internal.rCT.HCHhVHhnK	yzKjEM	translationXCurveUpwards
string	androidx.profileinstaller.qvuo.QsVNrn	AtdETaVEhiaTR	OTHER=
string	androidx.profileinstaller.qvuo.QsVNrn	CuItYZdmtLbvz	BYTES_LIST
string	androidx.profileinstaller.qvuo.QsVNrn	DPHQGcZpEKPH	mediaUrl
string	androidx.profileinstaller.qvuo.QsVNrn	DtjtTEARxLFU	GENRES
string	androidx.profileinstaller.qvuo.QsVNrn	FyddStYfkag	_display_name
string	androidx.profileinstaller.qvuo.QsVNrn	HhAXoOblwNtuqmg	u00
string	androidx.profileinstaller.qvuo.QsVNrn	HpvyfTqhtLzT	before
string	androidx.profileinstaller.qvuo.QsVNrn	IpKrjtKyyfVfIuc	is_pending
string	androidx.profileinstaller.qvuo.QsVNrn	JPegwtjYa	SHA256
string	androidx.profileinstaller.qvuo.QsVNrn	KmXALSYSmGOmqkq	PB2-670M
string	androidx.profileinstaller.qvuo.QsVNrn	KxijzZNAH	loadBanner
string	androidx.profileinstaller.qvuo.QsVNrn	LkKfsey	c2.android.
string	androidx.profileinstaller.qvuo.QsVNrn	NKOsrg	hcp
string	androidx.profileinstaller.qvuo.QsVNrn	PudZy	/boo.mp3
string	androidx.profileinstaller.qvuo.QsVNrn	QOhYWjSdOVKB	components
string	androidx.profileinstaller.qvuo.QsVNrn	RHAxoVFRhPmWTx	RemoteException calling handleNotificationIntent: 
string	androidx.profileinstaller.qvuo.QsVNrn	RHEP	advertising_id
string	androidx.profileinstaller.qvuo.QsVNrn	RVZFAvTyntmm	load  
string	androidx.profileinstaller.qvuo.QsVNrn	RYrAHqAP	X_AES_GCM_8_BYTE_SALT_NO_PREFIX
string	androidx.profileinstaller.qvuo.QsVNrn	SYXlrKLXKdJa	zzL
string	androidx.profileinstaller.qvuo.QsVNrn	SaXiMLpPJ	last_bundled_day
string	androidx.profileinstaller.qvuo.QsVNrn	UZAST	adUnitsReady(
string	androidx.profileinstaller.qvuo.QsVNrn	VmxkpFwHKQ	load already in progress
string	androidx.profileinstaller.qvuo.QsVNrn	XNLTcgND	L30
string	androidx.profileinstaller.qvuo.QsVNrn	YWkHRORx	#007 Could not call remote method.
string	androidx.profileinstaller.qvuo.QsVNrn	ZIkJdYAGOm	#007 Could not call remote method.
string	androidx.profileinstaller.qvuo.QsVNrn	gtE	health_monitor:start
string	androidx.profileinstaller.qvuo.QsVNrn	iZfIDtT	
string	androidx.profileinstaller.qvuo.QsVNrn	jlIBnm	, disableUi=
string	androidx.profileinstaller.qvuo.QsVNrn	kabltM	Can't get the number of an unknown enum value.
string	androidx.profileinstaller.qvuo.QsVNrn	mEHwEdv	, ramUsed=
string	androidx.profileinstaller.qvuo.QsVNrn	moRXlF	
string	androidx.profileinstaller.qvuo.QsVNrn	nATTWvAWVfZfcV	partner_gdpr_consent_available
string	androidx.profileinstaller.qvuo.QsVNrn	pbQQSW	, 
string	androidx.profileinstaller.qvuo.QsVNrn	phEnlcOOFevgL	UTF-8
string	androidx.profileinstaller.qvuo.QsVNrn	qFsQhB	format=mpd-time-csf
string	androidx.profileinstaller.qvuo.QsVNrn	qbbwHPp	android.intent.action.CREATE_DOCUMENT
string	androidx.profileinstaller.qvuo.QsVNrn	raxrzoadLubqMS	Punk
string	androidx.profileinstaller.qvuo.QsVNrn	sswjgjskDn	punch.mp3
string	androidx.profileinstaller.qvuo.QsVNrn	tsxxlgBSSggWwk	setState
string	androidx.profileinstaller.qvuo.QsVNrn	vkMfNu	#007 Could not call remote method.
string	androidx.profileinstaller.qvuo.QsVNrn	yHhqpsVlkBnZfes	tmtp
string	androidx.profileinstaller.qvuo.QsVNrn	yROlwAUMGLXafBU	TR
string	androidx.profileinstaller.qvuo.QsVNrn	yzd	#007 Could not call remote method.
string	androidx.versionedparcelable.zwi.luSSb	APJEbBxSzOzJn	application/x-mp4-vtt
string	androidx.versionedparcelable.zwi.luSSb	AWpBw	 will be deleted instead
string	androidx.versionedparcelable.zwi.luSSb	BHkvgmHhH	user_type
string	androidx.versionedparcelable.zwi.luSSb	CORoDIzSESck	Unable to render ad at position: 
string	androidx.versionedparcelable.zwi.luSSb	FZCENUadTDOWmKM	file '
string	androidx.versionedparcelable.zwi.luSSb	GEFzuhAjmedzqP	should_show_title
string	androidx.versionedparcelable.zwi.luSSb	GKvShZgUJKD	_preferences
string	androidx.versionedparcelable.zwi.luSSb	HZpauRUzaebUYV	ALBUM
string	androidx.versionedparcelable.zwi.luSSb	IKYXodDzPvPYFO	Unable to query display refresh rate
string	androidx.versionedparcelable.zwi.luSSb	JJohjT	video
string	androidx.versionedparcelable.zwi.luSSb	JWVXxyQdMNVbeMj	kotlin.Function9
string	androidx.versionedparcelable.zwi.luSSb	JstkiIkmgAOr	IronSource_
string	androidx.versionedparcelable.zwi.luSSb	MEszOANt	unsyncronisation
string	androidx.versionedparcelable.zwi.luSSb	MFLgYUfNaQ	APPLY
string	androidx.versionedparcelable.zwi.luSSb	NQrqjxCezTmqP	providerDefaultInstance
string	androidx.versionedparcelable.zwi.luSSb	NUkr	CORE_CMP_ID
string	androidx.versionedparcelable.zwi.luSSb	OShfulYVNOu	*/
string	androidx.versionedparcelable.zwi.luSSb	PfBRVPpUfhJhxM	vs_ms
string	androidx.versionedparcelable.zwi.luSSb	QqFpWTCu	Fetching remote configuration
string	androidx.versionedparcelable.zwi.luSSb	RHpcCQbQ	=
string	androidx.versionedparcelable.zwi.luSSb	RihfJJs	\\d+
string	androidx.versionedparcelable.zwi.luSSb	SIBwl	Could not open log file: 
string	androidx.versionedparcelable.zwi.luSSb	TCYf	AUTO_TUNE_AUDIO_FOLDER
string	androidx.versionedparcelable.zwi.luSSb	VYI	 mCommitted=
string	androidx.versionedparcelable.zwi.luSSb	VfXBUOaiqZQ	ms...
string	androidx.versionedparcelable.zwi.luSSb	ZMGIXGpihe	WebViewController: onResume() - 
string	androidx.versionedparcelable.zwi.luSSb	ZwDrBlM	-metadata
string	androidx.versionedparcelable.zwi.luSSb	asizsi	user_id
string	androidx.versionedparcelable.zwi.luSSb	cBtcV	mshop activity not found
string	androidx.versionedparcelable.zwi.luSSb	cYdBywDg	MEG24O0q7awNaelraWn+3ttzyyjUPdINDQhT32ek/uA=
string	androidx.versionedparcelable.zwi.luSSb	dDSFj	app_package
string	androidx.versionedparcelable.zwi.luSSb	dazyRSnVfuVTybj	Video 39 sec link
string	androidx.versionedparcelable.zwi.luSSb	fEdQqlLHgIB	10 min
string	androidx.versionedparcelable.zwi.luSSb	foouHvIae	Container size too small: Banner may not display correctly.
string	androidx.versionedparcelable.zwi.luSSb	gpdskcKHFOE	shouldRestore:
string	androidx.versionedparcelable.zwi.luSSb	hUyYmvh	PROTOCOL_ERROR: TYPE_PUSH_PROMISE streamId == 0
string	androidx.versionedparcelable.zwi.luSSb	iFUWcZQtnL	audio/eac3
string	androidx.versionedparcelable.zwi.luSSb	izXxVhkn	AndroidOpenSSL
string	androidx.versionedparcelable.zwi.luSSb	kfnbXRFgaJDc	, period=
string	androidx.versionedparcelable.zwi.luSSb	mljrtjndzEajhD	notify-cache-hit
string	androidx.versionedparcelable.zwi.luSSb	nYj	gads:scar_signal_comparison_experiment:enabled
string	androidx.versionedparcelable.zwi.luSSb	oCiCgRRHverAzsX	Background execution failure.
string	androidx.versionedparcelable.zwi.luSSb	qWbwVOqA	CROP_FLIP_HORIZONTALLY
string	androidx.versionedparcelable.zwi.luSSb	rsfsn	Google
string	androidx.versionedparcelable.zwi.luSSb	sEgZJY	SUPERPOWER
string	androidx.versionedparcelable.zwi.luSSb	sKr	ASSISTANT_SETTINGS
string	androidx.versionedparcelable.zwi.luSSb	tRZK	gads:attribution_reporting_supported_signal_timeout_duration_in_ms
string	androidx.versionedparcelable.zwi.luSSb	wpCzM	#007 Could not call remote method.
string	androidx.versionedparcelable.zwi.luSSb	xjq	THEME_RES_ID_KEY
string	androidx.versionedparcelable.zwi.luSSb	yapSLq	getParams
string	androidx.versionedparcelable.zwi.luSSb	ynSIq	TLS_ECDH_ECDSA_WITH_AES_256_GCM_SHA384
string	com.applovin.shadow.okhttp3.internal.connection.PF.GnjLFjSIaRTAD	ACpyJUcpXubvn	_cmp
string	com.applovin.shadow.okhttp3.internal.connection.PF.GnjLFjSIaRTAD	BzgdU	WARN
string	com.applovin.shadow.okhttp3.internal.connection.PF.GnjLFjSIaRTAD	DvJfveEG	\n            |}\n        
string	com.applovin.shadow.okhttp3.internal.connection.PF.GnjLFjSIaRTAD	FeKcaYvpKH	private
string	com.applovin.shadow.okhttp3.internal.connection.PF.GnjLFjSIaRTAD	IsoXdiWMnsd	getExitAnim=
string	com.applovin.shadow.okhttp3.internal.connection.PF.GnjLFjSIaRTAD	JhUj	-y
string	com.applovin.shadow.okhttp3.internal.connection.PF.GnjLFjSIaRTAD	KIGryWSGcXgWz	template
string	com.applovin.shadow.okhttp3.internal.connection.PF.GnjLFjSIaRTAD	KLSFVb	No digests provided
string	com.applovin.shadow.okhttp3.internal.connection.PF.GnjLFjSIaRTAD	LYaI	suggest_intent_action
string	com.applovin.shadow.okhttp3.internal.connection.PF.GnjLFjSIaRTAD	MtMSyIiorvYqdHE	gads:policy_validator_overlay_width:dp
string	com.applovin.shadow.okhttp3.internal.connection.PF.GnjLFjSIaRTAD	NnJZECQIrKrtC	0000ffff
string	com.applovin.shadow.okhttp3.internal.connection.PF.GnjLFjSIaRTAD	NtTwbHZvrgu	NETWORK_TYPE_EHRPD
string	com.applovin.shadow.okhttp3.internal.connection.PF.GnjLFjSIaRTAD	OoForu	wma
string	com.applovin.shadow.okhttp3.internal.connection.PF.GnjLFjSIaRTAD	PehSYohB	unexpected path segment: 
string	com.applovin.shadow.okhttp3.internal.connection.PF.GnjLFjSIaRTAD	QScuTMyxKZq	RefreshToken
string	com.applovin.shadow.okhttp3.internal.connection.PF.GnjLFjSIaRTAD	QiuHYrJPNLd	#007 Could not call remote method.
string	com.applovin.shadow.okhttp3.internal.connection.PF.GnjLFjSIaRTAD	QnCPEudbbIAR	getsockname failed
string	com.applovin.shadow.okhttp3.internal.connection.PF.GnjLFjSIaRTAD	RCc	com.google.android.gms.ads.dynamite
string	com.applovin.shadow.okhttp3.internal.connection.PF.GnjLFjSIaRTAD	SZMBooNyyhjWX	auxiliary.tracks.offset
string	com.applovin.shadow.okhttp3.internal.connection.PF.GnjLFjSIaRTAD	TjaZero	zzq
string	com.applovin.shadow.okhttp3.internal.connection.PF.GnjLFjSIaRTAD	TzLWV	send_http_request_v2
string	com.applovin.shadow.okhttp3.internal.connection.PF.GnjLFjSIaRTAD	UPeVIgAZry	OkHttp
string	com.applovin.shadow.okhttp3.internal.connection.PF.GnjLFjSIaRTAD	VAlnqb	MergingMediaSource
string	com.applovin.shadow.okhttp3.internal.connection.PF.GnjLFjSIaRTAD	VQJbYaKiTBSkNR	BETWEEN_55_AND_65
string	com.applovin.shadow.okhttp3.internal.connection.PF.GnjLFjSIaRTAD	WZXUUi	GW
string	com.applovin.shadow.okhttp3.internal.connection.PF.GnjLFjSIaRTAD	WpSdTRCuhKjm	TimedEventList
string	com.applovin.shadow.okhttp3.internal.connection.PF.GnjLFjSIaRTAD	WwUHiLBjlUkVZa	, isValidated=
string	com.applovin.shadow.okhttp3.internal.connection.PF.GnjLFjSIaRTAD	ZoDRVhG	start
string	com.applovin.shadow.okhttp3.internal.connection.PF.GnjLFjSIaRTAD	cAgzLoivIldKGfd	Operation is not supported for read-only collection
string	com.applovin.shadow.okhttp3.internal.connection.PF.GnjLFjSIaRTAD	crBtUgq	zzc
string	com.applovin.shadow.okhttp3.internal.connection.PF.GnjLFjSIaRTAD	dPf	open
string	com.applovin.shadow.okhttp3.internal.connection.PF.GnjLFjSIaRTAD	efbGwcc	autoSearch
string	com.applovin.shadow.okhttp3.internal.connection.PF.GnjLFjSIaRTAD	gBM	 LIMIT 0
string	com.applovin.shadow.okhttp3.internal.connection.PF.GnjLFjSIaRTAD	hyBRkubgNh	pt
string	com.applovin.shadow.okhttp3.internal.connection.PF.GnjLFjSIaRTAD	iPmlnA	}
string	com.applovin.shadow.okhttp3.internal.connection.PF.GnjLFjSIaRTAD	jAVmwKJxirz	Trailer
string	com.applovin.shadow.okhttp3.internal.connection.PF.GnjLFjSIaRTAD	kAdFPVp	: Invalid argument to generate PAIDv1 on 3p traffic, Ad ID is not null, package name is 
string	com.applovin.shadow.okhttp3.internal.connection.PF.GnjLFjSIaRTAD	kvBq	paslbaf
string	com.applovin.shadow.okhttp3.internal.connection.PF.GnjLFjSIaRTAD	lfeudyY	TAG
string	com.applovin.shadow.okhttp3.internal.connection.PF.GnjLFjSIaRTAD	mPPBZb	Failed to delete new file 
string	com.applovin.shadow.okhttp3.internal.connection.PF.GnjLFjSIaRTAD	naumjOm	USAGE_NOTIFICATION
string	com.applovin.shadow.okhttp3.internal.connection.PF.GnjLFjSIaRTAD	oLNAkCeUcHZmDKZ	cache:
string	com.applovin.shadow.okhttp3.internal.connection.PF.GnjLFjSIaRTAD	rNpQmSmfGDGXllY	app
string	com.applovin.shadow.okhttp3.internal.connection.PF.GnjLFjSIaRTAD	rUC	com.amazon.device.ads.dtb.debug.override
string	com.applovin.shadow.okhttp3.internal.connection.PF.GnjLFjSIaRTAD	sZQR	pae_ms
string	com.applovin.shadow.okhttp3.internal.connection.PF.GnjLFjSIaRTAD	sqOMjITNsbUk	android.settings.APP_NOTIFICATION_SETTINGS
string	com.applovin.shadow.okhttp3.internal.connection.PF.GnjLFjSIaRTAD	uYrIysHFYpEX	allow_pub_owned_ad_view
string	com.applovin.shadow.okhttp3.internal.connection.PF.GnjLFjSIaRTAD	vmEEaYrRRb	 (
string	com.applovin.shadow.okhttp3.internal.connection.PF.GnjLFjSIaRTAD	wNciRvI	GROUP
string	com.applovin.shadow.okhttp3.internal.connection.PF.GnjLFjSIaRTAD	zCmDq	Impossible
string	com.facebook.ads.internal.context.RAd.ltRz	BZjfhJocksbhLzv	Error image already set.
string	com.facebook.ads.internal.context.RAd.ltRz	BohThzFrFk	EES not loaded for
string	com.facebook.ads.internal.context.RAd.ltRz	EtCeFQmA	zzv
string	com.facebook.ads.internal.context.RAd.ltRz	HpmwloQnOGyfe	_data
string	com.facebook.ads.internal.context.RAd.ltRz	IffIGQswZsFc	gads:fc_consent:shared_preference_reading:enabled
string	com.facebook.ads.internal.context.RAd.ltRz	JrNQUsgFXojQi	Callbacks must set parent bounds or screen bounds in populateNodeForVirtualViewId()
string	com.facebook.ads.internal.context.RAd.ltRz	KCStKoQdvjWAS	android.media.metadata.USER_RATING
string	com.facebook.ads.internal.context.RAd.ltRz	KyYEF	interstitial
string	com.facebook.ads.internal.context.RAd.ltRz	NGBZgKJ	ContentFetchTask.processWebViewContent
string	com.facebook.ads.internal.context.RAd.ltRz	NJZw	expandable_h_close_button_margin
string	com.facebook.ads.internal.context.RAd.ltRz	TYyFBxa	The Android Project
string	com.facebook.ads.internal.context.RAd.ltRz	WkpKc	bid_response
string	com.facebook.ads.internal.context.RAd.ltRz	bNBqOEwsjJDRR	\tbitsPerSample:
string	com.facebook.ads.internal.context.RAd.ltRz	bUy	Number too large: 
string	com.facebook.ads.internal.context.RAd.ltRz	bYMm	device
string	com.facebook.ads.internal.context.RAd.ltRz	brToIe	false
string	com.facebook.ads.internal.context.RAd.ltRz	cbgDeBzAYrPmQaD	
string	com.facebook.ads.internal.context.RAd.ltRz	fEbzsc	mobile
string	com.facebook.ads.internal.context.RAd.ltRz	fGuZPJn	#004 The webview is destroyed. Ignoring action.
string	com.facebook.ads.internal.context.RAd.ltRz	hEUhPBLmkmQY	
string	com.facebook.ads.internal.context.RAd.ltRz	heLLULmfdAK	Over-writing contents of 
string	com.facebook.ads.internal.context.RAd.ltRz	iSVdvrHBIeRT	UPDATE workspec SET stop_reason = CASE WHEN state=1 THEN 1 ELSE -256 END, state=5 WHERE id=?
string	com.facebook.ads.internal.context.RAd.ltRz	jOGbRuINYwf	{
string	com.facebook.ads.internal.context.RAd.ltRz	jZjPQMZu	zzat
string	com.facebook.ads.internal.context.RAd.ltRz	mVLCTJ	gads:signal:paid_v1_3p_on_admob:enabled
string	com.facebook.ads.internal.context.RAd.ltRz	nWYxzoAnhSmobqP	Could not get isVideo; SDK encountered unexpected error
string	com.facebook.ads.internal.context.RAd.ltRz	pThstQyH	call to 'resume' before 'invoke' with coroutine
string	com.facebook.ads.internal.context.RAd.ltRz	rDCyfjG	accountid
string	com.facebook.ads.internal.context.RAd.ltRz	rMe	LOADED
string	com.facebook.ads.internal.context.RAd.ltRz	sHuQBkonGHN	keysToInclude
string	com.facebook.ads.internal.context.RAd.ltRz	upgjmDJrfB	landingsCompleteSuccess
string	com.facebook.ads.internal.context.RAd.ltRz	wNXt	kotlin.Function6
string	com.facebook.ads.internal.context.RAd.ltRz	wzQ	The file has a length of zero for session: 
string	com.facebook.ads.internal.context.RAd.ltRz	yYRDTVJeJ	companionView
string	com.facebook.ads.internal.context.RAd.ltRz	zVdxNbWzsiDmsl	android.intent.action.SCREEN_OFF
string	com.facebook.ads.internal.util.parcelable.jBtx.VHTenHeDIPzoqu	AjgjJ	isWindowVisible
string	com.facebook.ads.internal.util.parcelable.jBtx.VHTenHeDIPzoqu	AltqDBhVRqo	Malformed config loading JSON.
string	com.facebook.ads.internal.util.parcelable.jBtx.VHTenHeDIPzoqu	EOkMbxHSdf	advertisingIdType
string	com.facebook.ads.internal.util.parcelable.jBtx.VHTenHeDIPzoqu	EmfNDdHq	file
string	com.facebook.ads.internal.util.parcelable.jBtx.VHTenHeDIPzoqu	FPqNxcfW	available
string	com.facebook.ads.internal.util.parcelable.jBtx.VHTenHeDIPzoqu	JKAUHuOoA	BUFFERED
string	com.facebook.ads.internal.util.parcelable.jBtx.VHTenHeDIPzoqu	KBH	mp4
string	com.facebook.ads.internal.util.parcelable.jBtx.VHTenHeDIPzoqu	KWo	standard
string	com.facebook.ads.internal.util.parcelable.jBtx.VHTenHeDIPzoqu	LGFka	VIDE
string	com.facebook.ads.internal.util.parcelable.jBtx.VHTenHeDIPzoqu	LZMQZTNsfVLw	content-language
string	com.facebook.ads.internal.util.parcelable.jBtx.VHTenHeDIPzoqu	NYUvIogkqSBuFB	audience_id
string	com.facebook.ads.internal.util.parcelable.jBtx.VHTenHeDIPzoqu	OAJFY	extra_client_version
string	com.facebook.ads.internal.util.parcelable.jBtx.VHTenHeDIPzoqu	OVD	Mediation ad failed to show: 
string	com.facebook.ads.internal.util.parcelable.jBtx.VHTenHeDIPzoqu	PdgkYWt	REFRESH
string	com.facebook.ads.internal.util.parcelable.jBtx.VHTenHeDIPzoqu	PknRZNMISpCW	Asturian; Bable
string	com.facebook.ads.internal.util.parcelable.jBtx.VHTenHeDIPzoqu	QRgPIBQal	gws_query_id
string	com.facebook.ads.internal.util.parcelable.jBtx.VHTenHeDIPzoqu	QzdUViNjsB	%s
string	com.facebook.ads.internal.util.parcelable.jBtx.VHTenHeDIPzoqu	TFREBCv	Failed to parse the message.
string	com.facebook.ads.internal.util.parcelable.jBtx.VHTenHeDIPzoqu	XHrEwFAiU	' to JSONObject deep copy
string	com.facebook.ads.internal.util.parcelable.jBtx.VHTenHeDIPzoqu	ZANKJxX	TSOP
string	com.facebook.ads.internal.util.parcelable.jBtx.VHTenHeDIPzoqu	bGSpryKWcp	item_category5
string	com.facebook.ads.internal.util.parcelable.jBtx.VHTenHeDIPzoqu	bcdKoWvZVxHwuV	SDK 
string	com.facebook.ads.internal.util.parcelable.jBtx.VHTenHeDIPzoqu	cQipzozq	transactionContext
string	com.facebook.ads.internal.util.parcelable.jBtx.VHTenHeDIPzoqu	dhRVYeWGnezY	bur
string	com.facebook.ads.internal.util.parcelable.jBtx.VHTenHeDIPzoqu	dvnrCP	Failed to load interstitial ad with error: 
string	com.facebook.ads.internal.util.parcelable.jBtx.VHTenHeDIPzoqu	eBm	com.google.android.gms.ads.internal.mediation.client.IUnifiedNativeAdMapper
string	com.facebook.ads.internal.util.parcelable.jBtx.VHTenHeDIPzoqu	eOukFAgXXLhRCIv	DEBUG_USER_GEOGRAPHY
string	com.facebook.ads.internal.util.parcelable.jBtx.VHTenHeDIPzoqu	fAIOkQq	/track_click
string	com.facebook.ads.internal.util.parcelable.jBtx.VHTenHeDIPzoqu	fOSmJfoA	WAS
string	com.facebook.ads.internal.util.parcelable.jBtx.VHTenHeDIPzoqu	hAnmpIQjwrzOu	unchecked
string	com.facebook.ads.internal.util.parcelable.jBtx.VHTenHeDIPzoqu	haaVjcvHJsMBTmz	accept-encoding
string	com.facebook.ads.internal.util.parcelable.jBtx.VHTenHeDIPzoqu	kRndHtkRaoNSufG	flags
string	com.facebook.ads.internal.util.parcelable.jBtx.VHTenHeDIPzoqu	kWGgQBLDW	varying vec2 interp_tc_y;\nvarying vec2 interp_tc_u;\nvarying vec2 interp_tc_v;\nattribute vec4 in_pos;\nattribute vec2 in_tc_y;\nattribute vec2 in_tc_u;\nattribute vec2 in_tc_v;\nvoid main() {\n  gl_Position = in_pos;\n  interp_tc_y = in_tc_y;\n  interp_tc_u = in_tc_u;\n  interp_tc_v = in_tc_v;\n}\n
string	com.facebook.ads.internal.util.parcelable.jBtx.VHTenHeDIPzoqu	loWJRghKSN	], sampleSize: 
string	com.facebook.ads.internal.util.parcelable.jBtx.VHTenHeDIPzoqu	oCnljNxTKfKVo	android.resource
string	com.facebook.ads.internal.util.parcelable.jBtx.VHTenHeDIPzoqu	pkssZCyXN	com.google.android.gms.ads.internal.client.IAdPreloadCallback
string	com.facebook.ads.internal.util.parcelable.jBtx.VHTenHeDIPzoqu	qpzn	CENTER
string	com.facebook.ads.internal.util.parcelable.jBtx.VHTenHeDIPzoqu	rGu	zzx
string	com.facebook.ads.internal.util.parcelable.jBtx.VHTenHeDIPzoqu	sVLwuOQxpeKR	-acodec
string	com.facebook.ads.internal.util.parcelable.jBtx.VHTenHeDIPzoqu	twOwy	https://github.com/google/gson/blob/main/Troubleshooting.md#java-lang-class-unsupported
string	com.facebook.ads.internal.util.parcelable.jBtx.VHTenHeDIPzoqu	vBMGVhFroqe	audio/x-matroska
string	com.facebook.ads.internal.util.parcelable.jBtx.VHTenHeDIPzoqu	veUelZoZIIIFIXn	zzd
string	com.facebook.ads.internal.util.parcelable.jBtx.VHTenHeDIPzoqu	wlbDjAHGMeAb	\\n
string	com.facebook.ads.internal.util.parcelable.jBtx.VHTenHeDIPzoqu	yldjjSOv	Missing required properties: tokenExpirationTimestamp
string	com.getkeepsafe.relinker.ZS.GKFVsyQY	ABXFa	 mStopped=
string	com.getkeepsafe.relinker.ZS.GKFVsyQY	GVcChbU	call to 'resume' before 'invoke' with coroutine
string	com.getkeepsafe.relinker.ZS.GKFVsyQY	GaVJFlrRxKegwZ	);
string	com.getkeepsafe.relinker.ZS.GKFVsyQY	Gwms	ad_format
string	com.getkeepsafe.relinker.ZS.GKFVsyQY	HBlyl	Process audio 
string	com.getkeepsafe.relinker.ZS.GKFVsyQY	HtF	PUT
string	com.getkeepsafe.relinker.ZS.GKFVsyQY	InjQWYjRQGdg	hin
string	com.getkeepsafe.relinker.ZS.GKFVsyQY	KRdnRyxJV	===MAX Terms and Privcay Policy Flow===
string	com.getkeepsafe.relinker.ZS.GKFVsyQY	KoGYKdiwzKjLg	FirebaseCrashlytics
string	com.getkeepsafe.relinker.ZS.GKFVsyQY	LLwXODcx	qjscwwvl
string	com.getkeepsafe.relinker.ZS.GKFVsyQY	MMQqTc	engineer
string	com.getkeepsafe.relinker.ZS.GKFVsyQY	Mgxc	MEROITIC
string	com.getkeepsafe.relinker.ZS.GKFVsyQY	OFVtTQlIRjCiZdD	application_build
string	com.getkeepsafe.relinker.ZS.GKFVsyQY	PioZGQcLpGuy	NO_VALUE
string	com.getkeepsafe.relinker.ZS.GKFVsyQY	Qnqyhanr	partnerVersion
string	com.getkeepsafe.relinker.ZS.GKFVsyQY	RFYwVWiZRl	Priority
string	com.getkeepsafe.relinker.ZS.GKFVsyQY	SagI	Bmin
string	com.getkeepsafe.relinker.ZS.GKFVsyQY	TZccpwboORLRn	Unable to call setNativeAd on delegate
string	com.getkeepsafe.relinker.ZS.GKFVsyQY	UyzuB	Cannot scale with factor: 
string	com.getkeepsafe.relinker.ZS.GKFVsyQY	VCi	video/x-vnd.on2.vp9
string	com.getkeepsafe.relinker.ZS.GKFVsyQY	WIbpCDlbo	nativeBannerAd must be not null
string	com.getkeepsafe.relinker.ZS.GKFVsyQY	WipLJvyjltK	AUDIO_RECORDING
string	com.getkeepsafe.relinker.ZS.GKFVsyQY	WxEuEpbzpNYQ	XSOP
string	com.getkeepsafe.relinker.ZS.GKFVsyQY	XSbKE	HTTP status code 
string	com.getkeepsafe.relinker.ZS.GKFVsyQY	XaKhPS	a0784d7a4716f3feb4f64e7f4b39bf04
string	com.getkeepsafe.relinker.ZS.GKFVsyQY	XqJpb	0V9JVvyt3Bayrmv2wcF6Quyy2CByPaxfUOIW2oxRu1E=
string	com.getkeepsafe.relinker.ZS.GKFVsyQY	Xtjyzcumr	functionName
string	com.getkeepsafe.relinker.ZS.GKFVsyQY	ZyGrkClUwm	Must not be called on GoogleApiHandler thread.
string	com.getkeepsafe.relinker.ZS.GKFVsyQY	aGeaMUcOaq	ResourceURL is null
string	com.getkeepsafe.relinker.ZS.GKFVsyQY	asKmZW	LogRemote | Exception: 
string	com.getkeepsafe.relinker.ZS.GKFVsyQY	cxsMLgx	oss
string	com.getkeepsafe.relinker.ZS.GKFVsyQY	dKwDaFBpVQr	Could not find SystemProperties.get() method
string	com.getkeepsafe.relinker.ZS.GKFVsyQY	dTdRbBBzcFS	ALBUM_ARTIST
string	com.getkeepsafe.relinker.ZS.GKFVsyQY	eWhZNCtgbuzHtfS	Sample descriptions (codec types, initialization etc.)
string	com.getkeepsafe.relinker.ZS.GKFVsyQY	ern	)
string	com.getkeepsafe.relinker.ZS.GKFVsyQY	fvfKHpnINmD	-safe
string	com.getkeepsafe.relinker.ZS.GKFVsyQY	ieaRAXCVuWosS	<!--
string	com.getkeepsafe.relinker.ZS.GKFVsyQY	lZr	Error querying for table
string	com.getkeepsafe.relinker.ZS.GKFVsyQY	lzFWdxTJ	a1][
string	com.getkeepsafe.relinker.ZS.GKFVsyQY	lzkwwynpUO	app_store
string	com.getkeepsafe.relinker.ZS.GKFVsyQY	oeJuyHmnNOz	can't load native ad - %s
string	com.getkeepsafe.relinker.ZS.GKFVsyQY	qGIDjhF	animationProgress
string	com.getkeepsafe.relinker.ZS.GKFVsyQY	vrklAkqoFsh	addListener
string	com.getkeepsafe.relinker.ZS.GKFVsyQY	yIaOfATGFms	Art Rock
string	com.getkeepsafe.relinker.ZS.GKFVsyQY	zyCvCBDZoKFUOGx	loadWithRetry error - 
string	com.google.ads.interactivemedia.v3.api.hx.iSaOiC	AcbcCHvtd	Ad [adId=
string	com.google.ads.interactivemedia.v3.api.hx.iSaOiC	DIuRpLMt	PjHrXBXcXoGkJe75zH8RZ0khapXmOV4o2gX+YgkGdus=
string	com.google.ads.interactivemedia.v3.api.hx.iSaOiC	GQtsxEXGnPvPiuu	.*\\.so$
string	com.google.ads.interactivemedia.v3.api.hx.iSaOiC	GxOaNIGNzs	BUILD_URL
string	com.google.ads.interactivemedia.v3.api.hx.iSaOiC	ILutNugHLRX	ID
string	com.google.ads.interactivemedia.v3.api.hx.iSaOiC	KbdtsVPQgMvk	UnknownHostException (no network)
string	com.google.ads.interactivemedia.v3.api.hx.iSaOiC	KiIvQdJCuZMUhB	PlaybackState {state=
string	com.google.ads.interactivemedia.v3.api.hx.iSaOiC	KlFEPMHELtR	Transfer-Encoding
string	com.google.ads.interactivemedia.v3.api.hx.iSaOiC	LNFFUv	myUserId invocation illegal
string	com.google.ads.interactivemedia.v3.api.hx.iSaOiC	MLxgUI	Loading failed due to non-bidding in bidding context.
string	com.google.ads.interactivemedia.v3.api.hx.iSaOiC	MjiqtN	AppLovinFullscreenActivity
string	com.google.ads.interactivemedia.v3.api.hx.iSaOiC	NndovvJPQF	onTaskStarted
string	com.google.ads.interactivemedia.v3.api.hx.iSaOiC	OJUyLljoOmnXfgl	REMOVE
string	com.google.ads.interactivemedia.v3.api.hx.iSaOiC	OUlTwtvy	Releasing %d waiting requests for cacheKey=%s.
string	com.google.ads.interactivemedia.v3.api.hx.iSaOiC	OeQstfIXCaCST	w
string	com.google.ads.interactivemedia.v3.api.hx.iSaOiC	PWFgQfBsOJyU	gads:csi:error_parsing:regex
string	com.google.ads.interactivemedia.v3.api.hx.iSaOiC	PfIvSrerS	run_in_foreground
string	com.google.ads.interactivemedia.v3.api.hx.iSaOiC	QHKZ	%.4g
string	com.google.ads.interactivemedia.v3.api.hx.iSaOiC	SFuZFdUxmmQ	_sysu
string	com.google.ads.interactivemedia.v3.api.hx.iSaOiC	UIAqeZJeHWM	HZ_48000
string	com.google.ads.interactivemedia.v3.api.hx.iSaOiC	UTEUsMSWyMQ	package_name_override
string	com.google.ads.interactivemedia.v3.api.hx.iSaOiC	VThUVesbrhCagQ	SFIXED32
string	com.google.ads.interactivemedia.v3.api.hx.iSaOiC	WaQrgK	thirdquartile
string	com.google.ads.interactivemedia.v3.api.hx.iSaOiC	YJqslvopj	Ad is in Immersive mode. supports(edge-to-edge) = false
string	com.google.ads.interactivemedia.v3.api.hx.iSaOiC	aSpoKXhgLGww	EventLogger
string	com.google.ads.interactivemedia.v3.api.hx.iSaOiC	aTBjgbyfEETuhy	.mpg
string	com.google.ads.interactivemedia.v3.api.hx.iSaOiC	arDajtlkB	ad_fetch_response_size
string	com.google.ads.interactivemedia.v3.api.hx.iSaOiC	aypASHPcaRJX	java.compiler
string	com.google.ads.interactivemedia.v3.api.hx.iSaOiC	bQJrwdFuRhMTW	Failure(statusCode=
string	com.google.ads.interactivemedia.v3.api.hx.iSaOiC	bZKPAkv	TCOP
string	com.google.ads.interactivemedia.v3.api.hx.iSaOiC	bifhZbMXW	TCM
string	com.google.ads.interactivemedia.v3.api.hx.iSaOiC	dbYCtA	zzR
string	com.google.ads.interactivemedia.v3.api.hx.iSaOiC	dmVXDGYQ	ORIGINAL_ARTIST
string	com.google.ads.interactivemedia.v3.api.hx.iSaOiC	eGIpCnBML	mediumblue
string	com.google.ads.interactivemedia.v3.api.hx.iSaOiC	iCVAMndPprI	Received GMSG: 
string	com.google.ads.interactivemedia.v3.api.hx.iSaOiC	ifupZztOxvs	dev
string	com.google.ads.interactivemedia.v3.api.hx.iSaOiC	ktWpfdmX	advertiser
string	com.google.ads.interactivemedia.v3.api.hx.iSaOiC	lECENfGbVitny	backing_track
string	com.google.ads.interactivemedia.v3.api.hx.iSaOiC	mZaWLpMsNLvFVEw	2.0
string	com.google.ads.interactivemedia.v3.api.hx.iSaOiC	nTZPFWSgvaLyI	
string	com.google.ads.interactivemedia.v3.api.hx.iSaOiC	nUMdlQr	Failed to delete a bundle in a queue table
string	com.google.ads.interactivemedia.v3.api.hx.iSaOiC	oqIgHmvL	Short Film
string	com.google.ads.interactivemedia.v3.api.hx.iSaOiC	oqnLXXuXSQO	 "':;<=>@[]^`{}|/\\?#&!$(),~
string	com.google.ads.interactivemedia.v3.api.hx.iSaOiC	quvZAYpMQnWP	PlaybackVidGraphWrapper
string	com.google.ads.interactivemedia.v3.api.hx.iSaOiC	riyJVLuMYXCzn	ad load in progress. ignore load
string	com.google.ads.interactivemedia.v3.api.hx.iSaOiC	rxNiENMzkqTDlv	visible_ad_ad_unit_id
string	com.google.ads.interactivemedia.v3.api.hx.iSaOiC	sAMcgYiLUtBCZQf	TEXT
string	com.google.ads.interactivemedia.v3.api.hx.iSaOiC	sAUnrtJIBVyUG	version
string	com.google.ads.interactivemedia.v3.api.hx.iSaOiC	sNiVzHeN	CappingManager.IS_PACING_ENABLED
string	com.google.ads.interactivemedia.v3.api.hx.iSaOiC	sbjVJIXoaWouFG	gads:video:use_range_http_data_source
string	com.google.ads.interactivemedia.v3.api.hx.iSaOiC	tWxsSC	
string	com.google.ads.interactivemedia.v3.api.hx.iSaOiC	xkEcjoFst	Task was cancelled.
string	com.google.ads.interactivemedia.v3.api.hx.iSaOiC	yBLyjyDiognoH	NATIVE
string	com.google.ads.interactivemedia.v3.api.hx.iSaOiC	zEzMrrpknFis	Skipping failed audience ID
string	com.google.ads.interactivemedia.v3.api.hx.iSaOiC	zgZPJTP	:delays=
string	com.google.ads.mediation.admob.jW.QfspNmJEFNXaO	BZr	xyz: latitude=
string	com.google.ads.mediation.admob.jW.QfspNmJEFNXaO	DIJ	audiolab-02
string	com.google.ads.mediation.admob.jW.QfspNmJEFNXaO	HJehEJ	Internal Error, query info generator is null.
string	com.google.ads.mediation.admob.jW.QfspNmJEFNXaO	JNJ	UNKNOWN
string	com.google.ads.mediation.admob.jW.QfspNmJEFNXaO	KdZwXJZN	DUMMY
string	com.google.ads.mediation.admob.jW.QfspNmJEFNXaO	LDDqzOIZlu	FirebaseCrashlytics
string	com.google.ads.mediation.admob.jW.QfspNmJEFNXaO	LWmXzOJA	Banda
string	com.google.ads.mediation.admob.jW.QfspNmJEFNXaO	LdeiCVgYp	countdownTextView
string	com.google.ads.mediation.admob.jW.QfspNmJEFNXaO	NfKAUeyDqVsRmP	) cannot be set as a dimension when using stepSize(
string	com.google.ads.mediation.admob.jW.QfspNmJEFNXaO	OdTtQNwiQ	closed
string	com.google.ads.mediation.admob.jW.QfspNmJEFNXaO	QZpUyGDpsSMHHsi	Text: Recording dates
string	com.google.ads.mediation.admob.jW.QfspNmJEFNXaO	RvAIonOTKwfP	unRegisterDeviceMuteEventListener
string	com.google.ads.mediation.admob.jW.QfspNmJEFNXaO	StFu	TLS_ECDHE_RSA_WITH_NULL_SHA
string	com.google.ads.mediation.admob.jW.QfspNmJEFNXaO	TNJFJhMcHpG	MUSICBRAINZ_ORIGINALALBUMID
string	com.google.ads.mediation.admob.jW.QfspNmJEFNXaO	VBytmIwIMk	h
string	com.google.ads.mediation.admob.jW.QfspNmJEFNXaO	VfRszSl	app_open
string	com.google.ads.mediation.admob.jW.QfspNmJEFNXaO	YPtEHnNk	
string	com.google.ads.mediation.admob.jW.QfspNmJEFNXaO	YVn	zzh
string	com.google.ads.mediation.admob.jW.QfspNmJEFNXaO	ZVgYLnwLB	android.support.v4.media.session.IMediaSession
string	com.google.ads.mediation.admob.jW.QfspNmJEFNXaO	bZl	An error occurred in the uncaught exception handler
string	com.google.ads.mediation.admob.jW.QfspNmJEFNXaO	hHPLQhJS	GMS remote exception 
string	com.google.ads.mediation.admob.jW.QfspNmJEFNXaO	hMxJKj	Config Validation Error
string	com.google.ads.mediation.admob.jW.QfspNmJEFNXaO	lpsCd	auctionId
string	com.google.ads.mediation.admob.jW.QfspNmJEFNXaO	mZmCFtGsbugwZ	
string	com.google.ads.mediation.admob.jW.QfspNmJEFNXaO	pbdr	run_attempt_count
string	com.google.ads.mediation.admob.jW.QfspNmJEFNXaO	qWwWbsHBWrpqq	This app is using a lightweight version of the Google Mobile Ads SDK that requires the latest Google Play services to be installed, but Google Play services is either missing or out of date.
string	com.google.ads.mediation.admob.jW.QfspNmJEFNXaO	qgrTqHMCW	setAdMetadataListener must be called on the main UI thread.
string	com.google.ads.mediation.admob.jW.QfspNmJEFNXaO	uuRMmyx	Defaulting auto refresh duration to 60 seconds.
string	com.google.ads.mediation.admob.jW.QfspNmJEFNXaO	vapH	UNKNOWN
string	com.google.ads.mediation.admob.jW.QfspNmJEFNXaO	xZPWbSWh	TIMER
string	com.google.ads.mediation.admob.jW.QfspNmJEFNXaO	xqXqo	sl6J6ogR1CQFBNHXqYqYlsoHhQEQ3GzqykotbgjuxxtAslvwVDD28XhO/FGDcWNY
string	com.google.ads.mediation.admob.jW.QfspNmJEFNXaO	yFe	Identifier is empty
string	com.google.ads.mediation.admob.jW.QfspNmJEFNXaO	yggosWtqsaypIM	onRewardedVideoAdClicked()
string	com.google.ads.mediation.admob.jW.QfspNmJEFNXaO	zrEbVAmYuwMW	zze
string	com.google.android.gms.ads.interstitial.TN.USujP	AAAPj	64-bit chunk offset
string	com.google.android.gms.ads.interstitial.TN.USujP	AMYV	AudioLab
string	com.google.android.gms.ads.interstitial.TN.USujP	BehMZTaIDpHy	DefaultAudioSink
string	com.google.android.gms.ads.interstitial.TN.USujP	Dvr	android.media.action.HDMI_AUDIO_PLUG
string	com.google.android.gms.ads.interstitial.TN.USujP	ESAOjvBzX	GPSMeasureMode
string	com.google.android.gms.ads.interstitial.TN.USujP	GBvQqMsyNLPHR	zzf
string	com.google.android.gms.ads.interstitial.TN.USujP	GIqO	AuthTabSessionToken must have either a session id or a callback (or both).
string	com.google.android.gms.ads.interstitial.TN.USujP	HwLICVXm	name
string	com.google.android.gms.ads.interstitial.TN.USujP	IrY	, getPublisherPurposesVersion()=
string	com.google.android.gms.ads.interstitial.TN.USujP	IurlpgFYx	DROP_WORK_REQUEST
string	com.google.android.gms.ads.interstitial.TN.USujP	LpuCnlpKRW	AdSessionContext is null
string	com.google.android.gms.ads.interstitial.TN.USujP	QiNQPlhaqwCxJB	android.media.action.HDMI_AUDIO_PLUG
string	com.google.android.gms.ads.interstitial.TN.USujP	QtXpYeLw	CryptoUtils.generateKey
string	com.google.android.gms.ads.interstitial.TN.USujP	QwKBLewjTRWozm	gads:v46_granular_version
string	com.google.android.gms.ads.interstitial.TN.USujP	REmNXgu	 and the current id is 
string	com.google.android.gms.ads.interstitial.TN.USujP	RwTfSVAkod	TAG
string	com.google.android.gms.ads.interstitial.TN.USujP	TVauKovyLcgiRF	
string	com.google.android.gms.ads.interstitial.TN.USujP	VgQELjuvRv	resume
string	com.google.android.gms.ads.interstitial.TN.USujP	aXhnSoljoQRS	0dB
string	com.google.android.gms.ads.interstitial.TN.USujP	bKpLqRCl	\n
string	com.google.android.gms.ads.interstitial.TN.USujP	dywxVktkmmsNnS	
string	com.google.android.gms.ads.interstitial.TN.USujP	eTEbFipjd	user_location
string	com.google.android.gms.ads.interstitial.TN.USujP	fRTzEUorjr	DESC
string	com.google.android.gms.ads.interstitial.TN.USujP	gxKVmzYrh	android.support.v4.media.session.EXTRA_BINDER
string	com.google.android.gms.ads.interstitial.TN.USujP	ijqYE	Unable to get message info for 
string	com.google.android.gms.ads.interstitial.TN.USujP	jXfQ	view_hierarchy
string	com.google.android.gms.ads.interstitial.TN.USujP	jbpJ	HVXC
string	com.google.android.gms.ads.interstitial.TN.USujP	kUrBM	    verticalBias
string	com.google.android.gms.ads.interstitial.TN.USujP	lSzapupsMHGp	Error instantiating AV1 extension
string	com.google.android.gms.ads.interstitial.TN.USujP	mFZnuXeYONjKoZ	-show_format
string	com.google.android.gms.ads.interstitial.TN.USujP	mrHCWiP	free
string	com.google.android.gms.ads.interstitial.TN.USujP	pQwnbXVEb	onAdInstanceDidFailToLoad
string	com.google.android.gms.ads.interstitial.TN.USujP	pZjU	
string	com.google.android.gms.ads.interstitial.TN.USujP	qdxyOXTE	Illegal alphabet length 
string	com.google.android.gms.ads.interstitial.TN.USujP	rDJCbKutPKyeErn	ARRANGER
string	com.google.android.gms.ads.interstitial.TN.USujP	rMzDnTCFdt	AudioSpeed
string	com.google.android.gms.ads.interstitial.TN.USujP	rcdwLKT	event
string	com.google.android.gms.ads.interstitial.TN.USujP	tXuXUSRmcokPp	measurement.test.cached_long_flag
string	com.google.android.gms.ads.interstitial.TN.USujP	tXypRT	wav
string	com.google.android.gms.ads.interstitial.TN.USujP	uAkspYQSNZuo	top_main_method
string	com.google.android.gms.ads.interstitial.TN.USujP	vNreQStLFLcg	ColorInfo(
string	com.google.android.gms.ads.interstitial.TN.USujP	vSeR	{\\an9}
string	com.google.android.gms.ads.interstitial.TN.USujP	vfkDGytvs	ALBUM
string	com.google.android.gms.ads.interstitial.TN.USujP	vyGAIG	DJ-mix
string	com.google.android.gms.ads.interstitial.TN.USujP	xjDMPWxRFuUI	Invoking callback...
string	com.google.android.gms.ads.interstitial.TN.USujP	ypYsNf	AuctionRequestParams(adUnit=
string	com.google.android.gms.common.annotation.riWm.YIDpOksUGbuC	BZP	error=
string	com.google.android.gms.common.annotation.riWm.YIDpOksUGbuC	BqcjbdnF	%s (%s) must not be negative
string	com.google.android.gms.common.annotation.riWm.YIDpOksUGbuC	CiXUlYEIlIv	Interstitial loaded
string	com.google.android.gms.common.annotation.riWm.YIDpOksUGbuC	CoPHDeylnjlej	timestamp
string	com.google.android.gms.common.annotation.riWm.YIDpOksUGbuC	FwQl	objectFieldOffset
string	com.google.android.gms.common.annotation.riWm.YIDpOksUGbuC	JQaFtWEXPBIc	name
string	com.google.android.gms.common.annotation.riWm.YIDpOksUGbuC	JfQNSzJbl	Raf File Pointer at:
string	com.google.android.gms.common.annotation.riWm.YIDpOksUGbuC	MxioFJmXvWL	getVideoController: Instream ad should not be used after destroyed
string	com.google.android.gms.common.annotation.riWm.YIDpOksUGbuC	NXGPIuhEvNXO	gads:gestures:pds:enabled
string	com.google.android.gms.common.annotation.riWm.YIDpOksUGbuC	NqhCIAtcr	Ignoring invalid APV profile: 
string	com.google.android.gms.common.annotation.riWm.YIDpOksUGbuC	OLmEeOsyEm	#007 Could not call remote method.
string	com.google.android.gms.common.annotation.riWm.YIDpOksUGbuC	PCENCifzsUDQhwX	Adapter called onAdFailedToLoad with error 
string	com.google.android.gms.common.annotation.riWm.YIDpOksUGbuC	SEmPplCSWZQi	TLS_ECDHE_RSA_WITH_CHACHA20_POLY1305_SHA256
string	com.google.android.gms.common.annotation.riWm.YIDpOksUGbuC	SUuEdWMjPcNlzr	onInitInterstitialFail(
string	com.google.android.gms.common.annotation.riWm.YIDpOksUGbuC	SgWjUvoc	 must be called on the main thread
string	com.google.android.gms.common.annotation.riWm.YIDpOksUGbuC	TYJomNieL	-i
string	com.google.android.gms.common.annotation.riWm.YIDpOksUGbuC	TeQVJFokao	
string	com.google.android.gms.common.annotation.riWm.YIDpOksUGbuC	XPLntDOToeiTFnq	UTF-8
string	com.google.android.gms.common.annotation.riWm.YIDpOksUGbuC	ZaBAmtEx	, onCancellation=
string	com.google.android.gms.common.annotation.riWm.YIDpOksUGbuC	bCGd	use_cached_adapter
string	com.google.android.gms.common.annotation.riWm.YIDpOksUGbuC	fvuIuZ	gads:video:metric_frame_hash_times
string	com.google.android.gms.common.annotation.riWm.YIDpOksUGbuC	iJzTCadzDoTCnr	 unsupported banner size
string	com.google.android.gms.common.annotation.riWm.YIDpOksUGbuC	iRPNeundfgAM	12000
string	com.google.android.gms.common.annotation.riWm.YIDpOksUGbuC	ijxhUfTg	source
string	com.google.android.gms.common.annotation.riWm.YIDpOksUGbuC	kZtsuIHESRJFv	Warning
string	com.google.android.gms.common.annotation.riWm.YIDpOksUGbuC	mgAoKVOPqBoIz	SlowMotion: segments=
string	com.google.android.gms.common.annotation.riWm.YIDpOksUGbuC	nsIjr	\n
string	com.google.android.gms.common.annotation.riWm.YIDpOksUGbuC	oXGdZ	<supplier that returned 
string	com.google.android.gms.common.annotation.riWm.YIDpOksUGbuC	pHGOUqgkws	android.intent.action.ACTION_SHUTDOWN
string	com.google.android.gms.common.annotation.riWm.YIDpOksUGbuC	rNRMJqgXpq	doi
string	com.google.android.gms.common.annotation.riWm.YIDpOksUGbuC	vYoM	**\n
string	com.google.android.gms.common.annotation.riWm.YIDpOksUGbuC	wUetCTZSgOUkb	, applicationConfigurations=
string	com.google.android.gms.common.annotation.riWm.YIDpOksUGbuC	wlHcTjKof	gads:csi:eids_from_cld:enabled
string	com.google.android.gms.common.annotation.riWm.YIDpOksUGbuC	xdyKYXVS	video/dolby-vision
string	com.google.android.gms.common.annotation.riWm.YIDpOksUGbuC	zFOrZRRxasNfLOb	com.google.android.gms.phenotype.internal.IPhenotypeCallbacks
string	com.google.android.gms.common.annotation.riWm.YIDpOksUGbuC	zQZSvGtmEPT	https
string	com.google.android.gms.common.annotation.riWm.YIDpOksUGbuC	ztbVVRC	#008 Must be called on the main UI thread.
string	com.google.android.gms.common.data.rF.XcNDuAYY	Dyxyv	isBackgroundThread()Z
string	com.google.android.gms.common.data.rF.XcNDuAYY	EWKEFEpUqHasq	getAlpnSelectedProtocol
string	com.google.android.gms.common.data.rF.XcNDuAYY	EkgBjuxRTsJgs	ms
string	com.google.android.gms.common.data.rF.XcNDuAYY	FLRqjrvzTH	ExposureMetrics(exposedPercentage=
string	com.google.android.gms.common.data.rF.XcNDuAYY	FanrdBSprU	ALBUMARTISTSORT
string	com.google.android.gms.common.data.rF.XcNDuAYY	HdeBHTdyQb	FireAdFailed
string	com.google.android.gms.common.data.rF.XcNDuAYY	IOgnSVUJankgVhd	SDK initialized with no internet connection - listening for connection
string	com.google.android.gms.common.data.rF.XcNDuAYY	IytnZ	measurement.upload.retry_time
string	com.google.android.gms.common.data.rF.XcNDuAYY	JBOEPfg	Unable to log.
string	com.google.android.gms.common.data.rF.XcNDuAYY	JzuTby	,fragment=
string	com.google.android.gms.common.data.rF.XcNDuAYY	LdkXPrIUUQ	Any
string	com.google.android.gms.common.data.rF.XcNDuAYY	LiyfEqNVOXubv	getMimeType 
string	com.google.android.gms.common.data.rF.XcNDuAYY	LprBKCr	00
string	com.google.android.gms.common.data.rF.XcNDuAYY	MKjRgJqypt	mas
string	com.google.android.gms.common.data.rF.XcNDuAYY	NFnEILsHucPUWlO	audio/*
string	com.google.android.gms.common.data.rF.XcNDuAYY	NhvUWxiTQMlAX	This device doesn't support aot. Did you call deviceSupportsAotProfile()?
string	com.google.android.gms.common.data.rF.XcNDuAYY	ORhI	flac
string	com.google.android.gms.common.data.rF.XcNDuAYY	QaCMulz	android.intent.action.SEND
string	com.google.android.gms.common.data.rF.XcNDuAYY	QopjOdLMmsEa	 Dispatcher
string	com.google.android.gms.common.data.rF.XcNDuAYY	QvOvTHwSheEa	internalFreeMemory
string	com.google.android.gms.common.data.rF.XcNDuAYY	Rip	name
string	com.google.android.gms.common.data.rF.XcNDuAYY	UqAwuFHgsHq	AdViewController:GAWebView
string	com.google.android.gms.common.data.rF.XcNDuAYY	UrGZXh	UTF-8
string	com.google.android.gms.common.data.rF.XcNDuAYY	WVnJENjiN	zzb
string	com.google.android.gms.common.data.rF.XcNDuAYY	anwqzDwitMd	 and the current id is 
string	com.google.android.gms.common.data.rF.XcNDuAYY	gBNmEOpyILZpAf	user_info_store
string	com.google.android.gms.common.data.rF.XcNDuAYY	gFr	1
string	com.google.android.gms.common.data.rF.XcNDuAYY	gsBZTh	EmbedFlag
string	com.google.android.gms.common.data.rF.XcNDuAYY	hJtTotqIBpuAue	duration
string	com.google.android.gms.common.data.rF.XcNDuAYY	iaVHHLkPYdyU	Context has no PackageManager.
string	com.google.android.gms.common.data.rF.XcNDuAYY	lRaSQIc	 of 
string	com.google.android.gms.common.data.rF.XcNDuAYY	nKjstNDe	accessibility
string	com.google.android.gms.common.data.rF.XcNDuAYY	neLGVpANd	load_response_code
string	com.google.android.gms.common.data.rF.XcNDuAYY	nyR	com.google.protobuf.CodedOutputStream
string	com.google.android.gms.common.data.rF.XcNDuAYY	oRbUUn	gads:banner_refresh_sequential_caching:red_button
string	com.google.android.gms.common.data.rF.XcNDuAYY	pBdUFEY	user_id
string	com.google.android.gms.common.data.rF.XcNDuAYY	pgYQclfMJdSuIE	setIsAssetReady 
string	com.google.android.gms.common.data.rF.XcNDuAYY	qbrGAxpNYWIPAnI	: 
string	com.google.android.gms.common.data.rF.XcNDuAYY	rgnzglggHOM	A_OPUS
string	com.google.android.gms.common.data.rF.XcNDuAYY	sZLnzXYI	COMMENT
string	com.google.android.gms.common.data.rF.XcNDuAYY	shFzVbqT	 of 
string	com.google.android.gms.common.data.rF.XcNDuAYY	tRdZye	PRAGMA page_count
string	com.google.android.gms.common.data.rF.XcNDuAYY	tdxAHpicCT	stid
string	com.google.android.gms.common.data.rF.XcNDuAYY	unfEQYYrhaLVUIO	closed
string	com.google.android.gms.common.data.rF.XcNDuAYY	yPDvOlazzgE	k
string	com.google.android.gms.common.data.rF.XcNDuAYY	zzwoE	com.android.vending
string	com.google.android.gms.common.moduleinstall.internal.uJl.gUJemqYyGT	AHTRkgCHMQflwoc	AD_INITIATER_UNSPECIFIED
string	com.google.android.gms.common.moduleinstall.internal.uJl.gUJemqYyGT	BwKpZ	com.google.android.gms.ads.internal.formats.client.IOnCustomTemplateAdLoadedListener
string	com.google.android.gms.common.moduleinstall.internal.uJl.gUJemqYyGT	CXk	placement 
string	com.google.android.gms.common.moduleinstall.internal.uJl.gUJemqYyGT	EklWH	GiONEE_GBL7319
string	com.google.android.gms.common.moduleinstall.internal.uJl.gUJemqYyGT	EyQJrGlq	Ad loaded message requires adData
string	com.google.android.gms.common.moduleinstall.internal.uJl.gUJemqYyGT	IYqgnj	\\.
string	com.google.android.gms.common.moduleinstall.internal.uJl.gUJemqYyGT	JfrMECE	Operation is not supported for read-only collection
string	com.google.android.gms.common.moduleinstall.internal.uJl.gUJemqYyGT	KHLKPyDvCewDZql	noiseSuppressor
string	com.google.android.gms.common.moduleinstall.internal.uJl.gUJemqYyGT	MpyMumQhnqPw	resume
string	com.google.android.gms.common.moduleinstall.internal.uJl.gUJemqYyGT	NLLyi	Adapter init postback called while the adapter is not fully initialized.
string	com.google.android.gms.common.moduleinstall.internal.uJl.gUJemqYyGT	ODwgwpPrJlU	Q0
string	com.google.android.gms.common.moduleinstall.internal.uJl.gUJemqYyGT	OLquawvsjrSCIt	url
string	com.google.android.gms.common.moduleinstall.internal.uJl.gUJemqYyGT	QHaUKFxAvA	App open ad shown: 
string	com.google.android.gms.common.moduleinstall.internal.uJl.gUJemqYyGT	QcBPLtMNdmnazep	Super_SlowMotion_BGM
string	com.google.android.gms.common.moduleinstall.internal.uJl.gUJemqYyGT	RxBCvcTtdxAtsEx	native
string	com.google.android.gms.common.moduleinstall.internal.uJl.gUJemqYyGT	SqWtrz	CodedOutputStream was writing to a flat byte array and ran out of space.: 
string	com.google.android.gms.common.moduleinstall.internal.uJl.gUJemqYyGT	WFDiPaQRSxT	Utils
string	com.google.android.gms.common.moduleinstall.internal.uJl.gUJemqYyGT	WUkriWLEapRVDg	WAV file has bad fmt chunk
string	com.google.android.gms.common.moduleinstall.internal.uJl.gUJemqYyGT	WrOoztMlsgqGZS	amzn-dtb-ad-sis-last-ping
string	com.google.android.gms.common.moduleinstall.internal.uJl.gUJemqYyGT	ZPEexGHVkdxwLGI	manualTime
string	com.google.android.gms.common.moduleinstall.internal.uJl.gUJemqYyGT	ZbL	silenceremove=start_periods=1:stop_periods=0:
string	com.google.android.gms.common.moduleinstall.internal.uJl.gUJemqYyGT	bQVitciOhYKj	media
string	com.google.android.gms.common.moduleinstall.internal.uJl.gUJemqYyGT	bkGaNcdkh	pre_r
string	com.google.android.gms.common.moduleinstall.internal.uJl.gUJemqYyGT	eHPRsYht	MAYAN_HIEROGLYPHS
string	com.google.android.gms.common.moduleinstall.internal.uJl.gUJemqYyGT	emIeefRdxpG	failed_to_display_ad
string	com.google.android.gms.common.moduleinstall.internal.uJl.gUJemqYyGT	gPkQZDgc	Null name
string	com.google.android.gms.common.moduleinstall.internal.uJl.gUJemqYyGT	ilkKlG	videoEventsOwner
string	com.google.android.gms.common.moduleinstall.internal.uJl.gUJemqYyGT	kTIvZedASSN	
string	com.google.android.gms.common.moduleinstall.internal.uJl.gUJemqYyGT	lNKS	events
string	com.google.android.gms.common.moduleinstall.internal.uJl.gUJemqYyGT	mJvkGrdumtReqm	Not dispatching constraint state yet: isBlocked=
string	com.google.android.gms.common.moduleinstall.internal.uJl.gUJemqYyGT	owOSVZdkXC	pcm_s16le
string	com.google.android.gms.common.moduleinstall.internal.uJl.gUJemqYyGT	pihhfsw	InMobiDeepLinkScheme scheme applink/http url handled successfully
string	com.google.android.gms.common.moduleinstall.internal.uJl.gUJemqYyGT	qaKHbcujdi	unexpected init success for 
string	com.google.android.gms.common.moduleinstall.internal.uJl.gUJemqYyGT	sRaAmdIcLtWMQZ	Unexpected end
string	com.google.android.gms.common.moduleinstall.internal.uJl.gUJemqYyGT	sVoLt	_dbg
string	com.google.android.gms.common.moduleinstall.internal.uJl.gUJemqYyGT	tYAqUTbRaTP	CMP ID: 
string	com.google.android.gms.common.moduleinstall.internal.uJl.gUJemqYyGT	xJHNhuBwLVYI	application/cea-708
string	com.google.android.gms.common.moduleinstall.internal.uJl.gUJemqYyGT	yJMomKXmTTH	open called on unloaded ad
string	com.google.android.gms.common.moduleinstall.internal.uJl.gUJemqYyGT	yQFPYzLqbKBrTrT	device_info
string	com.google.android.gms.common.stats.kT.zIjBZeIDwbSzgF	BAZVtfeEQzu	AppLovinSdk
string	com.google.android.gms.common.stats.kT.zIjBZeIDwbSzgF	DPLlSu	Timestamp Present
string	com.google.android.gms.common.stats.kT.zIjBZeIDwbSzgF	DdF	markupType
string	com.google.android.gms.common.stats.kT.zIjBZeIDwbSzgF	FMmWpg	gs_load_immediately
string	com.google.android.gms.common.stats.kT.zIjBZeIDwbSzgF	GUohmBKZXwymSY	Keep-Alive
string	com.google.android.gms.common.stats.kT.zIjBZeIDwbSzgF	HERUhYZpBLNo	FAST
string	com.google.android.gms.common.stats.kT.zIjBZeIDwbSzgF	IDTyhRJ	.outputStream()
string	com.google.android.gms.common.stats.kT.zIjBZeIDwbSzgF	IdoCup	HitroLab
string	com.google.android.gms.common.stats.kT.zIjBZeIDwbSzgF	LgO	_lgclid
string	com.google.android.gms.common.stats.kT.zIjBZeIDwbSzgF	NXcugp	AD_SUBTITLE
string	com.google.android.gms.common.stats.kT.zIjBZeIDwbSzgF	OkgHacyHwnRbzLn	fir_num
string	com.google.android.gms.common.stats.kT.zIjBZeIDwbSzgF	PlpHfebNKwCQI	Integrating MAX Ad review is OPTIONAL. This feature gives developers unprecedented transparency into the creatives the users see in their apps.
string	com.google.android.gms.common.stats.kT.zIjBZeIDwbSzgF	TDbM	permission
string	com.google.android.gms.common.stats.kT.zIjBZeIDwbSzgF	TaMDyjOK	suggest_flags
string	com.google.android.gms.common.stats.kT.zIjBZeIDwbSzgF	UEIvTTX	AdLoadingUserBadUnitName
string	com.google.android.gms.common.stats.kT.zIjBZeIDwbSzgF	VxIqCcdsX	BANNER
string	com.google.android.gms.common.stats.kT.zIjBZeIDwbSzgF	WIidDSVxKlBgv	, tag=
string	com.google.android.gms.common.stats.kT.zIjBZeIDwbSzgF	XqbrxRPdV	AppLovinVastMediaView
string	com.google.android.gms.common.stats.kT.zIjBZeIDwbSzgF	aBvmNsvkQ	aac
string	com.google.android.gms.common.stats.kT.zIjBZeIDwbSzgF	cEUcAPGNZaLjMm	creativeId
string	com.google.android.gms.common.stats.kT.zIjBZeIDwbSzgF	dbpb	gads:read_ignore_click_action_param_open_gmsg:enabled
string	com.google.android.gms.common.stats.kT.zIjBZeIDwbSzgF	eKIOOYBtcy	autoTime
string	com.google.android.gms.common.stats.kT.zIjBZeIDwbSzgF	eWLinZhuVg	%.0f
string	com.google.android.gms.common.stats.kT.zIjBZeIDwbSzgF	fXkjGaeCG	While parsing a protocol message, the input ended unexpectedly in the middle of a field.  This could mean either that the input has been truncated or that an embedded message misreported its own length.
string	com.google.android.gms.common.stats.kT.zIjBZeIDwbSzgF	jDAaW	{CREATIVE_ID}
string	com.google.android.gms.common.stats.kT.zIjBZeIDwbSzgF	jOKdrw	access$getTAG$p(...)
string	com.google.android.gms.common.stats.kT.zIjBZeIDwbSzgF	kgZOayCRL	WCOP
string	com.google.android.gms.common.stats.kT.zIjBZeIDwbSzgF	lKmdNiSaoi	superState must not be null
string	com.google.android.gms.common.stats.kT.zIjBZeIDwbSzgF	mRDvbVjGpKtXIuE	  Total Transformed Bitmaps: 
string	com.google.android.gms.common.stats.kT.zIjBZeIDwbSzgF	mnIBOLeiGVcBbsE	TopicsSignal.fetchTopicsSignal
string	com.google.android.gms.common.stats.kT.zIjBZeIDwbSzgF	pvuGdqwFoBbLv	eagerly_initialize
string	com.google.android.gms.common.stats.kT.zIjBZeIDwbSzgF	rRNFEQKJjrhGvH	
string	com.google.android.gms.common.stats.kT.zIjBZeIDwbSzgF	tyFzpTEPpHYr	STANDALONE
string	com.google.android.gms.common.stats.kT.zIjBZeIDwbSzgF	vBFYAJaBVjXXQ	pc
string	com.google.android.gms.common.stats.kT.zIjBZeIDwbSzgF	vETYk	complete
string	com.google.android.gms.common.stats.kT.zIjBZeIDwbSzgF	vTtADCxRNLv	HTTP_VERSION_NOT_SUPPORTED
string	com.google.android.gms.common.stats.kT.zIjBZeIDwbSzgF	vepJv	loadJavascriptEngine > Before newEngine.loadHtmlWrapper
string	com.google.android.gms.common.stats.kT.zIjBZeIDwbSzgF	xTS	org.chromium.support_lib_glue.SupportLibReflectionUtil
string	com.google.android.gms.common.stats.kT.zIjBZeIDwbSzgF	xnOnn	B
string	com.google.android.gms.common.stats.kT.zIjBZeIDwbSzgF	ybJ	AX
string	com.google.android.gms.common.stats.kT.zIjBZeIDwbSzgF	zcdp	Text: Subtitle/Description refinement
string	com.google.android.gms.internal.ads_identifier.ccdC.NrGSIaRK	ARXHWrqVeKba	screen_size_in
string	com.google.android.gms.internal.ads_identifier.ccdC.NrGSIaRK	AwiUJdVQHM	image
string	com.google.android.gms.internal.ads_identifier.ccdC.NrGSIaRK	BWBvrtPT	zzg
string	com.google.android.gms.internal.ads_identifier.ccdC.NrGSIaRK	CIHDdkRhndtbysF	bid_html_template
string	com.google.android.gms.internal.ads_identifier.ccdC.NrGSIaRK	DEXvqBxntRftfr	RESULT_UNSUPPORTED_ART_VERSION
string	com.google.android.gms.internal.ads_identifier.ccdC.NrGSIaRK	DEq	alarm
string	com.google.android.gms.internal.ads_identifier.ccdC.NrGSIaRK	EZUqYIXt	 Error: 
string	com.google.android.gms.internal.ads_identifier.ccdC.NrGSIaRK	FbEHaTSw	SharedPreferencesManager
string	com.google.android.gms.internal.ads_identifier.ccdC.NrGSIaRK	NYqSxYkLdHSZWjQ	expired_event_name
string	com.google.android.gms.internal.ads_identifier.ccdC.NrGSIaRK	ONODxggdOPKk	IronSourceMediationAdapter
string	com.google.android.gms.internal.ads_identifier.ccdC.NrGSIaRK	RXdOwHw	, 
string	com.google.android.gms.internal.ads_identifier.ccdC.NrGSIaRK	StV	native
string	com.google.android.gms.internal.ads_identifier.ccdC.NrGSIaRK	SuppXPtq	Failed to parse OMID verification script resource
string	com.google.android.gms.internal.ads_identifier.ccdC.NrGSIaRK	UNWz	{\\an1}
string	com.google.android.gms.internal.ads_identifier.ccdC.NrGSIaRK	UZwBuKNBdDY	ctxHash
string	com.google.android.gms.internal.ads_identifier.ccdC.NrGSIaRK	UvTzHtQlsFsnwi	referer
string	com.google.android.gms.internal.ads_identifier.ccdC.NrGSIaRK	VbEeLdeQ	Publisher Signals saved successfully.
string	com.google.android.gms.internal.ads_identifier.ccdC.NrGSIaRK	WLYjB	AUDIO_RECORDING
string	com.google.android.gms.internal.ads_identifier.ccdC.NrGSIaRK	WkQoWJwG	TLS_ECDHE_RSA_WITH_NULL_SHA
string	com.google.android.gms.internal.ads_identifier.ccdC.NrGSIaRK	ZbtdldEaRDVO	PRAGMA synchronous = NORMAL
string	com.google.android.gms.internal.ads_identifier.ccdC.NrGSIaRK	bDAhLuGbcXI	 to a byte array threw an IOException (should never happen).
string	com.google.android.gms.internal.ads_identifier.ccdC.NrGSIaRK	bgftvREdVnaS	paid_storage_sp
string	com.google.android.gms.internal.ads_identifier.ccdC.NrGSIaRK	dkzuSY	placement
string	com.google.android.gms.internal.ads_identifier.ccdC.NrGSIaRK	fAtEZ	msa-r
string	com.google.android.gms.internal.ads_identifier.ccdC.NrGSIaRK	gsgRlUfyKK	default
string	com.google.android.gms.internal.ads_identifier.ccdC.NrGSIaRK	hEp	Rewarded ad loaded: 
string	com.google.android.gms.internal.ads_identifier.ccdC.NrGSIaRK	iIuPVlVR	mac
string	com.google.android.gms.internal.ads_identifier.ccdC.NrGSIaRK	ipyjDB	<<
string	com.google.android.gms.internal.ads_identifier.ccdC.NrGSIaRK	jvmJ	TLS_ECDHE_RSA_WITH_CHACHA20_POLY1305_SHA256
string	com.google.android.gms.internal.ads_identifier.ccdC.NrGSIaRK	kweQmqRJsznbP	
string	com.google.android.gms.internal.ads_identifier.ccdC.NrGSIaRK	lPvsrwlGwdLM	List has more than one element.
string	com.google.android.gms.internal.ads_identifier.ccdC.NrGSIaRK	lXeqIV	ad_unit_id
string	com.google.android.gms.internal.ads_identifier.ccdC.NrGSIaRK	mzcmZVDzvkFOBuF	FetchApiInvoked
string	com.google.android.gms.internal.ads_identifier.ccdC.NrGSIaRK	naSyshITAQCS	APP_LOVIN
string	com.google.android.gms.internal.ads_identifier.ccdC.NrGSIaRK	pKOVwovAyckSa	-acodec
string	com.google.android.gms.internal.ads_identifier.ccdC.NrGSIaRK	pYfVQgYt	 is shutting down
string	com.google.android.gms.internal.ads_identifier.ccdC.NrGSIaRK	tOfDqRiBX	watermark
string	com.google.android.gms.internal.ads_identifier.ccdC.NrGSIaRK	taYQzPjui	appOrientation
string	com.google.android.gms.internal.ads_identifier.ccdC.NrGSIaRK	uelh	Magahi
string	com.google.android.gms.internal.ads_identifier.ccdC.NrGSIaRK	yNTs	model
string	com.google.android.gms.internal.ads_identifier.ccdC.NrGSIaRK	ykV	privacy_icon_url
string	com.google.android.gms.internal.ads_identifier.ccdC.NrGSIaRK	zJZRqjgyA	Destroying previous ad
string	com.google.android.material.switchmaterial.zo.RUowGUIqcY	BDr	Q0
string	com.google.android.material.switchmaterial.zo.RUowGUIqcY	BxCXT	Exception in startTrackingForImpression with message : 
string	com.google.android.material.switchmaterial.zo.RUowGUIqcY	CAlLoWTiRmBnAj	[\r\n]*
string	com.google.android.material.switchmaterial.zo.RUowGUIqcY	EfxHCbTWQHk	RETRIABLE_FAILURE
string	com.google.android.material.switchmaterial.zo.RUowGUIqcY	FGo	dgl
string	com.google.android.material.switchmaterial.zo.RUowGUIqcY	FkhRCauOVN	TOLY
string	com.google.android.material.switchmaterial.zo.RUowGUIqcY	GHuNeA	uri
string	com.google.android.material.switchmaterial.zo.RUowGUIqcY	HED	Transform
string	com.google.android.material.switchmaterial.zo.RUowGUIqcY	IwaV	FriendlyObstruction is null
string	com.google.android.material.switchmaterial.zo.RUowGUIqcY	JaOTphmbqPi	title
string	com.google.android.material.switchmaterial.zo.RUowGUIqcY	KDPSWChQGKUfQx	NULL_BUNDLE_IN_ACTIVITY_RESULT
string	com.google.android.material.switchmaterial.zo.RUowGUIqcY	KxRQBC	yyyy-MM-dd'T'HH:mm:ss.SSS'Z'
string	com.google.android.material.switchmaterial.zo.RUowGUIqcY	KxnVgaNnsqmRSvR	ArrayService
string	com.google.android.material.switchmaterial.zo.RUowGUIqcY	LAtKw	]
string	com.google.android.material.switchmaterial.zo.RUowGUIqcY	LFDOkzDEVJXts	playWhenReady
string	com.google.android.material.switchmaterial.zo.RUowGUIqcY	NDtYOjSm	kotlin.String
string	com.google.android.material.switchmaterial.zo.RUowGUIqcY	NGbkgnxBBeoJ	invokeGetTopicsApiWithRecordObservation
string	com.google.android.material.switchmaterial.zo.RUowGUIqcY	NVQzOI	playcountscore
string	com.google.android.material.switchmaterial.zo.RUowGUIqcY	QigliYfZfOTvBhq	gads:fc_consent:shared_preference_reading:enabled
string	com.google.android.material.switchmaterial.zo.RUowGUIqcY	REXX	gads:parse_analytics_event_map
string	com.google.android.material.switchmaterial.zo.RUowGUIqcY	Rjykhsk	com.unity3d.ad-mediation.testSuite
string	com.google.android.material.switchmaterial.zo.RUowGUIqcY	SAzGQEDwHQWFZv	Sample MIME type is null.
string	com.google.android.material.switchmaterial.zo.RUowGUIqcY	TEbyBIBsSVNnTW	Caching HTML resources...
string	com.google.android.material.switchmaterial.zo.RUowGUIqcY	ToGq	ACTION_PREVIOUS_AT_MOVEMENT_GRANULARITY
string	com.google.android.material.switchmaterial.zo.RUowGUIqcY	VwUTr	TERMINATED
string	com.google.android.material.switchmaterial.zo.RUowGUIqcY	deScDshDgd	zza
string	com.google.android.material.switchmaterial.zo.RUowGUIqcY	eMoBcYHhDpzzsQW	network_error
string	com.google.android.material.switchmaterial.zo.RUowGUIqcY	fqhEu	type
string	com.google.android.material.switchmaterial.zo.RUowGUIqcY	ftAWZeAehC	 to 
string	com.google.android.material.switchmaterial.zo.RUowGUIqcY	gHBHEOloJOcy	success
string	com.google.android.material.switchmaterial.zo.RUowGUIqcY	gWws	gads:app_settings_expiry_check_in_getter:enabled
string	com.google.android.material.switchmaterial.zo.RUowGUIqcY	hMDcl	App key is null
string	com.google.android.material.switchmaterial.zo.RUowGUIqcY	kDqRHNqJKjpyl	SHOWING
string	com.google.android.material.switchmaterial.zo.RUowGUIqcY	mHdVfzzYcEVJ	landscape
string	com.google.android.material.switchmaterial.zo.RUowGUIqcY	nvOeW	This cannot happen with fixed magic multiplier and grow-only hash array. Have object hashCodes changed?
string	com.google.android.material.switchmaterial.zo.RUowGUIqcY	qEw	 repeatMode: 
string	com.google.android.material.switchmaterial.zo.RUowGUIqcY	sUncx	gs
string	com.google.android.material.switchmaterial.zo.RUowGUIqcY	siSwtzngIf	adapters
string	com.google.android.material.switchmaterial.zo.RUowGUIqcY	tMpGSPVXwKQnkr	Xiph
string	com.google.android.material.switchmaterial.zo.RUowGUIqcY	vTDbRuF	
string	com.google.android.material.switchmaterial.zo.RUowGUIqcY	wGQaqakV	Public data: 
string	com.google.android.tv.ads.controls.jIS.oFJJDSH	GIbpUJr	last_bundle_start_timestamp
string	com.google.android.tv.ads.controls.jIS.oFJJDSH	GdRsNEMbiuc	app_launch_timestamp
string	com.google.android.tv.ads.controls.jIS.oFJJDSH	Iwo	lightcyan
string	com.google.android.tv.ads.controls.jIS.oFJJDSH	JmzeTNpAq	market://details?id=com.google.android.gms.ads
string	com.google.android.tv.ads.controls.jIS.oFJJDSH	LWHoGuVguBSV	zzi
string	com.google.android.tv.ads.controls.jIS.oFJJDSH	NKcepmYy	 size out of range: 
string	com.google.android.tv.ads.controls.jIS.oFJJDSH	OEgeooAyECrn	Reported reward successfully for mediated ad: 
string	com.google.android.tv.ads.controls.jIS.oFJJDSH	ONpj	com.android.music
string	com.google.android.tv.ads.controls.jIS.oFJJDSH	OjMaVKBNAICnheM	com.google.android.gms.ads.signalsdk.ISignalSdkService
string	com.google.android.tv.ads.controls.jIS.oFJJDSH	QTeEpmYcvVB	audio/mpeg-L1
string	com.google.android.tv.ads.controls.jIS.oFJJDSH	QtWiaRPt	ad internal representation not prepared
string	com.google.android.tv.ads.controls.jIS.oFJJDSH	RBx	measurement.collection.service.update_with_analytics_fix
string	com.google.android.tv.ads.controls.jIS.oFJJDSH	RCZEPUYHvUHWd	, bidderExclusive=
string	com.google.android.tv.ads.controls.jIS.oFJJDSH	RMzKQaAMBeUmgBl	UiElementImpl[name=
string	com.google.android.tv.ads.controls.jIS.oFJJDSH	RwwgGEpoGdoDvSx	android.hardware.rotaryencoder.lowres
string	com.google.android.tv.ads.controls.jIS.oFJJDSH	TVRPrJMDU	sync_after_for_application_api
string	com.google.android.tv.ads.controls.jIS.oFJJDSH	UfavxRAp	, diskUsed=
string	com.google.android.tv.ads.controls.jIS.oFJJDSH	VYBTYJvipIR	Cache-Control
string	com.google.android.tv.ads.controls.jIS.oFJJDSH	WQoM	\t
string	com.google.android.tv.ads.controls.jIS.oFJJDSH	XEkfPdo	lock_screen_signal
string	com.google.android.tv.ads.controls.jIS.oFJJDSH	XFJCTKI	Contains sub-stream with an invalid packet label 
string	com.google.android.tv.ads.controls.jIS.oFJJDSH	ZHPsgGfQBGBlS	ActivityType 
string	com.google.android.tv.ads.controls.jIS.oFJJDSH	aYxMrlNTsjSyv	peekLong
string	com.google.android.tv.ads.controls.jIS.oFJJDSH	bCNhbM	gads:skip_opt_in_dialog:enabled
string	com.google.android.tv.ads.controls.jIS.oFJJDSH	boOjoJmiryu	Unsupported DEK key type: 
string	com.google.android.tv.ads.controls.jIS.oFJJDSH	dzVSrEqZyguOI	
string	com.google.android.tv.ads.controls.jIS.oFJJDSH	hduYOsnDEsdHiNS	Variable name in FOR_OF_CONST must be a string
string	com.google.android.tv.ads.controls.jIS.oFJJDSH	hqz	noOutputDevice
string	com.google.android.tv.ads.controls.jIS.oFJJDSH	iwspOsWAIPZw	Purpose1
string	com.google.android.tv.ads.controls.jIS.oFJJDSH	jcZ	-i
string	com.google.android.tv.ads.controls.jIS.oFJJDSH	lpVH	Design assumption violated.
string	com.google.android.tv.ads.controls.jIS.oFJJDSH	mSAWdOrl	zzi
string	com.google.android.tv.ads.controls.jIS.oFJJDSH	mSYkuEaSyfS	myUserId
string	com.google.android.tv.ads.controls.jIS.oFJJDSH	nbErq	]
string	com.google.android.tv.ads.controls.jIS.oFJJDSH	ozww	SchedulerConfig{clock=
string	com.google.android.tv.ads.controls.jIS.oFJJDSH	pLuJ	Description
string	com.google.android.tv.ads.controls.jIS.oFJJDSH	qSdGqcaJIiuuwz	<span style='color:
string	com.google.android.tv.ads.controls.jIS.oFJJDSH	rbCR	}
string	com.google.android.tv.ads.controls.jIS.oFJJDSH	sDokwnUuvf	SAFE_BROWSING_RESPONSE_BACK_TO_SAFETY
string	com.google.android.tv.ads.controls.jIS.oFJJDSH	skewwCPOKTFqQ	Ballad
string	com.google.android.tv.ads.controls.jIS.oFJJDSH	xNXKTwP	keys must match regex [a-z0-9_-]{1,120}: "
string	com.google.android.tv.ads.controls.jIS.oFJJDSH	zzBG	max-age=
string	com.google.common.cache.QUl.scLzN	AmQBWqRwLI	error
string	com.google.common.cache.QUl.scLzN	CNoinKKuJyyLKka	AdvertisingIdClient cannot reconnect.
string	com.google.common.cache.QUl.scLzN	CWOJRFsrujq	TT3
string	com.google.common.cache.QUl.scLzN	DuoruowPuBy	provider
string	com.google.common.cache.QUl.scLzN	DvnTtEdSVMZkA	 is not found.
string	com.google.common.cache.QUl.scLzN	EVRyfAuio	 #(+,-0
string	com.google.common.cache.QUl.scLzN	GweGXDHw	EMBEDDED
string	com.google.common.cache.QUl.scLzN	HILVBHZbDX	type.googleapis.com/google.crypto.tink.KmsEnvelopeAeadKey
string	com.google.common.cache.QUl.scLzN	IKDflCQonxMc	ISAuctionPerformanceDidntAttemptToLoad
string	com.google.common.cache.QUl.scLzN	IsgWmaJriyOZvOI	lib
string	com.google.common.cache.QUl.scLzN	JqpQ	TLS_DH_anon_WITH_AES_128_CBC_SHA256
string	com.google.common.cache.QUl.scLzN	LbvNfrnHqbcmc	kotlin.DoubleArray
string	com.google.common.cache.QUl.scLzN	MRvbyuW	TAG
string	com.google.common.cache.QUl.scLzN	MdHLMYgYEhO	, package=
string	com.google.common.cache.QUl.scLzN	MotFMpMrgB	zzg
string	com.google.common.cache.QUl.scLzN	OWQXGyz	imp_urls
string	com.google.common.cache.QUl.scLzN	PRjyjmRyR	:
string	com.google.common.cache.QUl.scLzN	QRd	tremolo=f=
string	com.google.common.cache.QUl.scLzN	QhLGThlUvuFnzO	 not found. Known fields are 
string	com.google.common.cache.QUl.scLzN	RWujQDx	
string	com.google.common.cache.QUl.scLzN	UCLiPMQrgeDNKK	zze
string	com.google.common.cache.QUl.scLzN	VWFFPUl	, mode=
string	com.google.common.cache.QUl.scLzN	Vgl	measurement.rb.attribution.max_retry_delay_seconds
string	com.google.common.cache.QUl.scLzN	VkIRXc	   
string	com.google.common.cache.QUl.scLzN	XjtqZ	reportImpression
string	com.google.common.cache.QUl.scLzN	XukVtSLyc	event
string	com.google.common.cache.QUl.scLzN	ZISEPRaQjH	ad_format
string	com.google.common.cache.QUl.scLzN	ZNHqbmzC	APPLE_AAC_AUDIO
string	com.google.common.cache.QUl.scLzN	ZPx	Cannot find comment block (no vorbiscomment header)
string	com.google.common.cache.QUl.scLzN	ZtttrtVIWWy	AdShowFailed
string	com.google.common.cache.QUl.scLzN	cyI	gads:enable_log_scion_event_gmsg_for_native_js:enabled
string	com.google.common.cache.QUl.scLzN	fRVGcxwyQhMMjaM	onAdShowSucceeded() adInfo = 
string	com.google.common.cache.QUl.scLzN	fprDnVEHPd	zzj
string	com.google.common.cache.QUl.scLzN	jkYqfP	TLS_ECDH_anon_WITH_RC4_128_SHA
string	com.google.common.cache.QUl.scLzN	jltFbj	zzm
string	com.google.common.cache.QUl.scLzN	mXuvBJQS	);entry(20000, 
string	com.google.common.cache.QUl.scLzN	nBqQPOU	web_contents_debugging_enabled
string	com.google.common.cache.QUl.scLzN	pLlzGxey	voiceFlag
string	com.google.common.cache.QUl.scLzN	pcAGTpAWcMNUNI	scar
string	com.google.common.cache.QUl.scLzN	qOmZ	test_mode_banner
string	com.google.common.cache.QUl.scLzN	rVOTfNChJRKK	EXPONENT
string	com.google.common.cache.QUl.scLzN	vCVOZMJCwxu	
string	com.google.common.cache.QUl.scLzN	vUFaTdhahARm	javascript
string	com.google.common.cache.QUl.scLzN	vYlmAO	URL: Official audio file webpage
string	com.google.common.cache.QUl.scLzN	xBIinjhe	:mode=log
string	com.google.common.cache.QUl.scLzN	zjeiiIatMnCFDty	SERVICE_CALL_EXCEPTION
string	com.google.firebase.sessions.OT.PzpdjHAOMheNH	AxDRq	success
string	com.google.firebase.sessions.OT.PzpdjHAOMheNH	DEEFKMXigS	Eclectic
string	com.google.firebase.sessions.OT.PzpdjHAOMheNH	DyRTpqSYNXuENn	gainsboro
string	com.google.firebase.sessions.OT.PzpdjHAOMheNH	FoUiGJQjBY	1
string	com.google.firebase.sessions.OT.PzpdjHAOMheNH	JtKcMTmNXFOsq	/untrackActiveViewUnit
string	com.google.firebase.sessions.OT.PzpdjHAOMheNH	MRV	UNREGISTERED
string	com.google.firebase.sessions.OT.PzpdjHAOMheNH	NxCYNSbNQj	external_primary
string	com.google.firebase.sessions.OT.PzpdjHAOMheNH	ONNb	gads:manifest_flag_collection:enabled
string	com.google.firebase.sessions.OT.PzpdjHAOMheNH	PYI	An error occurred getting battery state.
string	com.google.firebase.sessions.OT.PzpdjHAOMheNH	PfcW	REWARDED
string	com.google.firebase.sessions.OT.PzpdjHAOMheNH	Ppmd	Fail to execute getSizeByWidthHeightType method in SlotGroup class
string	com.google.firebase.sessions.OT.PzpdjHAOMheNH	QHQ	window.imraid.broadcastEvent('onUserLandingCompleted');
string	com.google.firebase.sessions.OT.PzpdjHAOMheNH	SxpfRzZjxVkRLx	none
string	com.google.firebase.sessions.OT.PzpdjHAOMheNH	WUcGjkNNbbXRL	type.googleapis.com/google.crypto.tink.AesGcmKey
string	com.google.firebase.sessions.OT.PzpdjHAOMheNH	WlXPXYFOZkFHn	m_beep.mp3
string	com.google.firebase.sessions.OT.PzpdjHAOMheNH	XUroeIFY	Temp
string	com.google.firebase.sessions.OT.PzpdjHAOMheNH	XZlikqmaY	Showing rewarded video for zone '
string	com.google.firebase.sessions.OT.PzpdjHAOMheNH	YJjvGUL	decompression error
string	com.google.firebase.sessions.OT.PzpdjHAOMheNH	ZThn	
string	com.google.firebase.sessions.OT.PzpdjHAOMheNH	aBfIAr	#
string	com.google.firebase.sessions.OT.PzpdjHAOMheNH	aCfjpyuMDQKZ	putObject
string	com.google.firebase.sessions.OT.PzpdjHAOMheNH	ahIGlYrQ	Empty
string	com.google.firebase.sessions.OT.PzpdjHAOMheNH	bjusCKVrUeHivlH	limit_ad_tracking
string	com.google.firebase.sessions.OT.PzpdjHAOMheNH	dWSFHjbOSJgib	Ogury
string	com.google.firebase.sessions.OT.PzpdjHAOMheNH	dkYGgrPdHrViu	getOnPurchasesUpdatedSubResponseCodeFromBundle() got null response code, assuming OK
string	com.google.firebase.sessions.OT.PzpdjHAOMheNH	duBRdeNeFcRYvQG	The android:onClick attribute cannot be used within a restricted context
string	com.google.firebase.sessions.OT.PzpdjHAOMheNH	eOBxnONV	Art Rock
string	com.google.firebase.sessions.OT.PzpdjHAOMheNH	eoPDwBbjQEPWRd	Animation
string	com.google.firebase.sessions.OT.PzpdjHAOMheNH	epPvDVatBgK	undefined
string	com.google.firebase.sessions.OT.PzpdjHAOMheNH	iSHHRl	byteCount < 0: 
string	com.google.firebase.sessions.OT.PzpdjHAOMheNH	jppAa	video_caching_failed
string	com.google.firebase.sessions.OT.PzpdjHAOMheNH	mSEHo	Room Invalidation Tracker Refresh
string	com.google.firebase.sessions.OT.PzpdjHAOMheNH	mkcEbdD	KmsAeadKey are only accepted with version 0, got 
string	com.google.firebase.sessions.OT.PzpdjHAOMheNH	nKfphWAvfXHCYn	lavfi
string	com.google.firebase.sessions.OT.PzpdjHAOMheNH	oDJQfyLUVg	ext1
string	com.google.firebase.sessions.OT.PzpdjHAOMheNH	roGU	testerABGroup
string	com.google.firebase.sessions.OT.PzpdjHAOMheNH	tCbKgCYtaBfS	instance name= 
string	com.google.firebase.sessions.OT.PzpdjHAOMheNH	uBrGUVR	enable
string	com.google.firebase.sessions.OT.PzpdjHAOMheNH	wZcXOUSrhklZ	functionName
string	com.google.firebase.sessions.OT.PzpdjHAOMheNH	wxwpiqRVRl	firebaseSessions/sessionDataStore.data
string	com.google.firebase.sessions.OT.PzpdjHAOMheNH	xPzFuIlj	TAG
string	com.google.firebase.sessions.OT.PzpdjHAOMheNH	ywahonYiUiQGU	Requested to collect signal for unsupported native ad format. Ignoring...
string	com.hitrolab.audioeditor.karaoke.fragment.ZSB.RLQQShOPWIM	BFGfKTHmbA	 tasks...
string	com.hitrolab.audioeditor.karaoke.fragment.ZSB.RLQQShOPWIM	BYlJSRqlEXCd	inspector_info
string	com.hitrolab.audioeditor.karaoke.fragment.ZSB.RLQQShOPWIM	DDolFuEzzKEf	TransportContext(
string	com.hitrolab.audioeditor.karaoke.fragment.ZSB.RLQQShOPWIM	DMqyNnrlovaU	MaxAdView{adUnitId='
string	com.hitrolab.audioeditor.karaoke.fragment.ZSB.RLQQShOPWIM	ELwyYggJrG	Loaded FfmpegVideoRenderer.
string	com.hitrolab.audioeditor.karaoke.fragment.ZSB.RLQQShOPWIM	FEgVvPJ	AudioSessionManager
string	com.hitrolab.audioeditor.karaoke.fragment.ZSB.RLQQShOPWIM	FMLAHnrm	ResumeRecording
string	com.hitrolab.audioeditor.karaoke.fragment.ZSB.RLQQShOPWIM	FSBwFgdlc	Must not set scopes in GoogleApiClient.Builder when using 
string	com.hitrolab.audioeditor.karaoke.fragment.ZSB.RLQQShOPWIM	FriAOq	droppedSeeksWhileScrubbing
string	com.hitrolab.audioeditor.karaoke.fragment.ZSB.RLQQShOPWIM	KuuGqsmcUofieh	NONE
string	com.hitrolab.audioeditor.karaoke.fragment.ZSB.RLQQShOPWIM	MID	8000
string	com.hitrolab.audioeditor.karaoke.fragment.ZSB.RLQQShOPWIM	SMHsw	offerId
string	com.hitrolab.audioeditor.karaoke.fragment.ZSB.RLQQShOPWIM	TdkkOfznfuitm	</script>
string	com.hitrolab.audioeditor.karaoke.fragment.ZSB.RLQQShOPWIM	ThOyHp	aecho=0.8:0.9:1000:0.3
string	com.hitrolab.audioeditor.karaoke.fragment.ZSB.RLQQShOPWIM	Tlt	signals
string	com.hitrolab.audioeditor.karaoke.fragment.ZSB.RLQQShOPWIM	USudNBd	nextRequestWaitMillis
string	com.hitrolab.audioeditor.karaoke.fragment.ZSB.RLQQShOPWIM	Vgq	GIF
string	com.hitrolab.audioeditor.karaoke.fragment.ZSB.RLQQShOPWIM	XfJMRQYFwh	Main
string	com.hitrolab.audioeditor.karaoke.fragment.ZSB.RLQQShOPWIM	YNTIAHmYahBQsy	PRAGMA page_count
string	com.hitrolab.audioeditor.karaoke.fragment.ZSB.RLQQShOPWIM	YQpdM	)
string	com.hitrolab.audioeditor.karaoke.fragment.ZSB.RLQQShOPWIM	YjqBcLnnsLU	AD_STATE_IDLE
string	com.hitrolab.audioeditor.karaoke.fragment.ZSB.RLQQShOPWIM	ZJWvzDVP	NETWORK_TYPE_HSDPA
string	com.hitrolab.audioeditor.karaoke.fragment.ZSB.RLQQShOPWIM	ZTPmGglaq	i
string	com.hitrolab.audioeditor.karaoke.fragment.ZSB.RLQQShOPWIM	dLFJUHVplmFyklS	 is duplicated in the keyset, and Tink is configured to reject such keysets with the flag validateKeysetsOnParsing.
string	com.hitrolab.audioeditor.karaoke.fragment.ZSB.RLQQShOPWIM	dywbxLTPJ	secure_fallback_enabled
string	com.hitrolab.audioeditor.karaoke.fragment.ZSB.RLQQShOPWIM	eQpkOHtIw	^Flutter-GMA-.*|^unity-.*
string	com.hitrolab.audioeditor.karaoke.fragment.ZSB.RLQQShOPWIM	flPk	AppLovinIncentivizedInterstitial{zoneId='
string	com.hitrolab.audioeditor.karaoke.fragment.ZSB.RLQQShOPWIM	hCDRxOPXEHWwemD	Component not created
string	com.hitrolab.audioeditor.karaoke.fragment.ZSB.RLQQShOPWIM	kQwiktgMXz	UTF-8
string	com.hitrolab.audioeditor.karaoke.fragment.ZSB.RLQQShOPWIM	kkd	CompanionAd [apiFramework=
string	com.hitrolab.audioeditor.karaoke.fragment.ZSB.RLQQShOPWIM	lwXWY	amr
string	com.hitrolab.audioeditor.karaoke.fragment.ZSB.RLQQShOPWIM	msTjN	omid_custom_ref_data
string	com.hitrolab.audioeditor.karaoke.fragment.ZSB.RLQQShOPWIM	okpOzWLyAw	gads:csi:enable_csi_latency_reporting_for_rendering
string	com.hitrolab.audioeditor.karaoke.fragment.ZSB.RLQQShOPWIM	oyWxzcQCg	PurposeDiagnostics
string	com.hitrolab.audioeditor.karaoke.fragment.ZSB.RLQQShOPWIM	rlMddayeEkU	Invalid input received
string	com.hitrolab.audioeditor.karaoke.fragment.ZSB.RLQQShOPWIM	rsyyKbT	
string	com.hitrolab.audioeditor.karaoke.fragment.ZSB.RLQQShOPWIM	vnbGh	byteCount < 0: 
string	com.hitrolab.audioeditor.karaoke.fragment.ZSB.RLQQShOPWIM	yAC	<!DOCTYPE [^>]*>
string	com.hitrolab.audioeditor.karaoke.fragment.ZSB.RLQQShOPWIM	ynqRFRwtCYlpWj	Cornish
string	com.hitrolab.audioeditor.loop.QtjX.pRCaortE	AJkDu	androidx.view.accessibility.AccessibilityNodeInfoCompat.SPANS_END_KEY
string	com.hitrolab.audioeditor.loop.QtjX.pRCaortE	ChaoPoeWNwAMk	appVersion
string	com.hitrolab.audioeditor.loop.QtjX.pRCaortE	DbQqr	javascript:al_onAdRestored( '
string	com.hitrolab.audioeditor.loop.QtjX.pRCaortE	ELkckxaCVsVJ	FetchCallbackFailure
string	com.hitrolab.audioeditor.loop.QtjX.pRCaortE	HHPEUCWkYYUEieb	Failed to parse the message.
string	com.hitrolab.audioeditor.loop.QtjX.pRCaortE	ITDMm	mos
string	com.hitrolab.audioeditor.loop.QtjX.pRCaortE	Jfljr	ftl
string	com.hitrolab.audioeditor.loop.QtjX.pRCaortE	KCXsenrouao	unregisterDeviceMuteEventListener called
string	com.hitrolab.audioeditor.loop.QtjX.pRCaortE	LCZTzldhelSxEu	OpenUrlActivity
string	com.hitrolab.audioeditor.loop.QtjX.pRCaortE	NbIi	SELECT * FROM room_table_modification_log WHERE invalidated = 1
string	com.hitrolab.audioeditor.loop.QtjX.pRCaortE	NdJlukz	SINT64_LIST_PACKED
string	com.hitrolab.audioeditor.loop.QtjX.pRCaortE	QLYdrMAWVAWFQPU	/vibrate
string	com.hitrolab.audioeditor.loop.QtjX.pRCaortE	QuJsucgeZS	zzd
string	com.hitrolab.audioeditor.loop.QtjX.pRCaortE	ThQaKq	 AdSize(s) to the ad request.
string	com.hitrolab.audioeditor.loop.QtjX.pRCaortE	TiYXg	HmacSHA1
string	com.hitrolab.audioeditor.loop.QtjX.pRCaortE	UJPJ	banner-320x50
string	com.hitrolab.audioeditor.loop.QtjX.pRCaortE	UlEGlPoHUPgQLk	Key change
string	com.hitrolab.audioeditor.loop.QtjX.pRCaortE	WjrtnjHbwGw	controller
string	com.hitrolab.audioeditor.loop.QtjX.pRCaortE	XNhwGtdYJQ	Component not created
string	com.hitrolab.audioeditor.loop.QtjX.pRCaortE	aMO	CallbackResult(name=
string	com.hitrolab.audioeditor.loop.QtjX.pRCaortE	cCyTolUZQRSL	
string	com.hitrolab.audioeditor.loop.QtjX.pRCaortE	iPePGwavKUv	Disabled
string	com.hitrolab.audioeditor.loop.QtjX.pRCaortE	irgClCR	
string	com.hitrolab.audioeditor.loop.QtjX.pRCaortE	kTlzgwrXJQKpTkk	ENUM
string	com.hitrolab.audioeditor.loop.QtjX.pRCaortE	kjNusYenL	super.dwh.mediation_events
string	com.hitrolab.audioeditor.loop.QtjX.pRCaortE	mWQOoQJnmXzZIUv	bae8e37fc83441b16034566b
string	com.hitrolab.audioeditor.loop.QtjX.pRCaortE	nDqlbPQnIoWeaQ	TEMP_
string	com.hitrolab.audioeditor.loop.QtjX.pRCaortE	nJe	zze
string	com.hitrolab.audioeditor.loop.QtjX.pRCaortE	neWFdmGInUKeb	Child 
string	com.hitrolab.audioeditor.loop.QtjX.pRCaortE	nqwoqUArovAxZAM	\\"
string	com.hitrolab.audioeditor.loop.QtjX.pRCaortE	pVKkknw	IronSourceMediationAdapter
string	com.hitrolab.audioeditor.loop.QtjX.pRCaortE	qIGncxe	ext1
string	com.hitrolab.audioeditor.loop.QtjX.pRCaortE	rJdYOFEjX	http://www.w3.org/ns/ttml#parameter
string	com.hitrolab.audioeditor.loop.QtjX.pRCaortE	rNgUZqQoDQinvT	\\|
string	com.hitrolab.audioeditor.loop.QtjX.pRCaortE	sOOIMWyZ	trimResetTime
string	com.hitrolab.audioeditor.loop.QtjX.pRCaortE	uKPLE	 with error: 
string	com.hitrolab.audioeditor.loop.QtjX.pRCaortE	wEDPJwHpO	banner-320x50
string	com.hitrolab.audioeditor.loop.QtjX.pRCaortE	wbtFfsx	priceAmountMicros
string	com.hitrolab.audioeditor.loop.QtjX.pRCaortE	wuDqvwvd	}
string	com.hitrolab.audioeditor.loop.QtjX.pRCaortE	xyiramEYMTUu	Exception in startTrackingForImpression with message : 
string	com.hitrolab.audioeditor.loop.QtjX.pRCaortE	yhAqAYJKcLRHh	require_interaction_for_click
string	com.hitrolab.audioeditor.loop.QtjX.pRCaortE	zXRAtZsawIslX	:
string	com.hitrolab.audioeditor.noise.FND.PobopwpyKibOAm	BfBQuaEPUg	-y
string	com.hitrolab.audioeditor.noise.FND.PobopwpyKibOAm	ClTVmFcJPJe	Parameter is not formatted correctly: "
string	com.hitrolab.audioeditor.noise.FND.PobopwpyKibOAm	CvebbmUymlDch	audio/vnd.dts.hd
string	com.hitrolab.audioeditor.noise.FND.PobopwpyKibOAm	DIDhtkBH	application/cea-608
string	com.hitrolab.audioeditor.noise.FND.PobopwpyKibOAm	EbNepsm	
string	com.hitrolab.audioeditor.noise.FND.PobopwpyKibOAm	FkzkUIZ	olivedrab
string	com.hitrolab.audioeditor.noise.FND.PobopwpyKibOAm	HDpKPJzSpxZZ	response invalid - return null
string	com.hitrolab.audioeditor.noise.FND.PobopwpyKibOAm	HNlGQkD	priorResponse.body != null
string	com.hitrolab.audioeditor.noise.FND.PobopwpyKibOAm	IIqdM	BASELINE
string	com.hitrolab.audioeditor.noise.FND.PobopwpyKibOAm	JmGmFdxXsWiacCj	assets
string	com.hitrolab.audioeditor.noise.FND.PobopwpyKibOAm	KVDCLP	<init>()V
string	com.hitrolab.audioeditor.noise.FND.PobopwpyKibOAm	LbpfPRCRFic	in AdMob Custom Event Class
string	com.hitrolab.audioeditor.noise.FND.PobopwpyKibOAm	LbwwtjQBcHoQLn	=
string	com.hitrolab.audioeditor.noise.FND.PobopwpyKibOAm	MEV	error
string	com.hitrolab.audioeditor.noise.FND.PobopwpyKibOAm	MOZYxhWNLKmX	getEngine: Trying to acquire lock
string	com.hitrolab.audioeditor.noise.FND.PobopwpyKibOAm	MYCIIn	Failed to instantiate the specified SLF4JServiceProvider (
string	com.hitrolab.audioeditor.noise.FND.PobopwpyKibOAm	MaPJbimAs	artist
string	com.hitrolab.audioeditor.noise.FND.PobopwpyKibOAm	MbQAPsp	 - 
string	com.hitrolab.audioeditor.noise.FND.PobopwpyKibOAm	MmWaCaP	_data
string	com.hitrolab.audioeditor.noise.FND.PobopwpyKibOAm	QTjY	market_referrer_gclid
string	com.hitrolab.audioeditor.noise.FND.PobopwpyKibOAm	ShjHiyzGRUEdMWm	 dB(FS) \n
string	com.hitrolab.audioeditor.noise.FND.PobopwpyKibOAm	ThNyVZ	ini_pn
string	com.hitrolab.audioeditor.noise.FND.PobopwpyKibOAm	UPUyZxCDXYL	AdRequestTimeOut by timer, Adstate=
string	com.hitrolab.audioeditor.noise.FND.PobopwpyKibOAm	USwlHs	lemonchiffon
string	com.hitrolab.audioeditor.noise.FND.PobopwpyKibOAm	UXUolZabOMgarb	MediaCodecAudioRenderer
string	com.hitrolab.audioeditor.noise.FND.PobopwpyKibOAm	XEdQn	aac
string	com.hitrolab.audioeditor.noise.FND.PobopwpyKibOAm	XXw	loadJavascriptEngine > /jsLoaded handler: Lock released, the promise is already settled
string	com.hitrolab.audioeditor.noise.FND.PobopwpyKibOAm	aWagF	setUserId must be called on the main UI thread.
string	com.hitrolab.audioeditor.noise.FND.PobopwpyKibOAm	bcXFqqqsfEVeK	Compress
string	com.hitrolab.audioeditor.noise.FND.PobopwpyKibOAm	cHEnYoQQkDvGmv	Error constructing slot parameters
string	com.hitrolab.audioeditor.noise.FND.PobopwpyKibOAm	dTASGP	Looper must not be null
string	com.hitrolab.audioeditor.noise.FND.PobopwpyKibOAm	dukcIL	k
string	com.hitrolab.audioeditor.noise.FND.PobopwpyKibOAm	fHIrlO	1
string	com.hitrolab.audioeditor.noise.FND.PobopwpyKibOAm	gyMakw	android$support$customtabs$IAuthTabCallback
string	com.hitrolab.audioeditor.noise.FND.PobopwpyKibOAm	ibnkZilRjPIaxt	LYRICS
string	com.hitrolab.audioeditor.noise.FND.PobopwpyKibOAm	nESYeWjwstubf	-y
string	com.hitrolab.audioeditor.noise.FND.PobopwpyKibOAm	oNZHzgkoj	Error getting sdk configurations
string	com.hitrolab.audioeditor.noise.FND.PobopwpyKibOAm	ocppYOJOAES	.
string	com.hitrolab.audioeditor.noise.FND.PobopwpyKibOAm	rEljLSXqhuqR	Exception in makeDexElement
string	com.hitrolab.audioeditor.noise.FND.PobopwpyKibOAm	sQQBsqVYrH	crash
string	com.hitrolab.audioeditor.noise.FND.PobopwpyKibOAm	ugDO	1755885240649
string	com.hitrolab.audioeditor.noise.FND.PobopwpyKibOAm	ukTzC	okhttp.TaskRunner
string	com.hitrolab.audioeditor.noise.FND.PobopwpyKibOAm	uqBZPQrcxPK	android.permission.ACCESS_COARSE_LOCATION
string	com.hitrolab.audioeditor.noise.FND.PobopwpyKibOAm	wUNpj	setRenderInBrowser
string	com.hitrolab.audioeditor.noise.FND.PobopwpyKibOAm	weWn	AI
string	com.hitrolab.audioeditor.noise.FND.PobopwpyKibOAm	xTakPfKOuEINTLP	mpg
string	com.hitrolab.audioeditor.noise.FND.PobopwpyKibOAm	yrsJu	, values=
string	com.hitrolab.audioeditor.output_player.gif.dSG.GuymecHjUD	AZAKIPiHSA	 should be at least 1
string	com.hitrolab.audioeditor.output_player.gif.dSG.GuymecHjUD	AduT	
string	com.hitrolab.audioeditor.output_player.gif.dSG.GuymecHjUD	AfzMqB	
string	com.hitrolab.audioeditor.output_player.gif.dSG.GuymecHjUD	AvceZrrzIScSBHf	reference_iframe
string	com.hitrolab.audioeditor.output_player.gif.dSG.GuymecHjUD	CzyXFkRwyYa	native-assets-loading-image-composition-start
string	com.hitrolab.audioeditor.output_player.gif.dSG.GuymecHjUD	DfPn	, autoMetadata=
string	com.hitrolab.audioeditor.output_player.gif.dSG.GuymecHjUD	FeKmscRf	com.google.android.gms.ads.internal.formats.client.IAttributionInfo
string	com.hitrolab.audioeditor.output_player.gif.dSG.GuymecHjUD	FlrUzBLDx	Unknown tag
string	com.hitrolab.audioeditor.output_player.gif.dSG.GuymecHjUD	GXhaNwkdep	measurement.test.test_double_flag
string	com.hitrolab.audioeditor.output_player.gif.dSG.GuymecHjUD	ICRhQi	ACOUSTID_FINGERPRINT
string	com.hitrolab.audioeditor.output_player.gif.dSG.GuymecHjUD	JeZlmgDed	onNativeAdClicked
string	com.hitrolab.audioeditor.output_player.gif.dSG.GuymecHjUD	JxqzpzWmaZqZpyZ	rewarded
string	com.hitrolab.audioeditor.output_player.gif.dSG.GuymecHjUD	KbuBrC	DATE_MONTH_FULL
string	com.hitrolab.audioeditor.output_player.gif.dSG.GuymecHjUD	MzsFnENpFgsiat	rowid<?
string	com.hitrolab.audioeditor.output_player.gif.dSG.GuymecHjUD	NppuGT	event_server_parameter
string	com.hitrolab.audioeditor.output_player.gif.dSG.GuymecHjUD	SOd	Got unfetchedProduct: 
string	com.hitrolab.audioeditor.output_player.gif.dSG.GuymecHjUD	SXMXkJNgKdC	Failed to retrieve float property for key = 
string	com.hitrolab.audioeditor.output_player.gif.dSG.GuymecHjUD	UBIqJljGVwqzt	0123456789ABCDEF
string	com.hitrolab.audioeditor.output_player.gif.dSG.GuymecHjUD	UNDuQFhHbcBiZ	]
string	com.hitrolab.audioeditor.output_player.gif.dSG.GuymecHjUD	WajOygXsexNY	accessibilityTraversal
string	com.hitrolab.audioeditor.output_player.gif.dSG.GuymecHjUD	WtVsHsAMTRSBZZ	config
string	com.hitrolab.audioeditor.output_player.gif.dSG.GuymecHjUD	XgxXFvnjlonKl	NonAB
string	com.hitrolab.audioeditor.output_player.gif.dSG.GuymecHjUD	YBTMmXIHh	stacktrace
string	com.hitrolab.audioeditor.output_player.gif.dSG.GuymecHjUD	YYIIVIZMMilXQmv	paidv2_pub_option_android
string	com.hitrolab.audioeditor.output_player.gif.dSG.GuymecHjUD	YbNeqasAuJIuzHR	NATIVE_ASSETS_LOADING_VIDEO_END
string	com.hitrolab.audioeditor.output_player.gif.dSG.GuymecHjUD	aWdFLFonBlNBao	crop-bottom
string	com.hitrolab.audioeditor.output_player.gif.dSG.GuymecHjUD	biSurkC	CUSTOM
string	com.hitrolab.audioeditor.output_player.gif.dSG.GuymecHjUD	fdwkNUKt	 is read-only
string	com.hitrolab.audioeditor.output_player.gif.dSG.GuymecHjUD	fnAxj	ILST
string	com.hitrolab.audioeditor.output_player.gif.dSG.GuymecHjUD	gCtqLqZdhvFq	zzo
string	com.hitrolab.audioeditor.output_player.gif.dSG.GuymecHjUD	hen	display_info_store
string	com.hitrolab.audioeditor.output_player.gif.dSG.GuymecHjUD	ink	networkType
string	com.hitrolab.audioeditor.output_player.gif.dSG.GuymecHjUD	jaENVNJTbCTmmO	TPUB
string	com.hitrolab.audioeditor.output_player.gif.dSG.GuymecHjUD	jlqKwB	mediumblue
string	com.hitrolab.audioeditor.output_player.gif.dSG.GuymecHjUD	jnQwov	 (
string	com.hitrolab.audioeditor.output_player.gif.dSG.GuymecHjUD	kMy	reportController
string	com.hitrolab.audioeditor.output_player.gif.dSG.GuymecHjUD	kmjW	omidVersion
string	com.hitrolab.audioeditor.output_player.gif.dSG.GuymecHjUD	miXRntH	retryCount
string	com.hitrolab.audioeditor.output_player.gif.dSG.GuymecHjUD	nEAUQnkAe	ads
string	com.hitrolab.audioeditor.output_player.gif.dSG.GuymecHjUD	nLzBSPeEWPW	destroyISDemandOnlyBanner()
string	com.hitrolab.audioeditor.output_player.gif.dSG.GuymecHjUD	sCici	bluetooth
string	com.hitrolab.audioeditor.output_player.gif.dSG.GuymecHjUD	sRpMXQAiZpxxMWO	output
string	com.hitrolab.audioeditor.output_player.gif.dSG.GuymecHjUD	seVyfaFhvxNIpl	Split request is disabled.
string	com.hitrolab.audioeditor.output_player.gif.dSG.GuymecHjUD	vlBtAZeavUJrzqA	sgpc_rn
string	com.hitrolab.audioeditor.output_player.gif.dSG.GuymecHjUD	xSSBShPpTSwvQvW	jobscheduler
string	com.hitrolab.audioeditor.output_player.gif.dSG.GuymecHjUD	yciXSP	
string	com.hitrolab.audioeditor.output_player.gif.dSG.GuymecHjUD	zmEyhPfCtQ	cache_max_size_mb
string	com.hitrolab.musicplayer.utils.wV.DRtSvFKnGnQIU	ALPt	LoadCallback cannot be null.
string	com.hitrolab.musicplayer.utils.wV.DRtSvFKnGnQIU	BxYTYFMUVQoVyyz	LOGGER CRASH
string	com.hitrolab.musicplayer.utils.wV.DRtSvFKnGnQIU	GtZu	gads:per_app_id_signal_timeout_duration_in_ms
string	com.hitrolab.musicplayer.utils.wV.DRtSvFKnGnQIU	JgpnpCUQFgtc	Transient bottom bar must have non-null callback
string	com.hitrolab.musicplayer.utils.wV.DRtSvFKnGnQIU	JwMb	enabled
string	com.hitrolab.musicplayer.utils.wV.DRtSvFKnGnQIU	LWQcs	source
string	com.hitrolab.musicplayer.utils.wV.DRtSvFKnGnQIU	NNYuw	*
string	com.hitrolab.musicplayer.utils.wV.DRtSvFKnGnQIU	NTAfPVOsM	MRAID_ENV
string	com.hitrolab.musicplayer.utils.wV.DRtSvFKnGnQIU	OkwRIA	aecho=in_gain=
string	com.hitrolab.musicplayer.utils.wV.DRtSvFKnGnQIU	PDlfEUWI	zzd
string	com.hitrolab.musicplayer.utils.wV.DRtSvFKnGnQIU	PtZQFeCA	datatransport/3.3.0 android/
string	com.hitrolab.musicplayer.utils.wV.DRtSvFKnGnQIU	PyGgoYhgHJYxW	app_id
string	com.hitrolab.musicplayer.utils.wV.DRtSvFKnGnQIU	Qop	https://cd836371f1d.cdn.intergient.com/fb87a4ea41
string	com.hitrolab.musicplayer.utils.wV.DRtSvFKnGnQIU	RDMSRmJP	mobile
string	com.hitrolab.musicplayer.utils.wV.DRtSvFKnGnQIU	RkjYojmozDhsfp	/adQuality/screenshots
string	com.hitrolab.musicplayer.utils.wV.DRtSvFKnGnQIU	TRbKa	Failed to apply OverlayDisplayDismissRequest: missing appId and sessionToken.
string	com.hitrolab.musicplayer.utils.wV.DRtSvFKnGnQIU	Vgd	false
string	com.hitrolab.musicplayer.utils.wV.DRtSvFKnGnQIU	XIdITi	, expected 0 or 1; at path 
string	com.hitrolab.musicplayer.utils.wV.DRtSvFKnGnQIU	YHDv	noOutputDevice
string	com.hitrolab.musicplayer.utils.wV.DRtSvFKnGnQIU	ZFtxQQYZvrzEtZ	      min
string	com.hitrolab.musicplayer.utils.wV.DRtSvFKnGnQIU	ZYgtGvJCwsplx	smta: captureFrameRate=
string	com.hitrolab.musicplayer.utils.wV.DRtSvFKnGnQIU	dFuisYflznck	Using pre-Gam24 library:
string	com.hitrolab.musicplayer.utils.wV.DRtSvFKnGnQIU	dSlJbgfo	mediationAdUnitId
string	com.hitrolab.musicplayer.utils.wV.DRtSvFKnGnQIU	iWDbre	expanded
string	com.hitrolab.musicplayer.utils.wV.DRtSvFKnGnQIU	koTwRHFC	executor rejected
string	com.hitrolab.musicplayer.utils.wV.DRtSvFKnGnQIU	nlXnxdJpVYTwQ	Unable to update controllerConfigs: 
string	com.hitrolab.musicplayer.utils.wV.DRtSvFKnGnQIU	ouaj	t
string	com.hitrolab.musicplayer.utils.wV.DRtSvFKnGnQIU	qDhZgvLoksjAa	 interstitialListener
string	com.hitrolab.musicplayer.utils.wV.DRtSvFKnGnQIU	qMFwDJYuTavBJl	contentUrlOptedOutSetting
string	com.hitrolab.musicplayer.utils.wV.DRtSvFKnGnQIU	sbvdVtOZ	HEADERS
string	com.hitrolab.musicplayer.utils.wV.DRtSvFKnGnQIU	uJvcmhkIKPMf	Timeout getting AppSet ID.
string	com.hitrolab.musicplayer.utils.wV.DRtSvFKnGnQIU	vJNXuI	notAttached
string	com.hitrolab.musicplayer.utils.wV.DRtSvFKnGnQIU	vMEEFlrnXBB	; 
string	com.hitrolab.musicplayer.utils.wV.DRtSvFKnGnQIU	vYQqgLTWBlMbDYi	Podcast
string	com.hitrolab.musicplayer.utils.wV.DRtSvFKnGnQIU	vnNItfFjZk	Called while creating a loader
string	com.hitrolab.musicplayer.utils.wV.DRtSvFKnGnQIU	yLQPwiLLsqi	POST
string	com.hitrolab.musicplayer.utils.wV.DRtSvFKnGnQIU	yXI	Multiple entries with same key: 
string	com.hitrolab.musicplayer.utils.wV.DRtSvFKnGnQIU	yahkYOzzYlcnO	bidding data map is null
string	com.iabtcf.utils.AXov.QyQcoWqaSt	AZKmJMsZ	Pitch_Tempo
string	com.iabtcf.utils.AXov.QyQcoWqaSt	AbrzaQZGAaF	unmatched_pfo
string	com.iabtcf.utils.AXov.QyQcoWqaSt	CRlLPmDsSXTXBTl	video/av01
string	com.iabtcf.utils.AXov.QyQcoWqaSt	DLCktFLHxTh	A GMSG tried to close something that wasn't an overlay.
string	com.iabtcf.utils.AXov.QyQcoWqaSt	EIxTNSHZ	Mark has been invalidated, pos: 
string	com.iabtcf.utils.AXov.QyQcoWqaSt	GPpIaX	Error during loading assets.
string	com.iabtcf.utils.AXov.QyQcoWqaSt	Ifyck	
string	com.iabtcf.utils.AXov.QyQcoWqaSt	JSElnZXvbWfUB	vocals
string	com.iabtcf.utils.AXov.QyQcoWqaSt	LOkRZgA	ms
string	com.iabtcf.utils.AXov.QyQcoWqaSt	LnfHXuRIKjcc	
string	com.iabtcf.utils.AXov.QyQcoWqaSt	MOeUuraFxt	Processor
string	com.iabtcf.utils.AXov.QyQcoWqaSt	Mdaymur	Sign-in succeeded with resolve account failure: 
string	com.iabtcf.utils.AXov.QyQcoWqaSt	MmsriOn	gads:signal:paid_on_gam:enabled
string	com.iabtcf.utils.AXov.QyQcoWqaSt	OAVWfEnmbSl	, adaptiveWidth=
string	com.iabtcf.utils.AXov.QyQcoWqaSt	OmhdUGsBdtP	android.intent.action.BATTERY_CHANGED
string	com.iabtcf.utils.AXov.QyQcoWqaSt	QNwwYvDlDUvV	Got empty resource: 
string	com.iabtcf.utils.AXov.QyQcoWqaSt	SPgNDsiYeFcxx	com.google.android.gms.gass.internal.clearcut.IGassClearcut
string	com.iabtcf.utils.AXov.QyQcoWqaSt	TEZHyrLRAJ	Unsupported obu_extension_flag
string	com.iabtcf.utils.AXov.QyQcoWqaSt	VmZNMnXi	AlternRock
string	com.iabtcf.utils.AXov.QyQcoWqaSt	XNML	Songs-DB_Custom4
string	com.iabtcf.utils.AXov.QyQcoWqaSt	XPpHSz	success
string	com.iabtcf.utils.AXov.QyQcoWqaSt	XXyoFLTyvF	NullPointerException occurs when invoking a method from a delegating listener.
string	com.iabtcf.utils.AXov.QyQcoWqaSt	XkDEJYStLm	translationYLinear
string	com.iabtcf.utils.AXov.QyQcoWqaSt	asWZNNoeQU	TPE4
string	com.iabtcf.utils.AXov.QyQcoWqaSt	bAcCw	Header name '
string	com.iabtcf.utils.AXov.QyQcoWqaSt	cyorMUVHGatikD	isLoadWhileShow
string	com.iabtcf.utils.AXov.QyQcoWqaSt	dwwkVnjfMn	Destroying ad for '
string	com.iabtcf.utils.AXov.QyQcoWqaSt	efjKjrHRF	19
string	com.iabtcf.utils.AXov.QyQcoWqaSt	fdyFXFrfh	time elapsed
string	com.iabtcf.utils.AXov.QyQcoWqaSt	gVlbAY	, value=
string	com.iabtcf.utils.AXov.QyQcoWqaSt	iZCBCTKR	firebase_database_url
string	com.iabtcf.utils.AXov.QyQcoWqaSt	jWcXSAtbqXa	 as a non bidder is being loaded
string	com.iabtcf.utils.AXov.QyQcoWqaSt	kBNJQM	app_version
string	com.iabtcf.utils.AXov.QyQcoWqaSt	lExQNcIgcTYiz	1
string	com.iabtcf.utils.AXov.QyQcoWqaSt	lftafEEYXmBoYao	event
string	com.iabtcf.utils.AXov.QyQcoWqaSt	nTFXNbyfzcyXXh	AK_ID
string	com.iabtcf.utils.AXov.QyQcoWqaSt	nUAtKCJeMNeN	 with container: 
string	com.iabtcf.utils.AXov.QyQcoWqaSt	nhHylbJsrRhte	try_fallback_for_deep_link
string	com.iabtcf.utils.AXov.QyQcoWqaSt	oZFFbhgEvIHM	gads:adoverlay:b68684796:targeting_sdk:upper_bound
string	com.iabtcf.utils.AXov.QyQcoWqaSt	qxLY	
string	com.iabtcf.utils.AXov.QyQcoWqaSt	sGBEYEUFAyn	TPOS
string	com.iabtcf.utils.AXov.QyQcoWqaSt	uXTpMwiK	socket
string	com.iabtcf.utils.AXov.QyQcoWqaSt	ufbeQTXPgKHMBP	gads:ad_key_signal_timeout_duration_in_ms
string	com.iabtcf.utils.AXov.QyQcoWqaSt	vGYp	POPM
string	com.iabtcf.utils.AXov.QyQcoWqaSt	vZTW	events
string	com.iabtcf.utils.AXov.QyQcoWqaSt	wGUVHVJxKEMKq	Punk Rock
string	com.intergi.playwiresdk.config.DFL.yUpLpudDwOaBxL	DiuiCCYCdmQghF	reschedule_needed
string	com.intergi.playwiresdk.config.DFL.yUpLpudDwOaBxL	EJqIMYiHa	, adUnitId=
string	com.intergi.playwiresdk.config.DFL.yUpLpudDwOaBxL	FnJtLLQt	com.google.firebase.analytics.FirebaseAnalytics
string	com.intergi.playwiresdk.config.DFL.yUpLpudDwOaBxL	GcZshQNs	https://imasdk.googleapis.com/native/sdkloader/native_sdk_v3.html
string	com.intergi.playwiresdk.config.DFL.yUpLpudDwOaBxL	GcqkNYtyjlq	copy
string	com.intergi.playwiresdk.config.DFL.yUpLpudDwOaBxL	GdtojMgRcfqFFZb	]
string	com.intergi.playwiresdk.config.DFL.yUpLpudDwOaBxL	IOqItNS	adservices_extension_too_old
string	com.intergi.playwiresdk.config.DFL.yUpLpudDwOaBxL	IZWpMlpCzaeWHXV	seconds
string	com.intergi.playwiresdk.config.DFL.yUpLpudDwOaBxL	KAplGBiidnJyow	network-parse-complete
string	com.intergi.playwiresdk.config.DFL.yUpLpudDwOaBxL	KHOw	auctionId
string	com.intergi.playwiresdk.config.DFL.yUpLpudDwOaBxL	KxvrY	Launch external link flow finished with error resultCode: 
string	com.intergi.playwiresdk.config.DFL.yUpLpudDwOaBxL	MCgdHSCFuoeXrkf	Kamba
string	com.intergi.playwiresdk.config.DFL.yUpLpudDwOaBxL	MOM	 - time - 
string	com.intergi.playwiresdk.config.DFL.yUpLpudDwOaBxL	MUPzscKSn	-map_metadata
string	com.intergi.playwiresdk.config.DFL.yUpLpudDwOaBxL	NSrXBbLavPsbZW	Timestamp format must be 1 or 2 (ID3v2.4, 4.5): 
string	com.intergi.playwiresdk.config.DFL.yUpLpudDwOaBxL	NoXdDGXFYWxCl	Norsk
string	com.intergi.playwiresdk.config.DFL.yUpLpudDwOaBxL	PpIDnOIwGNpVTw	isApsVendorConsented
string	com.intergi.playwiresdk.config.DFL.yUpLpudDwOaBxL	UCRyothrsOkswLH	MultiDexExtractor.load(
string	com.intergi.playwiresdk.config.DFL.yUpLpudDwOaBxL	UYmCcqLCAyDdxbo	Country
string	com.intergi.playwiresdk.config.DFL.yUpLpudDwOaBxL	UpOnBrDBbShZePu	ads
string	com.intergi.playwiresdk.config.DFL.yUpLpudDwOaBxL	UtbUPCgNhTKemy	MediationAdLoadManagerV2
string	com.intergi.playwiresdk.config.DFL.yUpLpudDwOaBxL	WqPtTlDNB	image/jpeg
string	com.intergi.playwiresdk.config.DFL.yUpLpudDwOaBxL	YbfNPPVd	reason
string	com.intergi.playwiresdk.config.DFL.yUpLpudDwOaBxL	YjPNCKdkJwqMjTT	duration
string	com.intergi.playwiresdk.config.DFL.yUpLpudDwOaBxL	YunUBleYXWuoa	 trimAudio 
string	com.intergi.playwiresdk.config.DFL.yUpLpudDwOaBxL	ZMtdYJTO	15 sec
string	com.intergi.playwiresdk.config.DFL.yUpLpudDwOaBxL	ZVXmZfTSvZPv	gads:mute_webview_audio_when_paused:enabled
string	com.intergi.playwiresdk.config.DFL.yUpLpudDwOaBxL	ZnyTSWB	Q0
string	com.intergi.playwiresdk.config.DFL.yUpLpudDwOaBxL	ajGxIejW	SEALED
string	com.intergi.playwiresdk.config.DFL.yUpLpudDwOaBxL	ayXUIeQe	Rendering ad for token: 
string	com.intergi.playwiresdk.config.DFL.yUpLpudDwOaBxL	bOKGJtAkhg	com.safedk.android.SafeDK
string	com.intergi.playwiresdk.config.DFL.yUpLpudDwOaBxL	ckTEuHUKnQLM	Encountered invalid length while parsing WebP chunktype
string	com.intergi.playwiresdk.config.DFL.yUpLpudDwOaBxL	cob	PERMISSIONS
string	com.intergi.playwiresdk.config.DFL.yUpLpudDwOaBxL	dwTdVHtab	rtb
string	com.intergi.playwiresdk.config.DFL.yUpLpudDwOaBxL	fkTKPfwTw	kas
string	com.intergi.playwiresdk.config.DFL.yUpLpudDwOaBxL	fynJOniiRoxgzf	ns
string	com.intergi.playwiresdk.config.DFL.yUpLpudDwOaBxL	guoQXgYJ	wma
string	com.intergi.playwiresdk.config.DFL.yUpLpudDwOaBxL	hNgEhBNAfjLlF	iris60
string	com.intergi.playwiresdk.config.DFL.yUpLpudDwOaBxL	hmhOnWaIRflvSzH	Api must not be null
string	com.intergi.playwiresdk.config.DFL.yUpLpudDwOaBxL	jXaVXYOb	10B
string	com.intergi.playwiresdk.config.DFL.yUpLpudDwOaBxL	jvOglRwWKUI	mic
string	com.intergi.playwiresdk.config.DFL.yUpLpudDwOaBxL	lGOTZNhTRp	com.applovin.preload_failure
string	com.intergi.playwiresdk.config.DFL.yUpLpudDwOaBxL	lZkTSRtYA	null
string	com.intergi.playwiresdk.config.DFL.yUpLpudDwOaBxL	nBlfaaMoee	OHDR
string	com.intergi.playwiresdk.config.DFL.yUpLpudDwOaBxL	nKWSZMceg	updateToken exception 
string	com.intergi.playwiresdk.config.DFL.yUpLpudDwOaBxL	nkQJglYTojRefGJ	video
string	com.intergi.playwiresdk.config.DFL.yUpLpudDwOaBxL	oBmOTKpScskBKrv	NULL_BUNDLE_FROM_GET_SKU_DETAILS_SERVICE_CALL
string	com.intergi.playwiresdk.config.DFL.yUpLpudDwOaBxL	pIrIWjMmhz	enablePendingPurchaseForSubscriptions
string	com.intergi.playwiresdk.config.DFL.yUpLpudDwOaBxL	qygnGaHn	timeout
string	com.intergi.playwiresdk.config.DFL.yUpLpudDwOaBxL	seCJluKdZFZZCV	FIXED64
string	com.intergi.playwiresdk.config.DFL.yUpLpudDwOaBxL	ungE	SHA224
string	com.intergi.playwiresdk.config.DFL.yUpLpudDwOaBxL	vOpbNNSljYOsyv	Interstitial
string	com.intergi.playwiresdk.config.DFL.yUpLpudDwOaBxL	wTDfeZVIDUM	)
string	com.intergi.playwiresdk.config.DFL.yUpLpudDwOaBxL	xKKNqDBrpPTQrqt	App id not available
string	com.intergi.playwiresdk.config.DFL.yUpLpudDwOaBxL	xWmBdq	LYRICIST_MM3BETA
string	com.ironsource.mediationsdk.adunit.adapter.internal.AqfX.AtCHDpOHDyasn	CrSoYOoJZiQTbT	mhm1.%02X
string	com.ironsource.mediationsdk.adunit.adapter.internal.AqfX.AtCHDpOHDyasn	CwHTfogsnNvkVP	BILLING_API_VERSION_NOT_SET_IN_BUNDLE
string	com.ironsource.mediationsdk.adunit.adapter.internal.AqfX.AtCHDpOHDyasn	FJaChR	1
string	com.ironsource.mediationsdk.adunit.adapter.internal.AqfX.AtCHDpOHDyasn	IkFgNHJ	Failed to gzip post request content
string	com.ironsource.mediationsdk.adunit.adapter.internal.AqfX.AtCHDpOHDyasn	LuElSzSopr	IGmsServiceBroker.getService failed
string	com.ironsource.mediationsdk.adunit.adapter.internal.AqfX.AtCHDpOHDyasn	POOyZKKW	name
string	com.ironsource.mediationsdk.adunit.adapter.internal.AqfX.AtCHDpOHDyasn	SadpzDZdmnPI	style
string	com.ironsource.mediationsdk.adunit.adapter.internal.AqfX.AtCHDpOHDyasn	SoeRCklkiOxaqXF	, format=
string	com.ironsource.mediationsdk.adunit.adapter.internal.AqfX.AtCHDpOHDyasn	TWfiNRFggNv	 must have default constructor in order to be automatically recreated
string	com.ironsource.mediationsdk.adunit.adapter.internal.AqfX.AtCHDpOHDyasn	WAzLhkfPN	Nesting an expandable group inside of another expandable group is not supported!
string	com.ironsource.mediationsdk.adunit.adapter.internal.AqfX.AtCHDpOHDyasn	ZFDBLjwVGo	.
string	com.ironsource.mediationsdk.adunit.adapter.internal.AqfX.AtCHDpOHDyasn	bvpZvcQs	CodedInputStream encountered an embedded string or message which claimed to have negative size.
string	com.ironsource.mediationsdk.adunit.adapter.internal.AqfX.AtCHDpOHDyasn	bxN	a-productVersion
string	com.ironsource.mediationsdk.adunit.adapter.internal.AqfX.AtCHDpOHDyasn	bzJnlLDyoIDzU	SFIXED64_LIST_PACKED
string	com.ironsource.mediationsdk.adunit.adapter.internal.AqfX.AtCHDpOHDyasn	cCEXbodJZ	M10N_CONTEXT_ACTIVITY
string	com.ironsource.mediationsdk.adunit.adapter.internal.AqfX.AtCHDpOHDyasn	fvJnH	zzT
string	com.ironsource.mediationsdk.adunit.adapter.internal.AqfX.AtCHDpOHDyasn	gwJ	
string	com.ironsource.mediationsdk.adunit.adapter.internal.AqfX.AtCHDpOHDyasn	gxSoOMKsrpySFr	HZLVDztSrV7WMgvOC3Tpuhw34rUCVa+ZUy9Yh0ItixF6XBp/MIPEav8caySIUHaZ
string	com.ironsource.mediationsdk.adunit.adapter.internal.AqfX.AtCHDpOHDyasn	iyQtMtYvThJsGn	MiniPlayerTrim
string	com.ironsource.mediationsdk.adunit.adapter.internal.AqfX.AtCHDpOHDyasn	lBkDvYWOy	  Cache Size: 
string	com.ironsource.mediationsdk.adunit.adapter.internal.AqfX.AtCHDpOHDyasn	mAwZWNDbzpie	audio/vnd.dts
string	com.ironsource.mediationsdk.adunit.adapter.internal.AqfX.AtCHDpOHDyasn	mODnx	ExoPlayer:SimpleDecoder
string	com.ironsource.mediationsdk.adunit.adapter.internal.AqfX.AtCHDpOHDyasn	mqFSggbEJ	zzh
string	com.ironsource.mediationsdk.adunit.adapter.internal.AqfX.AtCHDpOHDyasn	nDZFIhIcJnW	placement.adType is null
string	com.ironsource.mediationsdk.adunit.adapter.internal.AqfX.AtCHDpOHDyasn	ptKKcGwtUxgx	gads:native_required_assets:check_inner_mediaview:enabled
string	com.ironsource.mediationsdk.adunit.adapter.internal.AqfX.AtCHDpOHDyasn	rvhkqckinkzqRK	OrBuilderList
string	com.ironsource.mediationsdk.adunit.adapter.internal.AqfX.AtCHDpOHDyasn	sOpbdMvlYP	email
string	com.ironsource.mediationsdk.adunit.adapter.internal.AqfX.AtCHDpOHDyasn	sWDczYLya	Video 39 sec App install
string	com.ironsource.mediationsdk.adunit.adapter.internal.AqfX.AtCHDpOHDyasn	tfNrckZ	fireAQSession - 
string	com.ironsource.mediationsdk.adunit.adapter.internal.AqfX.AtCHDpOHDyasn	uFlXvSsFTExE	nativeDisplay
string	com.ironsource.mediationsdk.adunit.adapter.internal.AqfX.AtCHDpOHDyasn	vGDxoUoSnAcLqN	, type=
string	com.ironsource.mediationsdk.adunit.adapter.internal.AqfX.AtCHDpOHDyasn	vYiQkmV	Superpower issue \n Total Memory: 
string	com.ironsource.mediationsdk.adunit.adapter.internal.AqfX.AtCHDpOHDyasn	ykATxIy	NullPointerException occurs when invoking a method from a delegating listener.
string	kotlin.jvm.fWfN.ytHVIgyJx	AIQSJr	gads:csi:mediation_failure:enabled
string	kotlin.jvm.fWfN.ytHVIgyJx	ASN	Issue with this uri to retrieve path 
string	kotlin.jvm.fWfN.ytHVIgyJx	CUj	PreferencesSerializer does not support type: 
string	kotlin.jvm.fWfN.ytHVIgyJx	DYkXkPe	raw_events
string	kotlin.jvm.fWfN.ytHVIgyJx	DfbbvaqT	watcherClass cannot be null
string	kotlin.jvm.fWfN.ytHVIgyJx	EEFuhG	zzu
string	kotlin.jvm.fWfN.ytHVIgyJx	FanZGo	Firebase servers have received too many requests from this client in a short period of time. Please try again later.
string	kotlin.jvm.fWfN.ytHVIgyJx	GEyaGcdGgApS	creative_debugger_email_recipients
string	kotlin.jvm.fWfN.ytHVIgyJx	GKPLeJbZp	succeeded
string	kotlin.jvm.fWfN.ytHVIgyJx	HLbBGTov	MO
string	kotlin.jvm.fWfN.ytHVIgyJx	HVObVCTOHuyk	.
string	kotlin.jvm.fWfN.ytHVIgyJx	IMBAu	DisplayProperties(width=
string	kotlin.jvm.fWfN.ytHVIgyJx	KIdWl	rendering-webview-creation-end
string	kotlin.jvm.fWfN.ytHVIgyJx	KZcBXxYcJu	auctionTrials
string	kotlin.jvm.fWfN.ytHVIgyJx	KpTJnIZ	 ms
string	kotlin.jvm.fWfN.ytHVIgyJx	PlzTS	Attempted to deserialize a java.lang.Class. Forgot to register a type adapter?\nSee 
string	kotlin.jvm.fWfN.ytHVIgyJx	PtNoaHWiIPBiU	
string	kotlin.jvm.fWfN.ytHVIgyJx	QNJkobMo	REGISTER_ERROR
string	kotlin.jvm.fWfN.ytHVIgyJx	QSmouV	frame
string	kotlin.jvm.fWfN.ytHVIgyJx	QqebLAB	\\f
string	kotlin.jvm.fWfN.ytHVIgyJx	RBdLwPWN	Finished loading WebView
string	kotlin.jvm.fWfN.ytHVIgyJx	SdUryWYcYg	unexpected: 
string	kotlin.jvm.fWfN.ytHVIgyJx	VRxBrOsyufRXUgq	app_update
string	kotlin.jvm.fWfN.ytHVIgyJx	WMBxCQoQEZkl	ENUM_LIST_PACKED
string	kotlin.jvm.fWfN.ytHVIgyJx	WNccCVOyMjoREXO	com.google.android.play.core.lmd.protocol.ILmdOverlayServiceListener
string	kotlin.jvm.fWfN.ytHVIgyJx	WytOHvDjCpf	CreativeDebuggerListAdapter{isInitialized=
string	kotlin.jvm.fWfN.ytHVIgyJx	YyuQcU	End of initial silence
string	kotlin.jvm.fWfN.ytHVIgyJx	bNHAMqhb	TaskCollectSignals
string	kotlin.jvm.fWfN.ytHVIgyJx	bbNShKG	DHKEM_P521_HKDF_SHA512_HKDF_SHA512_AES_128_GCM_RAW
string	kotlin.jvm.fWfN.ytHVIgyJx	cYypCajMzQvS	cyan
string	kotlin.jvm.fWfN.ytHVIgyJx	ctyPPLZihjV	currentVisitStartTs
string	kotlin.jvm.fWfN.ytHVIgyJx	dumBoIUfQ	Error reading AutoServiceReconnectionMaxNumRetries experiment flag: 
string	kotlin.jvm.fWfN.ytHVIgyJx	fwQQ	...
string	kotlin.jvm.fWfN.ytHVIgyJx	gNNkRMq	ad_unit_id
string	kotlin.jvm.fWfN.ytHVIgyJx	gkOEjBaXMExFbb	app_id,audience_id,filter_id,event_name,data
string	kotlin.jvm.fWfN.ytHVIgyJx	hFcRvoEWlEkIIg	 now REMOVED
string	kotlin.jvm.fWfN.ytHVIgyJx	hOlSCFOtmP	com.google.android.gms.measurement.START
string	kotlin.jvm.fWfN.ytHVIgyJx	hgkxWmvBvKL	
string	kotlin.jvm.fWfN.ytHVIgyJx	jJarSFGgI	nativeDisplay
string	kotlin.jvm.fWfN.ytHVIgyJx	kiuEThKYTLCk	Unexpected error, device missing required algorithms
string	kotlin.jvm.fWfN.ytHVIgyJx	kqPfqKnsvOWd	https://8621.sports.quizzop.com
string	kotlin.jvm.fWfN.ytHVIgyJx	lpGSXcyeDtqBW	text/html
string	kotlin.jvm.fWfN.ytHVIgyJx	rInznd	<unknown AccessibleObject> 
string	kotlin.jvm.fWfN.ytHVIgyJx	reig	-filter_complex
string	kotlin.jvm.fWfN.ytHVIgyJx	sRaylSNooqyuTiK	Missing ad format field
string	kotlin.jvm.fWfN.ytHVIgyJx	vjuYe	Text: Lyricist/text writer
string	kotlin.jvm.fWfN.ytHVIgyJx	xJPsNsSUvw	NullPointerException occurs when invoking a method from a delegating listener.
string	kotlin.jvm.fWfN.ytHVIgyJx	xyOzC	zzb
string	org.jaudiotagger.oF.eTRHF	CsvUjXKNbpNSxq	_ui
string	org.jaudiotagger.oF.eTRHF	CvjeyTVu	TAG
string	org.jaudiotagger.oF.eTRHF	EOPvuwjWmT	gay
string	org.jaudiotagger.oF.eTRHF	FKSftA	lam
string	org.jaudiotagger.oF.eTRHF	FuopWLMY	Slow Jam
string	org.jaudiotagger.oF.eTRHF	GnJxmDBEUS	audio_id=?
string	org.jaudiotagger.oF.eTRHF	HFHPPUMrjqjoagD	UAkDPaDwZFzfAv5DRBKzuBD5v
string	org.jaudiotagger.oF.eTRHF	HwyfzuHU	Unregister device volume change listener ...
string	org.jaudiotagger.oF.eTRHF	KeJfRrUhr	um
string	org.jaudiotagger.oF.eTRHF	KzpxI	Unrecognized contentType: 
string	org.jaudiotagger.oF.eTRHF	LulJSz	XT1031
string	org.jaudiotagger.oF.eTRHF	MUwsr	PageStarted
string	org.jaudiotagger.oF.eTRHF	MqYrhDUtGCqh	intHtml
string	org.jaudiotagger.oF.eTRHF	OnMRy	MediationAdapterWrapper
string	org.jaudiotagger.oF.eTRHF	PHdNjOhJF	zzb
string	org.jaudiotagger.oF.eTRHF	PlLQUTo	cct-enabled
string	org.jaudiotagger.oF.eTRHF	QiWfPzRztjN	%s
string	org.jaudiotagger.oF.eTRHF	RmE	cntrl_index
string	org.jaudiotagger.oF.eTRHF	ShIZ	Init 
string	org.jaudiotagger.oF.eTRHF	TCLR	Setting custom data (
string	org.jaudiotagger.oF.eTRHF	UNhLYI	
string	org.jaudiotagger.oF.eTRHF	UOVFg	chrgt
string	org.jaudiotagger.oF.eTRHF	WmXADroeP	, minHeaderSize=
string	org.jaudiotagger.oF.eTRHF	YIYigON	A_OPUS
string	org.jaudiotagger.oF.eTRHF	YKuzyUvgeMj	Logger \nEvent 
string	org.jaudiotagger.oF.eTRHF	YRbOekyduemXM	Data
string	org.jaudiotagger.oF.eTRHF	YeIzUJGY	P7
string	org.jaudiotagger.oF.eTRHF	YjlHwhkqHx	https://www.google.com/dfp/sendDebugData
string	org.jaudiotagger.oF.eTRHF	YzjjX	opacity
string	org.jaudiotagger.oF.eTRHF	dRQfpO	44100
string	org.jaudiotagger.oF.eTRHF	gLYfK	TAG
string	org.jaudiotagger.oF.eTRHF	hIh	K1
string	org.jaudiotagger.oF.eTRHF	hJpZU	EventLogger
string	org.jaudiotagger.oF.eTRHF	iSobHaztlzpmv	FBAMTD
string	org.jaudiotagger.oF.eTRHF	ioWpAeSouPYUoo	0
string	org.jaudiotagger.oF.eTRHF	kddLSZTX	zzz
string	org.jaudiotagger.oF.eTRHF	owCihgcsF	JCE does not support algorithm: ChaCha20-Poly1305
string	org.jaudiotagger.oF.eTRHF	pbThWW	offloadVariableRateSupported
string	org.jaudiotagger.oF.eTRHF	qdtMMrgBo	BillingLogger
string	org.jaudiotagger.oF.eTRHF	sCxqSdeFcEu	none
string	org.jaudiotagger.oF.eTRHF	tWAJdKsXRooriO	:mix=
string	org.jaudiotagger.tag.id3.valuepair.Bn.fjJlOj	BLpy	audio/mp4
string	org.jaudiotagger.tag.id3.valuepair.Bn.fjJlOj	DKgB	EX_NATIVE
string	org.jaudiotagger.tag.id3.valuepair.Bn.fjJlOj	FvzI	Class initialization cannot fail.
string	org.jaudiotagger.tag.id3.valuepair.Bn.fjJlOj	ICjINwArkSExLS	TRACKTOTAL
string	org.jaudiotagger.tag.id3.valuepair.Bn.fjJlOj	IHSF	closed
string	org.jaudiotagger.tag.id3.valuepair.Bn.fjJlOj	JbQBsijfzF	Incomplete trailing HEX escape: 
string	org.jaudiotagger.tag.id3.valuepair.Bn.fjJlOj	JoZHFiCyYWW	reason
string	org.jaudiotagger.tag.id3.valuepair.Bn.fjJlOj	LuL	media3.extractor
string	org.jaudiotagger.tag.id3.valuepair.Bn.fjJlOj	NJJdixTSnQiyaM	, y=
string	org.jaudiotagger.tag.id3.valuepair.Bn.fjJlOj	NkDJhXFCZlcp	
string	org.jaudiotagger.tag.id3.valuepair.Bn.fjJlOj	ONwEYSnL	Parsing color failed
string	org.jaudiotagger.tag.id3.valuepair.Bn.fjJlOj	PdEEIU	others
string	org.jaudiotagger.tag.id3.valuepair.Bn.fjJlOj	TeSXveuJYaX	app_instance_id
string	org.jaudiotagger.tag.id3.valuepair.Bn.fjJlOj	UEKveDnkkKce	SELECT `progress`,`work_spec_id` FROM `WorkProgress` WHERE `work_spec_id` IN (
string	org.jaudiotagger.tag.id3.valuepair.Bn.fjJlOj	UYgLhADJFElWHG	retry_count
string	org.jaudiotagger.tag.id3.valuepair.Bn.fjJlOj	XRBpFjuuH	-y
string	org.jaudiotagger.tag.id3.valuepair.Bn.fjJlOj	afAVe	AB Test Experiment Name
string	org.jaudiotagger.tag.id3.valuepair.Bn.fjJlOj	cxNqFSUkyI	in AdMob Single Price Custom Event Class
string	org.jaudiotagger.tag.id3.valuepair.Bn.fjJlOj	dqjqBMcYq	, format_supported=
string	org.jaudiotagger.tag.id3.valuepair.Bn.fjJlOj	eJng	While parsing a protocol message, the input ended unexpectedly in the middle of a field.  This could mean either that the input has been truncated or that an embedded message misreported its own length.
string	org.jaudiotagger.tag.id3.valuepair.Bn.fjJlOj	fZXQxleJ	#007 Could not call remote method.
string	org.jaudiotagger.tag.id3.valuepair.Bn.fjJlOj	hCW	TPE4
string	org.jaudiotagger.tag.id3.valuepair.Bn.fjJlOj	klQrTptiOGYrm	.
string	org.jaudiotagger.tag.id3.valuepair.Bn.fjJlOj	nPkWV	createNoMediaFile
string	org.jaudiotagger.tag.id3.valuepair.Bn.fjJlOj	nrmvvVablqKCw	geometry
string	org.jaudiotagger.tag.id3.valuepair.Bn.fjJlOj	pEAYYoLjaqOdPOV	ps_version_code
string	org.jaudiotagger.tag.id3.valuepair.Bn.fjJlOj	pQj	
string	org.jaudiotagger.tag.id3.valuepair.Bn.fjJlOj	pmqCYv	RECTANGLE
string	org.jaudiotagger.tag.id3.valuepair.Bn.fjJlOj	qrzLWvCwhHFLP	gads:nonagon:parallel_renderer:count
string	org.jaudiotagger.tag.id3.valuepair.Bn.fjJlOj	rrCajBIPPWUfhC	showRewardedVideo
string	org.jaudiotagger.tag.id3.valuepair.Bn.fjJlOj	sZiNi	Recording_temp
string	org.jaudiotagger.tag.id3.valuepair.Bn.fjJlOj	ssnaaKxkp	',\n            |   columns = {
string	org.jaudiotagger.tag.id3.valuepair.Bn.fjJlOj	swqMtKJJ	creation_timestamp
string	org.jaudiotagger.tag.id3.valuepair.Bn.fjJlOj	tkWVUMRxCpwLgpu	textEmphasis
string	org.jaudiotagger.tag.id3.valuepair.Bn.fjJlOj	toNYmwCDnWc	Text: Track number/Position in setField
string	org.jaudiotagger.tag.id3.valuepair.Bn.fjJlOj	uamBKUnJdE	onAdFailedToLoad
string	org.jaudiotagger.tag.id3.valuepair.Bn.fjJlOj	vhsmMv	nativeAd must be not null
string	org.jaudiotagger.tag.id3.valuepair.Bn.fjJlOj	wSIdJ	InMobi Choice CMP
string	org.jaudiotagger.tag.id3.valuepair.Bn.fjJlOj	wvwEB	alpha
string	org.jaudiotagger.tag.id3.valuepair.Bn.fjJlOj	ztqLwbpSzmpArRy	|S|id
