method	android.media.aB.lnQNcnEpDr	IYjnydyvuSrmC	public static final void com.alokmandavgane.hinducalendar.MainActivity$c2020060317.onResume(com.alokmandavgane.hinducalendar.MainActivity)
method	android.media.aB.lnQNcnEpDr	rvZzHg	public static final void com.alokmandavgane.hinducalendar.tv.TvActivity$c2020060317.onCreate(com.alokmandavgane.hinducalendar.tv.TvActivity,android.os.Bundle)
method	android.media.aB.lnQNcnEpDr	stBiuqfOuq	public static final void com.alokmandavgane.hinducalendar.App$c2020060317.onCreate(com.alokmandavgane.hinducalendar.App)
method	androidx.preference.internal.sDF.KfAlSDF	Xru	public static final void com.alokmandavgane.hinducalendar.wearsync.WearSyncListenerService$c2020060317.onCreate(com.alokmandavgane.hinducalendar.wearsync.WearSyncListenerService)
method	androidx.preference.internal.sDF.KfAlSDF	ieQOmfpDjWW	public static final void com.alokmandavgane.hinducalendar.wearsync.WearSyncListenerService$c2020060318.onDestroy(com.alokmandavgane.hinducalendar.wearsync.WearSyncListenerService)
method	androidx.preference.internal.sDF.KfAlSDF	mRAb	public static final void com.alokmandavgane.hinducalendar.MainActivity$c2020060318.onCreate(com.alokmandavgane.hinducalendar.MainActivity,android.os.Bundle)
method	com.google.firebase.ktx.NeX.IupqwhgzTY	vaxsNk	public static final android.os.IBinder com.alokmandavgane.hinducalendar.wearsync.WearSyncListenerService$c2020060319.onBind(com.alokmandavgane.hinducalendar.wearsync.WearSyncListenerService,android.content.Intent)
string	android.app.LJ.LRtycBMDbJ	AhS	 
string	android.app.LJ.LRtycBMDbJ	DtwojKCxS	gms-signals-start
string	android.app.LJ.LRtycBMDbJ	FiC	ApiSuccess should not be null
string	android.app.LJ.LRtycBMDbJ	GIR	GROUP
string	android.app.LJ.LRtycBMDbJ	IMztXtdRtZxls	\n\tNew pools created: 
string	android.app.LJ.LRtycBMDbJ	IsCjGdjzhCqbis	InstallReferrer.initializeAndReport
string	android.app.LJ.LRtycBMDbJ	JWbujsJjTg	)
string	android.app.LJ.LRtycBMDbJ	KtVhLvSIPGZmP	AppOpenAdLoader.onFailure
string	android.app.LJ.LRtycBMDbJ	KzifeT	action
string	android.app.LJ.LRtycBMDbJ	LvqgRaEtsYZWb	Is default app process = 
string	android.app.LJ.LRtycBMDbJ	NPvDP	REMOTE_ENFORCED_DEFAULT
string	android.app.LJ.LRtycBMDbJ	OtczhFK	gads:trapped_exception_sample_rate
string	android.app.LJ.LRtycBMDbJ	Pju	9PM
string	android.app.LJ.LRtycBMDbJ	QzuXIsR	CENTER_Y
string	android.app.LJ.LRtycBMDbJ	RMafr	}\n
string	android.app.LJ.LRtycBMDbJ	UFEIotwTpsx	childFragmentManager
string	android.app.LJ.LRtycBMDbJ	VwDqM	
string	android.app.LJ.LRtycBMDbJ	YgGcihjSViokFM	_noRefresh
string	android.app.LJ.LRtycBMDbJ	ZDSPDtmJ	Ekadashi
string	android.app.LJ.LRtycBMDbJ	cnBq	location_timezone
string	android.app.LJ.LRtycBMDbJ	dikF	
string	android.app.LJ.LRtycBMDbJ	dvAhIxLoYpf	zze
string	android.app.LJ.LRtycBMDbJ	eqgSgaGTczNSa	country
string	android.app.LJ.LRtycBMDbJ	fqWNXfSxnCEtbXy	Name is required and can't be empty. Type
string	android.app.LJ.LRtycBMDbJ	hvhrUuaFR	crimson
string	android.app.LJ.LRtycBMDbJ	jXIKJVez	List is empty.
string	android.app.LJ.LRtycBMDbJ	kTQE	gads:msa:experiments:ps:enabled
string	android.app.LJ.LRtycBMDbJ	klvXxeOdJBZESA	) is greater than size (
string	android.app.LJ.LRtycBMDbJ	kzOapzbgrUQun	strokeWidth
string	android.app.LJ.LRtycBMDbJ	oLmiCHcns	
string	android.app.LJ.LRtycBMDbJ	oWNpAUrNaOMB	GoogleApiAvailability
string	android.app.LJ.LRtycBMDbJ	qWnaJH	\\
string	android.app.LJ.LRtycBMDbJ	qYpIFzNgDQTzSUb	Cannot modify a state list through an iterator
string	android.app.LJ.LRtycBMDbJ	ryEAbSYNnORpr	; tooltipText: 
string	android.app.LJ.LRtycBMDbJ	ryRGD	, Debug Message: 
string	android.app.LJ.LRtycBMDbJ	sOcGS	Collection
string	android.app.LJ.LRtycBMDbJ	tcUnhyBGNeR	AES
string	android.app.LJ.LRtycBMDbJ	wAbTv	android.intent.action.SCREEN_ON
string	android.app.LJ.LRtycBMDbJ	xFtyEX	LATMTD
string	android.app.LJ.LRtycBMDbJ	xiKigldoJzz	SUCCESS, result=[
string	android.app.LJ.LRtycBMDbJ	yhHRDDtbkFiMcU	referrer_name
string	android.app.LJ.LRtycBMDbJ	zEGqyFgLSVc	gads:ad_cache_manager_preload_first_ad_delay_millis
string	android.app.LJ.LRtycBMDbJ	ztGe	scroll_view_signal
string	android.content.pm.ld.gHSRS	AAJtdUEAdTV	ROG
string	android.content.pm.ld.gHSRS	DVDacwmBxXXzwe	BEGIN_OBJECT
string	android.content.pm.ld.gHSRS	DZGBpHXauibe	)
string	android.content.pm.ld.gHSRS	EIdk	Accept
string	android.content.pm.ld.gHSRS	FgFShWDbNUItJ	false
string	android.content.pm.ld.gHSRS	HPcSgtWHxTgqOE	error
string	android.content.pm.ld.gHSRS	HybUGMUrJYROhd	      size
string	android.content.pm.ld.gHSRS	Iha	LogRequest{requestTimeMs=
string	android.content.pm.ld.gHSRS	KuJubXbWwfVHZI	 cannot be found but it is necessary for 
string	android.content.pm.ld.gHSRS	NuxVqhEN	BITWISE_LEFT_SHIFT
string	android.content.pm.ld.gHSRS	ONaHAPqLXlR	logEventInternal
string	android.content.pm.ld.gHSRS	OhTOowmu	KN
string	android.content.pm.ld.gHSRS	PMdAGnogsljRO	;'
string	android.content.pm.ld.gHSRS	PWEIgejoJGBNvM	LineHeightStyle.Alignment.Proportional
string	android.content.pm.ld.gHSRS	QqlgHrszcfsQebv	plugin
string	android.content.pm.ld.gHSRS	RIOCSKnzFaDgedK	RtbAdapterMap.hasAtleastOneRegexMatch
string	android.content.pm.ld.gHSRS	SDjBGHFylY	MINUTES
string	android.content.pm.ld.gHSRS	SPPuILSd	writingMode
string	android.content.pm.ld.gHSRS	TeepVX	Layout positions must be non-negative
string	android.content.pm.ld.gHSRS	UXs	CREATE TABLE event_metadata (_id INTEGER PRIMARY KEY, event_id INTEGER NOT NULL, name TEXT NOT NULL, value TEXT NOT NULL,FOREIGN KEY (event_id) REFERENCES events(_id) ON DELETE CASCADE)
string	android.content.pm.ld.gHSRS	VTOg	, sha256=
string	android.content.pm.ld.gHSRS	VTQYhfBaPStJAh	scaleX
string	android.content.pm.ld.gHSRS	WNTfXoPBL	CP8676_I02
string	android.content.pm.ld.gHSRS	WOEvuAbfOOm	
string	android.content.pm.ld.gHSRS	WRugRCvgSE	GoogleApiManager
string	android.content.pm.ld.gHSRS	YqRYiki	android.intent.action.PROCESS_TEXT
string	android.content.pm.ld.gHSRS	batraMmnejRX	Fragment#onCreateView
string	android.content.pm.ld.gHSRS	brOalBFBRZ	:
string	android.content.pm.ld.gHSRS	cJzdbl	DELETE FROM events WHERE _id in 
string	android.content.pm.ld.gHSRS	cMu	ad_reward
string	android.content.pm.ld.gHSRS	cuOruyjbgUeSLf	List is empty.
string	android.content.pm.ld.gHSRS	gERmUTUMsyiS	
string	android.content.pm.ld.gHSRS	jOCAXktZgEm	Connecting to remote service
string	android.content.pm.ld.gHSRS	lLMRDX	Response code from Phonesky: 
string	android.content.pm.ld.gHSRS	mQRFGeIqpqoUEUL	app_id=?
string	android.content.pm.ld.gHSRS	nfIHEObjq	This should never happen, if this method was called it means we're trying to reach into WebView APK code on an incompatible device. This most likely means the current method is being called too early, or is being called on start-up rather than lazily
string	android.content.pm.ld.gHSRS	qASElPzBGEcpFT	onVideoEvent
string	android.content.pm.ld.gHSRS	qQpOijZHWRaTqy	LEGACY
string	android.content.pm.ld.gHSRS	ruOtaCO	minimum_retention_duration
string	android.content.pm.ld.gHSRS	sVgwV	startInput$localToScreen(Landroidx/compose/foundation/text/input/internal/LegacyPlatformTextInputServiceAdapter$LegacyPlatformTextInputNode;[F)V
string	android.content.pm.ld.gHSRS	tzKYRiGVmLK	Cannot read proto.
string	android.content.pm.ld.gHSRS	uTwyqBrGES	COMPLETING_WAITING_CHILDREN
string	android.content.pm.ld.gHSRS	uqbdjgmVjpQR	audio/g711-mlaw
string	android.content.pm.ld.gHSRS	vGWJjnRVlXma	PR
string	android.content.pm.ld.gHSRS	vpPAWhz	Max retries reached.
string	android.content.pm.ld.gHSRS	wBIjdXum	Firebase Scheduler
string	android.content.pm.ld.gHSRS	yXnF	type
string	android.content.pm.ld.gHSRS	yunUJgAd	Soul
string	android.content.pm.ld.gHSRS	zFmTsNw	: Duplicate id 0x
string	android.content.pm.ld.gHSRS	zefaxCNcVDM	INSERT
string	androidx.appcompat.widget.yOL.KHwE	BnaIszjiSAot	class_name
string	androidx.appcompat.widget.yOL.KHwE	BrLEYAFFzT	S_TEXT/UTF8
string	androidx.appcompat.widget.yOL.KHwE	EsmbYsdRXDeHd	)
string	androidx.appcompat.widget.yOL.KHwE	IAWlOQAFNmEQ	Constraints changed for %s
string	androidx.appcompat.widget.yOL.KHwE	ItwhXNaR	gads:signals:doritos:v1:enabled
string	androidx.appcompat.widget.yOL.KHwE	JGCAhDPiVtOA	gads:drop_is_sidewinder:enabled
string	androidx.appcompat.widget.yOL.KHwE	KRKfDxVoEMW	
string	androidx.appcompat.widget.yOL.KHwE	MfKJEw	gads:interstitial:ad_overlay_omit_ad_html
string	androidx.appcompat.widget.yOL.KHwE	MmyRZbosmVw	
string	androidx.appcompat.widget.yOL.KHwE	RTbdwTmm	1
string	androidx.appcompat.widget.yOL.KHwE	RTpMqAaDHD	Cannot convert given bytes to extended projective coordinates. No square root exists for modulo 2^255-19
string	androidx.appcompat.widget.yOL.KHwE	RnKvSgf	Can't parse bitrate DSI.
string	androidx.appcompat.widget.yOL.KHwE	VBhTqmaVjQTLl	RASHI
string	androidx.appcompat.widget.yOL.KHwE	WXweaA	Picker
string	androidx.appcompat.widget.yOL.KHwE	WYUxkTVUHWCbB	int_value
string	androidx.appcompat.widget.yOL.KHwE	XMpTYZ	CollectionInfo(rowCount=
string	androidx.appcompat.widget.yOL.KHwE	YwZHNQs	gads:wire_interstitial_listener_after_request:enabled
string	androidx.appcompat.widget.yOL.KHwE	aBnFpGxDDqVKcwG	 to anchor view 
string	androidx.appcompat.widget.yOL.KHwE	ayfi	null
string	androidx.appcompat.widget.yOL.KHwE	bJOqmx	: could not find Fragment constructor
string	androidx.appcompat.widget.yOL.KHwE	bmUcCODKwuonW	Failure getting view location.
string	androidx.appcompat.widget.yOL.KHwE	byA	accessibility
string	androidx.appcompat.widget.yOL.KHwE	clnzehp	mBreadCrumbShortTitleRes=#
string	androidx.appcompat.widget.yOL.KHwE	dPOKor	
string	androidx.appcompat.widget.yOL.KHwE	dfJVhpDRIrODZE	Invalid remove index 
string	androidx.appcompat.widget.yOL.KHwE	gYer	) is less than start index (
string	androidx.appcompat.widget.yOL.KHwE	hITsA	LooperProvider
string	androidx.appcompat.widget.yOL.KHwE	hkhPaGiNNGxNzcG	Could not convert 
string	androidx.appcompat.widget.yOL.KHwE	iIPFltaWGodMc	name
string	androidx.appcompat.widget.yOL.KHwE	irExbUzdggGcbf	Wrong type URL in call to HmacProtoSerialization.parseKey
string	androidx.appcompat.widget.yOL.KHwE	mNrWIVkNoFVs	daily_public_events_count
string	androidx.appcompat.widget.yOL.KHwE	mpSZUxuqy	This SubtitleParser.Factory doesn't support any formats.
string	androidx.appcompat.widget.yOL.KHwE	oPFCloyvAeaXS	Vrishabha
string	androidx.appcompat.widget.yOL.KHwE	rGSjG	measure() may not be called multiple times on the same Measurable. If you want to get the content size of the Measurable before calculating the final constraints, please use methods like minIntrinsicWidth()/maxIntrinsicWidth() and minIntrinsicHeight()/maxIntrinsicHeight()
string	androidx.appcompat.widget.yOL.KHwE	tZoseDWWy	\\\\
string	androidx.appcompat.widget.yOL.KHwE	trhaQJbRlvHGI	string:lagna_short
string	androidx.appcompat.widget.yOL.KHwE	uscEfZxz	APP_OPEN_AD
string	androidx.appcompat.widget.yOL.KHwE	vkKKHbQwiWXWxD	API_NOT_CONNECTED
string	androidx.appcompat.widget.yOL.KHwE	wTCSrobhVIGBs	, remainingSamplesInChunk 
string	androidx.appcompat.widget.yOL.KHwE	wdpYYyviDpsXMb	 NO_DATA mode events. appId
string	androidx.appcompat.widget.yOL.KHwE	xLON	, mVariationSettings: 
string	androidx.appcompat.widget.yOL.KHwE	yQlmmyNjRrqRaVt	charAt
string	androidx.appcompat.widget.yOL.KHwE	yaCMrAeJFDRPetu	messages
string	androidx.browser.browseractions.UHm.BfEcylobM	AabALkjYDFsndW	Undefined color space 
string	androidx.browser.browseractions.UHm.BfEcylobM	BNeejOoLGhB	pause
string	androidx.browser.browseractions.UHm.BfEcylobM	BTaFVTiEaNTBsR	Unable to log.
string	androidx.browser.browseractions.UHm.BfEcylobM	BcSKOUCcRF	Invalid key size in bytes %d; must be at least 2048 bits
string	androidx.browser.browseractions.UHm.BfEcylobM	BnMcBoZADLn	GMSG clear local storage keys handler
string	androidx.browser.browseractions.UHm.BfEcylobM	CpafO	analytics_query_ad_event_id
string	androidx.browser.browseractions.UHm.BfEcylobM	DMfKIKcDyharKz	 (plus 
string	androidx.browser.browseractions.UHm.BfEcylobM	DcfLLwVUC	Length too large: 
string	androidx.browser.browseractions.UHm.BfEcylobM	DjYSbJLyFz	ga_extra_params_ct
string	androidx.browser.browseractions.UHm.BfEcylobM	EGGtDkTON	pink
string	androidx.browser.browseractions.UHm.BfEcylobM	FSGo	Prefix
string	androidx.browser.browseractions.UHm.BfEcylobM	HulFnaTMAACWK	rewarded
string	androidx.browser.browseractions.UHm.BfEcylobM	ILQNAJy	
string	androidx.browser.browseractions.UHm.BfEcylobM	KakmGYfvcMZT	HSDP Activity not found. Ignoring error and still showing HPOA affordance.
string	androidx.browser.browseractions.UHm.BfEcylobM	LSPVClseu	zzE
string	androidx.browser.browseractions.UHm.BfEcylobM	LfULYUS	Util
string	androidx.browser.browseractions.UHm.BfEcylobM	LfvEp	
string	androidx.browser.browseractions.UHm.BfEcylobM	OvgB	Null default event parameters; not writing to database
string	androidx.browser.browseractions.UHm.BfEcylobM	RJUZOPCmCcBxm	Resolved path jumped beyond configured root
string	androidx.browser.browseractions.UHm.BfEcylobM	RwM	s
string	androidx.browser.browseractions.UHm.BfEcylobM	TTKBKmPCobZ	INT32_LIST_PACKED
string	androidx.browser.browseractions.UHm.BfEcylobM	TcnhXBG	 - attempted index lookup 
string	androidx.browser.browseractions.UHm.BfEcylobM	WTW	^(\\S+)\\s+-->\\s+(\\S+)((?:.|\\f)*+)?$
string	androidx.browser.browseractions.UHm.BfEcylobM	WmofbIhun	name
string	androidx.browser.browseractions.UHm.BfEcylobM	YssFX	payload_encoding
string	androidx.browser.browseractions.UHm.BfEcylobM	ZRFHluCbRmcd	MD5
string	androidx.browser.browseractions.UHm.BfEcylobM	ZzoFpMFjPCQsc	, fromX=
string	androidx.browser.browseractions.UHm.BfEcylobM	bpeEEqOtwrgIVkr	Failed to get user properties as. appId
string	androidx.browser.browseractions.UHm.BfEcylobM	cejiPWbKLNeRaPu	UINT32_LIST_PACKED
string	androidx.browser.browseractions.UHm.BfEcylobM	eRgzviGACUDO	Failed to generate key
string	androidx.browser.browseractions.UHm.BfEcylobM	fagbzQjX	THEME
string	androidx.browser.browseractions.UHm.BfEcylobM	gLyZ	AD_LOAD_FAILED
string	androidx.browser.browseractions.UHm.BfEcylobM	gyKjEOwfRdAn	Clearcut log failed
string	androidx.browser.browseractions.UHm.BfEcylobM	hFdqCDrP	SHATTILA
string	androidx.browser.browseractions.UHm.BfEcylobM	hvznoSyo	dub
string	androidx.browser.browseractions.UHm.BfEcylobM	jxsQyyVX	null pkg
string	androidx.browser.browseractions.UHm.BfEcylobM	ktQCWYDbjI	networkType
string	androidx.browser.browseractions.UHm.BfEcylobM	kyrzyFxBCMibjGV	cbp
string	androidx.browser.browseractions.UHm.BfEcylobM	lAaOduehZSERI	ad_source_name
string	androidx.browser.browseractions.UHm.BfEcylobM	nbdfkMAr	cleartext.*not permitted.*
string	androidx.browser.browseractions.UHm.BfEcylobM	nmxwLdolxP	acmpr
string	androidx.browser.browseractions.UHm.BfEcylobM	oHUXpNrLgckfWQ	image/jpeg
string	androidx.browser.browseractions.UHm.BfEcylobM	qeVS	Desc 
string	androidx.browser.browseractions.UHm.BfEcylobM	rTUfGf	gads:v48_granular_version
string	androidx.browser.browseractions.UHm.BfEcylobM	slG	isOutOfContext
string	androidx.compose.ui.input.pointer.ti.MGHnXJKapzuqvT	BTbUWVGvjYZvA	ACTION_FOCUS
string	androidx.compose.ui.input.pointer.ti.MGHnXJKapzuqvT	CWpwkiJK	, frameSize=
string	androidx.compose.ui.input.pointer.ti.MGHnXJKapzuqvT	DICNrHXQCxed	setImmersiveMode must be called on the main UI thread.
string	androidx.compose.ui.input.pointer.ti.MGHnXJKapzuqvT	EJW	CustomTabsClient failed to create new session.
string	androidx.compose.ui.input.pointer.ti.MGHnXJKapzuqvT	ETQgccCRs	AwaitTouchSlop.touchSlopDetector was not initialized
string	androidx.compose.ui.input.pointer.ti.MGHnXJKapzuqvT	EjOKwQBLxUm	SELECT identity_hash FROM room_master_table WHERE id = 42 LIMIT 1
string	androidx.compose.ui.input.pointer.ti.MGHnXJKapzuqvT	Fdj	Failed to turn on database write permission for owner
string	androidx.compose.ui.input.pointer.ti.MGHnXJKapzuqvT	FmV	adUnitId
string	androidx.compose.ui.input.pointer.ti.MGHnXJKapzuqvT	GqOKbMDt	\n viewableSignatureForVertical: 
string	androidx.compose.ui.input.pointer.ti.MGHnXJKapzuqvT	HAkVcI	ga_index
string	androidx.compose.ui.input.pointer.ti.MGHnXJKapzuqvT	INWUpQrqcFxzx	identifier must start with an ASCII letter: 
string	androidx.compose.ui.input.pointer.ti.MGHnXJKapzuqvT	KXxLiN	input_merger_class_name
string	androidx.compose.ui.input.pointer.ti.MGHnXJKapzuqvT	LOTdoHedeNv	measurement:api
string	androidx.compose.ui.input.pointer.ti.MGHnXJKapzuqvT	LbjDfyp	viewBox
string	androidx.compose.ui.input.pointer.ti.MGHnXJKapzuqvT	LpFGBa	, dekParametersForNewKeys: 
string	androidx.compose.ui.input.pointer.ti.MGHnXJKapzuqvT	MQQEH	)
string	androidx.compose.ui.input.pointer.ti.MGHnXJKapzuqvT	MtCdAuwd	v
string	androidx.compose.ui.input.pointer.ti.MGHnXJKapzuqvT	NrOfCKrKSeDpyO	VADHA
string	androidx.compose.ui.input.pointer.ti.MGHnXJKapzuqvT	OQJlFbcVqpdsBr	NOTE
string	androidx.compose.ui.input.pointer.ti.MGHnXJKapzuqvT	OuxwUVIedoYKOXU	Android backend cannot perform remote operations without a remote backend
string	androidx.compose.ui.input.pointer.ti.MGHnXJKapzuqvT	SzNFkFYeaB	id
string	androidx.compose.ui.input.pointer.ti.MGHnXJKapzuqvT	UUZHrVh	\n\tNo entries retrieved: 
string	androidx.compose.ui.input.pointer.ti.MGHnXJKapzuqvT	VaXDFChZrYAh	cct_open_status
string	androidx.compose.ui.input.pointer.ti.MGHnXJKapzuqvT	YusAtohLN	upload_uri
string	androidx.compose.ui.input.pointer.ti.MGHnXJKapzuqvT	YyRcYlnzZ	com.google.android.finsky.BIND_GET_INSTALL_REFERRER_SERVICE
string	androidx.compose.ui.input.pointer.ti.MGHnXJKapzuqvT	ZFeSqv	No GMSG handler found for GMSG: 
string	androidx.compose.ui.input.pointer.ti.MGHnXJKapzuqvT	ZIAdAGRYTGR	notifyOnConnected
string	androidx.compose.ui.input.pointer.ti.MGHnXJKapzuqvT	anICslDhsxAufbB	Network
string	androidx.compose.ui.input.pointer.ti.MGHnXJKapzuqvT	bqwR	NONE
string	androidx.compose.ui.input.pointer.ti.MGHnXJKapzuqvT	dUxFeuNtwZE	Metadata is not an auxiliary tracks map
string	androidx.compose.ui.input.pointer.ti.MGHnXJKapzuqvT	gIlkbQXn	zzc
string	androidx.compose.ui.input.pointer.ti.MGHnXJKapzuqvT	hDn	, anchor=
string	androidx.compose.ui.input.pointer.ti.MGHnXJKapzuqvT	jYlBakKZSx	com.google.android.gms.signin.internal.hostedDomain
string	androidx.compose.ui.input.pointer.ti.MGHnXJKapzuqvT	kdhBpcbHlCR	')
string	androidx.compose.ui.input.pointer.ti.MGHnXJKapzuqvT	lujwtWTkmASPN	isGamRequest
string	androidx.compose.ui.input.pointer.ti.MGHnXJKapzuqvT	nKoH	Adapter failed to instantiate
string	androidx.compose.ui.input.pointer.ti.MGHnXJKapzuqvT	oTwN	SINT32
string	androidx.compose.ui.input.pointer.ti.MGHnXJKapzuqvT	qtZL	app_id
string	androidx.compose.ui.input.pointer.ti.MGHnXJKapzuqvT	rMDWvKFFwqbQsr	y
string	androidx.compose.ui.input.pointer.ti.MGHnXJKapzuqvT	rUbDbBztnqderJW	composeResources/com.kaalshodh.ui.res/drawable/ic_india.xml
string	androidx.compose.ui.input.pointer.ti.MGHnXJKapzuqvT	tSldrSOqHsolPs	, description=
string	androidx.compose.ui.input.pointer.ti.MGHnXJKapzuqvT	ttYAdJVqHO	Clamp
string	androidx.compose.ui.input.pointer.ti.MGHnXJKapzuqvT	tupmmlBXUeAQCsf	composeResources/com.kaalshodh.ui.res/drawable/menu_month.xml
string	androidx.compose.ui.input.pointer.ti.MGHnXJKapzuqvT	xtOnP	cache_size
string	androidx.compose.ui.input.pointer.ti.MGHnXJKapzuqvT	yyaBJVBMnU	HsdpShimActivity
string	androidx.constraintlayout.widget.SIh.xSdoXJTfoRL	CKOvzIzILYtjNK	, Description: 
string	androidx.constraintlayout.widget.SIh.xSdoXJTfoRL	DggAJRIlHorg	GU
string	androidx.constraintlayout.widget.SIh.xSdoXJTfoRL	EBqP	kotlin.jvm.functions.Function5
string	androidx.constraintlayout.widget.SIh.xSdoXJTfoRL	GuOOpM	android.widget.ImageView
string	androidx.constraintlayout.widget.SIh.xSdoXJTfoRL	KbJi	Could not delete cache entry for key=%s, filename=%s
string	androidx.constraintlayout.widget.SIh.xSdoXJTfoRL	KbNKTZOqYF	Bullets(items=
string	androidx.constraintlayout.widget.SIh.xSdoXJTfoRL	PTLOWQ	gads:debug_logging_feature:intercept_web_view
string	androidx.constraintlayout.widget.SIh.xSdoXJTfoRL	PoBhexqyJFAeCW	, returned index for value: 
string	androidx.constraintlayout.widget.SIh.xSdoXJTfoRL	QtppjvqKWigO	why
string	androidx.constraintlayout.widget.SIh.xSdoXJTfoRL	RYMIGpcMIFonvp	dev_cert_hash
string	androidx.constraintlayout.widget.SIh.xSdoXJTfoRL	RssQPMwWOETKIHi	measurement.service.fix_stop_bundling_bug
string	androidx.constraintlayout.widget.SIh.xSdoXJTfoRL	STo	sans-serif
string	androidx.constraintlayout.widget.SIh.xSdoXJTfoRL	TBttdHGeZnMHN	adapter:
string	androidx.constraintlayout.widget.SIh.xSdoXJTfoRL	TaqrDfvbUJ	Unable to get icon resource
string	androidx.constraintlayout.widget.SIh.xSdoXJTfoRL	TcGGB	{\\an2}
string	androidx.constraintlayout.widget.SIh.xSdoXJTfoRL	VBJ	__phenotype_server_token
string	androidx.constraintlayout.widget.SIh.xSdoXJTfoRL	YVefoLj	
string	androidx.constraintlayout.widget.SIh.xSdoXJTfoRL	YeEcpmwNPdP	composeResources/com.kaalshodh.ui.res/values-sa/strings.commonMain.cvr
string	androidx.constraintlayout.widget.SIh.xSdoXJTfoRL	clZLhAB	PageDown
string	androidx.constraintlayout.widget.SIh.xSdoXJTfoRL	dOUAhUbgQd	prefetchWindowStartExtraSpace
string	androidx.constraintlayout.widget.SIh.xSdoXJTfoRL	eddJcSINeDb	putLong
string	androidx.constraintlayout.widget.SIh.xSdoXJTfoRL	fjAPkYbaKlVP	waiting
string	androidx.constraintlayout.widget.SIh.xSdoXJTfoRL	hJjLJfBvSJDXkmR	gads:user_agent_fallback:enabled
string	androidx.constraintlayout.widget.SIh.xSdoXJTfoRL	hLkKwbongDMQX	Cannot show popup window: 
string	androidx.constraintlayout.widget.SIh.xSdoXJTfoRL	hyNjxDotv	, tone=
string	androidx.constraintlayout.widget.SIh.xSdoXJTfoRL	iNyrXJMqoZA	WearableLS
string	androidx.constraintlayout.widget.SIh.xSdoXJTfoRL	iQEaq	zzE
string	androidx.constraintlayout.widget.SIh.xSdoXJTfoRL	kSMeXXMp	status
string	androidx.constraintlayout.widget.SIh.xSdoXJTfoRL	kgX	skuPackageName
string	androidx.constraintlayout.widget.SIh.xSdoXJTfoRL	kpsPucj	No network
string	androidx.constraintlayout.widget.SIh.xSdoXJTfoRL	kpwBAboxyOaGUD	com.google.android.gms.ads.flag.OPTIMIZE_AD_LOADING is enabled
string	androidx.constraintlayout.widget.SIh.xSdoXJTfoRL	lQzbLNmKqoeGMNx	, paragraphs=[
string	androidx.constraintlayout.widget.SIh.xSdoXJTfoRL	loWn	build-url
string	androidx.constraintlayout.widget.SIh.xSdoXJTfoRL	ltYn	-
string	androidx.constraintlayout.widget.SIh.xSdoXJTfoRL	mqeOYqtvL	zzg
string	androidx.constraintlayout.widget.SIh.xSdoXJTfoRL	rDKpqvNY	X-Afma-Gcache-HasAdditionalMetadataFromReadV2
string	androidx.constraintlayout.widget.SIh.xSdoXJTfoRL	uaf	gender
string	androidx.constraintlayout.widget.SIh.xSdoXJTfoRL	uzCDHwy	:{\n
string	androidx.constraintlayout.widget.SIh.xSdoXJTfoRL	vClzvQO	call to 'resume' before 'invoke' with coroutine
string	androidx.constraintlayout.widget.SIh.xSdoXJTfoRL	vDBcIqq	HSUPA
string	androidx.constraintlayout.widget.SIh.xSdoXJTfoRL	xIslsGtNYrtHf	height
string	androidx.constraintlayout.widget.SIh.xSdoXJTfoRL	xciILSYvrxxio	RESPONSE_CODE
string	androidx.constraintlayout.widget.SIh.xSdoXJTfoRL	yCkMSucocwjik	android
string	androidx.constraintlayout.widget.SIh.xSdoXJTfoRL	zGddfFksCIsmjPq	1
string	androidx.coordinatorlayout.widget.PCSH.uBSNjFqEpITH	DYHOhIvkQTnvWe	setCookie
string	androidx.coordinatorlayout.widget.PCSH.uBSNjFqEpITH	DabsTFBhklsGFAj	zzd
string	androidx.coordinatorlayout.widget.PCSH.uBSNjFqEpITH	FacgDYraFIfrH	#007 Could not call remote method.
string	androidx.coordinatorlayout.widget.PCSH.uBSNjFqEpITH	GQWsa	Hue
string	androidx.coordinatorlayout.widget.PCSH.uBSNjFqEpITH	HcdshqKeYuaYEpR	Could not find id of "
string	androidx.coordinatorlayout.widget.PCSH.uBSNjFqEpITH	IqjsbqNm	0
string	androidx.coordinatorlayout.widget.PCSH.uBSNjFqEpITH	JYLKHJgH	
string	androidx.coordinatorlayout.widget.PCSH.uBSNjFqEpITH	JoAFfAXXwOCXWF	color
string	androidx.coordinatorlayout.widget.PCSH.uBSNjFqEpITH	ORdHghXBU	measurement.sgtm.upload.min_delay_after_background
string	androidx.coordinatorlayout.widget.PCSH.uBSNjFqEpITH	QbBmGbrBoYQ	sgtm_upload_enabled
string	androidx.coordinatorlayout.widget.PCSH.uBSNjFqEpITH	QeSCObdt	Bar
string	androidx.coordinatorlayout.widget.PCSH.uBSNjFqEpITH	RXWnXr	zzb
string	androidx.coordinatorlayout.widget.PCSH.uBSNjFqEpITH	RsUnfgtwQeRd	DWIPUSHKAR
string	androidx.coordinatorlayout.widget.PCSH.uBSNjFqEpITH	TLjmYJXvU	digits
string	androidx.coordinatorlayout.widget.PCSH.uBSNjFqEpITH	Ubs	BYTES
string	androidx.coordinatorlayout.widget.PCSH.uBSNjFqEpITH	UdSah	NIST_P521
string	androidx.coordinatorlayout.widget.PCSH.uBSNjFqEpITH	XENharWXszq	v
string	androidx.coordinatorlayout.widget.PCSH.uBSNjFqEpITH	XQMjEHpI	toIndex < fromIndex
string	androidx.coordinatorlayout.widget.PCSH.uBSNjFqEpITH	XRTPdkWzVgsLtx	Symbol '
string	androidx.coordinatorlayout.widget.PCSH.uBSNjFqEpITH	YOaYmEALiOp	size should be > 0
string	androidx.coordinatorlayout.widget.PCSH.uBSNjFqEpITH	aAlzVOpxo	 is not a JsonPrimitive
string	androidx.coordinatorlayout.widget.PCSH.uBSNjFqEpITH	cYHDjpZ	_queue$volatile
string	androidx.coordinatorlayout.widget.PCSH.uBSNjFqEpITH	dfeQQMdFQBm	CX
string	androidx.coordinatorlayout.widget.PCSH.uBSNjFqEpITH	eJgwOKZMYZjnvvf	Unable to get icon uri
string	androidx.coordinatorlayout.widget.PCSH.uBSNjFqEpITH	fOipZEjswBCI	Collection is empty.
string	androidx.coordinatorlayout.widget.PCSH.uBSNjFqEpITH	fqBgAcB	resume must be called on the main UI thread.
string	androidx.coordinatorlayout.widget.PCSH.uBSNjFqEpITH	gYhdxLdYWYL	app_switched
string	androidx.coordinatorlayout.widget.PCSH.uBSNjFqEpITH	gmjhjPlcxSo	 end=
string	androidx.coordinatorlayout.widget.PCSH.uBSNjFqEpITH	jofseWnYnQFv	KALI_SAMVAT
string	androidx.coordinatorlayout.widget.PCSH.uBSNjFqEpITH	kRerJsFewvUSy	Invalid start label given for CSI tick. Should start with a letter and only alphanumerics, :, -, _ are allowed.
string	androidx.coordinatorlayout.widget.PCSH.uBSNjFqEpITH	lYYcoxuU	composeResources/com.kaalshodh.ui.res/values-mr/strings.commonMain.cvr
string	androidx.coordinatorlayout.widget.PCSH.uBSNjFqEpITH	lmflFPGgwjC	billingCycleCount
string	androidx.coordinatorlayout.widget.PCSH.uBSNjFqEpITH	lpn	, bottomEnd = 
string	androidx.coordinatorlayout.widget.PCSH.uBSNjFqEpITH	nTjGRFPuHTY	request_id
string	androidx.coordinatorlayout.widget.PCSH.uBSNjFqEpITH	nmEXf	setPaidEventListener must be called on the main UI thread.
string	androidx.coordinatorlayout.widget.PCSH.uBSNjFqEpITH	pBlLBmdvf	measurement.upload.max_error_events_per_day
string	androidx.coordinatorlayout.widget.PCSH.uBSNjFqEpITH	rlCGy	HorizontalCrossAxisAlignment(horizontal=
string	androidx.coordinatorlayout.widget.PCSH.uBSNjFqEpITH	stpxQt	wear_update_config
string	androidx.coordinatorlayout.widget.PCSH.uBSNjFqEpITH	tgjTI	fh_
string	androidx.coordinatorlayout.widget.PCSH.uBSNjFqEpITH	tnq	measurement.rb.attribution.client.min_time_after_boot_seconds
string	androidx.coordinatorlayout.widget.PCSH.uBSNjFqEpITH	uKm	Method 
string	androidx.coordinatorlayout.widget.PCSH.uBSNjFqEpITH	vEZWmJJqPOFxEj	ad_format
string	androidx.coordinatorlayout.widget.PCSH.uBSNjFqEpITH	waEG	(
string	androidx.coordinatorlayout.widget.PCSH.uBSNjFqEpITH	xNsIIIuN	mediumturquoise
string	androidx.coordinatorlayout.widget.PCSH.uBSNjFqEpITH	xcDmTEcYLZlQCxa	b
string	androidx.coordinatorlayout.widget.PCSH.uBSNjFqEpITH	yaN	SafeAtomicHelper is broken!
string	androidx.coordinatorlayout.widget.PCSH.uBSNjFqEpITH	zYtSvzAwkT	, size: 
string	androidx.core.content.bU.gtzIVMNHIHrmC	AobNm	OPTIMIZE_INITIALIZATION
string	androidx.core.content.bU.gtzIVMNHIHrmC	AomiUCGWSJcyRx	Supervisor must not be null
string	androidx.core.content.bU.gtzIVMNHIHrmC	BdOFCDafs	avo
string	androidx.core.content.bU.gtzIVMNHIHrmC	CmXcbEGQkyznUC	aos
string	androidx.core.content.bU.gtzIVMNHIHrmC	HmqZdQDuhJacf	string:muhurta_custom
string	androidx.core.content.bU.gtzIVMNHIHrmC	ILhhgUpITIuKWDT	drawable:moon10
string	androidx.core.content.bU.gtzIVMNHIHrmC	IXiQHh	DAY_AFTER_HOLIKA_DAHAN
string	androidx.core.content.bU.gtzIVMNHIHrmC	MNVSAdalz	WIFI_P2P
string	androidx.core.content.bU.gtzIVMNHIHrmC	MbNzDia	HINDU_TIME
string	androidx.core.content.bU.gtzIVMNHIHrmC	MizdEgdmMWoUcbh	Service has been reset to null
string	androidx.core.content.bU.gtzIVMNHIHrmC	OEU	, right=
string	androidx.core.content.bU.gtzIVMNHIHrmC	OFgiWnoLg	
string	androidx.core.content.bU.gtzIVMNHIHrmC	PZhsEPsGobFmygH	1
string	androidx.core.content.bU.gtzIVMNHIHrmC	PfjRSOkdPBRr	string:help_ayanamsa
string	androidx.core.content.bU.gtzIVMNHIHrmC	PkYMgjWQLRTyTII	lemonchiffon
string	androidx.core.content.bU.gtzIVMNHIHrmC	PtRSufR	
string	androidx.core.content.bU.gtzIVMNHIHrmC	QPIb	no calls to next() since the last call to remove()
string	androidx.core.content.bU.gtzIVMNHIHrmC	RqyfPommWyWpax	playerCount
string	androidx.core.content.bU.gtzIVMNHIHrmC	SOTXL	, closeMasa=
string	androidx.core.content.bU.gtzIVMNHIHrmC	SQFSv	data
string	androidx.core.content.bU.gtzIVMNHIHrmC	WAy	string-array:vedic_maah_list
string	androidx.core.content.bU.gtzIVMNHIHrmC	WIqeiUtk	Worker result RETRY for 
string	androidx.core.content.bU.gtzIVMNHIHrmC	WON	te
string	androidx.core.content.bU.gtzIVMNHIHrmC	XHRGLuzJpfD	6
string	androidx.core.content.bU.gtzIVMNHIHrmC	XcLJ	last_exempt_from_sampling
string	androidx.core.content.bU.gtzIVMNHIHrmC	YNZRZfvj	com.google.android.gms
string	androidx.core.content.bU.gtzIVMNHIHrmC	YjrY	Cannot move a child from non-existing index:
string	androidx.core.content.bU.gtzIVMNHIHrmC	asXHEm	invalid
string	androidx.core.content.bU.gtzIVMNHIHrmC	bzdSDtGOcT	Remove not supported
string	androidx.core.content.bU.gtzIVMNHIHrmC	cWqiMWNNMyBxsIo	, 
string	androidx.core.content.bU.gtzIVMNHIHrmC	cXSKGHYYS	gads:msa:experiments:incapi:enabled
string	androidx.core.content.bU.gtzIVMNHIHrmC	eLFQikblkWg	Operation is not supported for read-only collection
string	androidx.core.content.bU.gtzIVMNHIHrmC	eQP	, hidden list:
string	androidx.core.content.bU.gtzIVMNHIHrmC	jwiejgCQ	AutoCompleteTextView
string	androidx.core.content.bU.gtzIVMNHIHrmC	ksSoTv	zzi
string	androidx.core.content.bU.gtzIVMNHIHrmC	lpbcNlSIOoFpLm	LocalContext
string	androidx.core.content.bU.gtzIVMNHIHrmC	mrsf	Bad channel to read from
string	androidx.core.content.bU.gtzIVMNHIHrmC	ofdBSidVoonHw	com.google.crypto.tink.internal.KeyManagerRegistry
string	androidx.core.content.bU.gtzIVMNHIHrmC	snc	, Size:
string	androidx.core.content.bU.gtzIVMNHIHrmC	vRXdlhpv	ByteStreams.nullOutputStream()
string	androidx.core.content.bU.gtzIVMNHIHrmC	vdpcpLROPnSHn	SELECT_LEFT_WORD
string	androidx.core.content.bU.gtzIVMNHIHrmC	vzHItGcDKqKej	
string	androidx.core.content.bU.gtzIVMNHIHrmC	wCQ	Key "
string	androidx.core.content.bU.gtzIVMNHIHrmC	yTVDGAbiZCiY	ta
string	androidx.core.content.bU.gtzIVMNHIHrmC	zzO	) 
string	androidx.core.widget.gUV.hqwZ	AoEoSPX	zzaz
string	androidx.core.widget.gUV.hqwZ	BRUFdtOGJLwHmWS	INT32
string	androidx.core.widget.gUV.hqwZ	BwdOextb	direction must be one of {FOCUS_FORWARD, FOCUS_BACKWARD, FOCUS_UP, FOCUS_DOWN, FOCUS_LEFT, FOCUS_RIGHT}.
string	androidx.core.widget.gUV.hqwZ	ChW	gad:pixel_dp_comparision_multiplier
string	androidx.core.widget.gUV.hqwZ	CmrJOvtUthUcfi	'
string	androidx.core.widget.gUV.hqwZ	CzbeZ	HsdpClientImpl
string	androidx.core.widget.gUV.hqwZ	EjPjgBwy	, Description: 
string	androidx.core.widget.gUV.hqwZ	EoOfpniw	presentation_ms
string	androidx.core.widget.gUV.hqwZ	FHfMvWO	S_TEXT/WEBVTT
string	androidx.core.widget.gUV.hqwZ	FXprrfUTuWHyONO	mIcXOfgrOloP6pQFjXZ3aL2iJ7mq+own2SaqzDvu6Tk=
string	androidx.core.widget.gUV.hqwZ	FbxXUJv	Can't load animation resource ID #0x
string	androidx.core.widget.gUV.hqwZ	GzBwBjljxO	lockWithoutOwner(Lkotlinx/coroutines/sync/Mutex;Lkotlin/coroutines/Continuation;)Ljava/lang/Object;
string	androidx.core.widget.gUV.hqwZ	KMHsFbdi	/trackActiveViewUnit
string	androidx.core.widget.gUV.hqwZ	LUKKbXLpdz	At most one variable-length numeric field in a row is allowed, but got several: 
string	androidx.core.widget.gUV.hqwZ	LVddCMGcM	Failed to reset data on the service: not connected to service
string	androidx.core.widget.gUV.hqwZ	NXArGdedFSQykiN	Max value 
string	androidx.core.widget.gUV.hqwZ	OtBxmj	Can not show null mediation interstitial ad.
string	androidx.core.widget.gUV.hqwZ	QEYWijLg	Inherit
string	androidx.core.widget.gUV.hqwZ	QWVNHjoxjpIb	D is invalid.
string	androidx.core.widget.gUV.hqwZ	RbEQHQOC	value
string	androidx.core.widget.gUV.hqwZ	VCXHKvQnqtl	Unknown Variant: 
string	androidx.core.widget.gUV.hqwZ	Vnyd	TransitionLayout
string	androidx.core.widget.gUV.hqwZ	WJETkt	android.support.customtabs.action.CustomTabsService
string	androidx.core.widget.gUV.hqwZ	WNZnCAbDusom	gads:use_sdk_total_inflight_ad_limit
string	androidx.core.widget.gUV.hqwZ	Wayy	
string	androidx.core.widget.gUV.hqwZ	XHXtyLMuucTPPg	index_of_child
string	androidx.core.widget.gUV.hqwZ	XgYpSsepaV	onChannelEvent
string	androidx.core.widget.gUV.hqwZ	YKXGnW	 step 
string	androidx.core.widget.gUV.hqwZ	agqFti	video/avc
string	androidx.core.widget.gUV.hqwZ	eJAI	zzd
string	androidx.core.widget.gUV.hqwZ	gKBc	Previous
string	androidx.core.widget.gUV.hqwZ	hMJWRuqqP	zzh
string	androidx.core.widget.gUV.hqwZ	hPGROyDje	service_upload
string	androidx.core.widget.gUV.hqwZ	hrBKZfyraIy	GROUP_LIST
string	androidx.core.widget.gUV.hqwZ	iGEXJLbAp	Hiding native ads overlay.
string	androidx.core.widget.gUV.hqwZ	jonwFKMW	WEB_MESSAGE_LISTENER
string	androidx.core.widget.gUV.hqwZ	kpsuK	android:style
string	androidx.core.widget.gUV.hqwZ	ktdDrWAYW	com.alokm.inc
string	androidx.core.widget.gUV.hqwZ	nsqevFTsqxHV	string
string	androidx.core.widget.gUV.hqwZ	sKrWa	\nEntries retrieved: Valid: 
string	androidx.core.widget.gUV.hqwZ	spjybYMqZci	Decoder failed: 
string	androidx.core.widget.gUV.hqwZ	vrz	\\N
string	androidx.core.widget.gUV.hqwZ	yOllHGLZGExZIr	, tz=
string	androidx.core.widget.gUV.hqwZ	ynJTiYJe	Ad inspector failed to load.
string	androidx.core.widget.gUV.hqwZ	zEzDp	return
string	androidx.core.widget.gUV.hqwZ	zQhhWkTZeGtfmz	zze
string	androidx.core.widget.gUV.hqwZ	zsjxQuWMp	BillingClientTesting
string	androidx.core.widget.gUV.llNEuueXpomyI	CFCdQMXl	Activity context is not available.
string	androidx.core.widget.gUV.llNEuueXpomyI	DakkAhuRDWfvz	STRING
string	androidx.core.widget.gUV.llNEuueXpomyI	DhnUmFr	convert
string	androidx.core.widget.gUV.llNEuueXpomyI	FIdMqnsOT	Unexpected error while disconnecting
string	androidx.core.widget.gUV.llNEuueXpomyI	GXNlOIGy	Conscrypt
string	androidx.core.widget.gUV.llNEuueXpomyI	KmZdWzZ	last_sampled_complex_event_id
string	androidx.core.widget.gUV.llNEuueXpomyI	MLE	gads:rtb_interstitial:use_fullscreen_monitor
string	androidx.core.widget.gUV.llNEuueXpomyI	MLUQVyr	, 
string	androidx.core.widget.gUV.llNEuueXpomyI	OQZJKsDtXRbk	Tithi must be 1..30, got 
string	androidx.core.widget.gUV.llNEuueXpomyI	PdjXjPXoBlQL	subscription_management_action_result_receiver
string	androidx.core.widget.gUV.llNEuueXpomyI	RIgyhWEKcKqeLRH	OPTIMIZE_AD_LOADING
string	androidx.core.widget.gUV.llNEuueXpomyI	TJDDSolFSESjnWo	Stopping uploading service(s)
string	androidx.core.widget.gUV.llNEuueXpomyI	TJtKoxz	Black
string	androidx.core.widget.gUV.llNEuueXpomyI	TSgOon	tcq
string	androidx.core.widget.gUV.llNEuueXpomyI	TvjrpuagUVY	com.google.android.play.core.lmd.protocol.ILmdOverlayServiceListener
string	androidx.core.widget.gUV.llNEuueXpomyI	UUBNiUuWdIiYaYj	CodedInputStream encountered an embedded string or message which claimed to have negative size.
string	androidx.core.widget.gUV.llNEuueXpomyI	UghfZqIOAdX	POOKALAM
string	androidx.core.widget.gUV.llNEuueXpomyI	UtLzLdvqPoMsP	endAdUnitExposure
string	androidx.core.widget.gUV.llNEuueXpomyI	UwKM	zzd
string	androidx.core.widget.gUV.llNEuueXpomyI	VasMJcb	, offset=
string	androidx.core.widget.gUV.llNEuueXpomyI	VlwJEePqQF	Operation is not supported for read-only collection
string	androidx.core.widget.gUV.llNEuueXpomyI	VyAeshAAJlMEQWM	gad:publisher_testing:force_local_request:disabled_list
string	androidx.core.widget.gUV.llNEuueXpomyI	WPWGzmJGHG	onNetworkResponseBody
string	androidx.core.widget.gUV.llNEuueXpomyI	XCkBDPPv	ContentValues
string	androidx.core.widget.gUV.llNEuueXpomyI	XDib	.pb
string	androidx.core.widget.gUV.llNEuueXpomyI	Xfl	Skipping.
string	androidx.core.widget.gUV.llNEuueXpomyI	Yxq	composeResources/com.kaalshodh.ui.res/drawable/menu_muhurt.xml
string	androidx.core.widget.gUV.llNEuueXpomyI	ZhvrmFHz	, anchor=
string	androidx.core.widget.gUV.llNEuueXpomyI	aBnHMCBr	android.graphics.FontFamily
string	androidx.core.widget.gUV.llNEuueXpomyI	bWyt	com.google.android.gms.location.internal.IGoogleLocationManagerService
string	androidx.core.widget.gUV.llNEuueXpomyI	bjYIOcNbP	, ty=
string	androidx.core.widget.gUV.llNEuueXpomyI	bnEAaduVak	ai
string	androidx.core.widget.gUV.llNEuueXpomyI	fibyGfY	) is out of bounds [0, 
string	androidx.core.widget.gUV.llNEuueXpomyI	fwIu	found } instead of ]
string	androidx.core.widget.gUV.llNEuueXpomyI	gRF	NX541J
string	androidx.core.widget.gUV.llNEuueXpomyI	gWFBYh	ALIGN_LEFT
string	androidx.core.widget.gUV.llNEuueXpomyI	gkZcajUam	\n
string	androidx.core.widget.gUV.llNEuueXpomyI	iIMvNrwXMCUG	Processor cancelling 
string	androidx.core.widget.gUV.llNEuueXpomyI	qULiyhqJNTH	CodedInputStream encountered an embedded string or message which claimed to have negative size.
string	androidx.core.widget.gUV.llNEuueXpomyI	rDcvC	gads:custom_click_gesture_v2:enabled
string	androidx.core.widget.gUV.llNEuueXpomyI	rGH	gms_sdk_env
string	androidx.core.widget.gUV.llNEuueXpomyI	tEYVDqe	video_complete_urls
string	androidx.core.widget.gUV.llNEuueXpomyI	vSAPleUCyz	Both autoPayDetails and autoPayBalanceThreshold is required for constructing ProductDetailsParams for autopay.
string	androidx.core.widget.gUV.llNEuueXpomyI	vdJKHsoClp	android.net.conn.CONNECTIVITY_CHANGE
string	androidx.core.widget.gUV.llNEuueXpomyI	vptay	application/vnd.dvb.ait
string	androidx.core.widget.gUV.llNEuueXpomyI	wtYeJX	Unexpected waiter: 
string	androidx.core.widget.gUV.llNEuueXpomyI	xOrfcZDLKQG	Operation is not supported for read-only collection
string	androidx.core.widget.gUV.llNEuueXpomyI	xfjueGhV	YOGA
string	androidx.core.widget.gUV.llNEuueXpomyI	ywtwZB	BAHUDA_YATRA
string	androidx.core.widget.gUV.llNEuueXpomyI	yzvqi	qosTier
string	androidx.core.widget.gUV.llNEuueXpomyI	zEJpFtZhqfdb	F3211
string	androidx.core.widget.gUV.llNEuueXpomyI	zHfBEJ	Prime p times prime q is not equal to the public key's modulus
string	androidx.graphics.path.rJC.LqxYxtusk	AnmXQGSAj	action
string	androidx.graphics.path.rJC.LqxYxtusk	BemqTnAMPudKNr	gads:num_registered_web_views_param:enabled
string	androidx.graphics.path.rJC.LqxYxtusk	FYEjg	) #
string	androidx.graphics.path.rJC.LqxYxtusk	FtA	gads:minimum_topics_api_granular_version
string	androidx.graphics.path.rJC.LqxYxtusk	GafigCapbf	X.509
string	androidx.graphics.path.rJC.LqxYxtusk	GfdMf	iterator
string	androidx.graphics.path.rJC.LqxYxtusk	JccjuuZVvw	invokeGetTopicsApiWithRecordObservation
string	androidx.graphics.path.rJC.LqxYxtusk	JlooLLY	-
string	androidx.graphics.path.rJC.LqxYxtusk	KHwpbf	event_timestamp
string	androidx.graphics.path.rJC.LqxYxtusk	KUFgnF	1
string	androidx.graphics.path.rJC.LqxYxtusk	LAdRBeEzL	measurement.service.store_safelist
string	androidx.graphics.path.rJC.LqxYxtusk	MItZLzd	    horizontalChainStyle
string	androidx.graphics.path.rJC.LqxYxtusk	MqycFuzPwwBd	Unknown duration unit short name: 
string	androidx.graphics.path.rJC.LqxYxtusk	NbgesrWtzbgwS	mpl
string	androidx.graphics.path.rJC.LqxYxtusk	OArvGUKX	Show app open ad from adapter.
string	androidx.graphics.path.rJC.LqxYxtusk	PhacLa	Number
string	androidx.graphics.path.rJC.LqxYxtusk	QIDXDvFakDFwnZR	Please provide a valid purchase token.
string	androidx.graphics.path.rJC.LqxYxtusk	RVoK	google_app_measurement_local.db
string	androidx.graphics.path.rJC.LqxYxtusk	SHDShEc	gads:open_system_browser_with_ara_param:enabled
string	androidx.graphics.path.rJC.LqxYxtusk	TYFKwiIMEOKScBx	tcf
string	androidx.graphics.path.rJC.LqxYxtusk	VYc	XQdLYJkQLpAC0Ie4wfLqMhdIIwn1qr11ViPPFEC485DwlLnjXHhmJUbAoJDOqgC4
string	androidx.graphics.path.rJC.LqxYxtusk	WUAu	com.alokmandavgane.hinducalendar.ROUTE
string	androidx.graphics.path.rJC.LqxYxtusk	WWPiIulTQUGUMcs	com.google.android.gms.measurement.AppMeasurement
string	androidx.graphics.path.rJC.LqxYxtusk	ZKjeiOAw	zzg
string	androidx.graphics.path.rJC.LqxYxtusk	aEUM	Index should be non-negative
string	androidx.graphics.path.rJC.LqxYxtusk	bfedqiCOhWxG	IABConsent_ConsentString
string	androidx.graphics.path.rJC.LqxYxtusk	ecsPhvhBrReyMO	Launch external link flow result receiver is null
string	androidx.graphics.path.rJC.LqxYxtusk	fwC	9v14GmYq1mityfaROUYQVHNDWlAgc2TzwyjcWsJSVQ5o6aEyLVnDo4vbeNXmh2ew
string	androidx.graphics.path.rJC.LqxYxtusk	geiXsLrJnvvBoZQ	No factory is available for message type: 
string	androidx.graphics.path.rJC.LqxYxtusk	kHQysymwvyi	com.google.android.gms.measurement
string	androidx.graphics.path.rJC.LqxYxtusk	kdtrZvOQIQ	setCookie
string	androidx.graphics.path.rJC.LqxYxtusk	llBeJWm	com.google.android.gms.ads.internal.formats.client.INativeCustomTemplateAd
string	androidx.graphics.path.rJC.LqxYxtusk	ubB	start_time
string	androidx.graphics.path.rJC.LqxYxtusk	vBTqwgtIzsOEG	You must call setGraph() before calling getGraph()
string	androidx.graphics.path.rJC.LqxYxtusk	wcnGBHctRrntOg	 has null parent
string	androidx.graphics.path.rJC.LqxYxtusk	zczCmHUA	offline_signal_statistics
string	androidx.window.reflection.zWTn.DaLatRh	CfQEwJhIA	, color=
string	androidx.window.reflection.zWTn.DaLatRh	CiDKdKC	Install Referrer Service is
string	androidx.window.reflection.zWTn.DaLatRh	DKLFMIbvxHFQd	INT32_LIST
string	androidx.window.reflection.zWTn.DaLatRh	EAUBLtYb	creative_slot
string	androidx.window.reflection.zWTn.DaLatRh	EeNWzFgv	double
string	androidx.window.reflection.zWTn.DaLatRh	FLShXAEkEbwXPZN	creation
string	androidx.window.reflection.zWTn.DaLatRh	FxSsRXtNOnOpp	Illegal argument specified for omid partner name.
string	androidx.window.reflection.zWTn.DaLatRh	Fxmlcvvxrx	6fpJXJ/0mHk1BKHieJD271QStaRup/Ve1zgTWQI+7BRFgC5McwJ3e2UlmdWs2x64
string	androidx.window.reflection.zWTn.DaLatRh	HoCfkDoWDPKCwv	android:savedDialogState
string	androidx.window.reflection.zWTn.DaLatRh	MhrSU	Jupiter
string	androidx.window.reflection.zWTn.DaLatRh	NPm	 x 
string	androidx.window.reflection.zWTn.DaLatRh	NRqtoAKfpLI	SetDeviceTier
string	androidx.window.reflection.zWTn.DaLatRh	NSMujhDEirU	
string	androidx.window.reflection.zWTn.DaLatRh	OHnAWFvhTLVdJy	video/avc
string	androidx.window.reflection.zWTn.DaLatRh	PJwULQIpuYzKieV	SERVER_TRANSACTION
string	androidx.window.reflection.zWTn.DaLatRh	ROMH	log site key
string	androidx.window.reflection.zWTn.DaLatRh	RmYM	tab_url
string	androidx.window.reflection.zWTn.DaLatRh	WKJsUiGhmjqZ	phenotype/
string	androidx.window.reflection.zWTn.DaLatRh	XkoysGLC	checkout_option
string	androidx.window.reflection.zWTn.DaLatRh	YYsoMueSw	Incorrect app type, assuming installed app. appId, appType
string	androidx.window.reflection.zWTn.DaLatRh	YeRmhX	remove 
string	androidx.window.reflection.zWTn.DaLatRh	aBZomnQ	    dimensionRatio
string	androidx.window.reflection.zWTn.DaLatRh	cHyViqrkObdO	)
string	androidx.window.reflection.zWTn.DaLatRh	dzTdLwrKSOCbFZ	Calls to setProgressAsync() must complete before a ListenableWorker signals completion of work by returning an instance of Result.
string	androidx.window.reflection.zWTn.DaLatRh	heOf	u
string	androidx.window.reflection.zWTn.DaLatRh	iARGRXxgTveh	measurement.rb.attribution.service
string	androidx.window.reflection.zWTn.DaLatRh	izbznKbxlGEr	
string	androidx.window.reflection.zWTn.DaLatRh	jNnggzLzNAGGEv	8P1sW0EPJcslw7UzRsiXL64w-O50Ed-RBICtay1g24M
string	androidx.window.reflection.zWTn.DaLatRh	lMyuLGFq	Unable to parse OutputPrefixType: 
string	androidx.window.reflection.zWTn.DaLatRh	outyHSxmwtjHM	Failed to get Google certificates from remote
string	androidx.window.reflection.zWTn.DaLatRh	pmhjsifbLKtlpGz	com.google.firebase.analytics.FirebaseAnalytics
string	androidx.window.reflection.zWTn.DaLatRh	psKlZdSZtf	AutoMirrored.Filled.KeyboardArrowRight
string	androidx.window.reflection.zWTn.DaLatRh	qcCMGIwBFb	android:text
string	androidx.window.reflection.zWTn.DaLatRh	rINvWjvqG	request_id
string	androidx.window.reflection.zWTn.DaLatRh	ruTxUfhrkyeOTSu	firebase_error_length
string	androidx.window.reflection.zWTn.DaLatRh	sbiV	windowConfiguration
string	androidx.window.reflection.zWTn.DaLatRh	trBpdYED	zzf
string	androidx.window.reflection.zWTn.DaLatRh	vQmGkuxXYPzV	BI
string	androidx.window.reflection.zWTn.DaLatRh	vYloqSBAymR	Unable to call into cache service.
string	androidx.window.reflection.zWTn.DaLatRh	vmfM	Chip does not support multi-line text
string	androidx.window.reflection.zWTn.DaLatRh	yZcd	call to 'resume' before 'invoke' with coroutine
string	androidx.window.reflection.zWTn.DaLatRh	zojig	RectRulers(
string	androidx.work.impl.DZO.NmrvHhsdYflTe	ALpJAPrbmFOXmE	zzc
string	androidx.work.impl.DZO.NmrvHhsdYflTe	CRElPlffdNij	Package info is null, first open report might be inaccurate. appId
string	androidx.work.impl.DZO.NmrvHhsdYflTe	Dvp	919173219
string	androidx.work.impl.DZO.NmrvHhsdYflTe	FSo	androidx.view.accessibility.AccessibilityNodeInfoCompat.BOOLEAN_PROPERTY_KEY
string	androidx.work.impl.DZO.NmrvHhsdYflTe	FYRdEoVsDSMZtS	batching_timestamp_millis
string	androidx.work.impl.DZO.NmrvHhsdYflTe	GMxfxGWRZtZq	V23GB
string	androidx.work.impl.DZO.NmrvHhsdYflTe	JhtPCMvaGveNdRo	Required value was null.
string	androidx.work.impl.DZO.NmrvHhsdYflTe	Kprswjgne	playerId
string	androidx.work.impl.DZO.NmrvHhsdYflTe	LuSCO	(
string	androidx.work.impl.DZO.NmrvHhsdYflTe	QRUekfKkkBw	Reading from byte array should not throw IOException.
string	androidx.work.impl.DZO.NmrvHhsdYflTe	ScSQgatvXA	product
string	androidx.work.impl.DZO.NmrvHhsdYflTe	SrPIGgLakLqSB	current_session_count
string	androidx.work.impl.DZO.NmrvHhsdYflTe	XkobGBgeSOcL	bn
string	androidx.work.impl.DZO.NmrvHhsdYflTe	XnB	, blendMode=
string	androidx.work.impl.DZO.NmrvHhsdYflTe	YQswJxFVrnhcwB	Details of the products must be provided.
string	androidx.work.impl.DZO.NmrvHhsdYflTe	YhlUjjm	zzz
string	androidx.work.impl.DZO.NmrvHhsdYflTe	ZxwEd	Fail to get isAdIdFakeForDebugLogging
string	androidx.work.impl.DZO.NmrvHhsdYflTe	aJMCaE	bundle {\n
string	androidx.work.impl.DZO.NmrvHhsdYflTe	aNMGL	invalidated
string	androidx.work.impl.DZO.NmrvHhsdYflTe	bBAoVQtuwPrO	isTestDevice
string	androidx.work.impl.DZO.NmrvHhsdYflTe	cJO	_display_name
string	androidx.work.impl.DZO.NmrvHhsdYflTe	cmNdt	BillingClient
string	androidx.work.impl.DZO.NmrvHhsdYflTe	ctgSXy	UTF-8
string	androidx.work.impl.DZO.NmrvHhsdYflTe	eCI	Value must be specified with a numeric type.
string	androidx.work.impl.DZO.NmrvHhsdYflTe	eFSlChIGpvWjwGu	gads:h5ads:max_gmsg_length
string	androidx.work.impl.DZO.NmrvHhsdYflTe	fAhwcGmefgi	Error creating PDF file.
string	androidx.work.impl.DZO.NmrvHhsdYflTe	fNnJw	Creative preview (enabled)
string	androidx.work.impl.DZO.NmrvHhsdYflTe	jYFLfZhgQjUl	A style block was found after the first cue.
string	androidx.work.impl.DZO.NmrvHhsdYflTe	jemAmVhnLwQMv	minute
string	androidx.work.impl.DZO.NmrvHhsdYflTe	kYiEY	ibrr
string	androidx.work.impl.DZO.NmrvHhsdYflTe	sAOcjBgXJOOd	BOOL
string	androidx.work.impl.DZO.NmrvHhsdYflTe	tJEpoggfxaKZRKr	clearStorageOnIdlessMode
string	androidx.work.impl.DZO.NmrvHhsdYflTe	tMjliHIz	2
string	androidx.work.impl.DZO.NmrvHhsdYflTe	vLv	, fid=
string	androidx.work.impl.DZO.NmrvHhsdYflTe	vpLmgrgf	FO
string	androidx.work.impl.DZO.NmrvHhsdYflTe	wrgBFTLouXMg	FEW
string	androidx.work.impl.DZO.NmrvHhsdYflTe	xCFtRsTAx	Unable to determine award type and amount.
string	androidx.work.impl.background.systemjob.ZGfO.pATsiWLpOEQ	CVZOA	, values=
string	androidx.work.impl.background.systemjob.ZGfO.pATsiWLpOEQ	CpvMkhe	RAW
string	androidx.work.impl.background.systemjob.ZGfO.pATsiWLpOEQ	DDVbaDY	idRequirement must be non-null for 
string	androidx.work.impl.background.systemjob.ZGfO.pATsiWLpOEQ	FznRw	colon ':'
string	androidx.work.impl.background.systemjob.ZGfO.pATsiWLpOEQ	GjlAnNxEfgqB	, 
string	androidx.work.impl.background.systemjob.ZGfO.pATsiWLpOEQ	HOvVStZAgZfs	r
string	androidx.work.impl.background.systemjob.ZGfO.pATsiWLpOEQ	ILQ	com.android.vending.billing.ALTERNATIVE_BILLING
string	androidx.work.impl.background.systemjob.ZGfO.pATsiWLpOEQ	JHYq	Failed to digest chunk #
string	androidx.work.impl.background.systemjob.ZGfO.pATsiWLpOEQ	KUfnmXyjjW	zzK
string	androidx.work.impl.background.systemjob.ZGfO.pATsiWLpOEQ	LQMa	WebViewCompat Profile is defined
string	androidx.work.impl.background.systemjob.ZGfO.pATsiWLpOEQ	LolNtm	SFIXED64_LIST
string	androidx.work.impl.background.systemjob.ZGfO.pATsiWLpOEQ	MHHnvzAgrXaiyw	Play Store version installed does not support cross selling products.
string	androidx.work.impl.background.systemjob.ZGfO.pATsiWLpOEQ	MPMeejeMvF	chrome_custom_tab
string	androidx.work.impl.background.systemjob.ZGfO.pATsiWLpOEQ	NiNqQb	location_id
string	androidx.work.impl.background.systemjob.ZGfO.pATsiWLpOEQ	NqVnsnfamsyCXD	Network
string	androidx.work.impl.background.systemjob.ZGfO.pATsiWLpOEQ	QgSifGSyLBeOFwR	dload
string	androidx.work.impl.background.systemjob.ZGfO.pATsiWLpOEQ	RoRiHOQo	#007 Could not call remote method.
string	androidx.work.impl.background.systemjob.ZGfO.pATsiWLpOEQ	TpqKxrTZl	direction must be one of {FOCUS_UP, FOCUS_DOWN, FOCUS_LEFT, FOCUS_RIGHT}.
string	androidx.work.impl.background.systemjob.ZGfO.pATsiWLpOEQ	UNpavwK	google_ads_flags_meta
string	androidx.work.impl.background.systemjob.ZGfO.pATsiWLpOEQ	UVTluykeGimc	zze
string	androidx.work.impl.background.systemjob.ZGfO.pATsiWLpOEQ	UmrYgXSn	, global blocking queue size = 
string	androidx.work.impl.background.systemjob.ZGfO.pATsiWLpOEQ	UogU	cyan
string	androidx.work.impl.background.systemjob.ZGfO.pATsiWLpOEQ	VVrX	Play Store version installed does not support the provided billing program.
string	androidx.work.impl.background.systemjob.ZGfO.pATsiWLpOEQ	VrFtwe	androidx.work.util.id
string	androidx.work.impl.background.systemjob.ZGfO.pATsiWLpOEQ	VuHV	Error resetting analytics data. appId, error
string	androidx.work.impl.background.systemjob.ZGfO.pATsiWLpOEQ	WOEjRKQ	zzd
string	androidx.work.impl.background.systemjob.ZGfO.pATsiWLpOEQ	ZIhtZUonlz	AdMediaPlayerView completion
string	androidx.work.impl.background.systemjob.ZGfO.pATsiWLpOEQ	bLzvpUpCQsBoBR	]
string	androidx.work.impl.background.systemjob.ZGfO.pATsiWLpOEQ	dVMORu	test-keys
string	androidx.work.impl.background.systemjob.ZGfO.pATsiWLpOEQ	ehhiWm	AdWorker(
string	androidx.work.impl.background.systemjob.ZGfO.pATsiWLpOEQ	enOVQxgxDXVkLj	gads:preload_ad_close_listener_rewarded_timeout_millis
string	androidx.work.impl.background.systemjob.ZGfO.pATsiWLpOEQ	gylOMfciNbrZraY	, scaleGestureFactor=
string	androidx.work.impl.background.systemjob.ZGfO.pATsiWLpOEQ	hXuFrG	android.permission.POST_NOTIFICATIONS
string	androidx.work.impl.background.systemjob.ZGfO.pATsiWLpOEQ	jGqgtwokkWpK	androidx.navigation.NavControllerViewModel
string	androidx.work.impl.background.systemjob.ZGfO.pATsiWLpOEQ	mCPFMoFF	adapters
string	androidx.work.impl.background.systemjob.ZGfO.pATsiWLpOEQ	ojRbVKhxEfgXRWM	/open
string	androidx.work.impl.background.systemjob.ZGfO.pATsiWLpOEQ	qwIeWDEqtdhfVud	aid
string	androidx.work.impl.background.systemjob.ZGfO.pATsiWLpOEQ	ruhUH	Tribal
string	androidx.work.impl.background.systemjob.ZGfO.pATsiWLpOEQ	zjQmuUKlmc	set_mock_mode_with_callback
string	androidx.work.impl.background.systemjob.ZGfO.pATsiWLpOEQ	zqemxSSb	L120
string	androidx.work.impl.foreground.XOpF.GntAoADc	CFvQ	Unrecognized codec identifier for IAMF auxiliary profile: 
string	androidx.work.impl.foreground.XOpF.GntAoADc	CzVbii	[sgtm] Failed to update batch upload status, rowId, exception
string	androidx.work.impl.foreground.XOpF.GntAoADc	GOqVPhLyLd	SupportMenuInflater
string	androidx.work.impl.foreground.XOpF.GntAoADc	GlPl	MESSAGE_LIST
string	androidx.work.impl.foreground.XOpF.GntAoADc	IcLrIYmvovpMNq	t
string	androidx.work.impl.foreground.XOpF.GntAoADc	IxnmVgWv	WATCH_WITH_APP
string	androidx.work.impl.foreground.XOpF.GntAoADc	JJiAGD	processAssets: replacing data with FD in asset: 
string	androidx.work.impl.foreground.XOpF.GntAoADc	LANMPr	 total_length:
string	androidx.work.impl.foreground.XOpF.GntAoADc	LGEPtyRzEcj	No expired configs for apps with pending events
string	androidx.work.impl.foreground.XOpF.GntAoADc	LUGH	gads:uri_query_to_map_bg_thread:types
string	androidx.work.impl.foreground.XOpF.GntAoADc	PEhMKfIqjF	androidx.lifecycle.ViewModelProvider.DefaultKey:
string	androidx.work.impl.foreground.XOpF.GntAoADc	PzFZJzWoqKeG	HashManager: Unable to convert to Base64.
string	androidx.work.impl.foreground.XOpF.GntAoADc	QFVpdSOFBco	required_network_type
string	androidx.work.impl.foreground.XOpF.GntAoADc	QjCeeXEZUvsedK	TextInputLayout
string	androidx.work.impl.foreground.XOpF.GntAoADc	TLRMv	layoutInfo
string	androidx.work.impl.foreground.XOpF.GntAoADc	UXRJZQbNpBpvl	type.googleapis.com/google.crypto.tink.KmsEnvelopeAeadKey
string	androidx.work.impl.foreground.XOpF.GntAoADc	VNSivYszcmxI	duration
string	androidx.work.impl.foreground.XOpF.GntAoADc	Vsd	timed_out_event_params
string	androidx.work.impl.foreground.XOpF.GntAoADc	Vsj	Square
string	androidx.work.impl.foreground.XOpF.GntAoADc	VwHKtonMt	Operation is not supported for read-only collection
string	androidx.work.impl.foreground.XOpF.GntAoADc	WsdH	renderers
string	androidx.work.impl.foreground.XOpF.GntAoADc	YBRYTiuoupkWa	unbounded recursion in log statement
string	androidx.work.impl.foreground.XOpF.GntAoADc	YFx	Upload uri is null or empty. Destination is unknown. Dropping batch. 
string	androidx.work.impl.foreground.XOpF.GntAoADc	ZBtENLr	ProgressiveMediaPeriod
string	androidx.work.impl.foreground.XOpF.GntAoADc	baItPJ	zzb
string	androidx.work.impl.foreground.XOpF.GntAoADc	chbMZdLJgDvz	call to 'resume' before 'invoke' with coroutine
string	androidx.work.impl.foreground.XOpF.GntAoADc	dpKxhjAM	action
string	androidx.work.impl.foreground.XOpF.GntAoADc	esBVJpK	sampleRate.caps
string	androidx.work.impl.foreground.XOpF.GntAoADc	fifnMbKWPpRfB	Invalid AC-4 DSI version: 0
string	androidx.work.impl.foreground.XOpF.GntAoADc	kovAUtlioqVWC	x
string	androidx.work.impl.foreground.XOpF.GntAoADc	pFFoXJyj	Unsupported charset: %s
string	androidx.work.impl.foreground.XOpF.GntAoADc	pepyhoGvdhOsxdh	
string	androidx.work.impl.foreground.XOpF.GntAoADc	qDoXj	getIAppEventListener not implemented
string	androidx.work.impl.foreground.XOpF.GntAoADc	rDXZvd	Firebase Blocking
string	androidx.work.impl.foreground.XOpF.GntAoADc	sXLgZDourAp	downloaded_imp_urls
string	androidx.work.impl.foreground.XOpF.GntAoADc	tRtVR	Error querying database.
string	androidx.work.impl.foreground.XOpF.GntAoADc	uKzUxFHtqMHXY	Accounts Matched
string	androidx.work.impl.foreground.XOpF.GntAoADc	uWWsEOOEovO	@Planet
string	androidx.work.impl.foreground.XOpF.GntAoADc	vlpcxPkKQG	action
string	androidx.work.impl.foreground.XOpF.GntAoADc	vswZ	interstitial
string	androidx.work.impl.foreground.XOpF.GntAoADc	wBKSZUt	call to 'resume' before 'invoke' with coroutine
string	androidx.work.impl.foreground.XOpF.GntAoADc	wULH	, counts=
string	androidx.work.impl.foreground.XOpF.GntAoADc	wjnCp	zzi
string	androidx.work.impl.foreground.XOpF.GntAoADc	yNvE	nt
string	androidx.work.impl.foreground.XOpF.GntAoADc	ydkkWGWqRJJ	ZIP Central Directory offset out of range: 
string	androidx.work.impl.foreground.XOpF.GntAoADc	ymmBasbR	 = 
string	com.alokmandavgane.hinducalendar.tv.JtN.iWUDzjHsaQ	DeRBrO	) is not same as the number of auxiliary tracks (
string	com.alokmandavgane.hinducalendar.tv.JtN.iWUDzjHsaQ	FvfxrMcYWHcQ	;dc_ms=
string	com.alokmandavgane.hinducalendar.tv.JtN.iWUDzjHsaQ	GeHyVKcpjHitj	UTC
string	com.alokmandavgane.hinducalendar.tv.JtN.iWUDzjHsaQ	JNBbitQ	view
string	com.alokmandavgane.hinducalendar.tv.JtN.iWUDzjHsaQ	KWqREgpRn	com.google.android.gms.ads.internal.formats.client.IAttributionInfo
string	com.alokmandavgane.hinducalendar.tv.JtN.iWUDzjHsaQ	KnrsqPdTUWc	remove() was called before next()
string	com.alokmandavgane.hinducalendar.tv.JtN.iWUDzjHsaQ	LGmKZV	Failed to access storage lock file
string	com.alokmandavgane.hinducalendar.tv.JtN.iWUDzjHsaQ	ORQcWFwiqD	zzb
string	com.alokmandavgane.hinducalendar.tv.JtN.iWUDzjHsaQ	Ohr	linkToDeath failed
string	com.alokmandavgane.hinducalendar.tv.JtN.iWUDzjHsaQ	RByMi	androidx.compose.ui.platform.AndroidCompositionLocals_androidKt
string	com.alokmandavgane.hinducalendar.tv.JtN.iWUDzjHsaQ	SSMrywhFeOkw	' (track 0) and '
string	com.alokmandavgane.hinducalendar.tv.JtN.iWUDzjHsaQ	TGYsCV	android:text
string	com.alokmandavgane.hinducalendar.tv.JtN.iWUDzjHsaQ	UQN	importance
string	com.alokmandavgane.hinducalendar.tv.JtN.iWUDzjHsaQ	VEXfalLlpOkoLmj	cancelled,
string	com.alokmandavgane.hinducalendar.tv.JtN.iWUDzjHsaQ	WQfxa	tick
string	com.alokmandavgane.hinducalendar.tv.JtN.iWUDzjHsaQ	WTLquhkQ	Received unconfirmed click but UnconfirmedClickListener is null.
string	com.alokmandavgane.hinducalendar.tv.JtN.iWUDzjHsaQ	XvlqUWJzGEJnyZ	START
string	com.alokmandavgane.hinducalendar.tv.JtN.iWUDzjHsaQ	YtG	
string	com.alokmandavgane.hinducalendar.tv.JtN.iWUDzjHsaQ	aosXDxLOSw	, appId=
string	com.alokmandavgane.hinducalendar.tv.JtN.iWUDzjHsaQ	cEYtBjhn	 nanoseconds 
string	com.alokmandavgane.hinducalendar.tv.JtN.iWUDzjHsaQ	dSOR	index: 
string	com.alokmandavgane.hinducalendar.tv.JtN.iWUDzjHsaQ	fpNkeGJlCwPh	 only 
string	com.alokmandavgane.hinducalendar.tv.JtN.iWUDzjHsaQ	hKhSrjyrQWZ	config_viewMinRotaryEncoderFlingVelocity
string	com.alokmandavgane.hinducalendar.tv.JtN.iWUDzjHsaQ	huZ	
string	com.alokmandavgane.hinducalendar.tv.JtN.iWUDzjHsaQ	koBNMjPPfFY	GmsClient
string	com.alokmandavgane.hinducalendar.tv.JtN.iWUDzjHsaQ	mLLttpImUy	!
string	com.alokmandavgane.hinducalendar.tv.JtN.iWUDzjHsaQ	mUKF	:d=
string	com.alokmandavgane.hinducalendar.tv.JtN.iWUDzjHsaQ	oJcDwwwVNkkOOH	G1
string	com.alokmandavgane.hinducalendar.tv.JtN.iWUDzjHsaQ	pKrfuNXwx	_tcf
string	com.alokmandavgane.hinducalendar.tv.JtN.iWUDzjHsaQ	qAkHrr	gads:content_vertical_fingerprint_bits
string	com.alokmandavgane.hinducalendar.tv.JtN.iWUDzjHsaQ	tsfmotgvmub	kotlin.Function17
string	com.alokmandavgane.hinducalendar.tv.JtN.iWUDzjHsaQ	tyXufa	areec
string	com.alokmandavgane.hinducalendar.tv.JtN.iWUDzjHsaQ	uAAyMrIgbLLVht	Cannot transition entry that is not in the back stack
string	com.alokmandavgane.hinducalendar.tv.JtN.iWUDzjHsaQ	uvKrkGPQvc	location_latitude
string	com.alokmandavgane.hinducalendar.tv.JtN.iWUDzjHsaQ	vSyfhdSN	Can not cast Context to Application
string	com.alokmandavgane.hinducalendar.tv.JtN.iWUDzjHsaQ	xNHY	Index:
string	com.alokmandavgane.hinducalendar.widgets.kC.VFEPKfCCLpkHz	APFiXFGo	'}
string	com.alokmandavgane.hinducalendar.widgets.kC.VFEPKfCCLpkHz	AywR	
string	com.alokmandavgane.hinducalendar.widgets.kC.VFEPKfCCLpkHz	CCWaDVtc	name
string	com.alokmandavgane.hinducalendar.widgets.kC.VFEPKfCCLpkHz	DRwPZ	surfaceBright=
string	com.alokmandavgane.hinducalendar.widgets.kC.VFEPKfCCLpkHz	FhioIG	CREATE TABLE IF NOT EXISTS app2 ( app_id TEXT NOT NULL, first_open_count INTEGER NOT NULL, PRIMARY KEY (app_id));
string	com.alokmandavgane.hinducalendar.widgets.kC.VFEPKfCCLpkHz	HEHXYqeMNJEN	databaseUrl
string	com.alokmandavgane.hinducalendar.widgets.kC.VFEPKfCCLpkHz	HHDcmoqdSH	]
string	com.alokmandavgane.hinducalendar.widgets.kC.VFEPKfCCLpkHz	HSFeSr	is_analytics_logging_enabled
string	com.alokmandavgane.hinducalendar.widgets.kC.VFEPKfCCLpkHz	HpphYmx	Invalid class: 
string	com.alokmandavgane.hinducalendar.widgets.kC.VFEPKfCCLpkHz	ItfctwGrKYGvR	_cmp
string	com.alokmandavgane.hinducalendar.widgets.kC.VFEPKfCCLpkHz	QPSvUVFQGytzy	WAKE_LOCK permission not granted, can't acquire wake lock for playback
string	com.alokmandavgane.hinducalendar.widgets.kC.VFEPKfCCLpkHz	QiNsBTLgQchga	gads:read_pub_callback_param_click_gmsg:enabled
string	com.alokmandavgane.hinducalendar.widgets.kC.VFEPKfCCLpkHz	RJIcpJdIFiwv	).
string	com.alokmandavgane.hinducalendar.widgets.kC.VFEPKfCCLpkHz	RyM	_sn
string	com.alokmandavgane.hinducalendar.widgets.kC.VFEPKfCCLpkHz	SdIUvCH	precision
string	com.alokmandavgane.hinducalendar.widgets.kC.VFEPKfCCLpkHz	TuJodYx	content://com.google.android.gms.phenotype/
string	com.alokmandavgane.hinducalendar.widgets.kC.VFEPKfCCLpkHz	UTzpoUnj	', columnNames=
string	com.alokmandavgane.hinducalendar.widgets.kC.VFEPKfCCLpkHz	YOazEQiDuvHc	PackageManagerHelper
string	com.alokmandavgane.hinducalendar.widgets.kC.VFEPKfCCLpkHz	YbZeV	ContentFetchTask
string	com.alokmandavgane.hinducalendar.widgets.kC.VFEPKfCCLpkHz	akHaLP	session-scoped
string	com.alokmandavgane.hinducalendar.widgets.kC.VFEPKfCCLpkHz	ehfxutYyokJEfI	denied
string	com.alokmandavgane.hinducalendar.widgets.kC.VFEPKfCCLpkHz	fFCsvAkdGin	rqe
string	com.alokmandavgane.hinducalendar.widgets.kC.VFEPKfCCLpkHz	fgXQMzVMfs	gads:content_fetch_view_tag_id
string	com.alokmandavgane.hinducalendar.widgets.kC.VFEPKfCCLpkHz	lPZvZtx	300x250_as
string	com.alokmandavgane.hinducalendar.widgets.kC.VFEPKfCCLpkHz	mKOD	 to 
string	com.alokmandavgane.hinducalendar.widgets.kC.VFEPKfCCLpkHz	mfBptD	/updateActiveView
string	com.alokmandavgane.hinducalendar.widgets.kC.VFEPKfCCLpkHz	pPXWaJPTEEIrBh	MGF1 hash is different from signature hash
string	com.alokmandavgane.hinducalendar.widgets.kC.VFEPKfCCLpkHz	uLf	createSegment(JLkotlinx/coroutines/channels/ChannelSegment;)Lkotlinx/coroutines/channels/ChannelSegment;
string	com.alokmandavgane.hinducalendar.widgets.kC.VFEPKfCCLpkHz	uidoZ	Receiving npa decision in the past, ignoring.
string	com.alokmandavgane.hinducalendar.widgets.kC.VFEPKfCCLpkHz	vbo	MiTV
string	com.alokmandavgane.hinducalendar.widgets.kC.VFEPKfCCLpkHz	vvyjQL	
string	com.alokmandavgane.hinducalendar.widgets.kC.VFEPKfCCLpkHz	wKzuYo	getInstance
string	com.alokmandavgane.hinducalendar.widgets.kC.VFEPKfCCLpkHz	xSyWSCxYWZkdI	type.googleapis.com/google.crypto.tink.AesCtrHmacAeadKey
string	com.alokmandavgane.hinducalendar.widgets.kC.VFEPKfCCLpkHz	xrOfhQgoXuk	Unable to obtain android.graphics.Path
string	com.alokmandavgane.hinducalendar.widgets.kC.qoxEEhSGdNGJL	CTANxtlJfSfGmW	Array
string	com.alokmandavgane.hinducalendar.widgets.kC.qoxEEhSGdNGJL	Cbg	com.google.protobuf.GeneratedExtensionRegistryLoader
string	com.alokmandavgane.hinducalendar.widgets.kC.qoxEEhSGdNGJL	DkfYGXMCHzPqjpZ	 Prathama  Dvitiya  Tritiya  Chaturthi  Panchami  Shashti  Saptami  Ashtami  Navami  Dashami  Ekadashi  Dwadashi  Trayodashi  Chaturdashi  Purnima  Prathama  Dvitiya  Tritiya  Chaturthi  Panchami  Shashti  Saptami  Ashtami  Navami  Dashami  Ekadashi  Dwadashi  Trayodashi  Chaturdashi  Amavasya 
string	com.alokmandavgane.hinducalendar.widgets.kC.qoxEEhSGdNGJL	ENO	There is no way to get here, but the compiler thinks otherwise.
string	com.alokmandavgane.hinducalendar.widgets.kC.qoxEEhSGdNGJL	ERMypRQR	 
string	com.alokmandavgane.hinducalendar.widgets.kC.qoxEEhSGdNGJL	KOEXgHAA	run_attempt_count
string	com.alokmandavgane.hinducalendar.widgets.kC.qoxEEhSGdNGJL	KVNMYrGdAkNHuvr	_ndt
string	com.alokmandavgane.hinducalendar.widgets.kC.qoxEEhSGdNGJL	LJyGITolY	pat
string	com.alokmandavgane.hinducalendar.widgets.kC.qoxEEhSGdNGJL	LatbgJGnjDICV	Unable to log.
string	com.alokmandavgane.hinducalendar.widgets.kC.qoxEEhSGdNGJL	LhOiM	 is not attached to window. 
string	com.alokmandavgane.hinducalendar.widgets.kC.qoxEEhSGdNGJL	MzTIwYasO	Cannot override Backend 
string	com.alokmandavgane.hinducalendar.widgets.kC.qoxEEhSGdNGJL	NDOFubkx	Cancelled
string	com.alokmandavgane.hinducalendar.widgets.kC.qoxEEhSGdNGJL	OKlULVQGOtDuvW	rentalDetails
string	com.alokmandavgane.hinducalendar.widgets.kC.qoxEEhSGdNGJL	OgwN	AudioDescriptorUtil
string	com.alokmandavgane.hinducalendar.widgets.kC.qoxEEhSGdNGJL	RjV	)
string	com.alokmandavgane.hinducalendar.widgets.kC.qoxEEhSGdNGJL	RoHtcZcA	Font load failed
string	com.alokmandavgane.hinducalendar.widgets.kC.qoxEEhSGdNGJL	RshZntAEfafrdKR	DiagnosticsRcvr
string	com.alokmandavgane.hinducalendar.widgets.kC.qoxEEhSGdNGJL	TXVV	TPOS
string	com.alokmandavgane.hinducalendar.widgets.kC.qoxEEhSGdNGJL	WsslsYhMeaVIWZ	gads:cct_ad_activity_check_enabled
string	com.alokmandavgane.hinducalendar.widgets.kC.qoxEEhSGdNGJL	cTt	IsDialog
string	com.alokmandavgane.hinducalendar.widgets.kC.qoxEEhSGdNGJL	evoZRCYt	application/x-subrip
string	com.alokmandavgane.hinducalendar.widgets.kC.qoxEEhSGdNGJL	hkfkQNU	ga_session_number
string	com.alokmandavgane.hinducalendar.widgets.kC.qoxEEhSGdNGJL	jjstHCBXiKgNWTF	RAMA
string	com.alokmandavgane.hinducalendar.widgets.kC.qoxEEhSGdNGJL	jynYN	, screenAlignment =
string	com.alokmandavgane.hinducalendar.widgets.kC.qoxEEhSGdNGJL	leGSnBBBJkmkiq	application/x-camera-motion
string	com.alokmandavgane.hinducalendar.widgets.kC.qoxEEhSGdNGJL	ltsmTJFNZvjnc	%1$s requires a value for the %2$s attribute to be set in your app theme. You can either set the attribute in your theme or update your theme to inherit from Theme.MaterialComponents (or a descendant).
string	com.alokmandavgane.hinducalendar.widgets.kC.qoxEEhSGdNGJL	mcFblf	KRISHNA_JANMASHTAMI
string	com.alokmandavgane.hinducalendar.widgets.kC.qoxEEhSGdNGJL	nOWSvUEwv	zza
string	com.alokmandavgane.hinducalendar.widgets.kC.qoxEEhSGdNGJL	oMyeyHNQYOW	call to 'resume' before 'invoke' with coroutine
string	com.alokmandavgane.hinducalendar.widgets.kC.qoxEEhSGdNGJL	oUzCi	chipIconVisible
string	com.alokmandavgane.hinducalendar.widgets.kC.qoxEEhSGdNGJL	pcVr	appId
string	com.alokmandavgane.hinducalendar.widgets.kC.qoxEEhSGdNGJL	qTTUOfFNLzJS	displayAlign
string	com.alokmandavgane.hinducalendar.widgets.kC.qoxEEhSGdNGJL	sRBKhjFhKi	Current mutation had a higher priority
string	com.alokmandavgane.hinducalendar.widgets.kC.qoxEEhSGdNGJL	uCblhXgCvtHw	]
string	com.alokmandavgane.hinducalendar.widgets.kC.qoxEEhSGdNGJL	vZMmMb	Nesting limit 1280 reached
string	com.alokmandavgane.hinducalendar.widgets.kC.qoxEEhSGdNGJL	wbEf	Impression owner is none
string	com.alokmandavgane.hinducalendar.widgets.kC.qoxEEhSGdNGJL	xDbBjLuXoNJSw	zzm
string	com.alokmandavgane.hinducalendar.widgets.kC.qoxEEhSGdNGJL	xTujBQxNKKdQBd	vendor_scoped_gpid_v2_id
string	com.alokmandavgane.hinducalendar.widgets.kC.qoxEEhSGdNGJL	yVRdd	Application doesn't implement PhenotypeApplication interface, falling back to globally set context. See go/phenotype-flag#process-stable-init for more info.
string	com.alokmandavgane.hinducalendar.widgets.kC.qoxEEhSGdNGJL	zDWYYYCKSrlVXQJ	/precache
string	com.alokmandavgane.hinducalendar.widgets.kC.qoxEEhSGdNGJL	zpCrWnqzQOx	{}
string	com.google.android.datatransport.cct.VA.nUHLlQeJHCuq	BuENOpoOeAhKAT	SY
string	com.google.android.datatransport.cct.VA.nUHLlQeJHCuq	DhwB	, 
string	com.google.android.datatransport.cct.VA.nUHLlQeJHCuq	EmNsVmgDSX	KAMADA
string	com.google.android.datatransport.cct.VA.nUHLlQeJHCuq	GxPjRhT	image/heic
string	com.google.android.datatransport.cct.VA.nUHLlQeJHCuq	HnLho	ProfileInstaller
string	com.google.android.datatransport.cct.VA.nUHLlQeJHCuq	IsavVmRR	Unknown
string	com.google.android.datatransport.cct.VA.nUHLlQeJHCuq	LzRxYgLJqRb	-worker-
string	com.google.android.datatransport.cct.VA.nUHLlQeJHCuq	MbCIl	com.google.android.gms.ads.internal.request.INonagonStreamingResponseListener
string	com.google.android.datatransport.cct.VA.nUHLlQeJHCuq	NQzwbddEPwHOO	LoadedFontFamily(typeface=
string	com.google.android.datatransport.cct.VA.nUHLlQeJHCuq	OkZkUpu	Exit
string	com.google.android.datatransport.cct.VA.nUHLlQeJHCuq	PjesHZSIYf	setFuture=[
string	com.google.android.datatransport.cct.VA.nUHLlQeJHCuq	QoGEFlxlesHOeha	color
string	com.google.android.datatransport.cct.VA.nUHLlQeJHCuq	QpkcYFtJCf	Key size mismatch
string	com.google.android.datatransport.cct.VA.nUHLlQeJHCuq	RgRRpYA	Use RequestConfiguration.Builder().setTestDeviceIds(Arrays.asList("
string	com.google.android.datatransport.cct.VA.nUHLlQeJHCuq	ToR	unload
string	com.google.android.datatransport.cct.VA.nUHLlQeJHCuq	UcwPjXfhkCI	BillingClient
string	com.google.android.datatransport.cct.VA.nUHLlQeJHCuq	UftrT	Unsupported sampling rate 
string	com.google.android.datatransport.cct.VA.nUHLlQeJHCuq	WOvkTESiprW	\tat 
string	com.google.android.datatransport.cct.VA.nUHLlQeJHCuq	WXWRh	, filePath=
string	com.google.android.datatransport.cct.VA.nUHLlQeJHCuq	XFmFvtEYe	, expandedAlignment=
string	com.google.android.datatransport.cct.VA.nUHLlQeJHCuq	XiudtCapGTNOqs	INTERSTITIAL
string	com.google.android.datatransport.cct.VA.nUHLlQeJHCuq	XyTcMFQdfp	MessageEventParcelable[
string	com.google.android.datatransport.cct.VA.nUHLlQeJHCuq	YQU	  mHost=
string	com.google.android.datatransport.cct.VA.nUHLlQeJHCuq	aEKuXVJoG	aid
string	com.google.android.datatransport.cct.VA.nUHLlQeJHCuq	aHIvmocdPYBGd	Null spansNames
string	com.google.android.datatransport.cct.VA.nUHLlQeJHCuq	fUgoEc	}]
string	com.google.android.datatransport.cct.VA.nUHLlQeJHCuq	gyyEe	Failed to execute command with argument class ViewCommandArgument: 
string	com.google.android.datatransport.cct.VA.nUHLlQeJHCuq	hlIOk	getPopExitAnim=
string	com.google.android.datatransport.cct.VA.nUHLlQeJHCuq	hrmY	1
string	com.google.android.datatransport.cct.VA.nUHLlQeJHCuq	izvZCiypaCWtqw	Not(term=
string	com.google.android.datatransport.cct.VA.nUHLlQeJHCuq	kKxuTNEH	)
string	com.google.android.datatransport.cct.VA.nUHLlQeJHCuq	kReRaHyxrloiPX	zza
string	com.google.android.datatransport.cct.VA.nUHLlQeJHCuq	oVOzVXXJ	ad_closed
string	com.google.android.datatransport.cct.VA.nUHLlQeJHCuq	oVXaXmiV	com.google.android.gms.ads.internal.client.IAdClickListener
string	com.google.android.datatransport.cct.VA.nUHLlQeJHCuq	pDhypWPrGI	gads:video_stream_cache:limit_space
string	com.google.android.datatransport.cct.VA.nUHLlQeJHCuq	pKSYziMmdszv	zzA
string	com.google.android.datatransport.cct.VA.nUHLlQeJHCuq	pWroVzwkeH	Received HTTP error code from ad server:
string	com.google.android.datatransport.cct.VA.nUHLlQeJHCuq	qRzDCQJkcaryJO	skip_offline_notification_flow
string	com.google.android.datatransport.cct.VA.nUHLlQeJHCuq	qdV	)
string	com.google.android.datatransport.cct.VA.nUHLlQeJHCuq	reV	loadJavascriptEngine > Before newEngine.loadHtml
string	com.google.android.datatransport.cct.VA.nUHLlQeJHCuq	skcwgW	com.google.android.gms.measurement.AppMeasurementJobService
string	com.google.android.datatransport.cct.VA.nUHLlQeJHCuq	tNZlEebfXOHDx	No NavigationEventDispatcherOwner was provided via LocalNavigationEventDispatcherOwner and no OnBackPressedDispatcherOwner was provided via LocalOnBackPressedDispatcherOwner. Please provide one of the two.
string	com.google.android.datatransport.cct.VA.nUHLlQeJHCuq	uyWvEl	autoInvalidateInsertedNode called on unattached node
string	com.google.android.datatransport.cct.VA.nUHLlQeJHCuq	vGcfSNuVP	getContentDataType(Landroidx/compose/ui/semantics/SemanticsPropertyReceiver;)Landroidx/compose/ui/autofill/ContentDataType;
string	com.google.android.datatransport.cct.VA.nUHLlQeJHCuq	vgdGTimlOsYY	-#0+ ,(
string	com.google.android.datatransport.cct.VA.nUHLlQeJHCuq	wIkwOJVC	.doubleclick.net
string	com.google.android.datatransport.cct.VA.nUHLlQeJHCuq	wTZPUzEJEmiBZlM	, upcoming=
string	com.google.android.datatransport.cct.VA.nUHLlQeJHCuq	wcjda	FocusOwnerImpl:dispatchKeyEvent
string	com.google.android.datatransport.cct.VA.nUHLlQeJHCuq	xaoLOklTtVLPKwH	Protocol message had too many levels of nesting.  May be malicious.  Use setRecursionLimit() to increase the recursion depth limit.
string	com.google.android.datatransport.cct.VA.nUHLlQeJHCuq	xpol	getModule
string	com.google.android.datatransport.cct.VA.nUHLlQeJHCuq	yCYfoOIczh	SHA512
string	com.google.android.datatransport.cct.VA.nUHLlQeJHCuq	yQfEchKRV	Chip does not support multi-line text
string	com.google.android.datatransport.runtime.scheduling.jobscheduling.BSLa.jZdQgQbD	AkW	MediaCodecVideoRenderer
string	com.google.android.datatransport.runtime.scheduling.jobscheduling.BSLa.jZdQgQbD	CGxFhSZxfvfoEp	eu_consent_policy
string	com.google.android.datatransport.runtime.scheduling.jobscheduling.BSLa.jZdQgQbD	FHoJtEWfgX	SG
string	com.google.android.datatransport.runtime.scheduling.jobscheduling.BSLa.jZdQgQbD	IwWFNDd	SFIXED64_LIST
string	com.google.android.datatransport.runtime.scheduling.jobscheduling.BSLa.jZdQgQbD	LOAVqMeJEjnoh	SpecialEffectsController: For fragment 
string	com.google.android.datatransport.runtime.scheduling.jobscheduling.BSLa.jZdQgQbD	MBKHVIavNGpqQPV	BRAHMA
string	com.google.android.datatransport.runtime.scheduling.jobscheduling.BSLa.jZdQgQbD	NMtOobyY	 is out of LocalDate range.
string	com.google.android.datatransport.runtime.scheduling.jobscheduling.BSLa.jZdQgQbD	NkDESxn	, mPreviousLayoutItemCount=
string	com.google.android.datatransport.runtime.scheduling.jobscheduling.BSLa.jZdQgQbD	OspylDy	drawableStart
string	com.google.android.datatransport.runtime.scheduling.jobscheduling.BSLa.jZdQgQbD	PASvAG	ByteBuffer byte order must be little endian
string	com.google.android.datatransport.runtime.scheduling.jobscheduling.BSLa.jZdQgQbD	PmIhmiCukXW	fluid
string	com.google.android.datatransport.runtime.scheduling.jobscheduling.BSLa.jZdQgQbD	PsRSQGfZzBSg	, fingerprint=
string	com.google.android.datatransport.runtime.scheduling.jobscheduling.BSLa.jZdQgQbD	PwzhMkBEr	app_id,name,timestamp,metadata_fingerprint,data
string	com.google.android.datatransport.runtime.scheduling.jobscheduling.BSLa.jZdQgQbD	RXIAoaCahVZ	Default browser does not support custom tabs. Bailing out.
string	com.google.android.datatransport.runtime.scheduling.jobscheduling.BSLa.jZdQgQbD	Sxt	type.googleapis.com/google.crypto.tink.AesCtrHmacAeadKey
string	com.google.android.datatransport.runtime.scheduling.jobscheduling.BSLa.jZdQgQbD	VMSijymi	function
string	com.google.android.datatransport.runtime.scheduling.jobscheduling.BSLa.jZdQgQbD	WrMkiQmOO	("h5adsEvent",
string	com.google.android.datatransport.runtime.scheduling.jobscheduling.BSLa.jZdQgQbD	aImwmWte	Activity not found while launching 
string	com.google.android.datatransport.runtime.scheduling.jobscheduling.BSLa.jZdQgQbD	alGv	List
string	com.google.android.datatransport.runtime.scheduling.jobscheduling.BSLa.jZdQgQbD	cpU	
string	com.google.android.datatransport.runtime.scheduling.jobscheduling.BSLa.jZdQgQbD	fgsGllbR	 -> 
string	com.google.android.datatransport.runtime.scheduling.jobscheduling.BSLa.jZdQgQbD	fqtnE	(\\S+?):(\\S+)
string	com.google.android.datatransport.runtime.scheduling.jobscheduling.BSLa.jZdQgQbD	ggLxJFnKyOHVZ	}
string	com.google.android.datatransport.runtime.scheduling.jobscheduling.BSLa.jZdQgQbD	gtQFhZIW	This function should only be used for 2-D focus search
string	com.google.android.datatransport.runtime.scheduling.jobscheduling.BSLa.jZdQgQbD	hBJPSRLaftXoych	..
string	com.google.android.datatransport.runtime.scheduling.jobscheduling.BSLa.jZdQgQbD	kDpbbLh	Index 
string	com.google.android.datatransport.runtime.scheduling.jobscheduling.BSLa.jZdQgQbD	kNLUIw	Invalid fontMetrics: line height can not be negative.
string	com.google.android.datatransport.runtime.scheduling.jobscheduling.BSLa.jZdQgQbD	leUfjcPzxoTVGyv	, platformStyle=
string	com.google.android.datatransport.runtime.scheduling.jobscheduling.BSLa.jZdQgQbD	pSVoasI	audio/raw
string	com.google.android.datatransport.runtime.scheduling.jobscheduling.BSLa.jZdQgQbD	rendMlrCQrLgQO	AdMediaPlayerView.reportMetadata
string	com.google.android.datatransport.runtime.scheduling.jobscheduling.BSLa.jZdQgQbD	sISEe	Ad unit ID should not be null for rewarded video ad.
string	com.google.android.datatransport.runtime.scheduling.jobscheduling.BSLa.jZdQgQbD	tzYO	.limitedParallelism(
string	com.google.android.datatransport.runtime.scheduling.jobscheduling.BSLa.jZdQgQbD	ufaURlLCyJGn	uhXgNuGSyd8UZxNVLle6+R5FVDrGs3ztJxFRccM25tfzP1xuUPcwCU9TKSVvh2k9
string	com.google.android.datatransport.runtime.scheduling.jobscheduling.BSLa.jZdQgQbD	xNhfMtziyQjcOy	Component not created
string	com.google.android.datatransport.runtime.scheduling.jobscheduling.BSLa.jZdQgQbD	xrNgqcR	Ad grouping: Has render_id, but invalid format: 
string	com.google.android.datatransport.runtime.scheduling.jobscheduling.BSLa.jZdQgQbD	yyWItzS	initState called for fragment: 
string	com.google.android.gms.ads.internal.client.hsdp.REV.HMooUYTsZhoW	AHRcmpqoPbinSGs	Error calling adapter: 
string	com.google.android.gms.ads.internal.client.hsdp.REV.HMooUYTsZhoW	AflFofi	gads:inspector:user_shared_preference_keys_csv
string	com.google.android.gms.ads.internal.client.hsdp.REV.HMooUYTsZhoW	CEONiQXYCUYn	Billing Override Service is not ready.
string	com.google.android.gms.ads.internal.client.hsdp.REV.HMooUYTsZhoW	DBH	Expected an ASCII digit at index 
string	com.google.android.gms.ads.internal.client.hsdp.REV.HMooUYTsZhoW	DwoUkRZg	validator_width
string	com.google.android.gms.ads.internal.client.hsdp.REV.HMooUYTsZhoW	EEawhMVfjQ	Caching is disabled.
string	com.google.android.gms.ads.internal.client.hsdp.REV.HMooUYTsZhoW	GFXfmhFuJHtS	Among(dim=
string	com.google.android.gms.ads.internal.client.hsdp.REV.HMooUYTsZhoW	HZlWzGTFfvCm	com.google.android.gms.gass.internal.clearcut.IGassClearcut
string	com.google.android.gms.ads.internal.client.hsdp.REV.HMooUYTsZhoW	IRAIjnk	 but was 
string	com.google.android.gms.ads.internal.client.hsdp.REV.HMooUYTsZhoW	IzDeqk	Failed to parse the message.
string	com.google.android.gms.ads.internal.client.hsdp.REV.HMooUYTsZhoW	JkiEaJRgOBWFj	gads:rewarded_precache_pool:ad_time_limit
string	com.google.android.gms.ads.internal.client.hsdp.REV.HMooUYTsZhoW	KRmFbUb	source is out of range of [0, 5] (too low)
string	com.google.android.gms.ads.internal.client.hsdp.REV.HMooUYTsZhoW	KmPpEyxpmR	type.googleapis.com/google.crypto.tink.RsaSsaPkcs1PrivateKey
string	com.google.android.gms.ads.internal.client.hsdp.REV.HMooUYTsZhoW	KrCmiBrZUMnNcnm	Suppliers.memoize(
string	com.google.android.gms.ads.internal.client.hsdp.REV.HMooUYTsZhoW	MpLZI	CD
string	com.google.android.gms.ads.internal.client.hsdp.REV.HMooUYTsZhoW	MvROWzbXfsmdx	ContentFetchTask: waiting
string	com.google.android.gms.ads.internal.client.hsdp.REV.HMooUYTsZhoW	NzwrEB	
string	com.google.android.gms.ads.internal.client.hsdp.REV.HMooUYTsZhoW	PTFMEN	bd
string	com.google.android.gms.ads.internal.client.hsdp.REV.HMooUYTsZhoW	PUaTADcRT	birthDateMonth
string	com.google.android.gms.ads.internal.client.hsdp.REV.HMooUYTsZhoW	PcfxnzYTSzS	measurement.experiment.enable_passthrough_experiment_reporting
string	com.google.android.gms.ads.internal.client.hsdp.REV.HMooUYTsZhoW	PfMlGZmKfp	windowToken
string	com.google.android.gms.ads.internal.client.hsdp.REV.HMooUYTsZhoW	QMqTFjqMQFVSe	ProfileInstaller
string	com.google.android.gms.ads.internal.client.hsdp.REV.HMooUYTsZhoW	QPI	health_monitor:value
string	com.google.android.gms.ads.internal.client.hsdp.REV.HMooUYTsZhoW	RcQSSWqXfBSZQfR	CRUNCHY
string	com.google.android.gms.ads.internal.client.hsdp.REV.HMooUYTsZhoW	SKFADGQXaM	_
string	com.google.android.gms.ads.internal.client.hsdp.REV.HMooUYTsZhoW	TFZbk	\\[voice="([^"]*)"\\]
string	com.google.android.gms.ads.internal.client.hsdp.REV.HMooUYTsZhoW	UGyRipnzINwbKTX	zzh
string	com.google.android.gms.ads.internal.client.hsdp.REV.HMooUYTsZhoW	Uqt	idtype
string	com.google.android.gms.ads.internal.client.hsdp.REV.HMooUYTsZhoW	UyZKNUxiX	adapter_class_name
string	com.google.android.gms.ads.internal.client.hsdp.REV.HMooUYTsZhoW	VAvcBRceQX	 Surya  Chandra  Budh  Shukra  Mangal  Brihaspati  Shani  Uranus  Neptune  Rahu  Ketu 
string	com.google.android.gms.ads.internal.client.hsdp.REV.HMooUYTsZhoW	VWiN	Words
string	com.google.android.gms.ads.internal.client.hsdp.REV.HMooUYTsZhoW	VpIPchyyTO	Failed to apply OverlayDisplayUpdateRequest: missing appId and sessionToken.
string	com.google.android.gms.ads.internal.client.hsdp.REV.HMooUYTsZhoW	VwsRjZbmEYBa	getValue()Ljava/lang/Object;
string	com.google.android.gms.ads.internal.client.hsdp.REV.HMooUYTsZhoW	WZQHjbxMPZv	No adapter attached; skipping layout
string	com.google.android.gms.ads.internal.client.hsdp.REV.HMooUYTsZhoW	YDsG	Container
string	com.google.android.gms.ads.internal.client.hsdp.REV.HMooUYTsZhoW	avuilz	unexpected state: 
string	com.google.android.gms.ads.internal.client.hsdp.REV.HMooUYTsZhoW	bjbtEmba	vector
string	com.google.android.gms.ads.internal.client.hsdp.REV.HMooUYTsZhoW	cWNJiBWPTY	SATURDAY
string	com.google.android.gms.ads.internal.client.hsdp.REV.HMooUYTsZhoW	cnfSzZGlJYrWT	data=[
string	com.google.android.gms.ads.internal.client.hsdp.REV.HMooUYTsZhoW	eANiWlGAhSKQuRq	getStackTraceElement
string	com.google.android.gms.ads.internal.client.hsdp.REV.HMooUYTsZhoW	eXEoRZukGU	SJ
string	com.google.android.gms.ads.internal.client.hsdp.REV.HMooUYTsZhoW	fzLLHBk	2
string	com.google.android.gms.ads.internal.client.hsdp.REV.HMooUYTsZhoW	gSvVGtdgXul	DAYS
string	com.google.android.gms.ads.internal.client.hsdp.REV.HMooUYTsZhoW	ifNQnTvCswS	string:drawer_section_jyotish
string	com.google.android.gms.ads.internal.client.hsdp.REV.HMooUYTsZhoW	jfUPhW	composeResources/com.kaalshodh.ui.res/values-kn/strings.commonMain.cvr
string	com.google.android.gms.ads.internal.client.hsdp.REV.HMooUYTsZhoW	jhhAoVAKkSdqK	smart_w
string	com.google.android.gms.ads.internal.client.hsdp.REV.HMooUYTsZhoW	kjO	Protocol message tag had invalid wire type.
string	com.google.android.gms.ads.internal.client.hsdp.REV.HMooUYTsZhoW	lexCjJQnGqqlvT	Element at index 
string	com.google.android.gms.ads.internal.client.hsdp.REV.HMooUYTsZhoW	nmB	call to 'resume' before 'invoke' with coroutine
string	com.google.android.gms.ads.internal.client.hsdp.REV.HMooUYTsZhoW	rnuHcsFwKAp	CREATE TABLE IF NOT EXISTS `WorkName` (`name` TEXT NOT NULL, `work_spec_id` TEXT NOT NULL, PRIMARY KEY(`name`, `work_spec_id`), FOREIGN KEY(`work_spec_id`) REFERENCES `WorkSpec`(`id`) ON UPDATE CASCADE ON DELETE CASCADE )
string	com.google.android.gms.ads.internal.client.hsdp.REV.HMooUYTsZhoW	rreWvTUZOBg	SHA224
string	com.google.android.gms.ads.internal.client.hsdp.REV.HMooUYTsZhoW	sghkggFZtFwiozR	UNKNOWN
string	com.google.android.gms.ads.internal.client.hsdp.REV.HMooUYTsZhoW	vpHFHkKGVwDQh	com.google.android.gms.ads.ChimeraMobileAdsSettingManagerCreatorImpl
string	com.google.android.gms.ads.internal.client.hsdp.REV.HMooUYTsZhoW	xQSluJgSJrHmh	com.google.android.gms.ads.internal.formats.client.INativeAdViewDelegateCreator
string	com.google.android.gms.ads.internal.client.hsdp.REV.HMooUYTsZhoW	ybRwmqRS	StateSet
string	com.google.android.gms.ads.internal.client.hsdp.REV.HMooUYTsZhoW	ygGn	value
string	com.google.android.gms.ads.mediation.rtb.aJB.cYGUleQqu	BEnHWNQWeeGp	AWebkCwxAFiRaW6y4BM4C0tj2w==
string	com.google.android.gms.ads.mediation.rtb.aJB.cYGUleQqu	CIUocHlKxAW	Step is zero.
string	com.google.android.gms.ads.mediation.rtb.aJB.cYGUleQqu	DAFCq	measurement_manager_disabled
string	com.google.android.gms.ads.mediation.rtb.aJB.cYGUleQqu	GaUgtKjdTHd	load_interstitial_ad
string	com.google.android.gms.ads.mediation.rtb.aJB.cYGUleQqu	MDGlZUZPcNMg	TOTALDISCS
string	com.google.android.gms.ads.mediation.rtb.aJB.cYGUleQqu	NezaGorT	Also on 
string	com.google.android.gms.ads.mediation.rtb.aJB.cYGUleQqu	NxERYNxGpUBRbM	string:rashi_chakra
string	com.google.android.gms.ads.mediation.rtb.aJB.cYGUleQqu	RtiwgMp	ReferentialEqualityPolicy
string	com.google.android.gms.ads.mediation.rtb.aJB.cYGUleQqu	Ryol	{ lang=
string	com.google.android.gms.ads.mediation.rtb.aJB.cYGUleQqu	SHabUYymtY	iab_consent_info
string	com.google.android.gms.ads.mediation.rtb.aJB.cYGUleQqu	SwhNsHNGQAyCvXD	Got an invalid config package for P/H that includes '..': 
string	com.google.android.gms.ads.mediation.rtb.aJB.cYGUleQqu	TSIScRuT	Failed to load remote module: 
string	com.google.android.gms.ads.mediation.rtb.aJB.cYGUleQqu	Wglx	ATTRIBUTION_REGISTRATION_BEHAVIOR
string	com.google.android.gms.ads.mediation.rtb.aJB.cYGUleQqu	YGvvDEqN	Cannot perform operation for Unspecified type.
string	com.google.android.gms.ads.mediation.rtb.aJB.cYGUleQqu	ZjPIyEJLEfZJA	policy
string	com.google.android.gms.ads.mediation.rtb.aJB.cYGUleQqu	bwPJBUl	kotlin.jvm.internal.IntCompanionObject
string	com.google.android.gms.ads.mediation.rtb.aJB.cYGUleQqu	dBn	Infinity
string	com.google.android.gms.ads.mediation.rtb.aJB.cYGUleQqu	hDixftnCIkaHu	, textSize=
string	com.google.android.gms.ads.mediation.rtb.aJB.cYGUleQqu	mBrLQDNCvlDr	Ignoring messages sent after release.
string	com.google.android.gms.ads.mediation.rtb.aJB.cYGUleQqu	nrIaOLwIvXMqQ	Context has no PackageManager.
string	com.google.android.gms.ads.mediation.rtb.aJB.cYGUleQqu	onMZkwKLf	, c=
string	com.google.android.gms.ads.mediation.rtb.aJB.cYGUleQqu	qWThaQAsNA	6AM
string	com.google.android.gms.ads.mediation.rtb.aJB.cYGUleQqu	rGnOibACvkozYov	enum value
string	com.google.android.gms.ads.mediation.rtb.aJB.cYGUleQqu	reexnThmJS	AES/CTR/NOPADDING
string	com.google.android.gms.ads.mediation.rtb.aJB.cYGUleQqu	uWcRFaeGj	The paused composition has not completed yet
string	com.google.android.gms.ads.mediation.rtb.aJB.cYGUleQqu	vokToGZT	, sample_rate=
string	com.google.android.gms.ads.mediation.rtb.aJB.cYGUleQqu	wcZs	currentTime
string	com.google.android.gms.ads.mediation.rtb.aJB.cYGUleQqu	xXK	The wrap overflow mode is not compatible to the vertical orientation.
string	com.google.android.gms.ads.mediation.rtb.aJB.cYGUleQqu	yQTIqbcFOvd	 (0x
string	com.google.android.gms.ads.mediation.rtb.aJB.cYGUleQqu	ysDZASH	zzw
string	com.google.android.gms.ads.mediation.rtb.aJB.cYGUleQqu	zICqBByyUns	zzg
string	com.google.android.gms.ads.mediation.rtb.aJB.cYGUleQqu	zIvh	Unable to append parameter to URL: 
string	com.google.android.gms.ads.mediation.rtb.aJB.cYGUleQqu	zoLKUttA	zzf
string	com.google.android.gms.auth.api.signin.ze.BhaaLA	AWshlzOhinn	gmsg://scriptLoadFailed
string	com.google.android.gms.auth.api.signin.ze.BhaaLA	AxUUBfVATLArgP	rtype
string	com.google.android.gms.auth.api.signin.ze.BhaaLA	BoxTEUqfdgJThGH	mode was UNNECESSARY, but rounding was necessary
string	com.google.android.gms.auth.api.signin.ze.BhaaLA	BuxxrSpg	__phenotype_configuration_version
string	com.google.android.gms.auth.api.signin.ze.BhaaLA	CKZJrcieILy	, KeyIdentifier=
string	com.google.android.gms.auth.api.signin.ze.BhaaLA	CXWPQMUWdW	upload_subdomain
string	com.google.android.gms.auth.api.signin.ze.BhaaLA	CetJUmkbvCILU	 does not support native ads.
string	com.google.android.gms.auth.api.signin.ze.BhaaLA	DPDdSAY	Precache must specify a source.
string	com.google.android.gms.auth.api.signin.ze.BhaaLA	DYxo	Optional.get() cannot be called on an absent value
string	com.google.android.gms.auth.api.signin.ze.BhaaLA	DohUkB	Did not find measurement config or missing version info. appId
string	com.google.android.gms.auth.api.signin.ze.BhaaLA	EhAdDjPYT	, dateText=
string	com.google.android.gms.auth.api.signin.ze.BhaaLA	FfnHFceIXkSIx	Unhandled input format:
string	com.google.android.gms.auth.api.signin.ze.BhaaLA	GEtcCq	android.media.action.HDMI_AUDIO_PLUG
string	com.google.android.gms.auth.api.signin.ze.BhaaLA	GfLjk	type.googleapis.com/google.crypto.tink.EcdsaPublicKey
string	com.google.android.gms.auth.api.signin.ze.BhaaLA	NSZAksUJHU	socket
string	com.google.android.gms.auth.api.signin.ze.BhaaLA	OPRCIeH	Error: Child node's lookahead pass delegate cannot be null when in a lookahead scope.
string	com.google.android.gms.auth.api.signin.ze.BhaaLA	QQHTQtKtMkCZjFe	It is possible to deserialize them using 'JsonBuilder.allowSpecialFloatingPointValues = true'
string	com.google.android.gms.auth.api.signin.ze.BhaaLA	QpOSPIZ	unknown op: 
string	com.google.android.gms.auth.api.signin.ze.BhaaLA	SfWqlMswQCOFr	Operation is not supported for read-only collection
string	com.google.android.gms.auth.api.signin.ze.BhaaLA	TZD	com.google.android.gms.measurement.api.internal.IBundleReceiver
string	com.google.android.gms.auth.api.signin.ze.BhaaLA	VIaN	Timeout.
string	com.google.android.gms.auth.api.signin.ze.BhaaLA	XcMKLXXfNzaJjT	javascript
string	com.google.android.gms.auth.api.signin.ze.BhaaLA	XdyU	Setting a summary with a String formatting marker is no longer supported. You should use a SummaryProvider instead.
string	com.google.android.gms.auth.api.signin.ze.BhaaLA	YXMDPtTF	ALTER TABLE raw_events ADD COLUMN elapsed_time INTEGER;
string	com.google.android.gms.auth.api.signin.ze.BhaaLA	ZCNlXXKPIGTSXi	NullPointerException occurs when invoking a method from a delegating listener.
string	com.google.android.gms.auth.api.signin.ze.BhaaLA	aPLCVAcwk	hinducalendar.ad_free
string	com.google.android.gms.auth.api.signin.ze.BhaaLA	bYa	VASANT
string	com.google.android.gms.auth.api.signin.ze.BhaaLA	cEG	SPACE
string	com.google.android.gms.auth.api.signin.ze.BhaaLA	fgZuqdAY	, maxItemsInMainAxis=2147483647, maxLines=2147483647, overflow=
string	com.google.android.gms.auth.api.signin.ze.BhaaLA	fnrcF	zh-guoyu
string	com.google.android.gms.auth.api.signin.ze.BhaaLA	iDXRZnTpS	Empty paramMap.
string	com.google.android.gms.auth.api.signin.ze.BhaaLA	kLEQcsCoz	price
string	com.google.android.gms.auth.api.signin.ze.BhaaLA	nSAcpNFJJ	gads:native:bitmap_loader_data_url:enabled
string	com.google.android.gms.auth.api.signin.ze.BhaaLA	pVkj	kw
string	com.google.android.gms.auth.api.signin.ze.BhaaLA	qxKi	, 
string	com.google.android.gms.auth.api.signin.ze.BhaaLA	rEIwmcweJo	invalid buffersIterator
string	com.google.android.gms.auth.api.signin.ze.BhaaLA	rmjllCk	call to 'resume' before 'invoke' with coroutine
string	com.google.android.gms.auth.api.signin.ze.BhaaLA	uGzsYOviFvPcHj	Suppliers.ofInstance(
string	com.google.android.gms.auth.api.signin.ze.BhaaLA	uzeiAcOnerMCkjd	, alpha=
string	com.google.android.gms.auth.api.signin.ze.BhaaLA	xlSPBdZsKzb	composeResources/com.kaalshodh.ui.res/values-mr/strings.commonMain.cvr
string	com.google.android.gms.auth.api.signin.ze.BhaaLA	xylQydkdKKjo	%s
string	com.google.android.gms.wearable.internal.hC.LgXdOWlrQTTu	GADoJUm	_ev
string	com.google.android.gms.wearable.internal.hC.LgXdOWlrQTTu	GCipSqqpNtTbj	string:bhav
string	com.google.android.gms.wearable.internal.hC.LgXdOWlrQTTu	HsEsF	 should not be set externally.
string	com.google.android.gms.wearable.internal.hC.LgXdOWlrQTTu	HvIQs	gu
string	com.google.android.gms.wearable.internal.hC.LgXdOWlrQTTu	IPlAKEw	, dayOfMonth=
string	com.google.android.gms.wearable.internal.hC.LgXdOWlrQTTu	JUlQWRXnh	Invalid tag size for AesCmacParameters: 
string	com.google.android.gms.wearable.internal.hC.LgXdOWlrQTTu	JrbTx	Rtl
string	com.google.android.gms.wearable.internal.hC.LgXdOWlrQTTu	KSikewFNcgDPKs	Interstitials that show when your app is in the background are a violation of AdMob policies and may lead to blocked ad serving. To learn more, visit  https://goo.gle/admob-interstitial-policies
string	com.google.android.gms.wearable.internal.hC.LgXdOWlrQTTu	LiZEvUaxjakWu	uiMode
string	com.google.android.gms.wearable.internal.hC.LgXdOWlrQTTu	McfiZAW	checkout_progress
string	com.google.android.gms.wearable.internal.hC.LgXdOWlrQTTu	PErZNRqrmmeM	Cannot delegate to an already delegated node
string	com.google.android.gms.wearable.internal.hC.LgXdOWlrQTTu	PhJlGtpbJX	Unmuting webview
string	com.google.android.gms.wearable.internal.hC.LgXdOWlrQTTu	QFBS	android.support.v13.view.inputmethod.EditorInfoCompat.CONTENT_MIME_TYPES
string	com.google.android.gms.wearable.internal.hC.LgXdOWlrQTTu	QjgNfuaMCLLlc	{}
string	com.google.android.gms.wearable.internal.hC.LgXdOWlrQTTu	Uzc	Collection contains no element matching the predicate.
string	com.google.android.gms.wearable.internal.hC.LgXdOWlrQTTu	WcPqca	middle
string	com.google.android.gms.wearable.internal.hC.LgXdOWlrQTTu	WsFpzJjZsxcw	com.google.android.gms.ads.internal.request.INonagonStreamingResponseListener
string	com.google.android.gms.wearable.internal.hC.LgXdOWlrQTTu	YaW	
string	com.google.android.gms.wearable.internal.hC.LgXdOWlrQTTu	ZHFinU	AeadConfigurationV1 can only create AEADs
string	com.google.android.gms.wearable.internal.hC.LgXdOWlrQTTu	ZWadtUqjcTgQt	deep_link_url
string	com.google.android.gms.wearable.internal.hC.LgXdOWlrQTTu	dPgxfBArBOhJWg	notify_manager
string	com.google.android.gms.wearable.internal.hC.LgXdOWlrQTTu	eTXXdzhiOWZaoNZ	Kanya
string	com.google.android.gms.wearable.internal.hC.LgXdOWlrQTTu	eixXARnVULl	gads:gestures:as2percentage
string	com.google.android.gms.wearable.internal.hC.LgXdOWlrQTTu	fBXFLUlzwDe	offerIdToken
string	com.google.android.gms.wearable.internal.hC.LgXdOWlrQTTu	hUpw	nav-entry-state:saved-state
string	com.google.android.gms.wearable.internal.hC.LgXdOWlrQTTu	kCRCKNOc	ACTION_ARGUMENT_SELECTION_START_INT
string	com.google.android.gms.wearable.internal.hC.LgXdOWlrQTTu	mAPaB	tithi
string	com.google.android.gms.wearable.internal.hC.LgXdOWlrQTTu	nXmUNXuGGScJVCK	Active
string	com.google.android.gms.wearable.internal.hC.LgXdOWlrQTTu	nttcLRHDvFkdt	layoutResult
string	com.google.android.gms.wearable.internal.hC.LgXdOWlrQTTu	oTMDzlkedlKfmH	loadJavascriptEngine > newEngine.setLoadedListener(postDelayed): Lock released
string	com.google.android.gms.wearable.internal.hC.LgXdOWlrQTTu	paNIwBRnRJVKWbH	ime
string	com.google.android.gms.wearable.internal.hC.LgXdOWlrQTTu	qCIiAlQCRXMKAk	
string	com.google.android.gms.wearable.internal.hC.LgXdOWlrQTTu	qHeNIrPnJDfEqrc	Data loss. Failed to merge raw event metadata. appId
string	com.google.android.gms.wearable.internal.hC.LgXdOWlrQTTu	sCCDjucZxwd	NullPointerException occurs when invoking a method from a delegating listener.
string	com.google.android.gms.wearable.internal.hC.LgXdOWlrQTTu	sFJ	scar
string	com.google.android.gms.wearable.internal.hC.LgXdOWlrQTTu	towAfABZ	Ishtkaal(ghati=
string	com.google.android.gms.wearable.internal.hC.LgXdOWlrQTTu	uiVaeKbEz	TJ
string	com.google.android.gms.wearable.internal.hC.LgXdOWlrQTTu	vPulKRGojHu	consent_form_action_identifier
string	com.google.android.gms.wearable.internal.hC.LgXdOWlrQTTu	wKg	safelisted event
string	com.google.android.gms.wearable.internal.hC.LgXdOWlrQTTu	yLFkfVYykSK	Statement is not an evaluated entity
string	com.google.android.material.divider.KLd.JySyXPD	AbPhzWnC	CoroutineScope(coroutineContext=
string	com.google.android.material.divider.KLd.JySyXPD	CRYjO	. ErrorMessage = 
string	com.google.android.material.divider.KLd.JySyXPD	CSnQMhndX	drawable:moon8
string	com.google.android.material.divider.KLd.JySyXPD	DcochpXu	is_charging
string	com.google.android.material.divider.KLd.JySyXPD	HcAErBvWwliIofD	TextField
string	com.google.android.material.divider.KLd.JySyXPD	MNfhPtXv	StorageNotLowTracker
string	com.google.android.material.divider.KLd.JySyXPD	MbfUyZTNlW	Error connecting LMD Overlay service
string	com.google.android.material.divider.KLd.JySyXPD	NwLzrlo	NIST_P521
string	com.google.android.material.divider.KLd.JySyXPD	OQda	HPOA unknown error
string	com.google.android.material.divider.KLd.JySyXPD	PWQ	Ake3rgkWMjm+UlOd1Tg3PHccqBbIRJQk3bhyKj5k
string	com.google.android.material.divider.KLd.JySyXPD	PubvZkSpZFYCC	#008 Must be called on the main UI thread.
string	com.google.android.material.divider.KLd.JySyXPD	QgOufc	Feedback
string	com.google.android.material.divider.KLd.JySyXPD	QrBuyZ	.
string	com.google.android.material.divider.KLd.JySyXPD	SyTEMFL	display cutout
string	com.google.android.material.divider.KLd.JySyXPD	TDnryZZYzdo	Clear search
string	com.google.android.material.divider.KLd.JySyXPD	TeEphpOoxQWkKDS	http
string	com.google.android.material.divider.KLd.JySyXPD	UEptBAtJSAGE	Got onActivityResult with wrong requestCode: 
string	com.google.android.material.divider.KLd.JySyXPD	UHuKLlVIROwYd	)
string	com.google.android.material.divider.KLd.JySyXPD	UXkhBwDU	
string	com.google.android.material.divider.KLd.JySyXPD	VztejyqvNDaNsSM	neighboring_content_urls
string	com.google.android.material.divider.KLd.JySyXPD	XTkbxvfIngIuOq	power
string	com.google.android.material.divider.KLd.JySyXPD	XUeTcc	audio/flac
string	com.google.android.material.divider.KLd.JySyXPD	ZVvFqka	offerId
string	com.google.android.material.divider.KLd.JySyXPD	aSvneQ	Invalid IEEE_P1363 encoding
string	com.google.android.material.divider.KLd.JySyXPD	brQxgptLLmp	gads:spherical_video:vertex_shader
string	com.google.android.material.divider.KLd.JySyXPD	cBEwFBhJtRCIQ	onRewardedAdOpened
string	com.google.android.material.divider.KLd.JySyXPD	cjuFzBWf	min_1
string	com.google.android.material.divider.KLd.JySyXPD	dvPLahXIVENHfRv	Activity state:
string	com.google.android.material.divider.KLd.JySyXPD	gBtRoK	, elegantTextHeight=
string	com.google.android.material.divider.KLd.JySyXPD	iwKVQCEbH	Cannot scroll without a LayoutManager set. Call setLayoutManager with a non-null argument.
string	com.google.android.material.divider.KLd.JySyXPD	jnyWOTBJZipbv	MiddleEllipsis
string	com.google.android.material.divider.KLd.JySyXPD	kGjZkMyJIrdM	, 
string	com.google.android.material.divider.KLd.JySyXPD	lDOYbK	Play Store not found.
string	com.google.android.material.divider.KLd.JySyXPD	opraD	Wrapped Object can not be null.
string	com.google.android.material.divider.KLd.JySyXPD	rEzycHyYeYCxrnP	 downTo 
string	com.google.android.material.divider.KLd.JySyXPD	spvxAjEMnOofhe	composeResources/com.kaalshodh.ui.res/values-ml/strings.commonMain.cvr
string	com.google.android.material.divider.KLd.JySyXPD	uvzDYgwYZqrqW	NULL
string	com.google.android.material.divider.KLd.JySyXPD	xYqFS	drawable:glyph_karva
string	com.google.android.material.divider.KLd.JySyXPD	xbXgegG	URL is empty, ignoring message
string	com.google.android.material.divider.KLd.JySyXPD	ycqYUbUsEAgS	TRCK
string	com.google.android.material.internal.OlWW.BOIGDPVcvtS	BeC	height
string	com.google.android.material.internal.OlWW.BOIGDPVcvtS	BgUlVphF	import
string	com.google.android.material.internal.OlWW.BOIGDPVcvtS	EANOvdPG	&rdid=
string	com.google.android.material.internal.OlWW.BOIGDPVcvtS	GFvQxMhyYHShHT	ACTION_SCROLL_DOWN
string	com.google.android.material.internal.OlWW.BOIGDPVcvtS	GsWHezJAMmFlY	 not found.
string	com.google.android.material.internal.OlWW.BOIGDPVcvtS	HUKiJez	move 
string	com.google.android.material.internal.OlWW.BOIGDPVcvtS	JWKRQJgcZnXpYn	gads:query_info_bg_thread
string	com.google.android.material.internal.OlWW.BOIGDPVcvtS	KJZZKVzB	Cannot invoke 
string	com.google.android.material.internal.OlWW.BOIGDPVcvtS	LqYsyTkn	TIME_MILLIS_OF_SECOND_PADDED
string	com.google.android.material.internal.OlWW.BOIGDPVcvtS	LyxnJLTswPhuV	/installations
string	com.google.android.material.internal.OlWW.BOIGDPVcvtS	QyRKs	ERROR
string	com.google.android.material.internal.OlWW.BOIGDPVcvtS	RuB	NullPointerException occurs when invoking a method from a delegating listener.
string	com.google.android.material.internal.OlWW.BOIGDPVcvtS	SPhqtBUldWlBBVw	gads:video:spinner:scale
string	com.google.android.material.internal.OlWW.BOIGDPVcvtS	ScVShW	type.googleapis.com/google.crypto.tink.XAesGcmKey
string	com.google.android.material.internal.OlWW.BOIGDPVcvtS	TKdNKWKOBjIACQf	zzc
string	com.google.android.material.internal.OlWW.BOIGDPVcvtS	TkKFzykvGOQHxq	gad:dynamite_module:experiment_id
string	com.google.android.material.internal.OlWW.BOIGDPVcvtS	URQNiw	GOLD
string	com.google.android.material.internal.OlWW.BOIGDPVcvtS	UxjoP	Unrecognized flag type: 
string	com.google.android.material.internal.OlWW.BOIGDPVcvtS	VPhMN	action
string	com.google.android.material.internal.OlWW.BOIGDPVcvtS	YNYzdRlgZ	gads:spherical_video:fragment_shader
string	com.google.android.material.internal.OlWW.BOIGDPVcvtS	YyOSwbNjueZS	currentCacheSizeBytes
string	com.google.android.material.internal.OlWW.BOIGDPVcvtS	aXVvVoCPJYJNaFQ	htmlDisplay
string	com.google.android.material.internal.OlWW.BOIGDPVcvtS	bdxOxFBwFuRgLbu	application/json
string	com.google.android.material.internal.OlWW.BOIGDPVcvtS	bvjzq	id=
string	com.google.android.material.internal.OlWW.BOIGDPVcvtS	dZdtI	Collection contains no element matching the predicate.
string	com.google.android.material.internal.OlWW.BOIGDPVcvtS	fKO	contentUrlOptedOutSetting
string	com.google.android.material.internal.OlWW.BOIGDPVcvtS	gGJtUchGJILD	null
string	com.google.android.material.internal.OlWW.BOIGDPVcvtS	gdKCuYc	 #(+,-0
string	com.google.android.material.internal.OlWW.BOIGDPVcvtS	lIhmAVbOITmAkOK	AES
string	com.google.android.material.internal.OlWW.BOIGDPVcvtS	mDCXwVLkHwOUujj	)
string	com.google.android.material.internal.OlWW.BOIGDPVcvtS	mNMIw	]
string	com.google.android.material.internal.OlWW.BOIGDPVcvtS	modz	V1
string	com.google.android.material.internal.OlWW.BOIGDPVcvtS	mvvmr	com.google.android.gms.ads.internal.formats.client.IOnCustomTemplateAdLoadedListener
string	com.google.android.material.internal.OlWW.BOIGDPVcvtS	nLDUFRerwWZWWFu	u
string	com.google.android.material.internal.OlWW.BOIGDPVcvtS	oJTyNMATGoJBtI	mp4a.40.
string	com.google.android.material.internal.OlWW.BOIGDPVcvtS	sPoevByXFrQK	gads:skip_offline_notification_flow:enabled
string	com.google.android.material.internal.OlWW.BOIGDPVcvtS	sTIBBOOQJTSHAhV	
string	com.google.android.material.internal.OlWW.BOIGDPVcvtS	stlj	banner
string	com.google.android.material.internal.OlWW.BOIGDPVcvtS	tfaaBXprSBkl	setZenithTotalInflightAdLimit
string	com.google.android.material.internal.OlWW.BOIGDPVcvtS	tsIGE	Ad Request json was malformed, parsing ended early.
string	com.google.android.material.internal.OlWW.BOIGDPVcvtS	vNstxVHcZXmWt	
string	com.google.android.material.internal.OlWW.BOIGDPVcvtS	wLOwc	p
string	com.google.android.material.internal.OlWW.BOIGDPVcvtS	zvuWANXk	]
string	com.google.android.material.textfield.SFbS.IMxIxJJ	ACHzeOEsaqnspNN	<script>Object.defineProperty(window,'GOOG_OMID_JAVASCRIPT_SESSION_SERVICE_ENV',{get:function(){return 
string	com.google.android.material.textfield.SFbS.IMxIxJJ	BKCqtk	com.google.android.location.internal.GoogleLocationManagerService.START
string	com.google.android.material.textfield.SFbS.IMxIxJJ	BNn	http
string	com.google.android.material.textfield.SFbS.IMxIxJJ	BkA	, name=
string	com.google.android.material.textfield.SFbS.IMxIxJJ	CjPVYt	call_to_action
string	com.google.android.material.textfield.SFbS.IMxIxJJ	FhsLwvHFzaUsYPB	pop
string	com.google.android.material.textfield.SFbS.IMxIxJJ	FvSmaW	]
string	com.google.android.material.textfield.SFbS.IMxIxJJ	HjVJfJvo	]
string	com.google.android.material.textfield.SFbS.IMxIxJJ	ImRViZ	, translationY=
string	com.google.android.material.textfield.SFbS.IMxIxJJ	JnkvqdAiR	te
string	com.google.android.material.textfield.SFbS.IMxIxJJ	KjFArpv	potentially expensive size() call
string	com.google.android.material.textfield.SFbS.IMxIxJJ	PfeIeeHj	string:laghu
string	com.google.android.material.textfield.SFbS.IMxIxJJ	PtA	ADDING
string	com.google.android.material.textfield.SFbS.IMxIxJJ	ROeNl	The app open consent form has been shown.
string	com.google.android.material.textfield.SFbS.IMxIxJJ	SUxPgrT	MoveTo(x=
string	com.google.android.material.textfield.SFbS.IMxIxJJ	UXQV	negative start index
string	com.google.android.material.textfield.SFbS.IMxIxJJ	WVaWdlTp	left
string	com.google.android.material.textfield.SFbS.IMxIxJJ	WdMXz	 because it has property name that conflicts with JSON class discriminator '
string	com.google.android.material.textfield.SFbS.IMxIxJJ	XevgMuUEXcsRAq	DeviceInfo.getResolveInfo
string	com.google.android.material.textfield.SFbS.IMxIxJJ	YoJe	Minute
string	com.google.android.material.textfield.SFbS.IMxIxJJ	YsLbuIl	, end=
string	com.google.android.material.textfield.SFbS.IMxIxJJ	YxfkSqKvByYlgy	tib
string	com.google.android.material.textfield.SFbS.IMxIxJJ	ZlYpzcBPVPq	 Vishkambha  Priti  Ayushman  Saubhagya  Sobhana  Atiganda  Sukarma  Dhriti  Soola  Ganda  Vriddha  Dhruva  Vyagatha  Harshana  Vajra  Siddhi  Vyatipata  Variyan  Parigha  Siva  Siddha  Sadhya  Subha  Shukla  Brahma  Indra  Vaidhriti 
string	com.google.android.material.textfield.SFbS.IMxIxJJ	bDroP	 is not a direct child of this NavGraph
string	com.google.android.material.textfield.SFbS.IMxIxJJ	dScWepcAs	Billing Override Service connection is valid. No need to re-initialize.
string	com.google.android.material.textfield.SFbS.IMxIxJJ	gtGYQBpT	com.google.android.gms.common.internal.ICertData
string	com.google.android.material.textfield.SFbS.IMxIxJJ	hYdlVvbVItlqF	com.google.android.gms.ads.internal.reward.client.IRewardItem
string	com.google.android.material.textfield.SFbS.IMxIxJJ	iAHakByDDULE	zzn
string	com.google.android.material.textfield.SFbS.IMxIxJJ	imRopYEn	loadNewJavascriptEngine (failure): Trying to acquire lock
string	com.google.android.material.textfield.SFbS.IMxIxJJ	jikfy	
string	com.google.android.material.textfield.SFbS.IMxIxJJ	ltAnYGcrpgleK	asset_id
string	com.google.android.material.textfield.SFbS.IMxIxJJ	nWxSTxerH	clickable only supports IndicationNodeFactory instances provided to LocalIndication, but Indication was provided instead. Either migrate the Indication implementation to implement IndicationNodeFactory, or use the other clickable overload that takes an Indication parameter, and explicitly pass LocalIndication.current there. The Indication instance provided here was: 
string	com.google.android.material.textfield.SFbS.IMxIxJJ	nyfHfdAeH	Updating notification for 
string	com.google.android.material.textfield.SFbS.IMxIxJJ	pqxjyNWu	No app data available; dropping
string	com.google.android.material.textfield.SFbS.IMxIxJJ	qbvYBsb	^ 
string	com.google.android.material.textfield.SFbS.IMxIxJJ	rFRhH	childFragmentManager
string	com.google.android.material.textfield.SFbS.IMxIxJJ	rhfFW	The initialization is not processed because MobileAdsSettingsManager is not created successfully.
string	com.google.android.material.textfield.SFbS.IMxIxJJ	rpuJQ	callerId
string	com.google.android.material.textfield.SFbS.IMxIxJJ	tRczxDCeFZvvUqo	OverlayDisplayUpdateRequest{sessionToken=
string	com.google.android.material.textfield.SFbS.IMxIxJJ	vjcVvDBaJhxebKc	KARVA
string	com.google.android.material.textfield.SFbS.IMxIxJJ	vlA	Position 
string	com.google.android.material.textfield.SFbS.IMxIxJJ	wSrSqhbymPC	,
string	com.google.android.material.textfield.SFbS.IMxIxJJ	xEv	kundali_north
string	com.google.android.material.textfield.SFbS.IMxIxJJ	xJMzhdZude	, 
string	com.google.android.material.textfield.SFbS.IMxIxJJ	xMZpc	ACTION_CLICK
string	com.google.android.material.textfield.SFbS.IMxIxJJ	yqxDbAcULa	Could not convert parameters to JSON.
string	com.google.android.material.textfield.SFbS.IMxIxJJ	zGYBK	TypefaceCompat static init
string	com.google.android.material.textfield.SFbS.IMxIxJJ	zaNoi	TopicsManager
string	com.google.android.material.textfield.SFbS.XNDixmkuC	BWqrafSCZBn	Network upload successful with code, uploadAttempted
string	com.google.android.material.textfield.SFbS.XNDixmkuC	BabXdCUU	Celtic
string	com.google.android.material.textfield.SFbS.XNDixmkuC	CgKgTFl	, icon=
string	com.google.android.material.textfield.SFbS.XNDixmkuC	CuaODBVOxlse	n
string	com.google.android.material.textfield.SFbS.XNDixmkuC	EAAqvIeQuID	DOUBLE_LIST
string	com.google.android.material.textfield.SFbS.XNDixmkuC	FWGU	onNetworkRequestError
string	com.google.android.material.textfield.SFbS.XNDixmkuC	GJHlAMm	gads:native:media_view_match_parent:enabled
string	com.google.android.material.textfield.SFbS.XNDixmkuC	GjAYJccLQLILEIR	, type=
string	com.google.android.material.textfield.SFbS.XNDixmkuC	HaqJzPDkuWeFczn	Persisting user agent.
string	com.google.android.material.textfield.SFbS.XNDixmkuC	LflQfNLxEN	, end=
string	com.google.android.material.textfield.SFbS.XNDixmkuC	MhEuLuhMNim	FAILURE_LOGGING_PAYLOAD
string	com.google.android.material.textfield.SFbS.XNDixmkuC	MizoZUQZaZo	EiIklDudUBV1tLFQO3J+6veHT/B2kTFeB6bPUIAs1V0=
string	com.google.android.material.textfield.SFbS.XNDixmkuC	NUSVQViOkldviw	Passing event to registered event handler (FE)
string	com.google.android.material.textfield.SFbS.XNDixmkuC	NsUtZst	market://details
string	com.google.android.material.textfield.SFbS.XNDixmkuC	OPdjGmqzYDfpbgN	x
string	com.google.android.material.textfield.SFbS.XNDixmkuC	PmXUteoqTzhgw	Metadata{
string	com.google.android.material.textfield.SFbS.XNDixmkuC	QOsDYaj	SubtitleTranscodingTO
string	com.google.android.material.textfield.SFbS.XNDixmkuC	QfXSTS	media_view_header_tag
string	com.google.android.material.textfield.SFbS.XNDixmkuC	RCUUzXuxkbEGCN	: 
string	com.google.android.material.textfield.SFbS.XNDixmkuC	VAynuCdRspilHFe	query_info_type
string	com.google.android.material.textfield.SFbS.XNDixmkuC	VaOzQIdrvvJqZ	Compose:initializeView
string	com.google.android.material.textfield.SFbS.XNDixmkuC	XCKJfKmdihrc	svp_aepv
string	com.google.android.material.textfield.SFbS.XNDixmkuC	XFBWbOhDAWOr	MATERIAL_YOU
string	com.google.android.material.textfield.SFbS.XNDixmkuC	XzSRGX	Operation is not supported for read-only collection
string	com.google.android.material.textfield.SFbS.XNDixmkuC	YgTXC	1
string	com.google.android.material.textfield.SFbS.XNDixmkuC	YsOiQmfQu	MutableDoubleState(value=
string	com.google.android.material.textfield.SFbS.XNDixmkuC	cKHVJgxLACLLw	Error to querying MeasurementBatch from upload_queue. appId
string	com.google.android.material.textfield.SFbS.XNDixmkuC	cLjSjAbMjoDTbz	dl_gbraid
string	com.google.android.material.textfield.SFbS.XNDixmkuC	dUkJLFegRYQ	728x90_as
string	com.google.android.material.textfield.SFbS.XNDixmkuC	dhe	WIDGET
string	com.google.android.material.textfield.SFbS.XNDixmkuC	fUke	SELECT work_spec_id FROM dependency WHERE prerequisite_id=?
string	com.google.android.material.textfield.SFbS.XNDixmkuC	fbp	StaticText
string	com.google.android.material.textfield.SFbS.XNDixmkuC	gbE	zza
string	com.google.android.material.textfield.SFbS.XNDixmkuC	gvkGmqKFnI	ChainRun 
string	com.google.android.material.textfield.SFbS.XNDixmkuC	huRbjyuxNh	app_set_id_last_used_time
string	com.google.android.material.textfield.SFbS.XNDixmkuC	iWNugQlnMwm	gads:paw_register_webview:enabled
string	com.google.android.material.textfield.SFbS.XNDixmkuC	kUHDtB	is_bstar
string	com.google.android.material.textfield.SFbS.XNDixmkuC	lRhRGcVJOkXhET	call to 'resume' before 'invoke' with coroutine
string	com.google.android.material.textfield.SFbS.XNDixmkuC	mUqwcaiSBR	MF
string	com.google.android.material.textfield.SFbS.XNDixmkuC	mdNuWQ	rewarded
string	com.google.android.material.textfield.SFbS.XNDixmkuC	oaKAOJrd	offline_ad_config
string	com.google.android.material.textfield.SFbS.XNDixmkuC	ojuw	FragmentManager
string	com.google.android.material.textfield.SFbS.XNDixmkuC	pfJjtkRccNguG	 is present but null: 
string	com.google.android.material.textfield.SFbS.XNDixmkuC	sDhX	Unrecognized state value: 
string	com.google.android.material.textfield.SFbS.XNDixmkuC	sjwkrPnJ	Reading app Locales : Unable to parse through file :androidx.appcompat.app.AppCompatDelegate.application_locales_record_file
string	com.google.android.material.textfield.SFbS.XNDixmkuC	tgtPNBhSzeFFj	sign for 
string	com.google.android.material.textfield.SFbS.XNDixmkuC	uZQQbpTeABCmboX	required_network_type
string	com.google.android.material.textfield.SFbS.XNDixmkuC	vgjNNcNl	DROP TABLE IF EXISTS log_event_dropped
string	com.google.android.material.textfield.SFbS.XNDixmkuC	ynpvBoYJrIR	ABCDEFGHIJKLMNOPQRSTUVWXYZabcdefghijklmnopqrstuvwxyz0123456789-_
string	com.google.android.material.textfield.SFbS.XNDixmkuC	yzuUTvErQlak	gads:h5ads:enabled
string	com.google.android.material.textfield.SFbS.XNDixmkuC	zCYJ	Function22
string	com.google.firebase.analytics.connector.internal.Mk.FDRDLrEVFM	CBO	Disable failed.
string	com.google.firebase.analytics.connector.internal.Mk.FDRDLrEVFM	CRYTLnteZYzndZ	is_analytics_logging_enabled
string	com.google.firebase.analytics.connector.internal.Mk.FDRDLrEVFM	CTGLqW	com.google.android.gms.internal.measurement.zzaaj
string	com.google.firebase.analytics.connector.internal.Mk.FDRDLrEVFM	DUOieiTWfUWsZ	data
string	com.google.firebase.analytics.connector.internal.Mk.FDRDLrEVFM	FeXSWYYt	SubcomposeLayoutState is not attached to SubcomposeLayout
string	com.google.firebase.analytics.connector.internal.Mk.FDRDLrEVFM	FzFcttvDhof	getMap
string	com.google.firebase.analytics.connector.internal.Mk.FDRDLrEVFM	LOnWRUTsNXsDpFg	unsupported field type.
string	com.google.firebase.analytics.connector.internal.Mk.FDRDLrEVFM	MuUGqRBUlVPKST	service-connected
string	com.google.firebase.analytics.connector.internal.Mk.FDRDLrEVFM	OEgIskdSFnWjj	UNFETCHED_PRODUCT_LIST
string	com.google.firebase.analytics.connector.internal.Mk.FDRDLrEVFM	OITMPNxLIBGIN	MINUTE
string	com.google.firebase.analytics.connector.internal.Mk.FDRDLrEVFM	ORAKcdtPSJHt	Techno
string	com.google.firebase.analytics.connector.internal.Mk.FDRDLrEVFM	PRySDrgbnekWXb	Unexpected start code prefix: 
string	com.google.firebase.analytics.connector.internal.Mk.FDRDLrEVFM	PrSyjKcvA	' should be in range 
string	com.google.firebase.analytics.connector.internal.Mk.FDRDLrEVFM	SaD	property
string	com.google.firebase.analytics.connector.internal.Mk.FDRDLrEVFM	SmgAzZvNJqxYAI	, tithi=
string	com.google.firebase.analytics.connector.internal.Mk.FDRDLrEVFM	SsrezhzST	function=[
string	com.google.firebase.analytics.connector.internal.Mk.FDRDLrEVFM	Uqf	false
string	com.google.firebase.analytics.connector.internal.Mk.FDRDLrEVFM	WHtQMTsUGfkTXy	zza
string	com.google.firebase.analytics.connector.internal.Mk.FDRDLrEVFM	XdLVXLJUidMrJb	gads:sdk_core_constants:caps
string	com.google.firebase.analytics.connector.internal.Mk.FDRDLrEVFM	cITNaeENvXwp	gads:native:enable_scroll_view_type_signal
string	com.google.firebase.analytics.connector.internal.Mk.FDRDLrEVFM	eItd	dP is invalid.
string	com.google.firebase.analytics.connector.internal.Mk.FDRDLrEVFM	ehzq	OrBuilderList
string	com.google.firebase.analytics.connector.internal.Mk.FDRDLrEVFM	fVeZ	', '
string	com.google.firebase.analytics.connector.internal.Mk.FDRDLrEVFM	kFJVdnW	SQLiteEventStore
string	com.google.firebase.analytics.connector.internal.Mk.FDRDLrEVFM	nOk	darkviolet
string	com.google.firebase.analytics.connector.internal.Mk.FDRDLrEVFM	nQUtv	android:theme
string	com.google.firebase.analytics.connector.internal.Mk.FDRDLrEVFM	oYXuiqDvd	video/hevc
string	com.google.firebase.analytics.connector.internal.Mk.FDRDLrEVFM	pbpIP	ad_load_urls
string	com.google.firebase.analytics.connector.internal.Mk.FDRDLrEVFM	rIwSluXXmUVeP	/logScionEvent
string	com.google.firebase.analytics.connector.internal.Mk.FDRDLrEVFM	ryBpmhaxmz	  |  
string	com.google.firebase.analytics.connector.internal.Mk.FDRDLrEVFM	uxypL	NaN
string	com.google.firebase.analytics.connector.internal.Mk.FDRDLrEVFM	wGLcDQlLuvqlipT	Omid display and video webview are null. Skipping initialization.
string	com.google.firebase.analytics.connector.internal.Mk.FDRDLrEVFM	wXRlsEaO	DOUBLE
string	com.google.firebase.analytics.connector.internal.Mk.FDRDLrEVFM	wdsuJfZPCJ	}
string	com.google.firebase.analytics.connector.internal.Mk.FDRDLrEVFM	xQxeIMkdYFV	'
string	com.google.firebase.analytics.connector.internal.Mk.FDRDLrEVFM	zOuEv	HSDP bound service connected
string	com.google.firebase.installations.koz.cNFOQqmGP	BUSzwFECg	neighboringContentUrlStrings
string	com.google.firebase.installations.koz.cNFOQqmGP	CKdNe	net-type
string	com.google.firebase.installations.koz.cNFOQqmGP	CVAphf	month
string	com.google.firebase.installations.koz.cNFOQqmGP	CzspSeqs	zzb
string	com.google.firebase.installations.koz.cNFOQqmGP	DhRkalnsI	isAttachedToWindow
string	com.google.firebase.installations.koz.cNFOQqmGP	EfpqvNmGN	LookaheadPlacement
string	com.google.firebase.installations.koz.cNFOQqmGP	HRPoCuiSDxULJE	Unable to get lock screen information
string	com.google.firebase.installations.koz.cNFOQqmGP	KRCetGMdrl	, end=
string	com.google.firebase.installations.koz.cNFOQqmGP	MfnDqIgMPLv	f
string	com.google.firebase.installations.koz.cNFOQqmGP	PIRUulOgtmSj	on_play_store_bind
string	com.google.firebase.installations.koz.cNFOQqmGP	PrzQvhUoKdnhJz	zzbe
string	com.google.firebase.installations.koz.cNFOQqmGP	TwNXKQx	BYTES
string	com.google.firebase.installations.koz.cNFOQqmGP	ZGeLQxhKZcJ	call to 'resume' before 'invoke' with coroutine
string	com.google.firebase.installations.koz.cNFOQqmGP	ZkSDZoGsjL	composeResources/com.kaalshodh.ui.res/values-bn/strings.commonMain.cvr
string	com.google.firebase.installations.koz.cNFOQqmGP	bRdtgQGyw	dev_cert_hash
string	com.google.firebase.installations.koz.cNFOQqmGP	baOzi	call to 'resume' before 'invoke' with coroutine
string	com.google.firebase.installations.koz.cNFOQqmGP	bzoYWvZCMBZKw	Back
string	com.google.firebase.installations.koz.cNFOQqmGP	eZy	GET_WEB_CHROME_CLIENT
string	com.google.firebase.installations.koz.cNFOQqmGP	egtTovSTe	 scrollPosition=
string	com.google.firebase.installations.koz.cNFOQqmGP	fPcGQYEYMjW	cacheReady
string	com.google.firebase.installations.koz.cNFOQqmGP	fyHf	u
string	com.google.firebase.installations.koz.cNFOQqmGP	gCOY	gads:omid:enabled
string	com.google.firebase.installations.koz.cNFOQqmGP	gMVdoWRGEVYF	Failed to bind to the service.
string	com.google.firebase.installations.koz.cNFOQqmGP	idoZKcl	tooltip transition
string	com.google.firebase.installations.koz.cNFOQqmGP	jOHYDP	V_MPEG4/ISO/SP
string	com.google.firebase.installations.koz.cNFOQqmGP	kOktWU	zze
string	com.google.firebase.installations.koz.cNFOQqmGP	kQzhRHW	androidx.core.view.inputmethod.InputConnectionCompat.CONTENT_LINK_URI
string	com.google.firebase.installations.koz.cNFOQqmGP	kylcmRbwPgHlth	L83
string	com.google.firebase.installations.koz.cNFOQqmGP	lpYZZXFtqFqR	%s: %s,
string	com.google.firebase.installations.koz.cNFOQqmGP	mnEutL	statusCode
string	com.google.firebase.installations.koz.cNFOQqmGP	muKEbsOwZ	MESSAGE
string	com.google.firebase.installations.koz.cNFOQqmGP	oFtsHgkdnLP	zzd
string	com.google.firebase.installations.koz.cNFOQqmGP	pLdzBsrThDxjqb	Connection failed: 
string	com.google.firebase.installations.koz.cNFOQqmGP	pjisF	compass
string	com.google.firebase.installations.koz.cNFOQqmGP	qbtZHLcopw	flick
string	com.google.firebase.installations.koz.cNFOQqmGP	qiWXEsmpO	Scheduling notify next app runnable, delay in ms
string	com.google.firebase.installations.koz.cNFOQqmGP	rCpDqJMeCaHV	call to 'resume' before 'invoke' with coroutine
string	com.google.firebase.installations.koz.cNFOQqmGP	tjPlyiNFjxo	Network
string	com.google.firebase.installations.koz.cNFOQqmGP	vwaTckzVWtTYkd	
string	com.google.firebase.installations.koz.cNFOQqmGP	wbBU	ShuttingDown
string	com.google.firebase.installations.koz.cNFOQqmGP	xegieU	attribution
string	com.google.firebase.installations.koz.cNFOQqmGP	zVyE	android_permissions
string	org.chromium.support_lib_boundary.Ku.DHKSj	AwQOntMBpC	ma
string	org.chromium.support_lib_boundary.Ku.DHKSj	CSYRWjyEsv	36864200e0eaf5284d884a0e77d31646
string	org.chromium.support_lib_boundary.Ku.DHKSj	CUIUUobzUtXcEJy	_ui
string	org.chromium.support_lib_boundary.Ku.DHKSj	CoRa	base64()
string	org.chromium.support_lib_boundary.Ku.DHKSj	DRhrczwxgtk	size: 
string	org.chromium.support_lib_boundary.Ku.DHKSj	EQnpJcyuXT	interstitial_mb
string	org.chromium.support_lib_boundary.Ku.DHKSj	Ejj	Error selecting expired configs
string	org.chromium.support_lib_boundary.Ku.DHKSj	FLPooHpsfp	SDK_SERVICE_UPLOAD
string	org.chromium.support_lib_boundary.Ku.DHKSj	GTIyXw	Ad Error
string	org.chromium.support_lib_boundary.Ku.DHKSj	IevFhvxxocrR	
string	org.chromium.support_lib_boundary.Ku.DHKSj	KQdiohiuaY	DIAGNOSTIC_PROFILE_IS_COMPRESSED
string	org.chromium.support_lib_boundary.Ku.DHKSj	LnsK	compose:lazy:prefetch:resolve-nested
string	org.chromium.support_lib_boundary.Ku.DHKSj	NAOWIRiJk	Filled.ChevronRight
string	org.chromium.support_lib_boundary.Ku.DHKSj	OCyyJiyaSf	call to 'resume' before 'invoke' with coroutine
string	org.chromium.support_lib_boundary.Ku.DHKSj	OfYs	active
string	org.chromium.support_lib_boundary.Ku.DHKSj	POqJvtsKjrT	flag_configuration
string	org.chromium.support_lib_boundary.Ku.DHKSj	PpEVeCG	androidx.savedstate.Restarter
string	org.chromium.support_lib_boundary.Ku.DHKSj	QQIHzlMIxuXIwLH	sccg_tap
string	org.chromium.support_lib_boundary.Ku.DHKSj	RShL	string:help_hindu_time_1
string	org.chromium.support_lib_boundary.Ku.DHKSj	SCgmGtPaEjgO	MDPI
string	org.chromium.support_lib_boundary.Ku.DHKSj	SqWyBpPzzmnjdQ	Program loading failed
string	org.chromium.support_lib_boundary.Ku.DHKSj	TbvgXxKB	Allow Ad to create a calendar event?
string	org.chromium.support_lib_boundary.Ku.DHKSj	VxgN	Successfully uploaded batch from upload queue. appId, status
string	org.chromium.support_lib_boundary.Ku.DHKSj	XPYOYdamcRKUEL	
string	org.chromium.support_lib_boundary.Ku.DHKSj	Ypppl	|
string	org.chromium.support_lib_boundary.Ku.DHKSj	YxFmYS	front?sheet={sheet}&event={event}&year={year}
string	org.chromium.support_lib_boundary.Ku.DHKSj	ZKoshqmlbO	DATE_SELECTOR_KEY
string	org.chromium.support_lib_boundary.Ku.DHKSj	ZSxJQ	Purpose4
string	org.chromium.support_lib_boundary.Ku.DHKSj	ZbIMDdOYpcRC	zzk
string	org.chromium.support_lib_boundary.Ku.DHKSj	eCxOdEdBJ	vpn
string	org.chromium.support_lib_boundary.Ku.DHKSj	eTRghCsrlXnM	
string	org.chromium.support_lib_boundary.Ku.DHKSj	eXPihpuSYST	FM
string	org.chromium.support_lib_boundary.Ku.DHKSj	ezfebrwt	TtmlRenderUtil
string	org.chromium.support_lib_boundary.Ku.DHKSj	guwHUhXlAK	SHA-512
string	org.chromium.support_lib_boundary.Ku.DHKSj	ikZ	AuthorizePurpose3
string	org.chromium.support_lib_boundary.Ku.DHKSj	lKvVSitbivCOBt	preload
string	org.chromium.support_lib_boundary.Ku.DHKSj	lKwGEiKdl	PINNED_TO_SERVICE_UPLOAD
string	org.chromium.support_lib_boundary.Ku.DHKSj	lVH	body
string	org.chromium.support_lib_boundary.Ku.DHKSj	lZWIBOmbvCb	Failed to send event to the service
string	org.chromium.support_lib_boundary.Ku.DHKSj	nULUqkGUOj	com.google.android.gms.ads.internal.query.IUpdateUrlsCallback
string	org.chromium.support_lib_boundary.Ku.DHKSj	nhPJnJE	FragmentManager
string	org.chromium.support_lib_boundary.Ku.DHKSj	nuTWOIgFGvvrP	previous_bundle_start_timestamp_millis
string	org.chromium.support_lib_boundary.Ku.DHKSj	tDpC	TextField
string	org.chromium.support_lib_boundary.Ku.DHKSj	uApxrvOGSfsyf	HsdpService
string	org.chromium.support_lib_boundary.Ku.DHKSj	wLnAlCQ	RESULT_BASELINE_PROFILE_NOT_FOUND
string	org.chromium.support_lib_boundary.Ku.DHKSj	yFbCZmylPYVLhcb	gads:afs:csa_webview_static_file_path
string	org.chromium.support_lib_boundary.Ku.dyVxiNkqLLgzG	IpkRJme	AdUtil.getSystemDefaultLocale
string	org.chromium.support_lib_boundary.Ku.dyVxiNkqLLgzG	IuozOLmuAEW	SpecialEffectsController: Completing Back 
string	org.chromium.support_lib_boundary.Ku.dyVxiNkqLLgzG	JyReByXJLJJk	;
string	org.chromium.support_lib_boundary.Ku.dyVxiNkqLLgzG	KjBchpFTsipas	LineHeightStyle.Trim.Both
string	org.chromium.support_lib_boundary.Ku.dyVxiNkqLLgzG	KnUnKcjzKXVcX	dev
string	org.chromium.support_lib_boundary.Ku.dyVxiNkqLLgzG	OneQoEDnPC	Http assets remote cache took 
string	org.chromium.support_lib_boundary.Ku.dyVxiNkqLLgzG	RXReKWlLMDJ	type.googleapis.com/google.crypto.tink.KmsAeadKey
string	org.chromium.support_lib_boundary.Ku.dyVxiNkqLLgzG	RbaTk	application/x-sqlite3
string	org.chromium.support_lib_boundary.Ku.dyVxiNkqLLgzG	RfpgnsaOYO	SINT32
string	org.chromium.support_lib_boundary.Ku.dyVxiNkqLLgzG	SpzwljwhvEOx	Custom click reporting for 3p ads failed. Ad unit id not in allow list.
string	org.chromium.support_lib_boundary.Ku.dyVxiNkqLLgzG	TOsvzlvCPsK	lastScheduledTask$volatile
string	org.chromium.support_lib_boundary.Ku.dyVxiNkqLLgzG	UeSarlkrXvauzUY	Failed to merge filter. appId
string	org.chromium.support_lib_boundary.Ku.dyVxiNkqLLgzG	Uhjn	APK has more than one signature.
string	org.chromium.support_lib_boundary.Ku.dyVxiNkqLLgzG	VeqNtjhRcEMpWk	While parsing a protocol message, the input ended unexpectedly in the middle of a field.  This could mean either that the input has been truncated or that an embedded message misreported its own length.
string	org.chromium.support_lib_boundary.Ku.dyVxiNkqLLgzG	WvuBJvm	
string	org.chromium.support_lib_boundary.Ku.dyVxiNkqLLgzG	XIDGK	Can not use ECDSA in FIPS-mode, as BoringCrypto is not available.
string	org.chromium.support_lib_boundary.Ku.dyVxiNkqLLgzG	aMf	last_received_uri_timestamps_by_source
string	org.chromium.support_lib_boundary.Ku.dyVxiNkqLLgzG	bEVk	onAdClosed
string	org.chromium.support_lib_boundary.Ku.dyVxiNkqLLgzG	cDLPbttD	text/plain
string	org.chromium.support_lib_boundary.Ku.dyVxiNkqLLgzG	eGGdUDgniw	rm
string	org.chromium.support_lib_boundary.Ku.dyVxiNkqLLgzG	eqyY	tYXvfo8yT94hWdCwoTNQrJANw
string	org.chromium.support_lib_boundary.Ku.dyVxiNkqLLgzG	eshvLeGpK	market://details
string	org.chromium.support_lib_boundary.Ku.dyVxiNkqLLgzG	fjAl	expression
string	org.chromium.support_lib_boundary.Ku.dyVxiNkqLLgzG	mKwiy	AdSizeParcelSignal.Source.readOrientationFromManifest
string	org.chromium.support_lib_boundary.Ku.dyVxiNkqLLgzG	naa	zzj
string	org.chromium.support_lib_boundary.Ku.dyVxiNkqLLgzG	oqkhpQvDEku	ActiveParent must have a focusedChild
string	org.chromium.support_lib_boundary.Ku.dyVxiNkqLLgzG	pWx	 ms. Total latency(onEngLoadedTimeout) is 
string	org.chromium.support_lib_boundary.Ku.dyVxiNkqLLgzG	sNrwGBzDxBck	connectivity
string	org.chromium.support_lib_boundary.Ku.dyVxiNkqLLgzG	tAdFUiFgtRvPJq	call to 'resume' before 'invoke' with coroutine
string	org.chromium.support_lib_boundary.Ku.dyVxiNkqLLgzG	vLtbJuyBFH	gads:msa:experiments:incapi:trusted_cert
string	org.chromium.support_lib_boundary.Ku.dyVxiNkqLLgzG	vboICVrr	ipcm
string	org.chromium.support_lib_boundary.Ku.dyVxiNkqLLgzG	wACAEyLilZZLoc	 of 
string	org.chromium.support_lib_boundary.Ku.dyVxiNkqLLgzG	wgFgwAHmPixoF	ad_services_version
string	org.chromium.support_lib_boundary.Ku.dyVxiNkqLLgzG	yGzKmYNutmZsF	Annotation
string	org.chromium.support_lib_boundary.Ku.dyVxiNkqLLgzG	yvqmGZxPhKVLHB	Getting font from Typeface is not supported before API31
string	org.chromium.support_lib_boundary.Ku.dyVxiNkqLLgzG	zYrwPQeb	kotlinx.datetime.LocalTime
