method	androidx.compose.foundation.layout.YYz.GEoCPkF	PaVzTKIyGSnOOaN	public static final void com.darinsoft.vimo.VLLOMainActivity$c2020060322.onCreate(com.darinsoft.vimo.VLLOMainActivity,android.os.Bundle)
method	androidx.compose.foundation.layout.YYz.GEoCPkF	YZzMSQ	public static final void com.google.android.play.core.assetpacks.AssetPackExtractionService$c2020060318.onCreate(com.google.android.play.core.assetpacks.AssetPackExtractionService)
method	androidx.work.impl.diagnostics.PvAn.UGfYCTxh	IdUkOgqK	public static final void com.facebook.CustomTabActivity$c2020060318.onCreate(com.facebook.CustomTabActivity,android.os.Bundle)
method	androidx.work.impl.diagnostics.PvAn.UGfYCTxh	TVeU	public static final void com.darinsoft.vimo.VLLOMainActivity$c2020060320.onStop(com.darinsoft.vimo.VLLOMainActivity)
method	androidx.work.impl.diagnostics.PvAn.UGfYCTxh	WnNBaqxcSFYd	public static final void com.darinsoft.vimo.VLLOMainActivity$c2020060319.onDestroy(com.darinsoft.vimo.VLLOMainActivity)
method	com.appsflyer.internal.models.yyC.msCgtQkpOImWb	YxCYLkTX	public static final android.os.IBinder com.google.android.play.core.assetpacks.AssetPackExtractionService$c2020060317.onBind(com.google.android.play.core.assetpacks.AssetPackExtractionService,android.content.Intent)
method	com.appsflyer.internal.models.yyC.msCgtQkpOImWb	ntS	public static final void com.darinsoft.vimo.VLLOMainActivity$c2020060321.onPause(com.darinsoft.vimo.VLLOMainActivity)
method	com.google.android.gms.ads.internal.overlay.YALi.hdVzc	AqsOJCH	public static final void com.darinsoft.vimo.VLLOMainActivity$c2020060317.onStart(com.darinsoft.vimo.VLLOMainActivity)
method	com.google.android.gms.ads.internal.overlay.YALi.hdVzc	SGLOjpXqHb	public static final void com.darinsoft.vimo.VLLOApplication$c2020060317.onCreate(com.darinsoft.vimo.VLLOApplication)
method	com.google.android.gms.ads.internal.overlay.YALi.hdVzc	XHUSpwGGNegXYXg	public static final void com.facebook.CustomTabActivity$c2020060317.onDestroy(com.facebook.CustomTabActivity)
method	com.google.android.gms.ads.internal.overlay.YALi.hdVzc	tgFpDWIyjvJwv	public static final void com.darinsoft.vimo.VLLOMainActivity$c2020060318.onResume(com.darinsoft.vimo.VLLOMainActivity)
string	androidx.compose.ui.focus.Ha.iaOSxThEZOY	BJTCLWFqeILBW	Error connecting LMD Overlay service
string	androidx.compose.ui.focus.Ha.iaOSxThEZOY	CbvobvfQNUFKgin	Invalid custom escape definitions; custom escape not found for character code 0x
string	androidx.compose.ui.focus.Ha.iaOSxThEZOY	Cka	Failed to instantiate class 
string	androidx.compose.ui.focus.Ha.iaOSxThEZOY	DOUYvloPLPzyb	SSL_DHE_DSS_WITH_3DES_EDE_CBC_SHA
string	androidx.compose.ui.focus.Ha.iaOSxThEZOY	EJKGtOV	/
string	androidx.compose.ui.focus.Ha.iaOSxThEZOY	FgSRuCdgtvu	A_PCM/INT/BIG
string	androidx.compose.ui.focus.Ha.iaOSxThEZOY	IjrQs	pkg_display_name
string	androidx.compose.ui.focus.Ha.iaOSxThEZOY	JEfM	gads:cct_ad_activity_check_timeout_ms
string	androidx.compose.ui.focus.Ha.iaOSxThEZOY	JFIZLkebb	com.facebook.katana.provider.InstallReferrerProvider
string	androidx.compose.ui.focus.Ha.iaOSxThEZOY	JlgwB	Operation is not supported for read-only collection
string	androidx.compose.ui.focus.Ha.iaOSxThEZOY	LoJUpAzRJWZjUG	ctt_scale_mode
string	androidx.compose.ui.focus.Ha.iaOSxThEZOY	MTMncfiEmVxNf	CodedInputStream encountered an embedded string or message which claimed to have negative size.
string	androidx.compose.ui.focus.Ha.iaOSxThEZOY	OZvZkJhPxgZ	 because it already has a parent or an owner. This tree: 
string	androidx.compose.ui.focus.Ha.iaOSxThEZOY	PJcdnNOqmEky	codecAnalyzer
string	androidx.compose.ui.focus.Ha.iaOSxThEZOY	RWvttiuyOKnMQJN	TransportContext(
string	androidx.compose.ui.focus.Ha.iaOSxThEZOY	SncwtVzWlP	null
string	androidx.compose.ui.focus.Ha.iaOSxThEZOY	VEHVYeBq	cloudImagePropertiesDetectionLogEvent
string	androidx.compose.ui.focus.Ha.iaOSxThEZOY	XjarI	fml_deprecated_ios
string	androidx.compose.ui.focus.Ha.iaOSxThEZOY	Xzn	dataVer
string	androidx.compose.ui.focus.Ha.iaOSxThEZOY	aEyzzGCiB	media_stock_season_2212_light_2_2_1_1_h264_preview
string	androidx.compose.ui.focus.Ha.iaOSxThEZOY	bcmOAYiCc	fb_mobile_content_view
string	androidx.compose.ui.focus.Ha.iaOSxThEZOY	dYzS	Product list cannot be empty.
string	androidx.compose.ui.focus.Ha.iaOSxThEZOY	ekZFmsYcIAhft	yyyy-MM-dd'T'HH:mm:ssZ
string	androidx.compose.ui.focus.Ha.iaOSxThEZOY	emkGcQCtMgYs	export
string	androidx.compose.ui.focus.Ha.iaOSxThEZOY	ewuEfw	project.json
string	androidx.compose.ui.focus.Ha.iaOSxThEZOY	fLtlcSnKfHgMIbi	ctt_resource_type
string	androidx.compose.ui.focus.Ha.iaOSxThEZOY	hhWTYQoC	-1
string	androidx.compose.ui.focus.Ha.iaOSxThEZOY	jntrDOfs	Service connection is valid. No need to re-initialize.
string	androidx.compose.ui.focus.Ha.iaOSxThEZOY	kkFKGPfYtyId	high
string	androidx.compose.ui.focus.Ha.iaOSxThEZOY	ntvQiXQFxGW	application/x-media3-cues
string	androidx.compose.ui.focus.Ha.iaOSxThEZOY	osOPpNmR	dataRAF
string	androidx.compose.ui.focus.Ha.iaOSxThEZOY	pGNbGOxrMQnC	ctt_file_name
string	androidx.compose.ui.focus.Ha.iaOSxThEZOY	pIftPxY	experiment_ids_clear_blob
string	androidx.compose.ui.focus.Ha.iaOSxThEZOY	pIyQXnqNmvZP	text_database_v1_aos.sqlite3
string	androidx.compose.ui.focus.Ha.iaOSxThEZOY	sNQ	ro
string	androidx.compose.ui.focus.Ha.iaOSxThEZOY	sUtqL	SELECT * FROM content WHERE (ctt_available_android = 1) AND (ctt_deprecated_android = 0) AND (ctt_family_name = ?) ORDER BY ctt_index ASC
string	androidx.compose.ui.focus.Ha.iaOSxThEZOY	vRQpcaHCXPaKcah	end
string	androidx.compose.ui.focus.Ha.iaOSxThEZOY	vvchfGVWTzmDI	font
string	androidx.compose.ui.focus.Ha.iaOSxThEZOY	xHJxkRsqTDzpHx	"
string	androidx.compose.ui.focus.Ha.iaOSxThEZOY	xnQYGBfqamwND	Null taskOptions
string	androidx.work.impl.IG.mlCTq	DUAaeINYZN	fml_support_type
string	androidx.work.impl.IG.mlCTq	EwzlxrZHELt	error
string	androidx.work.impl.IG.mlCTq	GpNoxzbyUJYAVA	viewImpl
string	androidx.work.impl.IG.mlCTq	IxJkgpgWTO	, appliedAnimDatas=
string	androidx.work.impl.IG.mlCTq	JLi	ctt_user_created
string	androidx.work.impl.IG.mlCTq	MpGXSlCALV	device_info
string	androidx.work.impl.IG.mlCTq	PRQsnDf	great_video
string	androidx.work.impl.IG.mlCTq	REHjJg	ctt_resource_type
string	androidx.work.impl.IG.mlCTq	RYOXCEw	QUIC
string	androidx.work.impl.IG.mlCTq	SIdfGaM	AppData{appIdentifier=
string	androidx.work.impl.IG.mlCTq	SRYlDEhHnx	sound_bgm
string	androidx.work.impl.IG.mlCTq	TEdeBJEkwHK	DISCONNECTED
string	androidx.work.impl.IG.mlCTq	WTAaCaSAJuHDEtJ	translationX
string	androidx.work.impl.IG.mlCTq	YKHEQx	appVer
string	androidx.work.impl.IG.mlCTq	YzAwyzgTvCGkp	ctt_answer
string	androidx.work.impl.IG.mlCTq	ZcrUBohktpqhMpT	fml_available_android
string	androidx.work.impl.IG.mlCTq	aRtZYMKy	ctt_resource_type
string	androidx.work.impl.IG.mlCTq	arqlcV	type.googleapis.com/google.crypto.tink.Ed25519PublicKey
string	androidx.work.impl.IG.mlCTq	baeqYwFlPHFSsb	Missing required view with ID: 
string	androidx.work.impl.IG.mlCTq	cesk	CommonAnimationSelectionController
string	androidx.work.impl.IG.mlCTq	fgQrmMuXNamkAk	ActionClipChangeSpeedMultiple
string	androidx.work.impl.IG.mlCTq	ggrBNddcpFCk	activity
string	androidx.work.impl.IG.mlCTq	iKUoCdKetKJQT	mobile-subtype
string	androidx.work.impl.IG.mlCTq	iZoxIDGDb	SUCCEEDED
string	androidx.work.impl.IG.mlCTq	jHbPcRyhnxLGra	ctt_license_info
string	androidx.work.impl.IG.mlCTq	jPxnEnPojk	options_
string	androidx.work.impl.IG.mlCTq	jiBQaNtWbiuiNe	Unable to load publicsuffixes.gz resource from the classpath.
string	androidx.work.impl.IG.mlCTq	kIqUPnLxgVtm	Cannot invoke local loader using ClientApi class.
string	androidx.work.impl.IG.mlCTq	lJzPx	context
string	androidx.work.impl.IG.mlCTq	mXG	})
string	androidx.work.impl.IG.mlCTq	oPvfPvDCJxwzd	/tmp_generated_sound
string	androidx.work.impl.IG.mlCTq	oZj	lastModTime
string	androidx.work.impl.IG.mlCTq	ocb	MOBILE_DUN
string	androidx.work.impl.IG.mlCTq	odIIHhfQx	binder
string	androidx.work.impl.IG.mlCTq	qKJpBuJsPImkAp	fb_mobile_app_cert_hash
string	androidx.work.impl.IG.mlCTq	qgxK	image_in
string	androidx.work.impl.IG.mlCTq	sbgsDEwILzeRv	Cp1250
string	androidx.work.impl.IG.mlCTq	synyBWh	zzI
string	androidx.work.impl.IG.mlCTq	tKpSMAZtChYpPh	numOppositePixels
string	androidx.work.impl.IG.mlCTq	vHjtVvjnNRaNmf	maxAdContentRating
string	androidx.work.impl.IG.mlCTq	vaGCIuKxESnAi	new
string	androidx.work.impl.IG.mlCTq	vferBhye	Array contains no element matching the predicate.
string	androidx.work.impl.IG.mlCTq	vyOMUZezuFZdq	Components are not allowed to depend on interfaces they themselves provide.
string	com.android.installreferrer.commons.sU.WBQu	AbAkbuemI	CustomerUserId not set, generate User Invite Link is disabled
string	com.android.installreferrer.commons.sU.WBQu	AoLJquk	[changeScrap]
string	com.android.installreferrer.commons.sU.WBQu	CaSvP	] 
string	com.android.installreferrer.commons.sU.WBQu	DIvZVCI	call to 'resume' before 'invoke' with coroutine
string	com.android.installreferrer.commons.sU.WBQu	FEmQGfVvnX	ctt_deletable
string	com.android.installreferrer.commons.sU.WBQu	FXbGhhqj	!
string	com.android.installreferrer.commons.sU.WBQu	HZoypPfNrPn	ctt_package_name
string	com.android.installreferrer.commons.sU.WBQu	KnzOt	ctt_scale_mode
string	com.android.installreferrer.commons.sU.WBQu	KyFwfEaOVRtsIK	first-term-discount
string	com.android.installreferrer.commons.sU.WBQu	LVo	ctt_name
string	com.android.installreferrer.commons.sU.WBQu	NKAXQIzN	fml_support_type
string	com.android.installreferrer.commons.sU.WBQu	NZVUwoadCXZ	endTimeMillis
string	com.android.installreferrer.commons.sU.WBQu	NqzcIzftc	Bounding box index array length %d is not 4. Got index array %s
string	com.android.installreferrer.commons.sU.WBQu	OCLjll	audio/vnd.dts
string	com.android.installreferrer.commons.sU.WBQu	SqmLcGBqwnTLuRr	androidx.view.accessibility.AccessibilityNodeInfoCompat.SPANS_END_KEY
string	com.android.installreferrer.commons.sU.WBQu	TYuAX	com.google.common.util.concurrent.
string	com.android.installreferrer.commons.sU.WBQu	UEKMx	fml_type
string	com.android.installreferrer.commons.sU.WBQu	UJvkoXFwvXR	dao
string	com.android.installreferrer.commons.sU.WBQu	UYFFTKIASTS	ctt_name
string	com.android.installreferrer.commons.sU.WBQu	Ukp	ctt_available_opacity
string	com.android.installreferrer.commons.sU.WBQu	UyLu	onError(%d)
string	com.android.installreferrer.commons.sU.WBQu	VUPgMjsVRY	call to 'resume' before 'invoke' with coroutine
string	com.android.installreferrer.commons.sU.WBQu	XEYUyDRbYWz	tag_localization
string	com.android.installreferrer.commons.sU.WBQu	YOmgFKIcgwmd	app_id = ?
string	com.android.installreferrer.commons.sU.WBQu	ZnHBZeYS	Append insert defining placeholdersAfter must be > 0, but was 
string	com.android.installreferrer.commons.sU.WBQu	aWSxm	fml_display_name
string	com.android.installreferrer.commons.sU.WBQu	cipYfIQCgYsRg	fb_body_style
string	com.android.installreferrer.commons.sU.WBQu	euNLEo	, decoType: 
string	com.android.installreferrer.commons.sU.WBQu	gerOqjHh	@
string	com.android.installreferrer.commons.sU.WBQu	moCCJ	emailAddress
string	com.android.installreferrer.commons.sU.WBQu	qvqtI	HTTP/1.1
string	com.android.installreferrer.commons.sU.WBQu	rPZhveN	Internal error: unknown current token, 
string	com.android.installreferrer.commons.sU.WBQu	rsjoILMMRt	certification
string	com.android.installreferrer.commons.sU.WBQu	sfwHAAbmAAVbEo	AdManagerCreator.newAdManagerByDynamiteLoader
string	com.android.installreferrer.commons.sU.WBQu	stEINaYTsupS	fb_suggested_home_listings
string	com.android.installreferrer.commons.sU.WBQu	tFtKpRoZ	Session engagement user property is in the bundle without session ID. appId
string	com.android.installreferrer.commons.sU.WBQu	tXgiWODAym	com.google.mlkit.internal
string	com.android.installreferrer.commons.sU.WBQu	uePlSwb	The audio embedder is in the audio stream mode, a user-defined result listener must be provided in the AudioEmbedderOptions.
string	com.android.installreferrer.commons.sU.WBQu	unmuGIYfTyB	actionProvider
string	com.android.installreferrer.commons.sU.WBQu	uzREKZs	image/gif
string	com.android.installreferrer.commons.sU.WBQu	vytYtkxwZEaPveJ	false
string	com.android.installreferrer.commons.sU.WBQu	wLrqIBZ	, static serializer of type 
string	com.android.installreferrer.commons.sU.WBQu	zoJmnj	FirebaseCrashlytics
string	com.android.installreferrer.commons.sU.gZaLRirAI	AAcFRP	media_stock_countdown_2101_10_neon_2_9_16_h264_4k
string	com.android.installreferrer.commons.sU.gZaLRirAI	BKaIl	gads:active_view_gmsg_separate_pool:enabled
string	com.android.installreferrer.commons.sU.gZaLRirAI	CBsZuIdaWtxixEz	fml_thumbnail
string	com.android.installreferrer.commons.sU.gZaLRirAI	CCRvk	gqi
string	com.android.installreferrer.commons.sU.gZaLRirAI	CkwsgybQwPfm	Invalid map, keys and values must not be null, found key = 
string	com.android.installreferrer.commons.sU.gZaLRirAI	DpWXejeBgz	ctt_icon_name
string	com.android.installreferrer.commons.sU.gZaLRirAI	HLHdVF	The modules requested cannot be recognized.
string	com.android.installreferrer.commons.sU.gZaLRirAI	JKbfiBKRZVi	dv
string	com.android.installreferrer.commons.sU.gZaLRirAI	JfkxFI	DECO_SOURCE_ORIGIN_EXTERNAL
string	com.android.installreferrer.commons.sU.gZaLRirAI	KEVaqEFXNIORr	pack_version_tag
string	com.android.installreferrer.commons.sU.gZaLRirAI	Nobot	CONTENT_TYPE
string	com.android.installreferrer.commons.sU.gZaLRirAI	PLgrSlj	https://vllo-proxy-production.dev-db3.workers.dev/v4/executeAiFeature
string	com.android.installreferrer.commons.sU.gZaLRirAI	Pypot	Focus search landed at the root.
string	com.android.installreferrer.commons.sU.gZaLRirAI	QOdLKYZeT	No ApplicationExitInfo available. Session: 
string	com.android.installreferrer.commons.sU.gZaLRirAI	QjlIGPrALNipqOR	video_start
string	com.android.installreferrer.commons.sU.gZaLRirAI	WMZlzZXnJnKJsw	Binned cpu frequencies (frequency, count): 
string	com.android.installreferrer.commons.sU.gZaLRirAI	XLbTje	? super 
string	com.android.installreferrer.commons.sU.gZaLRirAI	apwZHdpvVpmBKjZ	ALTER TABLE apps ADD COLUMN measurement_enabled INTEGER;
string	com.android.installreferrer.commons.sU.gZaLRirAI	cWGulslrU	ClipFaceReshapeSubmenuController
string	com.android.installreferrer.commons.sU.gZaLRirAI	eESYOsFYh	ctt_position
string	com.android.installreferrer.commons.sU.gZaLRirAI	gdHNOiCvFiJX	media_stock_background_2306_heart5_1_1_h264_fhd
string	com.android.installreferrer.commons.sU.gZaLRirAI	gpKcsoOZ	uiAssetAdapter
string	com.android.installreferrer.commons.sU.gZaLRirAI	hXeXHAFmSeV	minTrackingConfidence_
string	com.android.installreferrer.commons.sU.gZaLRirAI	igzVwBUCwilvA	Couldn't decode the EncodedImage InputStream ! 
string	com.android.installreferrer.commons.sU.gZaLRirAI	oUByutHEOE	DELETE FROM fts_tag
string	com.android.installreferrer.commons.sU.gZaLRirAI	orC	btnEyeDropper
string	com.android.installreferrer.commons.sU.gZaLRirAI	pBVgvZsm	/data/local/tmp/pre_install.appsflyer
string	com.android.installreferrer.commons.sU.gZaLRirAI	rLgrz	gmp_version
string	com.android.installreferrer.commons.sU.gZaLRirAI	siuLtB	zzb
string	com.android.installreferrer.commons.sU.gZaLRirAI	uApejVPGCg	video/
string	com.android.installreferrer.commons.sU.gZaLRirAI	vnYsGWSZsrXoElP	XXF2CX++qjQzFfJDmqd+84h356GlStFLqQSTRbbce/csPkd7M5mpQw1l7igXWffL
string	com.android.installreferrer.commons.sU.gZaLRirAI	xSgckOBoiry	ctt_aspect_ratio
string	com.android.installreferrer.commons.sU.gZaLRirAI	xwZGwoGBCv	Error fetching the PACT active eids JSON: 
string	com.android.installreferrer.commons.sU.gZaLRirAI	yxtxx	media_stock_frame_2302_tvnoise6_1_1_h264_preview
string	com.android.installreferrer.commons.sU.gZaLRirAI	zNLrSeTJwU	frame
string	com.appsflyer.deeplink.iP.hrdZaU	BQJhTHS	com.google.android.gms.ads.internal.client.hsdp.IHsdpDeepLinkServiceWrapper
string	com.appsflyer.deeplink.iP.hrdZaU	Cpct	Unexpected type of indices buffer, found 
string	com.appsflyer.deeplink.iP.hrdZaU	DvPMbsrKNwBxfg	_rule
string	com.appsflyer.deeplink.iP.hrdZaU	FGuQMejfH	Inconsistent stbl box for track 
string	com.appsflyer.deeplink.iP.hrdZaU	ISOHRwDEutDu	Keep-Alive
string	com.appsflyer.deeplink.iP.hrdZaU	JRXSLNEQg	 execution
string	com.appsflyer.deeplink.iP.hrdZaU	Jdd	, cost=
string	com.appsflyer.deeplink.iP.hrdZaU	JeTSben	all
string	com.appsflyer.deeplink.iP.hrdZaU	Lbs	media_stock_blackscreen_2307_tornado_star2_1_1_h264_hd
string	com.appsflyer.deeplink.iP.hrdZaU	MkzWPsgvwGkB	uiActionProvider
string	com.appsflyer.deeplink.iP.hrdZaU	NKWGcorrLPcqEHU	auto_log_app_events_default
string	com.appsflyer.deeplink.iP.hrdZaU	NdwcHTcSXMFMEi	UpdateBannerControllerV3
string	com.appsflyer.deeplink.iP.hrdZaU	OuXwj	Using renamed FirebaseIidMessengerCompat class
string	com.appsflyer.deeplink.iP.hrdZaU	QpwHxQARBJNugFv	null
string	com.appsflyer.deeplink.iP.hrdZaU	SFKMZ	max_attempts
string	com.appsflyer.deeplink.iP.hrdZaU	SLpeCYIaDkZjgl	sdk_ver
string	com.appsflyer.deeplink.iP.hrdZaU	UPox	gads:signal:app_set_id_info_under_gmscore:enabled
string	com.appsflyer.deeplink.iP.hrdZaU	URyTxVzXCJhzQLZ	ctt_license_info
string	com.appsflyer.deeplink.iP.hrdZaU	UTmNCc	htmlDisplay
string	com.appsflyer.deeplink.iP.hrdZaU	VSSmFWJnkaseGf	ctt_question
string	com.appsflyer.deeplink.iP.hrdZaU	VuLToXhbhv	index_hot_family_hot_family_name
string	com.appsflyer.deeplink.iP.hrdZaU	bIzq	sticker_type_2101_3_number_9
string	com.appsflyer.deeplink.iP.hrdZaU	bzoCevNCI	ctt_deletable
string	com.appsflyer.deeplink.iP.hrdZaU	caoELvN	key
string	com.appsflyer.deeplink.iP.hrdZaU	czK	user_birthday
string	com.appsflyer.deeplink.iP.hrdZaU	dettsB	action
string	com.appsflyer.deeplink.iP.hrdZaU	dprxjDxoQ	ElevenLabsTask(optimizedDecoList=
string	com.appsflyer.deeplink.iP.hrdZaU	eUdg	RECONNECTION_TIMED_OUT_DURING_UPDATE
string	com.appsflyer.deeplink.iP.hrdZaU	eVvvySx	The upload cannot continue as it is not in a valid state.
string	com.appsflyer.deeplink.iP.hrdZaU	gToxigXayl	com.google.android.gms
string	com.appsflyer.deeplink.iP.hrdZaU	gjrSrQu	ad_type
string	com.appsflyer.deeplink.iP.hrdZaU	jCGSzCGxxhj	R
string	com.appsflyer.deeplink.iP.hrdZaU	kkeFu	fml_license_type
string	com.appsflyer.deeplink.iP.hrdZaU	loM	lat
string	com.appsflyer.deeplink.iP.hrdZaU	nZIhQA	pkg_type
string	com.appsflyer.deeplink.iP.hrdZaU	pddYruGik	>
string	com.appsflyer.deeplink.iP.hrdZaU	pjgjRBSqSdKa	origin
string	com.appsflyer.deeplink.iP.hrdZaU	qWBh	Token retrieval failed: 
string	com.appsflyer.deeplink.iP.hrdZaU	rAChrbdvdE	Sending lifecycle 
string	com.appsflyer.deeplink.iP.hrdZaU	sGCTwSnXyCDED	click_signal
string	com.appsflyer.deeplink.iP.hrdZaU	soUbR	, compressionMethod=
string	com.appsflyer.deeplink.iP.hrdZaU	uWWX	gads:add_system_default_locale
string	com.appsflyer.deeplink.iP.hrdZaU	xIMRmh	ctt_support_type
string	com.appsflyer.internal.db.Iha.ShyxoFqZhNa	AULMAwUimFCN	exportInfo
string	com.appsflyer.internal.db.Iha.ShyxoFqZhNa	BHVQr	IG
string	com.appsflyer.internal.db.Iha.ShyxoFqZhNa	CttPGSZ	name
string	com.appsflyer.internal.db.Iha.ShyxoFqZhNa	Dcx	setZenithTotalInflightAdLimit
string	com.appsflyer.internal.db.Iha.ShyxoFqZhNa	GBmB	audio_effect
string	com.appsflyer.internal.db.Iha.ShyxoFqZhNa	GFX	connectionManager
string	com.appsflyer.internal.db.Iha.ShyxoFqZhNa	GrMXuCEBTM	1
string	com.appsflyer.internal.db.Iha.ShyxoFqZhNa	HAezWkmGhNQEvzH	
string	com.appsflyer.internal.db.Iha.ShyxoFqZhNa	HWsYh	assets:/text/text_animation_2604_overall_swing_from_center/9FB80462-285E-4B1F-94C6-626347238FB5.lic
string	com.appsflyer.internal.db.Iha.ShyxoFqZhNa	HnoqXfOURyj	audio/flac
string	com.appsflyer.internal.db.Iha.ShyxoFqZhNa	IMPufL	vllo_ai_plus_monthly_subscription
string	com.appsflyer.internal.db.Iha.ShyxoFqZhNa	JWZvfA	Parsing AesEaxParameters failed: 
string	com.appsflyer.internal.db.Iha.ShyxoFqZhNa	LQKJOauMzcI	cyan
string	com.appsflyer.internal.db.Iha.ShyxoFqZhNa	LmCPjUWGyJcC	Starting foreground installation service.
string	com.appsflyer.internal.db.Iha.ShyxoFqZhNa	NhHqSKfLUPZCv	ctt_font_ko_ggoongd
string	com.appsflyer.internal.db.Iha.ShyxoFqZhNa	NxDqH	baseOptions_
string	com.appsflyer.internal.db.Iha.ShyxoFqZhNa	OcFKjeAi	ctt_deprecated_android
string	com.appsflyer.internal.db.Iha.ShyxoFqZhNa	OchGkGZZQ	ctt_bg_color
string	com.appsflyer.internal.db.Iha.ShyxoFqZhNa	Oosp	No node at '%s' (unmatched part: '%s')
string	com.appsflyer.internal.db.Iha.ShyxoFqZhNa	OtbFfEAelsCtlIM	image/heic
string	com.appsflyer.internal.db.Iha.ShyxoFqZhNa	QKAKVCsvfuOfW	sticker_diary_2101_memo_4
string	com.appsflyer.internal.db.Iha.ShyxoFqZhNa	TPIC	useProgram
string	com.appsflyer.internal.db.Iha.ShyxoFqZhNa	VOTAgCQgc	Parsing KmsEnvelopeAeadKeyFormat failed: 
string	com.appsflyer.internal.db.Iha.ShyxoFqZhNa	WUVKMJtZUSjRANz	zza
string	com.appsflyer.internal.db.Iha.ShyxoFqZhNa	YWIw	Success(requestId=
string	com.appsflyer.internal.db.Iha.ShyxoFqZhNa	Yuhh	COLLECTION_DISABLED_REMOTE
string	com.appsflyer.internal.db.Iha.ShyxoFqZhNa	ZJswCkgpoCxq	ms
string	com.appsflyer.internal.db.Iha.ShyxoFqZhNa	ZLZyueHshni	NullPointerException occurs when invoking a method from a delegating listener.
string	com.appsflyer.internal.db.Iha.ShyxoFqZhNa	cAKsgsxSKQ	Illegal Capacity: 
string	com.appsflyer.internal.db.Iha.ShyxoFqZhNa	cINZKNRcRKF	ctt_user_created
string	com.appsflyer.internal.db.Iha.ShyxoFqZhNa	ceJTPBikupUuF	controllerAttached
string	com.appsflyer.internal.db.Iha.ShyxoFqZhNa	eCpG	Clearing complex main event info. appId
string	com.appsflyer.internal.db.Iha.ShyxoFqZhNa	gHDgxLJkQJVWWy	ctt_single_color
string	com.appsflyer.internal.db.Iha.ShyxoFqZhNa	jPtZjMVysPZsuV	write a number
string	com.appsflyer.internal.db.Iha.ShyxoFqZhNa	jguzHMbrTiaUR	sourceExtensionJsonProto3
string	com.appsflyer.internal.db.Iha.ShyxoFqZhNa	jjTFiJmNyjuS	android.media.action.HDMI_AUDIO_PLUG
string	com.appsflyer.internal.db.Iha.ShyxoFqZhNa	jszamZZaIOibRRP	%08X
string	com.appsflyer.internal.db.Iha.ShyxoFqZhNa	lChvA	new_family_name
string	com.appsflyer.internal.db.Iha.ShyxoFqZhNa	mcDQwNLTUb	SELECT * FROM content WHERE (ctt_available_android = 1) AND (ctt_deprecated_android = 0) AND (ctt_family_name = ?) ORDER BY ctt_index ASC LIMIT 1 OFFSET ?
string	com.appsflyer.internal.db.Iha.ShyxoFqZhNa	nHuvQGfgtxZRe	view
string	com.appsflyer.internal.db.Iha.ShyxoFqZhNa	oGWTz	version_id
string	com.appsflyer.internal.db.Iha.ShyxoFqZhNa	onorve	DELETE FROM SystemIdInfo WHERE work_spec_id IN (SELECT work_spec_id FROM SystemIdInfo LEFT JOIN WorkSpec ON work_spec_id = id WHERE WorkSpec.id IS NULL)
string	com.appsflyer.internal.db.Iha.ShyxoFqZhNa	pQnHfcJfufRNYxY	
string	com.appsflyer.internal.db.Iha.ShyxoFqZhNa	qKJbZ	SELECT * FROM content
string	com.appsflyer.internal.db.Iha.ShyxoFqZhNa	shRpmDH	, y=
string	com.appsflyer.internal.db.Iha.ShyxoFqZhNa	sralKEZMv	bitField0_
string	com.appsflyer.internal.db.Iha.ShyxoFqZhNa	tRP	campaign_ids
string	com.appsflyer.internal.db.Iha.ShyxoFqZhNa	uOydMp	bmk_family_name
string	com.appsflyer.internal.db.Iha.ShyxoFqZhNa	uTT	fml_available_ios
string	com.appsflyer.internal.db.Iha.ShyxoFqZhNa	utlUSPqZCEkSM	Missing required view with ID: 
string	com.appsflyer.internal.db.Iha.ShyxoFqZhNa	wOy	null pkg
string	com.appsflyer.internal.db.Iha.ShyxoFqZhNa	xpUjTvragw	SELECT count(*) from content WHERE (ctt_available_android = 1) AND (ctt_deprecated_android = 0) AND (ctt_support_type = 'reward')
string	com.appsflyer.internal.db.Iha.ShyxoFqZhNa	xpaxRWmC	.facebook.com
string	com.appsflyer.internal.db.Iha.ShyxoFqZhNa	zuqhC	error
string	com.appsflyer.internal.db.Iha.uOBmyN	AUMN	automlImageLabelingInferenceLogEvent
string	com.appsflyer.internal.db.Iha.uOBmyN	BGcCgwBB	AES128_EAX
string	com.appsflyer.internal.db.Iha.uOBmyN	BOno	ctt_display_name
string	com.appsflyer.internal.db.Iha.uOBmyN	BfrnuLdSD	ctt_package_name
string	com.appsflyer.internal.db.Iha.uOBmyN	BrCwPaCvSFJFUN	Writer is active
string	com.appsflyer.internal.db.Iha.uOBmyN	CMdeMRenZDxFus	BookmarkTagSelectionController
string	com.appsflyer.internal.db.Iha.uOBmyN	DzToHYLrmeQdCBl	bgm_wedding_and_propose_vllo5_walking_to_you_100
string	com.appsflyer.internal.db.Iha.uOBmyN	ERevavat	, intensity=
string	com.appsflyer.internal.db.Iha.uOBmyN	ItxjqThf	ctt_license_info
string	com.appsflyer.internal.db.Iha.uOBmyN	JefvsYdiZ	Invalid IPv6 address: '
string	com.appsflyer.internal.db.Iha.uOBmyN	KSo	CUSTOMER_MLKIT_IMAGE_CAPTION
string	com.appsflyer.internal.db.Iha.uOBmyN	PistzfqMZrNv	.sw.
string	com.appsflyer.internal.db.Iha.uOBmyN	PtAlYJhEQh	media_stock_season_2212_snow_red_1_1_h264_hd
string	com.appsflyer.internal.db.Iha.uOBmyN	PtPxtUVaNAYJ	Binary
string	com.appsflyer.internal.db.Iha.uOBmyN	QbCXpglNOMbIP	The Crashlytics build ID is missing. This occurs when the Crashlytics Gradle plugin is missing from your app's build configuration. Please review the Firebase Crashlytics onboarding instructions at https://firebase.google.com/docs/crashlytics/get-started?platform=android#add-plugin
string	com.appsflyer.internal.db.Iha.uOBmyN	QmZxLWuFyxH	action
string	com.appsflyer.internal.db.Iha.uOBmyN	RUuukd	fml_type
string	com.appsflyer.internal.db.Iha.uOBmyN	RxzPIZDsFylbX	uid
string	com.appsflyer.internal.db.Iha.uOBmyN	TVVbWzaA	bg_magenta
string	com.appsflyer.internal.db.Iha.uOBmyN	XjoZ	aa87ca22be8b05378eb1c71ef320ad746e1d3b628ba79b9859f741e082542a385502f25dbf55296c3a545e3872760ab7
string	com.appsflyer.internal.db.Iha.uOBmyN	anieu	ctt_type
string	com.appsflyer.internal.db.Iha.uOBmyN	bSQAoqUUC	setFuture=[
string	com.appsflyer.internal.db.Iha.uOBmyN	dNNASb	regionCode
string	com.appsflyer.internal.db.Iha.uOBmyN	fBDGhBzuUGvhTg	ctt_name
string	com.appsflyer.internal.db.Iha.uOBmyN	hsfxnHMtz	SELECT * FROM family WHERE (fml_name = ?)
string	com.appsflyer.internal.db.Iha.uOBmyN	inMgIxehOOrDOD	onBtnImportLutFromFile
string	com.appsflyer.internal.db.Iha.uOBmyN	jUkbdnS	setMicroShapeDegree: Need useMicroShapeData first!
string	com.appsflyer.internal.db.Iha.uOBmyN	jXKKbDNNAWcMZNX	XK
string	com.appsflyer.internal.db.Iha.uOBmyN	jxzNlZXKHD	projects
string	com.appsflyer.internal.db.Iha.uOBmyN	kCGRIInlH	sound_fx
string	com.appsflyer.internal.db.Iha.uOBmyN	mSrTJVnCS	ctt_index
string	com.appsflyer.internal.db.Iha.uOBmyN	nQeeXfJ	0.0
string	com.appsflyer.internal.db.Iha.uOBmyN	nTZcmx	ctt_need_download
string	com.appsflyer.internal.db.Iha.uOBmyN	oYgvSncxEFDfxb	 seconds
string	com.appsflyer.internal.db.Iha.uOBmyN	qWokG	api
string	com.appsflyer.internal.db.Iha.uOBmyN	rsEYYEbPmff	/
string	com.appsflyer.internal.db.Iha.uOBmyN	svT	coil#is_sampled
string	com.appsflyer.internal.db.Iha.uOBmyN	tLutEpOyCwxRj	Function18
string	com.appsflyer.internal.db.Iha.uOBmyN	uVrzHsS	time(
string	com.appsflyer.internal.db.Iha.uOBmyN	ueMgEIqvVvOAx	pkg_index
string	com.appsflyer.internal.db.Iha.uOBmyN	urMlHCTly	project.json
string	com.appsflyer.internal.db.Iha.uOBmyN	vkloLZL	A_EAC3
string	com.appsflyer.internal.db.Iha.uOBmyN	yRPCFGshKOACKx	ctt_url
string	com.darinsoft.vimo.utils.audio_waveform.YP.bIor	ACbLxVNHQ	discountDisplayInfo
string	com.darinsoft.vimo.utils.audio_waveform.YP.bIor	BvhaJFzttMmtLG	price_amount_micros
string	com.darinsoft.vimo.utils.audio_waveform.YP.bIor	CqXWT	Applink
string	com.darinsoft.vimo.utils.audio_waveform.YP.bIor	CuOtBJKollBSysD	sam_r
string	com.darinsoft.vimo.utils.audio_waveform.YP.bIor	DyWIGuGcnsucZD	
string	com.darinsoft.vimo.utils.audio_waveform.YP.bIor	EDbOIecRNu	fml_name
string	com.darinsoft.vimo.utils.audio_waveform.YP.bIor	IEmCiL	UINT64_LIST_PACKED
string	com.darinsoft.vimo.utils.audio_waveform.YP.bIor	Iliy	android.media.action.HDMI_AUDIO_PLUG
string	com.darinsoft.vimo.utils.audio_waveform.YP.bIor	JuTlAZYSgRi	Cookie
string	com.darinsoft.vimo.utils.audio_waveform.YP.bIor	KbYvOWLQrOiHAs	sticker_cooking2_se_009
string	com.darinsoft.vimo.utils.audio_waveform.YP.bIor	KdbCYnBzCtqA	0x
string	com.darinsoft.vimo.utils.audio_waveform.YP.bIor	MRyHUandfUdcZ	Error resolving target intent service, skipping classname enforcement. Resolved service was: 
string	com.darinsoft.vimo.utils.audio_waveform.YP.bIor	MTpB	RATE_0_5
string	com.darinsoft.vimo.utils.audio_waveform.YP.bIor	McHpkvXPibZSN	request_state
string	com.darinsoft.vimo.utils.audio_waveform.YP.bIor	NBaiQs	JAVASCRIPT
string	com.darinsoft.vimo.utils.audio_waveform.YP.bIor	NlBTlJYgA	auxiliary.tracks.map
string	com.darinsoft.vimo.utils.audio_waveform.YP.bIor	QeQqdwyCfBsaU	bookmark
string	com.darinsoft.vimo.utils.audio_waveform.YP.bIor	RUkQsIhEVUeuD	>>>
string	com.darinsoft.vimo.utils.audio_waveform.YP.bIor	RkCR	fml_icon_name
string	com.darinsoft.vimo.utils.audio_waveform.YP.bIor	Rkl	description
string	com.darinsoft.vimo.utils.audio_waveform.YP.bIor	RqgzyAfwsna	onDeviceSmartReplyLogEvent
string	com.darinsoft.vimo.utils.audio_waveform.YP.bIor	TPDRz	ctt_default_speed
string	com.darinsoft.vimo.utils.audio_waveform.YP.bIor	WAutXnrUeIy	eb9aa1d0b1bef170bd52cd8565e51370
string	com.darinsoft.vimo.utils.audio_waveform.YP.bIor	XvQMR	Name: 
string	com.darinsoft.vimo.utils.audio_waveform.YP.bIor	YrptmktSS	ctt_name_region_size
string	com.darinsoft.vimo.utils.audio_waveform.YP.bIor	ZIVl	Error when writing JSON.
string	com.darinsoft.vimo.utils.audio_waveform.YP.bIor	Zkcps	IS_FEATURE_SUPPORTED
string	com.darinsoft.vimo.utils.audio_waveform.YP.bIor	bPhYJtDsyeBs	new
string	com.darinsoft.vimo.utils.audio_waveform.YP.bIor	byEUolewGAaqJeE	no-nyn
string	com.darinsoft.vimo.utils.audio_waveform.YP.bIor	dtHBXvDfkJnUM	r
string	com.darinsoft.vimo.utils.audio_waveform.YP.bIor	fCgAQ	lifecycleListener
string	com.darinsoft.vimo.utils.audio_waveform.YP.bIor	fEIAJ	
string	com.darinsoft.vimo.utils.audio_waveform.YP.bIor	hrZTKvRsk	$
string	com.darinsoft.vimo.utils.audio_waveform.YP.bIor	kmsQwZy	2
string	com.darinsoft.vimo.utils.audio_waveform.YP.bIor	lGyFquP	VideoMetaGmsgHandler.onGmsg
string	com.darinsoft.vimo.utils.audio_waveform.YP.bIor	lPEMxUWvgAXM	Loop in causal chain detected.
string	com.darinsoft.vimo.utils.audio_waveform.YP.bIor	lQqACqoOTViTQq	Breakbeat
string	com.darinsoft.vimo.utils.audio_waveform.YP.bIor	mdOmxLGFFtD	Unable to convert object enum: 
string	com.darinsoft.vimo.utils.audio_waveform.YP.bIor	oWEHhpqMweALt	Invalid AC-4 DSI bitrate.
string	com.darinsoft.vimo.utils.audio_waveform.YP.bIor	pRGXeGGnbpPpw	Error getting public key
string	com.darinsoft.vimo.utils.audio_waveform.YP.bIor	qiQqoVjYEjuWC	A style block was found after the first cue.
string	com.darinsoft.vimo.utils.audio_waveform.YP.bIor	qkmhbHomyUlMHig	android.view.accessibility.action.ARGUMENT_COLUMN_INT
string	com.darinsoft.vimo.utils.audio_waveform.YP.bIor	rgOPgtByMXqWIZh	timeout
string	com.darinsoft.vimo.utils.audio_waveform.YP.bIor	rrXfjzNSUKcbR	v1
string	com.darinsoft.vimo.utils.audio_waveform.YP.bIor	sFyJpMOlyaPIPq	ctt_license_info
string	com.darinsoft.vimo.utils.audio_waveform.YP.bIor	sSXorMpmDLPt	is_fluid_height
string	com.darinsoft.vimo.utils.audio_waveform.YP.bIor	sYlfaUHJPkGGz	mProject
string	com.darinsoft.vimo.utils.audio_waveform.YP.bIor	spKAzLkiHJeg	bitField0_
string	com.darinsoft.vimo.utils.audio_waveform.YP.bIor	vmHiUpftyJfkxm	SessionConfigs(sessionEnabled=
string	com.darinsoft.vimo.utils.audio_waveform.YP.bIor	wifcYdqYNW	ctt_user_created
string	com.darinsoft.vimo.utils.audio_waveform.YP.bIor	zKNjPPJsvf	NATIVE_LIBRARY_LOAD_ERROR
string	com.darinsoft.vimo.utils.audio_waveform.YP.bIor	zXMyMBgGTINyXR	. ErrorMessage: 
string	com.darinsoft.vimo.utils.audio_waveform.YP.bIor	zifzIyID	Lossy conversion from 
string	com.darinsoft.vimo.utils.btp.puEDihWqf	AEM	, size=
string	com.darinsoft.vimo.utils.btp.puEDihWqf	AYaiTVTLrElh	video
string	com.darinsoft.vimo.utils.btp.puEDihWqf	AhQkm	detectFacesImageByteArray.start()
string	com.darinsoft.vimo.utils.btp.puEDihWqf	BBsEpProzUYO	TopicsSignal.fetchTopicsSignal
string	com.darinsoft.vimo.utils.btp.puEDihWqf	BnKAcqgFwtsL	ctt_text_color
string	com.darinsoft.vimo.utils.btp.puEDihWqf	CRCqVieltusLpb	ctt_anchor
string	com.darinsoft.vimo.utils.btp.puEDihWqf	CRhu	AdMobCustomTabsAdapter overlay is restarted.
string	com.darinsoft.vimo.utils.btp.puEDihWqf	EeQgY	\n  level: 
string	com.darinsoft.vimo.utils.btp.puEDihWqf	GCvlUeXdhV	signals
string	com.darinsoft.vimo.utils.btp.puEDihWqf	GkCMvllcXzK	#
string	com.darinsoft.vimo.utils.btp.puEDihWqf	IjqF	new_family_name
string	com.darinsoft.vimo.utils.btp.puEDihWqf	JDnpnUTscqQO	FirebaseCrashlytics component is not present.
string	com.darinsoft.vimo.utils.btp.puEDihWqf	KNpjOGePj	startDrag
string	com.darinsoft.vimo.utils.btp.puEDihWqf	KQCr	ctt_display_name
string	com.darinsoft.vimo.utils.btp.puEDihWqf	KnRVjfLCqPSAEI	zzk
string	com.darinsoft.vimo.utils.btp.puEDihWqf	MTuKFvlEzlJ	Error parsing AVC config
string	com.darinsoft.vimo.utils.btp.puEDihWqf	MzxQV	smartGuidePresenter
string	com.darinsoft.vimo.utils.btp.puEDihWqf	OVl	failed_requests
string	com.darinsoft.vimo.utils.btp.puEDihWqf	PajlOJKfeq	Recording app launch after enabling measurement for the first time (FE)
string	com.darinsoft.vimo.utils.btp.puEDihWqf	QWZjGJVd	}
string	com.darinsoft.vimo.utils.btp.puEDihWqf	RxCNKxFBISMnrO	fields_
string	com.darinsoft.vimo.utils.btp.puEDihWqf	SmQcxWifXyXoMkU	rct_family_name
string	com.darinsoft.vimo.utils.btp.puEDihWqf	ULfoAl	ctt_name
string	com.darinsoft.vimo.utils.btp.puEDihWqf	UvH	value
string	com.darinsoft.vimo.utils.btp.puEDihWqf	Xcrf	readPrimitiveField() cannot handle enums.
string	com.darinsoft.vimo.utils.btp.puEDihWqf	akwjwgNf	wake:com.google.firebase.messaging
string	com.darinsoft.vimo.utils.btp.puEDihWqf	duBZdvFmpRoF	application/x-emsg
string	com.darinsoft.vimo.utils.btp.puEDihWqf	gBvfcxhFiw	FA
string	com.darinsoft.vimo.utils.btp.puEDihWqf	hQyktSWTTMuYQCs	level
string	com.darinsoft.vimo.utils.btp.puEDihWqf	heGcrhileS	content(com.vimosoft.vimomodule.resource_database.brush.VLResDrawingBrushContent).\n Expected:\n
string	com.darinsoft.vimo.utils.btp.puEDihWqf	kWResE	tag
string	com.darinsoft.vimo.utils.btp.puEDihWqf	kyEKuYntSmlIXh	Method 
string	com.darinsoft.vimo.utils.btp.puEDihWqf	lDJLOqUMS	Unable to get native ad view layout types
string	com.darinsoft.vimo.utils.btp.puEDihWqf	lVggJ	SHA-1
string	com.darinsoft.vimo.utils.btp.puEDihWqf	mQUv	transform
string	com.darinsoft.vimo.utils.btp.puEDihWqf	njMn	ctt_user_created
string	com.darinsoft.vimo.utils.btp.puEDihWqf	pJFuBSbMTemzres	uiAssetAdapter
string	com.darinsoft.vimo.utils.btp.puEDihWqf	pWAqTLnZXdsj	remote_ping_urls
string	com.darinsoft.vimo.utils.btp.puEDihWqf	qzBET	bookmark
string	com.darinsoft.vimo.utils.btp.puEDihWqf	sXhQ	gradient
string	com.darinsoft.vimo.utils.btp.puEDihWqf	slMKLK	ctt_thumbnail
string	com.darinsoft.vimo.utils.btp.puEDihWqf	wERNbhvaajyA	ctt_package_name
string	com.darinsoft.vimo.utils.btp.puEDihWqf	yLIOduDbJFC	AGGREGATED_CUSTOM_MODEL_INFERENCE
string	com.darinsoft.vimo.utils.btp.puEDihWqf	ycDtzdRPdBeSdLY	run_in_foreground
string	com.darinsoft.vimo.utils.btp.puEDihWqf	zWakryuJCrrCVij	consumptionState
string	com.facebook.ads.internal.util.process.rFYh.IHHhnkvKyV	AEoXjoVrIalcOh	Unused method
string	com.facebook.ads.internal.util.process.rFYh.IHHhnkvKyV	AmOLEYpmj	, Size:
string	com.facebook.ads.internal.util.process.rFYh.IHHhnkvKyV	BjRryYS	. Returned 
string	com.facebook.ads.internal.util.process.rFYh.IHHhnkvKyV	CbpbesKLghAIUR	ctt_resource_type
string	com.facebook.ads.internal.util.process.rFYh.IHHhnkvKyV	HZgQDUJeWPM	template_ids
string	com.facebook.ads.internal.util.process.rFYh.IHHhnkvKyV	LESPFu	brand_domain
string	com.facebook.ads.internal.util.process.rFYh.IHHhnkvKyV	LfPPkwbTBF	audio/mpeg
string	com.facebook.ads.internal.util.process.rFYh.IHHhnkvKyV	LuUfXiCHNUutuPU	SELECT * FROM content WHERE (ctt_available_android = 1) AND (ctt_deprecated_android = 0) AND (ctt_package_name = ?) ORDER BY ctt_name ASC
string	com.facebook.ads.internal.util.process.rFYh.IHHhnkvKyV	MFkroKKTHOcCC	, rotateDegree=
string	com.facebook.ads.internal.util.process.rFYh.IHHhnkvKyV	NZlgUz	video_animation_overall_shake
string	com.facebook.ads.internal.util.process.rFYh.IHHhnkvKyV	QMy	kotlin.jvm.functions.Function12
string	com.facebook.ads.internal.util.process.rFYh.IHHhnkvKyV	QUaaNtwC	Missing required view with ID: 
string	com.facebook.ads.internal.util.process.rFYh.IHHhnkvKyV	RtrkTMF	None
string	com.facebook.ads.internal.util.process.rFYh.IHHhnkvKyV	UruLkROziaWSsIQ	ctt_name
string	com.facebook.ads.internal.util.process.rFYh.IHHhnkvKyV	VKQfObddlEwKbfn	User-Agent
string	com.facebook.ads.internal.util.process.rFYh.IHHhnkvKyV	ViSZwvVFocj	ctt_need_download
string	com.facebook.ads.internal.util.process.rFYh.IHHhnkvKyV	YryUrVDpMtgead	com.facebook.sdk.EXTRA_OLD_ACCESS_TOKEN
string	com.facebook.ads.internal.util.process.rFYh.IHHhnkvKyV	ZCOHZ	fml_package_name
string	com.facebook.ads.internal.util.process.rFYh.IHHhnkvKyV	ZvLbyacNddZRCW	required_network_type
string	com.facebook.ads.internal.util.process.rFYh.IHHhnkvKyV	arRBRwuioDMuLhl	ctt_deprecated_ios
string	com.facebook.ads.internal.util.process.rFYh.IHHhnkvKyV	bmbyqXj	PrefixMap only supports 0 and 5 byte prefixes
string	com.facebook.ads.internal.util.process.rFYh.IHHhnkvKyV	dBL	ctt_info
string	com.facebook.ads.internal.util.process.rFYh.IHHhnkvKyV	eitLnUBF	ctt_available_android
string	com.facebook.ads.internal.util.process.rFYh.IHHhnkvKyV	fOuWHdUHXfaxSg	l5460
string	com.facebook.ads.internal.util.process.rFYh.IHHhnkvKyV	geWzJlFZ	no
string	com.facebook.ads.internal.util.process.rFYh.IHHhnkvKyV	iZo	image_in
string	com.facebook.ads.internal.util.process.rFYh.IHHhnkvKyV	ibbxMaiol	ctt_license_info
string	com.facebook.ads.internal.util.process.rFYh.IHHhnkvKyV	juPH	remaining delay=[
string	com.facebook.ads.internal.util.process.rFYh.IHHhnkvKyV	lRlEyVj	DynamiteModule
string	com.facebook.ads.internal.util.process.rFYh.IHHhnkvKyV	lqZJEvVeMERUEyM	\nRemove2: { layer=%d}\n
string	com.facebook.ads.internal.util.process.rFYh.IHHhnkvKyV	oLPkWgIjkWZjURP	shirokuma
string	com.facebook.ads.internal.util.process.rFYh.IHHhnkvKyV	pQYUyvQT	Serializing 
string	com.facebook.ads.internal.util.process.rFYh.IHHhnkvKyV	pVVGQoHADnUKnmL	Enter
string	com.facebook.ads.internal.util.process.rFYh.IHHhnkvKyV	plcGnqDMNQR	BACKWARD
string	com.facebook.ads.internal.util.process.rFYh.IHHhnkvKyV	qcmAXLUsMil	TINK
string	com.facebook.ads.internal.util.process.rFYh.IHHhnkvKyV	tTwooKCtcqKdGM	danish
string	com.facebook.ads.internal.util.process.rFYh.IHHhnkvKyV	ucuDDtR	MOUTH_CORNER
string	com.facebook.ads.internal.util.process.rFYh.IHHhnkvKyV	vEKRawr	rewarded
string	com.facebook.ads.internal.util.process.rFYh.IHHhnkvKyV	xiIEvvGdvzdX	unexpected e_machine:
string	com.facebook.ads.internal.util.process.rFYh.IHHhnkvKyV	xkXXFHMP	AFTR
string	com.facebook.ads.internal.util.process.rFYh.IHHhnkvKyV	zAkW	short
string	com.facebook.applinks.PUMU.vCilHwHgrA	BZWWXwEuKdYK	ctt_min_duration
string	com.facebook.applinks.PUMU.vCilHwHgrA	FqMhZPQTwewxY	session_stitching_token
string	com.facebook.applinks.PUMU.vCilHwHgrA	HrUaAhOvhjd	; embedded = 
string	com.facebook.applinks.PUMU.vCilHwHgrA	JVW	Af-Meta-Model
string	com.facebook.applinks.PUMU.vCilHwHgrA	KYhdywuorLTZ	ctt_deprecated_ios
string	com.facebook.applinks.PUMU.vCilHwHgrA	KgrOKUKGilmF	zzg
string	com.facebook.applinks.PUMU.vCilHwHgrA	MOHAhH	', epVendor='
string	com.facebook.applinks.PUMU.vCilHwHgrA	RNZNdalJHzI	pkg_index
string	com.facebook.applinks.PUMU.vCilHwHgrA	SgQfwUZc	, layout:
string	com.facebook.applinks.PUMU.vCilHwHgrA	TQv	ctt_extra_download_url
string	com.facebook.applinks.PUMU.vCilHwHgrA	TWzupNGkMQ	-Infinity
string	com.facebook.applinks.PUMU.vCilHwHgrA	WXCowyugC	fixed_size
string	com.facebook.applinks.PUMU.vCilHwHgrA	XubAao	
string	com.facebook.applinks.PUMU.vCilHwHgrA	YmaNc	__container
string	com.facebook.applinks.PUMU.vCilHwHgrA	ZNAbzi	classificationList_
string	com.facebook.applinks.PUMU.vCilHwHgrA	ZWhvMmDUgfqJfm	version
string	com.facebook.applinks.PUMU.vCilHwHgrA	Zynfe	ctt_info
string	com.facebook.applinks.PUMU.vCilHwHgrA	awpkqkiKmfxeT	targetState while waiting for composition
string	com.facebook.applinks.PUMU.vCilHwHgrA	dNsTG	error
string	com.facebook.applinks.PUMU.vCilHwHgrA	dlksrWnUUDlkIbF	NATIVE
string	com.facebook.applinks.PUMU.vCilHwHgrA	ecwP	java.lang.module.ModuleDescriptor
string	com.facebook.applinks.PUMU.vCilHwHgrA	elTWbyKkcLozf	SupportSQLiteLock
string	com.facebook.applinks.PUMU.vCilHwHgrA	evsWyjuNMiykSJx	, onCancellation=
string	com.facebook.applinks.PUMU.vCilHwHgrA	fCLjkJKT	pkg_user_created
string	com.facebook.applinks.PUMU.vCilHwHgrA	fwjBrjm	FirebaseCrashlytics component is not present.
string	com.facebook.applinks.PUMU.vCilHwHgrA	gWEfa	ctt_type
string	com.facebook.applinks.PUMU.vCilHwHgrA	hBZtDiDJgL	powderblue
string	com.facebook.applinks.PUMU.vCilHwHgrA	hWdcUbcMfCSycZx	Hashing.sha512()
string	com.facebook.applinks.PUMU.vCilHwHgrA	lSHxWGmNnoiN	tag_localization
string	com.facebook.applinks.PUMU.vCilHwHgrA	mumXBRC	Too few bytes available: missing 
string	com.facebook.applinks.PUMU.vCilHwHgrA	okUcCafhDSJngLa	personaPrompt
string	com.facebook.applinks.PUMU.vCilHwHgrA	qHJLsesFHxxA	Cannot reposition while in an empty region
string	com.facebook.applinks.PUMU.vCilHwHgrA	qitiwdfORIr	getImeAction(Landroidx/compose/ui/semantics/SemanticsPropertyReceiver;)I
string	com.facebook.applinks.PUMU.vCilHwHgrA	rLEHcj	Error reading entries from local database
string	com.facebook.applinks.PUMU.vCilHwHgrA	rhOuEnmKxRZxy	asset
string	com.facebook.applinks.PUMU.vCilHwHgrA	sUFFw	 (extended full ASCII mode)
string	com.facebook.applinks.PUMU.vCilHwHgrA	tBDETVv	SELECT * FROM family WHERE (fml_available_android = 1) AND (fml_deprecated_android = 0) AND (fml_name = ?)
string	com.facebook.applinks.PUMU.vCilHwHgrA	tPqmkM	SimpleImageTranscoder
string	com.facebook.applinks.PUMU.vCilHwHgrA	tvnCnl	Baby laughter
string	com.facebook.applinks.PUMU.vCilHwHgrA	vVTu	UNINSTALL
string	com.facebook.applinks.PUMU.vCilHwHgrA	vqrtfOPwuAKD	ctt_total_frame
string	com.facebook.applinks.PUMU.vCilHwHgrA	vxOKsYtvjU	 must have a request body.
string	com.facebook.soloader.SeS.QmTZDFzkA	DEYzmWGKgLFnYKp	
string	com.facebook.soloader.SeS.QmTZDFzkA	DYeWnw	('
string	com.facebook.soloader.SeS.QmTZDFzkA	DtNqoOvnGBZ	_ae
string	com.facebook.soloader.SeS.QmTZDFzkA	DxYXwuKtuMEDK	Invalid new array size: 
string	com.facebook.soloader.SeS.QmTZDFzkA	EKgq	UINT32_LIST_PACKED
string	com.facebook.soloader.SeS.QmTZDFzkA	Erg	clearMemory
string	com.facebook.soloader.SeS.QmTZDFzkA	HUBUqRyK	frame-rate
string	com.facebook.soloader.SeS.QmTZDFzkA	KIHSZdR	ctt_available_android
string	com.facebook.soloader.SeS.QmTZDFzkA	LRTSMyLJ	LineHeightStyle.Trim.None
string	com.facebook.soloader.SeS.QmTZDFzkA	MmffuGKfer	BOTTOM_SHEET
string	com.facebook.soloader.SeS.QmTZDFzkA	MxDPkmpdFCwqL	en
string	com.facebook.soloader.SeS.QmTZDFzkA	QDB	com.facebook.ppml.receiver.IReceiverService
string	com.facebook.soloader.SeS.QmTZDFzkA	RKyX	fml_display_name
string	com.facebook.soloader.SeS.QmTZDFzkA	SBNoFCaZucl	KEY_PROJECT_NOISE_REDUCED_AUDIO_MAP
string	com.facebook.soloader.SeS.QmTZDFzkA	TRy	is_fully_rolled_out
string	com.facebook.soloader.SeS.QmTZDFzkA	UZgOZOKvEBMG	fml_support_type
string	com.facebook.soloader.SeS.QmTZDFzkA	VvlEgVwiguUVs	]
string	com.facebook.soloader.SeS.QmTZDFzkA	ZBqhCpYSnlhAw	fml_available_android
string	com.facebook.soloader.SeS.QmTZDFzkA	bpleWsUo	fml_license_type
string	com.facebook.soloader.SeS.QmTZDFzkA	bsmFV	call to 'resume' before 'invoke' with coroutine
string	com.facebook.soloader.SeS.QmTZDFzkA	fcyULmGuVdJX	mProject
string	com.facebook.soloader.SeS.QmTZDFzkA	gbxZExF	fml_type
string	com.facebook.soloader.SeS.QmTZDFzkA	ilBFK	decoData
string	com.facebook.soloader.SeS.QmTZDFzkA	isblCLCTFFInEuP	Ignoring bit index greater than bitSet size
string	com.facebook.soloader.SeS.QmTZDFzkA	kRJCkHj	widevine
string	com.facebook.soloader.SeS.QmTZDFzkA	kmx	ctt_mask_rectangle
string	com.facebook.soloader.SeS.QmTZDFzkA	mBNNX	Unable to read database version.
string	com.facebook.soloader.SeS.QmTZDFzkA	mlRMeYlefCylVK	subcodes
string	com.facebook.soloader.SeS.QmTZDFzkA	nqDeluBuyNHIEEs	Could not encode the NSString into UTF-8: 
string	com.facebook.soloader.SeS.QmTZDFzkA	qtoi	fml_type
string	com.facebook.soloader.SeS.QmTZDFzkA	qzHhHxy	gads:gestures:paos:enabled
string	com.facebook.soloader.SeS.QmTZDFzkA	sASWaQXyw	center
string	com.facebook.soloader.SeS.QmTZDFzkA	sgFOuWWoJd	Downloaded 
string	com.facebook.soloader.SeS.QmTZDFzkA	tCBxNkd	subscriptionOfferDetails
string	com.facebook.soloader.SeS.QmTZDFzkA	tkE	inputType_
string	com.facebook.soloader.SeS.QmTZDFzkA	uSEsfPSJSOAGYDn	ctt_total_frame
string	com.facebook.soloader.SeS.QmTZDFzkA	veEVqcPPFTfA	ctt_info
string	com.facebook.soloader.SeS.QmTZDFzkA	wJSrvoVmTGwZwxj	media_stock_frame_2304_game4_16_9_h264_fhd
string	com.facebook.soloader.SeS.QmTZDFzkA	xthamcROzGeLu	CEiv6BFfPnitUE+D
string	com.facebook.soloader.SeS.QmTZDFzkA	zJnE	
string	com.fasterxml.jackson.core.internal.shaded.fdp.v2_22_0.chr.aM.GOwLDSFKY	ACYzozvvoD	media_stock_background_2101_slide_yellow_16_9_h264_fhd
string	com.fasterxml.jackson.core.internal.shaded.fdp.v2_22_0.chr.aM.GOwLDSFKY	AuVKecpLqT	Empty array can't be reduced.
string	com.fasterxml.jackson.core.internal.shaded.fdp.v2_22_0.chr.aM.GOwLDSFKY	CAJKpwUeWkfNlGT	fml_deprecated_android
string	com.fasterxml.jackson.core.internal.shaded.fdp.v2_22_0.chr.aM.GOwLDSFKY	CAtPoTAUswFhMcn	media_stock_background_2302_rec9_9_16_h264_preview
string	com.fasterxml.jackson.core.internal.shaded.fdp.v2_22_0.chr.aM.GOwLDSFKY	CCJuHVbgP	ctt_type
string	com.fasterxml.jackson.core.internal.shaded.fdp.v2_22_0.chr.aM.GOwLDSFKY	EkpqHlwECReqtji	FBSDKFeatureIntegritySample
string	com.fasterxml.jackson.core.internal.shaded.fdp.v2_22_0.chr.aM.GOwLDSFKY	FJtQBScWFUKWR	ctt_package_name
string	com.fasterxml.jackson.core.internal.shaded.fdp.v2_22_0.chr.aM.GOwLDSFKY	ImjdaJCmjiGD	Unrecognized TriState value: 
string	com.fasterxml.jackson.core.internal.shaded.fdp.v2_22_0.chr.aM.GOwLDSFKY	IozH	recents
string	com.fasterxml.jackson.core.internal.shaded.fdp.v2_22_0.chr.aM.GOwLDSFKY	KLahtMsgDt	ElevenLabsTranscribeResult(statements=
string	com.fasterxml.jackson.core.internal.shaded.fdp.v2_22_0.chr.aM.GOwLDSFKY	LQd	
string	com.fasterxml.jackson.core.internal.shaded.fdp.v2_22_0.chr.aM.GOwLDSFKY	NHxS	zzg
string	com.fasterxml.jackson.core.internal.shaded.fdp.v2_22_0.chr.aM.GOwLDSFKY	OLvmaYLHGS	Can't get the number of an unknown enum value.
string	com.fasterxml.jackson.core.internal.shaded.fdp.v2_22_0.chr.aM.GOwLDSFKY	OWPt	distort_wave_frequency
string	com.fasterxml.jackson.core.internal.shaded.fdp.v2_22_0.chr.aM.GOwLDSFKY	OdW	ctt_deprecated_ios
string	com.fasterxml.jackson.core.internal.shaded.fdp.v2_22_0.chr.aM.GOwLDSFKY	PAwA	font_en_secret_code.ttf
string	com.fasterxml.jackson.core.internal.shaded.fdp.v2_22_0.chr.aM.GOwLDSFKY	PRFkRpKNrsHxCkN	 ms
string	com.fasterxml.jackson.core.internal.shaded.fdp.v2_22_0.chr.aM.GOwLDSFKY	QZJseJEx	FirebaseMessaging
string	com.fasterxml.jackson.core.internal.shaded.fdp.v2_22_0.chr.aM.GOwLDSFKY	RxtcXDlON	sticker_123_2101_3_number_7
string	com.fasterxml.jackson.core.internal.shaded.fdp.v2_22_0.chr.aM.GOwLDSFKY	SYecxZ	aac
string	com.fasterxml.jackson.core.internal.shaded.fdp.v2_22_0.chr.aM.GOwLDSFKY	VZSRGRzUOWkUH	ctt_display_name
string	com.fasterxml.jackson.core.internal.shaded.fdp.v2_22_0.chr.aM.GOwLDSFKY	Vvuf	https://y00s454kzd.execute-api.us-east-1.amazonaws.com/prod/v5/login
string	com.fasterxml.jackson.core.internal.shaded.fdp.v2_22_0.chr.aM.GOwLDSFKY	XIIVcEeyiXe	
string	com.fasterxml.jackson.core.internal.shaded.fdp.v2_22_0.chr.aM.GOwLDSFKY	XenCAuRu	android.intent.action.VIEW
string	com.fasterxml.jackson.core.internal.shaded.fdp.v2_22_0.chr.aM.GOwLDSFKY	YsNEbi	motion_blur_database.sqlite3
string	com.fasterxml.jackson.core.internal.shaded.fdp.v2_22_0.chr.aM.GOwLDSFKY	ZgGUk	ctt_license_info
string	com.fasterxml.jackson.core.internal.shaded.fdp.v2_22_0.chr.aM.GOwLDSFKY	ZlcBKShrFeZ	, pid=
string	com.fasterxml.jackson.core.internal.shaded.fdp.v2_22_0.chr.aM.GOwLDSFKY	bcdjNZseS	position (
string	com.fasterxml.jackson.core.internal.shaded.fdp.v2_22_0.chr.aM.GOwLDSFKY	chexKLl	fml_support_type
string	com.fasterxml.jackson.core.internal.shaded.fdp.v2_22_0.chr.aM.GOwLDSFKY	eHOVh	Operation is not supported for read-only collection
string	com.fasterxml.jackson.core.internal.shaded.fdp.v2_22_0.chr.aM.GOwLDSFKY	fbcFkDdErYbDx	pkg_deletable
string	com.fasterxml.jackson.core.internal.shaded.fdp.v2_22_0.chr.aM.GOwLDSFKY	gETFHxT	color/
string	com.fasterxml.jackson.core.internal.shaded.fdp.v2_22_0.chr.aM.GOwLDSFKY	mcCW	lcs
string	com.fasterxml.jackson.core.internal.shaded.fdp.v2_22_0.chr.aM.GOwLDSFKY	nvXxKQezmdyplL	,
string	com.fasterxml.jackson.core.internal.shaded.fdp.v2_22_0.chr.aM.GOwLDSFKY	pEBEeYzrovu	ctt_available_ios
string	com.fasterxml.jackson.core.internal.shaded.fdp.v2_22_0.chr.aM.GOwLDSFKY	rReDZs	version
string	com.fasterxml.jackson.core.internal.shaded.fdp.v2_22_0.chr.aM.GOwLDSFKY	rjyqRwjZbban	type.googleapis.com/google.crypto.tink.KmsEnvelopeAeadKey
string	com.fasterxml.jackson.core.internal.shaded.fdp.v2_22_0.chr.aM.GOwLDSFKY	sjCa	<data>
string	com.fasterxml.jackson.core.internal.shaded.fdp.v2_22_0.chr.aM.GOwLDSFKY	uKPPYiuTzuCLs	sticker_cooking2_se_002
string	com.fasterxml.jackson.core.internal.shaded.fdp.v2_22_0.chr.aM.GOwLDSFKY	vPWBNWML	external-files-path
string	com.fasterxml.jackson.core.internal.shaded.fdp.v2_22_0.chr.aM.GOwLDSFKY	vRVYrTdhzI	fml_index
string	com.fasterxml.jackson.core.internal.shaded.fdp.v2_22_0.chr.aM.GOwLDSFKY	vxpdYn	transform
string	com.fasterxml.jackson.core.internal.shaded.fdp.v2_22_0.chr.aM.GOwLDSFKY	wyRB	Rewarded ad failed to load
string	com.fasterxml.jackson.core.internal.shaded.fdp.v2_22_0.chr.aM.GOwLDSFKY	xKBam	ExifVersion
string	com.fasterxml.jackson.core.internal.shaded.fdp.v2_22_0.chr.aM.GOwLDSFKY	ykvFnMvBir	x_
string	com.fasterxml.jackson.core.internal.shaded.fdp.v2_22_0.chr.aM.GOwLDSFKY	zwNBdzNxXiJbeS	items
string	com.fasterxml.jackson.databind.deser.bh.cEWxiTg	BLKtnONyn	media_stock_background_2306_shadow2_1_1_h264_fhd
string	com.fasterxml.jackson.databind.deser.bh.cEWxiTg	BLnMngQrKepQ	no such class found
string	com.fasterxml.jackson.databind.deser.bh.cEWxiTg	BVylVRg	exo_connect_timeout_millis
string	com.fasterxml.jackson.databind.deser.bh.cEWxiTg	FkxGWReMnaLYZ	CREATE TABLE IF NOT EXISTS room_master_table (id INTEGER PRIMARY KEY,identity_hash TEXT)
string	com.fasterxml.jackson.databind.deser.bh.cEWxiTg	HFdEI	connectivity
string	com.fasterxml.jackson.databind.deser.bh.cEWxiTg	HbV	index_hot_family_hot_family_name
string	com.fasterxml.jackson.databind.deser.bh.cEWxiTg	IPhjbqXxylqVxNp	CUSTOM_OBJECT_CREATE
string	com.fasterxml.jackson.databind.deser.bh.cEWxiTg	JkTS	ctt_license_info
string	com.fasterxml.jackson.databind.deser.bh.cEWxiTg	KDkqGaOl	ctt_deprecated_ios
string	com.fasterxml.jackson.databind.deser.bh.cEWxiTg	KWVsyhHLhS	android_id
string	com.fasterxml.jackson.databind.deser.bh.cEWxiTg	LNRCTAfiDpSTa	androidx.media3.exoplayer.mediacodec.MediaCodecRenderer_
string	com.fasterxml.jackson.databind.deser.bh.cEWxiTg	MxCcbgPS	bk3t6gFTc30=
string	com.fasterxml.jackson.databind.deser.bh.cEWxiTg	Oico	unspecified
string	com.fasterxml.jackson.databind.deser.bh.cEWxiTg	OjdoXgxupeDTO	transform
string	com.fasterxml.jackson.databind.deser.bh.cEWxiTg	PjqyFx	NetworkLost
string	com.fasterxml.jackson.databind.deser.bh.cEWxiTg	RZSiYNFsS	mProject
string	com.fasterxml.jackson.databind.deser.bh.cEWxiTg	RkmhovNCO	 entries, hash area of 
string	com.fasterxml.jackson.databind.deser.bh.cEWxiTg	SLiHxO	NullPointerException occurs when invoking a method from a delegating listener.
string	com.fasterxml.jackson.databind.deser.bh.cEWxiTg	SlmwZTbFgZoR	sticker_cooking1_bu_pack06_06fire
string	com.fasterxml.jackson.databind.deser.bh.cEWxiTg	TGduQvPCeGcKZu	[
string	com.fasterxml.jackson.databind.deser.bh.cEWxiTg	TMXh	transition
string	com.fasterxml.jackson.databind.deser.bh.cEWxiTg	UPmk	\n\nWriter pool:\n
string	com.fasterxml.jackson.databind.deser.bh.cEWxiTg	WPuLEGOwUbTyTw	key = 
string	com.fasterxml.jackson.databind.deser.bh.cEWxiTg	ZHXTZJPMoeaWd	end position (= 
string	com.fasterxml.jackson.databind.deser.bh.cEWxiTg	ZsyZMXrtzXZqhWO	No location header to follow redirect
string	com.fasterxml.jackson.databind.deser.bh.cEWxiTg	bsXYkMhM	gads:sai:enabled
string	com.fasterxml.jackson.databind.deser.bh.cEWxiTg	cHGhbepMOEJKppu	ctt_license_info
string	com.fasterxml.jackson.databind.deser.bh.cEWxiTg	dExiMmWuFUOCMd	tag_for_child_directed_treatment
string	com.fasterxml.jackson.databind.deser.bh.cEWxiTg	eJJzxmGnVg	android.intent.action.VIEW
string	com.fasterxml.jackson.databind.deser.bh.cEWxiTg	emOitRYzCtbCx	media_stock_blackscreen_2307_light8_1_1_h264_hd
string	com.fasterxml.jackson.databind.deser.bh.cEWxiTg	fEpspQ	visitSubtreeIf called on an unattached node
string	com.fasterxml.jackson.databind.deser.bh.cEWxiTg	iPemczJg	Key strength was already set to %s
string	com.fasterxml.jackson.databind.deser.bh.cEWxiTg	jfutaPv	ad_impression
string	com.fasterxml.jackson.databind.deser.bh.cEWxiTg	kqphIT	run_attempt_count
string	com.fasterxml.jackson.databind.deser.bh.cEWxiTg	lmXDuOw	viewImpl
string	com.fasterxml.jackson.databind.deser.bh.cEWxiTg	mdQM	VALUE_FALSE
string	com.fasterxml.jackson.databind.deser.bh.cEWxiTg	moOYm	ctt_license_type
string	com.fasterxml.jackson.databind.deser.bh.cEWxiTg	ooysUGRRAD	install_source_info
string	com.fasterxml.jackson.databind.deser.bh.cEWxiTg	qXS	NetworkMeteredCtrlr
string	com.fasterxml.jackson.databind.deser.bh.cEWxiTg	suC	text/html
string	com.fasterxml.jackson.databind.deser.bh.cEWxiTg	tFya	LUT_1D_SIZE
string	com.fasterxml.jackson.databind.deser.bh.cEWxiTg	tSZCCPUDcgZ	Unexpected MIME type.
string	com.fasterxml.jackson.databind.deser.bh.cEWxiTg	ubhrZDNxOA	??
string	com.fasterxml.jackson.databind.deser.bh.cEWxiTg	vuHStutSH	fml_available_android
string	com.fasterxml.jackson.databind.deser.bh.cEWxiTg	yDvMV	media_stock_game_2101_game_over_3_16_9_h264_sd
string	com.fasterxml.jackson.databind.deser.bh.cEWxiTg	yniTdbZTdmYJc	fml_deprecated_ios
string	com.fasterxml.jackson.databind.deser.bh.cEWxiTg	ysRIAIEvPOSrxeR	\\a
string	com.fasterxml.jackson.databind.node.zJaP.Gcyq	DJmnjBPH	Failed to getValue() with method 
string	com.fasterxml.jackson.databind.node.zJaP.Gcyq	Dnm	audio/raw
string	com.fasterxml.jackson.databind.node.zJaP.Gcyq	EAOXli	)
string	com.fasterxml.jackson.databind.node.zJaP.Gcyq	FWQbaUkAgDngnLi	pkg_support_type
string	com.fasterxml.jackson.databind.node.zJaP.Gcyq	FvP	Could not parse buffer parameters in loadControl video GMSG: (
string	com.fasterxml.jackson.databind.node.zJaP.Gcyq	HAteT	-._~!$'()*,;&=@:+/?
string	com.fasterxml.jackson.databind.node.zJaP.Gcyq	JsFbbLtNy	3412
string	com.fasterxml.jackson.databind.node.zJaP.Gcyq	NieXgsdM	android.support.customtabs.extra.SESSION
string	com.fasterxml.jackson.databind.node.zJaP.Gcyq	OPpLv	key must be repeating
string	com.fasterxml.jackson.databind.node.zJaP.Gcyq	OgRZSP	owner$volatile
string	com.fasterxml.jackson.databind.node.zJaP.Gcyq	RjifzkpiDXMNOo	?
string	com.fasterxml.jackson.databind.node.zJaP.Gcyq	RkEwGI	ctt_user_created
string	com.fasterxml.jackson.databind.node.zJaP.Gcyq	TBKEwfGmOfXMGoR	Unexpected writer close()
string	com.fasterxml.jackson.databind.node.zJaP.Gcyq	VAZUnjHDXVT	=
string	com.fasterxml.jackson.databind.node.zJaP.Gcyq	Vglx	GlowFilter: { color=%s; blurX=%f; blurY=%f; strength=%f; mode=%s; passes=%d}
string	com.fasterxml.jackson.databind.node.zJaP.Gcyq	WqEuqDZqBxkbUV	Functions.forMap(
string	com.fasterxml.jackson.databind.node.zJaP.Gcyq	Xxmsd	ctt_thumbnail
string	com.fasterxml.jackson.databind.node.zJaP.Gcyq	ZbMuYFAMNQCWU	text/x-ssa
string	com.fasterxml.jackson.databind.node.zJaP.Gcyq	ZhZTiBtewNerBo	advertiser_tracking_enabled
string	com.fasterxml.jackson.databind.node.zJaP.Gcyq	aBXljNpTnHRg	release
string	com.fasterxml.jackson.databind.node.zJaP.Gcyq	aJEfYBiqrKfpFx	visual_edit_layer_update
string	com.fasterxml.jackson.databind.node.zJaP.Gcyq	agEkRZflSE	 enableAutomaticDownload
string	com.fasterxml.jackson.databind.node.zJaP.Gcyq	axvs	choi
string	com.fasterxml.jackson.databind.node.zJaP.Gcyq	bMCaKmyAw	hot_content
string	com.fasterxml.jackson.databind.node.zJaP.Gcyq	bZw	vernee_M5
string	com.fasterxml.jackson.databind.node.zJaP.Gcyq	ciWhJO	)  != bitsPerSample( 
string	com.fasterxml.jackson.databind.node.zJaP.Gcyq	csMAWR	
string	com.fasterxml.jackson.databind.node.zJaP.Gcyq	dPrUdOIFWoA	productId
string	com.fasterxml.jackson.databind.node.zJaP.Gcyq	edxxHpncygTuXFP	type.googleapis.com/google.crypto.tink.AesCtrHmacAeadKey
string	com.fasterxml.jackson.databind.node.zJaP.Gcyq	fVqGHLh	BillingClientTesting
string	com.fasterxml.jackson.databind.node.zJaP.Gcyq	iGmLtKS	animator_duration_scale
string	com.fasterxml.jackson.databind.node.zJaP.Gcyq	jZxLwyWzhUjA	pkg_available_ios
string	com.fasterxml.jackson.databind.node.zJaP.Gcyq	jcpu	
string	com.fasterxml.jackson.databind.node.zJaP.Gcyq	lltY	.nullsLast()
string	com.fasterxml.jackson.databind.node.zJaP.Gcyq	mUulJZAVRQRYwG	message_type
string	com.fasterxml.jackson.databind.node.zJaP.Gcyq	mkdFnOjEfk	Unable to find acceptable protocols. isFallback=
string	com.fasterxml.jackson.databind.node.zJaP.Gcyq	nIWv	classifierOptions_
string	com.fasterxml.jackson.databind.node.zJaP.Gcyq	oiImh	media_stock_background_2101_sparkle_16_9_h264_fhd
string	com.fasterxml.jackson.databind.node.zJaP.Gcyq	plZvLFCVGnvaAy	ga_session_id
string	com.fasterxml.jackson.databind.node.zJaP.Gcyq	psEMBbIisO	n
string	com.fasterxml.jackson.databind.node.zJaP.Gcyq	qCXDsMbgyL	Must be called at most once
string	com.fasterxml.jackson.databind.node.zJaP.Gcyq	qITWoTAJcc	fml_font_th_thasadith_italic
string	com.fasterxml.jackson.databind.node.zJaP.Gcyq	tpYJlp	ctt_family_name
string	com.fasterxml.jackson.databind.node.zJaP.Gcyq	vgDGdSP	mark is not supported
string	com.fasterxml.jackson.databind.node.zJaP.Gcyq	vnZIddZ	[ \\.]
string	com.fasterxml.jackson.databind.node.zJaP.Gcyq	wwz	#007 Could not call remote method.
string	com.fasterxml.jackson.databind.node.zJaP.Gcyq	xSGuhDtfWNLV	
string	com.fasterxml.jackson.databind.node.zJaP.Gcyq	zYTOTbThKngY	org.apache.tomcat.dbcp.dbcp2.datasources.PerUserPoolDataSource
string	com.fasterxml.jackson.databind.node.zJaP.Gcyq	zpTGR	CONTENT_URL
string	com.giphy.sdk.core.network.response.NkbY.ZMyXlgJa	ADwhBlIvxFMrzW	05
string	com.giphy.sdk.core.network.response.NkbY.ZMyXlgJa	ApfudrSx	 - PermissionManager::startPermissionDescController()
string	com.giphy.sdk.core.network.response.NkbY.ZMyXlgJa	BwpcBz	vllo
string	com.giphy.sdk.core.network.response.NkbY.ZMyXlgJa	CLpBc	com.google.firebase.MESSAGING_EVENT
string	com.giphy.sdk.core.network.response.NkbY.ZMyXlgJa	CNFGnuAXezcgQxl	CLEAR_CURRENT_TOKEN_ON_CLOSE
string	com.giphy.sdk.core.network.response.NkbY.ZMyXlgJa	CVIEzIjOhXVR	(
string	com.giphy.sdk.core.network.response.NkbY.ZMyXlgJa	Dwr	ctt_text_font_name
string	com.giphy.sdk.core.network.response.NkbY.ZMyXlgJa	GCuZW	REMOTE
string	com.giphy.sdk.core.network.response.NkbY.ZMyXlgJa	GreALtwLL	ctt_name_action_frame
string	com.giphy.sdk.core.network.response.NkbY.ZMyXlgJa	HjqzTHA	|
string	com.giphy.sdk.core.network.response.NkbY.ZMyXlgJa	HljyOEXQMkwIY	DELETE FROM hot_content
string	com.giphy.sdk.core.network.response.NkbY.ZMyXlgJa	JHexyXLWdW	media_stock_blackscreen_2307_fireworks3_1_1_h264_sd
string	com.giphy.sdk.core.network.response.NkbY.ZMyXlgJa	JagDslFaCZjD	native-assets-loading-media-start
string	com.giphy.sdk.core.network.response.NkbY.ZMyXlgJa	KTMZ	RecursiveRenderer
string	com.giphy.sdk.core.network.response.NkbY.ZMyXlgJa	KseUkhQT	ctt_license_type
string	com.giphy.sdk.core.network.response.NkbY.ZMyXlgJa	ObxitfHMu	Invalid claims
string	com.giphy.sdk.core.network.response.NkbY.ZMyXlgJa	SaTH	ctt_available_ios
string	com.giphy.sdk.core.network.response.NkbY.ZMyXlgJa	TzNDufbD	platform_
string	com.giphy.sdk.core.network.response.NkbY.ZMyXlgJa	UtHypJTxAeYUHH	fml_icon_name
string	com.giphy.sdk.core.network.response.NkbY.ZMyXlgJa	VgaELXCR	zzg
string	com.giphy.sdk.core.network.response.NkbY.ZMyXlgJa	YVyCXuOU	font_tw_notoseriftc_bold
string	com.giphy.sdk.core.network.response.NkbY.ZMyXlgJa	YaPFzzIyE	Video GMSG: 
string	com.giphy.sdk.core.network.response.NkbY.ZMyXlgJa	ZXAErhovgphMj	)
string	com.giphy.sdk.core.network.response.NkbY.ZMyXlgJa	ZkmqRaMiv	animation_out_blur_focus
string	com.giphy.sdk.core.network.response.NkbY.ZMyXlgJa	alALswtEuCJaqsF	device_token
string	com.giphy.sdk.core.network.response.NkbY.ZMyXlgJa	cXJyESA	_metadata
string	com.giphy.sdk.core.network.response.NkbY.ZMyXlgJa	djyRImvLgucZbNU	Missing required view with ID: 
string	com.giphy.sdk.core.network.response.NkbY.ZMyXlgJa	fCaJqhDP	Got a JSON exception trying to decode ProductDetails. \n Exception: 
string	com.giphy.sdk.core.network.response.NkbY.ZMyXlgJa	fcIo	; readOnly = 
string	com.giphy.sdk.core.network.response.NkbY.ZMyXlgJa	fiSQzxIibPCbg	Skipping SPU (no palette)
string	com.giphy.sdk.core.network.response.NkbY.ZMyXlgJa	gvjlZRE	Non-transparent snapshot was reused: 
string	com.giphy.sdk.core.network.response.NkbY.ZMyXlgJa	hCBDnLaquBYWaQ	Lazy value not initialized yet.
string	com.giphy.sdk.core.network.response.NkbY.ZMyXlgJa	hmbfrexhAdLxWbW	rewarded
string	com.giphy.sdk.core.network.response.NkbY.ZMyXlgJa	iGiJjdRGrIbcBk	pkg_type
string	com.giphy.sdk.core.network.response.NkbY.ZMyXlgJa	ilyelL	Cabaret
string	com.giphy.sdk.core.network.response.NkbY.ZMyXlgJa	mTaiixuQx	Failed to create Adapter.
string	com.giphy.sdk.core.network.response.NkbY.ZMyXlgJa	mfxyskIfOdLBn	OrtSession(numInputs=
string	com.giphy.sdk.core.network.response.NkbY.ZMyXlgJa	nMuZnxf	ctt_data
string	com.giphy.sdk.core.network.response.NkbY.ZMyXlgJa	njWrMOhNte	 does not contain node 
string	com.giphy.sdk.core.network.response.NkbY.ZMyXlgJa	oXcYPuEfm	af_android_custom_url
string	com.giphy.sdk.core.network.response.NkbY.ZMyXlgJa	pDSMQJeIYJRzK	media_stock_blackscreen_2307_bubbles2_1_1_h264_preview
string	com.giphy.sdk.core.network.response.NkbY.ZMyXlgJa	rvGnPzUw	negative size: 
string	com.giphy.sdk.core.network.response.NkbY.ZMyXlgJa	tFNn	Auto Caption
string	com.giphy.sdk.core.network.response.NkbY.ZMyXlgJa	vurKMlNtoYdXLx	widths
string	com.giphy.sdk.core.network.response.NkbY.ZMyXlgJa	zyhjfhohbjCTh	package
string	com.google.android.gms.common.annotation.NDm.aDOIUmBqBu	BFYLNNTbdkn	Received GMSG: 
string	com.google.android.gms.common.annotation.NDm.aDOIUmBqBu	CpN	onReceive: isLaunchCalled
string	com.google.android.gms.common.annotation.NDm.aDOIUmBqBu	FMnyKGlhWyXOA	
string	com.google.android.gms.common.annotation.NDm.aDOIUmBqBu	HASmRXPPCzK	gads:corewebview:experiment_id
string	com.google.android.gms.common.annotation.NDm.aDOIUmBqBu	HbgOgOBDLi	)
string	com.google.android.gms.common.annotation.NDm.aDOIUmBqBu	HzzPgKMbgBITgpJ	eq
string	com.google.android.gms.common.annotation.NDm.aDOIUmBqBu	IxkerzTteZ	Current token (
string	com.google.android.gms.common.annotation.NDm.aDOIUmBqBu	NSZofsvjJYDJC	fml_deletable
string	com.google.android.gms.common.annotation.NDm.aDOIUmBqBu	PMsPrnJVZST	tc_tag_id_list
string	com.google.android.gms.common.annotation.NDm.aDOIUmBqBu	QtQ	fire-android
string	com.google.android.gms.common.annotation.NDm.aDOIUmBqBu	TEEpfZFZbfLmSsB	na
string	com.google.android.gms.common.annotation.NDm.aDOIUmBqBu	TSfZVOptc	digits
string	com.google.android.gms.common.annotation.NDm.aDOIUmBqBu	UkFN	
string	com.google.android.gms.common.annotation.NDm.aDOIUmBqBu	VdRBqrM	lDxwfC9v81iH8k5oZzjXwvXqP
string	com.google.android.gms.common.annotation.NDm.aDOIUmBqBu	WInP	media_stock_blackscreen_2307_light6_1_1_h264_preview
string	com.google.android.gms.common.annotation.NDm.aDOIUmBqBu	XURIaAi	IV size is not set
string	com.google.android.gms.common.annotation.NDm.aDOIUmBqBu	XqkMfjzJyNvL	attemptNumber
string	com.google.android.gms.common.annotation.NDm.aDOIUmBqBu	YIOgu	start
string	com.google.android.gms.common.annotation.NDm.aDOIUmBqBu	YygvRk	application/x-camera-motion
string	com.google.android.gms.common.annotation.NDm.aDOIUmBqBu	ZaGRjGNicrikW	emergency
string	com.google.android.gms.common.annotation.NDm.aDOIUmBqBu	afAFvuDhwoQvSU	ctt_loop_frame
string	com.google.android.gms.common.annotation.NDm.aDOIUmBqBu	bDWfxHayfBDUthO	
string	com.google.android.gms.common.annotation.NDm.aDOIUmBqBu	cVETJOlfSUed	hot_family.hot_count
string	com.google.android.gms.common.annotation.NDm.aDOIUmBqBu	cbHClRE	ctt_deprecated_android
string	com.google.android.gms.common.annotation.NDm.aDOIUmBqBu	cjwGpDscGaL	0
string	com.google.android.gms.common.annotation.NDm.aDOIUmBqBu	doOpOhoazI	startCodec
string	com.google.android.gms.common.annotation.NDm.aDOIUmBqBu	fyjZMhrRnZD	options_
string	com.google.android.gms.common.annotation.NDm.aDOIUmBqBu	gRw	ctt_license_type
string	com.google.android.gms.common.annotation.NDm.aDOIUmBqBu	hNXyWvBE	Already awaiting connection attempt
string	com.google.android.gms.common.annotation.NDm.aDOIUmBqBu	hnbeZKsTusbHZIB	ActivityContent fetchId: 
string	com.google.android.gms.common.annotation.NDm.aDOIUmBqBu	hqOOMioq	startTimeMillis
string	com.google.android.gms.common.annotation.NDm.aDOIUmBqBu	hufIZAott	BACKGROUND
string	com.google.android.gms.common.annotation.NDm.aDOIUmBqBu	iQoXdAAqhjAfa	: 
string	com.google.android.gms.common.annotation.NDm.aDOIUmBqBu	llShWRxQMe	Waiting on SoSource 
string	com.google.android.gms.common.annotation.NDm.aDOIUmBqBu	mdXUThBttte	Missing required view with ID: 
string	com.google.android.gms.common.annotation.NDm.aDOIUmBqBu	mejkJLHDdRBmCte	com.android.billingclient.api.SkuDetailsResponseListener
string	com.google.android.gms.common.annotation.NDm.aDOIUmBqBu	oOzNUoZdEBth	sticker_arrow1_se_d02
string	com.google.android.gms.common.annotation.NDm.aDOIUmBqBu	pdBTpuRcBRmQtK	NONE
string	com.google.android.gms.common.annotation.NDm.aDOIUmBqBu	qlRqYio	sticker_christmas1_bu_pack08_02ornament01
string	com.google.android.gms.common.annotation.NDm.aDOIUmBqBu	sSUHpEmwbSXqIaE	fml_thumbnail
string	com.google.android.gms.common.annotation.NDm.aDOIUmBqBu	saLEjIExhVN	false
string	com.google.android.gms.common.annotation.NDm.aDOIUmBqBu	vLnTnyYtATe	LOGGING ERROR: 
string	com.google.android.gms.common.annotation.NDm.aDOIUmBqBu	vTfpZAgWLvILBPJ	androidx.core.view.accessibility.action.ARGUMENT_SCROLL_AMOUNT_FLOAT
string	com.google.android.gms.common.annotation.NDm.aDOIUmBqBu	wdReYPuExw	appUserId
string	com.google.android.gms.common.annotation.NDm.aDOIUmBqBu	wkQoBaygtIVdsmd	OPTIONAL_MODULE_INFERENCE_ERROR
string	com.google.android.gms.common.annotation.NDm.aDOIUmBqBu	ydRNYwqJleV	hash_
string	com.google.android.gms.common.annotation.NDm.aDOIUmBqBu	zBkVCtOhHYi	media_stock_bg_frame_2406_gameboy5_hd
string	com.google.android.gms.tflite.dynamite.jsY.WyatItNQ	DhfKVDYWYp	]
string	com.google.android.gms.tflite.dynamite.jsY.WyatItNQ	DlfHYvQfdw	af_siteid
string	com.google.android.gms.tflite.dynamite.jsY.WyatItNQ	FByvlBLMfzLM	pkg_deprecated_ios
string	com.google.android.gms.tflite.dynamite.jsY.WyatItNQ	FFkiGMNGwyq	}
string	com.google.android.gms.tflite.dynamite.jsY.WyatItNQ	FJION	attach: 
string	com.google.android.gms.tflite.dynamite.jsY.WyatItNQ	FgPHpe	 frames
string	com.google.android.gms.tflite.dynamite.jsY.WyatItNQ	GRi	sticker_emotion1_bu_pack05_07flower
string	com.google.android.gms.tflite.dynamite.jsY.WyatItNQ	GWWtlIvv	zza
string	com.google.android.gms.tflite.dynamite.jsY.WyatItNQ	GXpzvcX	Failed to close rollouts state file.
string	com.google.android.gms.tflite.dynamite.jsY.WyatItNQ	HAhAsvMXlshp	pcam
string	com.google.android.gms.tflite.dynamite.jsY.WyatItNQ	KQKuyCHqo	ctt_family_name
string	com.google.android.gms.tflite.dynamite.jsY.WyatItNQ	KmeJQCFVwpZ	DELETE FROM worktag WHERE work_spec_id=?
string	com.google.android.gms.tflite.dynamite.jsY.WyatItNQ	LllLiYeCzsnV	. ErrorDomain = 
string	com.google.android.gms.tflite.dynamite.jsY.WyatItNQ	Lxm	Punk
string	com.google.android.gms.tflite.dynamite.jsY.WyatItNQ	NWzbq	FirebaseMessaging
string	com.google.android.gms.tflite.dynamite.jsY.WyatItNQ	TYBjwIqjCZMPOf	isUpdate
string	com.google.android.gms.tflite.dynamite.jsY.WyatItNQ	UEnmTdImjzVJ	 cannot be instantiated.
string	com.google.android.gms.tflite.dynamite.jsY.WyatItNQ	WzZBNu	Trying to use a closed OrtCheckpointState
string	com.google.android.gms.tflite.dynamite.jsY.WyatItNQ	XXcHI	 mTag=
string	com.google.android.gms.tflite.dynamite.jsY.WyatItNQ	ZFq	ctt_index
string	com.google.android.gms.tflite.dynamite.jsY.WyatItNQ	ZNpejGot	VLReshapeUIData(type=
string	com.google.android.gms.tflite.dynamite.jsY.WyatItNQ	ZXxeHCVURNo	DELETE FROM hot_family
string	com.google.android.gms.tflite.dynamite.jsY.WyatItNQ	cFNB	Missing Stream Header
string	com.google.android.gms.tflite.dynamite.jsY.WyatItNQ	cbaxUqBQGWvRtSH	hot_content
string	com.google.android.gms.tflite.dynamite.jsY.WyatItNQ	gEaE	 - PreviewCtrl::prepareMediaPlayer() - begin
string	com.google.android.gms.tflite.dynamite.jsY.WyatItNQ	gRfwQOSJtzIiDV	ctt_file_name
string	com.google.android.gms.tflite.dynamite.jsY.WyatItNQ	hlOYQfMhXHEW	fml_icon_name
string	com.google.android.gms.tflite.dynamite.jsY.WyatItNQ	kwKni	sticker_food_2201_choco4
string	com.google.android.gms.tflite.dynamite.jsY.WyatItNQ	lMQUFxkj	EP_SUPPORTED_PREFER_RECOMPILATION
string	com.google.android.gms.tflite.dynamite.jsY.WyatItNQ	npn	fml_display_name
string	com.google.android.gms.tflite.dynamite.jsY.WyatItNQ	nxlumBHuW	ctt_has_sound
string	com.google.android.gms.tflite.dynamite.jsY.WyatItNQ	oKGaXtZAcQ	a
string	com.google.android.gms.tflite.dynamite.jsY.WyatItNQ	pDA	click_point
string	com.google.android.gms.tflite.dynamite.jsY.WyatItNQ	pbczLvQyQm	ctt_user_created
string	com.google.android.gms.tflite.dynamite.jsY.WyatItNQ	rKkad	AdWebViewImpl.onDownloadStart: 
string	com.google.android.gms.tflite.dynamite.jsY.WyatItNQ	rLtSxoNmKw	Missing required view with ID: 
string	com.google.android.gms.tflite.dynamite.jsY.WyatItNQ	sGjB	pushPayloadMaxAging
string	com.google.android.gms.tflite.dynamite.jsY.WyatItNQ	tbzShPwCNgoWjlt	ALTER TABLE apps ADD COLUMN dev_cert_hash INTEGER;
string	com.google.android.gms.tflite.dynamite.jsY.WyatItNQ	uCq	' is not part of current active view '
string	com.google.android.gms.tflite.dynamite.jsY.WyatItNQ	uwuqCSUqN	fml_available_ios
string	com.google.android.gms.tflite.dynamite.jsY.WyatItNQ	uzMJzieETuPd	ctt_info
string	com.google.android.gms.tflite.dynamite.jsY.WyatItNQ	vPkXYgqLNQWndF	uploadType
string	com.google.android.gms.tflite.dynamite.jsY.WyatItNQ	wJDsaAxR	font_ko_Binggrae.ttf
string	com.google.android.gms.tflite.dynamite.jsY.WyatItNQ	zezauLnlpUt	font_tw_notosanscjktc_medium.otf
string	com.google.android.material.bottomappbar.VP.pXCbcyxvci	AvIrhRhsAhZBfHu	\n, target pts: 
string	com.google.android.material.bottomappbar.VP.pXCbcyxvci	BoZeqRF	fml_available_android
string	com.google.android.material.bottomappbar.VP.pXCbcyxvci	DbcedmHUUMTypYz	 minSuppressionThreshold
string	com.google.android.material.bottomappbar.VP.pXCbcyxvci	DePxfmgAOVcB	yyyy-MM-dd
string	com.google.android.material.bottomappbar.VP.pXCbcyxvci	DwlAbloWf	com.vimosoft.vllo.decoSelectionState
string	com.google.android.material.bottomappbar.VP.pXCbcyxvci	DwsIXHcTbPtGY	ctt_data
string	com.google.android.material.bottomappbar.VP.pXCbcyxvci	DyzBorS	fml_resource_type
string	com.google.android.material.bottomappbar.VP.pXCbcyxvci	EeBgmttToJ	, type=
string	com.google.android.material.bottomappbar.VP.pXCbcyxvci	HiaxrMmPVeCt	pkg_type
string	com.google.android.material.bottomappbar.VP.pXCbcyxvci	HnVVnPiimf	effectKeyFrameContainer
string	com.google.android.material.bottomappbar.VP.pXCbcyxvci	JdIYXRW	St.
string	com.google.android.material.bottomappbar.VP.pXCbcyxvci	MIWDcJ	p
string	com.google.android.material.bottomappbar.VP.pXCbcyxvci	NVTTAX	IN_KARAOKE_2
string	com.google.android.material.bottomappbar.VP.pXCbcyxvci	NsTMsIqCNr	BypassAppSwitch
string	com.google.android.material.bottomappbar.VP.pXCbcyxvci	PmMaVSdjvxD	onRemoveRecentGif
string	com.google.android.material.bottomappbar.VP.pXCbcyxvci	PrWePFt	fml_thumbnail
string	com.google.android.material.bottomappbar.VP.pXCbcyxvci	QGISMakxCc	msword
string	com.google.android.material.bottomappbar.VP.pXCbcyxvci	QRKrjk	kotlin.jvm.functions.Function14
string	com.google.android.material.bottomappbar.VP.pXCbcyxvci	QnIJPtCfLvQRSMv	frame
string	com.google.android.material.bottomappbar.VP.pXCbcyxvci	RWGyeJuGIx	spread_inside
string	com.google.android.material.bottomappbar.VP.pXCbcyxvci	UFgKtS	VP8L
string	com.google.android.material.bottomappbar.VP.pXCbcyxvci	UgKAsHZLzCvxi	expired_event_name
string	com.google.android.material.bottomappbar.VP.pXCbcyxvci	UmlMJopVsXBDuCK	machuca
string	com.google.android.material.bottomappbar.VP.pXCbcyxvci	VGo	ctt_package_name
string	com.google.android.material.bottomappbar.VP.pXCbcyxvci	VxscTxsVnlKu	illegal syntax
string	com.google.android.material.bottomappbar.VP.pXCbcyxvci	XSQyzgk	ctt_data
string	com.google.android.material.bottomappbar.VP.pXCbcyxvci	aDuk	queryPurchasesAsync
string	com.google.android.material.bottomappbar.VP.pXCbcyxvci	cYsg	gads:server_transaction_source:list
string	com.google.android.material.bottomappbar.VP.pXCbcyxvci	cyVrQlcXG	pkg_deprecated_android
string	com.google.android.material.bottomappbar.VP.pXCbcyxvci	etwHbLOOyT	layout_inflater
string	com.google.android.material.bottomappbar.VP.pXCbcyxvci	gmHVThxsxp	ctt_has_sound
string	com.google.android.material.bottomappbar.VP.pXCbcyxvci	iYQzvRbBpKFKyXp	effectiveDirectAddress
string	com.google.android.material.bottomappbar.VP.pXCbcyxvci	jnJhirAQhViOHr	ctt_package_name
string	com.google.android.material.bottomappbar.VP.pXCbcyxvci	oCVkLPm	Security
string	com.google.android.material.bottomappbar.VP.pXCbcyxvci	qUoCpC	android.media.metadata.TRACK_NUMBER
string	com.google.android.material.bottomappbar.VP.pXCbcyxvci	qvSwwGWOoGNg	StrokeEnabled
string	com.google.android.material.bottomappbar.VP.pXCbcyxvci	tUCNpVpLllh	module_name
string	com.google.android.material.bottomappbar.VP.pXCbcyxvci	vbZesuOG	deviceId
string	com.google.android.material.bottomappbar.VP.pXCbcyxvci	wMAsEE	Shadow(color=
string	com.google.android.material.bottomappbar.VP.pXCbcyxvci	xZNfGUOouYKbzg	Expected WEBVTT. Got 
string	com.google.android.material.bottomappbar.VP.pXCbcyxvci	yqTT	unknown:
string	com.google.android.material.bottomappbar.VP.pXCbcyxvci	ytLETYcDa	AdtsReader
string	com.google.android.material.bottomappbar.VP.pXCbcyxvci	zpbtdSVeq	deco_sound_record
string	com.google.android.material.transformation.lYo.VsnnCeU	AwYpghIEh	ctt_need_download
string	com.google.android.material.transformation.lYo.VsnnCeU	CEviYzDNqlR	fml_available_ios
string	com.google.android.material.transformation.lYo.VsnnCeU	ClcVDdtUoxrRgS	CPU
string	com.google.android.material.transformation.lYo.VsnnCeU	DLQpB	rootView
string	com.google.android.material.transformation.lYo.VsnnCeU	EoEHomBhsG	holderAttached
string	com.google.android.material.transformation.lYo.VsnnCeU	FxaHlRe	family.fml_available_android = 1
string	com.google.android.material.transformation.lYo.VsnnCeU	HnLvSO	sticker_pet1_bu_pet_hat2
string	com.google.android.material.transformation.lYo.VsnnCeU	Hujpahws	Less than 0 remaining futures
string	com.google.android.material.transformation.lYo.VsnnCeU	HwnNHUrBRkr	 and 
string	com.google.android.material.transformation.lYo.VsnnCeU	KoSQEwTR	keyboard_shortcut
string	com.google.android.material.transformation.lYo.VsnnCeU	LToaME	ctt_font_ja_hachimarupop_regular
string	com.google.android.material.transformation.lYo.VsnnCeU	MxYhser	zzd
string	com.google.android.material.transformation.lYo.VsnnCeU	Nhy	Trying to create an OnnxTensor with a closed OrtAllocator.
string	com.google.android.material.transformation.lYo.VsnnCeU	QCHUqenJlyrtZtH	keyboard_shortcut
string	com.google.android.material.transformation.lYo.VsnnCeU	QVsDV	SUCCESS
string	com.google.android.material.transformation.lYo.VsnnCeU	RdrIpmOmOGgnQDT	FirebaseCrashlytics component is not present.
string	com.google.android.material.transformation.lYo.VsnnCeU	SnGXu	ctt_support_content_type
string	com.google.android.material.transformation.lYo.VsnnCeU	StmPz	 ping
string	com.google.android.material.transformation.lYo.VsnnCeU	TFL	DefineButton2: { type=%s; identifier=%d; buttonRecords=%s; handlers=%s}
string	com.google.android.material.transformation.lYo.VsnnCeU	VsCnKSxPVYIZUt	setCookie
string	com.google.android.material.transformation.lYo.VsnnCeU	VuN	project
string	com.google.android.material.transformation.lYo.VsnnCeU	XEwoTsiPFhxBz	arb
string	com.google.android.material.transformation.lYo.VsnnCeU	XsEATEYFcKhTXvm	btnCapture
string	com.google.android.material.transformation.lYo.VsnnCeU	aGKfigJMEZBU	ctt_user_created
string	com.google.android.material.transformation.lYo.VsnnCeU	bHo	pkg_deprecated_android
string	com.google.android.material.transformation.lYo.VsnnCeU	bVc	filter_fx
string	com.google.android.material.transformation.lYo.VsnnCeU	cjt	organic_keywords
string	com.google.android.material.transformation.lYo.VsnnCeU	exOjwiboOXrzuOZ	`JsonNode` not of type `ObjectNode` (but `
string	com.google.android.material.transformation.lYo.VsnnCeU	fNQbHEPVe	fml_default
string	com.google.android.material.transformation.lYo.VsnnCeU	fRROonePhAmptK	#007 Could not call remote method.
string	com.google.android.material.transformation.lYo.VsnnCeU	jHmINTAJtgLoUFn	ad_request
string	com.google.android.material.transformation.lYo.VsnnCeU	jfbWrfuWEVFkg	Error storing complex main event. appId
string	com.google.android.material.transformation.lYo.VsnnCeU	jkXwjBEoIkUPvc	sticker_comic1_se_011
string	com.google.android.material.transformation.lYo.VsnnCeU	kQhlrxT	t
string	com.google.android.material.transformation.lYo.VsnnCeU	nymwfoHFZJ	ReflectiveCurveTo(x1=
string	com.google.android.material.transformation.lYo.VsnnCeU	pOQPigMButaJQo	animation_out_blur_bounce
string	com.google.android.material.transformation.lYo.VsnnCeU	qFEDKRvg	.opus
string	com.google.android.material.transformation.lYo.VsnnCeU	tUOxJ	gads:rewarded_precache_pool:discard_strategy
string	com.google.android.material.transformation.lYo.VsnnCeU	uRxcwucBNa	pkg_support_type
string	com.google.android.material.transformation.lYo.VsnnCeU	umeOEyGXjBdK	Method 
string	com.google.android.material.transformation.lYo.VsnnCeU	yCk	Missing required view with ID: 
string	com.google.common.graph.Cnc.JsZsnNRDSyY	AjJKgrJ	error_code
string	com.google.common.graph.Cnc.JsZsnNRDSyY	AruRhFY	>>
string	com.google.common.graph.Cnc.JsZsnNRDSyY	BCwymUyUcxGTVsc	Not implemented
string	com.google.common.graph.Cnc.JsZsnNRDSyY	BVk	Stddev cannot be zero.
string	com.google.common.graph.Cnc.JsZsnNRDSyY	EwEjogjVrsn	Precache exception
string	com.google.common.graph.Cnc.JsZsnNRDSyY	HDUNZxVvQfHE	ctt_available_ios
string	com.google.common.graph.Cnc.JsZsnNRDSyY	IaEoRKn	PackageInfoSignalSource.getInstallSourceInfo
string	com.google.common.graph.Cnc.JsZsnNRDSyY	KFEirWGICB	image/png
string	com.google.common.graph.Cnc.JsZsnNRDSyY	KFbkxloNgSavwO	fml_user_created
string	com.google.common.graph.Cnc.JsZsnNRDSyY	LxmClFHiC	]
string	com.google.common.graph.Cnc.JsZsnNRDSyY	NViIyFW	label_dot_1
string	com.google.common.graph.Cnc.JsZsnNRDSyY	OalvwqihhS	huawei
string	com.google.common.graph.Cnc.JsZsnNRDSyY	Pkj	ctt_license_info
string	com.google.common.graph.Cnc.JsZsnNRDSyY	QqpyHNhcciUkpZK	completed_requests
string	com.google.common.graph.Cnc.JsZsnNRDSyY	UMSC	ctt_available_ios
string	com.google.common.graph.Cnc.JsZsnNRDSyY	YTeKmyvXEV	eventExpired
string	com.google.common.graph.Cnc.JsZsnNRDSyY	YcXRkzOPaitizXG	File
string	com.google.common.graph.Cnc.JsZsnNRDSyY	Ynxds	app_id
string	com.google.common.graph.Cnc.JsZsnNRDSyY	ZDahl	 numOfChannels
string	com.google.common.graph.Cnc.JsZsnNRDSyY	aNIPOiGmxJfQaG	ctt_data
string	com.google.common.graph.Cnc.JsZsnNRDSyY	cFEadnzVxbX	thumbnailPath
string	com.google.common.graph.Cnc.JsZsnNRDSyY	dltfvcthIZlQmB	,
string	com.google.common.graph.Cnc.JsZsnNRDSyY	fYIlTmVC	Empty array can't be reduced.
string	com.google.common.graph.Cnc.JsZsnNRDSyY	hMYcIjqbo	Not a valid number representation
string	com.google.common.graph.Cnc.JsZsnNRDSyY	hZlclH	not a readable directory: 
string	com.google.common.graph.Cnc.JsZsnNRDSyY	jiwzBSwwfAKLvFn	ctt_need_download
string	com.google.common.graph.Cnc.JsZsnNRDSyY	mAx	rowKey
string	com.google.common.graph.Cnc.JsZsnNRDSyY	mCApmFtDr	XiaomiInstallReferrer not supported
string	com.google.common.graph.Cnc.JsZsnNRDSyY	mMTffzvVwoSuhr	_
string	com.google.common.graph.Cnc.JsZsnNRDSyY	oPDDoscTnxED	)
string	com.google.common.graph.Cnc.JsZsnNRDSyY	rZe	Failed parsing Api failure.
string	com.google.common.graph.Cnc.JsZsnNRDSyY	saxWxDaud	NATIVE
string	com.google.common.graph.Cnc.JsZsnNRDSyY	uVnN	ctt_support_type
string	com.google.common.graph.Cnc.JsZsnNRDSyY	usATQgJoyLh	Invalid default event parameter type. Name, value
string	com.google.common.graph.Cnc.JsZsnNRDSyY	vKuLbtpjkERJCL	k (%s) > n (%s)
string	com.google.common.graph.Cnc.JsZsnNRDSyY	vZHCOi	productId
string	com.google.firebase.Yz.BoZUvIHfV	AEaOXlaaqcCNEbg	media_stock_background_2109_collage5_9_16_h264_fhd
string	com.google.firebase.Yz.BoZUvIHfV	BIuT	activity
string	com.google.firebase.Yz.BoZUvIHfV	BzuOftxCO	, 
string	com.google.firebase.Yz.BoZUvIHfV	DzaZCuQ	pluginsStrength_
string	com.google.firebase.Yz.BoZUvIHfV	FtqVePQGqa	com.vimosoft.vimo.ttsTermsAgreement
string	com.google.firebase.Yz.BoZUvIHfV	GxCNIAz	ctt_family_name
string	com.google.firebase.Yz.BoZUvIHfV	HpMTHbsYhGxeHb	zzad
string	com.google.firebase.Yz.BoZUvIHfV	HtARtUy	INCOMPATIBLE_OUTPUT
string	com.google.firebase.Yz.BoZUvIHfV	IunSwcZvi	STRING_EXTRACT
string	com.google.firebase.Yz.BoZUvIHfV	KasIEbvHnhgqI	ctt_available_ios
string	com.google.firebase.Yz.BoZUvIHfV	LvS	video/hevc
string	com.google.firebase.Yz.BoZUvIHfV	MgnTma	ctt_thumbnail
string	com.google.firebase.Yz.BoZUvIHfV	NqMJBHzBWFUwD	generateAiBgmAgreement
string	com.google.firebase.Yz.BoZUvIHfV	QzQmQt	sticker_emotion1_bu_moon
string	com.google.firebase.Yz.BoZUvIHfV	ShWRhQmvHGvAci	SELECT * FROM content WHERE (ctt_available_android = 1) AND (ctt_deprecated_android = 1)
string	com.google.firebase.Yz.BoZUvIHfV	SjRVJ	ctt_license_info
string	com.google.firebase.Yz.BoZUvIHfV	SyESjiUGtTVHrYh	CODE_SCANNER_CAMERA_PERMISSION_NOT_GRANTED
string	com.google.firebase.Yz.BoZUvIHfV	UTvBdXkly	illegal syntax
string	com.google.firebase.Yz.BoZUvIHfV	UYZfysyzBNmrjo	\\v
string	com.google.firebase.Yz.BoZUvIHfV	UbEnzqfrqEIakWX	context
string	com.google.firebase.Yz.BoZUvIHfV	WHmegYQaiyNOJrh	kotlin.Annotation
string	com.google.firebase.Yz.BoZUvIHfV	WtZSHCCcleN	hot_content(com.vimosoft.vimomodule.resource_database.animation.audio.VLResAudioAnimationHotContent).\n Expected:\n
string	com.google.firebase.Yz.BoZUvIHfV	ZTiPOFsLoVDAHF	ctt_total_frame
string	com.google.firebase.Yz.BoZUvIHfV	ddBVYznCqtqaTYl	referrer_timestamp
string	com.google.firebase.Yz.BoZUvIHfV	gIEbmEZxcJWXZab	ctt_aspect_ratio
string	com.google.firebase.Yz.BoZUvIHfV	ghbDIbMxq	
string	com.google.firebase.Yz.BoZUvIHfV	htTC	Starting download of: 
string	com.google.firebase.Yz.BoZUvIHfV	kpGONq	maxBufferMs
string	com.google.firebase.Yz.BoZUvIHfV	pnM	SEGMENT
string	com.google.firebase.Yz.BoZUvIHfV	qHfCiyp	cores
string	com.google.firebase.Yz.BoZUvIHfV	sNZjsLuGvqOvC	ctt_display_name
string	com.google.firebase.Yz.BoZUvIHfV	sxyT	filter_my_filter_
string	com.google.firebase.Yz.BoZUvIHfV	tNZ	secure-playback
string	com.google.firebase.Yz.BoZUvIHfV	tiIRfIDLukzTF	ctt_deprecated_android
string	com.google.firebase.Yz.BoZUvIHfV	uBMBLAZwyXOQ	AES_CMAC
string	com.google.firebase.Yz.BoZUvIHfV	wAPCNlufSXSdVHm	pre_database_files_2/shortcut_content.sqlite3
string	com.google.firebase.Yz.BoZUvIHfV	wacXwOMIKJztZp	AFAdRevenueData
string	com.google.mediapipe.tasks.vision.facestylizer.sAfj.kUcCWK	AFKLzVAl	, reductionFactor=
string	com.google.mediapipe.tasks.vision.facestylizer.sAfj.kUcCWK	AQY	visual_edit_layer_update
string	com.google.mediapipe.tasks.vision.facestylizer.sAfj.kUcCWK	BoSVMD	Array is empty.
string	com.google.mediapipe.tasks.vision.facestylizer.sAfj.kUcCWK	BzwGjr	ctt_deprecated_ios
string	com.google.mediapipe.tasks.vision.facestylizer.sAfj.kUcCWK	CPmTzPq	mHidden=
string	com.google.mediapipe.tasks.vision.facestylizer.sAfj.kUcCWK	EvsxcBShYBvqE	Vertical
string	com.google.mediapipe.tasks.vision.facestylizer.sAfj.kUcCWK	FDYpdUmTcdtT	mContext
string	com.google.mediapipe.tasks.vision.facestylizer.sAfj.kUcCWK	FcWsNtYGi	project_blue
string	com.google.mediapipe.tasks.vision.facestylizer.sAfj.kUcCWK	IMZrrSMBQG	(legacy) Failed to get conditional properties; remote exception
string	com.google.mediapipe.tasks.vision.facestylizer.sAfj.kUcCWK	IQbqDzEHt	move_to_start
string	com.google.mediapipe.tasks.vision.facestylizer.sAfj.kUcCWK	JQjAb	VoiceHistory(assetName=
string	com.google.mediapipe.tasks.vision.facestylizer.sAfj.kUcCWK	KVl	content_vertical_opted_out
string	com.google.mediapipe.tasks.vision.facestylizer.sAfj.kUcCWK	KcccvBVRy	ctt_font_en_caviar_dreams_i
string	com.google.mediapipe.tasks.vision.facestylizer.sAfj.kUcCWK	PMmVLBtaqsPx	out
string	com.google.mediapipe.tasks.vision.facestylizer.sAfj.kUcCWK	TBB	models_bundled
string	com.google.mediapipe.tasks.vision.facestylizer.sAfj.kUcCWK	UOdAxL	) is not running - cannot execute flush()
string	com.google.mediapipe.tasks.vision.facestylizer.sAfj.kUcCWK	VoYFZ	nativeCanvas
string	com.google.mediapipe.tasks.vision.facestylizer.sAfj.kUcCWK	WRFBa	\nsniff failures: 
string	com.google.mediapipe.tasks.vision.facestylizer.sAfj.kUcCWK	XFJRNxIRwUkrxUz	gcmSenderId
string	com.google.mediapipe.tasks.vision.facestylizer.sAfj.kUcCWK	YEEOpSpa	app/%s
string	com.google.mediapipe.tasks.vision.facestylizer.sAfj.kUcCWK	ZwWZazu	; bordered = 
string	com.google.mediapipe.tasks.vision.facestylizer.sAfj.kUcCWK	aGopctATLtp	no extra items
string	com.google.mediapipe.tasks.vision.facestylizer.sAfj.kUcCWK	cSDuKAG	android.resource
string	com.google.mediapipe.tasks.vision.facestylizer.sAfj.kUcCWK	dEiombHdcpj	androidx.media3.effect.SingleInputVideoGraph$Factory
string	com.google.mediapipe.tasks.vision.facestylizer.sAfj.kUcCWK	egPyxE	zzB
string	com.google.mediapipe.tasks.vision.facestylizer.sAfj.kUcCWK	fWudlkBoxkh	HSDP is already showing for 
string	com.google.mediapipe.tasks.vision.facestylizer.sAfj.kUcCWK	fdvjy	mcv5a
string	com.google.mediapipe.tasks.vision.facestylizer.sAfj.kUcCWK	glgSZoMTyKQAqJ	motion_blur
string	com.google.mediapipe.tasks.vision.facestylizer.sAfj.kUcCWK	hElwH	fml_font_ko_BlackHanSans
string	com.google.mediapipe.tasks.vision.facestylizer.sAfj.kUcCWK	oGRgnEQJjKsxK	1440p
string	com.google.mediapipe.tasks.vision.facestylizer.sAfj.kUcCWK	oUEZXrYuAWvv	ExpiresInSecs
string	com.google.mediapipe.tasks.vision.facestylizer.sAfj.kUcCWK	ooZMu	'
string	com.google.mediapipe.tasks.vision.facestylizer.sAfj.kUcCWK	qoyAfN	/user_created
string	com.google.mediapipe.tasks.vision.facestylizer.sAfj.kUcCWK	rxuEyZtFRj	ctt_text_mask
string	com.google.mediapipe.tasks.vision.facestylizer.sAfj.kUcCWK	seqgwQvCYfw	maca_rules
string	com.google.mediapipe.tasks.vision.facestylizer.sAfj.kUcCWK	suMqnxl	Got unexpected exception: 
string	com.google.mediapipe.tasks.vision.facestylizer.sAfj.kUcCWK	tPPHpflkGfxu	Deserialization is supported via proxy only
string	com.google.mediapipe.tasks.vision.facestylizer.sAfj.kUcCWK	tZKOdF	Linux
string	com.google.mediapipe.tasks.vision.facestylizer.sAfj.kUcCWK	wnwIPUiRVOff	fb_checkout_date
string	com.google.mediapipe.tasks.vision.facestylizer.sAfj.kUcCWK	xKfoMjIoKNQQ	ctt_resource_type
string	com.google.mediapipe.tasks.vision.gesturerecognizer.proto.WoxU.ztHIGIWRvnt	AEEXjR	ctt_family_name
string	com.google.mediapipe.tasks.vision.gesturerecognizer.proto.WoxU.ztHIGIWRvnt	CiVyGfc	PublisherRestrictions3
string	com.google.mediapipe.tasks.vision.gesturerecognizer.proto.WoxU.ztHIGIWRvnt	Edk	ctt_support_type
string	com.google.mediapipe.tasks.vision.gesturerecognizer.proto.WoxU.ztHIGIWRvnt	EqMYsBRu	type.googleapis.com/google.crypto.tink.AesGcmKey
string	com.google.mediapipe.tasks.vision.gesturerecognizer.proto.WoxU.ztHIGIWRvnt	FJrzgIQzQQhFDC	english
string	com.google.mediapipe.tasks.vision.gesturerecognizer.proto.WoxU.ztHIGIWRvnt	FtmvCwSiZM	Id 
string	com.google.mediapipe.tasks.vision.gesturerecognizer.proto.WoxU.ztHIGIWRvnt	IbqTFtshukhd	ctt_default
string	com.google.mediapipe.tasks.vision.gesturerecognizer.proto.WoxU.ztHIGIWRvnt	JIdFeTqvZQkL	mp3
string	com.google.mediapipe.tasks.vision.gesturerecognizer.proto.WoxU.ztHIGIWRvnt	JUqGHb	file
string	com.google.mediapipe.tasks.vision.gesturerecognizer.proto.WoxU.ztHIGIWRvnt	KyEhhHr	Key{size=
string	com.google.mediapipe.tasks.vision.gesturerecognizer.proto.WoxU.ztHIGIWRvnt	KzsxUsJpVmJuiVj	fml_deletable
string	com.google.mediapipe.tasks.vision.gesturerecognizer.proto.WoxU.ztHIGIWRvnt	LMXOVHby	MODULE_VERSION
string	com.google.mediapipe.tasks.vision.gesturerecognizer.proto.WoxU.ztHIGIWRvnt	MEWk	OPTIONAL_MODULE_LANGUAGE_ID_INFERENCE
string	com.google.mediapipe.tasks.vision.gesturerecognizer.proto.WoxU.ztHIGIWRvnt	NgsxLYMPI	temp
string	com.google.mediapipe.tasks.vision.gesturerecognizer.proto.WoxU.ztHIGIWRvnt	NnOaNxqZFRTVNTl	manifest+json
string	com.google.mediapipe.tasks.vision.gesturerecognizer.proto.WoxU.ztHIGIWRvnt	PdVVbeahuFBU	}
string	com.google.mediapipe.tasks.vision.gesturerecognizer.proto.WoxU.ztHIGIWRvnt	QrwInGDrwWRB	)
string	com.google.mediapipe.tasks.vision.gesturerecognizer.proto.WoxU.ztHIGIWRvnt	SWlfOIEsSbT	file
string	com.google.mediapipe.tasks.vision.gesturerecognizer.proto.WoxU.ztHIGIWRvnt	SkHQddQeHC	 (no Creators, like default constructor, exist): 
string	com.google.mediapipe.tasks.vision.gesturerecognizer.proto.WoxU.ztHIGIWRvnt	TKYIbOgQqnpq	none
string	com.google.mediapipe.tasks.vision.gesturerecognizer.proto.WoxU.ztHIGIWRvnt	TWnfFMI	adapter_init_finished
string	com.google.mediapipe.tasks.vision.gesturerecognizer.proto.WoxU.ztHIGIWRvnt	TtpdTlhWJW	HsdpServicePrewarmListener.onStateChange: 
string	com.google.mediapipe.tasks.vision.gesturerecognizer.proto.WoxU.ztHIGIWRvnt	Tts	group2_l3
string	com.google.mediapipe.tasks.vision.gesturerecognizer.proto.WoxU.ztHIGIWRvnt	UpQSdpiTct	)`, cannot call `withObjectProperty(String)` on it
string	com.google.mediapipe.tasks.vision.gesturerecognizer.proto.WoxU.ztHIGIWRvnt	VAMRaQxOUnTYr	indicator/indicator_switching2.swf
string	com.google.mediapipe.tasks.vision.gesturerecognizer.proto.WoxU.ztHIGIWRvnt	VvjQSQaUZgJm	sign
string	com.google.mediapipe.tasks.vision.gesturerecognizer.proto.WoxU.ztHIGIWRvnt	WOOqN	#008 Must be called on the main UI thread.
string	com.google.mediapipe.tasks.vision.gesturerecognizer.proto.WoxU.ztHIGIWRvnt	YsHua	createHttpCall returned null
string	com.google.mediapipe.tasks.vision.gesturerecognizer.proto.WoxU.ztHIGIWRvnt	ZRnbZmLEdxP	requires_charging
string	com.google.mediapipe.tasks.vision.gesturerecognizer.proto.WoxU.ztHIGIWRvnt	bLuBpCF	level
string	com.google.mediapipe.tasks.vision.gesturerecognizer.proto.WoxU.ztHIGIWRvnt	bOiNJpRtnaNVK	Receiver called with null intent
string	com.google.mediapipe.tasks.vision.gesturerecognizer.proto.WoxU.ztHIGIWRvnt	cjdhlhTUB	SoLoader
string	com.google.mediapipe.tasks.vision.gesturerecognizer.proto.WoxU.ztHIGIWRvnt	fwzCTVIbDjtI	frame_vlog_noteretro_white_9_16
string	com.google.mediapipe.tasks.vision.gesturerecognizer.proto.WoxU.ztHIGIWRvnt	hBwVkfvxCsdUs	bit_crush_level_intensity_spec
string	com.google.mediapipe.tasks.vision.gesturerecognizer.proto.WoxU.ztHIGIWRvnt	jBrBPNCQZxDhEx	obfuscatedExternalProfileId
string	com.google.mediapipe.tasks.vision.gesturerecognizer.proto.WoxU.ztHIGIWRvnt	kHThH	extra_event_values
string	com.google.mediapipe.tasks.vision.gesturerecognizer.proto.WoxU.ztHIGIWRvnt	mFIhihQZl	PrivacyProtection
string	com.google.mediapipe.tasks.vision.gesturerecognizer.proto.WoxU.ztHIGIWRvnt	rcKjQDREGZH	createCalendarEvent
string	com.google.mediapipe.tasks.vision.gesturerecognizer.proto.WoxU.ztHIGIWRvnt	uVzkWnOJeghGeWC	childviews
string	com.google.mediapipe.tasks.vision.gesturerecognizer.proto.WoxU.ztHIGIWRvnt	xENVbITmB	AdActivity onStop
string	com.google.mediapipe.tasks.vision.gesturerecognizer.proto.WoxU.ztHIGIWRvnt	xQLvUwK	connectivity
string	com.google.mediapipe.tasks.vision.gesturerecognizer.proto.WoxU.ztHIGIWRvnt	yWHc	com.google.firebase.crashlytics.mapping_file_id
string	com.google.mediapipe.tasks.vision.gesturerecognizer.proto.WoxU.ztHIGIWRvnt	ybxiIqamrzN	show overlay display from: %s
string	com.google.mediapipe.tasks.vision.gesturerecognizer.proto.WoxU.ztHIGIWRvnt	ynHJDa	pcopt
string	com.google.mediapipe.tasks.vision.imageclassifier.proto.mq.lNDjDkLffPz	BFjNUETbtlK	ctt_require_clip_overlap
string	com.google.mediapipe.tasks.vision.imageclassifier.proto.mq.lNDjDkLffPz	CJXVQDPhKdBVVRS	OpaqueKey(key=
string	com.google.mediapipe.tasks.vision.imageclassifier.proto.mq.lNDjDkLffPz	CsGmLTrAyUOXTxq	ctt_available_android
string	com.google.mediapipe.tasks.vision.imageclassifier.proto.mq.lNDjDkLffPz	DeG	Gradient
string	com.google.mediapipe.tasks.vision.imageclassifier.proto.mq.lNDjDkLffPz	DwDHudxIVxcojmS	Missing required view with ID: 
string	com.google.mediapipe.tasks.vision.imageclassifier.proto.mq.lNDjDkLffPz	EetK	ctt_package_name
string	com.google.mediapipe.tasks.vision.imageclassifier.proto.mq.lNDjDkLffPz	FjPdRJreiZpR	vllo_premium_plus_monthly_subscription
string	com.google.mediapipe.tasks.vision.imageclassifier.proto.mq.lNDjDkLffPz	IcOWfT	ctt_data
string	com.google.mediapipe.tasks.vision.imageclassifier.proto.mq.lNDjDkLffPz	NunLrFahY	LOW_LIGHT_BUNDLED_AUTO_EXPOSURE_COMPUTATION
string	com.google.mediapipe.tasks.vision.imageclassifier.proto.mq.lNDjDkLffPz	SsqQrgZKz	token
string	com.google.mediapipe.tasks.vision.imageclassifier.proto.mq.lNDjDkLffPz	TxQDdBdZCoDQirk	MaskOptionAdjustment(option=
string	com.google.mediapipe.tasks.vision.imageclassifier.proto.mq.lNDjDkLffPz	XACkaonbREcxa	video/mp2p
string	com.google.mediapipe.tasks.vision.imageclassifier.proto.mq.lNDjDkLffPz	XdMDKzjMKtncR	performMeasureAndLayout called with unplaced root
string	com.google.mediapipe.tasks.vision.imageclassifier.proto.mq.lNDjDkLffPz	YcorOzPLumuXV	REMOVE
string	com.google.mediapipe.tasks.vision.imageclassifier.proto.mq.lNDjDkLffPz	aQSGmjVE	Expected null but was 
string	com.google.mediapipe.tasks.vision.imageclassifier.proto.mq.lNDjDkLffPz	bUpXkfAuWjUtrV	OSVERS
string	com.google.mediapipe.tasks.vision.imageclassifier.proto.mq.lNDjDkLffPz	cVKUxTL	media_stock_background_2306_shadow1_1_1_h264_hd
string	com.google.mediapipe.tasks.vision.imageclassifier.proto.mq.lNDjDkLffPz	csXNP	ctt_family_name
string	com.google.mediapipe.tasks.vision.imageclassifier.proto.mq.lNDjDkLffPz	gSGXX	Disabling track due to error: 
string	com.google.mediapipe.tasks.vision.imageclassifier.proto.mq.lNDjDkLffPz	iIzxvSGhvDd	ctt_deprecated_ios
string	com.google.mediapipe.tasks.vision.imageclassifier.proto.mq.lNDjDkLffPz	jDsYFnreWQVhEX	java.util.Date
string	com.google.mediapipe.tasks.vision.imageclassifier.proto.mq.lNDjDkLffPz	jnDJEhZqbuTJI	, inputStreams=
string	com.google.mediapipe.tasks.vision.imageclassifier.proto.mq.lNDjDkLffPz	kRgoWpvJSJU	rewarded
string	com.google.mediapipe.tasks.vision.imageclassifier.proto.mq.lNDjDkLffPz	kvU	ctt_font_ko_seulvely
string	com.google.mediapipe.tasks.vision.imageclassifier.proto.mq.lNDjDkLffPz	lFIzICOruwbt	'
string	com.google.mediapipe.tasks.vision.imageclassifier.proto.mq.lNDjDkLffPz	mlNi	 is less than zero.
string	com.google.mediapipe.tasks.vision.imageclassifier.proto.mq.lNDjDkLffPz	mzDJcEkyUBvDJ	product_type
string	com.google.mediapipe.tasks.vision.imageclassifier.proto.mq.lNDjDkLffPz	sMesZXSyLBdIf	ctt_thumbnail_info
string	com.google.mediapipe.tasks.vision.imageclassifier.proto.mq.lNDjDkLffPz	sTbfxseDyBYjzx	LanguageCode
string	com.google.mediapipe.tasks.vision.imageclassifier.proto.mq.lNDjDkLffPz	uCuKZtqfAsLl	pkg_support_type
string	com.google.mediapipe.tasks.vision.imageclassifier.proto.mq.lNDjDkLffPz	uzuu	dalvik.system.CloseGuard
string	com.google.mediapipe.tasks.vision.imageclassifier.proto.mq.lNDjDkLffPz	yFmUww	transform
string	com.google.mediapipe.util.proto.BQze.XfHg	AXIhND	font_en_roboto_regular
string	com.google.mediapipe.util.proto.BQze.XfHg	AkPOBvkEtKiFNV	-INF
string	com.google.mediapipe.util.proto.BQze.XfHg	BFrzz	audioData
string	com.google.mediapipe.util.proto.BQze.XfHg	EGBPLDTmL	value_
string	com.google.mediapipe.util.proto.BQze.XfHg	FCYhQPPNITjCjrJ	android.intent.action.VIEW
string	com.google.mediapipe.util.proto.BQze.XfHg	FNYcJzwz	bo
string	com.google.mediapipe.util.proto.BQze.XfHg	FiyhSEPQFBtqUn	media_stock_background_2312_cdplay1_16_9_h264_hd
string	com.google.mediapipe.util.proto.BQze.XfHg	HPWPiXtjcbfeXx	 by 
string	com.google.mediapipe.util.proto.BQze.XfHg	IzlEHiHIrscLYiV	Missing required view with ID: 
string	com.google.mediapipe.util.proto.BQze.XfHg	JjAur	ctt_license_type
string	com.google.mediapipe.util.proto.BQze.XfHg	KRCZHDVWMRTX	initialize: Please init the SDK first
string	com.google.mediapipe.util.proto.BQze.XfHg	KcMjjtysXFmlAb	noAdView
string	com.google.mediapipe.util.proto.BQze.XfHg	KcYS	font
string	com.google.mediapipe.util.proto.BQze.XfHg	LMfecCChv	SFIXED64_LIST_PACKED
string	com.google.mediapipe.util.proto.BQze.XfHg	LtIZtKBKJlznCFF	Updating the node of a group at 
string	com.google.mediapipe.util.proto.BQze.XfHg	OLzetfRwnnxocXz	audio/x-unknown
string	com.google.mediapipe.util.proto.BQze.XfHg	OZYzKElZqkHkxL	text
string	com.google.mediapipe.util.proto.BQze.XfHg	QLxhwVJDwJzyf	Linearity.FontHinting
string	com.google.mediapipe.util.proto.BQze.XfHg	QTNUaRNsxOWZSd	TEXT_FONT_SIZE
string	com.google.mediapipe.util.proto.BQze.XfHg	RtSbcvIZfvLHHX	aggregatedOnDeviceFaceDetectionLogEvent
string	com.google.mediapipe.util.proto.BQze.XfHg	Sib	android.permission.READ_EXTERNAL_STORAGE
string	com.google.mediapipe.util.proto.BQze.XfHg	ULML	LanguageCode
string	com.google.mediapipe.util.proto.BQze.XfHg	VYJVshZPLYl	fml_deprecated_android
string	com.google.mediapipe.util.proto.BQze.XfHg	VwjzXdLjIVz	processName
string	com.google.mediapipe.util.proto.BQze.XfHg	YMfXlLlqv	fml_deprecated_ios
string	com.google.mediapipe.util.proto.BQze.XfHg	ZxMj	getGooglePlayInstantParam not exist
string	com.google.mediapipe.util.proto.BQze.XfHg	aZreVEmjbmQxZ	ctt_available_ios
string	com.google.mediapipe.util.proto.BQze.XfHg	arl	sg/K0s1GwOZuQX5eitJmxib+wj81rdd8azNpkdJxx1Al3KmlPY0wLfmj2TGTYSv2
string	com.google.mediapipe.util.proto.BQze.XfHg	eAytBeeZ	ctt_package_name
string	com.google.mediapipe.util.proto.BQze.XfHg	eRLnEy	XCHACHA20_POLY1305
string	com.google.mediapipe.util.proto.BQze.XfHg	elvuUWv	messageType
string	com.google.mediapipe.util.proto.BQze.XfHg	ftHfVBKHmQtAJ	: unregistering receiver
string	com.google.mediapipe.util.proto.BQze.XfHg	gyRnjpWxifDc	width_
string	com.google.mediapipe.util.proto.BQze.XfHg	iBxRYgS	pkg_available_ios
string	com.google.mediapipe.util.proto.BQze.XfHg	iVOijWztEVSMxmE	, onFail=
string	com.google.mediapipe.util.proto.BQze.XfHg	ixhtxhwsye	ctt_deprecated_ios
string	com.google.mediapipe.util.proto.BQze.XfHg	lvF	There was an error getting the sefmentation mask.
string	com.google.mediapipe.util.proto.BQze.XfHg	nsVo	ctt_available_ios
string	com.google.mediapipe.util.proto.BQze.XfHg	oYECBLVlLfsyOn	zzC
string	com.google.mediapipe.util.proto.BQze.XfHg	wUZYKhPCWBSsbQM	advertiser
string	com.google.mediapipe.util.proto.BQze.XfHg	xAsBuKywpLcjZC	ctt_text_color
string	com.google.mediapipe.util.proto.BQze.XfHg	xCDK	// This is required since the texture data is GL_TEXTURE_EXTERNAL_OES.\n#extension GL_OES_EGL_image_external : require\nprecision mediump float;\n// Standard texture rendering shader.\nuniform samplerExternalOES uTexture;\nvarying vec2 vTexCoords;\nvoid main() {\n  gl_FragColor = texture2D(uTexture, vTexCoords);\n}\n
string	com.google.mediapipe.util.proto.BQze.XfHg	yYS	Unknown VVC profile IDC: 
string	com.google.mediapipe.util.proto.BQze.XfHg	yncvrHVchn	double_value
string	com.google.mediapipe.util.proto.BQze.XfHg	zoCr	ThreadCheck
string	com.google.mlkit.vision.common.internal.gexY.SsrlsV	AlkhZeMOItOJYz	choi
string	com.google.mlkit.vision.common.internal.gexY.SsrlsV	BnQKTnq	ACTION_ARGUMENT_MOVEMENT_GRANULARITY_INT
string	com.google.mlkit.vision.common.internal.gexY.SsrlsV	BsvTcQH	GET_WEB_VIEW_CLIENT
string	com.google.mlkit.vision.common.internal.gexY.SsrlsV	CGcys	type
string	com.google.mlkit.vision.common.internal.gexY.SsrlsV	DIMGZMYbm	DEFAULT_TEST_TAG
string	com.google.mlkit.vision.common.internal.gexY.SsrlsV	DMOBbYyAvoZ	x_
string	com.google.mlkit.vision.common.internal.gexY.SsrlsV	DVLbA	this statement should be unreachable
string	com.google.mlkit.vision.common.internal.gexY.SsrlsV	FEisKZvAEKY	eventDetailsCase_
string	com.google.mlkit.vision.common.internal.gexY.SsrlsV	FPNfAmAjR	Only version 0 keys are accepted
string	com.google.mlkit.vision.common.internal.gexY.SsrlsV	Fdje	crop
string	com.google.mlkit.vision.common.internal.gexY.SsrlsV	GITUWQzkmrft	RouterTransaction.attachedToRouter
string	com.google.mlkit.vision.common.internal.gexY.SsrlsV	GXBYaG	ctt_user_created
string	com.google.mlkit.vision.common.internal.gexY.SsrlsV	GzwMbHHEHIdLml	DecoLoader::prepareGIF() - failed
string	com.google.mlkit.vision.common.internal.gexY.SsrlsV	IgkiAsv	ctt_aspect_ratio
string	com.google.mlkit.vision.common.internal.gexY.SsrlsV	IlOotk	creation_timestamp ASC
string	com.google.mlkit.vision.common.internal.gexY.SsrlsV	JihhoSkioUBdzeK	Background color not defined.
string	com.google.mlkit.vision.common.internal.gexY.SsrlsV	JrRrXfGIH	Format:
string	com.google.mlkit.vision.common.internal.gexY.SsrlsV	JtdXXh	Can't override an existing stream header, after graph started running.
string	com.google.mlkit.vision.common.internal.gexY.SsrlsV	LrmKLWL	Invalid input tensor name provided (null)
string	com.google.mlkit.vision.common.internal.gexY.SsrlsV	MNWoOKmWyS	' cannot modify the request's context.
string	com.google.mlkit.vision.common.internal.gexY.SsrlsV	MZegcjDdFEuue	ctt_need_download
string	com.google.mlkit.vision.common.internal.gexY.SsrlsV	MigJxVBrfnP	ctt_icon_name
string	com.google.mlkit.vision.common.internal.gexY.SsrlsV	MzR	Could not delete cache entry for key=%s, filename=%s
string	com.google.mlkit.vision.common.internal.gexY.SsrlsV	NFwbCbXDeDuly	<UNKNOWN>
string	com.google.mlkit.vision.common.internal.gexY.SsrlsV	PFXsynxNO	ctt_download_url
string	com.google.mlkit.vision.common.internal.gexY.SsrlsV	QRqE	instagram
string	com.google.mlkit.vision.common.internal.gexY.SsrlsV	SYle	Failed to get conditional properties; not connected to service
string	com.google.mlkit.vision.common.internal.gexY.SsrlsV	TPxVL	Argument evaluation failed
string	com.google.mlkit.vision.common.internal.gexY.SsrlsV	TjFYdxWYWCas	pkg_index
string	com.google.mlkit.vision.common.internal.gexY.SsrlsV	Tqr	remaining_data_partition_space
string	com.google.mlkit.vision.common.internal.gexY.SsrlsV	UxSPwg	ctt_available_ios
string	com.google.mlkit.vision.common.internal.gexY.SsrlsV	VOqgrrOMHGyJX	type
string	com.google.mlkit.vision.common.internal.gexY.SsrlsV	VWMwSETowfsI	
string	com.google.mlkit.vision.common.internal.gexY.SsrlsV	WYq	
string	com.google.mlkit.vision.common.internal.gexY.SsrlsV	Wgev	ctt_type
string	com.google.mlkit.vision.common.internal.gexY.SsrlsV	YYcRR	Reconciling jobs
string	com.google.mlkit.vision.common.internal.gexY.SsrlsV	YjbK	, textScaleX=
string	com.google.mlkit.vision.common.internal.gexY.SsrlsV	ZOF	MEDIUM
string	com.google.mlkit.vision.common.internal.gexY.SsrlsV	ZYajuHthEwIZvR	The uri must be set.
string	com.google.mlkit.vision.common.internal.gexY.SsrlsV	ZdnFyimlX	FAILED
string	com.google.mlkit.vision.common.internal.gexY.SsrlsV	aasmDqoCTtATCE	video/dolby-vision
string	com.google.mlkit.vision.common.internal.gexY.SsrlsV	cfr	btnClose
string	com.google.mlkit.vision.common.internal.gexY.SsrlsV	cyWhnNWsrD	interstitial_mb
string	com.google.mlkit.vision.common.internal.gexY.SsrlsV	giads	ctt_image_filename
string	com.google.mlkit.vision.common.internal.gexY.SsrlsV	hglaqTwGkpqzm	ctt_available_ios
string	com.google.mlkit.vision.common.internal.gexY.SsrlsV	hhcSahLSdR	android.permission.WAKE_LOCK
string	com.google.mlkit.vision.common.internal.gexY.SsrlsV	pjcwWqowdqylIT	media_stock_game_2101_magic_circle_16_9_h264_preview
string	com.google.mlkit.vision.common.internal.gexY.SsrlsV	qPxk	fml_deletable
string	com.google.mlkit.vision.common.internal.gexY.SsrlsV	rtvQNmE	state
string	com.google.mlkit.vision.common.internal.gexY.SsrlsV	sgGNBMEclswiGe	Billing Override Service disconnected.
string	com.google.mlkit.vision.common.internal.gexY.SsrlsV	syXpFR	jpeg
string	com.google.mlkit.vision.common.internal.gexY.SsrlsV	tNqN	fb_mobile_purchase
string	com.google.mlkit.vision.common.internal.gexY.SsrlsV	uDiGHwiw	background_remove
string	com.google.mlkit.vision.common.internal.gexY.SsrlsV	ueTkHLDkwQm	x-tar
string	com.google.mlkit.vision.common.internal.gexY.SsrlsV	vSdxczMw	URL missing from click GMSG.
string	com.google.mlkit.vision.common.internal.gexY.SsrlsV	yOsiunQzuJ	getExitAnim=
string	com.vimosoft.vimomodule.resource_database.sound.sound_fx.gBC.qgIEBAHNkBWc	CqcPwYAJeneFg	class_name
string	com.vimosoft.vimomodule.resource_database.sound.sound_fx.gBC.qgIEBAHNkBWc	FbXlfwYCE	null array
string	com.vimosoft.vimomodule.resource_database.sound.sound_fx.gBC.qgIEBAHNkBWc	IApaRhu	Java 8 optional
string	com.vimosoft.vimomodule.resource_database.sound.sound_fx.gBC.qgIEBAHNkBWc	IIAcpxU	app_set_id_storage
string	com.vimosoft.vimomodule.resource_database.sound.sound_fx.gBC.qgIEBAHNkBWc	LkrUWFjLV	coil.request.NullRequestData
string	com.vimosoft.vimomodule.resource_database.sound.sound_fx.gBC.qgIEBAHNkBWc	McTkv	PlaneLayout(offset=
string	com.vimosoft.vimomodule.resource_database.sound.sound_fx.gBC.qgIEBAHNkBWc	MfUQngjKpBFjGnR	ctt_type
string	com.vimosoft.vimomodule.resource_database.sound.sound_fx.gBC.qgIEBAHNkBWc	NviVDHDlSmZF	An exception was thrown by an Executor
string	com.vimosoft.vimomodule.resource_database.sound.sound_fx.gBC.qgIEBAHNkBWc	ONcVXpMvHN	 is less than zero.
string	com.vimosoft.vimomodule.resource_database.sound.sound_fx.gBC.qgIEBAHNkBWc	ObxgANcu	expires_at
string	com.vimosoft.vimomodule.resource_database.sound.sound_fx.gBC.qgIEBAHNkBWc	PzrXnqad	
string	com.vimosoft.vimomodule.resource_database.sound.sound_fx.gBC.qgIEBAHNkBWc	TCJocmYpDDk	CLEAN
string	com.vimosoft.vimomodule.resource_database.sound.sound_fx.gBC.qgIEBAHNkBWc	TEXrVyULjvvrDX	hseqp
string	com.vimosoft.vimomodule.resource_database.sound.sound_fx.gBC.qgIEBAHNkBWc	TkezMYxnnLe	ORT_INVALID_GRAPH
string	com.vimosoft.vimomodule.resource_database.sound.sound_fx.gBC.qgIEBAHNkBWc	XqobWSLrRPbWFVW	getRevenue
string	com.vimosoft.vimomodule.resource_database.sound.sound_fx.gBC.qgIEBAHNkBWc	ZPGYIFR	No userId set for session 
string	com.vimosoft.vimomodule.resource_database.sound.sound_fx.gBC.qgIEBAHNkBWc	aHcK	115792089210356248762697446949407573530086143415290314195533631308867097853951
string	com.vimosoft.vimomodule.resource_database.sound.sound_fx.gBC.qgIEBAHNkBWc	bBMWA	UnicodeBigUnmarked
string	com.vimosoft.vimomodule.resource_database.sound.sound_fx.gBC.qgIEBAHNkBWc	byfQIETRutOiLd	ctt_text_mask
string	com.vimosoft.vimomodule.resource_database.sound.sound_fx.gBC.qgIEBAHNkBWc	dkrAJtefSM	application/xml
string	com.vimosoft.vimomodule.resource_database.sound.sound_fx.gBC.qgIEBAHNkBWc	epLQYZLA	sticker_comic1_se_015
string	com.vimosoft.vimomodule.resource_database.sound.sound_fx.gBC.qgIEBAHNkBWc	gwOziMrRPH	 - 
string	com.vimosoft.vimomodule.resource_database.sound.sound_fx.gBC.qgIEBAHNkBWc	iIqMJ	CRC
string	com.vimosoft.vimomodule.resource_database.sound.sound_fx.gBC.qgIEBAHNkBWc	ijNOzbmltsPeFj	curMaskContent
string	com.vimosoft.vimomodule.resource_database.sound.sound_fx.gBC.qgIEBAHNkBWc	jrquhX	GET
string	com.vimosoft.vimomodule.resource_database.sound.sound_fx.gBC.qgIEBAHNkBWc	jvbRYkNmmPdVTQo	pkg_deprecated_android
string	com.vimosoft.vimomodule.resource_database.sound.sound_fx.gBC.qgIEBAHNkBWc	kFkhnDZQZLTlodO	landmarkMode
string	com.vimosoft.vimomodule.resource_database.sound.sound_fx.gBC.qgIEBAHNkBWc	lniFpo	video converter: no audio track
string	com.vimosoft.vimomodule.resource_database.sound.sound_fx.gBC.qgIEBAHNkBWc	oWFBPUpTs	Deco
string	com.vimosoft.vimomodule.resource_database.sound.sound_fx.gBC.qgIEBAHNkBWc	qxg	scoreThreshold_
string	com.vimosoft.vimomodule.resource_database.sound.sound_fx.gBC.qgIEBAHNkBWc	ueGJn	ctt_text_mask
string	com.vimosoft.vimomodule.resource_database.sound.sound_fx.gBC.qgIEBAHNkBWc	uquemyBaw	0
string	com.vimosoft.vimomodule.resource_database.sound.sound_fx.gBC.qgIEBAHNkBWc	vKYDyRYVnMc	zzj
string	com.vimosoft.vimomodule.resource_database.sound.sound_fx.gBC.qgIEBAHNkBWc	vfVPlAlaw	ctt_image_type
string	com.vimosoft.vimomodule.resource_database.sound.sound_fx.gBC.qgIEBAHNkBWc	wLxeB	media_stock_background_2306_cloud1_1_1_h264_fhd
string	com.vimosoft.vimomodule.resource_database.sound.sound_fx.gBC.qgIEBAHNkBWc	whVBEhgef	No such interface: 
string	com.vimosoft.vimomodule.resource_database.sound.sound_fx.gBC.qgIEBAHNkBWc	yUaNCk	Collection is empty.
string	com.vimosoft.vimomodule.resource_database.sound.sound_fx.gBC.qgIEBAHNkBWc	ynUkCq	ctt_package_name
string	com.vimosoft.vimomodule.resource_database.sound.sound_fx.gBC.qgIEBAHNkBWc	yrgXBdTRDcfhK	visitYoutubePlaylist()V
string	com.vimosoft.vimomodule.resource_database.sound.sound_fx.gBC.qgIEBAHNkBWc	zFEtjXXzcqNo	media_stock_background_2304_skymove2_1_1_h264_4k
string	com.vimosoft.vimomodule.resource_database.sound.sound_fx.gBC.qgIEBAHNkBWc	zXXsdWMX	maybeDestroy: Lock released
string	com.vimosoft.vimoutil.util.FmrZ.oyzUcYqmIgw	AQHlyj	submodel
string	com.vimosoft.vimoutil.util.FmrZ.oyzUcYqmIgw	AjpipGSRZ	sticker_rewarded_time
string	com.vimosoft.vimoutil.util.FmrZ.oyzUcYqmIgw	AyqKp	ctt_copyright_info
string	com.vimosoft.vimoutil.util.FmrZ.oyzUcYqmIgw	Bza	opensearchdescription+xml
string	com.vimosoft.vimoutil.util.FmrZ.oyzUcYqmIgw	CLoEfDA	Could not call onAdClicked since setOverrideClickHandling is not set to true
string	com.vimosoft.vimoutil.util.FmrZ.oyzUcYqmIgw	DbRbiYvni	 - RewardedAdHelper::onError - unknown ad error
string	com.vimosoft.vimoutil.util.FmrZ.oyzUcYqmIgw	Dks	app_name
string	com.vimosoft.vimoutil.util.FmrZ.oyzUcYqmIgw	EexZOqNPTpIwJ	SELECT fml_name FROM family INNER JOIN bookmark ON (bookmark.bmk_family_name = fml_name) WHERE (fml_available_android = 0) OR (fml_deprecated_android = 1)
string	com.vimosoft.vimoutil.util.FmrZ.oyzUcYqmIgw	GNqGEVpifvwV	Expected index to be within 0..size()-1, but was 
string	com.vimosoft.vimoutil.util.FmrZ.oyzUcYqmIgw	GpoIWkemvUqaGRP	audio/flac
string	com.vimosoft.vimoutil.util.FmrZ.oyzUcYqmIgw	HSifucjY	 text=
string	com.vimosoft.vimoutil.util.FmrZ.oyzUcYqmIgw	IfVunrW	\nLogCallerFinder: 
string	com.vimosoft.vimoutil.util.FmrZ.oyzUcYqmIgw	LfMQasRTq	temperature
string	com.vimosoft.vimoutil.util.FmrZ.oyzUcYqmIgw	NgTQ	call to 'resume' before 'invoke' with coroutine
string	com.vimosoft.vimoutil.util.FmrZ.oyzUcYqmIgw	OSxFRmKh	ctt_icon_name
string	com.vimosoft.vimoutil.util.FmrZ.oyzUcYqmIgw	PwN	ctt_support_name
string	com.vimosoft.vimoutil.util.FmrZ.oyzUcYqmIgw	RFFU	Cannot use RSA PSS in FIPS-mode, as BoringCrypto module is not available.
string	com.vimosoft.vimoutil.util.FmrZ.oyzUcYqmIgw	SvWr	version
string	com.vimosoft.vimoutil.util.FmrZ.oyzUcYqmIgw	TVkyBzXmaJVNF	gads:csi_ping_for_paid_event_callback:enabled
string	com.vimosoft.vimoutil.util.FmrZ.oyzUcYqmIgw	TheyHXKVajDq	FirebaseCrashlytics component is not present.
string	com.vimosoft.vimoutil.util.FmrZ.oyzUcYqmIgw	TsRZhzRfHZaETH	fml_support_type
string	com.vimosoft.vimoutil.util.FmrZ.oyzUcYqmIgw	VdVzyo	new
string	com.vimosoft.vimoutil.util.FmrZ.oyzUcYqmIgw	VfLAj	btnDone
string	com.vimosoft.vimoutil.util.FmrZ.oyzUcYqmIgw	Wgczf	hsn
string	com.vimosoft.vimoutil.util.FmrZ.oyzUcYqmIgw	WyKKuVAOVw	EmojiCompat.EmojiCompatInitializer.run
string	com.vimosoft.vimoutil.util.FmrZ.oyzUcYqmIgw	XlUNtAJKhaPAOR	nlClassifierClientLibraryLogEvent
string	com.vimosoft.vimoutil.util.FmrZ.oyzUcYqmIgw	YSdkjcBiwd	media_stock_blackscreen_2307_pixel1_1_1_h264_fhd
string	com.vimosoft.vimoutil.util.FmrZ.oyzUcYqmIgw	YxLcMWv	media_stock_background_2306_shadow1_1_1_h264_preview
string	com.vimosoft.vimoutil.util.FmrZ.oyzUcYqmIgw	dlNUJTNZXQYqEDp	strength
string	com.vimosoft.vimoutil.util.FmrZ.oyzUcYqmIgw	eIECVKAV	EventProductItemInfo(titleRes=
string	com.vimosoft.vimoutil.util.FmrZ.oyzUcYqmIgw	eWcUQKpfLRJZVsn	bulkId
string	com.vimosoft.vimoutil.util.FmrZ.oyzUcYqmIgw	fEMCsXOxTGHIGkK	gainsboro
string	com.vimosoft.vimoutil.util.FmrZ.oyzUcYqmIgw	hUMZZ	Unable to parse dateStr: %s, falling back to 0
string	com.vimosoft.vimoutil.util.FmrZ.oyzUcYqmIgw	kWTILFOO	Unable to serialize variant: 
string	com.vimosoft.vimoutil.util.FmrZ.oyzUcYqmIgw	kcZ	ctt_thumbnail_file_name
string	com.vimosoft.vimoutil.util.FmrZ.oyzUcYqmIgw	kqOfYKMEgcBFb	Error querying trigger uris. appId
string	com.vimosoft.vimoutil.util.FmrZ.oyzUcYqmIgw	mmESgpD	onServiceConnected: 
string	com.vimosoft.vimoutil.util.FmrZ.oyzUcYqmIgw	naobOBbUTUSz	Resending Uninstall token to AF servers: 
string	com.vimosoft.vimoutil.util.FmrZ.oyzUcYqmIgw	oElYIIg	font_th_maitree_bold
string	com.vimosoft.vimoutil.util.FmrZ.oyzUcYqmIgw	pGeoPVNklMQ	ctt_info
string	com.vimosoft.vimoutil.util.FmrZ.oyzUcYqmIgw	pSvGvykNT	Exception setting completer.
string	com.vimosoft.vimoutil.util.FmrZ.oyzUcYqmIgw	qiYAOqmrUCZ	rebeccapurple
string	com.vimosoft.vimoutil.util.FmrZ.oyzUcYqmIgw	rDsP	SNS_FACEBOOK
string	com.vimosoft.vimoutil.util.FmrZ.oyzUcYqmIgw	sDOnsylTPDfMAx	sbid
string	com.vimosoft.vimoutil.util.FmrZ.oyzUcYqmIgw	utioHOXUgaaZYg	Mediapipe error: 
string	com.vimosoft.vimoutil.util.FmrZ.oyzUcYqmIgw	wSzIUEfMMw	HMAC_SHA512_512BITTAG_RAW
string	com.vimosoft.vimoutil.util.FmrZ.oyzUcYqmIgw	wkertOEwX	auto-caption-test
string	com.vimosoft.vimoutil.util.FmrZ.oyzUcYqmIgw	zWcpkAfiHaLqIGP	measurement.chimera.parameter.service
string	com.vimosoft.vimoutil.vl_geometry.hBX.LUPuCFNiOa	AazKqNDLiHe	ctt_resource_type
string	com.vimosoft.vimoutil.vl_geometry.hBX.LUPuCFNiOa	Axf	other
string	com.vimosoft.vimoutil.vl_geometry.hBX.LUPuCFNiOa	CmLUs	getVerticalScrollAxisRange(Landroidx/compose/ui/semantics/SemanticsPropertyReceiver;)Landroidx/compose/ui/semantics/ScrollAxisRange;
string	com.vimosoft.vimoutil.vl_geometry.hBX.LUPuCFNiOa	DOxYmU	ctt_display_name
string	com.vimosoft.vimoutil.vl_geometry.hBX.LUPuCFNiOa	DlLwNQAu	userGroup
string	com.vimosoft.vimoutil.vl_geometry.hBX.LUPuCFNiOa	EaKsExYYhhhmWV	OPTIONAL_MODULE_NLCLASSIFIER
string	com.vimosoft.vimoutil.vl_geometry.hBX.LUPuCFNiOa	EqCValBN	com.google.android.gms.measurement.internal.IUploadBatchesCallback
string	com.vimosoft.vimoutil.vl_geometry.hBX.LUPuCFNiOa	IrUETXOUyc	viewImpl
string	com.vimosoft.vimoutil.vl_geometry.hBX.LUPuCFNiOa	JiNByqwPOgep	ECHO_REVERB
string	com.vimosoft.vimoutil.vl_geometry.hBX.LUPuCFNiOa	KhoADcrLo	Super calls with default arguments not supported in this target, function: drawPath-GBMwjPU
string	com.vimosoft.vimoutil.vl_geometry.hBX.LUPuCFNiOa	LkwBmIv	AZ
string	com.vimosoft.vimoutil.vl_geometry.hBX.LUPuCFNiOa	OLYQrouJ	SimpleDecoCheckPoint(identifier=
string	com.vimosoft.vimoutil.vl_geometry.hBX.LUPuCFNiOa	OPjyXP	ctt_license_info
string	com.vimosoft.vimoutil.vl_geometry.hBX.LUPuCFNiOa	PXKobLicI	\\u003d
string	com.vimosoft.vimoutil.vl_geometry.hBX.LUPuCFNiOa	PkqV	HMACSHA256
string	com.vimosoft.vimoutil.vl_geometry.hBX.LUPuCFNiOa	QriQtGN	SELECT * FROM content WHERE (ctt_available_android = 1) ORDER BY ctt_display_name ASC 
string	com.vimosoft.vimoutil.vl_geometry.hBX.LUPuCFNiOa	SLCMyf	com.google.android.finsky.externalreferrer.IGetInstallReferrerService
string	com.vimosoft.vimoutil.vl_geometry.hBX.LUPuCFNiOa	SUsuZYiupjLYJB	android.adservices.measurement.MeasurementManager
string	com.vimosoft.vimoutil.vl_geometry.hBX.LUPuCFNiOa	SdTPCNuUyIBu	timeout
string	com.vimosoft.vimoutil.vl_geometry.hBX.LUPuCFNiOa	TcsbW	items
string	com.vimosoft.vimoutil.vl_geometry.hBX.LUPuCFNiOa	TlGQekaamOGfk	AdvertisedMemoryTier
string	com.vimosoft.vimoutil.vl_geometry.hBX.LUPuCFNiOa	UMIrgf	setImmersiveMode must be called on the main UI thread.
string	com.vimosoft.vimoutil.vl_geometry.hBX.LUPuCFNiOa	WUToeqfvjWkIk	ctt_deprecated_ios
string	com.vimosoft.vimoutil.vl_geometry.hBX.LUPuCFNiOa	XoBWEPdesd	ctt_resource_type
string	com.vimosoft.vimoutil.vl_geometry.hBX.LUPuCFNiOa	ZmjKKjz	btnTry
string	com.vimosoft.vimoutil.vl_geometry.hBX.LUPuCFNiOa	aDj	playBillingLibraryVersion
string	com.vimosoft.vimoutil.vl_geometry.hBX.LUPuCFNiOa	bojiiJVG	ctt_available_ios
string	com.vimosoft.vimoutil.vl_geometry.hBX.LUPuCFNiOa	divj	smart-caption-v2
string	com.vimosoft.vimoutil.vl_geometry.hBX.LUPuCFNiOa	icIzOdxrPN	ctt_available_android
string	com.vimosoft.vimoutil.vl_geometry.hBX.LUPuCFNiOa	kZn	visual_deco_data_list
string	com.vimosoft.vimoutil.vl_geometry.hBX.LUPuCFNiOa	kbndeSSc	ctt_thumbnail_file_name
string	com.vimosoft.vimoutil.vl_geometry.hBX.LUPuCFNiOa	lEDQVTMFS	Current token (%s) not VALUE_STRING or VALUE_EMBEDDED_OBJECT, can not access as binary
string	com.vimosoft.vimoutil.vl_geometry.hBX.LUPuCFNiOa	mXQqME	RecyclerView
string	com.vimosoft.vimoutil.vl_geometry.hBX.LUPuCFNiOa	opvvZqBsHN	ctt_license_info
string	com.vimosoft.vimoutil.vl_geometry.hBX.LUPuCFNiOa	rpHfTPKrhdeYY	FirebaseInitProvider ProviderInfo cannot be null.
string	com.vimosoft.vimoutil.vl_geometry.hBX.LUPuCFNiOa	sNeyRgJKBhABF	addChangeCallback
string	com.vimosoft.vimoutil.vl_geometry.hBX.LUPuCFNiOa	tSpnfBADsB	DECO_LABEL
string	com.vimosoft.vimoutil.vl_geometry.hBX.LUPuCFNiOa	uImruOJ	StorageException
string	com.vimosoft.vimoutil.vl_geometry.hBX.LUPuCFNiOa	wzM	Chorus
string	com.vimosoft.vimoutil.vl_geometry.hBX.LUPuCFNiOa	yxaPRc	networkExtras
string	com.vimosoft.vimoutil.vl_geometry.hBX.LUPuCFNiOa	zKNLiubGoaDfhq	fml_index
string	com.vimosoft.vimoutil.vl_geometry.hBX.LUPuCFNiOa	znQNGfV	combine
string	kotlin.io.uv.JumHfz	BrPmfLlUISos	texelSize
string	kotlin.io.uv.JumHfz	CJyh	ctt_data
string	kotlin.io.uv.JumHfz	CaObOmKpGMwIy	fml_deprecated_ios
string	kotlin.io.uv.JumHfz	CcJIshoUVwxgRS	CommonMultiSelectController
string	kotlin.io.uv.JumHfz	ElzxJYDVARGfoQp	pkg_user_created
string	kotlin.io.uv.JumHfz	FhL	fml_deprecated_android
string	kotlin.io.uv.JumHfz	GERojXhokTsGx	productId
string	kotlin.io.uv.JumHfz	IECRkjTIInBRqnE	assets:/text/text_animation_2604_in_slide_right_3/EA41C379-EDA5-4E27-9BC2-B672D2354F3A.4.captioninanimation
string	kotlin.io.uv.JumHfz	KOkMNlceX	enhanced_user_id
string	kotlin.io.uv.JumHfz	LFwTBMNdrcGE	ON_DEVICE_ENTITY_EXTRACTION_ANNOTATE
string	kotlin.io.uv.JumHfz	LaMfZJdkG	 (
string	kotlin.io.uv.JumHfz	MVzqSLUUxulK	Service connection is valid. No need to re-initialize.
string	kotlin.io.uv.JumHfz	OkWTj	Transition2
string	kotlin.io.uv.JumHfz	PijftIVg	ctt_download_url
string	kotlin.io.uv.JumHfz	QFDZslKDV	INT
string	kotlin.io.uv.JumHfz	RaDoLJbSuDLGh	onDeviceDocumentDetectionLogEvent
string	kotlin.io.uv.JumHfz	RiWNVVxMnxsVlD	sort by last opened
string	kotlin.io.uv.JumHfz	RwnPG	media_stock_blackscreen_2307_heart2_1_1_h264_hd
string	kotlin.io.uv.JumHfz	VQVySwS	SELECT * FROM family WHERE (fml_available_android = 1) AND (fml_name = ?)
string	kotlin.io.uv.JumHfz	Vps	version(com.vimosoft.vimomodule.resource_database.VLResVersion).\n Expected:\n
string	kotlin.io.uv.JumHfz	VuOfppEFFVjE	gads:ad_cache_manager_preload_first_ad_delay_millis
string	kotlin.io.uv.JumHfz	WVmFk	Precache task is already running.
string	kotlin.io.uv.JumHfz	WWbF	dataRAF
string	kotlin.io.uv.JumHfz	WkrUMVxEepHI	INSERT OR REPLACE INTO `bookmark` (`bmk_family_name`,`bmk_date`,`bmk_tag`) VALUES (?,?,?)
string	kotlin.io.uv.JumHfz	WwIk	internalTransactionExecutor
string	kotlin.io.uv.JumHfz	YDdSDTOJchxyzCz	ExoPlayerImplInternal
string	kotlin.io.uv.JumHfz	ZNqzYOeuuvvP	USLT
string	kotlin.io.uv.JumHfz	ZPbGEmAlYwwkGx	BottomNavigationItemRes(iconRes=
string	kotlin.io.uv.JumHfz	aLmdmkATgw	ctt_family_name
string	kotlin.io.uv.JumHfz	bsNohxduHfuH	-1
string	kotlin.io.uv.JumHfz	dQeWssXTCsxxXmP	appsFlyerCount
string	kotlin.io.uv.JumHfz	dSPvEvtribwruiE	Invalid screen name length in setCurrentScreen. Length
string	kotlin.io.uv.JumHfz	duvPhiBlMmDRJ	deletedProjectList.json
string	kotlin.io.uv.JumHfz	ebEJbFWoK	fml_deprecated_android = 0
string	kotlin.io.uv.JumHfz	ifjzCpRDJlkpGip	 to a byte array threw an IOException (should never happen).
string	kotlin.io.uv.JumHfz	jNz	StepProgressLoadingController
string	kotlin.io.uv.JumHfz	jtzwxENoDEANuSV	Could not extract deeplink from null intent
string	kotlin.io.uv.JumHfz	lOSUzH	No factory is available for message type: 
string	kotlin.io.uv.JumHfz	nIXtkdWQQsG	PRN
string	kotlin.io.uv.JumHfz	pfdKQsLFcupx	] : 
string	kotlin.io.uv.JumHfz	qGQ	text_animation_2604_out_flip_left
string	kotlin.io.uv.JumHfz	qeKWSCHCKPob	Unterminated escape sequence
string	kotlin.io.uv.JumHfz	qpMsschhvR	DEFAULT
string	kotlin.io.uv.JumHfz	rvsqrJfeT	Xiaomi
string	kotlin.io.uv.JumHfz	sJoR	bgm_kid_and_pet_a_lovely_puppy
string	kotlin.io.uv.JumHfz	tcCOXGBC	audio/raw
string	kotlin.io.uv.JumHfz	tysWyhfzyQtzX	Invalid number: 
string	kotlin.io.uv.JumHfz	uKQVVTSVBw	Unable to get icon type 
string	kotlin.io.uv.JumHfz	vHSHuVmsS	D3uOnw==
string	kotlin.io.uv.JumHfz	zFtauKvt	value
string	kotlin.io.uv.JumHfz	zHGrIZxsCGZV	fml_name
string	org.tensorflow.lite.support.image.yLf.tOrX	ATQ	ctt_tts_retry_limit
string	org.tensorflow.lite.support.image.yLf.tOrX	AlJkVgqJugk	OffsetTimeOriginal
string	org.tensorflow.lite.support.image.yLf.tOrX	BLrynxrOHUZkxED	JAVA7
string	org.tensorflow.lite.support.image.yLf.tOrX	BYAkcJQG	Operation is not supported for read-only collection
string	org.tensorflow.lite.support.image.yLf.tOrX	CiaKGdWWbiLdp	IO
string	org.tensorflow.lite.support.image.yLf.tOrX	DloLJXrsA	gads:app_open_precache_pool:cache_start_trigger
string	org.tensorflow.lite.support.image.yLf.tOrX	FDTbVTpK	ctt_resource_type
string	org.tensorflow.lite.support.image.yLf.tOrX	FIZ	rotation
string	org.tensorflow.lite.support.image.yLf.tOrX	FcPCyX	fml_name
string	org.tensorflow.lite.support.image.yLf.tOrX	KEDhttwgHWiX	Face Mesh Mouth Size Custom Package Id
string	org.tensorflow.lite.support.image.yLf.tOrX	KjdffN	media_stock_background_2109_collage7_9_16_h264_fhd
string	org.tensorflow.lite.support.image.yLf.tOrX	LbpVAdRjHGB	ctt_deprecated_ios
string	org.tensorflow.lite.support.image.yLf.tOrX	PDTeAjbj	latency
string	org.tensorflow.lite.support.image.yLf.tOrX	PHGgXTNnMjVS	ExifInterface
string	org.tensorflow.lite.support.image.yLf.tOrX	PoGMhdH	fml_display_name
string	org.tensorflow.lite.support.image.yLf.tOrX	QBLxdtqjIh	ctt_icon_name
string	org.tensorflow.lite.support.image.yLf.tOrX	UCmCTPBWeS	)
string	org.tensorflow.lite.support.image.yLf.tOrX	VJFhm	ALLOW_EXPLICIT_PROPERTY_RENAMING
string	org.tensorflow.lite.support.image.yLf.tOrX	XOcAUBZggISK	\n  
string	org.tensorflow.lite.support.image.yLf.tOrX	ZJyvXtJNoGuDa	fml_resource_type
string	org.tensorflow.lite.support.image.yLf.tOrX	agdOaXxkUfLlnce	pkg_thumbnail
string	org.tensorflow.lite.support.image.yLf.tOrX	ddgOn	custom_mute_enabled
string	org.tensorflow.lite.support.image.yLf.tOrX	ezNjeaxMCEfiAEs	ctt_family_name
string	org.tensorflow.lite.support.image.yLf.tOrX	ftxfR	instant
string	org.tensorflow.lite.support.image.yLf.tOrX	gqDOJX	Body
string	org.tensorflow.lite.support.image.yLf.tOrX	hHwNehvPnxf	OPTIONAL_MODULE_CUSTOM_IMAGE_LABELING_INFERENCE
string	org.tensorflow.lite.support.image.yLf.tOrX	iabeNejIMZL	 
string	org.tensorflow.lite.support.image.yLf.tOrX	isZCqmtnlbSC	adsid
string	org.tensorflow.lite.support.image.yLf.tOrX	mTluYp	ctt_type
string	org.tensorflow.lite.support.image.yLf.tOrX	mhwT	fb_mobile_pckg_fp
string	org.tensorflow.lite.support.image.yLf.tOrX	nLFpbzby	ad_cover
string	org.tensorflow.lite.support.image.yLf.tOrX	pSnyzw	ctt_family_name
string	org.tensorflow.lite.support.image.yLf.tOrX	rBJU	{}
string	org.tensorflow.lite.support.image.yLf.tOrX	uEXhL	ctt_info
string	org.tensorflow.lite.support.image.yLf.tOrX	upOMPJ	UNDECIDED
string	org.tensorflow.lite.support.image.yLf.tOrX	wmyJ	bgInfo
string	org.tensorflow.lite.support.image.yLf.tOrX	zROIQeQYu	Empty
string	org.tensorflow.lite.support.image.yLf.tOrX	zRXIaFORoCueQ	
