# Blender 4.3.0
# www.blender.org
mtllib L_body.mtl
o L_body
v 0.038802 -0.008206 0.052431
v 0.038160 -0.005616 0.055338
v 0.037518 -0.006010 0.049655
v 0.037028 -0.003025 0.058105
v 0.035171 -0.000224 0.060950
v 0.035933 -0.001008 0.055304
v 0.033081 0.002454 0.063781
v 0.030458 0.004868 0.066073
v 0.030228 0.006295 0.062672
v 0.032542 0.003911 0.060524
v 0.027310 0.007092 0.068285
v 0.022598 0.010206 0.069009
v 0.027555 0.008303 0.064766
v 0.012446 0.013180 0.074078
v 0.015127 0.012814 0.071821
v 0.016321 0.011381 0.073169
v 0.014288 0.011336 0.074907
v 0.009695 0.014727 0.073847
v 0.010822 0.015287 0.069179
v 0.013979 0.014465 0.068982
v 0.001986 0.016703 0.073062
v -0.003315 0.016640 0.072195
v -0.002907 0.016645 0.067353
v 0.002691 0.016710 0.068631
v -0.009474 0.014694 0.068250
v -0.013415 0.011955 0.066082
v -0.012732 0.012988 0.062158
v -0.008882 0.014940 0.064651
v -0.016985 0.009116 0.063452
v -0.018748 0.008106 0.057841
v -0.015702 0.010894 0.059526
v -0.021926 0.003208 0.056761
v -0.023205 0.001745 0.053820
v -0.022576 0.003366 0.052356
v -0.021326 0.005068 0.055419
v -0.024063 -0.000554 0.050416
v -0.024429 -0.003255 0.047082
v -0.023613 0.000837 0.049136
v -0.024397 -0.006106 0.043878
v -0.023794 -0.008891 0.040796
v -0.023161 -0.003223 0.041311
v -0.022676 -0.011626 0.037820
v -0.021024 -0.014350 0.034944
v -0.019878 -0.011045 0.032708
v -0.021483 -0.008410 0.035591
v -0.018759 -0.016934 0.032328
v -0.016237 -0.019256 0.030062
v -0.015273 -0.015763 0.028068
v -0.017852 -0.013489 0.030225
v -0.013376 -0.021462 0.028012
v -0.010222 -0.023267 0.026461
v -0.009158 -0.019736 0.024486
v -0.012448 -0.017900 0.026002
v -0.006741 -0.024769 0.025303
v -0.002859 -0.026137 0.024373
v -0.001900 -0.022649 0.022713
v -0.005698 -0.021372 0.023251
v 0.001224 -0.027189 0.023838
v 0.005400 -0.027821 0.023841
v 0.006016 -0.024086 0.022398
v 0.002039 -0.023637 0.022266
v 0.009610 -0.028129 0.024229
v 0.013711 -0.028135 0.024943
v 0.013903 -0.024353 0.023381
v 0.009979 -0.024435 0.022809
v 0.017701 -0.027701 0.026130
v 0.021520 -0.026926 0.027676
v 0.021300 -0.023351 0.026034
v 0.017694 -0.024053 0.024548
v 0.025107 -0.025786 0.029586
v 0.028341 -0.024364 0.031792
v 0.027584 -0.021027 0.030276
v 0.024582 -0.022369 0.028086
v 0.031237 -0.022647 0.034291
v 0.033700 -0.020734 0.036996
v 0.032620 -0.017613 0.034972
v 0.030316 -0.019467 0.032580
v 0.035751 -0.018571 0.039884
v 0.037319 -0.016190 0.042891
v 0.035976 -0.013267 0.040658
v 0.034664 -0.015555 0.037757
v 0.038375 -0.013628 0.046001
v 0.038886 -0.010961 0.049216
v 0.037028 -0.011025 0.043666
v 0.034886 -0.004036 0.047795
v 0.033752 0.000318 0.053139
v 0.030766 0.004711 0.057514
v 0.026182 0.008808 0.061151
v 0.021867 0.011605 0.065397
v 0.021177 0.011903 0.063607
v 0.018305 0.013065 0.066919
v 0.017667 0.013331 0.064383
v 0.007671 0.016087 0.069233
v 0.008270 0.015975 0.065640
v 0.011279 0.015272 0.065430
v 0.003313 0.016473 0.065205
v -0.002234 0.016258 0.063880
v -0.008418 0.014921 0.062719
v -0.007813 0.014671 0.060976
v -0.012023 0.013268 0.060410
v -0.011094 0.013202 0.058737
v -0.013705 0.011903 0.056591
v -0.014975 0.011480 0.058137
v -0.017440 0.009533 0.055839
v -0.015785 0.010211 0.053968
v -0.017799 0.008271 0.051397
v -0.020043 0.007021 0.053974
v -0.021573 0.004773 0.050900
v -0.019103 0.006265 0.048446
v -0.020203 0.003924 0.045665
v -0.022632 0.002210 0.047883
v -0.023178 -0.000290 0.044774
v -0.020727 0.001580 0.042673
v -0.020751 -0.001113 0.039658
v -0.019302 -0.006180 0.034248
v -0.017607 -0.008529 0.031698
v -0.015634 -0.010687 0.029481
v -0.013381 -0.012691 0.027539
v -0.007646 -0.016271 0.024375
v -0.010860 -0.014639 0.025767
v -0.004392 -0.017625 0.023385
v -0.000815 -0.018751 0.022598
v 0.002886 -0.019643 0.022452
v 0.006538 -0.020209 0.022541
v 0.010205 -0.020564 0.022933
v 0.013626 -0.020692 0.023803
v 0.017161 -0.020365 0.024821
v 0.020310 -0.019738 0.026182
v 0.023333 -0.018886 0.027817
v 0.026053 -0.017743 0.029943
v 0.028505 -0.016410 0.032221
v 0.030471 -0.014899 0.034424
v 0.034819 -0.008853 0.042499
v 0.033727 -0.010982 0.039642
v 0.032376 0.000799 0.052218
v 0.033228 -0.001714 0.049369
v 0.024310 0.008535 0.058761
v 0.027880 0.006324 0.057373
v 0.030696 0.003446 0.054844
v 0.020376 0.009851 0.058807
v 0.020503 0.011740 0.061997
v 0.033090 -0.004305 0.045937
v 0.034139 -0.008251 0.042255
v 0.032304 -0.013142 0.036924
v 0.031544 -0.012388 0.036813
v 0.030057 -0.013974 0.034701
v -0.001500 0.007497 0.048886
v 0.002371 0.006072 0.047698
v 0.003083 0.006748 0.048735
v -0.001433 0.008358 0.050065
v -0.002282 -0.000315 0.039071
v -0.000509 -0.001401 0.038101
v 0.004927 0.001256 0.042156
v 0.003802 0.001895 0.042700
v 0.014103 0.014587 0.065188
v 0.013696 0.013650 0.062515
v 0.008473 0.014865 0.062582
v 0.003894 0.015370 0.062093
v -0.000972 0.014952 0.060652
v -0.006044 0.013497 0.057964
v -0.012451 0.010227 0.052075
v -0.010401 0.011690 0.054413
v -0.014806 0.007861 0.048671
v -0.016261 0.004725 0.044551
v -0.016783 0.000213 0.038574
v -0.015539 -0.004290 0.034037
v -0.012761 -0.008346 0.030001
v -0.008510 -0.011831 0.027072
v -0.003519 -0.014529 0.024786
v 0.003334 -0.016882 0.023718
v 0.010521 -0.018017 0.024156
v 0.016594 -0.017948 0.025771
v 0.022412 -0.017094 0.028631
v 0.027749 -0.015505 0.032272
v -0.002270 0.009958 0.052177
v -0.000426 0.013748 0.058829
v -0.003156 0.010642 0.053034
v -0.012035 0.007893 0.048310
v -0.012153 0.008655 0.049441
v -0.012001 0.009381 0.050552
v -0.011511 0.010041 0.051576
v -0.010775 0.010663 0.052565
v -0.009753 0.011137 0.053319
v -0.008471 0.011480 0.053870
v -0.007082 0.011586 0.054067
v -0.011493 0.007149 0.047257
v -0.011415 -0.005362 0.032568
v -0.009791 -0.009052 0.029284
v -0.010187 -0.006712 0.031255
v -0.005030 -0.008322 0.030041
v -0.006695 -0.008160 0.030039
v -0.007401 -0.009735 0.028647
v -0.004218 -0.010591 0.028053
v -0.013580 0.002374 0.041257
v -0.006311 0.000476 0.039415
v -0.007044 0.005385 0.045313
v -0.008273 0.000303 0.038973
v 0.000099 -0.006578 0.032515
v 0.007944 -0.005481 0.035149
v 0.000881 -0.005222 0.034082
v 0.000502 -0.002631 0.036875
v 0.001011 -0.003938 0.035501
v 0.007653 -0.004420 0.036248
v 0.007701 -0.003413 0.037388
v 0.024730 -0.005929 0.039979
v 0.019098 -0.006476 0.037297
v 0.025582 -0.009782 0.036152
v -0.005653 0.011496 0.054020
v -0.004344 0.011161 0.053644
v -0.004231 0.000327 0.039528
v 0.002286 0.003528 0.044414
v -0.004024 0.005633 0.046062
v 0.002885 0.002658 0.043453
v 0.006204 0.000769 0.041849
v 0.008199 -0.002501 0.038543
v 0.001966 0.004407 0.045461
v -0.002896 0.006076 0.046799
v -0.011896 -0.004021 0.033932
v -0.011891 -0.002688 0.035360
v 0.031874 0.000862 0.052012
v 0.032670 -0.001490 0.049346
v 0.024331 0.008118 0.058130
v 0.027669 0.006041 0.056832
v 0.030291 0.003332 0.054476
v 0.020652 0.009358 0.058171
v 0.016882 0.009261 0.056451
v 0.017378 0.008788 0.055978
v 0.031506 -0.006347 0.042561
v 0.032538 -0.003931 0.046147
v 0.031055 -0.005852 0.042995
v 0.028628 -0.006837 0.040554
v 0.028357 -0.006326 0.041133
v 0.024715 -0.005466 0.040585
v 0.015626 0.004658 0.049664
v 0.016932 0.001635 0.046229
v 0.017412 0.001597 0.046451
v 0.016189 0.004433 0.049660
v 0.015481 0.007257 0.053117
v 0.016060 0.006887 0.052877
v 0.018552 -0.000988 0.043529
v 0.021496 -0.003915 0.041111
v 0.021685 -0.003587 0.041647
v 0.018928 -0.000853 0.043916
v 0.027896 0.001632 0.051692
v 0.021638 0.005100 0.053470
v 0.027076 -0.002691 0.045765
v 0.021044 0.000592 0.047309
v 0.006758 0.015793 0.073499
v 0.008765 0.014178 0.077424
v 0.006042 0.015498 0.077280
v 0.001453 0.016645 0.076910
v -0.009718 0.014353 0.071109
v -0.013311 0.011031 0.069922
v -0.016224 0.008075 0.068368
v 0.037846 -0.009899 0.054339
v 0.037215 -0.007306 0.057169
v 0.036071 -0.004611 0.059780
v 0.034067 -0.001892 0.062584
v 0.031873 0.000842 0.065249
v 0.029366 0.003315 0.067446
v 0.026570 0.005732 0.069310
v 0.022126 0.007491 0.071919
v 0.022511 0.009091 0.070862
v -0.023147 -0.003229 0.053022
v -0.023508 -0.008254 0.046477
v -0.022125 -0.013316 0.040697
v -0.023061 -0.010880 0.043604
v -0.018383 -0.018585 0.035301
v -0.013151 -0.022702 0.030596
v -0.006563 -0.026333 0.027869
v 0.001064 -0.028748 0.026482
v 0.009297 -0.029753 0.026700
v 0.024482 -0.027520 0.031826
v 0.017168 -0.029333 0.028486
v 0.030762 -0.024281 0.036576
v 0.035224 -0.020046 0.042269
v 0.037542 -0.015205 0.048167
v 0.037956 -0.012644 0.051312
v 0.031366 -0.009478 0.065070
v 0.033026 -0.012005 0.062135
v 0.029307 -0.014807 0.064278
v 0.027664 -0.012399 0.066973
v 0.026701 -0.004548 0.069947
v 0.029130 -0.007008 0.067551
v 0.025323 -0.009933 0.069401
v 0.022545 -0.007429 0.071862
v 0.017907 -0.010640 0.073731
v 0.018010 -0.005903 0.075386
v -0.019675 -0.008241 0.059990
v -0.019678 -0.002469 0.063690
v -0.018087 -0.004839 0.068533
v -0.017768 -0.010945 0.063839
v -0.019453 -0.013846 0.054570
v -0.017287 -0.016325 0.057717
v -0.014878 -0.018750 0.060561
v -0.014017 -0.021671 0.057559
v -0.016605 -0.019216 0.054449
v -0.014512 -0.022665 0.052352
v -0.012934 -0.025032 0.045402
v -0.015497 -0.022896 0.042325
v -0.018035 -0.018842 0.048114
v -0.011572 -0.026017 0.037782
v -0.007382 -0.028478 0.041742
v -0.004045 -0.030092 0.037527
v -0.005445 -0.029335 0.034736
v 0.000808 -0.031193 0.033129
v 0.000762 -0.031512 0.036633
v 0.004448 -0.032166 0.035396
v 0.008614 -0.032204 0.033113
v 0.008333 -0.032523 0.035248
v 0.015791 -0.031682 0.034794
v 0.012268 -0.032422 0.036340
v 0.022013 -0.030020 0.037941
v 0.020557 -0.030535 0.039774
v 0.028162 -0.027191 0.042838
v 0.025488 -0.028416 0.043665
v 0.032061 -0.023540 0.047945
v 0.027862 -0.025807 0.050647
v 0.033928 -0.018977 0.053754
v 0.031051 -0.021484 0.055686
v 0.033938 -0.014608 0.058996
v 0.034209 -0.016807 0.056382
v 0.030903 -0.019435 0.058669
v 0.030307 -0.017218 0.061293
v 0.004565 -0.032230 0.035828
v 0.008305 -0.032528 0.035700
v 0.000987 -0.031599 0.037068
v -0.009319 -0.027548 0.052258
v -0.007670 -0.028084 0.049582
v -0.008972 -0.027721 0.046775
v 0.012073 -0.032458 0.036772
v 0.015349 -0.031962 0.038902
v 0.015779 -0.031970 0.038511
v 0.022570 -0.027863 0.054592
v 0.020604 -0.028811 0.051505
v 0.020363 -0.028826 0.053741
v 0.018391 -0.031018 0.041507
v 0.019973 -0.029877 0.045307
v 0.022687 -0.029318 0.044449
v -0.004878 -0.029307 0.042771
v -0.002471 -0.030525 0.039501
v -0.002872 -0.030401 0.039056
v -0.005460 -0.029092 0.042540
v 0.020528 -0.029104 0.049249
v 0.023031 -0.028401 0.049388
v -0.006617 -0.028430 0.047351
v -0.007198 -0.028194 0.047228
v -0.005757 -0.028156 0.056178
v -0.006405 -0.026947 0.052140
v -0.007316 -0.028591 0.051880
v -0.006705 -0.029759 0.055815
v -0.007800 -0.028349 0.051962
v -0.007116 -0.029597 0.056197
v 0.019190 -0.029527 0.057751
v 0.020966 -0.028604 0.058958
v -0.005162 -0.031462 0.059253
v -0.004831 -0.031499 0.058753
v 0.017859 -0.030803 0.062422
v 0.016703 -0.031179 0.060803
v 0.010156 -0.035074 0.065124
v 0.014419 -0.033136 0.064258
v 0.013575 -0.033084 0.062606
v 0.009639 -0.034681 0.063593
v 0.000624 -0.035176 0.064466
v 0.005227 -0.035855 0.065172
v 0.005254 -0.035288 0.063633
v 0.001225 -0.034739 0.062894
v -0.002207 -0.033387 0.061507
v -0.003160 -0.033533 0.063085
v -0.001929 -0.033345 0.061048
v 0.013607 0.007820 0.079053
v 0.012819 0.006419 0.081201
v 0.011343 0.008370 0.082978
v 0.011958 0.009860 0.079835
v 0.010153 0.011754 0.080610
v 0.009313 0.011490 0.084316
v 0.007252 0.013647 0.084439
v 0.007885 0.013751 0.080881
v 0.001063 0.016567 0.080586
v 0.005395 0.015173 0.080890
v 0.004956 0.015200 0.084439
v 0.000839 0.016565 0.084094
v -0.003579 0.016707 0.079990
v -0.003630 0.016730 0.083549
v -0.009981 0.013942 0.082445
v -0.009924 0.014023 0.078846
v -0.013150 0.010018 0.078102
v -0.013226 0.010415 0.073870
v -0.009913 0.014185 0.074983
v -0.015735 0.007199 0.072923
v -0.015525 0.006456 0.077484
v -0.016844 0.003126 0.076744
v -0.017225 0.004141 0.072096
v 0.008912 0.011356 0.089491
v 0.006926 0.013704 0.089382
v -0.015424 0.006353 0.081307
v -0.016670 0.002836 0.080942
v -0.018004 0.000904 0.071056
v -0.019056 0.002566 0.065922
v -0.010764 -0.026031 0.058787
v -0.008363 -0.029137 0.057525
v 0.010271 -0.025615 0.069105
v 0.009806 -0.033373 0.066084
v 0.003705 -0.026914 0.068406
v -0.003162 -0.032134 0.064086
v -0.006773 -0.029266 0.062632
v -0.002837 -0.026494 0.067420
v 0.015962 -0.022882 0.069258
v 0.019970 -0.019203 0.068901
v 0.021592 -0.021550 0.066822
v 0.017294 -0.025216 0.067046
v -0.015525 -0.013399 0.066923
v -0.012957 -0.020447 0.062836
v 0.014197 -0.019649 0.070872
v 0.009046 -0.022623 0.070300
v 0.007743 -0.019804 0.072279
v 0.012718 -0.017049 0.072941
v 0.002073 -0.021116 0.071914
v 0.003037 -0.023744 0.069717
v -0.003262 -0.023522 0.068827
v -0.004310 -0.020872 0.070855
v 0.021294 -0.013198 0.071014
v 0.017754 -0.016385 0.070995
v 0.015590 -0.014145 0.073281
v -0.012204 -0.014908 0.073858
v -0.012829 -0.016441 0.068639
v 0.001559 -0.019564 0.074823
v 0.006995 -0.018164 0.075316
v -0.010324 -0.018370 0.069291
v -0.005804 -0.018851 0.074372
v 0.013946 -0.013205 0.075139
v 0.011754 -0.015219 0.075312
v 0.001157 -0.019411 0.080810
v 0.006072 -0.017765 0.080914
v 0.005948 -0.017808 0.086649
v 0.000801 -0.020342 0.086216
v 0.007608 -0.016356 0.085932
v 0.009005 -0.014703 0.088360
v 0.013509 -0.002098 0.093281
v 0.013574 -0.002062 0.095064
v 0.012890 0.002538 0.095303
v 0.012869 0.002385 0.093853
v 0.014552 0.006459 0.078619
v 0.014106 0.004045 0.080121
v 0.015458 -0.010490 0.075598
v 0.016270 -0.006820 0.076529
v -0.017291 -0.000559 0.075763
v -0.016934 -0.001089 0.080585
v -0.015902 -0.007709 0.079988
v -0.016523 -0.007317 0.073462
v -0.011911 -0.015045 0.080133
v -0.005909 -0.018782 0.080297
v -0.011906 -0.015465 0.093896
v -0.010736 -0.014999 0.123269
v -0.005455 -0.019776 0.123370
v -0.006046 -0.020298 0.093737
v -0.015255 -0.007956 0.094137
v -0.014038 -0.008015 0.123172
v 0.000762 -0.021034 0.093802
v 0.001008 -0.020887 0.123532
v 0.006149 -0.017990 0.094114
v 0.006851 -0.018155 0.123544
v 0.010906 -0.013227 0.123441
v 0.010419 -0.012605 0.094373
v 0.013264 -0.007620 0.123303
v 0.012431 -0.007605 0.094716
v 0.013522 0.004001 0.123021
v 0.014407 -0.001724 0.123161
v 0.011104 0.007971 0.095619
v 0.011649 0.009112 0.122935
v 0.004548 0.015329 0.089249
v 0.004173 0.015354 0.095460
v -0.013987 0.005879 0.122892
v -0.014983 0.006286 0.094203
v -0.010095 0.013675 0.094594
v -0.009859 0.013153 0.122746
v -0.015346 -0.001311 0.123032
v -0.016485 -0.001353 0.094141
v -0.016213 0.002555 0.094143
v -0.015153 0.002273 0.122989
v 0.008481 0.013267 0.122840
v 0.011545 0.009123 0.126941
v 0.008022 0.013328 0.128593
v 0.004508 0.016087 0.122798
v 0.004240 0.015842 0.128465
v -0.004056 0.016753 0.122678
v -0.004003 0.016539 0.128383
v -0.009487 0.012799 0.128348
v -0.013643 0.005689 0.126610
v -0.015058 -0.001392 0.126636
v -0.013813 -0.007903 0.126689
v -0.010434 -0.015014 0.126687
v -0.005216 -0.019136 0.128735
v 0.000851 -0.020354 0.128790
v 0.006452 -0.017872 0.128841
v 0.010738 -0.013143 0.127181
v 0.013140 -0.007658 0.127129
v 0.014331 -0.001796 0.126947
v 0.013502 0.003855 0.127038
v 0.011160 0.008936 0.130306
v 0.007386 0.012851 0.133263
v 0.003905 0.015043 0.133268
v -0.000496 0.017030 0.128403
v -0.000659 0.016043 0.133230
v -0.003930 0.015640 0.133253
v -0.008898 0.012055 0.133026
v -0.013069 0.005383 0.130101
v -0.012601 0.005078 0.132993
v -0.014458 -0.001481 0.130001
v -0.013684 -0.001578 0.133036
v -0.013311 -0.007748 0.130093
v -0.012674 -0.007619 0.133072
v -0.009887 -0.014812 0.130141
v -0.009281 -0.014405 0.133087
v -0.004799 -0.018184 0.133257
v 0.000799 -0.019420 0.133213
v 0.005810 -0.016846 0.133198
v 0.010291 -0.012871 0.130587
v 0.009841 -0.012641 0.133219
v 0.012347 -0.007335 0.133200
v 0.012736 -0.007549 0.130555
v 0.013912 -0.001880 0.130475
v 0.013387 -0.001881 0.133205
v 0.012777 0.003473 0.133243
v 0.013173 0.003644 0.130473
v 0.010703 0.008706 0.133216
v 0.009968 0.008197 0.135994
v 0.009084 0.007436 0.138521
v 0.006444 0.011547 0.137342
v -0.003120 0.011441 0.140498
v -0.007098 0.008451 0.140348
v -0.008151 0.010546 0.136969
v -0.003634 0.013792 0.137276
v -0.010965 0.004228 0.138126
v -0.009653 0.003636 0.140369
v -0.010294 -0.001696 0.140513
v -0.011637 -0.001678 0.138276
v -0.009306 -0.006949 0.140602
v -0.010709 -0.007248 0.138317
v -0.006616 -0.011681 0.140529
v -0.003115 -0.014475 0.140486
v -0.004104 -0.016650 0.137099
v -0.007693 -0.012830 0.138273
v 0.000520 -0.015200 0.140429
v 0.004451 -0.013557 0.140388
v 0.005158 -0.015315 0.136931
v 0.000734 -0.017734 0.137015
v 0.007499 -0.010145 0.140540
v 0.008531 -0.011344 0.138228
v 0.009219 -0.012144 0.135746
v 0.010776 -0.006658 0.138308
v 0.011676 -0.007008 0.135754
v 0.012544 -0.001861 0.135841
v 0.011499 -0.001865 0.138490
v 0.011109 0.002749 0.138514
v 0.012058 0.003184 0.135907
v 0.005171 0.009587 0.140758
v 0.007784 0.006340 0.140878
v 0.005601 0.004080 0.143690
v 0.003654 0.006732 0.143480
v 0.000743 0.008436 0.143321
v 0.002309 0.011326 0.140589
v -0.000932 0.012054 0.140553
v -0.002487 0.007943 0.143338
v -0.005468 0.005956 0.143087
v -0.007251 0.002866 0.143171
v -0.007928 -0.001696 0.143189
v -0.006963 -0.006154 0.143253
v -0.004923 -0.009141 0.143366
v -0.002261 -0.010847 0.143485
v 0.000336 -0.011109 0.143591
v 0.003117 -0.009850 0.143642
v 0.005464 -0.006589 0.143962
v 0.009358 -0.006159 0.140697
v 0.009626 0.002144 0.140946
v 0.010036 -0.001880 0.140874
v 0.006615 -0.001898 0.144079
v 0.006705 0.001234 0.143846
v 0.002293 0.004035 0.145025
v 0.000255 0.005175 0.144905
v -0.001895 0.004646 0.144956
v -0.003693 0.002346 0.145178
v -0.004307 -0.001672 0.145349
v -0.003562 -0.005606 0.145193
v -0.001441 -0.007603 0.145081
v 0.000186 -0.007896 0.145086
v 0.002156 -0.007357 0.145030
v 0.003206 -0.005108 0.145369
v 0.003844 -0.001785 0.145456
v 0.003497 0.001515 0.145363
v -0.000132 -0.001759 0.145997
v -0.000080 0.002942 0.145662
v 0.000005 -0.005358 0.145841
v -0.011895 -0.015398 0.086554
v -0.006051 -0.019778 0.086386
v -0.015588 -0.007807 0.087015
v -0.016738 -0.001289 0.087087
v 0.010509 0.008679 0.089663
v 0.011326 0.007151 0.091865
v 0.012326 -0.007668 0.091699
v 0.010376 -0.012518 0.089696
v 0.012151 0.005046 0.093235
v 0.010494 0.009136 0.085428
v 0.010239 0.009272 0.087554
v -0.011256 -0.024104 0.061246
v -0.006235 -0.031336 0.060881
v -0.010487 -0.022163 0.064632
v 0.000478 -0.033684 0.065163
v 0.013900 -0.031652 0.065768
v 0.018636 -0.027718 0.065257
v 0.005060 -0.034070 0.065916
v 0.023969 -0.025583 0.061618
v 0.024944 -0.026434 0.055726
v 0.025550 -0.027289 0.050054
v 0.027910 -0.023752 0.057500
v 0.027570 -0.022263 0.060651
v 0.036279 -0.012090 0.056704
v 0.035443 -0.009401 0.059680
v 0.033886 -0.006785 0.062483
v 0.031860 -0.004263 0.065166
v 0.022258 0.000474 0.073392
v 0.024450 0.002783 0.071472
v 0.026970 0.000530 0.069555
v 0.024418 -0.002089 0.071803
v -0.021549 -0.005852 0.056580
v -0.021626 -0.011094 0.050764
v -0.021270 -0.013664 0.047629
v -0.020294 -0.016204 0.044426
v -0.017086 -0.020877 0.038805
v -0.012530 -0.024584 0.034148
v -0.006118 -0.028056 0.031246
v 0.000878 -0.030198 0.029728
v 0.008957 -0.031195 0.029829
v 0.016575 -0.030660 0.031309
v 0.023477 -0.028944 0.034380
v 0.029822 -0.025794 0.039112
v 0.034084 -0.021733 0.045104
v 0.036127 -0.017023 0.050962
v 0.036512 -0.014591 0.053850
v -0.021124 -0.003306 0.059288
v -0.018839 0.006161 0.063041
v 0.016016 0.009445 0.075387
v 0.014812 0.008900 0.076992
v 0.013142 0.010836 0.077433
v 0.017538 0.005565 0.075966
v 0.015757 0.004679 0.078100
v 0.015951 0.007575 0.076639
v 0.009055 -0.016526 0.076890
v 0.007421 -0.017085 0.079294
v 0.006864 -0.017117 0.083108
v -0.010062 0.013820 0.088024
v -0.012849 0.010058 0.087631
v -0.012969 0.009995 0.081927
v 0.004827 -0.030359 0.036012
v 0.008336 -0.030640 0.035885
v 0.001446 -0.029759 0.037145
v -0.006327 -0.026631 0.049746
v -0.007166 -0.028327 0.049605
v 0.011877 -0.030573 0.036887
v 0.014945 -0.030107 0.038873
v 0.019253 -0.027226 0.051216
v 0.019896 -0.029006 0.051352
v 0.019787 -0.029255 0.049201
v 0.019220 -0.027459 0.048958
v 0.019179 -0.030024 0.045553
v 0.017739 -0.031110 0.041881
v 0.017225 -0.029296 0.041661
v 0.018667 -0.028220 0.045253
v -0.001850 -0.028732 0.039425
v -0.004184 -0.027544 0.042654
v -0.005846 -0.026695 0.047365
v 0.018636 -0.029721 0.057404
v 0.019693 -0.029037 0.053492
v 0.018953 -0.027289 0.053455
v 0.017753 -0.028047 0.057545
v -0.004010 -0.029848 0.059204
v 0.016367 -0.031289 0.060333
v 0.015494 -0.029627 0.060614
v 0.009489 -0.034567 0.063147
v 0.013331 -0.033070 0.062125
v 0.012637 -0.031361 0.062572
v 0.009109 -0.032804 0.063742
v 0.001400 -0.034611 0.062438
v 0.005262 -0.035123 0.063185
v 0.005232 -0.033337 0.063826
v 0.001665 -0.032829 0.063035
v -0.001345 -0.031624 0.061594
v 0.015244 -0.010425 0.075682
v 0.013758 -0.013089 0.075315
v 0.011048 -0.010726 0.075709
v 0.011992 -0.008590 0.076142
v 0.007795 -0.016055 0.085759
v 0.009116 -0.014421 0.087965
v 0.006079 -0.012866 0.087534
v 0.004951 -0.014299 0.085756
v 0.013442 -0.002135 0.092826
v 0.012856 0.002366 0.093472
v 0.009490 0.001455 0.092380
v 0.009977 -0.002024 0.091988
v 0.012684 0.006234 0.081353
v 0.013881 0.003894 0.080253
v 0.010828 0.002963 0.079816
v 0.009658 0.005157 0.080819
v 0.015998 -0.006858 0.076636
v 0.012414 -0.005969 0.076845
v 0.012272 -0.007561 0.091283
v 0.009019 -0.006334 0.090622
v 0.010376 -0.012327 0.089315
v 0.007450 -0.010572 0.088951
v 0.012184 0.004906 0.092883
v 0.011418 0.006916 0.091578
v 0.008159 0.005447 0.091060
v 0.008781 0.003705 0.091906
v 0.010678 0.008340 0.089559
v 0.007554 0.006866 0.089622
v 0.010525 0.008682 0.085446
v 0.011253 0.007935 0.083219
v 0.008152 0.006779 0.082886
v 0.007372 0.007460 0.085213
v 0.010327 0.008842 0.087548
v 0.007192 0.007502 0.087698
v 0.015480 -0.001123 0.078374
v 0.011927 -0.000833 0.078448
v 0.011685 -0.014995 0.075606
v 0.009661 -0.012444 0.075648
v 0.009119 -0.016292 0.077073
v 0.006965 -0.014305 0.076566
v 0.007582 -0.016825 0.079335
v 0.004776 -0.015163 0.078949
v 0.007031 -0.016773 0.083053
v 0.004091 -0.015210 0.082962
v 0.006746 -0.022247 0.051365
v 0.004206 -0.003376 0.082846
v -0.010069 -0.000469 0.037918
v -0.008604 -0.007609 0.030443
v 0.000389 -0.011491 0.027742
v -0.003060 -0.008174 0.030420
v -0.002510 -0.000634 0.038851
v -0.000849 -0.001647 0.037941
v 0.000129 -0.002821 0.036843
v 0.000580 -0.004034 0.035534
v 0.000444 -0.005222 0.034211
v -0.000326 -0.006428 0.032732
v -0.001604 -0.007323 0.031658
v -0.001288 -0.007516 0.031331
v -0.003248 -0.007877 0.030788
v -0.005065 -0.008041 0.030433
v -0.006600 -0.007868 0.030416
v -0.008361 -0.007310 0.030778
v -0.009807 -0.006465 0.031504
v -0.010946 -0.005220 0.032717
v -0.011409 -0.004004 0.033998
v -0.011426 -0.002752 0.035317
v -0.010868 -0.001640 0.036577
v -0.011289 -0.001468 0.036725
v -0.009746 -0.000750 0.037712
v -0.008069 -0.000047 0.038677
v -0.006274 0.000099 0.039179
v -0.004323 -0.000024 0.039242
v 0.015823 -0.001019 0.078226
v -0.019885 0.006243 0.059412
v -0.021600 0.000565 0.058508
v 0.009657 -0.007394 0.033535
v 0.008652 -0.006484 0.034238
v -0.003432 0.016681 0.076145
v -0.003819 0.016709 0.088597
v 0.000618 0.016559 0.088978
v 0.000389 0.016639 0.095165
v -0.003947 0.016696 0.094934
v -0.002064 0.006733 0.047785
v 0.002029 0.005278 0.046593
v -0.005489 0.005357 0.045493
v -0.008349 0.005609 0.045438
v 0.018853 -0.004417 0.039535
v 0.018147 -0.003417 0.040437
v 0.017697 -0.003604 0.040190
v 0.018325 -0.004504 0.039360
v 0.019145 -0.005475 0.038437
v 0.018592 -0.005475 0.038379
v 0.018529 -0.006370 0.037343
v 0.018614 -0.007377 0.036135
v 0.018083 -0.007198 0.036300
v 0.017843 -0.008156 0.035039
v 0.017369 -0.007850 0.035309
v 0.016674 -0.008652 0.034157
v 0.016330 -0.008311 0.034522
v 0.015320 -0.008952 0.033456
v 0.015114 -0.008554 0.033877
v 0.013853 -0.008943 0.033060
v 0.013802 -0.008553 0.033514
v 0.012325 -0.008693 0.032905
v 0.012434 -0.008314 0.033369
v 0.010908 -0.008145 0.033088
v 0.011172 -0.007828 0.033537
v 0.010051 -0.007147 0.033949
v 0.009149 -0.006328 0.034582
v 0.008521 -0.005433 0.035384
v 0.008235 -0.004482 0.036367
v 0.008272 -0.003570 0.037387
v 0.008706 -0.002751 0.038436
v 0.008989 -0.001747 0.039604
v 0.009414 -0.002067 0.039391
v 0.010142 -0.001226 0.040504
v 0.010449 -0.001598 0.040219
v 0.011458 -0.000933 0.041206
v 0.011641 -0.001333 0.040848
v 0.012955 -0.000952 0.041621
v 0.012991 -0.001354 0.041243
v 0.014445 -0.001208 0.041785
v 0.014340 -0.001583 0.041384
v 0.015883 -0.001761 0.041603
v 0.015646 -0.002090 0.041238
v 0.017150 -0.002487 0.041175
v 0.016788 -0.002748 0.040841
v 0.013237 0.004545 0.048532
v 0.012604 0.005387 0.049456
v 0.012162 0.005189 0.049255
v 0.012734 0.004425 0.048406
v 0.013516 0.003654 0.047452
v 0.013003 0.003597 0.047435
v 0.013505 0.002793 0.046344
v 0.012986 0.002829 0.046411
v 0.013108 0.002004 0.045223
v 0.012637 0.002093 0.045389
v 0.012454 0.001327 0.044181
v 0.012033 0.001494 0.044431
v 0.011471 0.000822 0.043275
v 0.011143 0.001014 0.043602
v 0.010325 0.000484 0.042546
v 0.010092 0.000722 0.042933
v 0.008991 0.000375 0.042060
v 0.008867 0.000614 0.042486
v 0.007595 0.000431 0.041774
v 0.007602 0.000718 0.042230
v 0.006343 0.001005 0.042300
v 0.005173 0.001462 0.042579
v 0.004151 0.002061 0.043071
v 0.003337 0.002768 0.043748
v 0.002791 0.003550 0.044625
v 0.002515 0.004355 0.045569
v 0.002567 0.005135 0.046599
v 0.002887 0.005857 0.047592
v 0.003522 0.006459 0.048544
v 0.004011 0.007280 0.049645
v 0.004369 0.006936 0.049358
v 0.005208 0.007604 0.050357
v 0.005443 0.007216 0.050020
v 0.006509 0.007739 0.050868
v 0.006622 0.007340 0.050471
v 0.007916 0.007627 0.051092
v 0.007891 0.007233 0.050700
v 0.009289 0.007336 0.051088
v 0.009134 0.006975 0.050690
v 0.010583 0.006820 0.050772
v 0.010315 0.006503 0.050430
v 0.011715 0.006177 0.050248
v 0.011342 0.005923 0.049949
v -0.001940 0.008284 0.050075
v -0.002017 0.007540 0.048998
v -0.002508 0.006832 0.048014
v -0.003283 0.006256 0.047124
v -0.004299 0.005854 0.046475
v -0.005624 0.005633 0.045958
v -0.007022 0.005658 0.045788
v -0.008183 0.005861 0.045908
v -0.009514 0.006010 0.045845
v -0.009248 0.006210 0.046281
v -0.010642 0.006513 0.046429
v -0.010266 0.006710 0.046791
v -0.011032 0.007280 0.047501
v -0.011522 0.007949 0.048424
v -0.011633 0.008641 0.049441
v -0.011492 0.009310 0.050445
v -0.011048 0.009909 0.051379
v -0.010375 0.010488 0.052269
v -0.009459 0.010912 0.052947
v -0.008306 0.011213 0.053444
v -0.007057 0.011282 0.053637
v -0.005769 0.011182 0.053594
v -0.004589 0.010859 0.053281
v -0.003519 0.010384 0.052733
v -0.002715 0.009754 0.051987
v -0.001686 0.009182 0.051169
v -0.002175 0.009037 0.051082
v 0.008425 0.013384 0.060256
v -0.019882 0.003432 0.062855
v 0.017660 -0.000770 0.076927
v 0.019615 0.003144 0.075030
v 0.016594 0.002242 0.077654
v 0.021117 0.005168 0.073452
v -0.020891 0.003760 0.059760
v -0.002751 -0.001738 0.039598
v -0.001208 -0.002680 0.038777
v -0.000280 -0.003810 0.037706
v 0.000170 -0.004978 0.036476
v 0.000048 -0.006150 0.035181
v -0.000627 -0.007284 0.033839
v -0.001832 -0.008173 0.032727
v -0.003425 -0.008726 0.031940
v -0.005146 -0.008885 0.031573
v -0.006726 -0.008696 0.031602
v -0.008358 -0.008152 0.031929
v -0.009719 -0.007290 0.032687
v -0.010728 -0.006164 0.033786
v -0.011184 -0.005009 0.035013
v -0.011124 -0.003862 0.036273
v -0.010595 -0.002797 0.037460
v -0.009543 -0.001939 0.038528
v -0.008028 -0.001283 0.039405
v -0.006312 -0.001122 0.039869
v -0.004514 -0.001238 0.039953
v 0.017175 -0.004766 0.040929
v 0.017751 -0.005594 0.040164
v 0.017996 -0.006481 0.039264
v 0.017936 -0.007303 0.038314
v 0.017526 -0.008064 0.037358
v 0.016868 -0.008667 0.036460
v 0.015927 -0.009091 0.035752
v 0.014797 -0.009321 0.035170
v 0.013600 -0.009324 0.034845
v 0.012349 -0.009102 0.034724
v 0.011207 -0.008668 0.034884
v 0.010181 -0.008043 0.035271
v 0.009351 -0.007289 0.035853
v 0.008779 -0.006480 0.036562
v 0.008542 -0.005623 0.037476
v 0.008574 -0.004785 0.038402
v 0.008944 -0.004031 0.039347
v 0.009604 -0.003414 0.040217
v 0.010531 -0.002976 0.040971
v 0.011627 -0.002738 0.041543
v 0.012848 -0.002733 0.041902
v 0.014087 -0.002956 0.042019
v 0.015286 -0.003394 0.041888
v 0.016335 -0.003990 0.041525
v 0.011631 0.003979 0.049993
v 0.012189 0.003283 0.049205
v 0.012435 0.002513 0.048307
v 0.012414 0.001790 0.047357
v 0.012080 0.001123 0.046438
v 0.011546 0.000563 0.045519
v 0.010676 0.000127 0.044805
v 0.009732 -0.000143 0.044196
v 0.008625 -0.000251 0.043752
v 0.007424 -0.000166 0.043545
v 0.006285 0.000104 0.043643
v 0.005193 0.000508 0.043832
v 0.004277 0.001066 0.044361
v 0.003521 0.001711 0.044965
v 0.003041 0.002418 0.045780
v 0.002768 0.003171 0.046640
v 0.002861 0.003861 0.047596
v 0.003154 0.004531 0.048496
v 0.003747 0.005061 0.049349
v 0.004514 0.005510 0.050083
v 0.005483 0.005762 0.050670
v 0.006553 0.005892 0.051085
v 0.007694 0.005802 0.051292
v 0.008841 0.005590 0.051291
v 0.009915 0.005164 0.051059
v 0.010877 0.004648 0.050621
v -0.002481 0.007185 0.050997
v -0.002518 0.006498 0.050029
v -0.002952 0.005839 0.049129
v -0.003624 0.005300 0.048343
v -0.004500 0.004884 0.047621
v -0.005773 0.004649 0.047112
v -0.007075 0.004683 0.047072
v -0.008165 0.004866 0.047158
v -0.009151 0.005205 0.047513
v -0.010039 0.005679 0.048028
v -0.010661 0.006235 0.048734
v -0.011077 0.006874 0.049529
v -0.011084 0.007464 0.050450
v -0.010924 0.008074 0.051286
v -0.010523 0.008569 0.052102
v -0.009936 0.009093 0.052827
v -0.009129 0.009452 0.053422
v -0.008158 0.009735 0.053858
v -0.007078 0.009840 0.054081
v -0.005938 0.009762 0.054067
v -0.004897 0.009463 0.053812
v -0.003928 0.009081 0.053346
v -0.003216 0.008492 0.052685
v -0.002687 0.007882 0.051894
v -0.005602 -0.005058 0.035956
v 0.013187 -0.005992 0.038668
v 0.007567 0.002766 0.047634
v -0.006885 0.007197 0.050806
v 0.019655 -0.012337 0.031572
v 0.006339 -0.012578 0.027702
v 0.008705 0.011699 0.095649
v 0.033003 -0.010337 0.039442
v 0.017832 0.008302 0.074768
v 0.019883 0.009582 0.072517
v 0.017483 0.009690 0.074212
v 0.018791 0.012292 0.069081
v 0.022357 0.011124 0.067080
v 0.019384 0.010982 0.071042
v 0.020264 -0.000307 0.074958
v 0.011270 0.012427 0.077469
v -0.018947 -0.016552 0.051205
v -0.017992 0.005374 0.067160
v -0.015244 0.006353 0.087367
v -0.016479 0.002632 0.087194
v -0.000321 0.017257 0.122708
v 0.003276 0.013464 0.137318
v -0.000805 0.014252 0.137293
v -0.011862 0.004660 0.135782
v -0.012606 -0.001655 0.135970
v -0.011707 -0.007438 0.135940
v -0.008474 -0.013669 0.135902
v 0.026789 -0.020308 0.063486
v 0.025508 -0.018120 0.066119
v 0.023937 -0.015792 0.068609
v 0.021003 -0.004301 0.073579
v 0.029359 -0.001808 0.067564
v 0.022860 -0.023610 0.064388
v -0.018110 0.008959 0.056770
v 0.029511 -0.011330 0.036465
v 0.030916 -0.008407 0.039891
v 0.011189 -0.013135 0.028314
v 0.015255 -0.013114 0.029433
vn 0.9958 0.0646 0.0642
vn 0.8389 0.4499 -0.3064
vn 0.9746 0.1663 0.1499
vn 0.9360 0.2400 0.2574
vn 0.8038 0.5746 -0.1542
vn 0.8911 0.3026 0.3383
vn 0.8391 0.3284 0.4337
vn 0.7490 0.6616 -0.0353
vn 0.6724 0.7398 0.0260
vn 0.6724 0.7398 0.0259
vn 0.7500 0.4279 0.5044
vn 0.6431 0.5204 0.5618
vn 0.5936 0.7959 0.1190
vn 0.5088 0.7699 0.3853
vn 0.4603 0.8133 0.3560
vn 0.5341 0.6898 0.4888
vn 0.4574 0.7194 0.5228
vn 0.4574 0.7194 0.5227
vn 0.4217 0.8209 0.3851
vn 0.4603 0.8133 0.3559
vn 0.4602 0.8133 0.3559
vn 0.3181 0.9285 0.1914
vn 0.2711 0.9537 0.1305
vn 0.2712 0.9536 0.1305
vn 0.3920 0.8920 0.2252
vn -0.1337 0.9894 -0.0561
vn -0.1681 0.9858 -0.0044
vn 0.0836 0.9958 0.0369
vn 0.0563 0.9982 -0.0194
vn -0.1338 0.9894 -0.0561
vn -0.4753 0.8790 0.0383
vn -0.6450 0.7506 0.1434
vn -0.4754 0.8789 0.0382
vn -0.3784 0.9253 -0.0257
vn -0.3784 0.9253 -0.0256
vn -0.5352 0.8441 0.0327
vn -0.7539 0.6311 0.1826
vn -0.6345 0.7702 0.0650
vn -0.7597 0.6408 0.1103
vn -0.9599 0.2039 0.1922
vn -0.9244 0.2772 0.2620
vn -0.8524 0.5106 0.1129
vn -0.8794 0.4760 0.0004
vn -0.9599 0.2039 0.1923
vn -0.9886 0.1067 0.1060
vn -0.9237 0.3710 -0.0956
vn -0.9993 0.0354 0.0088
vn -0.9968 -0.0374 -0.0711
vn -0.8615 0.3185 -0.3954
vn -0.9779 -0.1041 -0.1811
vn -0.9435 -0.1993 -0.2647
vn -0.8257 0.1918 -0.5305
vn -0.7655 0.1088 -0.6342
vn -0.8921 -0.3073 -0.3312
vn -0.9435 -0.1994 -0.2647
vn -0.7529 -0.4523 -0.4781
vn -0.8190 -0.3815 -0.4286
vn -0.6915 0.0341 -0.7215
vn -0.6220 -0.0132 -0.7829
vn -0.5491 -0.5811 -0.6007
vn -0.6612 -0.5139 -0.5465
vn -0.5326 -0.0611 -0.8442
vn -0.5326 -0.0610 -0.8442
vn -0.4141 -0.1015 -0.9046
vn -0.3128 -0.6375 -0.7041
vn -0.4294 -0.6073 -0.6684
vn -0.2939 -0.1417 -0.9453
vn -0.1740 -0.1731 -0.9694
vn -0.0386 -0.6566 -0.7533
vn -0.1790 -0.6373 -0.7495
vn -0.0771 -0.1708 -0.9823
vn 0.0496 -0.1715 -0.9839
vn 0.2014 -0.6568 -0.7266
vn 0.0782 -0.6319 -0.7711
vn 0.1174 -0.1833 -0.9760
vn 0.1175 -0.1833 -0.9760
vn 0.2346 -0.1490 -0.9606
vn 0.2014 -0.6568 -0.7267
vn 0.4637 -0.6019 -0.6502
vn 0.3428 -0.6193 -0.7064
vn 0.3503 -0.1379 -0.9264
vn 0.3503 -0.1378 -0.9264
vn 0.4694 -0.1101 -0.8761
vn 0.4636 -0.6019 -0.6502
vn 0.6764 -0.4855 -0.5539
vn 0.5764 -0.5200 -0.6303
vn 0.5656 -0.0742 -0.8214
vn 0.5656 -0.0743 -0.8214
vn 0.6257 -0.0011 -0.7801
vn 0.6764 -0.4854 -0.5540
vn 0.8369 -0.3743 -0.3993
vn 0.7626 -0.4051 -0.5043
vn 0.6692 0.0429 -0.7419
vn 0.7235 0.1058 -0.6822
vn 0.9527 -0.2131 -0.2168
vn 0.8975 -0.2931 -0.3296
vn 0.7780 0.1731 -0.6040
vn 0.8140 0.2524 -0.5232
vn 0.9526 -0.2131 -0.2169
vn 0.9819 -0.1186 -0.1478
vn 0.8402 0.3121 -0.4434
vn 0.9985 -0.0165 -0.0527
vn 0.8388 0.4499 -0.3065
vn 0.6131 0.6292 -0.4778
vn 0.6284 0.6908 -0.3577
vn 0.8037 0.5746 -0.1543
vn 0.8037 0.5747 -0.1543
vn 0.5729 0.7692 -0.2831
vn 0.7490 0.6616 -0.0354
vn 0.5728 0.7692 -0.2831
vn 0.4706 0.8514 -0.2319
vn 0.6723 0.7398 0.0259
vn 0.5935 0.7960 0.1189
vn 0.4705 0.8514 -0.2319
vn 0.4566 0.8889 0.0379
vn 0.4101 0.9032 -0.1267
vn 0.3034 0.9399 -0.1566
vn 0.3779 0.9191 0.1118
vn 0.1748 0.9722 -0.1557
vn 0.2011 0.9777 0.0607
vn 0.2712 0.9537 0.1304
vn 0.2711 0.9537 0.1304
vn 0.2233 0.9623 -0.1553
vn 0.0663 0.9799 -0.1880
vn -0.0628 0.9674 -0.2453
vn -0.3783 0.9253 -0.0257
vn -0.2770 0.9503 -0.1421
vn -0.1589 0.9380 -0.3081
vn -0.2158 0.9340 -0.2849
vn -0.4035 0.9082 -0.1115
vn -0.3381 0.9040 -0.2616
vn -0.3936 0.8690 -0.2998
vn -0.6019 0.7934 -0.0902
vn -0.6019 0.7935 -0.0903
vn -0.5373 0.8414 -0.0585
vn -0.4707 0.8238 -0.3158
vn -0.4986 0.7751 -0.3881
vn -0.7680 0.6209 -0.1571
vn -0.7679 0.6209 -0.1571
vn -0.7366 0.6739 -0.0580
vn -0.5433 0.7190 -0.4334
vn -0.5610 0.6660 -0.4916
vn -0.8589 0.4214 -0.2910
vn -0.8012 0.5493 -0.2374
vn -0.5877 0.5590 -0.5849
vn -0.5532 0.4707 -0.6873
vn -0.8257 0.1919 -0.5305
vn -0.4781 0.4253 -0.7684
vn -0.7654 0.1089 -0.6342
vn -0.7655 0.1089 -0.6342
vn -0.4308 0.3772 -0.8198
vn -0.3681 0.3483 -0.8621
vn -0.6220 -0.0131 -0.7829
vn -0.6915 0.0342 -0.7216
vn -0.3013 0.3238 -0.8969
vn -0.2182 0.2909 -0.9315
vn -0.4140 -0.1014 -0.9046
vn -0.1514 0.2540 -0.9553
vn -0.0598 0.2259 -0.9723
vn -0.1740 -0.1729 -0.9694
vn -0.1740 -0.1730 -0.9694
vn -0.2938 -0.1416 -0.9453
vn 0.0271 0.2168 -0.9758
vn 0.0945 0.2256 -0.9696
vn 0.0497 -0.1714 -0.9840
vn 0.0496 -0.1714 -0.9840
vn -0.0770 -0.1707 -0.9823
vn 0.1701 0.2266 -0.9590
vn 0.2467 0.2581 -0.9341
vn 0.2346 -0.1489 -0.9606
vn 0.1175 -0.1832 -0.9760
vn 0.1700 0.2266 -0.9590
vn 0.2918 0.2623 -0.9198
vn 0.3642 0.3123 -0.8774
vn 0.4694 -0.1100 -0.8761
vn 0.3503 -0.1378 -0.9265
vn 0.2918 0.2624 -0.9198
vn 0.4330 0.3345 -0.8371
vn 0.4929 0.3549 -0.7945
vn 0.6256 -0.0010 -0.7801
vn 0.5655 -0.0742 -0.8214
vn 0.4330 0.3345 -0.8370
vn 0.5369 0.3466 -0.7691
vn 0.5595 0.3905 -0.7311
vn 0.7234 0.1059 -0.6822
vn 0.6691 0.0430 -0.7419
vn 0.5369 0.3466 -0.7692
vn 0.6876 0.4848 -0.5405
vn 0.8402 0.3121 -0.4435
vn 0.8140 0.2525 -0.5232
vn 0.8139 0.2525 -0.5232
vn 0.6417 0.4445 -0.6250
vn 0.6131 0.6291 -0.4778
vn 0.8402 0.3122 -0.4434
vn 0.4445 0.7453 -0.4969
vn 0.4407 0.7289 -0.5240
vn 0.3211 0.8274 -0.4608
vn 0.3871 0.8132 -0.4346
vn 0.6283 0.6908 -0.3577
vn 0.4292 0.7712 -0.4701
vn 0.4444 0.7454 -0.4969
vn 0.2319 0.8267 -0.5127
vn 0.2999 0.8780 -0.3730
vn 0.4100 0.9032 -0.1267
vn 0.2999 0.8781 -0.3729
vn 0.3000 0.8780 -0.3729
vn 0.4101 0.9032 -0.1268
vn 0.3913 0.7135 -0.5812
vn 0.6130 0.6292 -0.4778
vn 0.5539 0.5879 -0.5895
vn 0.5943 0.4139 -0.6895
vn 0.4636 0.5054 -0.7278
vn 0.4909 0.5160 -0.7020
vn 0.0337 0.8120 -0.5826
vn 0.1582 0.7761 -0.6105
vn 0.1467 0.7797 -0.6088
vn 0.0337 0.8121 -0.5826
vn 0.0022 0.8051 -0.5932
vn 0.0454 0.6888 -0.7236
vn 0.1613 0.7882 -0.5940
vn 0.0250 0.7041 -0.7096
vn 0.1613 0.7882 -0.5939
vn 0.0454 0.6887 -0.7236
vn 0.1565 0.7817 -0.6037
vn 0.2618 0.9533 -0.1504
vn 0.2031 0.8778 -0.4338
vn 0.2233 0.9623 -0.1554
vn 0.1703 0.8872 -0.4288
vn 0.1024 0.8929 -0.4384
vn 0.0663 0.9799 -0.1881
vn 0.1748 0.9722 -0.1558
vn 0.0228 0.8908 -0.4538
vn -0.0316 0.9045 -0.4252
vn -0.1081 0.9057 -0.4100
vn -0.1700 0.8757 -0.4520
vn -0.3380 0.9040 -0.2616
vn -0.1886 0.8370 -0.5137
vn -0.1879 0.7969 -0.5741
vn -0.4985 0.7751 -0.3882
vn -0.1721 0.7226 -0.6695
vn -0.5609 0.6661 -0.4917
vn -0.5532 0.4708 -0.6873
vn -0.5877 0.5590 -0.5850
vn -0.1722 0.7226 -0.6695
vn -0.2070 0.6568 -0.7251
vn -0.1652 0.5888 -0.7912
vn -0.4780 0.4254 -0.7685
vn -0.1651 0.5888 -0.7912
vn -0.0858 0.5608 -0.8235
vn -0.3681 0.3484 -0.8621
vn -0.0115 0.5450 -0.8383
vn -0.2182 0.2910 -0.9315
vn -0.0114 0.5450 -0.8383
vn 0.0946 0.5225 -0.8474
vn -0.0597 0.2260 -0.9723
vn 0.1821 0.5096 -0.8409
vn 0.0945 0.2257 -0.9696
vn 0.2504 0.5177 -0.8181
vn 0.2467 0.2582 -0.9341
vn 0.3145 0.5655 -0.7624
vn 0.4019 0.5271 -0.7488
vn 0.4928 0.3549 -0.7945
vn 0.0696 0.8053 -0.5887
vn 0.0687 0.8141 -0.5766
vn 0.0868 0.8462 -0.5257
vn -0.1885 0.8370 -0.5137
vn -0.0373 0.8338 -0.5508
vn -0.0306 0.8157 -0.5777
vn -0.1699 0.8757 -0.4520
vn -0.0439 0.8546 -0.5174
vn -0.0587 0.8456 -0.5306
vn -0.1081 0.9056 -0.4100
vn -0.0282 0.8684 -0.4950
vn -0.0516 0.8654 -0.4984
vn 0.0230 0.8637 -0.5035
vn -0.0086 0.8766 -0.4811
vn -0.0008 0.8104 -0.5859
vn -0.0382 0.6924 -0.7205
vn -0.0149 0.6732 -0.7393
vn -0.0305 0.6265 -0.7789
vn 0.0531 0.7136 -0.6985
vn 0.0731 0.7386 -0.6701
vn 0.0490 0.6514 -0.7571
vn 0.0490 0.6514 -0.7572
vn 0.0006 0.6317 -0.7752
vn -0.0858 0.5609 -0.8234
vn -0.0115 0.5451 -0.8383
vn -0.0076 0.7770 -0.6295
vn -0.2070 0.6569 -0.7251
vn 0.1048 0.6758 -0.7296
vn 0.0783 0.7346 -0.6739
vn 0.0832 0.8158 -0.5723
vn 0.0545 0.7395 -0.6710
vn -0.0081 0.7533 -0.6576
vn 0.1644 0.7266 -0.6671
vn -0.0399 0.7011 -0.7119
vn 0.1663 0.7336 -0.6589
vn -0.0228 0.7317 -0.6812
vn 0.1605 0.7379 -0.6556
vn 0.2586 0.7384 -0.6228
vn 0.2787 0.6648 -0.6931
vn 0.1727 0.7384 -0.6518
vn 0.6130 0.6292 -0.4779
vn 0.0560 0.8283 -0.5574
vn 0.0585 0.8548 -0.5157
vn 0.1048 0.6757 -0.7296
vn 0.0734 0.7066 -0.7038
vn 0.0483 0.8267 -0.5605
vn 0.1487 0.7788 -0.6094
vn 0.1487 0.7788 -0.6095
vn 0.1449 0.7756 -0.6144
vn 0.1579 0.7942 -0.5868
vn 0.1716 0.7348 -0.6562
vn 0.0484 0.8267 -0.5605
vn 0.1426 0.7783 -0.6115
vn 0.0407 0.8215 -0.5687
vn -0.0117 0.7227 -0.6911
vn -0.0228 0.7378 -0.6747
vn -0.0117 0.7227 -0.6910
vn 0.2664 0.7610 -0.5915
vn 0.4406 0.7289 -0.5240
vn 0.2728 0.7614 -0.5881
vn 0.2663 0.7610 -0.5915
vn 0.2630 0.7812 -0.5662
vn 0.2709 0.7714 -0.5758
vn 0.2629 0.7812 -0.5662
vn 0.4292 0.7712 -0.4702
vn 0.2533 0.7605 -0.5979
vn 0.2514 0.7883 -0.5616
vn 0.2514 0.7883 -0.5615
vn 0.2519 0.7769 -0.5771
vn 0.2003 0.8211 -0.5344
vn 0.2513 0.7883 -0.5616
vn 0.2578 0.7666 -0.5881
vn 0.3912 0.7136 -0.5812
vn 0.3467 0.7184 -0.6031
vn 0.2552 0.7744 -0.5790
vn 0.2551 0.7744 -0.5789
vn 0.2768 0.7370 -0.6166
vn 0.2594 0.7861 -0.5611
vn 0.2586 0.7385 -0.6228
vn 0.2764 0.7758 -0.5672
vn 0.3283 0.7681 -0.5498
vn 0.2742 0.7664 -0.5809
vn 0.2649 0.7743 -0.5746
vn 0.2650 0.7743 -0.5746
vn 0.3139 0.7636 -0.5643
vn 0.2650 0.7743 -0.5747
vn 0.2259 0.7882 -0.5724
vn 0.2802 0.7656 -0.5791
vn 0.2649 0.7743 -0.5747
vn 0.2925 0.7751 -0.5600
vn 0.2583 0.7543 -0.6036
vn 0.2612 0.7634 -0.5908
vn 0.3172 0.7717 -0.5512
vn 0.2742 0.7664 -0.5810
vn 0.3284 0.7681 -0.5498
vn 0.3172 0.7718 -0.5511
vn 0.2004 0.8211 -0.5345
vn 0.2519 0.7768 -0.5771
vn 0.4291 0.7712 -0.4701
vn 0.2708 0.7714 -0.5759
vn 0.2266 0.7592 -0.6101
vn 0.2685 0.7524 -0.6015
vn 0.2685 0.7524 -0.6016
vn 0.2709 0.7714 -0.5759
vn 0.2526 0.7797 -0.5729
vn 0.2527 0.7797 -0.5729
vn 0.2594 0.7861 -0.5610
vn 0.3140 0.7636 -0.5643
vn 0.3016 0.7694 -0.5630
vn 0.3016 0.7695 -0.5630
vn 0.3172 0.7718 -0.5512
vn 0.3017 0.7694 -0.5630
vn 0.2529 0.7794 -0.5732
vn 0.2533 0.7605 -0.5980
vn 0.2267 0.7592 -0.6101
vn 0.2602 0.9559 0.1359
vn 0.3290 0.9339 0.1399
vn 0.4871 0.8383 0.2450
vn 0.3919 0.8920 0.2252
vn 0.2602 0.9559 0.1360
vn 0.0837 0.9958 0.0369
vn 0.1314 0.9906 0.0371
vn 0.3289 0.9339 0.1399
vn -0.5460 0.8367 0.0435
vn -0.8054 0.5493 0.2228
vn -0.8053 0.5493 0.2228
vn -0.7192 0.6782 0.1509
vn 0.9199 -0.2230 0.3227
vn 0.9746 0.1662 0.1499
vn 0.8959 -0.1311 0.4245
vn 0.8471 -0.0490 0.5292
vn 0.9360 0.2399 0.2575
vn 0.7939 0.0048 0.6080
vn 0.7262 0.0299 0.6868
vn 0.8391 0.3283 0.4338
vn 0.7500 0.4279 0.5045
vn 0.7500 0.4278 0.5044
vn 0.6594 0.1002 0.7451
vn 0.7263 0.0299 0.6868
vn 0.5985 0.1995 0.7758
vn 0.6430 0.5204 0.5619
vn 0.5421 0.5659 0.6212
vn 0.5706 0.3047 0.7626
vn -0.9886 0.1066 0.1061
vn -0.9537 -0.1489 0.2612
vn -0.9599 0.2038 0.1923
vn -0.9481 -0.2690 0.1697
vn -0.9993 0.0353 0.0089
vn -0.8904 -0.4550 -0.0091
vn -0.9331 -0.3500 0.0831
vn -0.9779 -0.1042 -0.1811
vn -0.9435 -0.1994 -0.2646
vn -0.7905 -0.5943 -0.1480
vn -0.8921 -0.3074 -0.3312
vn -0.6415 -0.7186 -0.2685
vn -0.7529 -0.4524 -0.4780
vn -0.4481 -0.8082 -0.3821
vn -0.6414 -0.7186 -0.2685
vn -0.2163 -0.8689 -0.4452
vn -0.4480 -0.8082 -0.3822
vn -0.3128 -0.6376 -0.7040
vn 0.0261 -0.8849 -0.4650
vn -0.2162 -0.8689 -0.4452
vn -0.0386 -0.6566 -0.7532
vn 0.0262 -0.8849 -0.4650
vn 0.0782 -0.6320 -0.7710
vn 0.2014 -0.6569 -0.7266
vn 0.4985 -0.7983 -0.3380
vn 0.2712 -0.8658 -0.4205
vn 0.4636 -0.6020 -0.6501
vn 0.4985 -0.7982 -0.3381
vn 0.5765 -0.5200 -0.6303
vn 0.6907 -0.6871 -0.2252
vn 0.7626 -0.4052 -0.5043
vn 0.8369 -0.3744 -0.3993
vn 0.8310 -0.5533 -0.0576
vn 0.8975 -0.2932 -0.3295
vn 0.9526 -0.2132 -0.2168
vn 0.9011 -0.4176 0.1167
vn 0.9819 -0.1187 -0.1478
vn 0.9985 -0.0165 -0.0526
vn 0.9242 -0.3105 0.2224
vn 0.6940 -0.2118 0.6882
vn 0.6013 -0.2913 0.7440
vn 0.6615 -0.3843 0.6440
vn 0.7443 -0.3166 0.5880
vn 0.6940 -0.2117 0.6882
vn 0.6015 -0.1026 0.7922
vn 0.5269 -0.2157 0.8221
vn 0.5434 -0.2319 0.8068
vn 0.6345 -0.1430 0.7596
vn 0.5077 -0.3305 0.7956
vn 0.5874 -0.2240 0.7777
vn -0.9530 -0.0997 0.2861
vn -0.9154 -0.2688 0.2997
vn -0.8974 -0.3302 0.2927
vn -0.8974 -0.3302 0.2926
vn -0.9565 -0.1937 0.2182
vn -0.8846 -0.3837 0.2652
vn -0.8546 -0.4367 0.2810
vn -0.8216 -0.4867 0.2968
vn -0.8546 -0.4368 0.2810
vn -0.8210 -0.5315 0.2084
vn -0.8093 -0.5395 0.2325
vn -0.7602 -0.6397 0.1135
vn -0.8134 -0.5704 0.1136
vn -0.7262 -0.6874 0.0064
vn -0.6285 -0.7771 0.0335
vn -0.5843 -0.8076 -0.0798
vn -0.4291 -0.9029 0.0242
vn -0.4229 -0.8939 -0.1485
vn -0.3569 -0.9341 -0.0121
vn -0.4291 -0.9029 0.0241
vn -0.2361 -0.9504 -0.2024
vn -0.1472 -0.9787 -0.1428
vn -0.2605 -0.9631 -0.0677
vn 0.0001 -0.9724 -0.2335
vn -0.0222 -0.9956 -0.0905
vn -0.1471 -0.9788 -0.1428
vn 0.2195 -0.9616 -0.1648
vn 0.1114 -0.9888 -0.0993
vn 0.0002 -0.9724 -0.2335
vn 0.3761 -0.9245 -0.0617
vn 0.3114 -0.9497 0.0322
vn 0.5392 -0.8415 0.0338
vn 0.3963 -0.9133 0.0937
vn 0.6784 -0.7156 0.1661
vn 0.5506 -0.8090 0.2058
vn 0.5393 -0.8414 0.0338
vn 0.7719 -0.5632 0.2948
vn 0.6912 -0.6400 0.3356
vn 0.6785 -0.7156 0.1662
vn 0.7655 -0.4049 0.5000
vn 0.6985 -0.4460 0.5596
vn 0.7097 -0.5198 0.4756
vn 0.7097 -0.5198 0.4755
vn 0.7793 -0.4788 0.4043
vn -0.0949 -0.7871 0.6095
vn -0.0025 -0.8211 0.5708
vn -0.0025 -0.8210 0.5709
vn -0.1472 -0.9788 -0.1428
vn 0.0868 -0.8261 0.5568
vn 0.0869 -0.8261 0.5568
vn -0.2606 -0.9631 -0.0677
vn -0.5759 -0.8145 -0.0699
vn -0.4299 -0.9029 -0.0010
vn -0.3700 -0.9275 -0.0529
vn -0.1895 -0.8061 0.5606
vn 0.1930 -0.9806 0.0340
vn -0.3194 -0.7742 0.5465
vn -0.3194 -0.7741 0.5466
vn 0.4260 -0.9019 0.0718
vn 0.3598 -0.9330 -0.0127
vn 0.2763 -0.9576 0.0819
vn 0.2543 -0.9587 0.1277
vn 0.3037 -0.9425 0.1394
vn 0.2413 -0.9550 0.1723
vn 0.2543 -0.9586 0.1277
vn -0.3255 -0.9444 0.0461
vn 0.1762 -0.8392 0.5145
vn 0.2784 -0.8805 0.3838
vn 0.2784 -0.8805 0.3837
vn -0.3487 -0.9349 0.0667
vn -0.3255 -0.9444 0.0462
vn 0.1763 -0.8392 0.5145
vn 0.3184 -0.9380 0.1372
vn 0.2296 -0.9641 0.1333
vn 0.3231 -0.9235 0.2069
vn -0.3208 -0.9470 0.0146
vn 0.2583 -0.9430 -0.2101
vn 0.6429 -0.7395 -0.1993
vn 0.5754 -0.6597 -0.4835
vn 0.1611 -0.8908 -0.4248
vn 0.2583 -0.9430 -0.2100
vn 0.1612 -0.8908 -0.4249
vn -0.4983 -0.8486 -0.1777
vn -0.4751 -0.8670 -0.1507
vn -0.4750 -0.8670 -0.1506
vn 0.2584 -0.9429 -0.2100
vn 0.1612 -0.8908 -0.4248
vn 0.4340 -0.8986 -0.0643
vn 0.3598 -0.9329 -0.0128
vn 0.5557 -0.8291 0.0626
vn 0.4340 -0.8986 -0.0642
vn 0.1463 -0.7562 -0.6378
vn -0.4415 -0.8693 -0.2222
vn 0.5557 -0.8290 0.0626
vn 0.5943 -0.7857 0.1719
vn 0.4632 -0.8777 -0.1227
vn 0.5080 -0.8202 0.2631
vn 0.2712 -0.8913 0.3634
vn 0.2207 -0.9270 -0.3031
vn 0.2207 -0.9271 -0.3031
vn 0.3765 -0.9030 -0.2070
vn 0.0244 -0.9397 -0.3412
vn -0.0191 -0.9150 0.4030
vn -0.3035 -0.8838 0.3561
vn -0.1481 -0.9361 -0.3190
vn -0.3239 -0.9036 -0.2805
vn -0.1482 -0.9361 -0.3190
vn -0.5396 -0.8088 0.2338
vn -0.3239 -0.9035 -0.2805
vn 0.2206 -0.9271 -0.3031
vn 0.1391 -0.6324 -0.7621
vn -0.4415 -0.8693 -0.2223
vn 0.1463 -0.7561 -0.6378
vn 0.5081 -0.8201 0.2631
vn 0.4632 -0.8777 -0.1228
vn 0.5942 -0.7857 0.1719
vn 0.7546 0.3583 0.5497
vn 0.7392 0.4779 0.4745
vn 0.8801 0.2916 0.3746
vn 0.7974 0.1365 0.5878
vn 0.7932 0.5929 0.1391
vn 0.6996 0.6396 0.3184
vn 0.5789 0.7943 0.1844
vn 0.5789 0.7943 0.1845
vn 0.6406 0.7637 0.0802
vn 0.7932 0.5929 0.1390
vn 0.3985 0.9122 0.0951
vn 0.1674 0.9856 0.0238
vn 0.1725 0.9850 0.0099
vn 0.4401 0.8974 0.0303
vn -0.1907 0.9816 -0.0058
vn -0.6035 0.7971 0.0195
vn -0.6193 0.7851 0.0072
vn -0.1894 0.9819 -0.0023
vn -0.1907 0.9816 -0.0059
vn -0.8063 0.5893 0.0500
vn -0.6036 0.7971 0.0195
vn -0.5834 0.8118 0.0261
vn -0.7758 0.6246 0.0887
vn -0.8548 0.4967 0.1507
vn -0.9422 0.2826 0.1801
vn -0.9710 0.2214 0.0903
vn -0.8894 0.4516 0.0717
vn 0.8155 0.5780 0.0289
vn 0.6622 0.7487 0.0312
vn -0.9787 0.2008 0.0418
vn -0.9788 0.2008 0.0418
vn -0.8959 0.4430 0.0340
vn -0.9530 -0.0997 0.2860
vn -0.9777 0.0700 0.1978
vn -0.9567 0.1406 0.2547
vn -0.6569 -0.7520 -0.0547
vn -0.7870 -0.5854 0.1945
vn 0.1069 -0.3723 0.9219
vn -0.0908 -0.3741 0.9229
vn 0.1202 -0.4119 0.9033
vn -0.5288 -0.4490 0.7202
vn -0.3628 -0.4294 0.8270
vn -0.6680 -0.4994 0.5518
vn 0.2964 -0.4304 0.8526
vn 0.3934 -0.4318 0.8117
vn 0.4900 -0.4533 0.7446
vn 0.4029 -0.3789 0.8331
vn 0.2964 -0.4303 0.8526
vn -0.8479 -0.4387 0.2978
vn -0.7649 -0.5224 0.3768
vn 0.1930 -0.6937 0.6939
vn 0.0801 -0.4441 0.8924
vn 0.2564 -0.4191 0.8710
vn 0.2564 -0.4192 0.8709
vn 0.3674 -0.5633 0.7401
vn -0.3144 -0.5617 0.7653
vn -0.0575 -0.5164 0.8544
vn -0.0008 -0.7719 0.6358
vn -0.0007 -0.7719 0.6358
vn -0.2926 -0.7759 0.5589
vn 0.4493 -0.3183 0.8347
vn 0.5077 -0.3306 0.7956
vn 0.4455 -0.4645 0.7654
vn 0.3650 -0.4148 0.8335
vn 0.4493 -0.3184 0.8347
vn -0.7213 -0.6040 0.3390
vn -0.7281 -0.6611 0.1809
vn 0.1930 -0.6938 0.6939
vn 0.3564 -0.8697 0.3414
vn 0.0512 -0.9618 0.2688
vn 0.0512 -0.9618 0.2689
vn -0.0007 -0.7719 0.6357
vn 0.1930 -0.6938 0.6938
vn -0.5527 -0.7123 0.4326
vn -0.2927 -0.7760 0.5588
vn -0.3400 -0.9175 0.2066
vn 0.3675 -0.5632 0.7401
vn 0.4455 -0.4645 0.7653
vn 0.5069 -0.4586 0.7299
vn 0.5069 -0.4587 0.7298
vn 0.5338 -0.6069 0.5888
vn 0.3565 -0.8697 0.3413
vn 0.4471 -0.8929 0.0530
vn 0.1109 -0.9922 -0.0564
vn 0.0512 -0.9618 0.2687
vn 0.3564 -0.8697 0.3413
vn 0.4472 -0.8929 0.0529
vn 0.5760 -0.8174 -0.0064
vn 0.1631 -0.9811 -0.1046
vn 0.7494 -0.6621 0.0047
vn 0.8124 -0.5811 -0.0485
vn 0.9962 -0.0167 -0.0860
vn 0.9746 0.2225 -0.0265
vn 0.9991 -0.0251 -0.0330
vn 0.9797 0.1968 -0.0381
vn 0.6700 0.0334 0.7416
vn 0.7293 0.2836 0.6227
vn 0.5060 -0.2595 0.8225
vn 0.4324 -0.3405 0.8350
vn 0.5061 -0.2595 0.8225
vn -0.9979 -0.0428 0.0482
vn -0.9934 -0.0124 0.1137
vn -0.9373 -0.3151 0.1490
vn -0.9448 -0.3246 0.0440
vn -0.9979 -0.0427 0.0482
vn -0.7344 -0.6784 -0.0204
vn -0.7281 -0.6612 0.1808
vn -0.3400 -0.9175 0.2065
vn -0.3176 -0.9451 -0.0763
vn -0.9448 -0.3247 0.0440
vn -0.9373 -0.3152 0.1490
vn -0.9448 -0.3247 0.0439
vn -0.3176 -0.9452 -0.0763
vn -0.3399 -0.9175 0.2066
vn 0.0512 -0.9619 0.2687
vn -0.4274 -0.9015 0.0690
vn -0.8035 -0.5928 0.0544
vn -0.7901 -0.6129 0.0122
vn -0.3843 -0.9229 -0.0237
vn -0.4274 -0.9014 0.0690
vn -0.8035 -0.5927 0.0544
vn -0.9491 -0.3099 0.0561
vn -0.9540 -0.2973 0.0378
vn -0.7901 -0.6128 0.0122
vn -0.4273 -0.9015 0.0690
vn 0.1919 -0.9809 -0.0331
vn 0.1309 -0.9901 0.0506
vn 0.1310 -0.9901 0.0506
vn 0.1920 -0.9808 -0.0331
vn 0.6398 -0.7684 -0.0140
vn 0.6118 -0.7904 0.0308
vn 0.6399 -0.7683 -0.0140
vn 0.8691 -0.4945 -0.0124
vn 0.8553 -0.5181 0.0104
vn 0.6119 -0.7904 0.0308
vn 0.6399 -0.7684 -0.0140
vn 0.9576 -0.2870 -0.0270
vn 0.9566 -0.2913 -0.0008
vn 0.8553 -0.5180 0.0104
vn 0.8691 -0.4944 -0.0124
vn 0.9576 -0.2869 -0.0270
vn 0.9679 0.2514 -0.0086
vn 0.9998 -0.0188 -0.0061
vn 0.9991 -0.0252 -0.0330
vn 0.9998 -0.0189 -0.0061
vn 0.9678 0.2514 -0.0086
vn 0.9746 0.2225 -0.0266
vn 0.8961 0.4423 -0.0383
vn 0.8777 0.4792 -0.0050
vn 0.4357 0.8999 0.0198
vn 0.4703 0.8825 0.0054
vn 0.6622 0.7487 0.0311
vn -0.9113 0.4064 0.0668
vn -0.7181 0.6941 0.0507
vn -0.6605 0.7504 0.0264
vn -0.9000 0.4340 0.0393
vn -0.9113 0.4063 0.0668
vn -0.9976 -0.0586 0.0378
vn -0.9960 -0.0673 0.0586
vn -0.9778 0.1857 0.0969
vn -0.9778 0.1857 0.0970
vn -0.9806 0.1922 0.0387
vn -0.9976 -0.0586 0.0377
vn -0.9976 -0.0587 0.0378
vn -0.9976 -0.0587 0.0377
vn 0.6901 0.7237 0.0050
vn 0.6675 0.7366 0.1085
vn 0.8703 0.4870 0.0732
vn 0.6900 0.7238 0.0050
vn 0.4177 0.9085 0.0119
vn 0.3974 0.9103 0.1160
vn 0.6675 0.7367 0.1085
vn -0.3437 0.9388 0.0228
vn -0.7319 0.6678 0.1354
vn -0.3545 0.9288 0.1080
vn -0.3437 0.9388 0.0227
vn -0.9223 0.3547 0.1533
vn -0.9895 -0.0134 0.1438
vn -0.9452 -0.3062 0.1131
vn -0.4280 -0.8877 0.1700
vn -0.7914 -0.6003 0.1154
vn -0.7914 -0.6003 0.1153
vn -0.9491 -0.3100 0.0561
vn 0.1309 -0.9901 0.0507
vn 0.1018 -0.9825 0.1559
vn -0.4279 -0.8877 0.1700
vn 0.1310 -0.9901 0.0507
vn 0.5910 -0.7888 0.1687
vn 0.1019 -0.9825 0.1559
vn 0.6119 -0.7903 0.0308
vn 0.8442 -0.5268 0.0992
vn 0.5911 -0.7887 0.1687
vn 0.9566 -0.2914 -0.0008
vn 0.9514 -0.2986 0.0760
vn 0.9513 -0.2986 0.0760
vn 0.8442 -0.5267 0.0993
vn 0.9998 -0.0188 -0.0060
vn 0.9661 0.2504 0.0636
vn 0.9974 -0.0267 0.0672
vn 0.9998 -0.0189 -0.0060
vn 0.9974 -0.0268 0.0672
vn 0.9514 -0.2985 0.0760
vn 0.9660 0.2505 0.0636
vn 0.8598 0.4882 0.1496
vn 0.6360 0.7258 0.2622
vn 0.3653 0.8882 0.2786
vn 0.6359 0.7259 0.2622
vn 0.3973 0.9103 0.1160
vn 0.0518 0.9913 0.1211
vn 0.0430 0.9552 0.2929
vn -0.7229 0.6333 0.2763
vn -0.3499 0.8899 0.2928
vn -0.9269 0.3254 0.1873
vn -0.9214 0.3103 0.2340
vn -0.7229 0.6333 0.2762
vn -0.9269 0.3253 0.1873
vn -0.9779 0.0076 0.2090
vn -0.9590 -0.0030 0.2836
vn -0.9590 -0.0029 0.2835
vn -0.9214 0.3102 0.2340
vn -0.9350 -0.3016 0.1867
vn -0.9173 -0.2955 0.2671
vn -0.9590 -0.0030 0.2835
vn -0.9779 0.0075 0.2091
vn -0.7511 -0.5920 0.2922
vn -0.7731 -0.6014 0.2017
vn -0.4199 -0.8542 0.3065
vn -0.7731 -0.6013 0.2017
vn -0.9172 -0.2955 0.2671
vn -0.9350 -0.3017 0.1867
vn -0.4198 -0.8543 0.3065
vn 0.1122 -0.9445 0.3089
vn 0.5723 -0.7545 0.3214
vn 0.1123 -0.9444 0.3089
vn 0.8240 -0.5374 0.1795
vn 0.7922 -0.5567 0.2500
vn 0.5723 -0.7544 0.3214
vn 0.5911 -0.7888 0.1687
vn 0.8240 -0.5373 0.1795
vn 0.7922 -0.5566 0.2501
vn 0.8241 -0.5373 0.1794
vn 0.9402 -0.3077 0.1461
vn 0.9259 -0.3053 0.2227
vn 0.7922 -0.5566 0.2500
vn 0.9883 -0.0357 0.1483
vn 0.9595 0.2484 0.1328
vn 0.9451 0.2426 0.2188
vn 0.9698 -0.0378 0.2408
vn 0.9883 -0.0357 0.1482
vn 0.9259 -0.3052 0.2227
vn 0.9883 -0.0358 0.1483
vn 0.9698 -0.0379 0.2409
vn 0.9595 0.2485 0.1328
vn 0.8599 0.4881 0.1496
vn 0.8406 0.4872 0.2368
vn 0.8405 0.4872 0.2368
vn 0.9451 0.2427 0.2188
vn 0.8023 0.4771 0.3588
vn 0.5695 0.6797 0.4623
vn 0.7407 0.4531 0.4961
vn -0.3440 0.6535 0.6743
vn -0.3541 0.7966 0.4899
vn -0.6779 0.5837 0.4469
vn -0.5971 0.5016 0.6260
vn -0.6780 0.5837 0.4469
vn -0.8457 0.2705 0.4600
vn -0.7626 0.2433 0.5993
vn -0.8457 0.2705 0.4601
vn -0.8926 -0.0128 0.4506
vn -0.8926 -0.0129 0.4506
vn -0.8080 -0.0111 0.5891
vn -0.7626 0.2434 0.5993
vn -0.8080 -0.0112 0.5891
vn -0.8388 -0.2935 0.4585
vn -0.7485 -0.2800 0.6011
vn -0.2974 -0.6796 0.6706
vn -0.5798 -0.5055 0.6390
vn -0.6690 -0.5492 0.5007
vn -0.6691 -0.5492 0.5007
vn -0.3782 -0.7892 0.4839
vn -0.5799 -0.5054 0.6390
vn -0.7485 -0.2801 0.6011
vn -0.8388 -0.2936 0.4585
vn 0.0954 -0.7317 0.6749
vn 0.1261 -0.8588 0.4965
vn 0.5258 -0.7298 0.4368
vn 0.5258 -0.7299 0.4368
vn 0.4343 -0.6498 0.6238
vn 0.0953 -0.7317 0.6749
vn 0.4344 -0.6498 0.6238
vn 0.5259 -0.7298 0.4368
vn 0.7209 -0.5199 0.4582
vn 0.7209 -0.5199 0.4583
vn 0.6303 -0.4394 0.6401
vn 0.7210 -0.5199 0.4582
vn 0.7562 -0.5616 0.3358
vn 0.9022 -0.2919 0.3177
vn 0.9022 -0.2919 0.3176
vn 0.8534 -0.2760 0.4422
vn 0.9423 -0.0378 0.3327
vn 0.9164 0.2323 0.3259
vn 0.8621 0.2181 0.4574
vn 0.8940 -0.0384 0.4464
vn 0.8535 -0.2759 0.4421
vn 0.9022 -0.2918 0.3176
vn 0.9423 -0.0379 0.3327
vn 0.8534 -0.2759 0.4422
vn 0.8023 0.4770 0.3588
vn 0.8621 0.2182 0.4574
vn 0.4939 0.3177 0.8094
vn 0.6378 0.4018 0.6571
vn 0.4680 0.5829 0.6643
vn 0.4679 0.5829 0.6643
vn 0.3507 0.4478 0.8225
vn 0.4939 0.3176 0.8094
vn 0.3507 0.4479 0.8225
vn 0.2603 0.6983 0.6669
vn 0.2603 0.6983 0.6668
vn 0.0988 0.5322 0.8408
vn -0.0262 0.7341 0.6785
vn -0.3439 0.6535 0.6743
vn -0.2386 0.4974 0.8341
vn -0.2387 0.4974 0.8341
vn -0.5970 0.5016 0.6260
vn -0.5970 0.5016 0.6261
vn -0.4624 0.3998 0.7914
vn -0.2387 0.4973 0.8341
vn -0.7626 0.2434 0.5994
vn -0.5991 0.2073 0.7734
vn -0.5991 0.2072 0.7734
vn -0.7626 0.2433 0.5994
vn -0.6432 -0.0073 0.7657
vn -0.5992 0.2072 0.7734
vn -0.6432 -0.0074 0.7657
vn -0.5896 -0.2301 0.7742
vn -0.4385 -0.4038 0.8029
vn -0.2157 -0.5038 0.8364
vn -0.5798 -0.5054 0.6390
vn -0.5896 -0.2302 0.7742
vn -0.2156 -0.5039 0.8364
vn -0.2973 -0.6796 0.6706
vn 0.0952 -0.7317 0.6750
vn 0.0669 -0.5297 0.8456
vn 0.0670 -0.5296 0.8456
vn 0.3317 -0.4639 0.8214
vn 0.0670 -0.5297 0.8456
vn 0.6302 -0.4394 0.6401
vn 0.5120 -0.2787 0.8125
vn 0.3318 -0.4639 0.8214
vn 0.7387 -0.2452 0.6278
vn 0.5730 -0.0473 0.8182
vn 0.7782 -0.0398 0.6267
vn 0.7479 0.1899 0.6361
vn 0.5735 0.1423 0.8067
vn 0.7782 -0.0399 0.6267
vn 0.7479 0.1900 0.6361
vn 0.6378 0.4017 0.6571
vn 0.2294 0.3085 0.9231
vn 0.2294 0.3086 0.9231
vn 0.0422 0.3840 0.9224
vn 0.0421 0.3840 0.9224
vn -0.2386 0.4973 0.8341
vn -0.1884 0.3402 0.9213
vn -0.4623 0.3998 0.7915
vn -0.1885 0.3402 0.9213
vn -0.4624 0.3998 0.7915
vn -0.3180 0.1763 0.9315
vn -0.3181 0.1763 0.9315
vn -0.4624 0.3997 0.7914
vn -0.3181 0.1762 0.9315
vn -0.6431 -0.0073 0.7657
vn -0.3512 0.0008 0.9363
vn -0.6431 -0.0074 0.7657
vn -0.5896 -0.2301 0.7743
vn -0.3119 -0.1893 0.9311
vn -0.3512 0.0007 0.9363
vn -0.4384 -0.4038 0.8029
vn -0.2157 -0.5038 0.8365
vn -0.1593 -0.3345 0.9288
vn -0.3118 -0.1893 0.9311
vn -0.1593 -0.3346 0.9288
vn 0.0669 -0.5296 0.8456
vn 0.0331 -0.3653 0.9303
vn 0.0332 -0.3654 0.9303
vn 0.2217 -0.3295 0.9177
vn 0.0331 -0.3654 0.9303
vn 0.2218 -0.3295 0.9177
vn 0.5120 -0.2786 0.8125
vn 0.2924 -0.1590 0.9430
vn 0.2218 -0.3295 0.9178
vn 0.3040 -0.0140 0.9526
vn 0.5735 0.1423 0.8068
vn 0.2871 0.1449 0.9469
vn 0.2924 -0.1589 0.9430
vn 0.5729 -0.0473 0.8182
vn 0.5729 -0.0474 0.8182
vn 0.2870 0.1449 0.9469
vn -0.0050 0.1873 0.9823
vn -0.0147 0.0049 0.9999
vn 0.2217 -0.3295 0.9178
vn 0.2923 -0.1590 0.9430
vn -0.0045 -0.1466 0.9892
vn 0.2923 -0.1589 0.9430
vn -0.1885 0.3401 0.9213
vn -0.3180 0.1763 0.9316
vn -0.0051 0.1873 0.9823
vn -0.0050 0.1874 0.9823
vn -0.0148 0.0049 0.9999
vn -0.3511 0.0008 0.9363
vn -0.1592 -0.3345 0.9288
vn -0.0045 -0.1467 0.9892
vn -0.0046 -0.1466 0.9892
vn -0.3118 -0.1892 0.9311
vn 0.2294 0.3085 0.9232
vn -0.3177 -0.9451 -0.0763
vn -0.3484 -0.9325 -0.0952
vn -0.7653 -0.6436 -0.0140
vn -0.7653 -0.6435 -0.0139
vn -0.9519 -0.3047 0.0337
vn -0.3483 -0.9325 -0.0952
vn -0.9979 -0.0547 0.0353
vn -0.9448 -0.3246 0.0439
vn -0.9519 -0.3046 0.0337
vn -0.9979 -0.0547 0.0354
vn 0.8772 0.4801 0.0059
vn 0.8156 0.5780 0.0289
vn 0.9031 0.4291 -0.0184
vn 0.9586 -0.2665 -0.1006
vn 0.9018 -0.4208 -0.0978
vn 0.9513 0.3083 -0.0080
vn 0.9413 0.3023 0.1501
vn 0.9303 0.3644 0.0416
vn 0.7932 0.5928 0.1390
vn -0.3568 -0.9341 -0.0121
vn -0.4299 -0.9029 -0.0011
vn -0.7715 -0.5286 0.3540
vn -0.5760 -0.8145 -0.0699
vn -0.6568 -0.7520 -0.0548
vn -0.6569 -0.7520 -0.0548
vn -0.6488 -0.7555 0.0913
vn -0.7871 -0.5854 0.1945
vn -0.6362 -0.5533 0.5377
vn -0.7715 -0.5286 0.3541
vn -0.6680 -0.4994 0.5517
vn -0.2927 -0.7759 0.5588
vn -0.5528 -0.7122 0.4326
vn -0.2926 -0.7760 0.5588
vn 0.0511 -0.9618 0.2688
vn -0.3627 -0.4294 0.8271
vn -0.2898 -0.4067 0.8664
vn -0.0909 -0.3741 0.9229
vn 0.3693 -0.4567 0.8093
vn 0.5343 -0.4805 0.6955
vn 0.3934 -0.4317 0.8117
vn 0.0801 -0.4442 0.8924
vn 0.3693 -0.4568 0.8093
vn 0.5343 -0.4805 0.6954
vn -0.5288 -0.4491 0.7202
vn -0.2899 -0.4067 0.8663
vn -0.0682 -0.3727 0.9254
vn -0.0191 -0.9150 0.4029
vn 0.2712 -0.8913 0.3633
vn -0.0191 -0.9151 0.4029
vn -0.0683 -0.3727 0.9254
vn -0.6487 -0.7555 0.0913
vn -0.5395 -0.8088 0.2338
vn -0.5288 -0.4491 0.7203
vn 0.1203 -0.4119 0.9033
vn 0.6312 -0.6552 0.4151
vn 0.4391 -0.8840 0.1603
vn 0.5383 -0.8232 0.1806
vn 0.5384 -0.8231 0.1806
vn 0.6507 -0.7000 0.2941
vn 0.6938 -0.5542 0.4598
vn 0.6312 -0.6552 0.4152
vn 0.8594 -0.2982 0.4153
vn 0.8959 -0.1311 0.4246
vn 0.8958 -0.1311 0.4246
vn 0.8317 -0.2010 0.5176
vn 0.7877 -0.1024 0.6074
vn 0.7288 -0.0426 0.6834
vn 0.7877 -0.1024 0.6075
vn 0.6091 0.1186 0.7842
vn 0.5995 0.0236 0.8000
vn 0.5798 -0.0553 0.8129
vn 0.6401 0.0448 0.7670
vn -0.9537 -0.1490 0.2612
vn -0.9481 -0.2690 0.1696
vn -0.9141 -0.3307 0.2347
vn -0.9263 -0.2362 0.2936
vn -0.8884 -0.4296 0.1617
vn -0.8904 -0.4551 -0.0091
vn -0.7691 -0.6351 -0.0722
vn -0.7691 -0.6351 -0.0721
vn -0.8469 -0.5274 0.0672
vn -0.7690 -0.6351 -0.0722
vn -0.6311 -0.7472 -0.2085
vn -0.5844 -0.8076 -0.0798
vn -0.4475 -0.8429 -0.2988
vn -0.2283 -0.9089 -0.3490
vn 0.0001 -0.9723 -0.2335
vn 0.0129 -0.9346 -0.3555
vn 0.0001 -0.9723 -0.2336
vn 0.2195 -0.9616 -0.1649
vn 0.0002 -0.9723 -0.2335
vn 0.2387 -0.9227 -0.3026
vn 0.4409 -0.8738 -0.2049
vn 0.3761 -0.9245 -0.0618
vn 0.4410 -0.8738 -0.2050
vn 0.6907 -0.6872 -0.2252
vn 0.6301 -0.7682 -0.1131
vn 0.4410 -0.8738 -0.2049
vn 0.6302 -0.7682 -0.1131
vn 0.8309 -0.5534 -0.0576
vn 0.7830 -0.6200 0.0497
vn 0.8459 -0.4921 0.2055
vn 0.8668 -0.3896 0.3112
vn 0.8459 -0.4921 0.2056
vn -0.9357 -0.1348 0.3259
vn -0.7539 0.6310 0.1826
vn -0.8728 0.4066 0.2701
vn 0.5574 0.5315 0.6378
vn 0.6490 0.5997 0.4682
vn 0.6732 0.4142 0.6126
vn 0.6317 0.2384 0.7376
vn 0.6511 0.3518 0.6726
vn 0.7292 0.2836 0.6227
vn 0.7292 0.2836 0.6228
vn 0.7174 0.2013 0.6670
vn 0.9513 0.3083 -0.0079
vn 0.1920 -0.9808 -0.0332
vn 0.1632 -0.9810 -0.1046
vn 0.5760 -0.8174 -0.0065
vn -0.9519 -0.3047 0.0338
vn 0.1630 -0.9811 -0.1045
vn 0.1919 -0.9809 -0.0332
vn -0.3843 -0.9229 -0.0238
vn 0.1631 -0.9811 -0.1045
vn 0.3566 -0.8697 0.3413
vn 0.6059 -0.7309 0.3141
vn 0.3565 -0.8697 0.3414
vn 0.6806 -0.7071 0.1917
vn 0.7528 -0.6581 0.0128
vn 0.7528 -0.6581 0.0127
vn 0.7529 -0.6581 0.0127
vn 0.9018 -0.4209 -0.0978
vn -0.8240 0.5663 0.0200
vn -0.6322 0.7748 0.0053
vn -0.6194 0.7850 0.0072
vn -0.6194 0.7851 0.0072
vn -0.8135 0.5811 0.0241
vn -0.8239 0.5663 0.0200
vn 0.5730 -0.0474 0.8182
vn 0.5121 -0.2786 0.8125
vn 0.5943 -0.7857 0.1720
vn 0.0820 -0.5391 0.8383
vn -0.0026 -0.8211 0.5708
vn -0.1185 -0.5216 0.8449
vn 0.0820 -0.5390 0.8383
vn 0.2610 -0.5591 0.7869
vn 0.0868 -0.8262 0.5567
vn 0.2965 -0.9550 0.0113
vn 0.6564 -0.7528 0.0495
vn 0.2583 -0.9430 -0.2099
vn -0.0949 -0.7871 0.6094
vn -0.1895 -0.8062 0.5605
vn -0.1894 -0.8062 0.5605
vn -0.3159 -0.5224 0.7920
vn -0.3193 -0.7742 0.5465
vn -0.4848 -0.5413 0.6870
vn -0.4975 -0.8486 0.1799
vn -0.4551 -0.8893 0.0444
vn -0.7184 -0.6956 -0.0023
vn -0.7184 -0.6956 -0.0024
vn -0.7257 -0.6679 0.1655
vn -0.6178 -0.5746 0.5368
vn -0.3679 -0.8100 0.4567
vn -0.4537 -0.8259 0.3347
vn -0.6967 -0.6234 0.3551
vn -0.6178 -0.5746 0.5369
vn 0.2783 -0.8805 0.3838
vn 0.4265 -0.5964 0.6800
vn 0.4265 -0.5963 0.6801
vn 0.5641 -0.6705 0.4819
vn 0.2783 -0.8805 0.3837
vn -0.4848 -0.5414 0.6869
vn -0.3679 -0.8099 0.4568
vn -0.3678 -0.8100 0.4568
vn 0.4265 -0.5964 0.6801
vn 0.1761 -0.8392 0.5145
vn 0.0869 -0.8262 0.5567
vn -0.6966 -0.6234 0.3551
vn -0.4538 -0.8259 0.3347
vn 0.6345 -0.7290 0.2567
vn 0.3230 -0.9235 0.2069
vn 0.6345 -0.7290 0.2566
vn -0.6732 -0.7085 -0.2116
vn -0.3874 -0.9085 -0.1566
vn -0.2171 -0.8908 -0.3993
vn -0.2171 -0.8908 -0.3992
vn -0.5514 -0.6643 -0.5047
vn -0.6733 -0.7085 -0.2116
vn 0.4626 -0.5135 -0.7227
vn 0.1463 -0.7562 -0.6377
vn -0.0522 -0.7863 -0.6157
vn -0.0522 -0.7863 -0.6156
vn -0.3722 -0.5254 -0.7652
vn -0.5514 -0.6642 -0.5047
vn -0.2359 -0.3717 -0.8979
vn -0.0157 -0.6499 -0.7599
vn 0.0102 -0.5382 -0.8428
vn -0.0949 -0.2382 -0.9666
vn 0.0878 -0.1986 -0.9762
vn 0.0716 -0.4906 -0.8684
vn 0.1179 -0.5349 -0.8366
vn 0.2388 -0.2606 -0.9354
vn 0.0878 -0.1985 -0.9762
vn 0.1180 -0.5349 -0.8366
vn 0.1391 -0.6325 -0.7620
vn 0.3571 -0.3701 -0.8576
vn 0.0103 -0.5382 -0.8428
vn 0.0715 -0.4906 -0.8684
vn 0.0877 -0.1985 -0.9762
vn -0.0950 -0.2383 -0.9665
vn 0.1462 -0.7562 -0.6378
vn -0.0522 -0.7862 -0.6157
vn 0.2314 -0.2553 0.9388
vn 0.3015 -0.2660 0.9156
vn 0.1568 -0.2540 0.9544
vn 0.2267 -0.2937 0.9286
vn 0.6402 0.2395 -0.7299
vn 0.8233 -0.0605 -0.5644
vn 0.9101 0.0448 -0.4119
vn 0.9101 0.0448 -0.4120
vn 0.7487 0.4022 -0.5269
vn 0.6402 0.2395 -0.7300
vn 0.5695 0.0974 -0.8162
vn 0.8184 0.1425 -0.5566
vn 0.7801 0.0779 -0.6208
vn 0.7801 0.0779 -0.6207
vn 0.5405 0.1580 -0.8264
vn 0.5695 0.0973 -0.8162
vn 0.2437 -0.2794 0.9287
vn 0.3052 -0.2506 0.9187
vn 0.4779 -0.2764 0.8338
vn 0.3440 -0.4272 0.8361
vn 0.2266 -0.2937 0.9286
vn 0.2089 -0.2792 0.9372
vn 0.2090 -0.2792 0.9372
vn 0.2407 -0.2824 0.9286
vn 0.7801 0.0778 -0.6207
vn 0.7598 -0.0055 -0.6502
vn 0.7598 -0.0056 -0.6502
vn 0.5909 0.1125 -0.7988
vn 0.7674 -0.0552 -0.6388
vn 0.5826 0.1225 -0.8035
vn 0.6686 -0.2616 -0.6961
vn 0.8709 -0.0563 -0.4882
vn 0.8380 0.0527 -0.5431
vn 0.6285 -0.0645 -0.7752
vn 0.6685 -0.2617 -0.6961
vn 0.7163 -0.4968 -0.4900
vn 0.9204 -0.1926 -0.3403
vn 0.8710 -0.0564 -0.4881
vn 0.5602 -0.6073 0.5633
vn 0.6849 -0.4207 0.5949
vn 0.8182 -0.5011 0.2818
vn 0.8182 -0.5011 0.2819
vn 0.7011 -0.6759 0.2272
vn 0.5603 -0.6073 0.5633
vn 0.7561 -0.6377 -0.1474
vn 0.9003 -0.4311 -0.0605
vn 0.9204 -0.1926 -0.3402
vn 0.9003 -0.4311 -0.0604
vn 0.2557 -0.2690 0.9286
vn 0.2379 -0.2639 0.9347
vn 0.3051 -0.2506 0.9188
vn 0.3052 -0.2505 0.9188
vn 0.6284 -0.0645 -0.7752
vn 0.8380 0.0527 -0.5430
vn 0.8184 0.1426 -0.5567
vn 0.8185 0.1425 -0.5566
vn 0.3029 -0.1300 0.9441
vn 0.4520 -0.2656 0.8516
vn 0.5317 0.1671 0.8303
vn 0.6571 -0.0139 0.7537
vn 0.4520 -0.2657 0.8515
vn 0.5316 0.1671 0.8303
vn 0.7980 0.4179 0.4343
vn 0.8949 0.1935 0.4022
vn 0.8557 0.5033 -0.1203
vn 0.9582 0.2638 -0.1107
vn 0.8949 0.1935 0.4021
vn 0.8557 0.5033 -0.1204
vn 0.7488 0.4022 -0.5269
vn 0.9582 0.2638 -0.1106
vn 0.5826 0.1225 -0.8034
vn 0.8233 -0.0604 -0.5644
vn 0.6849 -0.4207 0.5948
vn 0.3440 -0.4273 0.8361
vn 0.2406 -0.2824 0.9286
vn 0.2379 -0.2639 0.9348
vn -0.0171 -0.9954 -0.0938
vn 0.6563 -0.7529 0.0495
vn 0.6429 -0.7396 -0.1993
vn 0.6563 -0.7528 0.0495
vn 0.6345 -0.7291 0.2567
vn -0.4848 -0.5414 0.6870
vn -0.3160 -0.5224 0.7920
vn -0.7256 -0.6679 0.1655
vn -0.6732 -0.7086 -0.2115
vn -0.6177 -0.5746 0.5369
vn -0.7257 -0.6678 0.1655
vn 0.5642 -0.6705 0.4819
vn -0.0172 -0.9954 -0.0938
vn -0.6732 -0.7086 -0.2116
vn 0.4625 -0.5136 -0.7227
vn -0.3722 -0.5254 -0.7651
vn -0.5513 -0.6643 -0.5047
vn -0.0950 -0.2382 -0.9666
vn 0.2388 -0.2606 -0.9355
vn -0.0210 -0.9953 -0.0941
vn 0.4625 -0.5135 -0.7227
vn 0.9638 -0.1728 0.2031
vn 0.2315 -0.2553 0.9387
vn 0.9638 -0.1729 0.2032
vn 0.5406 0.1580 -0.8263
vn 0.5696 0.0973 -0.8162
vn 0.3440 -0.4272 0.8362
vn 0.9638 -0.1729 0.2031
vn 0.2438 -0.2794 0.9287
vn 0.2408 -0.2824 0.9286
vn 0.5910 0.1125 -0.7988
vn 0.5827 0.1225 -0.8034
vn 0.6285 -0.0645 -0.7751
vn 0.9638 -0.1728 0.2032
vn 0.7163 -0.4969 -0.4899
vn 0.7011 -0.6758 0.2272
vn 0.9637 -0.1729 0.2032
vn 0.7163 -0.4968 -0.4899
vn 0.7561 -0.6377 -0.1473
vn 0.2558 -0.2689 0.9286
vn 0.2314 -0.2553 0.9387
vn 0.3030 -0.1301 0.9441
vn 0.3030 -0.1300 0.9441
vn 0.2557 -0.2689 0.9286
vn 0.0723 0.7371 -0.6719
vn 0.0783 0.7347 -0.6739
vn 0.0530 0.7136 -0.6985
vn -0.0305 0.6265 -0.7788
vn 0.0277 0.6745 -0.7377
vn 0.1025 0.6622 -0.7423
vn 0.0758 0.7350 -0.6739
vn -0.4636 0.2530 -0.8492
vn -0.2808 0.1335 -0.9504
vn 0.0453 0.6887 -0.7236
vn 0.0249 0.7041 -0.7097
vn -0.4636 0.2531 -0.8492
vn -0.6261 0.3412 -0.7011
vn -0.4635 0.2531 -0.8492
vn -0.4636 0.2531 -0.8491
vn -0.6452 0.5223 -0.5576
vn -0.6261 0.3413 -0.7011
vn -0.0229 0.7317 -0.6813
vn -0.0082 0.7533 -0.6576
vn -0.6212 0.6796 -0.3903
vn -0.0229 0.7317 -0.6812
vn -0.4852 0.8233 -0.2945
vn -0.0082 0.7534 -0.6576
vn 0.0545 0.7395 -0.6709
vn -0.4853 0.8233 -0.2945
vn -0.3838 0.9153 -0.1224
vn 0.0411 0.7661 -0.6414
vn 0.0758 0.7350 -0.6738
vn -0.1573 0.9819 -0.1053
vn 0.0731 0.7387 -0.6701
vn 0.0144 0.9995 -0.0279
vn -0.1572 0.9819 -0.1052
vn -0.1574 0.9819 -0.1053
vn 0.0531 0.7137 -0.6985
vn 0.1887 0.9795 -0.0710
vn 0.1886 0.9795 -0.0710
vn 0.0278 0.6746 -0.7377
vn 0.3446 0.9241 -0.1650
vn 0.1887 0.9795 -0.0711
vn 0.0277 0.6746 -0.7377
vn 0.4621 0.8394 -0.2860
vn 0.3447 0.9241 -0.1650
vn -0.0381 0.6924 -0.7205
vn 0.5568 0.7349 -0.3871
vn -0.0116 0.7227 -0.6910
vn 0.6371 0.6167 -0.4623
vn 0.5568 0.7349 -0.3872
vn 0.5979 0.5176 -0.6120
vn 0.6371 0.6168 -0.4623
vn 0.0130 0.7473 -0.6643
vn 0.5494 0.4049 -0.7309
vn 0.5980 0.5176 -0.6120
vn -0.0228 0.7377 -0.6747
vn 0.0130 0.7473 -0.6644
vn 0.0724 0.7370 -0.6720
vn 0.4907 0.2590 -0.8319
vn 0.0724 0.7371 -0.6720
vn 0.3258 0.1958 -0.9250
vn 0.4908 0.2590 -0.8319
vn 0.0783 0.7346 -0.6740
vn 0.1049 0.6757 -0.7297
vn 0.1595 0.0559 -0.9856
vn 0.3258 0.1958 -0.9249
vn 0.3257 0.1958 -0.9250
vn 0.0734 0.7065 -0.7039
vn -0.0639 0.1378 -0.9884
vn 0.1594 0.0559 -0.9856
vn 0.1048 0.6757 -0.7297
vn -0.2807 0.1336 -0.9505
vn 0.2966 -0.9549 0.0113
vn -0.3700 -0.9275 -0.0530
vn -0.4552 -0.8893 0.0443
vn -0.4976 -0.8486 0.1799
vn 0.2295 -0.9641 0.1333
vn 0.2762 -0.9576 0.0820
vn -0.4538 -0.8258 0.3347
vn -0.3680 -0.8099 0.4568
vn -0.4538 -0.8259 0.3346
vn -0.4291 -0.9030 0.0242
vn 0.1930 -0.9806 0.0341
vn -0.4290 -0.9030 0.0242
vn -0.3486 -0.9349 0.0667
vn -0.3208 -0.9470 0.0147
vn -0.6568 -0.7521 -0.0548
vn -0.4984 -0.8486 -0.1777
vn -0.2171 -0.8907 -0.3993
vn -0.3875 -0.9085 -0.1566
vn 0.3598 -0.9330 -0.0128
vn -0.0523 -0.7862 -0.6158
vn 0.0102 -0.5381 -0.8428
vn -0.0158 -0.6499 -0.7599
vn -0.0158 -0.6498 -0.7599
vn 0.1179 -0.5348 -0.8367
vn 0.0715 -0.4905 -0.8685
vn 0.0716 -0.4905 -0.8685
vn 0.1391 -0.6324 -0.7620
vn 0.1180 -0.5348 -0.8367
vn 0.0715 -0.4906 -0.8685
vn 0.0101 -0.5381 -0.8428
vn -0.0522 -0.7862 -0.6158
vn -0.2361 -0.9504 -0.2023
vn -0.4228 -0.8940 -0.1485
vn 0.4323 -0.3405 0.8350
vn 0.3016 -0.2660 0.9156
vn 0.1569 -0.2540 0.9544
vn 0.1568 -0.2541 0.9544
vn 0.5060 -0.2595 0.8226
vn 0.5331 -0.1414 0.8342
vn 0.2380 -0.2639 0.9347
vn 0.5060 -0.2596 0.8226
vn 0.3052 -0.2505 0.9187
vn 0.7974 0.1365 0.5879
vn 0.4780 -0.2764 0.8338
vn 0.3053 -0.2505 0.9187
vn 0.7974 0.1364 0.5878
vn 0.6849 -0.4208 0.5948
vn 0.7974 0.1364 0.5879
vn 0.9413 0.3023 0.1502
vn 0.6849 -0.4208 0.5949
vn 0.9303 0.3643 0.0416
vn 0.9002 -0.4312 -0.0605
vn 0.8182 -0.5012 0.2818
vn 0.9413 0.3022 0.1502
vn 0.8772 0.4801 0.0058
vn 0.9002 -0.4312 -0.0606
vn 0.9304 0.3643 0.0416
vn 0.8709 -0.0564 -0.4882
vn 0.9204 -0.1927 -0.3402
vn 0.8184 0.1425 -0.5567
vn 0.8380 0.0526 -0.5431
vn 0.9513 0.3082 -0.0080
vn 0.7801 0.0778 -0.6208
vn 0.9962 -0.0168 -0.0860
vn 0.9018 -0.4208 -0.0979
vn 0.7597 -0.0055 -0.6502
vn 0.8232 -0.0605 -0.5645
vn 0.7673 -0.0552 -0.6389
vn 0.7673 -0.0551 -0.6389
vn 0.8124 -0.5811 -0.0486
vn 0.7494 -0.6621 0.0046
vn 0.9101 0.0449 -0.4120
vn 0.8232 -0.0604 -0.5645
vn 0.7529 -0.6580 0.0127
vn 0.8949 0.1936 0.4022
vn 0.7529 -0.6580 0.0128
vn 0.6807 -0.7071 0.1917
vn 0.6570 -0.0139 0.7537
vn 0.8948 0.1936 0.4022
vn 0.8949 0.1936 0.4021
vn 0.6806 -0.7071 0.1918
vn 0.5339 -0.6069 0.5888
vn 0.6571 -0.0138 0.7537
vn 0.6570 -0.0138 0.7537
vn 0.3230 -0.9235 0.2070
vn 0.3231 -0.9235 0.2070
vn 0.6430 0.5204 0.5618
vn 0.8910 0.3027 0.3383
vn 0.8038 0.5746 -0.1543
vn 0.8402 0.3120 -0.4434
vn 0.9985 -0.0164 -0.0527
vn 0.8389 0.4498 -0.3065
vn 0.5655 -0.0743 -0.8214
vn -0.1791 -0.6373 -0.7495
vn -0.4295 -0.6073 -0.6684
vn -0.4140 -0.1015 -0.9046
vn -0.5326 -0.0610 -0.8441
vn -0.6613 -0.5139 -0.5465
vn -0.6916 0.0342 -0.7215
vn -0.8616 0.3185 -0.3953
vn -0.9993 0.0354 0.0089
vn -0.8590 0.4213 -0.2909
vn -0.9600 0.2038 0.1922
vn -0.8795 0.4760 0.0004
vn -0.9237 0.3711 -0.0956
vn -0.9886 0.1067 0.1061
vn -0.8616 0.3185 -0.3954
vn -0.8452 0.4981 0.1939
vn -0.3628 -0.4294 0.8271
vn -0.9968 -0.0374 -0.0710
vn -0.9600 0.2038 0.1923
vn -0.9458 0.0137 0.3246
vn -0.9244 0.2772 0.2621
vn -0.8190 -0.3816 -0.4285
vn -0.4295 -0.6073 -0.6683
vn -0.5491 -0.5811 -0.6006
vn -0.2162 -0.8689 -0.4453
vn -0.1791 -0.6374 -0.7495
vn 0.0782 -0.6320 -0.7711
vn -0.1791 -0.6374 -0.7494
vn 0.2711 -0.8658 -0.4205
vn 0.3428 -0.6194 -0.7063
vn 0.4985 -0.7983 -0.3381
vn 0.5764 -0.5201 -0.6303
vn 0.3427 -0.6194 -0.7063
vn -0.4551 -0.8893 0.0443
vn 0.2762 -0.9576 0.0819
vn 0.4259 -0.9019 0.0718
vn 0.2763 -0.9576 0.0820
vn -0.3699 -0.9275 -0.0529
vn -0.4750 -0.8670 -0.1507
vn -0.6362 -0.5532 0.5377
vn 0.0412 0.7661 -0.6414
vn 0.1713 0.7024 -0.6909
vn 0.0546 0.7395 -0.6710
vn 0.1706 0.7181 -0.6747
vn 0.1644 0.7266 -0.6672
vn -0.0398 0.7012 -0.7119
vn 0.1716 0.7349 -0.6562
vn 0.0564 0.9982 -0.0194
vn 0.1023 0.8929 -0.4385
vn -0.0628 0.9674 -0.2454
vn 0.1023 0.8929 -0.4384
vn 0.1313 0.9906 0.0371
vn -0.1680 0.9858 -0.0044
vn -0.1800 0.9837 -0.0064
vn 0.1673 0.9856 0.0238
vn -0.1906 0.9817 -0.0059
vn -0.1893 0.9819 -0.0023
vn -0.2009 0.9796 -0.0052
vn -0.2251 0.9743 0.0013
vn 0.1715 0.9851 -0.0097
vn 0.1714 0.9851 -0.0097
vn 0.1694 0.9855 0.0036
vn -0.3544 0.9288 0.1080
vn 0.0429 0.9552 0.2929
vn 0.0517 0.9913 0.1211
vn 0.0188 0.8186 -0.5741
vn 0.0187 0.8186 -0.5741
vn 0.1527 0.7798 -0.6071
vn 0.1527 0.7799 -0.6071
vn 0.0774 0.8178 -0.5703
vn 0.0805 0.8146 -0.5744
vn -0.0517 0.8654 -0.4984
vn -0.3637 0.3896 -0.8461
vn 0.1776 0.7227 -0.6679
vn 0.1777 0.7302 -0.6597
vn -0.4289 0.5157 -0.7417
vn -0.3637 0.3895 -0.8461
vn -0.4289 0.5158 -0.7416
vn 0.1618 0.7336 -0.6600
vn -0.4846 0.6168 -0.6203
vn -0.4288 0.5158 -0.7417
vn 0.1726 0.7384 -0.6518
vn -0.4589 0.7381 -0.4946
vn 0.1726 0.7385 -0.6518
vn 0.1650 0.7433 -0.6483
vn -0.4238 0.8280 -0.3672
vn -0.4237 0.8280 -0.3672
vn 0.1948 0.7271 -0.6583
vn -0.2850 0.9159 -0.2828
vn -0.4238 0.8280 -0.3671
vn -0.2849 0.9159 -0.2828
vn 0.1834 0.7274 -0.6612
vn -0.1902 0.9648 -0.1816
vn 0.1930 0.7160 -0.6709
vn -0.0289 0.9879 -0.1523
vn -0.1901 0.9648 -0.1815
vn 0.1853 0.7160 -0.6731
vn 0.1092 0.9874 -0.1146
vn 0.1091 0.9874 -0.1146
vn 0.1881 0.7088 -0.6799
vn 0.1881 0.7088 -0.6798
vn 0.2680 0.9538 -0.1356
vn 0.1091 0.9874 -0.1145
vn 0.1789 0.7117 -0.6793
vn 0.4077 0.9007 -0.1501
vn 0.4077 0.9007 -0.1502
vn 0.5178 0.8321 -0.1987
vn 0.4078 0.9007 -0.1501
vn 0.5179 0.8321 -0.1987
vn 0.6001 0.7556 -0.2627
vn 0.6001 0.7556 -0.2628
vn 0.1645 0.7266 -0.6671
vn 0.6539 0.6680 -0.3552
vn 0.6001 0.7555 -0.2628
vn 0.6882 0.5712 -0.4473
vn 0.6882 0.5713 -0.4473
vn 0.1606 0.7379 -0.6556
vn 0.6711 0.4864 -0.5594
vn 0.6711 0.4864 -0.5595
vn 0.6509 0.3845 -0.6547
vn 0.6509 0.3844 -0.6547
vn 0.1788 0.7327 -0.6567
vn 0.5668 0.3177 -0.7601
vn 0.6509 0.3845 -0.6546
vn 0.1788 0.7327 -0.6566
vn 0.1901 0.7263 -0.6606
vn 0.4780 0.2406 -0.8448
vn 0.4779 0.2406 -0.8448
vn 0.1909 0.7274 -0.6592
vn 0.1909 0.7273 -0.6592
vn 0.3472 0.2175 -0.9122
vn 0.1980 0.7203 -0.6648
vn 0.2123 0.1823 -0.9601
vn 0.3472 0.2176 -0.9122
vn 0.2122 0.1823 -0.9601
vn 0.1975 0.7262 -0.6585
vn 0.0583 0.2180 -0.9742
vn 0.0584 0.2180 -0.9742
vn 0.1961 0.7226 -0.6629
vn -0.0967 0.2363 -0.9669
vn 0.1931 0.7282 -0.6576
vn -0.2324 0.3216 -0.9179
vn -0.2325 0.3216 -0.9179
vn -0.3637 0.3896 -0.8462
vn -0.4382 0.4133 -0.7982
vn 0.1187 0.7642 -0.6339
vn 0.1209 0.7779 -0.6166
vn -0.5047 0.5230 -0.6868
vn 0.1022 0.7810 -0.6161
vn 0.1021 0.7810 -0.6161
vn -0.5595 0.6099 -0.5612
vn -0.5047 0.5230 -0.6869
vn 0.1022 0.7811 -0.6160
vn 0.1187 0.7893 -0.6024
vn 0.1186 0.7893 -0.6024
vn -0.5263 0.7295 -0.4369
vn -0.5595 0.6099 -0.5613
vn -0.5263 0.7295 -0.4370
vn 0.1066 0.7992 -0.5915
vn -0.4940 0.8126 -0.3093
vn -0.5262 0.7295 -0.4369
vn -0.4940 0.8126 -0.3092
vn 0.1215 0.8028 -0.5838
vn -0.3949 0.8951 -0.2071
vn 0.1150 0.8129 -0.5710
vn 0.1149 0.8129 -0.5710
vn -0.2932 0.9505 -0.1025
vn -0.2931 0.9506 -0.1025
vn 0.1354 0.8101 -0.5705
vn -0.1474 0.9878 -0.0494
vn -0.1473 0.9879 -0.0494
vn 0.1355 0.8101 -0.5704
vn 0.1420 0.8147 -0.5622
vn -0.0141 0.9998 0.0133
vn 0.1420 0.8147 -0.5623
vn 0.1599 0.7894 -0.5927
vn 0.1599 0.7893 -0.5928
vn 0.1605 0.9868 -0.0199
vn -0.0141 0.9998 0.0134
vn 0.2935 0.9560 -0.0048
vn 0.1614 0.7882 -0.5939
vn 0.4148 0.9090 -0.0404
vn 0.2935 0.9559 -0.0048
vn 0.5239 0.8430 -0.1220
vn 0.4148 0.9090 -0.0403
vn 0.5973 0.7723 -0.2163
vn 0.6672 0.6845 -0.2938
vn 0.6855 0.6047 -0.4055
vn 0.6855 0.6047 -0.4056
vn 0.1426 0.7783 -0.6114
vn 0.6944 0.5102 -0.5074
vn 0.6476 0.4427 -0.6202
vn 0.5979 0.3554 -0.7185
vn 0.1524 0.7789 -0.6084
vn 0.1523 0.7789 -0.6084
vn 0.4990 0.3085 -0.8098
vn 0.1620 0.7807 -0.6036
vn 0.3965 0.2436 -0.8852
vn 0.3964 0.2435 -0.8852
vn 0.1619 0.7807 -0.6035
vn 0.1526 0.7858 -0.5993
vn 0.1526 0.7859 -0.5993
vn 0.2581 0.2373 -0.9365
vn 0.3964 0.2436 -0.8852
vn 0.2580 0.2373 -0.9365
vn 0.1635 0.7722 -0.6140
vn 0.1181 0.2125 -0.9700
vn 0.2580 0.2374 -0.9365
vn 0.1632 0.7779 -0.6069
vn -0.0320 0.2524 -0.9671
vn 0.1181 0.2124 -0.9700
vn 0.1447 0.7663 -0.6260
vn -0.1839 0.2745 -0.9438
vn -0.1838 0.2745 -0.9438
vn 0.1370 0.7688 -0.6246
vn 0.1370 0.7689 -0.6246
vn -0.3117 0.3562 -0.8809
vn -0.1839 0.2746 -0.9438
vn 0.1187 0.7642 -0.6340
vn -0.5939 0.6286 -0.5022
vn 0.0021 0.8051 -0.5932
vn 0.0336 0.8120 -0.5826
vn 0.0336 0.8121 -0.5826
vn -0.5358 0.7554 -0.3772
vn -0.5939 0.6286 -0.5021
vn -0.5359 0.7554 -0.3772
vn 0.0187 0.8186 -0.5740
vn -0.5045 0.8315 -0.2327
vn -0.3795 0.9157 -0.1319
vn 0.0483 0.8268 -0.5605
vn -0.2716 0.9623 -0.0135
vn -0.0786 0.9965 0.0292
vn -0.2717 0.9623 -0.0135
vn 0.1042 0.9941 0.0316
vn 0.1042 0.9941 0.0317
vn 0.2452 0.9694 0.0158
vn 0.1043 0.9940 0.0316
vn 0.0767 0.8223 -0.5638
vn 0.0767 0.8224 -0.5638
vn 0.3696 0.9292 0.0053
vn 0.2452 0.9693 0.0158
vn 0.3697 0.9291 0.0053
vn 0.0474 0.8061 -0.5899
vn 0.4468 0.8854 -0.1287
vn 0.4468 0.8853 -0.1287
vn -0.0007 0.8104 -0.5859
vn 0.5056 0.8282 -0.2420
vn 0.5056 0.8282 -0.2419
vn -0.0305 0.8157 -0.5777
vn 0.5424 0.7587 -0.3608
vn 0.5056 0.8281 -0.2420
vn 0.5651 0.6793 -0.4683
vn 0.5266 0.6285 -0.5724
vn 0.5651 0.6792 -0.4683
vn 0.5265 0.6285 -0.5725
vn -0.0586 0.8456 -0.5306
vn -0.0438 0.8546 -0.5174
vn 0.5020 0.5595 -0.6595
vn 0.5020 0.5595 -0.6596
vn 0.4024 0.5263 -0.7491
vn 0.5019 0.5595 -0.6596
vn 0.4023 0.5263 -0.7491
vn -0.0281 0.8684 -0.4950
vn 0.3084 0.4686 -0.8278
vn 0.4024 0.5263 -0.7490
vn -0.0085 0.8766 -0.4811
vn 0.1831 0.4300 -0.8841
vn 0.0230 0.8636 -0.5036
vn 0.0642 0.3604 -0.9306
vn 0.1830 0.4300 -0.8841
vn 0.0585 0.8547 -0.5157
vn 0.0585 0.8547 -0.5158
vn -0.0790 0.3544 -0.9318
vn -0.0791 0.3543 -0.9318
vn 0.0560 0.8283 -0.5575
vn -0.2259 0.3443 -0.9113
vn -0.2259 0.3442 -0.9113
vn -0.3567 0.3969 -0.8457
vn -0.2260 0.3443 -0.9113
vn -0.3566 0.3969 -0.8457
vn 0.0696 0.8053 -0.5888
vn 0.0695 0.8053 -0.5888
vn -0.4825 0.4493 -0.7519
vn 0.0208 0.8072 -0.5899
vn -0.5664 0.5250 -0.6352
vn 0.0021 0.8050 -0.5932
vn 0.0867 0.8462 -0.5257
vn 0.0022 0.8050 -0.5932
vn 0.0209 0.8072 -0.5898
vn -0.0439 0.8547 -0.5173
vn 0.1355 0.8100 -0.5705
vn 0.1420 0.8146 -0.5623
vn 0.1979 0.7203 -0.6648
vn 0.1216 0.8027 -0.5838
vn 0.1066 0.7992 -0.5916
vn 0.1932 0.7282 -0.6576
vn 0.2585 0.7384 -0.6228
vn 0.1569 0.8317 -0.5326
vn 0.1210 0.7779 -0.6166
vn 0.1188 0.7642 -0.6339
vn 0.1447 0.7664 -0.6259
vn 0.1370 0.7689 -0.6245
vn 0.1525 0.7859 -0.5993
vn 0.2004 0.8211 -0.5344
vn 0.1632 0.7779 -0.6068
vn 0.2032 0.8778 -0.4339
vn 0.0209 0.8073 -0.5898
vn 0.1448 0.7756 -0.6144
vn -0.9530 -0.0996 0.2861
vn -0.9286 0.1825 0.3230
vn -0.9458 0.0137 0.3245
vn 0.5952 -0.0845 0.7991
vn 0.5331 -0.1414 0.8341
vn 0.5874 -0.2239 0.7777
vn 0.5952 -0.0846 0.7991
vn 0.6673 0.0690 0.7416
vn 0.6079 0.1522 0.7793
vn 0.7174 0.2013 0.6669
vn 0.5985 0.1995 0.7759
vn 0.5706 0.3046 0.7626
vn 0.5707 0.3046 0.7626
vn 0.5910 0.2115 0.7785
vn -0.9247 0.2477 0.2889
vn -0.4506 0.2440 -0.8587
vn -0.2758 0.1362 -0.9515
vn -0.5517 0.4024 -0.7305
vn -0.6109 0.5376 -0.5813
vn -0.6452 0.5223 -0.5577
vn -0.6212 0.6795 -0.3904
vn -0.5925 0.6862 -0.4219
vn -0.6108 0.5376 -0.5813
vn -0.5260 0.8089 -0.2625
vn -0.5925 0.6862 -0.4220
vn -0.3838 0.9153 -0.1225
vn -0.3892 0.9124 -0.1269
vn -0.1934 0.9803 -0.0389
vn -0.3891 0.9124 -0.1269
vn -0.1572 0.9819 -0.1053
vn 0.0144 0.9995 -0.0280
vn 0.0082 1.0000 0.0026
vn -0.1933 0.9804 -0.0389
vn -0.1934 0.9804 -0.0389
vn 0.0143 0.9995 -0.0280
vn 0.2163 0.9762 -0.0187
vn 0.3446 0.9241 -0.1651
vn 0.4020 0.9144 -0.0481
vn 0.3447 0.9241 -0.1651
vn 0.4621 0.8394 -0.2861
vn 0.5576 0.8146 -0.1596
vn 0.4020 0.9144 -0.0482
vn 0.5567 0.7350 -0.3872
vn 0.6637 0.6964 -0.2730
vn 0.5576 0.8146 -0.1595
vn 0.5567 0.7349 -0.3872
vn 0.6370 0.6168 -0.4624
vn 0.7124 0.5709 -0.4082
vn 0.6370 0.6168 -0.4623
vn 0.6926 0.4432 -0.5691
vn 0.5494 0.4050 -0.7309
vn 0.6353 0.3053 -0.7093
vn 0.5979 0.5176 -0.6121
vn 0.4907 0.2591 -0.8319
vn 0.5126 0.2015 -0.8346
vn 0.6353 0.3053 -0.7094
vn 0.6353 0.3054 -0.7094
vn 0.3534 0.1101 -0.9290
vn 0.5126 0.2014 -0.8347
vn 0.5126 0.2015 -0.8347
vn 0.1595 0.0560 -0.9856
vn 0.1482 0.1034 -0.9835
vn 0.3535 0.1101 -0.9289
vn -0.0620 0.0983 -0.9932
vn -0.0621 0.0984 -0.9932
vn -0.4769 0.4841 -0.7336
vn -0.3893 0.3743 -0.8416
vn -0.3894 0.3743 -0.8416
vn -0.4845 0.6168 -0.6203
vn -0.5044 0.6089 -0.6122
vn -0.4588 0.7382 -0.4946
vn -0.4994 0.7215 -0.4796
vn -0.4340 0.8261 -0.3595
vn -0.4995 0.7215 -0.4796
vn -0.2849 0.9159 -0.2829
vn -0.3514 0.9066 -0.2336
vn -0.4340 0.8261 -0.3594
vn -0.1901 0.9648 -0.1816
vn -0.2143 0.9644 -0.1548
vn -0.3513 0.9066 -0.2336
vn -0.1900 0.9648 -0.1816
vn -0.0289 0.9879 -0.1524
vn -0.0702 0.9942 -0.0815
vn -0.2144 0.9644 -0.1548
vn 0.0927 0.9943 -0.0523
vn -0.0701 0.9942 -0.0815
vn 0.2615 0.9644 -0.0393
vn 0.2681 0.9538 -0.1357
vn 0.4181 0.9054 -0.0742
vn 0.2680 0.9538 -0.1357
vn 0.5449 0.8285 -0.1296
vn 0.4181 0.9053 -0.0742
vn 0.5179 0.8320 -0.1988
vn 0.6000 0.7556 -0.2628
vn 0.6403 0.7409 -0.2030
vn 0.5449 0.8284 -0.1296
vn 0.6538 0.6681 -0.3552
vn 0.7175 0.6351 -0.2863
vn 0.6403 0.7409 -0.2029
vn 0.6403 0.7408 -0.2030
vn 0.6539 0.6680 -0.3553
vn 0.7351 0.5369 -0.4140
vn 0.7175 0.6350 -0.2863
vn 0.6711 0.4865 -0.5595
vn 0.7395 0.4236 -0.5232
vn 0.6508 0.3845 -0.6546
vn 0.6955 0.3251 -0.6408
vn 0.7395 0.4235 -0.5232
vn 0.6508 0.3844 -0.6547
vn 0.6093 0.2378 -0.7564
vn 0.6508 0.3845 -0.6547
vn 0.5668 0.3177 -0.7602
vn 0.4779 0.2407 -0.8448
vn 0.4954 0.1761 -0.8506
vn 0.3525 0.1357 -0.9259
vn 0.4954 0.1762 -0.8506
vn 0.3471 0.2176 -0.9122
vn 0.2122 0.1824 -0.9601
vn 0.1975 0.1264 -0.9721
vn 0.2121 0.1824 -0.9601
vn 0.0583 0.2181 -0.9742
vn 0.0305 0.1513 -0.9880
vn -0.0967 0.2364 -0.9668
vn -0.1267 0.1990 -0.9718
vn 0.0304 0.1513 -0.9880
vn -0.2324 0.3217 -0.9179
vn -0.2770 0.2686 -0.9226
vn -0.0967 0.2363 -0.9668
vn -0.5076 0.5130 -0.6922
vn -0.4183 0.4308 -0.7997
vn -0.5047 0.5231 -0.6868
vn -0.5280 0.6271 -0.5726
vn -0.5077 0.5131 -0.6921
vn -0.5076 0.5131 -0.6922
vn -0.5046 0.5230 -0.6868
vn -0.5595 0.6100 -0.5612
vn -0.5288 0.7241 -0.4428
vn -0.4643 0.8221 -0.3295
vn -0.5288 0.7241 -0.4427
vn -0.3949 0.8951 -0.2072
vn -0.4158 0.8876 -0.1982
vn -0.4642 0.8221 -0.3295
vn -0.4939 0.8126 -0.3093
vn -0.2692 0.9532 -0.1373
vn -0.4157 0.8876 -0.1982
vn -0.1577 0.9862 -0.0507
vn -0.2692 0.9532 -0.1372
vn -0.0177 0.9998 0.0079
vn 0.1604 0.9868 -0.0199
vn 0.1461 0.9887 0.0323
vn -0.0176 0.9998 0.0079
vn 0.2934 0.9560 -0.0049
vn 0.2931 0.9561 -0.0082
vn 0.1605 0.9868 -0.0200
vn 0.2935 0.9560 -0.0049
vn 0.4147 0.9090 -0.0404
vn 0.4262 0.9046 0.0079
vn 0.2931 0.9560 -0.0081
vn 0.5239 0.8430 -0.1221
vn 0.5385 0.8367 -0.1001
vn 0.4262 0.9046 0.0080
vn 0.5972 0.7723 -0.2164
vn 0.6429 0.7506 -0.1526
vn 0.5973 0.7723 -0.2164
vn 0.6944 0.6661 -0.2723
vn 0.6429 0.7505 -0.1527
vn 0.6854 0.6047 -0.4056
vn 0.7459 0.5567 -0.3656
vn 0.6944 0.5103 -0.5074
vn 0.7161 0.4822 -0.5046
vn 0.6943 0.5102 -0.5075
vn 0.6937 0.3803 -0.6117
vn 0.7162 0.4822 -0.5046
vn 0.6944 0.5102 -0.5075
vn 0.6083 0.3230 -0.7250
vn 0.5978 0.3554 -0.7185
vn 0.4990 0.3086 -0.8098
vn 0.5200 0.2474 -0.8176
vn 0.3929 0.2227 -0.8922
vn 0.2601 0.1860 -0.9475
vn 0.1109 0.2039 -0.9727
vn -0.0435 0.2109 -0.9765
vn -0.1838 0.2746 -0.9438
vn -0.1850 0.2773 -0.9428
vn -0.3116 0.3562 -0.8809
vn -0.3236 0.3301 -0.8868
vn -0.3117 0.3563 -0.8809
vn -0.4382 0.4133 -0.7983
vn -0.3236 0.3301 -0.8867
vn -0.5359 0.7553 -0.3772
vn -0.5925 0.7152 -0.3707
vn -0.5819 0.6268 -0.5182
vn -0.5938 0.6286 -0.5022
vn -0.5156 0.8217 -0.2430
vn -0.4173 0.8996 -0.1290
vn -0.5155 0.8217 -0.2429
vn -0.3795 0.9158 -0.1319
vn -0.2716 0.9623 -0.0136
vn -0.3083 0.9512 0.0097
vn -0.4172 0.8996 -0.1290
vn -0.0786 0.9965 0.0291
vn -0.1045 0.9903 0.0916
vn -0.3082 0.9513 0.0097
vn -0.0785 0.9965 0.0292
vn 0.0990 0.9939 0.0483
vn -0.1046 0.9903 0.0916
vn -0.0785 0.9965 0.0291
vn 0.1042 0.9940 0.0316
vn 0.2451 0.9694 0.0157
vn 0.2533 0.9655 0.0610
vn 0.2452 0.9693 0.0157
vn 0.3866 0.9222 -0.0104
vn 0.4467 0.8854 -0.1287
vn 0.5046 0.8592 -0.0846
vn 0.3867 0.9222 -0.0104
vn 0.5815 0.7837 -0.2184
vn 0.5423 0.7587 -0.3608
vn 0.6571 0.6809 -0.3233
vn 0.5424 0.7587 -0.3609
vn 0.5650 0.6793 -0.4683
vn 0.6248 0.6195 -0.4753
vn 0.5423 0.7587 -0.3609
vn 0.6232 0.5325 -0.5728
vn 0.5576 0.4839 -0.6745
vn 0.6232 0.5325 -0.5727
vn 0.5265 0.6285 -0.5724
vn 0.4023 0.5264 -0.7490
vn 0.4871 0.3930 -0.7800
vn 0.5576 0.4839 -0.6744
vn 0.3690 0.3502 -0.8609
vn 0.4871 0.3930 -0.7799
vn 0.2353 0.2870 -0.9286
vn 0.3690 0.3503 -0.8609
vn 0.3084 0.4687 -0.8278
vn 0.0642 0.3605 -0.9306
vn 0.0856 0.2538 -0.9635
vn 0.2353 0.2871 -0.9286
vn -0.0791 0.3544 -0.9317
vn -0.0800 0.2500 -0.9649
vn 0.0856 0.2539 -0.9635
vn 0.0855 0.2539 -0.9635
vn 0.0642 0.3605 -0.9305
vn -0.0790 0.3544 -0.9317
vn -0.2314 0.3050 -0.9238
vn -0.0800 0.2499 -0.9650
vn -0.3567 0.3970 -0.8457
vn -0.3825 0.3322 -0.8622
vn -0.2314 0.3051 -0.9238
vn -0.3566 0.3970 -0.8457
vn -0.4824 0.4493 -0.7519
vn -0.4745 0.4410 -0.7618
vn -0.3825 0.3321 -0.8622
vn -0.3826 0.3322 -0.8622
vn -0.4825 0.4493 -0.7518
vn -0.5668 0.5089 -0.6479
vn -0.5819 0.6267 -0.5183
vn -0.5938 0.6287 -0.5022
vn 0.0859 0.7324 -0.6754
vn -0.2758 0.1361 -0.9515
vn -0.5522 0.4031 -0.7298
vn -0.6109 0.5375 -0.5812
vn -0.5518 0.4024 -0.7305
vn -0.5935 0.6836 -0.4249
vn -0.5215 0.8137 -0.2567
vn 0.0859 0.7325 -0.6754
vn -0.5926 0.6862 -0.4219
vn -0.3872 0.9134 -0.1254
vn -0.5261 0.8089 -0.2624
vn -0.1983 0.9793 -0.0404
vn -0.3892 0.9124 -0.1268
vn 0.0008 1.0000 0.0019
vn -0.1934 0.9804 -0.0388
vn 0.2162 0.9762 -0.0186
vn 0.0082 1.0000 0.0027
vn 0.3988 0.9158 -0.0470
vn 0.5577 0.8146 -0.1595
vn 0.6605 0.7015 -0.2678
vn 0.7121 0.5729 -0.4059
vn 0.6938 0.4472 -0.5644
vn 0.7124 0.5708 -0.4081
vn 0.6382 0.3088 -0.7052
vn 0.6927 0.4432 -0.5690
vn 0.5127 0.2014 -0.8346
vn 0.3531 0.1100 -0.9291
vn 0.1482 0.1033 -0.9835
vn -0.0660 0.0990 -0.9929
vn 0.1482 0.1033 -0.9836
vn -0.4770 0.4841 -0.7336
vn 0.1905 0.7273 -0.6594
vn -0.5044 0.6089 -0.6121
vn 0.1905 0.7272 -0.6595
vn -0.5045 0.6089 -0.6122
vn -0.4341 0.8261 -0.3594
vn 0.1904 0.7273 -0.6593
vn -0.3514 0.9066 -0.2335
vn -0.2144 0.9644 -0.1547
vn -0.0702 0.9942 -0.0814
vn -0.2143 0.9644 -0.1547
vn 0.0871 0.9948 -0.0533
vn 0.2543 0.9663 -0.0392
vn 0.1905 0.7273 -0.6593
vn 0.1903 0.7274 -0.6593
vn 0.6955 0.3250 -0.6408
vn 0.3525 0.1356 -0.9259
vn 0.4953 0.1761 -0.8507
vn 0.2025 0.1259 -0.9712
vn 0.3524 0.1357 -0.9259
vn 0.0313 0.1510 -0.9880
vn 0.1974 0.1264 -0.9721
vn -0.1268 0.1990 -0.9718
vn -0.5077 0.5130 -0.6921
vn 0.1560 0.7784 -0.6081
vn -0.4184 0.4307 -0.7997
vn -0.5283 0.6286 -0.5708
vn -0.5289 0.7241 -0.4427
vn -0.5281 0.6271 -0.5726
vn -0.4660 0.8198 -0.3328
vn -0.2693 0.9532 -0.1372
vn 0.1416 0.9894 0.0320
vn 0.2931 0.9561 -0.0081
vn 0.6424 0.7512 -0.1520
vn 0.7455 0.5594 -0.3623
vn 0.7460 0.5567 -0.3656
vn 0.6968 0.3847 -0.6054
vn 0.7162 0.4821 -0.5047
vn 0.5219 0.2481 -0.8161
vn 0.6084 0.3230 -0.7250
vn 0.3929 0.2226 -0.8922
vn 0.5200 0.2473 -0.8176
vn 0.2543 0.1858 -0.9491
vn 0.1109 0.2038 -0.9727
vn -0.1806 0.2750 -0.9443
vn -0.3237 0.3301 -0.8867
vn -0.1851 0.2772 -0.9428
vn -0.4179 0.4303 -0.8001
vn -0.5926 0.7151 -0.3707
vn 0.0648 0.8052 -0.5895
vn -0.5173 0.8199 -0.2454
vn -0.5926 0.7152 -0.3707
vn -0.4167 0.8999 -0.1285
vn -0.5156 0.8217 -0.2429
vn -0.1034 0.9904 0.0920
vn 0.0990 0.9939 0.0484
vn -0.1046 0.9903 0.0917
vn 0.2491 0.9665 0.0619
vn 0.3867 0.9222 -0.0103
vn 0.2534 0.9654 0.0610
vn 0.5062 0.8582 -0.0858
vn 0.5816 0.7836 -0.2184
vn 0.0649 0.8051 -0.5896
vn 0.6248 0.6194 -0.4753
vn 0.6572 0.6809 -0.3233
vn 0.5577 0.4839 -0.6744
vn 0.4871 0.3929 -0.7800
vn 0.0648 0.8051 -0.5895
vn 0.5577 0.4839 -0.6745
vn 0.0855 0.2538 -0.9635
vn -0.0801 0.2499 -0.9650
vn -0.2246 0.3023 -0.9264
vn -0.4704 0.4364 -0.7670
vn -0.3826 0.3321 -0.8622
vn -0.5668 0.5088 -0.6479
vn -0.4745 0.4409 -0.7618
vn -0.7281 -0.6612 0.1809
vn -0.5528 -0.7123 0.4326
vn 0.2572 0.6473 -0.7175
vn 0.1025 0.6621 -0.7423
vn 0.1415 0.6603 -0.7375
vn 0.1789 0.7117 -0.6794
vn 0.1415 0.6604 -0.7375
vn 0.1024 0.8929 -0.4385
vn 0.2031 0.8778 -0.4339
vn -0.0077 0.7770 -0.6295
vn 0.0129 0.7473 -0.6643
vn 0.0766 0.8223 -0.5638
vn -0.2070 0.6569 -0.7250
vn 0.3181 0.9285 0.1915
vn 0.7544 0.6563 -0.0118
vn -0.0261 0.7341 0.6785
vn 0.0988 0.5323 0.8408
vn 0.2602 0.6983 0.6668
vn 0.6399 -0.7683 -0.0139
vn -0.2939 -0.1416 -0.9453
vn -0.0597 0.2259 -0.9723
vn -0.0771 -0.1707 -0.9823
vn 0.1174 -0.1832 -0.9760
vn 0.3643 0.3123 -0.8774
vn 0.4329 0.3345 -0.8371
vn 0.4929 0.3549 -0.7944
vn 0.5369 0.3465 -0.7692
vn 0.6257 -0.0010 -0.7801
vn 0.0497 -0.1714 -0.9839
vn -0.3012 0.3239 -0.8969
vn -0.2181 0.2910 -0.9315
vn -0.0115 0.5450 -0.8384
vn -0.1514 0.2541 -0.9553
vn -0.1513 0.2541 -0.9553
vn 0.0271 0.2169 -0.9758
vn 0.0272 0.2169 -0.9758
vn 0.1701 0.2267 -0.9590
vn 0.2504 0.5176 -0.8181
vn 0.3642 0.3124 -0.8774
vn 0.4329 0.3346 -0.8371
vn 0.4329 0.3346 -0.8370
vn 0.4019 0.5271 -0.7487
vn -0.4307 0.3773 -0.8199
vn -0.0859 0.5608 -0.8235
vn 0.7235 0.1059 -0.6822
vn 0.7779 0.1732 -0.6040
vn 0.7779 0.1731 -0.6040
vn 0.4020 0.5271 -0.7487
vn -0.6915 0.0343 -0.7216
vn -0.4781 0.4253 -0.7685
vn -0.6915 0.0342 -0.7215
vn -0.4781 0.4254 -0.7684
vn -0.4307 0.3773 -0.8198
vn 0.5944 0.4139 -0.6895
vn 0.6417 0.4446 -0.6250
vn 0.5189 0.5454 -0.6583
vn 0.5540 0.5879 -0.5895
vn 0.5393 -0.8415 0.0338
vn 0.3963 -0.9133 0.0938
vn 0.5392 -0.8415 0.0339
vn -0.9248 0.2477 0.2889
vn -0.9287 0.1825 0.3229
vn 0.5036 0.5746 0.6451
vn 0.5613 0.3610 0.7447
vn 0.4824 0.5663 0.6683
vn 0.7392 0.4779 0.4746
vn 0.5036 0.5746 0.6452
vn 0.4824 0.5664 0.6682
vn 0.6510 0.3518 0.6726
vn 0.4182 0.8489 0.3233
vn 0.4396 0.7656 0.4696
vn 0.5087 0.7699 0.3853
vn 0.4888 0.8442 0.2201
vn 0.4181 0.8489 0.3233
vn 0.4216 0.8209 0.3851
vn 0.6673 0.0689 0.7416
vn 0.6222 -0.0393 0.7819
vn 0.5910 0.2114 0.7785
vn 0.6317 0.2385 0.7376
vn 0.5341 0.6898 0.4889
vn 0.4823 0.5664 0.6682
vn 0.6489 0.5997 0.4682
vn 0.5626 0.7508 0.3461
vn 0.5421 0.5660 0.6211
vn 0.5087 0.7699 0.3854
vn 0.4396 0.7656 0.4697
vn 0.5036 0.5747 0.6451
vn 0.5088 0.7698 0.3853
vn 0.6996 0.6396 0.3185
vn 0.5625 0.7509 0.3461
vn 0.4872 0.8382 0.2450
vn -0.1800 0.9836 -0.0063
vn -0.5833 0.8118 0.0261
vn -0.1800 0.9836 -0.0064
vn -0.1906 0.9816 -0.0059
vn 0.6997 0.6396 0.3185
vn 0.6490 0.5996 0.4682
vn 0.7656 -0.4049 0.5000
vn 0.8594 -0.2982 0.4154
vn 0.7444 -0.3166 0.5880
vn 0.7288 -0.0427 0.6834
vn 0.5986 0.1995 0.7758
vn 0.6401 0.0449 0.7670
vn 0.5986 0.1994 0.7759
vn -0.8884 -0.4296 0.1618
vn -0.8558 -0.4829 0.1858
vn -0.8469 -0.5274 0.0673
vn -0.6311 -0.7471 -0.2085
vn -0.4481 -0.8082 -0.3822
vn -0.4475 -0.8429 -0.2989
vn 0.0128 -0.9346 -0.3556
vn -0.2282 -0.9089 -0.3490
vn 0.0129 -0.9346 -0.3556
vn 0.4409 -0.8738 -0.2050
vn 0.2388 -0.9227 -0.3026
vn 0.3762 -0.9245 -0.0617
vn 0.6301 -0.7682 -0.1130
vn 0.7830 -0.6201 0.0497
vn 0.6785 -0.7156 0.1661
vn 0.8459 -0.4922 0.2056
vn 0.7720 -0.5632 0.2949
vn 0.5995 0.0237 0.8000
vn 0.5613 0.3609 0.7447
vn 0.8801 0.2917 0.3746
vn 0.7546 0.3583 0.5498
vn -0.8452 0.4980 0.1940
vn -0.9286 0.1826 0.3230
vn -0.8452 0.4980 0.1939
vn -0.9247 0.2478 0.2889
vn -0.8011 0.5494 -0.2374
vn -0.4985 0.7751 -0.3881
vn -0.4706 0.8239 -0.3158
vn -0.5432 0.7191 -0.4334
vn -0.8012 0.5493 -0.2373
vn -0.9236 0.3711 -0.0956
vn -0.7366 0.6738 -0.0580
vn -0.8615 0.3186 -0.3954
vn -0.8590 0.4214 -0.2909
vn -0.9236 0.3711 -0.0957
vn -0.5432 0.7191 -0.4335
vn -0.5876 0.5590 -0.5850
vn -0.5460 0.8366 0.0435
vn -0.7192 0.6782 0.1508
vn -0.7758 0.6247 0.0887
vn -0.5834 0.8118 0.0260
vn -0.5461 0.8366 0.0435
vn -0.9056 0.3427 0.2499
vn -0.9422 0.2825 0.1801
vn -0.8548 0.4966 0.1507
vn -0.5833 0.8118 0.0260
vn -0.1801 0.9836 -0.0064
vn -0.6345 0.7702 0.0649
vn -0.5352 0.8441 0.0326
vn -0.4036 0.9081 -0.1114
vn -0.4754 0.8790 0.0383
vn -0.4754 0.8789 0.0383
vn -0.8893 0.4516 0.0717
vn -0.7759 0.6246 0.0887
vn -0.7759 0.6246 0.0888
vn -0.8547 0.4967 0.1507
vn -0.9010 0.4327 0.0307
vn -0.8135 0.5810 0.0241
vn 0.4356 0.8999 0.0198
vn 0.1695 0.9855 0.0036
vn -0.1894 0.9819 -0.0022
vn -0.6321 0.7749 0.0053
vn -0.2010 0.9796 -0.0051
vn -0.9808 0.1917 0.0357
vn -0.9011 0.4326 0.0307
vn -0.6036 0.7970 0.0195
vn 0.3181 0.9285 0.1913
vn 0.2618 0.9533 -0.1503
vn 0.1703 0.8872 -0.4287
vn 0.0584 0.9982 0.0135
vn 0.4176 0.9085 0.0118
vn 0.4356 0.8999 0.0199
vn -0.2252 0.9743 0.0013
vn -0.6604 0.7504 0.0264
vn -0.2010 0.9796 -0.0052
vn 0.6901 0.7237 0.0049
vn 0.8776 0.4793 -0.0050
vn 0.8960 0.4423 -0.0383
vn 0.7543 0.6564 -0.0118
vn 0.4704 0.8825 0.0053
vn 0.6900 0.7237 0.0049
vn 0.7544 0.6564 -0.0118
vn 0.0583 0.9982 0.0135
vn -0.3436 0.9388 0.0227
vn -0.9806 0.1923 0.0387
vn 0.8703 0.4871 0.0732
vn 0.6676 0.7366 0.1085
vn 0.8598 0.4881 0.1496
vn -0.7320 0.6677 0.1354
vn -0.9268 0.3254 0.1873
vn -0.9895 -0.0133 0.1438
vn -0.9224 0.3546 0.1533
vn -0.9779 0.0075 0.2090
vn -0.9895 -0.0134 0.1439
vn -0.9452 -0.3061 0.1131
vn -0.7914 -0.6004 0.1154
vn -0.9349 -0.3017 0.1867
vn 0.8442 -0.5268 0.0993
vn 0.8241 -0.5374 0.1794
vn 0.9402 -0.3078 0.1461
vn 0.9660 0.2504 0.0636
vn 0.9883 -0.0358 0.1482
vn 0.4176 0.9085 0.0119
vn 0.8405 0.4873 0.2368
vn 0.6359 0.7258 0.2623
vn 0.3653 0.8882 0.2787
vn 0.3184 0.8158 0.4828
vn 0.3184 0.8158 0.4827
vn 0.6359 0.7259 0.2623
vn 0.3184 0.8159 0.4827
vn 0.0430 0.9552 0.2930
vn 0.0164 0.8740 0.4857
vn -0.3499 0.8898 0.2928
vn -0.8936 0.2915 0.3414
vn -0.8936 0.2914 0.3414
vn -0.9590 -0.0029 0.2836
vn -0.9589 -0.0030 0.2836
vn -0.9311 -0.0149 0.3644
vn -0.9589 -0.0031 0.2836
vn -0.8865 -0.2922 0.3589
vn -0.7174 -0.5736 0.3953
vn -0.3783 -0.7892 0.4839
vn -0.7174 -0.5736 0.3954
vn -0.8864 -0.2923 0.3589
vn -0.7175 -0.5735 0.3953
vn 0.1121 -0.9445 0.3089
vn 0.1260 -0.8588 0.4965
vn 0.1122 -0.9444 0.3089
vn 0.7922 -0.5567 0.2501
vn 0.7561 -0.5617 0.3358
vn 0.5259 -0.7299 0.4368
vn 0.9698 -0.0378 0.2409
vn 0.9698 -0.0379 0.2408
vn 0.9164 0.2324 0.3259
vn 0.0163 0.8740 0.4857
vn -0.3498 0.8899 0.2928
vn -0.3540 0.7967 0.4899
vn 0.4680 0.5829 0.6642
vn 0.5694 0.6797 0.4623
vn 0.4679 0.5830 0.6642
vn 0.3183 0.8158 0.4828
vn -0.0261 0.7342 0.6785
vn -0.6780 0.5836 0.4469
vn -0.8457 0.2704 0.4600
vn -0.9311 -0.0148 0.3644
vn -0.8864 -0.2922 0.3589
vn -0.6691 -0.5493 0.5007
vn -0.7175 -0.5735 0.3954
vn 0.0952 -0.7317 0.6749
vn 0.6303 -0.4394 0.6400
vn 0.7388 -0.2452 0.6278
vn 0.8621 0.2181 0.4575
vn 0.7479 0.1899 0.6360
vn 0.7480 0.1899 0.6360
vn 0.7783 -0.0398 0.6267
vn 0.7783 -0.0399 0.6267
vn 0.8620 0.2182 0.4575
vn 0.6379 0.4017 0.6570
vn 0.6379 0.4017 0.6571
vn 0.7479 0.1900 0.6360
vn 0.8621 0.2182 0.4575
vn -0.0262 0.7342 0.6784
vn -0.3540 0.7966 0.4899
vn -0.0262 0.7342 0.6785
vn 0.6464 -0.4690 0.6018
vn 0.5780 -0.4169 0.7015
vn 0.6464 -0.4690 0.6019
vn 0.5040 -0.3577 0.7862
vn 0.6013 -0.2913 0.7441
vn 0.6912 -0.6400 0.3357
vn 0.6939 -0.5542 0.4598
vn 0.6508 -0.7000 0.2941
vn 0.5701 -0.1618 0.8055
vn 0.6222 -0.0394 0.7819
vn 0.6016 -0.1025 0.7922
vn 0.6697 -0.0025 0.7426
vn 0.6697 -0.0025 0.7427
vn 0.6594 0.1003 0.7451
vn 0.7500 0.4278 0.5045
vn 0.6431 0.5204 0.5619
vn 0.5798 -0.0554 0.8129
vn 0.8471 -0.0490 0.5291
vn 0.7444 -0.3165 0.5880
vn 0.8316 -0.2010 0.5177
vn 0.6940 -0.2117 0.6881
vn 0.5040 -0.3577 0.7861
vn 0.8910 0.3026 0.3383
vn 0.7263 0.0299 0.6867
vn 0.9360 0.2399 0.2574
vn 0.5039 -0.3578 0.7862
vn 0.3650 -0.4147 0.8335
vn 0.5612 -0.4927 0.6650
vn 0.1070 -0.3723 0.9219
vn 0.1069 -0.3724 0.9219
vn 0.5779 -0.4169 0.7015
vn 0.5040 -0.3578 0.7862
vn 0.4029 -0.3790 0.8331
vn 0.4454 -0.4645 0.7654
vn 0.3674 -0.5632 0.7401
vn 0.2565 -0.4191 0.8710
vn 0.3935 -0.4318 0.8116
vn 0.3935 -0.4317 0.8117
vn 0.5343 -0.4804 0.6955
vn 0.4324 -0.3405 0.8349
vn 0.5613 -0.4927 0.6650
vn -0.9565 -0.1938 0.2182
vn -0.8479 -0.4386 0.2978
vn -0.9373 -0.3151 0.1491
vn 0.3034 0.9399 -0.1567
vn 0.2032 0.8778 -0.4338
vn 0.4887 0.8442 0.2201
vn 0.4565 0.8889 0.0380
vn 0.3780 0.9191 0.1118
vn 0.3780 0.9190 0.1118
vn 0.4181 0.8489 0.3232
vn 0.3779 0.9191 0.1117
vn 0.5936 0.7959 0.1189
vn 0.4566 0.8889 0.0380
vn -0.2770 0.9503 -0.1420
vn -0.4036 0.9082 -0.1114
vn -0.3381 0.9040 -0.2615
vn -0.4035 0.9082 -0.1114
vn -0.6967 0.7159 0.0462
vn -0.6966 0.7159 0.0461
vn -0.2769 0.9503 -0.1421
vn -0.0629 0.9674 -0.2453
vn -0.4707 0.8239 -0.3158
vn -0.4706 0.8239 -0.3159
vn -0.6967 0.7159 0.0461
vn -0.6020 0.7934 -0.0902
vn -0.7366 0.6738 -0.0579
vn -0.7598 0.6408 0.1103
vn -0.7539 0.6310 0.1827
vn -0.7715 -0.5287 0.3540
vn 0.5383 -0.8231 0.1806
vn 0.6507 -0.7001 0.2941
vn -0.0316 0.9046 -0.4252
vn 0.4635 0.5055 -0.7278
vn 0.3595 0.6076 -0.7082
vn 0.5189 0.5454 -0.6582
vn 0.3652 0.6636 -0.6529
vn 0.5188 0.5454 -0.6583
vn 0.6131 0.6291 -0.4779
vn 0.3467 0.7183 -0.6031
vn 0.3651 0.6636 -0.6529
vn -0.7715 -0.5287 0.3541
vn -0.9372 -0.3152 0.1491
vn -0.9710 0.2213 0.0903
vn -0.9777 0.0701 0.1978
vn -0.9934 -0.0123 0.1137
vn -0.9788 0.2007 0.0418
vn -0.9001 0.4340 0.0393
vn -0.9778 0.1858 0.0970
vn -0.9056 0.3426 0.2499
vn -0.9056 0.3427 0.2500
vn -0.9567 0.1407 0.2547
vn -0.9808 0.1918 0.0357
vn -0.9895 -0.0133 0.1439
vn 0.5625 0.7509 0.3460
vn 0.6405 0.7637 0.0802
vn 0.5788 0.7943 0.1844
vn 0.3986 0.9122 0.0951
vn 0.4402 0.8974 0.0303
vn 0.5788 0.7943 0.1845
vn 0.3986 0.9122 0.0952
vn 0.6359 0.7258 0.2622
vn 0.7406 0.4531 0.4962
vn 0.6379 0.4018 0.6571
vn 0.4704 0.8825 0.0054
vn -0.6321 0.7748 0.0053
vn -0.9000 0.4341 0.0393
vn -0.9010 0.4326 0.0307
vn 0.2295 0.3085 0.9231
vn 0.2870 0.1450 0.9469
vn 0.4101 0.9032 -0.1266
vn 0.1931 -0.9806 0.0340
vn 0.2543 -0.9587 0.1276
vn -0.0683 -0.3727 0.9255
vn -0.8092 -0.5395 0.2325
vn -0.8470 -0.5274 0.0673
vn -0.8135 -0.5704 0.1136
vn -0.8557 -0.4829 0.1858
vn -0.8884 -0.4297 0.1617
vn -0.8845 -0.3837 0.2652
vn 0.7792 -0.4789 0.4043
vn 0.7719 -0.5632 0.2949
vn 0.7793 -0.4789 0.4043
vn 0.9199 -0.2231 0.3227
vn 0.8668 -0.3896 0.3113
vn 0.7656 -0.4049 0.4999
vn 0.6939 -0.5542 0.4599
vn 0.9958 0.0645 0.0642
vn -0.9779 -0.1041 -0.1810
vn -0.9331 -0.3499 0.0831
vn -0.9968 -0.0375 -0.0710
vn 0.1820 0.6533 -0.7349
vn 0.2159 0.6516 -0.7272
vn 0.1853 0.7159 -0.6731
vn 0.1834 0.7274 -0.6613
vn 0.1821 0.5097 -0.8409
vn 0.1820 0.6532 -0.7349
vn 0.0946 0.5225 -0.8473
vn -0.0114 0.5451 -0.8383
vn -0.0858 0.5609 -0.8235
vn 0.0006 0.6316 -0.7753
vn 0.1712 0.7024 -0.6909
vt 0.481704 0.271584
vt 0.458672 0.264812
vt 0.475930 0.299272
vt 0.466948 0.326391
vt 0.446210 0.316254
vt 0.452727 0.354699
vt 0.436822 0.382661
vt 0.421337 0.365068
vt 0.403931 0.386241
vt 0.416815 0.406591
vt 0.392631 0.429476
vt 0.385179 0.406263
vt 0.354160 0.443141
vt 0.282850 0.486157
vt 0.299618 0.492459
vt 0.312435 0.478777
vt 0.300754 0.469543
vt 0.288936 0.451012
vt 0.267235 0.454346
vt 0.261537 0.485278
vt 0.175443 0.444890
vt 0.172376 0.475240
vt 0.207924 0.481520
vt 0.212352 0.453319
vt 0.129854 0.447514
vt 0.098667 0.430187
vt 0.135044 0.425181
vt 0.107666 0.405885
vt 0.069422 0.408813
vt 0.085101 0.385070
vt 0.059055 0.368376
vt 0.014090 0.321621
vt 0.021783 0.350754
vt 0.035746 0.344084
vt 0.027909 0.316374
vt 0.007785 0.287500
vt 0.020056 0.284679
vt 0.004600 0.252436
vt 0.005605 0.218290
vt 0.031129 0.219971
vt 0.011316 0.185689
vt 0.020542 0.153836
vt 0.044463 0.164397
vt 0.057860 0.136511
vt 0.035067 0.122862
vt 0.075895 0.069875
vt 0.054431 0.094341
vt 0.073806 0.111886
vt 0.093624 0.090074
vt 0.126710 0.032093
vt 0.100918 0.048783
vt 0.115818 0.070747
vt 0.140360 0.055638
vt 0.185416 0.009986
vt 0.154613 0.019822
vt 0.165843 0.043330
vt 0.192873 0.034831
vt 0.248781 0.003584
vt 0.217059 0.005002
vt 0.221098 0.029979
vt 0.249044 0.029934
vt 0.310627 0.012480
vt 0.280188 0.006659
vt 0.276886 0.031849
vt 0.303672 0.038132
vt 0.367757 0.037253
vt 0.339854 0.023303
vt 0.329808 0.046559
vt 0.354218 0.058918
vt 0.415883 0.076236
vt 0.393095 0.055737
vt 0.377396 0.073991
vt 0.397746 0.092499
vt 0.453103 0.124577
vt 0.435830 0.099760
vt 0.415778 0.112688
vt 0.430101 0.134829
vt 0.476353 0.180664
vt 0.466512 0.152062
vt 0.443045 0.159270
vt 0.451263 0.185025
vt 0.481804 0.210749
vt 0.457918 0.211068
vt 0.483581 0.240977
vt 0.434542 0.262639
vt 0.425996 0.308941
vt 0.403969 0.349995
vt 0.371364 0.385314
vt 0.342482 0.420308
vt 0.336072 0.409702
vt 0.312027 0.418472
vt 0.318132 0.434217
vt 0.248852 0.433183
vt 0.245638 0.456106
vt 0.268911 0.430121
vt 0.216197 0.431684
vt 0.179962 0.423130
vt 0.138577 0.413359
vt 0.142650 0.402603
vt 0.119825 0.385715
vt 0.113460 0.395605
vt 0.101463 0.369081
vt 0.086267 0.348212
vt 0.073341 0.357856
vt 0.091982 0.377318
vt 0.072333 0.325953
vt 0.063716 0.301277
vt 0.041565 0.311273
vt 0.052767 0.338664
vt 0.056464 0.276233
vt 0.053801 0.249950
vt 0.030234 0.253170
vt 0.033411 0.282452
vt 0.054156 0.222109
vt 0.064857 0.170505
vt 0.077761 0.146658
vt 0.092426 0.125362
vt 0.109508 0.106956
vt 0.128214 0.090075
vt 0.151307 0.076940
vt 0.174218 0.067043
vt 0.199070 0.059926
vt 0.224423 0.055799
vt 0.249321 0.055052
vt 0.274212 0.056475
vt 0.297609 0.060944
vt 0.321259 0.068793
vt 0.342214 0.079516
vt 0.362428 0.092270
vt 0.380746 0.108686
vt 0.397254 0.126594
vt 0.409881 0.145246
vt 0.434374 0.213883
vt 0.428267 0.190580
vt 0.415486 0.305720
vt 0.421996 0.280358
vt 0.358248 0.370787
vt 0.382939 0.354970
vt 0.402969 0.330303
vt 0.331539 0.375644
vt 0.331092 0.399752
vt 0.421997 0.251541
vt 0.430676 0.215751
vt 0.420643 0.167059
vt 0.405895 0.150968
vt 0.415299 0.169130
vt 0.186749 0.311792
vt 0.214057 0.311039
vt 0.208763 0.301412
vt 0.187445 0.322828
vt 0.182473 0.230848
vt 0.227771 0.248563
vt 0.196448 0.220214
vt 0.219522 0.254327
vt 0.287735 0.426647
vt 0.285322 0.408605
vt 0.250315 0.412642
vt 0.220117 0.411042
vt 0.188254 0.401548
vt 0.154161 0.382881
vt 0.122601 0.357619
vt 0.107156 0.338062
vt 0.091830 0.308474
vt 0.083020 0.273481
vt 0.081338 0.223024
vt 0.089595 0.179077
vt 0.110811 0.139066
vt 0.142873 0.109469
vt 0.178765 0.088736
vt 0.225900 0.075273
vt 0.274648 0.074562
vt 0.315562 0.084652
vt 0.355233 0.103983
vt 0.390859 0.131125
vt 0.181304 0.341360
vt 0.175057 0.348953
vt 0.192144 0.388008
vt 0.107907 0.317627
vt 0.108812 0.307534
vt 0.112778 0.336494
vt 0.109284 0.327358
vt 0.126295 0.351744
vt 0.118659 0.344943
vt 0.146318 0.358452
vt 0.136082 0.356410
vt 0.113027 0.297952
vt 0.115021 0.167063
vt 0.124776 0.152822
vt 0.131752 0.132029
vt 0.152473 0.138724
vt 0.165467 0.138153
vt 0.172165 0.120173
vt 0.149059 0.125667
vt 0.101282 0.246820
vt 0.151454 0.235937
vt 0.136658 0.232018
vt 0.145526 0.279569
vt 0.203258 0.162058
vt 0.208629 0.177843
vt 0.250159 0.182987
vt 0.204490 0.207295
vt 0.247499 0.194213
vt 0.209013 0.192736
vt 0.247475 0.205347
vt 0.368061 0.211720
vt 0.374470 0.175067
vt 0.333135 0.194315
vt 0.166577 0.354430
vt 0.156902 0.357955
vt 0.167424 0.235876
vt 0.167867 0.285747
vt 0.208488 0.270767
vt 0.212802 0.261853
vt 0.236910 0.244959
vt 0.250744 0.215849
vt 0.205830 0.280352
vt 0.176251 0.292108
vt 0.110442 0.181498
vt 0.110628 0.196466
vt 0.412191 0.304873
vt 0.418282 0.281122
vt 0.358594 0.365813
vt 0.381729 0.351007
vt 0.400485 0.327897
vt 0.333656 0.370435
vt 0.312631 0.356530
vt 0.309090 0.360731
vt 0.418323 0.254123
vt 0.411971 0.224995
vt 0.408971 0.229256
vt 0.393321 0.211751
vt 0.391546 0.216891
vt 0.367855 0.216910
vt 0.317625 0.277025
vt 0.314527 0.275913
vt 0.304286 0.306913
vt 0.307996 0.305916
vt 0.301209 0.335910
vt 0.305289 0.333037
vt 0.347876 0.230342
vt 0.346924 0.226059
vt 0.326096 0.251319
vt 0.328525 0.253847
vt 0.386182 0.305978
vt 0.343241 0.328901
vt 0.382624 0.256538
vt 0.342046 0.277845
vt 0.240484 0.483758
vt 0.236263 0.508635
vt 0.256621 0.509532
vt 0.204315 0.506117
vt 0.126960 0.465559
vt 0.067122 0.442633
vt 0.094436 0.455267
vt 0.851453 0.797157
vt 0.860328 0.812294
vt 0.881240 0.793172
vt 0.871220 0.778982
vt 0.890161 0.759897
vt 0.900088 0.772605
vt 0.919085 0.748611
vt 0.907868 0.736050
vt 0.924701 0.711993
vt 0.935746 0.723787
vt 0.950213 0.699584
vt 0.939239 0.689005
vt 0.953437 0.666241
vt 0.963000 0.673542
vt 0.974728 0.638044
vt 0.963288 0.632578
vt 0.405754 0.467443
vt 0.430303 0.471866
vt 0.416469 0.442560
vt 0.413688 0.523197
vt 0.397467 0.494308
vt 0.405243 0.574670
vt 0.409293 0.548819
vt 0.386433 0.549806
vt 0.383696 0.578446
vt 0.405767 0.632068
vt 0.382897 0.608038
vt 0.411741 0.689232
vt 0.388732 0.667353
vt 0.433001 0.743208
vt 0.404150 0.724411
vt 0.466753 0.793980
vt 0.432784 0.779891
vt 0.514460 0.836202
vt 0.476993 0.830190
vt 0.503732 0.851561
vt 0.533686 0.867413
vt 0.632622 0.873978
vt 0.570871 0.863091
vt 0.597787 0.887659
vt 0.630878 0.892270
vt 0.663226 0.891417
vt 0.695351 0.870239
vt 0.695018 0.888446
vt 0.725471 0.881320
vt 0.753665 0.854219
vt 0.754919 0.872550
vt 0.783249 0.860746
vt 0.804728 0.830145
vt 0.810264 0.847337
vt 0.836329 0.831047
vt 0.828548 0.814225
vt 0.859200 0.713286
vt 0.838801 0.687221
vt 0.823802 0.708629
vt 0.842984 0.735489
vt 0.887515 0.667348
vt 0.865624 0.638095
vt 0.852400 0.663593
vt 0.873612 0.690520
vt 0.839309 0.605230
vt 0.871796 0.600571
vt 0.488473 0.428228
vt 0.491723 0.471124
vt 0.526421 0.469632
vt 0.524998 0.421882
vt 0.483502 0.520726
vt 0.513731 0.520781
vt 0.543636 0.521350
vt 0.507674 0.549518
vt 0.538453 0.549331
vt 0.513286 0.578511
vt 0.470672 0.574514
vt 0.461611 0.624790
vt 0.490263 0.626042
vt 0.460398 0.671067
vt 0.498786 0.676336
vt 0.475714 0.721132
vt 0.494664 0.715983
vt 0.498395 0.762520
vt 0.526774 0.770316
vt 0.513012 0.746229
vt 0.539442 0.800945
vt 0.546765 0.789770
vt 0.587629 0.823203
vt 0.573523 0.801362
vt 0.638054 0.829224
vt 0.636427 0.814480
vt 0.695544 0.822485
vt 0.681958 0.808929
vt 0.743408 0.807632
vt 0.725990 0.777563
vt 0.788439 0.783291
vt 0.772337 0.761434
vt 0.824281 0.755594
vt 0.806726 0.728616
vt 0.790173 0.744950
vt 0.807123 0.770389
vt 0.548424 0.787605
vt 0.529075 0.768993
vt 0.515833 0.745393
vt 0.541878 0.611687
vt 0.516177 0.642404
vt 0.535502 0.634573
vt 0.574118 0.798626
vt 0.602470 0.804386
vt 0.601724 0.800995
vt 0.710037 0.736380
vt 0.694028 0.733722
vt 0.686083 0.748127
vt 0.630753 0.798296
vt 0.668464 0.795650
vt 0.656483 0.782595
vt 0.506301 0.714999
vt 0.509934 0.715097
vt 0.513884 0.684846
vt 0.510422 0.682754
vt 0.691022 0.768477
vt 0.676322 0.761680
vt 0.528275 0.652219
vt 0.525366 0.649512
vt 0.549134 0.624221
vt 0.555982 0.634511
vt 0.576417 0.618793
vt 0.573142 0.607154
vt 0.573259 0.603171
vt 0.547348 0.621268
vt 0.703541 0.705119
vt 0.718373 0.704470
vt 0.597715 0.599987
vt 0.598793 0.596248
vt 0.714487 0.671309
vt 0.702909 0.676541
vt 0.703766 0.647065
vt 0.688386 0.626396
vt 0.681591 0.632119
vt 0.694990 0.652933
vt 0.663339 0.615778
vt 0.668532 0.609402
vt 0.648304 0.596077
vt 0.644127 0.604252
vt 0.623216 0.597632
vt 0.627266 0.587675
vt 0.622245 0.600532
vt 0.305429 0.525893
vt 0.290153 0.528560
vt 0.293704 0.552367
vt 0.310583 0.543199
vt 0.267093 0.557635
vt 0.272240 0.532360
vt 0.251808 0.533156
vt 0.247225 0.557063
vt 0.232344 0.532607
vt 0.201387 0.529758
vt 0.199204 0.552430
vt 0.228429 0.555992
vt 0.170025 0.524833
vt 0.123937 0.515131
vt 0.122846 0.538290
vt 0.169086 0.547630
vt 0.089791 0.508698
vt 0.124961 0.490296
vt 0.091640 0.481071
vt 0.064722 0.473441
vt 0.042303 0.467799
vt 0.038105 0.498828
vt 0.061605 0.503705
vt 0.262844 0.592926
vt 0.242638 0.590030
vt 0.037053 0.526209
vt 0.061347 0.528767
vt 0.513041 0.383614
vt 0.481054 0.393219
vt 0.574721 0.590330
vt 0.566086 0.566818
vt 0.730927 0.589669
vt 0.693771 0.561765
vt 0.695028 0.618152
vt 0.631035 0.578436
vt 0.650573 0.542738
vt 0.606259 0.566916
vt 0.761922 0.618588
vt 0.750946 0.639162
vt 0.777328 0.660700
vt 0.789341 0.639986
vt 0.558587 0.469582
vt 0.567499 0.520567
vt 0.750705 0.546535
vt 0.740601 0.569406
vt 0.774952 0.595402
vt 0.786615 0.574112
vt 0.655992 0.523522
vt 0.701963 0.542540
vt 0.709007 0.521289
vt 0.658645 0.502287
vt 0.827835 0.635641
vt 0.812157 0.592080
vt 0.801969 0.615392
vt 0.588526 0.478259
vt 0.612011 0.448595
vt 0.762321 0.524464
vt 0.718922 0.501340
vt 0.609939 0.486864
vt 0.662980 0.474615
vt 0.816250 0.573357
vt 0.797885 0.555988
vt 0.776792 0.482730
vt 0.737943 0.463899
vt 0.790402 0.439428
vt 0.751205 0.426947
vt 0.803594 0.448180
vt 0.823124 0.433680
vt 0.356027 0.630079
vt 0.323956 0.639595
vt 0.354335 0.641393
vt 0.326125 0.630300
vt 0.950318 0.545592
vt 0.936165 0.559733
vt 0.952957 0.567999
vt 0.864436 0.586505
vt 0.837537 0.584009
vt 0.560740 0.356433
vt 0.540014 0.373737
vt 0.562660 0.414053
vt 0.593041 0.385886
vt 0.640372 0.416485
vt 0.686207 0.440955
vt 0.798444 0.184387
vt 0.759230 0.163875
vt 0.683670 0.337285
vt 0.727913 0.359983
vt 0.717079 0.139026
vt 0.637673 0.309912
vt 0.769368 0.376808
vt 0.836362 0.198371
vt 0.808265 0.387652
vt 0.874672 0.208943
vt 0.852093 0.396463
vt 0.913759 0.217237
vt 0.887039 0.402272
vt 0.951424 0.225084
vt 0.299252 0.824940
vt 0.335981 0.831380
vt 0.922998 0.410410
vt 0.988364 0.235569
vt 0.286471 0.636951
vt 0.265260 0.817069
vt 0.223506 0.587603
vt 0.218127 0.627424
vt 0.052412 0.801458
vt 0.105752 0.796768
vt 0.117658 0.616282
vt 0.059884 0.612633
vt 0.008940 0.611357
vt 0.004975 0.804953
vt 0.028012 0.803787
vt 0.034378 0.611812
vt 0.598921 0.289898
vt 0.678884 0.117833
vt 0.233164 0.808828
vt 0.225036 0.840597
vt 0.260180 0.839663
vt 0.203260 0.802258
vt 0.198228 0.833628
vt 0.148848 0.796175
vt 0.106757 0.830781
vt 0.147646 0.828495
vt 0.054287 0.827130
vt 0.009242 0.836116
vt 0.730201 0.117129
vt 0.694986 0.093689
vt 0.811482 0.154896
vt 0.770727 0.145131
vt 0.845900 0.169237
vt 0.881965 0.178181
vt 0.918648 0.194375
vt 0.955829 0.199482
vt 0.293748 0.850868
vt 0.328746 0.860962
vt 0.993488 0.206531
vt 0.253681 0.860887
vt 0.216684 0.867922
vt 0.193042 0.861543
vt 0.168934 0.829390
vt 0.165852 0.857250
vt 0.109954 0.860111
vt 0.146407 0.856755
vt 0.058673 0.852105
vt 0.063992 0.872596
vt 0.015533 0.863458
vt 0.023765 0.888370
vt 0.744585 0.097388
vt 0.759530 0.081393
vt 0.731720 0.054201
vt 0.712849 0.072266
vt 0.794350 0.111839
vt 0.783431 0.127240
vt 0.823944 0.130767
vt 0.854743 0.145113
vt 0.887478 0.151787
vt 0.921486 0.172206
vt 0.922458 0.154864
vt 0.958036 0.174669
vt 0.958721 0.155115
vt 0.318368 0.889279
vt 0.285948 0.875102
vt 0.277559 0.894097
vt 0.307464 0.910467
vt 0.995306 0.176889
vt 0.993974 0.153305
vt 0.246411 0.878892
vt 0.238535 0.896419
vt 0.208067 0.892991
vt 0.230164 0.912920
vt 0.146532 0.905222
vt 0.145919 0.882064
vt 0.113131 0.886524
vt 0.117135 0.911859
vt 0.077984 0.909305
vt 0.087569 0.926239
vt 0.047082 0.931002
vt 0.062148 0.948777
vt 0.791664 0.017026
vt 0.771008 0.026617
vt 0.791240 0.055937
vt 0.808523 0.046367
vt 0.849834 0.089815
vt 0.829332 0.072038
vt 0.817142 0.084527
vt 0.836396 0.109812
vt 0.869961 0.100018
vt 0.862648 0.123024
vt 0.892311 0.127733
vt 0.895397 0.104267
vt 0.923303 0.120060
vt 0.922872 0.101637
vt 0.922791 0.137674
vt 0.957794 0.135594
vt 0.954646 0.115576
vt 0.294047 0.930365
vt 0.267672 0.912262
vt 0.256145 0.929908
vt 0.277698 0.949418
vt 0.990330 0.129952
vt 0.983666 0.106280
vt 0.204077 0.953339
vt 0.220044 0.929583
vt 0.198685 0.916328
vt 0.188203 0.940221
vt 0.179968 0.908724
vt 0.168579 0.931418
vt 0.160262 0.904583
vt 0.147302 0.931880
vt 0.124793 0.936374
vt 0.105534 0.947774
vt 0.086421 0.969553
vt 0.821677 0.008125
vt 0.832811 0.034964
vt 0.847445 0.052813
vt 0.863689 0.065380
vt 0.879608 0.071759
vt 0.899272 0.073533
vt 0.923456 0.066452
vt 0.949012 0.095158
vt 0.223361 0.986638
vt 0.258774 0.965749
vt 0.242083 0.946886
vt 0.216666 0.967794
vt 0.973492 0.083958
vt 0.950007 0.050589
vt 0.178733 0.959294
vt 0.164106 0.952554
vt 0.148494 0.953958
vt 0.132486 0.964943
vt 0.120055 0.986808
vt 0.859319 0.005653
vt 0.862762 0.031054
vt 0.875524 0.046391
vt 0.886036 0.051792
vt 0.900248 0.054901
vt 0.913727 0.046312
vt 0.195486 0.994328
vt 0.189015 0.974229
vt 0.929255 0.031858
vt 0.160775 0.966618
vt 0.157995 0.996416
vt 0.890435 0.036161
vt 0.896995 0.013892
vt 0.707411 0.405222
vt 0.663421 0.380653
vt 0.616955 0.349296
vt 0.581537 0.326868
vt 0.283267 0.597618
vt 0.293532 0.613255
vt 0.918968 0.420043
vt 0.880069 0.419900
vt 0.842972 0.426369
vt 0.308098 0.624067
vt 0.282939 0.566253
vt 0.279720 0.582016
vt 0.573209 0.545843
vt 0.602835 0.584180
vt 0.591868 0.522909
vt 0.651661 0.587763
vt 0.712337 0.636761
vt 0.738024 0.658618
vt 0.673949 0.601053
vt 0.749566 0.701103
vt 0.708589 0.772890
vt 0.729099 0.738308
vt 0.756913 0.739371
vt 0.772253 0.720885
vt 0.839355 0.777407
vt 0.858971 0.758242
vt 0.876425 0.736936
vt 0.892094 0.714016
vt 0.933006 0.647725
vt 0.916729 0.629484
vt 0.901511 0.647461
vt 0.920006 0.669054
vt 0.449449 0.521419
vt 0.461174 0.472044
vt 0.443098 0.547468
vt 0.433819 0.628711
vt 0.437940 0.574951
vt 0.436228 0.680328
vt 0.454690 0.732281
vt 0.482943 0.778281
vt 0.527268 0.818460
vt 0.578467 0.844367
vt 0.634218 0.854300
vt 0.694749 0.850272
vt 0.750371 0.831877
vt 0.797959 0.807658
vt 0.819424 0.793502
vt 0.466460 0.448880
vt 0.046642 0.403896
vt 0.313689 0.499548
vt 0.293290 0.510170
vt 0.308965 0.510467
vt 0.948476 0.593920
vt 0.961529 0.582764
vt 0.941383 0.576549
vt 0.785166 0.528512
vt 0.781370 0.501423
vt 0.788600 0.468823
vt 0.089927 0.570611
vt 0.120732 0.574153
vt 0.090105 0.533627
vt 0.537936 0.762363
vt 0.554716 0.778172
vt 0.526393 0.741735
vt 0.537833 0.637318
vt 0.545911 0.645728
vt 0.576778 0.787793
vt 0.600649 0.789831
vt 0.671955 0.759904
vt 0.681449 0.746852
vt 0.671149 0.741780
vt 0.662405 0.753059
vt 0.623722 0.784015
vt 0.628580 0.794275
vt 0.652974 0.778871
vt 0.645363 0.770320
vt 0.520967 0.715287
vt 0.524817 0.688755
vt 0.537754 0.658803
vt 0.678071 0.729485
vt 0.689356 0.732904
vt 0.699165 0.705298
vt 0.687187 0.704532
vt 0.597577 0.611560
vt 0.699509 0.677887
vt 0.688229 0.680453
vt 0.682894 0.659300
vt 0.692375 0.654456
vt 0.679580 0.633615
vt 0.672141 0.640095
vt 0.656462 0.625285
vt 0.661852 0.617607
vt 0.642942 0.606633
vt 0.638704 0.615570
vt 0.619809 0.610860
vt 0.822584 0.561086
vt 0.817085 0.571146
vt 0.837697 0.581576
vt 0.839252 0.569913
vt 0.830220 0.446605
vt 0.824183 0.435946
vt 0.805396 0.450236
vt 0.814760 0.459610
vt 0.329129 0.615593
vt 0.326586 0.627835
vt 0.355913 0.627725
vt 0.353944 0.615751
vt 0.927203 0.548298
vt 0.934708 0.557751
vt 0.948691 0.543868
vt 0.939647 0.535468
vt 0.864031 0.584136
vt 0.861985 0.572339
vt 0.917102 0.432527
vt 0.918764 0.422133
vt 0.880164 0.422105
vt 0.881179 0.433091
vt 0.843394 0.428630
vt 0.846813 0.439494
vt 0.304636 0.603899
vt 0.295334 0.611656
vt 0.309258 0.621948
vt 0.315099 0.611308
vt 0.296965 0.593401
vt 0.285502 0.596812
vt 0.304711 0.561967
vt 0.295522 0.553967
vt 0.285311 0.567165
vt 0.296011 0.572711
vt 0.294050 0.583103
vt 0.282150 0.582046
vt 0.896957 0.565273
vt 0.902673 0.575749
vt 0.809771 0.548822
vt 0.799610 0.554174
vt 0.801808 0.525896
vt 0.787993 0.527960
vt 0.799283 0.504825
vt 0.784546 0.501960
vt 0.804796 0.476200
vt 0.791390 0.470338
vt 0.318642 0.553635
vt 0.311590 0.545037
vt 0.607202 0.697759
vt 0.880614 0.497173
vt 0.942108 0.440262
vt 0.954572 0.451230
vt 0.962035 0.463978
vt 0.963843 0.479391
vt 0.957875 0.506430
vt 0.949796 0.521552
vt 0.962530 0.493134
vt 0.123028 0.222392
vt 0.137429 0.143627
vt 0.204102 0.116649
vt 0.180613 0.141997
vt 0.194780 0.218778
vt 0.181470 0.228937
vt 0.202585 0.206392
vt 0.206844 0.192498
vt 0.206492 0.178329
vt 0.201351 0.163315
vt 0.192081 0.152519
vt 0.193646 0.150986
vt 0.179571 0.143976
vt 0.165194 0.140324
vt 0.152720 0.140887
vt 0.138377 0.145588
vt 0.126358 0.154360
vt 0.116999 0.167937
vt 0.112636 0.181770
vt 0.112751 0.196061
vt 0.114532 0.210198
vt 0.116523 0.209198
vt 0.124654 0.220814
vt 0.137611 0.230019
vt 0.151789 0.233838
vt 0.167046 0.233757
vt 0.903628 0.577957
vt 0.043988 0.376722
vt 0.391165 0.521974
vt 0.447501 0.431488
vt 0.428469 0.423402
vt 0.384627 0.638343
vt 0.394871 0.696816
vt 0.415954 0.751886
vt 0.452358 0.807016
vt 0.564953 0.880508
vt 0.263294 0.165854
vt 0.255640 0.173490
vt 0.171348 0.500310
vt 0.166417 0.579991
vt 0.162934 0.620471
vt 0.191822 0.623990
vt 0.196012 0.584101
vt 0.182570 0.301245
vt 0.206110 0.290947
vt 0.157202 0.280797
vt 0.135756 0.281023
vt 0.323294 0.224925
vt 0.325475 0.226701
vt 0.330982 0.216804
vt 0.328368 0.215731
vt 0.333492 0.205652
vt 0.330749 0.205256
vt 0.330410 0.194707
vt 0.329816 0.183380
vt 0.327289 0.184394
vt 0.323989 0.173460
vt 0.321822 0.175133
vt 0.315515 0.165374
vt 0.313926 0.167598
vt 0.305378 0.159714
vt 0.304459 0.162317
vt 0.294441 0.156975
vt 0.294232 0.159749
vt 0.282929 0.157101
vt 0.283540 0.159870
vt 0.272331 0.160474
vt 0.273652 0.162934
vt 0.265011 0.168094
vt 0.257842 0.175281
vt 0.252723 0.184158
vt 0.250244 0.194598
vt 0.250294 0.204927
vt 0.253323 0.214942
vt 0.256008 0.225463
vt 0.258425 0.223951
vt 0.264845 0.233499
vt 0.266550 0.231475
vt 0.275341 0.239506
vt 0.276212 0.236993
vt 0.286964 0.242804
vt 0.286971 0.240035
vt 0.298097 0.243191
vt 0.297385 0.240333
vt 0.308412 0.240249
vt 0.307265 0.237626
vt 0.317896 0.234924
vt 0.316102 0.232613
vt 0.282106 0.309713
vt 0.284305 0.311351
vt 0.289518 0.302216
vt 0.286874 0.301220
vt 0.291907 0.291861
vt 0.289164 0.291568
vt 0.292246 0.281745
vt 0.289346 0.282065
vt 0.289404 0.271861
vt 0.286762 0.272757
vt 0.284797 0.262988
vt 0.282329 0.264374
vt 0.277276 0.255261
vt 0.275324 0.257112
vt 0.268103 0.249139
vt 0.266896 0.251487
vt 0.257626 0.245075
vt 0.257227 0.247734
vt 0.247092 0.243351
vt 0.247400 0.246228
vt 0.237868 0.247614
vt 0.229135 0.250977
vt 0.221391 0.256416
vt 0.215198 0.263405
vt 0.211007 0.271869
vt 0.208604 0.280928
vt 0.208849 0.290829
vt 0.211312 0.300456
vt 0.216207 0.309379
vt 0.221057 0.318912
vt 0.222712 0.316663
vt 0.229889 0.324421
vt 0.230937 0.321945
vt 0.238981 0.328221
vt 0.239592 0.325480
vt 0.249048 0.329443
vt 0.249049 0.326664
vt 0.259010 0.328386
vt 0.258367 0.325657
vt 0.268476 0.324597
vt 0.267373 0.322156
vt 0.277347 0.319157
vt 0.275525 0.317014
vt 0.184708 0.322307
vt 0.184016 0.312198
vt 0.180216 0.302504
vt 0.174296 0.294184
vt 0.166636 0.288096
vt 0.156529 0.283392
vt 0.145637 0.282269
vt 0.136659 0.283617
vt 0.127131 0.284878
vt 0.128461 0.287228
vt 0.119005 0.290421
vt 0.120874 0.292542
vt 0.115306 0.299576
vt 0.111548 0.308288
vt 0.110661 0.317683
vt 0.111942 0.326779
vt 0.115246 0.335283
vt 0.120708 0.343190
vt 0.127808 0.349448
vt 0.136798 0.353827
vt 0.146330 0.355768
vt 0.156160 0.355280
vt 0.165134 0.352084
vt 0.173051 0.346925
vt 0.178928 0.339862
vt 0.185401 0.332747
vt 0.182858 0.331626
vt 0.250698 0.395268
vt 0.461681 0.399898
vt 0.906197 0.592753
vt 0.925670 0.583431
vt 0.933051 0.608832
vt 0.947116 0.622145
vt 0.443353 0.409358
vt 0.187231 0.211281
vt 0.176939 0.219464
vt 0.193328 0.201624
vt 0.196416 0.190892
vt 0.195945 0.180098
vt 0.191704 0.168618
vt 0.184377 0.159720
vt 0.174321 0.153440
vt 0.163326 0.150743
vt 0.153767 0.151317
vt 0.142718 0.155170
vt 0.133654 0.162148
vt 0.126409 0.172811
vt 0.123134 0.183571
vt 0.123329 0.194659
vt 0.126359 0.204705
vt 0.132764 0.213452
vt 0.142864 0.220609
vt 0.153775 0.223523
vt 0.165716 0.223275
vt 0.318767 0.211260
vt 0.315107 0.218087
vt 0.320382 0.203503
vt 0.320070 0.195687
vt 0.317622 0.188037
vt 0.313514 0.181142
vt 0.307602 0.175823
vt 0.300544 0.171954
vt 0.293014 0.170194
vt 0.285129 0.170328
vt 0.277882 0.172625
vt 0.271367 0.176649
vt 0.266032 0.182143
vt 0.262270 0.188695
vt 0.260737 0.196376
vt 0.260880 0.204028
vt 0.263166 0.211549
vt 0.267256 0.218240
vt 0.273123 0.223713
vt 0.280101 0.227610
vt 0.287858 0.229655
vt 0.295665 0.229685
vt 0.303186 0.227661
vt 0.309804 0.223828
vt 0.277207 0.297060
vt 0.273805 0.303364
vt 0.278781 0.289973
vt 0.278649 0.282840
vt 0.276643 0.275873
vt 0.273260 0.269598
vt 0.267989 0.264384
vt 0.261885 0.260316
vt 0.255020 0.257687
vt 0.247747 0.256811
vt 0.240664 0.257878
vt 0.233996 0.260278
vt 0.228310 0.264534
vt 0.223735 0.269755
vt 0.220622 0.276150
vt 0.218943 0.282968
vt 0.219290 0.290216
vt 0.221127 0.297153
vt 0.224750 0.303496
vt 0.229538 0.308808
vt 0.235596 0.312782
vt 0.242215 0.315360
vt 0.249336 0.316183
vt 0.256377 0.315398
vt 0.263092 0.312773
vt 0.269016 0.308813
vt 0.173765 0.313555
vt 0.174379 0.320725
vt 0.171006 0.306937
vt 0.166662 0.301058
vt 0.161314 0.296421
vt 0.153575 0.293121
vt 0.145611 0.292666
vt 0.139193 0.293597
vt 0.133251 0.296286
vt 0.127769 0.300493
vt 0.123957 0.305625
vt 0.121517 0.311582
vt 0.121151 0.318204
vt 0.122110 0.324787
vt 0.124654 0.330903
vt 0.128641 0.336726
vt 0.133800 0.341090
vt 0.140229 0.344283
vt 0.146945 0.345679
vt 0.153969 0.345222
vt 0.160349 0.342856
vt 0.166105 0.339038
vt 0.170339 0.333730
vt 0.173272 0.327583
vt 0.159219 0.187064
vt 0.290421 0.199992
vt 0.248733 0.286455
vt 0.147083 0.319382
vt 0.335251 0.137802
vt 0.244279 0.113365
vt 0.259998 0.633469
vt 0.423991 0.192011
vt 0.977218 0.618121
vt 0.967222 0.599395
vt 0.977508 0.599382
vt 0.975567 0.584930
vt 0.971235 0.574431
vt 0.324419 0.448019
vt 0.332694 0.461269
vt 0.348147 0.430501
vt 0.910621 0.613331
vt 0.324450 0.487188
vt 0.277056 0.509966
vt 0.358822 0.456554
vt 0.340408 0.472299
vt 0.476459 0.548622
vt 0.963761 0.560070
vt 0.026487 0.377264
vt 0.027775 0.402640
vt 0.045935 0.433499
vt 0.061153 0.568190
vt 0.035703 0.566700
vt 0.172486 0.797533
vt 0.010253 0.565827
vt 0.187197 0.886306
vt 0.162914 0.882366
vt 0.070137 0.892552
vt 0.035798 0.912422
vt 0.752635 0.038020
vt 0.775842 0.066764
vt 0.806373 0.097190
vt 0.787360 0.702273
vt 0.801711 0.682386
vt 0.815359 0.661753
vt 0.884693 0.622927
vt 0.906483 0.690275
vt 0.764363 0.680660
vt 0.066844 0.362663
vt 0.400835 0.171462
vt 0.408701 0.202248
vt 0.013721 0.493479
vt 0.020221 0.462226
vt 0.011506 0.524267
vt 0.025829 0.426082
vt 0.277196 0.115488
vt 0.305048 0.122245
s 1
usemtl VstController_250406
f 1/1/1 3/2/2 2/3/3
f 4/4/4 6/5/5 5/6/6
f 7/7/7 10/8/8 9/9/9
f 9/9/10 8/10/11 7/7/7
f 11/11/12 13/12/13 12/13/14
f 14/14/15 17/15/16 16/16/17
f 16/16/18 15/17/19 14/14/20
f 14/14/21 20/18/22 19/19/23
f 19/19/24 18/20/25 14/14/20
f 23/21/26 22/22/27 21/23/28
f 21/23/28 24/24/29 23/21/26
f 22/22/27 23/21/30 25/25/31
f 26/26/32 25/25/33 28/27/34
f 28/27/35 27/28/36 26/26/32
f 29/29/37 31/30/38 30/31/39
f 33/32/40 32/33/41 35/34/42
f 35/34/42 34/35/43 33/32/44
f 36/36/45 38/37/46 37/38/47
f 39/39/48 41/40/49 40/41/50
f 42/42/51 45/43/52 44/44/53
f 44/44/53 43/45/54 42/42/55
f 47/46/56 46/47/57 49/48/58
f 49/48/58 48/49/59 47/46/56
f 51/50/60 50/51/61 53/52/62
f 53/52/63 52/53/64 51/50/60
f 55/54/65 54/55/66 57/56/67
f 57/56/67 56/57/68 55/54/65
f 59/58/69 58/59/70 61/60/71
f 61/60/71 60/61/72 59/58/69
f 63/62/73 62/63/74 65/64/75
f 65/64/76 64/65/77 63/62/78
f 67/66/79 66/67/80 69/68/81
f 69/68/82 68/69/83 67/66/84
f 71/70/85 70/71/86 73/72/87
f 73/72/88 72/73/89 71/70/90
f 75/74/91 74/75/92 77/76/93
f 77/76/93 76/77/94 75/74/91
f 79/78/95 78/79/96 81/80/97
f 81/80/97 80/81/98 79/78/99
f 82/82/100 84/83/101 83/84/102
f 3/2/103 85/85/104 86/86/105
f 86/86/105 6/5/106 3/2/103
f 6/5/107 86/86/105 87/87/108
f 87/87/108 10/8/109 6/5/106
f 87/87/110 88/88/111 9/9/112
f 13/12/113 88/88/114 89/89/115
f 90/90/116 92/91/117 91/92/118
f 94/93/119 93/94/120 19/19/121
f 19/19/122 95/95/123 94/93/119
f 23/21/30 24/24/29 96/96/124
f 96/96/124 97/97/125 23/21/30
f 28/27/126 23/21/30 98/98/127
f 98/98/127 99/99/128 101/100/129
f 101/100/129 100/101/130 98/98/127
f 102/102/131 105/103/132 104/104/133
f 104/104/134 103/105/135 102/102/131
f 106/106/136 109/107/137 108/108/138
f 108/108/139 107/109/140 106/106/136
f 110/110/141 113/111/142 112/112/143
f 112/112/143 111/113/144 110/110/141
f 41/40/49 114/114/145 115/115/146
f 115/115/146 45/43/147 41/40/49
f 115/115/146 116/116/148 44/44/149
f 44/44/150 45/43/147 115/115/146
f 117/117/151 118/118/152 48/49/153
f 48/49/153 49/48/154 117/117/151
f 53/52/63 120/119/155 119/120/156
f 119/120/156 52/53/157 53/52/63
f 121/121/158 122/122/159 56/57/160
f 56/57/161 57/56/162 121/121/158
f 123/123/163 124/124/164 60/61/165
f 60/61/166 61/60/167 123/123/163
f 125/125/168 126/126/169 64/65/170
f 64/65/170 65/64/171 125/125/172
f 127/127/173 128/128/174 68/69/175
f 68/69/175 69/68/176 127/127/177
f 129/129/178 130/130/179 72/73/180
f 72/73/180 73/72/181 129/129/182
f 131/131/183 132/132/184 76/77/185
f 76/77/185 77/76/186 131/131/187
f 133/133/188 84/83/189 80/81/190
f 80/81/191 134/134/192 133/133/188
f 133/133/188 85/85/193 3/2/103
f 3/2/103 84/83/194 133/133/188
f 135/135/195 86/86/105 136/136/196
f 137/137/197 88/88/114 138/138/198
f 86/86/199 139/139/200 87/87/110
f 139/139/200 86/86/105 135/135/201
f 140/140/202 141/141/203 137/137/197
f 90/90/204 141/141/205 92/91/117
f 88/88/114 141/141/206 90/90/207
f 142/142/208 85/85/209 143/143/210
f 144/144/211 132/132/184 146/145/212
f 146/145/212 145/146/213 144/144/211
f 147/147/214 149/148/215 148/149/216
f 149/148/215 147/147/217 150/150/218
f 151/151/219 153/152/220 152/153/221
f 153/152/222 151/151/223 154/154/224
f 155/155/225 156/156/226 95/95/227
f 94/93/119 157/157/228 158/158/229
f 158/158/229 96/96/230 94/93/231
f 97/97/125 159/159/232 99/99/128
f 99/99/128 160/160/233 101/100/129
f 102/102/131 162/161/234 161/162/235
f 161/162/235 105/103/132 102/102/236
f 163/163/237 164/164/238 109/107/239
f 164/164/238 165/165/240 113/111/241
f 115/115/242 114/114/243 165/165/244
f 165/165/240 166/166/245 115/115/242
f 166/166/245 167/167/246 116/116/247
f 167/167/248 168/168/249 118/118/250
f 168/168/249 169/169/251 119/120/252
f 169/169/253 170/170/254 122/122/255
f 170/170/254 171/171/256 124/124/257
f 171/171/256 172/172/258 126/126/259
f 172/172/258 173/173/260 128/128/174
f 173/173/260 174/174/261 130/130/262
f 175/175/263 177/176/264 176/177/265
f 163/163/266 179/178/267 178/179/268
f 161/162/269 181/180/270 180/181/271
f 162/161/272 183/182/273 182/183/274
f 160/160/233 185/184/275 184/185/276
f 163/163/266 186/186/277 164/164/238
f 166/166/245 187/187/278 167/167/248
f 167/167/248 189/188/279 188/189/280
f 191/190/281 190/191/282 193/192/283
f 193/192/284 192/193/285 191/190/281
f 168/168/286 193/192/284 169/169/287
f 165/165/240 194/194/288 166/166/289
f 195/195/290 197/196/291 196/197/292
f 198/198/293 200/199/294 199/200/295
f 201/201/296 203/202/297 202/203/298
f 203/202/297 201/201/296 204/204/299
f 205/205/300 207/206/301 206/207/302
f 138/138/198 87/87/110 139/139/200
f 136/136/196 86/86/105 85/85/209
f 136/136/196 85/85/303 142/142/208
f 138/138/198 88/88/114 87/87/110
f 160/160/233 209/208/304 208/209/305
f 195/195/306 196/197/292 210/210/307
f 210/210/307 212/211/308 211/212/309
f 210/210/307 211/212/310 213/213/311
f 214/214/312 215/215/313 201/201/296
f 212/211/314 216/216/315 211/212/309
f 216/216/315 212/211/308 217/217/316
f 167/167/248 187/187/278 189/188/279
f 166/166/245 218/218/317 187/187/278
f 166/166/245 219/219/318 218/218/319
f 164/164/238 194/194/288 165/165/240
f 220/220/320 135/135/201 136/136/321
f 136/136/321 221/221/322 220/220/323
f 222/222/324 137/137/197 138/138/198
f 138/138/198 223/223/325 222/222/326
f 139/139/327 135/135/201 220/220/320
f 220/220/323 224/224/328 139/139/200
f 225/225/329 140/140/202 137/137/197
f 137/137/197 222/222/324 225/225/330
f 227/226/331 226/227/332 140/140/202
f 140/140/202 225/225/333 227/226/331
f 229/228/334 142/142/335 228/229/336
f 228/229/336 230/230/337 229/228/334
f 230/230/338 228/229/336 231/231/339
f 231/231/339 232/232/340 230/230/338
f 232/232/340 231/231/339 205/205/300
f 205/205/341 233/233/342 232/232/340
f 236/234/343 235/235/344 234/236/345
f 234/236/346 237/237/347 236/234/343
f 234/236/348 238/238/349 239/239/350
f 239/239/350 237/237/347 234/236/351
f 242/240/352 241/241/353 240/242/354
f 240/242/354 243/243/355 242/240/352
f 243/243/355 240/242/354 235/235/356
f 235/235/356 236/234/357 243/243/358
f 238/238/349 226/227/359 227/226/360
f 227/226/360 239/239/350 238/238/349
f 233/233/342 205/205/300 241/241/353
f 241/241/353 242/240/352 233/233/342
f 136/136/196 142/142/208 229/228/334
f 229/228/334 221/221/322 136/136/321
f 223/223/325 138/138/198 139/139/327
f 139/139/361 224/224/328 223/223/362
f 221/221/322 244/244/363 220/220/323
f 223/223/362 245/245/364 222/222/324
f 245/245/365 223/223/366 244/244/363
f 220/220/323 244/244/363 224/224/328
f 222/222/324 245/245/364 225/225/329
f 225/225/329 245/245/364 227/226/360
f 230/230/338 246/246/367 229/228/334
f 232/232/340 246/246/368 230/230/338
f 233/233/342 246/246/368 232/232/369
f 237/237/370 247/247/371 236/234/343
f 239/239/350 247/247/372 237/237/347
f 247/247/371 239/239/350 245/245/364
f 243/243/373 247/247/371 242/240/352
f 236/234/357 247/247/374 243/243/355
f 227/226/360 245/245/364 239/239/350
f 242/240/352 246/246/368 233/233/342
f 246/246/375 242/240/352 247/247/371
f 229/228/334 244/244/363 221/221/322
f 244/244/363 229/228/334 246/246/368
f 224/224/376 244/244/363 223/223/362
f 247/247/371 245/245/365 244/244/377
f 248/248/378 250/249/379 249/250/380
f 249/250/380 18/20/381 248/248/382
f 21/23/383 251/251/384 250/249/385
f 250/249/385 248/248/378 21/23/383
f 22/22/27 25/25/31 252/252/386
f 26/26/32 29/29/37 254/253/387
f 254/253/388 253/254/389 26/26/32
f 255/255/390 1/256/1 2/257/391
f 2/257/391 256/258/392 255/255/390
f 257/259/393 4/260/394 5/261/6
f 5/261/6 258/262/395 257/259/393
f 259/263/396 7/264/397 8/265/398
f 8/265/399 260/266/400 259/263/401
f 261/267/402 11/268/403 263/269/404
f 263/269/404 262/270/405 261/267/402
f 36/271/406 264/272/407 33/273/408
f 265/274/409 264/272/407 37/275/410
f 266/276/411 267/277/412 40/278/413
f 40/278/413 42/279/414 266/276/411
f 268/280/415 266/276/411 43/281/416
f 269/282/417 268/280/415 47/283/418
f 270/284/419 269/282/420 51/285/60
f 271/286/421 270/284/422 55/287/423
f 272/288/424 271/286/425 59/289/426
f 272/288/427 62/290/428 63/291/429
f 273/292/430 274/293/431 67/294/432
f 273/292/433 70/295/434 71/296/85
f 275/297/435 74/298/436 75/299/437
f 276/300/438 78/301/439 79/302/440
f 277/303/441 82/304/442 83/305/443
f 83/305/443 278/306/444 277/303/441
f 279/307/445 282/308/446 281/309/447
f 281/309/447 280/310/448 279/307/449
f 283/311/450 286/312/451 285/313/452
f 285/313/452 284/314/453 283/311/450
f 287/315/454 286/312/451 288/316/455
f 290/317/456 289/318/457 292/319/458
f 292/319/459 291/320/460 290/317/456
f 289/318/457 293/321/461 294/322/462
f 294/322/462 292/319/459 289/318/457
f 295/323/463 294/322/464 297/324/465
f 297/324/465 296/325/466 295/323/463
f 298/326/467 301/327/468 300/328/469
f 300/328/469 299/329/470 298/326/467
f 302/330/471 303/331/472 299/329/470
f 305/332/473 304/333/474 303/331/475
f 303/331/475 302/330/471 305/332/473
f 306/334/476 308/335/477 307/336/478
f 309/337/479 310/338/480 308/335/481
f 311/339/482 312/340/483 309/337/484
f 313/341/485 314/342/486 311/339/482
f 315/343/487 316/344/488 313/341/485
f 317/345/489 318/346/490 315/343/491
f 319/347/492 320/348/493 317/345/494
f 321/349/495 324/350/496 323/351/497
f 323/351/498 322/352/499 321/349/495
f 310/338/480 326/353/500 325/354/501
f 325/354/502 308/335/481 310/338/480
f 308/335/503 325/354/501 327/355/504
f 327/355/505 307/336/506 308/335/503
f 328/356/507 330/357/508 329/358/509
f 326/353/500 310/338/480 312/340/483
f 312/340/483 331/359/510 326/353/500
f 312/340/483 333/360/511 332/361/512
f 332/361/513 331/359/510 312/340/483
f 334/362/514 336/363/515 335/364/516
f 337/365/517 314/342/486 339/366/518
f 339/366/518 338/367/519 337/365/520
f 342/368/521 341/369/522 340/370/523
f 340/370/524 343/371/525 342/368/526
f 307/336/506 327/355/505 341/369/527
f 341/369/522 342/368/521 307/336/506
f 338/367/519 339/366/518 345/372/528
f 345/372/528 344/373/529 338/367/519
f 343/371/525 340/370/524 346/374/530
f 346/374/530 347/375/531 343/371/525
f 350/376/532 349/377/533 348/378/534
f 348/378/534 351/379/535 350/376/536
f 351/379/537 353/380/538 352/381/539
f 352/381/540 350/376/541 351/379/542
f 354/382/543 336/363/544 334/362/514
f 334/362/514 355/383/545 354/382/546
f 357/384/547 356/385/548 353/380/538
f 353/380/538 351/379/542 357/384/547
f 355/383/549 358/386/550 359/387/551
f 359/387/551 354/382/546 355/383/549
f 361/388/552 360/389/553 363/390/554
f 363/390/555 362/391/556 361/388/552
f 366/392/557 365/393/558 364/394/559
f 364/394/559 367/395/560 366/392/557
f 368/396/561 367/395/562 364/394/559
f 364/394/559 369/397/563 368/396/564
f 363/390/555 360/389/553 365/393/558
f 365/393/558 366/392/557 363/390/565
f 370/398/566 368/396/564 356/385/567
f 356/385/567 357/384/568 370/398/566
f 358/386/550 361/388/569 362/391/556
f 362/391/556 359/387/570 358/386/571
f 371/399/572 374/400/573 373/401/574
f 373/401/574 372/402/575 371/399/572
f 376/403/576 375/404/577 378/405/578
f 378/405/579 377/406/580 376/403/581
f 380/407/582 379/408/583 382/409/584
f 382/409/584 381/410/585 380/407/582
f 383/411/586 386/412/587 385/413/588
f 385/413/588 384/414/589 383/411/590
f 387/415/591 386/412/592 389/416/593
f 389/416/593 388/417/594 387/415/591
f 390/418/595 393/419/596 392/420/597
f 392/420/597 391/421/598 390/418/595
f 394/422/599 376/403/581 377/406/580
f 377/406/580 395/423/600 394/422/599
f 391/421/598 392/420/597 397/424/601
f 397/424/602 396/425/603 391/421/598
f 290/317/604 291/320/460 398/426/605
f 398/426/605 399/427/606 290/317/604
f 298/326/467 401/428/607 400/429/608
f 402/430/609 404/431/610 403/432/611
f 405/433/612 407/434/613 406/435/614
f 408/436/615 411/437/616 410/438/617
f 410/438/617 409/439/618 408/436/619
f 412/440/620 295/323/463 413/441/621
f 416/442/622 415/443/623 414/444/624
f 414/444/625 417/445/626 416/442/622
f 420/446/627 419/447/628 418/448/629
f 418/448/630 421/449/631 420/446/627
f 422/450/632 287/315/633 424/451/634
f 424/451/634 423/452/635 422/450/636
f 412/440/620 426/453/637 425/454/638
f 416/442/639 428/455/640 427/456/641
f 427/456/642 418/448/643 416/442/644
f 429/457/645 421/449/646 430/458/647
f 417/445/648 424/451/649 431/459/650
f 431/459/651 432/460/652 417/445/648
f 428/455/653 434/461/654 433/462/655
f 433/462/655 427/456/656 428/455/657
f 434/461/658 435/463/659 436/464/660
f 436/464/660 433/462/655 434/461/658
f 437/465/661 438/466/662 435/463/659
f 439/467/663 441/468/664 440/469/665
f 441/468/664 439/467/663 442/470/666
f 372/471/575 444/472/667 443/473/668
f 446/474/669 445/475/670 287/315/454
f 287/315/454 288/316/455 446/474/671
f 448/476/672 447/477/673 450/478/674
f 450/478/674 449/479/675 448/476/676
f 451/480/677 425/454/678 430/458/679
f 430/458/679 452/481/680 451/480/677
f 449/479/681 450/478/682 425/454/678
f 425/454/678 451/480/677 449/479/683
f 452/481/684 430/458/685 427/456/686
f 427/456/641 433/462/655 452/481/684
f 455/482/687 454/483/688 453/484/689
f 453/484/689 456/485/690 455/482/691
f 453/484/689 454/483/692 458/486/693
f 458/486/693 457/487/694 453/484/695
f 455/482/696 456/485/690 459/488/697
f 459/488/697 460/489/698 455/482/696
f 460/489/699 459/488/700 461/490/701
f 461/490/701 462/491/702 460/489/699
f 461/490/703 464/492/704 463/493/705
f 463/493/705 462/491/706 461/490/707
f 466/494/708 465/495/709 463/493/710
f 463/493/710 464/492/711 466/494/712
f 440/469/665 441/468/664 467/496/713
f 467/496/713 468/497/714 440/469/665
f 440/498/715 468/499/716 465/495/709
f 465/495/709 466/494/712 440/498/715
f 467/496/717 441/468/718 469/500/719
f 469/500/719 470/501/720 467/496/717
f 471/502/721 472/503/722 395/423/723
f 473/504/724 476/505/725 475/506/726
f 475/506/726 474/507/727 473/504/728
f 478/508/729 477/509/730 480/510/731
f 480/510/732 479/511/733 478/508/734
f 478/512/735 457/487/694 458/486/693
f 458/486/693 477/513/730 478/512/736
f 481/514/737 483/515/738 482/516/739
f 481/514/740 484/517/741 485/518/742
f 485/518/742 483/515/743 481/514/737
f 486/519/744 476/505/725 488/520/745
f 488/520/745 487/521/746 486/519/747
f 473/504/724 489/522/748 476/505/725
f 477/509/730 490/523/749 480/510/732
f 458/486/693 491/524/750 490/525/749
f 490/525/749 477/513/730 458/486/693
f 455/482/691 493/526/751 492/527/752
f 492/527/753 454/483/688 455/482/691
f 454/483/688 492/527/753 491/524/750
f 491/524/750 458/486/754 454/483/688
f 460/489/755 494/528/756 493/526/757
f 493/526/757 455/482/696 460/489/699
f 460/489/758 462/491/702 495/529/759
f 495/529/759 494/528/760 460/489/758
f 462/491/761 463/493/705 496/530/762
f 496/530/762 495/529/763 462/491/706
f 463/493/710 465/495/764 497/531/765
f 497/531/766 496/530/767 463/493/710
f 468/497/768 467/496/713 499/532/769
f 499/532/769 498/533/770 468/497/714
f 465/495/709 468/499/771 498/534/772
f 498/534/772 497/531/773 465/495/709
f 467/496/717 470/501/720 482/516/739
f 482/516/739 499/532/774 467/496/717
f 500/535/775 483/515/738 501/536/776
f 483/515/743 485/518/742 502/537/777
f 502/537/777 501/536/778 483/515/743
f 485/518/779 503/538/780 504/539/781
f 504/539/781 502/537/777 485/518/779
f 488/520/745 506/540/782 505/541/783
f 505/541/783 487/521/746 488/520/745
f 507/542/784 508/543/785 506/540/786
f 507/542/787 509/544/788 510/545/789
f 510/545/790 508/543/791 507/542/787
f 511/546/792 512/547/793 510/548/794
f 510/548/794 509/549/795 511/546/792
f 514/550/796 513/551/797 493/526/757
f 493/526/757 515/552/798 514/550/796
f 511/546/792 513/551/799 514/550/796
f 514/550/796 512/547/800 511/546/801
f 515/552/802 493/526/757 494/528/756
f 494/528/756 516/553/803 515/552/802
f 495/529/759 517/554/804 516/553/803
f 516/553/805 494/528/760 495/529/759
f 518/555/806 519/556/807 517/554/808
f 517/554/808 495/529/809 518/555/810
f 519/556/811 518/555/812 521/557/813
f 521/557/813 520/558/814 519/556/815
f 522/559/816 525/560/817 524/561/818
f 524/561/818 523/562/819 522/559/820
f 520/558/821 521/557/813 522/563/822
f 522/563/822 523/564/823 520/558/821
f 525/560/824 500/535/825 526/565/826
f 526/565/827 524/561/828 525/560/824
f 527/566/829 529/567/830 528/568/831
f 530/569/832 533/570/833 532/571/834
f 532/571/834 531/572/835 530/569/832
f 531/572/835 532/571/836 534/573/837
f 535/574/838 534/573/839 537/575/840
f 537/575/841 536/576/842 535/574/843
f 536/577/844 537/578/841 539/579/845
f 539/579/845 538/580/846 536/577/844
f 541/581/847 540/582/848 543/583/849
f 543/583/850 542/584/851 541/581/847
f 540/582/852 538/580/853 539/579/854
f 539/579/854 543/583/850 540/582/852
f 544/585/855 547/586/856 546/587/857
f 546/587/858 545/588/859 544/585/860
f 545/588/861 546/587/862 549/589/863
f 549/589/864 548/590/865 545/588/861
f 549/589/866 550/591/867 552/592/868
f 552/592/869 551/593/870 549/589/866
f 553/594/871 556/595/872 555/596/873
f 555/596/873 554/597/874 553/594/871
f 551/593/875 552/592/876 553/598/877
f 553/598/871 554/599/874 551/593/878
f 556/595/872 527/566/879 528/568/831
f 528/568/831 555/596/880 556/595/872
f 559/600/881 558/601/882 557/602/883
f 557/602/884 560/603/885 559/600/886
f 560/603/887 557/602/884 562/604/888
f 562/604/889 561/605/890 560/603/887
f 563/606/891 530/569/892 564/607/893
f 564/607/894 530/569/892 531/572/895
f 531/572/896 565/608/897 564/607/898
f 531/572/835 535/574/899 566/609/900
f 566/609/900 565/608/897 531/572/835
f 566/609/901 535/574/902 536/576/842
f 536/576/842 567/610/903 566/609/904
f 567/611/905 536/577/844 538/580/846
f 538/580/846 568/612/906 567/611/905
f 569/613/907 540/582/848 541/581/847
f 541/581/847 570/614/908 569/613/907
f 540/582/909 569/613/907 568/612/910
f 568/612/910 538/580/853 540/582/852
f 570/614/911 541/581/912 544/585/860
f 544/585/913 571/615/914 570/614/911
f 571/615/915 544/585/860 545/588/859
f 545/588/859 572/616/916 571/615/917
f 548/590/918 573/617/919 572/616/920
f 572/616/920 545/588/859 548/590/918
f 574/618/921 573/617/919 548/590/865
f 577/619/922 576/620/923 575/621/924
f 575/621/924 578/622/925 577/619/922
f 576/623/926 577/624/922 574/618/921
f 578/622/925 575/621/927 558/601/928
f 558/601/928 559/600/886 578/622/925
f 560/603/885 579/625/929 559/600/886
f 579/625/930 560/603/885 561/605/890
f 561/605/890 580/626/931 579/625/929
f 580/626/932 561/605/890 564/607/933
f 564/607/893 581/627/934 580/626/932
f 565/608/935 581/627/936 564/607/898
f 581/627/936 565/608/937 582/628/938
f 566/609/900 582/628/939 565/608/940
f 582/628/941 566/609/901 567/610/942
f 567/610/942 583/629/943 582/628/939
f 583/630/943 567/611/944 568/612/906
f 568/612/945 584/631/946 583/630/947
f 569/613/948 570/614/949 585/632/950
f 585/632/950 584/631/951 569/613/907
f 569/613/907 584/631/946 568/612/910
f 585/632/952 570/614/949 571/615/953
f 571/615/953 586/633/954 585/632/952
f 586/633/955 571/615/953 572/616/916
f 572/616/916 587/634/956 586/633/957
f 587/634/958 572/616/920 573/617/919
f 573/617/959 588/635/960 587/634/961
f 589/636/962 577/619/922 578/622/963
f 578/622/963 590/637/964 589/636/962
f 588/635/965 573/617/959 577/624/966
f 577/624/967 589/638/962 588/635/965
f 559/600/886 590/637/968 578/622/963
f 590/637/968 592/639/969 591/640/970
f 591/640/970 589/636/962 590/637/968
f 587/634/971 588/635/972 593/641/973
f 593/641/973 586/633/954 587/634/971
f 588/635/974 589/638/962 591/642/970
f 591/642/970 593/641/973 588/635/974
f 581/627/975 582/628/976 592/639/977
f 592/639/978 580/626/932 581/627/936
f 591/640/979 592/639/977 582/628/976
f 582/628/976 583/629/980 591/640/979
f 585/632/981 586/633/954 593/641/982
f 593/641/983 584/631/951 585/632/950
f 584/631/984 593/641/983 591/642/979
f 591/642/979 583/630/980 584/631/951
f 579/625/929 580/626/932 592/639/978
f 592/639/969 590/637/968 579/625/985
f 451/480/677 452/481/986 595/643/987
f 595/643/987 594/644/988 451/480/677
f 449/479/683 451/480/677 594/644/989
f 594/644/989 596/645/990 449/479/681
f 433/462/655 436/464/660 595/643/991
f 595/643/991 452/481/684 433/462/655
f 597/646/992 448/476/672 449/479/675
f 449/479/993 596/645/994 597/646/995
f 598/647/996 394/422/997 599/648/998
f 439/649/663 466/494/712 600/650/999
f 466/494/712 439/649/663 440/498/715
f 600/650/999 464/492/711 601/651/1000
f 464/492/711 600/650/999 466/494/712
f 469/500/719 602/652/1001 599/648/998
f 603/653/1002 373/401/574 376/403/581
f 604/654/1003 394/422/599 598/647/996
f 394/422/599 604/654/1003 376/403/1004
f 306/334/476 307/336/506 304/333/1005
f 311/339/482 333/360/511 312/340/483
f 309/337/479 308/335/503 306/334/476
f 309/337/484 312/340/483 310/338/480
f 303/331/475 330/357/1006 299/329/470
f 330/357/508 328/356/507 299/329/470
f 295/323/463 605/655/1007 413/441/621
f 328/356/1008 401/428/1009 298/326/467
f 401/428/1010 606/656/1011 400/429/1012
f 607/657/1013 605/655/1014 406/435/1015
f 421/449/1016 429/457/1017 420/446/627
f 421/449/1018 418/448/643 427/456/1019
f 427/456/641 430/458/685 421/449/1018
f 407/434/1020 608/658/1021 404/431/1022
f 609/659/1023 610/660/1024 411/437/1025
f 419/447/628 415/443/1026 416/442/622
f 416/442/622 418/448/630 419/447/628
f 609/659/1027 361/388/552 610/660/1028
f 405/433/1029 369/397/563 364/394/559
f 364/394/559 608/658/1030 405/433/612
f 611/661/1031 365/393/1032 360/389/553
f 360/389/1033 403/432/611 611/661/1031
f 608/658/1021 364/394/559 365/393/1034
f 365/393/1032 611/661/1035 608/658/1021
f 609/659/1027 403/432/611 360/389/1033
f 360/389/553 361/388/552 609/659/1027
f 406/435/1015 606/656/1036 369/397/563
f 369/397/1037 405/433/1029 406/435/1015
f 608/658/1030 407/434/613 405/433/1038
f 402/430/609 403/432/1039 609/659/1023
f 355/383/549 612/662/1040 358/386/550
f 334/362/514 345/372/528 614/663/1041
f 614/663/1041 613/664/1042 334/362/514
f 612/662/1040 355/383/549 613/664/1043
f 615/665/1044 616/666/1045 612/662/1046
f 617/667/1047 255/255/390 256/258/1048
f 256/258/1049 618/668/1050 617/667/1047
f 619/669/1051 257/259/393 258/262/395
f 258/262/395 620/670/1052 619/669/1053
f 622/671/1054 621/672/1055 624/673/1056
f 624/673/1056 623/674/1057 622/671/1054
f 264/272/1058 265/274/1059 626/675/1060
f 626/675/1060 625/676/1061 264/272/1058
f 265/274/409 267/277/412 627/677/1062
f 627/677/1062 626/675/1060 265/274/1059
f 266/276/1063 268/280/415 629/678/1064
f 629/678/1065 628/679/1066 266/276/411
f 302/330/471 300/328/469 629/678/1067
f 629/678/1067 630/680/1068 302/330/1069
f 305/332/473 302/330/471 630/680/1068
f 630/680/1068 631/681/1070 305/332/473
f 306/334/476 305/332/473 631/681/1070
f 631/681/1070 632/682/1071 306/334/476
f 309/337/1072 306/334/476 632/682/1071
f 632/682/1071 633/683/1073 309/337/1074
f 311/339/1075 309/337/1076 633/683/1073
f 633/683/1073 634/684/1077 311/339/1075
f 635/685/1078 313/341/1079 311/339/482
f 311/339/1075 634/684/1077 635/685/1078
f 635/685/1080 273/292/430 275/297/1081
f 275/297/1081 636/686/1082 635/685/1083
f 636/686/1084 275/297/1081 276/300/1085
f 276/300/1085 637/687/1086 636/686/1084
f 277/303/441 638/688/1087 637/687/1086
f 637/687/1086 276/300/1085 277/303/441
f 638/688/1087 277/303/441 278/306/444
f 278/306/444 639/689/1088 638/688/1089
f 290/317/456 640/690/1090 289/318/457
f 29/29/1091 641/691/1092 254/253/387
f 642/692/1093 17/15/16 644/693/1094
f 644/693/1094 643/694/1095 642/692/1093
f 645/695/1096 647/696/1097 443/473/1098
f 443/473/1099 646/697/1100 645/695/1096
f 469/500/719 441/468/664 602/652/1101
f 435/463/659 461/490/701 459/488/700
f 459/488/1102 436/464/1103 435/463/1104
f 595/643/987 456/485/690 453/484/689
f 453/484/689 594/644/988 595/643/987
f 596/645/990 594/644/989 453/484/695
f 453/484/689 457/487/694 596/645/1105
f 436/464/1106 459/488/1107 456/485/1108
f 456/485/1108 595/643/991 436/464/1109
f 428/455/1110 432/460/652 648/698/1111
f 417/445/626 432/460/652 428/455/1112
f 428/455/1112 416/442/644 417/445/626
f 649/699/1113 428/455/653 648/698/1111
f 434/461/658 649/699/1113 650/700/1114
f 435/463/659 434/461/658 650/700/1115
f 435/463/659 650/700/1116 437/465/661
f 434/461/658 428/455/653 649/699/1113
f 438/466/662 601/651/1117 464/492/704
f 652/701/1118 651/702/1119 385/413/1120
f 385/413/1121 653/703/1122 652/701/1123
f 574/618/921 577/624/1124 573/617/1125
f 302/330/471 299/329/470 300/328/469
f 358/386/1126 612/662/1046 610/660/1028
f 247/247/371 244/244/363 246/246/368
f 654/704/1127 325/354/1128 326/353/500
f 326/353/500 655/705/1129 654/704/1130
f 656/706/1131 327/355/1132 325/354/1128
f 325/354/1128 654/704/1127 656/706/1131
f 350/376/536 658/707/1133 657/708/1134
f 657/708/1134 349/377/533 350/376/1135
f 655/705/1129 326/353/1136 331/359/1137
f 331/359/1138 659/709/1139 655/705/1129
f 659/709/1139 331/359/1137 332/361/1140
f 332/361/1140 660/710/1141 659/709/1139
f 663/711/1142 662/712/1143 661/713/1144
f 661/713/1145 664/714/1146 663/711/1142
f 667/715/1147 666/716/1148 665/717/1149
f 665/717/1149 668/718/1150 667/715/1151
f 340/370/1152 341/369/522 669/719/1153
f 669/719/1154 670/720/1155 340/370/1156
f 660/710/1157 332/361/1140 666/716/1158
f 666/716/1159 667/715/1151 660/710/1157
f 669/719/1160 341/369/1161 327/355/1162
f 327/355/1132 656/706/1131 669/719/1154
f 668/718/1163 665/717/1164 663/711/1142
f 663/711/1142 664/714/1146 668/718/1150
f 671/721/1165 346/374/1166 340/370/1152
f 340/370/1156 670/720/1155 671/721/1167
f 674/722/1168 673/723/1169 672/724/1170
f 672/724/1171 675/725/1172 674/722/1173
f 676/726/1174 357/384/1175 351/379/542
f 351/379/535 348/378/534 676/726/1174
f 675/725/1172 672/724/1171 677/727/1176
f 677/727/1177 678/728/1178 675/725/1179
f 681/729/1180 680/730/1181 679/731/1182
f 679/731/1182 682/732/1183 681/729/1180
f 685/733/1184 684/734/1185 683/735/1186
f 683/735/1186 686/736/1187 685/733/1188
f 686/736/1187 683/735/1189 370/398/1190
f 370/398/1190 687/737/1191 686/736/1187
f 682/732/1183 679/731/1192 684/734/1193
f 684/734/1185 685/733/1194 682/732/1195
f 687/737/1191 370/398/1190 357/384/1196
f 357/384/1196 676/726/1174 687/737/1191
f 678/728/1178 677/727/1197 680/730/1181
f 680/730/1181 681/729/1180 678/728/1178
f 690/738/1198 689/739/1199 688/740/1200
f 688/740/1200 691/741/1201 690/738/1198
f 694/742/1202 693/743/1203 692/744/1204
f 692/744/1205 695/745/1206 694/742/1207
f 698/746/1208 697/747/1209 696/748/1210
f 696/748/1211 699/749/1212 698/746/1213
f 702/750/1214 701/751/1215 700/752/1216
f 700/752/1216 703/753/1217 702/750/1214
f 691/741/1218 688/740/1200 704/754/1219
f 704/754/1220 705/755/1221 691/741/1218
f 699/756/1212 696/757/1222 706/758/1223
f 706/758/1224 707/759/1225 699/756/1212
f 707/759/1225 706/758/1223 708/760/1226
f 708/760/1226 709/761/1227 707/759/1225
f 712/762/1228 711/763/1229 710/764/1230
f 710/764/1230 713/765/1231 712/762/1232
f 715/766/1233 714/767/1234 711/763/1229
f 711/763/1235 712/762/1228 715/766/1233
f 718/768/1236 717/769/1237 716/770/1238
f 716/770/1239 719/771/1240 718/768/1241
f 721/772/1242 720/773/1243 714/767/1234
f 714/767/1244 715/766/1233 721/772/1242
f 719/771/1240 716/770/1239 720/773/1243
f 720/773/1245 721/772/1242 719/771/1240
f 723/774/1246 722/775/1247 701/751/1248
f 701/751/1249 702/750/1214 723/774/1246
f 713/765/1250 710/764/1251 697/747/1252
f 697/747/1253 698/746/1213 713/765/1231
f 725/776/1254 724/777/1255 689/739/1199
f 689/739/1199 690/738/1198 725/776/1254
f 727/778/1256 726/779/1257 724/777/1258
f 724/777/1255 725/776/1254 727/778/1259
f 729/780/1260 728/781/1261 726/779/1257
f 726/779/1257 727/778/1256 729/780/1260
f 731/782/1262 730/783/1263 728/781/1261
f 728/781/1264 729/780/1260 731/782/1265
f 695/745/1266 692/744/1204 730/783/1267
f 730/783/1267 731/782/1262 695/745/1206
f 709/761/1268 708/760/1226 693/743/1269
f 693/743/1269 694/742/1202 709/761/1268
f 703/784/1217 700/785/1216 717/769/1270
f 717/769/1237 718/768/1236 703/784/1271
f 705/755/1272 704/754/1219 722/775/1273
f 722/775/1247 723/774/1246 705/755/1272
f 655/705/1129 732/786/1274 654/704/1127
f 654/704/1127 732/786/1274 656/706/1131
f 657/708/1275 732/786/1274 349/377/1276
f 732/786/1274 657/708/1277 671/721/1278
f 659/709/1139 732/786/1274 655/705/1129
f 660/710/1279 732/786/1274 659/709/1280
f 661/713/1144 732/786/1274 664/714/1281
f 732/786/1274 661/713/1144 674/722/1282
f 668/718/1163 732/786/1274 667/715/1147
f 669/719/1153 732/786/1274 670/720/1155
f 667/715/1283 732/786/1274 660/710/1157
f 656/706/1131 732/786/1274 669/719/1160
f 664/714/1284 732/786/1274 668/718/1163
f 670/720/1285 732/786/1274 671/721/1278
f 349/377/1276 732/786/1274 348/378/534
f 675/725/1172 732/786/1286 674/722/1287
f 348/378/534 732/786/1274 676/726/1288
f 678/728/1289 732/786/1274 675/725/1290
f 682/732/1291 732/786/1274 681/729/1180
f 686/736/1292 732/786/1293 685/733/1188
f 687/737/1191 732/786/1286 686/736/1187
f 685/733/1188 732/786/1274 682/732/1183
f 676/726/1294 732/786/1274 687/737/1191
f 681/729/1180 732/786/1286 678/728/1289
f 691/741/1201 733/787/1295 690/738/1296
f 695/745/1206 733/787/1297 694/742/1202
f 699/756/1298 733/787/1297 698/788/1299
f 703/753/1300 733/787/1301 702/750/1302
f 705/755/1303 733/787/1301 691/741/1201
f 707/759/1304 733/787/1297 699/756/1298
f 709/761/1305 733/787/1297 707/759/1304
f 713/789/1306 733/787/1307 712/790/1228
f 712/790/1228 733/787/1307 715/791/1308
f 719/792/1309 733/787/1310 718/793/1241
f 715/791/1311 733/787/1295 721/794/1312
f 721/794/1242 733/787/1301 719/792/1309
f 702/750/1302 733/787/1301 723/774/1313
f 698/788/1299 733/787/1297 713/789/1306
f 690/738/1314 733/787/1301 725/776/1315
f 725/776/1316 733/787/1301 727/778/1256
f 727/778/1256 733/787/1297 729/780/1260
f 729/780/1260 733/787/1301 731/782/1265
f 731/782/1265 733/787/1297 695/745/1266
f 694/742/1202 733/787/1307 709/761/1305
f 718/793/1241 733/787/1301 703/753/1217
f 723/774/1317 733/787/1301 705/755/1303
f 734/795/1318 194/194/288 197/196/1319
f 191/190/1320 192/193/285 188/189/1321
f 188/189/1321 735/796/1322 191/190/281
f 152/153/221 214/214/312 201/201/296
f 203/202/297 200/199/294 202/203/298
f 736/797/1323 193/192/284 737/798/1324
f 739/799/1325 738/800/1326 151/151/1327
f 151/151/1327 152/153/1328 739/799/1329
f 201/201/296 740/801/1330 739/799/1331
f 739/799/1332 152/153/1328 201/201/296
f 741/802/1333 740/801/1334 201/201/296
f 201/201/296 202/203/1335 741/802/1333
f 200/199/1336 742/803/1337 741/802/1333
f 741/802/1333 202/203/1338 200/199/1336
f 743/804/1339 742/803/1337 200/199/1340
f 200/199/1336 198/198/1341 743/804/1342
f 744/805/1343 743/804/1339 198/198/1341
f 198/198/1341 745/806/1344 744/805/1343
f 737/798/1345 746/807/1346 744/805/1343
f 744/805/1343 745/806/1344 737/798/1345
f 190/191/1347 747/808/1348 746/807/1349
f 746/807/1350 737/798/1345 190/191/1347
f 190/191/282 191/190/1351 748/809/1352
f 748/809/1353 747/808/1348 190/191/1347
f 735/796/1354 749/810/1355 748/809/1352
f 748/809/1356 191/190/1351 735/796/1357
f 189/188/279 750/811/1358 749/810/1359
f 749/810/1359 735/796/1354 189/188/279
f 187/187/1360 751/812/1361 750/811/1358
f 750/811/1358 189/188/279 187/187/1360
f 218/218/1362 752/813/1363 751/812/1364
f 751/812/1361 187/187/1360 218/218/1362
f 219/219/318 753/814/1365 752/813/1366
f 752/813/1363 218/218/1362 219/219/318
f 755/815/1367 754/816/1368 753/814/1365
f 753/814/1369 219/219/1370 755/815/1371
f 734/795/1372 756/817/1373 754/816/1368
f 754/816/1368 755/815/1367 734/795/1374
f 197/196/291 757/818/1375 756/817/1376
f 756/817/1373 734/795/1372 197/196/1377
f 195/195/1378 758/819/1379 757/818/1380
f 757/818/1381 197/196/1377 195/195/290
f 210/210/1382 759/820/1383 758/819/1379
f 758/819/1384 195/195/1385 210/210/1382
f 151/151/223 738/800/1386 759/820/1383
f 759/820/1383 210/210/307 151/151/223
f 329/358/509 658/707/1387 350/376/541
f 350/376/541 352/381/540 329/358/1388
f 662/712/1389 663/711/1390 344/373/1391
f 344/373/1391 335/364/1392 662/712/1389
f 665/717/1393 666/716/1394 337/365/517
f 337/365/517 338/367/519 665/717/1395
f 304/333/1005 342/368/521 343/371/525
f 343/371/525 303/331/1396 304/333/1005
f 666/716/1158 332/361/512 333/360/511
f 333/360/1397 337/365/517 666/716/1158
f 307/336/506 342/368/521 304/333/1005
f 663/711/1142 665/717/1164 338/367/519
f 338/367/519 344/373/1391 663/711/1142
f 347/375/531 330/357/508 303/331/1398
f 303/331/1396 343/371/1399 347/375/1400
f 353/380/538 401/428/1401 328/356/507
f 328/356/507 352/381/540 353/380/1402
f 672/724/1403 673/723/1404 336/363/515
f 336/363/1405 354/382/543 672/724/1403
f 356/385/567 606/656/1036 401/428/1401
f 401/428/1401 353/380/538 356/385/548
f 359/387/551 677/727/1406 672/724/1403
f 672/724/1403 354/382/543 359/387/551
f 363/390/555 679/731/1407 680/730/1408
f 680/730/1409 362/391/556 363/390/555
f 367/395/560 683/735/1410 684/734/1411
f 684/734/1412 366/392/557 367/395/560
f 368/396/561 370/398/1413 683/735/1410
f 683/735/1414 367/395/562 368/396/561
f 366/392/557 684/734/1415 679/731/1416
f 679/731/1407 363/390/565 366/392/557
f 368/396/561 369/397/563 606/656/1011
f 606/656/1036 356/385/567 368/396/564
f 362/391/556 680/730/1409 677/727/1417
f 677/727/1417 359/387/551 362/391/556
f 306/334/1418 304/333/1005 305/332/1419
f 445/475/1420 688/740/1200 689/739/1199
f 689/739/1421 431/459/650 445/475/1420
f 446/474/669 704/754/1220 688/740/1422
f 688/740/1423 445/475/1420 446/474/1424
f 760/821/1425 722/775/1426 704/754/1220
f 704/754/1220 446/474/1427 760/821/1425
f 444/472/667 701/751/1428 722/775/1426
f 722/775/1426 760/821/1425 444/472/667
f 372/471/1429 700/752/1430 701/751/1428
f 701/751/1431 444/472/667 372/471/1432
f 373/401/574 717/769/1433 700/785/1216
f 700/785/1216 372/402/1434 373/401/574
f 603/653/1435 716/770/1239 717/769/1436
f 717/769/1237 373/401/574 603/653/1435
f 604/654/1437 720/773/1438 716/770/1439
f 716/770/1238 603/653/1440 604/654/1437
f 598/647/1441 714/767/1234 720/773/1442
f 720/773/1438 604/654/1443 598/647/1441
f 599/648/998 711/763/1444 714/767/1244
f 714/767/1445 598/647/996 599/648/998
f 602/652/1001 710/764/1230 711/763/1444
f 711/763/1444 599/648/998 602/652/1001
f 442/470/666 697/747/1446 710/764/1447
f 710/764/1447 602/652/1448 442/470/666
f 439/467/663 696/748/1449 697/747/1209
f 697/747/1446 442/470/666 439/467/663
f 600/650/999 706/758/1223 696/757/1210
f 696/757/1210 439/649/1450 600/650/999
f 601/651/1451 708/760/1226 706/758/1452
f 706/758/1452 600/650/999 601/651/1451
f 438/466/662 693/743/1453 708/760/1454
f 708/760/1455 601/651/1451 438/466/1456
f 437/465/1457 692/744/1458 693/743/1459
f 693/743/1269 438/466/662 437/465/1457
f 650/700/1460 730/783/1267 692/744/1458
f 692/744/1458 437/465/1457 650/700/1460
f 649/699/1113 728/781/1461 730/783/1263
f 730/783/1267 650/700/1462 649/699/1463
f 648/698/1111 726/779/1464 728/781/1465
f 728/781/1466 649/699/1467 648/698/1111
f 432/460/1468 724/777/1255 726/779/1469
f 726/779/1470 648/698/1111 432/460/1468
f 431/459/650 689/739/1199 724/777/1255
f 724/777/1255 432/460/652 431/459/650
f 25/25/31 23/21/30 28/27/126
f 415/443/623 402/430/609 408/436/619
f 408/436/619 414/444/624 415/443/623
f 407/434/1020 404/431/1022 419/447/628
f 419/447/628 420/446/627 407/434/1020
f 420/446/627 429/457/1017 607/657/1013
f 404/431/610 402/430/609 415/443/623
f 415/443/623 419/447/628 404/431/610
f 346/374/1166 671/721/1165 657/708/1134
f 657/708/1134 658/707/1133 346/374/1471
f 329/358/1388 347/375/531 346/374/1472
f 346/374/1472 658/707/1387 329/358/509
f 13/12/13 11/11/1473 8/10/11
f 8/10/11 9/9/10 13/12/13
f 5/6/1474 10/8/8 7/7/7
f 5/6/1474 6/5/1475 10/8/8
f 2/3/3 6/5/1475 4/4/4
f 2/3/3 3/2/2 6/5/1475
f 84/83/1476 82/82/100 79/78/95
f 79/78/95 80/81/98 84/83/101
f 83/84/1477 3/2/1478 1/1/1
f 83/84/102 84/83/101 3/2/1478
f 77/76/93 74/75/92 71/70/85
f 71/70/85 72/73/89 77/76/93
f 73/72/181 70/71/86 67/66/79
f 67/66/79 68/69/83 73/72/1479
f 61/60/71 58/59/1480 55/54/423
f 55/54/423 56/57/68 61/60/71
f 57/56/67 54/55/1481 51/50/60
f 51/50/60 52/53/1482 57/56/67
f 53/52/1483 50/51/1484 47/46/56
f 47/46/56 48/49/59 53/52/1483
f 49/48/1485 46/47/57 43/45/416
f 43/45/416 44/44/53 49/48/58
f 40/41/50 45/43/52 42/42/51
f 41/40/1486 39/39/48 37/38/1487
f 37/38/47 112/112/1488 41/40/1486
f 36/36/45 33/32/1489 34/35/1490
f 34/35/1490 38/37/1491 36/36/1492
f 40/41/50 41/40/1493 45/43/52
f 29/29/1091 30/31/39 761/822/1494
f 420/446/627 607/657/1013 407/434/1495
f 265/274/1059 37/275/1487 39/823/1496
f 37/275/1487 264/272/407 36/271/406
f 33/273/1497 264/272/407 762/824/1498
f 33/273/408 762/824/1498 32/825/1499
f 268/280/415 43/281/416 46/826/1500
f 43/281/416 266/276/411 42/279/414
f 269/282/417 47/283/418 50/827/1484
f 270/284/422 51/285/60 54/828/1501
f 51/285/1502 269/282/417 50/827/1484
f 47/283/418 268/280/415 46/826/1500
f 271/286/1503 55/287/423 58/829/1504
f 272/288/424 59/289/426 62/290/1505
f 59/289/426 271/286/1503 58/829/1506
f 55/287/423 270/284/422 54/828/66
f 272/288/427 63/291/429 274/293/1507
f 274/293/1507 63/291/429 66/830/1508
f 273/292/1509 67/294/432 70/295/1510
f 273/292/430 71/296/85 275/297/1081
f 275/297/1081 71/296/85 74/298/436
f 67/294/432 274/293/431 66/830/1511
f 275/297/1081 75/299/437 276/300/1085
f 276/300/1085 75/299/437 78/301/439
f 276/300/1085 79/302/95 277/303/441
f 277/303/441 79/302/95 82/304/442
f 673/723/1169 674/722/1168 661/713/1145
f 661/713/1145 662/712/1512 673/723/1169
f 335/364/516 336/363/515 673/723/1169
f 673/723/1404 662/712/1389 335/364/1513
f 345/372/528 335/364/1392 344/373/1391
f 334/362/1514 335/364/1515 345/372/528
f 329/358/1516 330/357/508 347/375/531
f 328/356/507 329/358/1388 352/381/1517
f 406/435/614 407/434/1495 607/657/1518
f 137/137/197 141/141/203 88/88/114
f 745/806/1519 736/797/1323 737/798/1345
f 763/831/1520 198/198/1521 764/832/1522
f 199/200/295 200/199/294 203/202/297
f 198/198/1521 199/200/1523 764/832/1522
f 204/204/299 201/201/1524 215/215/1525
f 21/23/383 248/248/378 93/94/120
f 93/94/120 24/24/1526 21/23/28
f 24/24/1526 93/94/120 94/93/119
f 94/93/119 96/96/124 24/24/1526
f 158/158/1527 159/159/232 97/97/1528
f 97/97/125 96/96/230 158/158/1529
f 251/251/1530 21/23/28 22/22/27
f 22/22/1531 765/833/1532 251/251/1530
f 379/408/1533 383/411/1534 384/414/1535
f 384/414/1535 382/409/584 379/408/1533
f 766/834/1536 769/835/1537 768/836/1538
f 768/836/1539 767/837/1540 766/834/1536
f 487/521/1541 505/541/783 504/539/781
f 504/539/1542 503/538/1543 487/521/1541
f 148/149/216 770/838/1544 147/147/214
f 770/838/1545 148/149/216 771/839/1546
f 217/217/316 771/839/1547 216/216/315
f 771/839/1547 217/217/316 770/838/1545
f 210/210/307 196/197/292 772/840/1548
f 196/197/292 197/196/291 773/841/1549
f 162/161/272 182/183/1550 161/162/269
f 152/153/221 153/152/222 214/214/312
f 776/842/1551 775/843/1552 774/844/1553
f 774/844/1553 777/845/1554 776/842/1555
f 777/845/1556 774/844/1553 778/846/1557
f 778/846/1557 779/847/1558 777/845/1559
f 779/847/1558 778/846/1557 206/207/1560
f 206/207/1560 780/848/1561 779/847/1558
f 780/848/1561 206/207/1562 781/849/1563
f 781/849/1563 782/850/1564 780/848/1561
f 782/850/1565 781/849/1563 783/851/1566
f 783/851/1566 784/852/1567 782/850/1568
f 784/852/1569 783/851/1566 785/853/1570
f 785/853/1570 786/854/1571 784/852/1569
f 786/854/1571 785/853/1570 787/855/1572
f 787/855/1572 788/856/1573 786/854/1574
f 788/856/1573 787/855/1572 789/857/1575
f 789/857/1575 790/858/1576 788/856/1573
f 790/858/1577 789/857/1575 791/859/1578
f 791/859/1579 792/860/1580 790/858/1581
f 792/860/1580 791/859/1579 793/861/1582
f 793/861/1582 794/862/1583 792/860/1580
f 794/862/1584 793/861/1582 763/831/1520
f 763/831/1520 795/863/1585 794/862/1586
f 795/863/1587 763/831/1520 764/832/1522
f 764/832/1522 796/864/1588 795/863/1587
f 796/864/1589 764/832/1522 199/200/1590
f 199/200/295 797/865/1591 796/864/1592
f 797/865/1591 199/200/295 203/202/297
f 203/202/297 798/866/1593 797/865/1591
f 798/866/1594 203/202/297 204/204/299
f 204/204/1595 799/867/1596 798/866/1594
f 799/867/1597 204/204/299 215/215/1525
f 215/215/1525 800/868/1598 799/867/1597
f 800/868/1599 215/215/313 801/869/1600
f 801/869/1600 802/870/1601 800/868/1602
f 802/870/1601 801/869/1603 803/871/1604
f 803/871/1604 804/872/1605 802/870/1601
f 804/872/1606 803/871/1604 805/873/1607
f 805/873/1608 806/874/1609 804/872/1606
f 806/874/1609 805/873/1607 807/875/1610
f 807/875/1610 808/876/1611 806/874/1612
f 808/876/1613 807/875/1610 809/877/1614
f 809/877/1614 810/878/1615 808/876/1613
f 810/878/1616 809/877/1614 811/879/1617
f 811/879/1617 812/880/1618 810/878/1615
f 812/880/1618 811/879/1617 813/881/1619
f 813/881/1619 814/882/1620 812/880/1618
f 814/882/1621 813/881/1619 775/843/1552
f 775/843/1552 776/842/1622 814/882/1620
f 817/883/1623 816/884/1624 815/885/1625
f 815/885/1625 818/886/1626 817/883/1623
f 818/886/1626 815/885/1625 819/887/1627
f 819/887/1628 820/888/1629 818/886/1630
f 820/888/1629 819/887/1631 821/889/1632
f 821/889/1633 822/890/1634 820/888/1635
f 822/890/1636 821/889/1632 823/891/1637
f 823/891/1637 824/892/1638 822/890/1639
f 824/892/1640 823/891/1637 825/893/1641
f 825/893/1641 826/894/1642 824/892/1638
f 826/894/1642 825/893/1641 827/895/1643
f 827/895/1644 828/896/1645 826/894/1642
f 828/896/1646 827/895/1643 829/897/1647
f 829/897/1647 830/898/1648 828/896/1645
f 830/898/1649 829/897/1650 831/899/1651
f 831/899/1651 832/900/1652 830/898/1648
f 832/900/1652 831/899/1653 833/901/1654
f 833/901/1655 834/902/1656 832/900/1657
f 834/902/1656 833/901/1655 214/214/312
f 214/214/312 835/903/1658 834/902/1656
f 835/903/1658 214/214/312 153/152/1659
f 153/152/222 836/904/1660 835/903/1661
f 836/904/1660 153/152/222 154/154/224
f 154/154/224 837/905/1662 836/904/1663
f 837/905/1662 154/154/224 213/213/311
f 213/213/311 838/906/1664 837/905/1662
f 838/906/1664 213/213/311 211/212/309
f 211/212/309 839/907/1665 838/906/1664
f 839/907/1665 211/212/309 216/216/315
f 216/216/315 840/908/1666 839/907/1665
f 840/908/1667 216/216/1668 771/839/1547
f 771/839/1546 841/909/1669 840/908/1667
f 841/909/1669 771/839/1546 148/149/216
f 148/149/216 842/910/1670 841/909/1669
f 842/910/1670 148/149/216 149/148/215
f 149/148/215 843/911/1671 842/910/1670
f 843/911/1671 149/148/215 844/912/1672
f 844/912/1673 845/913/1674 843/911/1671
f 845/913/1674 844/912/1673 846/914/1675
f 846/914/1675 847/915/1676 845/913/1674
f 847/915/1677 846/914/1678 848/916/1679
f 848/916/1680 849/917/1681 847/915/1682
f 849/917/1683 848/916/1680 850/918/1684
f 850/918/1684 851/919/1685 849/917/1686
f 851/919/1685 850/918/1684 852/920/1687
f 852/920/1687 853/921/1688 851/919/1689
f 853/921/1688 852/920/1687 854/922/1690
f 854/922/1690 855/923/1691 853/921/1688
f 855/923/1692 854/922/1690 856/924/1693
f 856/924/1694 857/925/1695 855/923/1696
f 857/925/1695 856/924/1694 816/884/1697
f 816/884/1697 817/883/1623 857/925/1695
f 858/926/1698 150/150/1699 147/147/1700
f 147/147/1701 859/927/1702 858/926/1703
f 859/927/1704 147/147/1701 770/838/1705
f 770/838/1545 860/928/1706 859/927/1704
f 860/928/1706 770/838/1705 217/217/316
f 217/217/316 861/929/1707 860/928/1706
f 861/929/1707 217/217/316 212/211/1708
f 212/211/1708 862/930/1709 861/929/1707
f 862/930/1709 212/211/1708 772/840/1548
f 772/840/1548 863/931/1710 862/930/1711
f 863/931/1710 772/840/1548 196/197/292
f 196/197/292 864/932/1712 863/931/1710
f 864/932/1713 196/197/292 773/841/1549
f 773/841/1549 865/933/1714 864/932/1715
f 865/933/1714 773/841/1549 866/934/1716
f 866/934/1717 867/935/1718 865/933/1719
f 867/935/1720 866/934/1717 868/936/1721
f 868/936/1721 869/937/1722 867/935/1720
f 869/937/1723 868/936/1721 186/186/1724
f 186/186/1724 870/938/1725 869/937/1723
f 870/938/1726 186/186/1724 178/179/1727
f 178/179/1727 871/939/1728 870/938/1729
f 871/939/1728 178/179/1727 179/178/267
f 179/178/267 872/940/1730 871/939/1728
f 872/940/1730 179/178/267 180/181/271
f 180/181/271 873/941/1731 872/940/1732
f 873/941/1733 180/181/1734 181/180/1735
f 181/180/270 874/942/1736 873/941/1733
f 874/942/1737 181/180/1735 182/183/274
f 182/183/274 875/943/1738 874/942/1739
f 875/943/1740 182/183/274 183/182/1741
f 183/182/1741 876/944/1742 875/943/1743
f 876/944/1742 183/182/1741 184/185/276
f 184/185/1744 877/945/1745 876/944/1742
f 877/945/1745 184/185/276 185/184/275
f 185/184/1746 878/946/1747 877/945/1748
f 878/946/1747 185/184/1746 208/209/1749
f 208/209/1750 879/947/1751 878/946/1747
f 879/947/1752 208/209/1750 209/208/1753
f 209/208/1753 880/948/1754 879/947/1751
f 880/948/1755 209/208/1753 177/176/264
f 177/176/264 881/949/1756 880/948/1757
f 881/949/1758 177/176/264 175/175/1759
f 175/175/1760 882/950/1761 881/949/1756
f 882/950/1761 175/175/1760 883/951/1762
f 883/951/1762 884/952/1763 882/950/1761
f 884/952/1763 883/951/1762 150/150/1764
f 150/150/1764 858/926/1698 884/952/1763
f 160/160/233 208/209/305 185/184/275
f 159/159/232 176/177/1765 160/160/233
f 844/912/1673 150/150/1766 883/951/1767
f 150/150/1766 844/912/1673 149/148/215
f 161/162/269 182/183/274 181/180/1768
f 161/162/235 180/181/271 163/163/266
f 163/163/266 180/181/271 179/178/267
f 162/161/272 184/185/276 183/182/273
f 160/160/233 184/185/276 162/161/234
f 163/163/266 178/179/268 186/186/1724
f 773/841/1549 197/196/291 866/934/1716
f 210/210/307 772/840/1548 212/211/308
f 803/871/1604 829/897/1769 805/873/1607
f 829/897/1769 803/871/1604 831/899/1770
f 805/873/1607 827/895/1643 807/875/1771
f 827/895/1643 805/873/1607 829/897/1769
f 807/875/1610 825/893/1641 809/877/1614
f 825/893/1641 807/875/1610 827/895/1643
f 809/877/1614 823/891/1637 811/879/1617
f 823/891/1637 809/877/1614 825/893/1772
f 235/235/356 811/879/1617 823/891/1773
f 811/879/1617 235/235/356 240/242/354
f 801/869/1603 214/214/312 833/901/1655
f 214/214/312 801/869/1603 215/215/1525
f 801/869/1603 831/899/1770 803/871/1604
f 831/899/1770 801/869/1600 833/901/1655
f 775/843/1552 241/241/353 774/844/1553
f 811/879/1617 240/242/354 813/881/1774
f 241/241/353 813/881/1774 240/242/354
f 813/881/1774 241/241/353 775/843/1552
f 205/205/300 774/844/1553 241/241/353
f 774/844/1553 205/205/1775 778/846/1557
f 778/846/1557 205/205/1775 206/207/302
f 226/227/332 885/953/1776 140/140/202
f 815/885/1777 234/236/351 819/887/1627
f 819/887/1631 234/236/351 235/235/356
f 821/889/1632 235/235/356 823/891/1773
f 816/884/1778 234/236/345 815/885/1777
f 854/922/1779 238/238/349 856/924/1780
f 856/924/1780 238/238/349 816/884/1778
f 816/884/1778 238/238/349 234/236/351
f 819/887/1627 235/235/356 821/889/1632
f 844/912/1673 883/951/1767 846/914/1678
f 846/914/1678 885/953/1776 848/916/1781
f 848/916/1680 885/953/1776 850/918/1684
f 238/238/349 854/922/1779 226/227/1782
f 852/920/1783 885/953/1776 854/922/1779
f 850/918/1684 885/953/1776 852/920/1783
f 140/140/202 156/156/1784 141/141/203
f 885/953/1776 883/951/1785 176/177/1765
f 883/951/1785 885/953/1776 846/914/1678
f 210/210/307 213/213/1786 151/151/223
f 151/151/219 213/213/1786 154/154/224
f 290/317/1787 886/954/1788 762/824/1789
f 887/955/1790 760/821/1791 446/474/669
f 446/474/671 288/316/1792 887/955/1793
f 889/956/1794 888/957/1795 645/695/1096
f 645/695/1096 646/697/1796 889/956/1794
f 622/671/1054 261/267/1797 262/270/1798
f 262/270/1799 890/958/1800 622/671/1054
f 762/824/1789 264/272/407 640/690/1090
f 762/824/1498 886/954/1788 891/959/1801
f 739/799/1331 893/960/1802 892/961/1803
f 892/961/1803 738/800/1386 739/799/1331
f 740/801/1334 894/962/1804 893/960/1802
f 893/960/1802 739/799/1331 740/801/1330
f 741/802/1333 895/963/1805 894/962/1804
f 894/962/1804 740/801/1330 741/802/1806
f 742/803/1807 896/964/1808 895/963/1809
f 895/963/1809 741/802/1333 742/803/1337
f 743/804/1339 897/965/1810 896/964/1811
f 896/964/1808 742/803/1337 743/804/1339
f 744/805/1812 898/966/1813 897/965/1810
f 897/965/1810 743/804/1342 744/805/1812
f 746/807/1346 899/967/1814 898/966/1815
f 898/966/1813 744/805/1812 746/807/1816
f 747/808/1817 900/968/1818 899/967/1819
f 899/967/1820 746/807/1816 747/808/1821
f 748/809/1356 901/969/1822 900/968/1818
f 900/968/1818 747/808/1821 748/809/1356
f 749/810/1823 902/970/1824 901/969/1822
f 901/969/1822 748/809/1356 749/810/1825
f 750/811/1826 903/971/1827 902/970/1824
f 902/970/1828 749/810/1823 750/811/1358
f 751/812/1829 904/972/1830 903/971/1827
f 903/971/1831 750/811/1826 751/812/1832
f 752/813/1833 905/973/1834 904/972/1830
f 904/972/1830 751/812/1364 752/813/1835
f 753/814/1365 906/974/1836 905/973/1834
f 905/973/1834 752/813/1833 753/814/1365
f 754/816/1837 907/975/1838 906/974/1836
f 906/974/1836 753/814/1839 754/816/1368
f 756/817/1840 908/976/1841 907/975/1842
f 907/975/1843 754/816/1368 756/817/1373
f 757/818/1381 909/977/1844 908/976/1845
f 908/976/1846 756/817/1840 757/818/1381
f 758/819/1847 910/978/1848 909/977/1849
f 909/977/1844 757/818/1381 758/819/1847
f 759/820/1383 911/979/1850 910/978/1848
f 910/978/1848 758/819/1379 759/820/1383
f 738/800/1386 892/961/1803 911/979/1851
f 911/979/1850 759/820/1383 738/800/1386
f 777/845/1559 913/980/1852 912/981/1853
f 912/981/1854 776/842/1551 777/845/1559
f 779/847/1855 914/982/1856 913/980/1852
f 913/980/1852 777/845/1559 779/847/1855
f 780/848/1857 915/983/1858 914/982/1856
f 914/982/1856 779/847/1855 780/848/1857
f 782/850/1565 916/984/1859 915/983/1860
f 915/983/1860 780/848/1857 782/850/1565
f 784/852/1861 917/985/1862 916/984/1863
f 916/984/1859 782/850/1565 784/852/1569
f 786/854/1864 918/986/1865 917/985/1862
f 917/985/1866 784/852/1569 786/854/1867
f 788/856/1868 919/987/1869 918/986/1870
f 918/986/1865 786/854/1864 788/856/1868
f 790/858/1576 920/988/1871 919/987/1872
f 919/987/1869 788/856/1573 790/858/1576
f 792/860/1580 921/989/1873 920/988/1871
f 920/988/1871 790/858/1576 792/860/1874
f 794/862/1584 922/990/1875 921/989/1873
f 921/989/1873 792/860/1876 794/862/1584
f 795/863/1585 923/991/1877 922/990/1875
f 922/990/1878 794/862/1584 795/863/1879
f 796/864/1880 924/992/1881 923/991/1882
f 923/991/1882 795/863/1585 796/864/1592
f 797/865/1883 925/993/1884 924/992/1885
f 924/992/1886 796/864/1880 797/865/1887
f 798/866/1594 926/994/1888 925/993/1889
f 925/993/1884 797/865/1887 798/866/1593
f 799/867/1890 927/995/1891 926/994/1888
f 926/994/1888 798/866/1593 799/867/1597
f 800/868/1892 928/996/1893 927/995/1891
f 927/995/1894 799/867/1890 800/868/1895
f 802/870/1601 929/997/1896 928/996/1893
f 928/996/1893 800/868/1897 802/870/1898
f 804/872/1899 930/998/1900 929/997/1896
f 929/997/1896 802/870/1601 804/872/1606
f 806/874/1612 931/999/1901 930/998/1902
f 930/998/1902 804/872/1606 806/874/1903
f 808/876/1904 932/1000/1905 931/999/1901
f 931/999/1901 806/874/1612 808/876/1906
f 810/878/1907 933/1001/1908 932/1000/1905
f 932/1000/1905 808/876/1904 810/878/1907
f 812/880/1909 934/1002/1910 933/1001/1911
f 933/1001/1911 810/878/1907 812/880/1909
f 814/882/1912 935/1003/1913 934/1002/1910
f 934/1002/1910 812/880/1914 814/882/1912
f 776/842/1551 912/981/1853 935/1003/1913
f 935/1003/1913 814/882/1912 776/842/1551
f 818/886/1626 937/1004/1915 936/1005/1916
f 936/1005/1916 817/883/1623 818/886/1917
f 820/888/1629 938/1006/1918 937/1004/1919
f 937/1004/1920 818/886/1921 820/888/1922
f 822/890/1639 939/1007/1923 938/1006/1918
f 938/1006/1918 820/888/1922 822/890/1634
f 824/892/1638 940/1008/1924 939/1007/1925
f 939/1007/1923 822/890/1634 824/892/1638
f 826/894/1926 941/1009/1927 940/1008/1928
f 940/1008/1928 824/892/1929 826/894/1926
f 828/896/1645 942/1010/1930 941/1009/1927
f 941/1009/1931 826/894/1926 828/896/1645
f 830/898/1649 943/1011/1932 942/1010/1930
f 942/1010/1933 828/896/1645 830/898/1649
f 832/900/1652 944/1012/1934 943/1011/1932
f 943/1011/1932 830/898/1649 832/900/1652
f 834/902/1935 945/1013/1936 944/1012/1937
f 944/1012/1934 832/900/1652 834/902/1656
f 835/903/1938 946/1014/1939 945/1013/1936
f 945/1013/1936 834/902/1940 835/903/1941
f 836/904/1942 947/1015/1943 946/1014/1939
f 946/1014/1944 835/903/1941 836/904/1660
f 837/905/1945 948/1016/1946 947/1015/1947
f 947/1015/1943 836/904/1660 837/905/1945
f 838/906/1948 949/1017/1949 948/1016/1946
f 948/1016/1946 837/905/1945 838/906/1950
f 839/907/1665 950/1018/1951 949/1017/1949
f 949/1017/1952 838/906/1950 839/907/1665
f 840/908/1953 951/1019/1954 950/1018/1951
f 950/1018/1951 839/907/1665 840/908/1953
f 841/909/1955 952/1020/1956 951/1019/1954
f 951/1019/1954 840/908/1953 841/909/1957
f 842/910/1670 953/1021/1958 952/1020/1959
f 952/1020/1956 841/909/1960 842/910/1670
f 843/911/1671 954/1022/1961 953/1021/1958
f 953/1021/1958 842/910/1670 843/911/1962
f 845/913/1963 955/1023/1964 954/1022/1961
f 954/1022/1961 843/911/1962 845/913/1674
f 847/915/1682 956/1024/1965 955/1023/1964
f 955/1023/1964 845/913/1674 847/915/1682
f 849/917/1686 957/1025/1966 956/1024/1965
f 956/1024/1965 847/915/1682 849/917/1686
f 851/919/1685 958/1026/1967 957/1025/1966
f 957/1025/1966 849/917/1686 851/919/1685
f 853/921/1688 959/1027/1968 958/1026/1967
f 958/1026/1967 851/919/1685 853/921/1688
f 855/923/1969 960/1028/1970 959/1027/1968
f 959/1027/1968 853/921/1688 855/923/1696
f 857/925/1971 961/1029/1972 960/1028/1970
f 960/1028/1970 855/923/1969 857/925/1973
f 817/883/1974 936/1005/1916 961/1029/1975
f 961/1029/1975 857/925/1973 817/883/1623
f 859/927/1976 963/1030/1977 962/1031/1978
f 962/1031/1978 858/926/1979 859/927/1702
f 860/928/1706 964/1032/1980 963/1030/1977
f 963/1030/1977 859/927/1702 860/928/1706
f 861/929/1707 965/1033/1981 964/1032/1980
f 964/1032/1982 860/928/1706 861/929/1983
f 862/930/1984 966/1034/1985 965/1033/1986
f 965/1033/1986 861/929/1707 862/930/1709
f 863/931/1987 967/1035/1988 966/1034/1989
f 966/1034/1989 862/930/1984 863/931/1990
f 864/932/1712 968/1036/1991 967/1035/1992
f 967/1035/1988 863/931/1993 864/932/1994
f 865/933/1995 969/1037/1996 968/1036/1991
f 968/1036/1991 864/932/1712 865/933/1997
f 867/935/1718 970/1038/1998 969/1037/1996
f 969/1037/1996 865/933/1714 867/935/1720
f 869/937/1999 971/1039/2000 970/1038/1998
f 970/1038/2001 867/935/1720 869/937/1999
f 870/938/1729 972/1040/2002 971/1039/2000
f 971/1039/2000 869/937/1723 870/938/1725
f 871/939/2003 973/1041/2004 972/1040/2002
f 972/1040/2002 870/938/1725 871/939/2005
f 872/940/2006 974/1042/2007 973/1041/2004
f 973/1041/2004 871/939/2008 872/940/1732
f 873/941/1733 975/1043/2009 974/1042/2007
f 974/1042/2007 872/940/2006 873/941/1733
f 874/942/1739 976/1044/2010 975/1043/2011
f 975/1043/2009 873/941/2012 874/942/1739
f 875/943/2013 977/1045/2014 976/1044/2015
f 976/1044/2010 874/942/1739 875/943/1740
f 876/944/1742 978/1046/2016 977/1045/2017
f 977/1045/2014 875/943/1740 876/944/1742
f 877/945/1748 979/1047/2018 978/1046/2019
f 978/1046/2016 876/944/2020 877/945/1748
f 878/946/2021 980/1048/2022 979/1047/2023
f 979/1047/2018 877/945/1748 878/946/2021
f 879/947/2024 981/1049/2025 980/1048/2026
f 980/1048/2027 878/946/2028 879/947/2029
f 880/948/1754 982/1050/2030 981/1049/2031
f 981/1049/2025 879/947/2029 880/948/1754
f 881/949/2032 983/1051/2033 982/1050/2034
f 982/1050/2034 880/948/1754 881/949/2035
f 882/950/2036 984/1052/2037 983/1051/2038
f 983/1051/2039 881/949/2035 882/950/2040
f 884/952/1763 985/1053/2041 984/1052/2037
f 984/1052/2037 882/950/1761 884/952/1763
f 858/926/1979 962/1031/2042 985/1053/2041
f 985/1053/2041 884/952/1763 858/926/2043
f 893/960/1802 986/1054/2044 892/961/2045
f 894/962/2046 986/1054/2044 893/960/1802
f 895/963/2047 986/1054/2044 894/962/2048
f 896/964/2049 986/1054/2044 895/963/2047
f 897/965/2050 986/1054/2051 896/964/2052
f 898/966/2053 986/1054/2044 897/965/2054
f 899/967/2055 986/1054/2044 898/966/2056
f 900/968/2057 986/1054/2044 899/967/2058
f 901/969/2059 986/1054/2044 900/968/2060
f 902/970/2061 986/1054/2044 901/969/2059
f 903/971/2062 986/1054/2044 902/970/1824
f 904/972/2063 986/1054/2044 903/971/2062
f 905/973/2064 986/1054/2044 904/972/1830
f 906/974/2065 986/1054/2044 905/973/2066
f 907/975/2067 986/1054/2044 906/974/2068
f 908/976/2069 986/1054/2044 907/975/1842
f 909/977/2070 986/1054/2044 908/976/2069
f 910/978/2071 986/1054/2044 909/977/1849
f 911/979/2072 986/1054/2044 910/978/2073
f 892/961/2045 986/1054/2044 911/979/1850
f 913/980/2074 987/1055/2075 912/981/1854
f 914/982/2076 987/1055/2077 913/980/2074
f 915/983/1860 987/1055/2075 914/982/2078
f 916/984/2079 987/1055/2080 915/983/1860
f 917/985/2081 987/1055/2075 916/984/2079
f 918/986/2082 987/1055/2075 917/985/2081
f 919/987/2083 987/1055/2075 918/986/2084
f 920/988/2085 987/1055/2075 919/987/2083
f 921/989/2086 987/1055/2087 920/988/1871
f 922/990/1875 987/1055/2088 921/989/1873
f 923/991/1882 987/1055/2087 922/990/1875
f 924/992/1885 987/1055/2075 923/991/1882
f 925/993/1889 987/1055/2087 924/992/1886
f 926/994/1888 987/1055/2087 925/993/1889
f 927/995/1894 987/1055/2075 926/994/1888
f 928/996/2089 987/1055/2087 927/995/1894
f 929/997/1896 987/1055/2075 928/996/2089
f 930/998/1900 987/1055/2075 929/997/1896
f 931/999/2090 987/1055/2087 930/998/2091
f 932/1000/2092 987/1055/2075 931/999/2093
f 933/1001/2094 987/1055/2075 932/1000/2095
f 934/1002/1910 987/1055/2075 933/1001/1911
f 935/1003/1913 987/1055/2075 934/1002/2096
f 912/981/1854 987/1055/2075 935/1003/1913
f 937/1004/2097 988/1056/2098 936/1005/2099
f 938/1006/2100 988/1056/2098 937/1004/2097
f 939/1007/2101 988/1056/2098 938/1006/2102
f 940/1008/2103 988/1056/2098 939/1007/2101
f 941/1009/1927 988/1056/2098 940/1008/1924
f 942/1010/2104 988/1056/2098 941/1009/1927
f 943/1011/1932 988/1056/2098 942/1010/1933
f 944/1012/1934 988/1056/2098 943/1011/1932
f 945/1013/2105 988/1056/2098 944/1012/1934
f 946/1014/2106 988/1056/2098 945/1013/1936
f 947/1015/1947 988/1056/2098 946/1014/1944
f 948/1016/1946 988/1056/2098 947/1015/1947
f 949/1017/2107 988/1056/2098 948/1016/1946
f 950/1018/1951 988/1056/2098 949/1017/1949
f 951/1019/2108 988/1056/2098 950/1018/1951
f 952/1020/1959 988/1056/2098 951/1019/2109
f 953/1021/2110 988/1056/2098 952/1020/2111
f 954/1022/1961 988/1056/2098 953/1021/1958
f 955/1023/2112 988/1056/2098 954/1022/2113
f 956/1024/2114 988/1056/2098 955/1023/2115
f 957/1025/2116 988/1056/2098 956/1024/2114
f 958/1026/1967 988/1056/2098 957/1025/1966
f 959/1027/1968 988/1056/2098 958/1026/2117
f 960/1028/2118 988/1056/2098 959/1027/1968
f 961/1029/2119 988/1056/2098 960/1028/2120
f 936/1005/2121 988/1056/2098 961/1029/2119
f 963/1030/2122 989/1057/2123 962/1031/1978
f 964/1032/2124 989/1057/2123 963/1030/2125
f 965/1033/2126 989/1057/2123 964/1032/2127
f 966/1034/1985 989/1057/2123 965/1033/1981
f 967/1035/2128 989/1057/2123 966/1034/1985
f 968/1036/2129 989/1057/2123 967/1035/2130
f 969/1037/2131 989/1057/2123 968/1036/2129
f 970/1038/2132 989/1057/2123 969/1037/2133
f 971/1039/2134 989/1057/2123 970/1038/2001
f 972/1040/2135 989/1057/2136 971/1039/2000
f 973/1041/2004 989/1057/2123 972/1040/2135
f 974/1042/2137 989/1057/2123 973/1041/2138
f 975/1043/2009 989/1057/2123 974/1042/2137
f 976/1044/2139 989/1057/2123 975/1043/2009
f 977/1045/2140 989/1057/2141 976/1044/2142
f 978/1046/2016 989/1057/2123 977/1045/2140
f 979/1047/2018 989/1057/2141 978/1046/2016
f 980/1048/2143 989/1057/2123 979/1047/2018
f 981/1049/2144 989/1057/2141 980/1048/2143
f 982/1050/2145 989/1057/2123 981/1049/2031
f 983/1051/2038 989/1057/2123 982/1050/2030
f 984/1052/2146 989/1057/2141 983/1051/2147
f 985/1053/2148 989/1057/2123 984/1052/2149
f 962/1031/2042 989/1057/2123 985/1053/2041
f 610/660/1028 361/388/552 358/386/1126
f 425/454/2150 429/457/2151 430/458/647
f 226/227/332 854/922/1779 885/953/1776
f 206/207/302 207/206/301 781/849/1563
f 207/206/301 173/173/260 990/1058/2152
f 736/797/2153 170/170/254 169/169/253
f 991/1059/2154 736/797/1323 745/806/1519
f 745/806/1519 793/861/2155 991/1059/2156
f 885/953/1776 157/157/228 156/156/1784
f 885/953/1776 158/158/2157 157/157/228
f 885/953/1776 176/177/1765 158/158/2157
f 140/140/202 885/953/1776 156/156/2158
f 176/177/1765 177/176/264 209/208/1753
f 176/177/265 883/951/1767 175/175/263
f 158/158/1527 176/177/1765 159/159/232
f 160/160/233 176/177/1765 209/208/1753
f 194/194/288 186/186/1724 868/936/1721
f 194/194/288 866/934/1716 197/196/291
f 194/194/2159 755/815/2160 219/219/318
f 194/194/288 734/795/1318 755/815/1367
f 194/194/288 868/936/1721 866/934/2161
f 166/166/2162 194/194/2159 219/219/318
f 164/164/238 186/186/1724 194/194/288
f 14/14/20 15/17/19 20/18/2163
f 394/422/997 992/1060/2164 599/648/998
f 563/606/2165 561/605/2166 562/604/2167
f 563/606/2165 564/607/893 561/605/2166
f 438/466/662 464/492/704 461/490/2168
f 438/466/662 461/490/707 435/463/1104
f 602/652/1448 441/468/664 442/470/666
f 376/403/1004 604/654/1003 603/653/1435
f 299/329/470 328/356/507 298/326/467
f 64/65/170 126/126/169 127/127/177
f 127/127/173 69/68/176 64/65/170
f 63/62/73 64/65/77 69/68/81
f 69/68/81 66/67/80 63/62/429
f 52/53/1482 119/120/156 121/121/158
f 121/121/158 57/56/2169 52/53/157
f 56/57/161 122/122/2170 123/123/163
f 123/123/163 61/60/2171 56/57/161
f 60/61/165 124/124/164 125/125/172
f 125/125/172 65/64/2172 60/61/166
f 68/69/175 128/128/2173 129/129/2174
f 129/129/178 73/72/181 68/69/175
f 72/73/180 130/130/2175 131/131/187
f 131/131/2176 77/76/186 72/73/2177
f 59/58/69 60/61/2178 65/64/75
f 65/64/75 62/63/74 59/58/69
f 168/168/249 119/120/252 120/119/2179
f 119/120/2180 169/169/2181 121/121/2182
f 169/169/2181 122/122/255 121/121/2183
f 122/122/255 170/170/254 123/123/2184
f 170/170/254 124/124/257 123/123/2185
f 124/124/257 171/171/256 125/125/2186
f 171/171/256 126/126/259 125/125/2186
f 126/126/259 172/172/2187 127/127/177
f 172/172/258 128/128/174 127/127/177
f 128/128/2188 173/173/260 129/129/2189
f 173/173/260 130/130/262 129/129/2190
f 130/130/2175 174/174/2191 131/131/187
f 48/49/59 118/118/152 120/119/155
f 120/119/155 53/52/63 48/49/59
f 167/167/246 118/118/250 117/117/2192
f 118/118/250 168/168/2193 120/119/2179
f 76/77/2194 132/132/184 144/144/211
f 144/144/211 81/80/2195 76/77/2194
f 75/74/91 76/77/94 81/80/97
f 81/80/2196 78/79/96 75/74/91
f 174/174/2197 132/132/184 131/131/183
f 49/48/2198 44/44/149 116/116/2199
f 116/116/2199 117/117/151 49/48/2200
f 166/166/245 116/116/2201 115/115/146
f 116/116/247 167/167/246 117/117/2202
f 134/134/192 80/81/191 81/80/2195
f 81/80/2195 144/144/2203 134/134/192
f 133/133/188 134/134/2204 993/1061/2205
f 993/1061/2205 143/143/2206 133/133/188
f 315/343/2207 318/346/490 614/663/1041
f 614/663/1041 316/344/2208 315/343/2209
f 762/824/1498 891/959/2210 32/825/1499
f 290/317/604 399/427/606 886/954/2211
f 289/318/457 640/690/1090 625/676/1061
f 762/824/1498 640/690/1090 290/317/604
f 262/270/405 995/1062/2212 994/1063/2213
f 994/1063/2213 996/1064/2214 642/1065/1093
f 643/694/1095 644/693/1094 374/400/2215
f 374/400/2215 371/399/572 643/694/1095
f 262/270/405 263/269/404 995/1062/2216
f 994/1063/2213 995/1062/2216 996/1064/2217
f 647/696/2218 994/1063/2213 642/1065/1093
f 643/1066/1095 647/696/1097 642/1065/1093
f 997/1067/2219 999/1068/2220 12/13/14
f 12/13/2221 998/1069/2222 997/1067/2223
f 997/1067/2219 15/17/19 16/16/18
f 16/16/18 999/1068/2220 997/1067/2223
f 20/18/2163 15/17/2224 997/1067/2223
f 889/956/2225 760/821/1791 887/955/1790
f 888/957/1795 889/956/2225 1000/1070/2226
f 888/957/1795 890/958/2227 645/695/1096
f 645/695/2228 994/1063/2213 647/696/2218
f 889/956/2225 444/472/667 760/821/1791
f 16/16/17 17/15/2229 642/692/1093
f 642/692/1093 996/1071/2230 16/16/17
f 644/693/2231 17/15/16 14/14/20
f 14/14/20 1001/1072/2232 644/693/1094
f 263/1073/2233 12/13/2234 999/1068/2235
f 999/1068/2235 995/1074/2212 263/1073/2233
f 999/1068/2235 16/16/17 996/1071/2217
f 996/1071/2217 995/1074/2236 999/1068/2235
f 12/13/14 13/12/13 998/1069/2222
f 11/11/1473 12/13/2237 263/1073/2233
f 375/404/2238 1001/1072/2239 249/250/2240
f 249/250/2240 378/405/579 375/404/2238
f 380/407/582 250/249/379 251/251/384
f 251/251/384 379/408/1533 380/407/582
f 765/833/2241 389/416/2242 386/412/587
f 386/412/587 383/411/590 765/833/2243
f 251/251/1530 765/833/1532 383/411/2244
f 383/411/2244 379/408/1533 251/251/384
f 644/693/1094 1001/1072/2239 375/404/2238
f 375/404/2245 374/400/573 644/693/2246
f 321/349/2247 617/667/2248 618/668/1050
f 618/668/1050 280/310/2249 321/349/2247
f 279/307/449 619/669/1053 620/670/1052
f 620/670/2250 284/314/453 279/307/449
f 261/267/2251 622/671/1054 623/674/2252
f 623/674/2252 260/266/400 261/267/2253
f 625/676/1061 626/675/1060 293/321/461
f 293/321/461 289/318/457 625/676/1061
f 626/675/1060 627/677/2254 1002/1075/2255
f 1002/1075/2255 293/321/461 626/675/1060
f 628/679/2256 629/678/1065 300/328/469
f 300/328/469 301/327/468 628/679/2256
f 630/680/1068 629/678/1067 268/280/415
f 268/280/415 269/282/417 630/680/2257
f 270/284/422 631/681/1070 630/680/1068
f 630/680/1068 269/282/417 270/284/2258
f 271/286/425 632/682/1071 631/681/2259
f 631/681/2259 270/284/422 271/286/425
f 272/288/424 633/683/2260 632/682/1071
f 632/682/2261 271/286/425 272/288/424
f 274/293/1507 634/684/1077 633/683/2262
f 633/683/2262 272/288/427 274/293/1507
f 273/292/1509 635/685/2263 634/684/2264
f 634/684/1077 274/293/1507 273/292/430
f 313/341/2265 635/685/1083 636/686/2266
f 636/686/1082 315/343/2207 313/341/2265
f 315/343/491 636/686/2266 637/687/2267
f 637/687/2267 317/345/2268 315/343/491
f 317/345/2268 637/687/1086 638/688/2269
f 638/688/2269 319/347/492 317/345/2268
f 319/347/2270 638/688/1089 639/689/1088
f 639/689/1088 322/352/499 319/347/2270
f 621/672/2271 622/671/1054 890/958/2227
f 890/958/1800 888/957/1795 621/672/2271
f 645/695/2228 890/958/1800 994/1063/2213
f 625/676/1061 640/690/1090 264/272/1058
f 994/1063/2272 890/958/1800 262/270/1798
f 373/401/2273 374/400/573 375/404/2238
f 375/404/2245 376/403/576 373/401/2273
f 371/1076/2274 443/473/1098 647/696/1097
f 647/696/2218 643/1066/1095 371/1076/572
f 372/471/1429 443/473/1098 371/1076/572
f 889/956/1794 646/697/1796 444/472/667
f 646/697/1796 443/473/1098 444/472/667
f 641/691/1092 761/822/2275 891/1077/1801
f 891/1077/1801 886/1078/2276 641/691/1092
f 761/822/2277 35/34/42 32/33/41
f 32/33/41 891/1077/2278 761/822/2277
f 111/113/2279 108/108/138 109/107/137
f 109/107/137 110/110/141 111/113/144
f 163/163/237 109/107/2280 106/106/2281
f 109/107/2280 164/164/238 110/110/2282
f 111/113/2283 38/37/2284 34/35/43
f 34/35/43 108/108/138 111/113/2283
f 108/108/138 34/35/43 35/34/42
f 35/34/42 107/109/2285 108/108/138
f 41/40/2286 112/112/143 113/111/142
f 113/111/142 114/114/145 41/40/2286
f 112/112/2287 38/37/2288 111/113/144
f 37/38/47 38/37/1491 112/112/1488
f 164/164/238 113/111/241 110/110/2289
f 113/111/241 165/165/244 114/114/2290
f 252/252/2291 253/254/2292 388/417/2293
f 388/417/2293 389/416/2294 252/252/2295
f 254/253/387 1003/1079/2296 393/419/2297
f 393/419/596 390/418/2298 254/253/387
f 765/833/2243 22/22/27 252/252/386
f 252/252/386 389/416/2299 765/833/2300
f 29/29/37 26/26/32 27/28/36
f 27/28/36 31/30/38 29/29/37
f 31/30/2301 27/28/2302 100/101/2303
f 100/101/2303 103/105/135 31/30/2301
f 25/25/2304 26/26/32 253/254/2292
f 253/254/2292 252/252/2295 25/25/2305
f 391/421/2306 387/415/591 388/417/2307
f 388/417/2308 390/418/2309 391/421/2306
f 1004/1080/2310 652/701/1118 653/703/2311
f 653/703/2311 396/425/603 1004/1080/2310
f 390/418/2309 388/417/2293 253/254/2292
f 253/254/2292 254/253/387 390/418/2309
f 101/100/129 162/161/234 102/102/131
f 101/100/129 160/160/233 162/161/234
f 471/502/2312 381/410/585 382/409/584
f 382/409/584 767/837/2313 471/502/721
f 384/414/2314 385/413/588 651/702/2315
f 651/702/2315 766/834/2316 384/414/589
f 396/425/603 397/424/601 1005/1081/2317
f 1005/1081/2317 1004/1080/2318 396/425/603
f 653/703/2311 385/413/1121 386/412/2319
f 386/412/592 387/415/591 653/703/1122
f 382/409/584 384/414/1535 766/834/1536
f 766/834/1536 767/837/1540 382/409/584
f 396/425/603 653/703/2311 387/415/591
f 387/415/591 391/421/2306 396/425/603
f 95/95/123 19/19/122 20/18/2320
f 20/18/22 155/155/2321 95/95/123
f 95/95/227 157/157/228 94/93/119
f 95/95/227 156/156/226 157/157/2322
f 1006/1082/2323 484/517/2324 472/503/722
f 472/503/722 768/836/1538 1006/1082/2323
f 767/837/2313 768/836/1538 472/503/722
f 472/503/722 471/502/2325 767/837/2313
f 476/505/725 486/519/747 769/835/2326
f 769/835/2326 475/506/2327 476/505/725
f 651/702/2315 475/506/2327 769/835/2326
f 769/835/2326 766/834/2328 651/702/2315
f 992/1060/2164 481/514/2329 470/501/2330
f 470/501/2330 469/500/2331 992/1060/2164
f 992/1060/2332 472/503/2333 484/517/741
f 484/517/741 481/514/2334 992/1060/2335
f 597/646/995 596/645/994 457/487/694
f 457/487/694 478/512/736 597/646/995
f 1006/1082/2336 768/836/1538 769/835/1537
f 769/835/1537 486/519/2337 1006/1082/2336
f 474/507/727 475/506/726 652/701/1118
f 478/508/734 479/511/2338 1005/1081/2317
f 1005/1081/2317 597/1083/995 478/508/729
f 599/648/998 992/1060/2164 469/500/2331
f 482/516/2339 483/515/2340 500/535/2341
f 486/519/2337 487/521/1541 503/538/1543
f 503/538/1543 1006/1082/2336 486/519/2337
f 488/520/2342 489/522/748 507/542/2343
f 489/522/748 490/523/2344 509/544/788
f 509/544/788 507/542/787 489/522/2345
f 509/549/2346 490/525/2347 491/524/750
f 491/524/2348 511/546/792 509/549/2346
f 492/527/2349 493/526/751 513/551/797
f 511/546/801 491/524/750 492/527/752
f 492/527/752 513/551/799 511/546/2350
f 495/529/763 496/530/2351 518/555/2352
f 496/530/767 497/531/765 521/557/2353
f 521/557/813 518/555/812 496/530/767
f 498/533/770 499/532/2354 525/560/817
f 525/560/817 522/559/820 498/533/770
f 497/531/773 498/534/772 522/563/2355
f 522/563/822 521/557/813 497/531/773
f 499/532/2354 482/516/739 500/535/825
f 500/535/825 525/560/817 499/532/2354
f 1006/1082/2323 503/538/1543 485/518/779
f 485/518/779 484/517/2356 1006/1082/2323
f 526/565/2357 501/536/776 527/566/829
f 501/536/2358 502/537/2359 1007/1084/2360
f 1007/1084/2361 529/567/830 501/536/2362
f 1007/1084/2363 502/537/2359 504/539/781
f 504/539/2364 1008/1085/2365 1007/1084/2360
f 533/570/833 505/541/2366 506/540/782
f 506/540/782 532/571/834 533/570/833
f 506/540/782 508/543/785 1009/1086/2367
f 1009/1086/2368 508/543/785 510/545/2369
f 510/545/2370 1010/1087/2371 1009/1086/2368
f 1010/1088/2371 510/548/2372 512/547/793
f 512/547/793 1011/1089/2373 1010/1088/2371
f 1012/1090/2374 514/550/796 515/552/798
f 515/552/798 542/584/2375 1012/1090/2376
f 1011/1089/2377 512/547/800 514/550/796
f 514/550/796 1012/1090/2378 1011/1089/2377
f 515/552/802 516/553/2379 547/586/2380
f 547/586/2380 542/584/851 515/552/802
f 547/586/856 516/553/2381 517/554/804
f 517/554/808 546/587/858 547/586/856
f 546/587/862 517/554/808 519/556/2382
f 519/556/2382 550/591/2383 546/587/2384
f 550/591/867 519/556/811 520/558/814
f 520/558/814 552/592/869 550/591/867
f 523/562/2385 524/561/818 556/595/872
f 556/595/872 553/594/871 523/562/2385
f 552/592/869 520/558/821 523/564/2386
f 523/564/823 553/598/877 552/592/869
f 524/561/828 526/565/827 527/566/879
f 527/566/879 556/595/2387 524/561/828
f 1008/1085/2388 504/539/781 505/541/783
f 505/541/2389 533/570/2390 1008/1085/2388
f 528/568/831 529/567/830 557/602/2391
f 529/567/2392 1007/1084/2360 562/604/889
f 562/604/889 557/602/2393 529/567/2392
f 562/604/889 1007/1084/2394 1008/1085/2365
f 1008/1085/2365 563/606/2395 562/604/889
f 534/573/837 532/571/2396 1009/1086/2367
f 537/575/840 534/573/2397 1009/1086/2368
f 1009/1086/2368 1010/1087/2398 537/575/840
f 1011/1089/2377 539/579/845 537/578/841
f 537/578/841 1010/1088/2371 1011/1089/2399
f 542/584/851 543/583/2400 1012/1090/2374
f 543/583/850 539/579/854 1011/1089/2377
f 1011/1089/2377 1012/1090/2401 543/583/850
f 542/584/851 547/586/2380 544/585/2402
f 544/585/2402 541/581/847 542/584/851
f 549/589/863 546/587/862 550/591/2383
f 548/590/2403 549/589/863 551/593/870
f 551/593/870 574/618/2404 548/590/2403
f 554/597/874 555/596/2405 575/621/2406
f 575/621/2407 576/620/2408 554/597/874
f 574/618/2404 551/593/878 554/599/874
f 554/599/874 576/623/2409 574/618/2404
f 555/596/2410 528/568/831 558/601/2411
f 558/601/2412 575/621/2413 555/596/2414
f 563/606/2415 1008/1085/2388 533/570/2390
f 533/570/2416 530/569/892 563/606/2417
f 1013/1091/2418 324/350/496 281/309/447
f 281/309/447 1014/1092/2419 1013/1091/2420
f 1015/1093/2421 282/308/2422 285/313/452
f 285/313/452 422/450/632 1015/1093/2421
f 615/665/1044 320/348/2423 323/351/498
f 323/351/498 616/666/2424 615/665/2425
f 887/955/1793 288/316/1792 1016/1094/2426
f 1016/1094/2426 1000/1070/2427 887/955/1790
f 623/674/1057 624/673/1056 283/311/2428
f 283/311/2428 1017/1095/2429 623/674/1057
f 260/266/400 623/674/1057 1017/1095/2430
f 1017/1095/2429 259/263/396 260/266/400
f 261/267/2251 260/266/2431 8/265/398
f 8/265/2432 11/268/2433 261/267/2251
f 621/672/1055 1000/1070/2427 1016/1094/2426
f 1016/1094/2426 624/673/1056 621/672/1055
f 624/673/2434 1016/1094/2426 286/312/451
f 286/312/451 283/311/450 624/673/1056
f 888/957/1795 1000/1070/2226 621/672/1055
f 1000/1070/2226 889/956/2225 887/955/1790
f 288/316/1792 286/312/451 1016/1094/2426
f 318/346/490 320/348/493 615/665/1044
f 317/345/494 320/348/2423 318/346/490
f 284/314/453 285/313/452 282/308/446
f 282/308/446 279/307/449 284/314/453
f 620/670/1052 258/262/395 259/263/401
f 259/263/396 1017/1095/2429 620/670/1052
f 284/314/453 620/670/1052 1017/1095/2429
f 1017/1095/2429 283/311/2428 284/314/453
f 422/450/632 285/313/452 286/312/451
f 286/312/451 287/315/454 422/450/632
f 280/310/448 281/309/447 324/350/496
f 324/350/496 321/349/495 280/310/448
f 618/668/1050 256/258/1048 257/259/2435
f 257/259/393 619/669/1051 618/668/1050
f 280/310/2436 618/668/2437 619/669/1051
f 619/669/1051 279/307/2438 280/310/2436
f 1014/1092/2419 281/309/447 282/308/446
f 282/308/446 1015/1093/2439 1014/1092/2419
f 259/263/401 258/262/395 5/261/2440
f 5/261/6 7/264/7 259/263/2441
f 257/259/2435 256/258/1048 2/257/3
f 2/257/391 4/260/2442 257/259/2435
f 1015/1093/2443 422/450/632 423/452/635
f 423/452/2444 409/439/618 1015/1093/2421
f 1013/1091/2418 1014/1092/2419 410/438/617
f 410/438/617 1018/1096/2445 1013/1091/2420
f 609/659/1023 411/437/1025 402/430/2446
f 402/430/2447 411/437/616 408/436/615
f 409/439/618 410/438/617 1014/1092/2448
f 1014/1092/2419 1015/1093/2449 409/439/2450
f 423/452/635 424/451/2451 417/445/2452
f 417/445/2452 414/444/624 423/452/635
f 409/439/618 423/452/635 414/444/2453
f 414/444/624 408/436/619 409/439/618
f 1018/1096/2445 410/438/617 411/437/2454
f 411/437/2455 610/660/2456 1018/1096/2445
f 431/459/650 424/451/649 287/315/633
f 287/315/633 445/475/2457 431/459/650
f 612/662/1046 1018/1096/2458 610/660/1028
f 291/320/2459 292/319/458 412/440/2460
f 412/440/2460 450/478/674 291/320/2459
f 292/319/458 294/322/462 295/323/463
f 295/323/463 412/440/2460 292/319/458
f 447/477/673 398/426/605 291/320/460
f 291/320/460 450/478/2461 447/477/673
f 92/91/117 141/141/203 156/156/2158
f 92/91/2462 156/156/2463 155/155/225
f 998/1069/2464 89/89/2465 91/92/2466
f 91/92/2467 997/1067/2468 998/1069/2222
f 20/18/22 91/92/2469 92/91/117
f 92/91/117 155/155/2321 20/18/22
f 13/12/2470 89/89/2471 998/1069/2222
f 89/89/115 88/88/114 90/90/116
f 98/98/2472 100/101/2473 27/28/2302
f 27/28/2302 28/27/34 98/98/127
f 102/102/2474 103/105/135 100/101/2303
f 100/101/2475 101/100/129 102/102/131
f 103/105/135 104/104/133 1019/1097/2476
f 1019/1097/2477 31/30/2301 103/105/135
f 98/98/2478 97/97/2479 99/99/128
f 98/98/2478 23/21/30 97/97/2479
f 104/104/133 105/103/132 106/106/2480
f 106/106/2481 105/103/132 161/162/235
f 161/162/235 163/163/237 106/106/2281
f 1019/1097/2482 104/104/2483 107/109/140
f 104/104/133 106/106/136 107/109/140
f 30/31/39 1019/1097/2476 107/109/2484
f 761/822/1494 30/31/2485 35/34/42
f 29/29/2486 761/822/2275 641/691/1092
f 254/253/387 641/691/1092 1003/1079/2296
f 35/34/42 30/31/39 107/109/2484
f 400/429/608 606/656/1011 605/655/2487
f 295/323/463 296/325/466 605/655/1007
f 613/664/1042 614/663/1041 318/346/490
f 318/346/490 615/665/1044 613/664/1043
f 613/664/1042 355/383/549 334/362/514
f 612/662/1040 613/664/2488 615/665/2489
f 339/366/518 316/344/2208 614/663/1041
f 614/663/1041 345/372/528 339/366/518
f 314/342/486 313/341/485 316/344/488
f 316/344/2208 339/366/518 314/342/486
f 231/231/339 207/206/301 205/205/300
f 144/144/211 145/146/213 993/1061/2205
f 993/1061/2205 134/134/192 144/144/211
f 20/18/22 997/1067/2468 91/92/118
f 99/99/128 159/159/232 160/160/2490
f 9/9/112 88/88/114 13/12/2470
f 87/87/110 9/9/112 10/8/8
f 145/146/213 146/145/2491 1020/1098/2492
f 174/174/2197 146/145/212 132/132/184
f 143/143/210 993/1061/2493 1021/1099/2494
f 1021/1099/2494 228/229/336 143/143/210
f 993/1061/2495 145/146/213 1020/1098/2492
f 1020/1098/2492 1021/1099/2494 993/1061/2205
f 143/143/2206 85/85/2496 133/133/188
f 142/142/208 143/143/2206 228/229/2497
f 207/206/301 1020/1098/2492 174/174/2191
f 174/174/2191 1020/1098/2492 146/145/2491
f 228/229/336 1021/1099/2494 231/231/339
f 1021/1099/2494 1020/1098/2492 207/206/301
f 207/206/301 231/231/339 1021/1099/2498
f 30/31/39 31/30/38 1019/1097/2476
f 298/326/467 297/324/465 301/327/468
f 429/457/1017 426/453/637 413/441/621
f 413/441/621 607/657/1013 429/457/1017
f 425/454/2150 426/453/637 429/457/2151
f 413/441/621 605/655/2499 607/657/1013
f 412/440/2460 425/454/2150 450/478/2500
f 447/1100/673 392/420/2501 393/419/2297
f 393/419/2297 398/1101/2502 447/1100/2503
f 448/1102/676 397/424/2504 392/420/2501
f 392/420/2501 447/1100/2503 448/1102/676
f 474/507/2505 479/511/2338 480/510/2506
f 480/510/2506 473/504/728 474/507/727
f 398/1101/2502 393/419/2297 1003/1079/2507
f 1003/1079/2508 399/1103/2509 398/1101/2502
f 597/1083/995 1005/1081/2317 397/424/2504
f 397/424/2504 448/1102/676 597/1083/995
f 1004/1080/2318 1005/1081/2510 479/511/2338
f 479/511/2338 474/507/2505 1004/1080/2318
f 480/510/2506 489/522/748 473/504/728
f 480/510/2506 490/523/2511 489/522/748
f 399/1103/2509 1003/1079/2507 641/691/1092
f 641/691/1092 886/1078/2276 399/1103/2509
f 18/20/25 249/250/2240 1001/1072/2512
f 1001/1072/2512 14/14/20 18/20/381
f 377/406/2513 378/405/2514 380/407/2515
f 380/407/2515 381/410/2516 377/406/2513
f 395/423/600 377/406/2513 381/410/2516
f 381/410/2516 471/502/721 395/423/600
f 378/405/2517 249/250/380 250/249/379
f 250/249/379 380/407/2518 378/405/578
f 18/20/381 19/19/23 93/94/120
f 93/94/120 248/248/378 18/20/381
f 527/566/829 501/536/2519 529/567/830
f 528/568/2520 557/602/883 558/601/2521
f 500/535/825 501/536/776 526/565/2357
f 481/514/2329 482/516/739 470/501/2330
f 476/505/725 489/522/748 488/520/2342
f 507/542/784 506/540/786 488/520/2342
f 506/540/782 1009/1086/2367 532/571/2396
f 531/572/835 534/573/839 535/574/843
f 395/423/600 472/503/2522 992/1060/2332
f 395/423/723 992/1060/2164 394/422/599
f 652/701/1118 475/506/726 651/702/2523
f 474/507/2524 652/701/1118 1004/1080/2525
f 559/600/886 579/625/2526 590/637/2527
f 90/90/2528 91/92/118 89/89/2465
f 333/360/2529 314/342/486 337/365/2530
f 311/339/482 314/342/486 333/360/511
f 404/431/610 608/658/1021 611/661/1035
f 403/432/611 404/431/610 611/661/2531
f 605/655/1007 606/656/1011 406/435/1015
f 412/440/620 413/441/621 426/453/637
f 296/325/2532 297/324/465 298/326/467
f 628/679/2533 627/677/1062 267/277/412
f 267/277/412 266/276/411 628/679/2533
f 301/327/2534 1002/1075/2535 627/677/2536
f 627/677/1062 628/679/2256 301/327/2534
f 1002/1075/2535 297/324/465 294/322/464
f 294/322/462 293/321/2537 1002/1075/2535
f 322/352/2538 323/351/498 320/348/2423
f 320/348/2423 319/347/2539 322/352/2540
f 639/689/1088 278/306/444 255/255/390
f 255/255/2541 617/667/1047 639/689/1088
f 322/352/499 639/689/2542 617/667/1047
f 617/667/1047 321/349/2543 322/352/499
f 616/666/2544 323/351/497 324/350/496
f 324/350/496 1013/1091/2418 616/666/2544
f 612/662/1046 616/666/2544 1013/1091/2418
f 1013/1091/2418 1018/1096/2445 612/662/1046
f 255/255/390 278/306/444 83/305/443
f 83/305/102 1/256/2545 255/255/390
f 40/278/2546 267/277/2547 265/274/409
f 265/274/1059 39/823/2548 40/278/50
f 605/655/1007 296/325/466 400/429/1012
f 296/325/466 298/326/467 400/429/1012
f 301/327/2534 297/324/465 1002/1075/2535
f 793/861/2155 791/859/1578 1022/1104/2549
f 1022/1104/2549 991/1059/2154 793/861/2155
f 791/859/1578 789/857/1575 1023/1105/2550
f 1023/1105/2550 1022/1104/2549 791/859/1578
f 787/855/1572 990/1058/2152 1023/1105/2550
f 1023/1105/2550 789/857/2551 787/855/1572
f 781/849/1563 207/206/301 783/851/1566
f 785/853/2552 990/1058/2152 787/855/1572
f 207/206/301 990/1058/2152 783/851/1566
f 207/206/301 174/174/2191 173/173/260
f 991/1059/2154 1022/1104/2549 171/171/2553
f 171/171/2553 170/170/254 991/1059/2154
f 1022/1104/2554 1023/1105/2550 172/172/258
f 172/172/258 171/171/2553 1022/1104/2554
f 736/797/2153 991/1059/2154 170/170/2555
f 172/172/258 1023/1105/2550 990/1058/2152
f 990/1058/2152 173/173/260 172/172/258
f 783/851/1566 990/1058/2152 785/853/1570
f 193/192/284 736/797/1323 169/169/2556
f 188/189/280 189/188/279 735/796/1322
f 167/167/248 188/189/1321 168/168/2557
f 192/193/2558 193/192/284 168/168/249
f 168/168/2557 188/189/1321 192/193/285
f 737/798/1345 193/192/284 190/191/282
f 793/861/1582 745/806/1519 198/198/1521
f 198/198/293 763/831/2559 793/861/2155
