# Blender 4.1.1
# www.blender.org
mtllib L_body.mtl
o L_body
v 0.038732 -0.007698 0.052314
v 0.037432 -0.005500 0.049549
v 0.038081 -0.005124 0.055231
v 0.036938 -0.002550 0.058009
v 0.035828 -0.000530 0.055219
v 0.035071 0.000228 0.060867
v 0.032971 0.002883 0.063710
v 0.032419 0.004348 0.060460
v 0.030095 0.006711 0.062621
v 0.030339 0.005272 0.066014
v 0.027183 0.007470 0.068239
v 0.027415 0.008695 0.064725
v 0.022455 0.010553 0.068981
v 0.012298 0.013449 0.074076
v 0.014151 0.011614 0.074896
v 0.016180 0.011677 0.073155
v 0.014976 0.013107 0.071814
v 0.013815 0.014762 0.068985
v 0.010654 0.015565 0.069190
v 0.009538 0.014981 0.073855
v -0.003081 0.016851 0.067391
v -0.003481 0.016825 0.072232
v 0.001819 0.016915 0.073090
v 0.002517 0.016943 0.068660
v -0.009633 0.014860 0.068290
v -0.013560 0.012107 0.066119
v -0.009049 0.015122 0.064693
v -0.012890 0.013159 0.062199
v -0.017118 0.009259 0.063485
v -0.015852 0.011058 0.059564
v -0.018884 0.008260 0.057874
v -0.023309 0.001891 0.053838
v -0.022034 0.003350 0.056782
v -0.021447 0.005218 0.055446
v -0.022692 0.003520 0.052380
v -0.024159 -0.000399 0.050427
v -0.023719 0.000998 0.049152
v -0.024515 -0.003089 0.047085
v -0.024472 -0.005927 0.043872
v -0.023256 -0.003029 0.041314
v -0.023858 -0.008696 0.040779
v -0.022729 -0.011413 0.037791
v -0.021559 -0.008183 0.035574
v -0.019944 -0.010797 0.032680
v -0.021067 -0.014116 0.034904
v -0.016261 -0.018974 0.029997
v -0.018792 -0.016676 0.032275
v -0.017908 -0.013219 0.030185
v -0.015321 -0.015470 0.028016
v -0.010231 -0.022936 0.026373
v -0.013392 -0.021156 0.027935
v -0.012488 -0.017582 0.025938
v -0.009191 -0.019393 0.024411
v -0.002858 -0.025755 0.024263
v -0.006745 -0.024413 0.025204
v -0.005725 -0.021004 0.023164
v -0.001921 -0.022257 0.022616
v 0.005408 -0.027390 0.023713
v 0.001229 -0.026782 0.023718
v 0.002021 -0.023220 0.022159
v 0.005999 -0.023647 0.022282
v 0.013719 -0.027660 0.024799
v 0.009619 -0.027676 0.024092
v 0.009965 -0.023975 0.022687
v 0.013887 -0.023873 0.023252
v 0.021523 -0.026417 0.027524
v 0.017708 -0.027208 0.025982
v 0.017677 -0.023555 0.024413
v 0.021280 -0.022839 0.025896
v 0.028334 -0.023833 0.031638
v 0.025106 -0.025265 0.029432
v 0.024559 -0.021847 0.027947
v 0.027556 -0.020496 0.030136
v 0.033679 -0.020193 0.036845
v 0.031223 -0.022109 0.034138
v 0.030282 -0.018930 0.032440
v 0.032578 -0.017072 0.034835
v 0.037280 -0.015652 0.042750
v 0.035721 -0.018030 0.039737
v 0.034614 -0.015014 0.037624
v 0.035917 -0.012730 0.040530
v 0.038326 -0.013096 0.045866
v 0.036961 -0.010494 0.043545
v 0.038827 -0.010440 0.049090
v 0.034787 -0.003534 0.047702
v 0.033636 0.000792 0.053062
v 0.030633 0.005150 0.057457
v 0.026034 0.009206 0.061115
v 0.021711 0.011961 0.065378
v 0.021017 0.012262 0.063590
v 0.017501 0.013667 0.064377
v 0.018144 0.013394 0.066910
v 0.008093 0.016251 0.065658
v 0.007500 0.016346 0.069251
v 0.011105 0.015566 0.065441
v 0.003135 0.016723 0.065233
v -0.002412 0.016480 0.063917
v -0.008588 0.015114 0.062760
v -0.007984 0.014873 0.061016
v -0.011260 0.013394 0.058777
v -0.012186 0.013449 0.060451
v -0.013865 0.012090 0.056631
v -0.015940 0.010396 0.054006
v -0.017587 0.009701 0.055876
v -0.015130 0.011653 0.058177
v -0.017945 0.008454 0.051431
v -0.019243 0.006453 0.048476
v -0.021699 0.004938 0.050928
v -0.020178 0.007182 0.054007
v -0.020333 0.004117 0.045689
v -0.020849 0.001782 0.042690
v -0.023285 -0.000110 0.044787
v -0.022748 0.002382 0.047903
v -0.020862 -0.000899 0.039665
v -0.019393 -0.005936 0.034236
v -0.017689 -0.008265 0.031675
v -0.015708 -0.010402 0.029448
v -0.013448 -0.012386 0.027496
v -0.010920 -0.014312 0.025712
v -0.007699 -0.015920 0.024310
v -0.004440 -0.017252 0.023310
v -0.000859 -0.018354 0.022514
v 0.002846 -0.019224 0.022359
v 0.006500 -0.019769 0.022440
v 0.010169 -0.020105 0.022824
v 0.013590 -0.020216 0.023689
v 0.017123 -0.019873 0.024701
v 0.020270 -0.019233 0.026059
v 0.023290 -0.018370 0.027692
v 0.026006 -0.017221 0.029818
v 0.028453 -0.015882 0.032096
v 0.030414 -0.014369 0.034301
v 0.034739 -0.008330 0.042389
v 0.033654 -0.010454 0.039527
v 0.032257 0.001268 0.052145
v 0.033118 -0.001229 0.049287
v 0.024160 0.008931 0.058729
v 0.027739 0.006747 0.057327
v 0.030567 0.003895 0.054783
v 0.020220 0.010224 0.058785
v 0.020341 0.012101 0.061981
v 0.032990 -0.003807 0.045846
v 0.034055 -0.007731 0.042149
v 0.032240 -0.012612 0.036804
v 0.029995 -0.013448 0.034582
v 0.031476 -0.011861 0.036697
v -0.001651 0.007783 0.048893
v 0.002934 0.007061 0.048732
v 0.002225 0.006385 0.047694
v -0.001587 0.008640 0.050075
v -0.002405 0.000006 0.039053
v 0.004798 0.001606 0.042132
v -0.000627 -0.001066 0.038076
v 0.003671 0.002236 0.042680
v 0.013932 0.014899 0.065192
v 0.013526 0.013970 0.062517
v 0.008298 0.015154 0.062597
v 0.003717 0.015634 0.062117
v -0.001147 0.015195 0.060682
v -0.006214 0.013721 0.057998
v -0.010565 0.011903 0.054448
v -0.012610 0.010438 0.052109
v -0.014956 0.008072 0.048700
v -0.016399 0.004944 0.044572
v -0.016904 0.000453 0.038580
v -0.015643 -0.004024 0.034026
v -0.012849 -0.008048 0.029972
v -0.008583 -0.011497 0.027024
v -0.003583 -0.014156 0.024721
v 0.003279 -0.016466 0.023633
v 0.010471 -0.017561 0.024055
v 0.016544 -0.017464 0.025661
v 0.022360 -0.016587 0.028514
v 0.027692 -0.014982 0.032152
v -0.002430 0.010227 0.052193
v -0.003318 0.010902 0.053054
v -0.000598 0.014000 0.058854
v -0.012307 0.008878 0.049469
v -0.012187 0.008121 0.048336
v -0.011670 0.010260 0.051607
v -0.012158 0.009601 0.050582
v -0.009915 0.011358 0.053351
v -0.010936 0.010881 0.052597
v -0.007247 0.011820 0.054097
v -0.008635 0.011707 0.053901
v -0.011642 0.007384 0.047279
v -0.011516 -0.005067 0.032547
v -0.010283 -0.006405 0.031228
v -0.009877 -0.008734 0.029248
v -0.006786 -0.007828 0.030001
v -0.005121 -0.007980 0.030000
v -0.004299 -0.010237 0.028003
v -0.007485 -0.009401 0.028605
v -0.013711 0.002622 0.041266
v -0.006437 0.000772 0.039406
v -0.008397 0.000590 0.038967
v -0.007188 0.005654 0.045321
v 0.000001 -0.006217 0.032472
v 0.000777 -0.004863 0.034042
v 0.007841 -0.005085 0.035096
v 0.000388 -0.002285 0.036844
v 0.007546 -0.004031 0.036200
v 0.000903 -0.003584 0.035465
v 0.007590 -0.003028 0.037343
v 0.024633 -0.005456 0.039897
v 0.025500 -0.009288 0.036055
v 0.019001 -0.006024 0.037222
v -0.004508 0.011412 0.053668
v -0.005818 0.011738 0.054047
v -0.004356 0.000635 0.039515
v -0.004168 0.005916 0.046066
v 0.002149 0.003854 0.044401
v 0.002751 0.002991 0.043437
v 0.006077 0.001128 0.041821
v 0.008084 -0.002118 0.038501
v 0.001825 0.004727 0.045452
v -0.003043 0.006362 0.046804
v -0.012002 -0.003735 0.033917
v -0.012003 -0.002407 0.035350
v 0.031755 0.001329 0.051941
v 0.032559 -0.001007 0.049265
v 0.024183 0.008517 0.058096
v 0.027529 0.006465 0.056785
v 0.030162 0.003779 0.054416
v 0.020498 0.009735 0.058147
v 0.017224 0.009155 0.055958
v 0.016726 0.009622 0.056433
v 0.032437 -0.003437 0.046058
v 0.031412 -0.005844 0.042466
v 0.030960 -0.005354 0.042903
v 0.028535 -0.006343 0.040462
v 0.028262 -0.005836 0.041044
v 0.024616 -0.004995 0.040505
v 0.017284 0.002002 0.046407
v 0.016804 0.002038 0.046186
v 0.015486 0.005039 0.049634
v 0.016050 0.004818 0.049627
v 0.015332 0.007624 0.053095
v 0.015913 0.007258 0.052853
v 0.021578 -0.003138 0.041578
v 0.021389 -0.003465 0.041041
v 0.018434 -0.000565 0.043474
v 0.018809 -0.000429 0.043861
v 0.027773 0.002077 0.051630
v 0.021500 0.005502 0.053430
v 0.026968 -0.002227 0.045690
v 0.020922 0.001014 0.047255
v 0.006595 0.016031 0.073516
v 0.005888 0.015718 0.077296
v 0.008617 0.014413 0.077431
v 0.001293 0.016840 0.076938
v -0.009870 0.014507 0.071148
v -0.016343 0.008203 0.068395
v -0.013446 0.011170 0.069954
v 0.037789 -0.009403 0.054217
v 0.038732 -0.007698 0.052314
v 0.038081 -0.005124 0.055231
v 0.037148 -0.006825 0.057057
v 0.035993 -0.004147 0.059679
v 0.036938 -0.002550 0.058009
v 0.035071 0.000228 0.060867
v 0.033980 -0.001451 0.062496
v 0.031775 0.001259 0.065173
v 0.032971 0.002883 0.063710
v 0.030339 0.005272 0.066014
v 0.029258 0.003709 0.067382
v 0.026452 0.006102 0.069260
v 0.027183 0.007470 0.068239
v 0.022378 0.009431 0.070831
v 0.022004 0.007825 0.071881
v -0.024159 -0.000399 0.050427
v -0.023224 -0.003078 0.053021
v -0.023309 0.001891 0.053838
v -0.023567 -0.008079 0.046461
v -0.024515 -0.003089 0.047085
v -0.022164 -0.013110 0.040661
v -0.023110 -0.010691 0.043577
v -0.023858 -0.008696 0.040779
v -0.022729 -0.011413 0.037791
v -0.018402 -0.018336 0.035241
v -0.021067 -0.014116 0.034904
v -0.013156 -0.022404 0.030513
v -0.016261 -0.018974 0.029997
v -0.006553 -0.025986 0.027763
v -0.010231 -0.022936 0.026373
v 0.001082 -0.028351 0.026355
v -0.002858 -0.025755 0.024263
v 0.009318 -0.029310 0.026557
v 0.005408 -0.027390 0.023713
v 0.009619 -0.027676 0.024092
v 0.013719 -0.027660 0.024799
v 0.024494 -0.027010 0.031666
v 0.017187 -0.028852 0.028332
v 0.021523 -0.026417 0.027524
v 0.025106 -0.025265 0.029432
v 0.028334 -0.023833 0.031638
v 0.030762 -0.023754 0.036417
v 0.031223 -0.022109 0.034138
v 0.033679 -0.020193 0.036845
v 0.035207 -0.019516 0.042117
v 0.035721 -0.018030 0.039737
v 0.037280 -0.015652 0.042750
v 0.037506 -0.014686 0.048027
v 0.038326 -0.013096 0.045866
v 0.038827 -0.010440 0.049090
v 0.037910 -0.012136 0.051180
v 0.031327 -0.009059 0.064956
v 0.027645 -0.012008 0.066853
v 0.029297 -0.014395 0.064148
v 0.032995 -0.011565 0.062010
v 0.026643 -0.004176 0.069857
v 0.022507 -0.007087 0.071768
v 0.025295 -0.009565 0.069294
v 0.029081 -0.006612 0.067449
v 0.017893 -0.010330 0.073631
v 0.017971 -0.005601 0.075304
v -0.019743 -0.002339 0.063684
v -0.019713 -0.008095 0.059962
v -0.017785 -0.010802 0.063798
v -0.018132 -0.004717 0.068513
v -0.019468 -0.013676 0.054523
v -0.017284 -0.016154 0.057656
v -0.014857 -0.018576 0.060487
v -0.016591 -0.019028 0.054378
v -0.013985 -0.021479 0.057473
v -0.014482 -0.022456 0.052265
v -0.018033 -0.018639 0.048048
v -0.015481 -0.022655 0.042242
v -0.012902 -0.024788 0.045306
v -0.011547 -0.025736 0.037683
v -0.007338 -0.028187 0.041625
v -0.005408 -0.029006 0.034615
v -0.004000 -0.029765 0.037400
v 0.000851 -0.030822 0.032992
v 0.004499 -0.031782 0.035249
v 0.000812 -0.031154 0.036494
v 0.008660 -0.031788 0.032959
v 0.008384 -0.032116 0.035094
v 0.015834 -0.031232 0.034631
v 0.012319 -0.031997 0.036180
v 0.022050 -0.029546 0.037774
v 0.020601 -0.030076 0.039606
v 0.028189 -0.026702 0.042670
v 0.025524 -0.027945 0.043497
v 0.032073 -0.023049 0.047783
v 0.027894 -0.025349 0.050482
v 0.033923 -0.018499 0.053604
v 0.031065 -0.021029 0.055531
v 0.033917 -0.014151 0.058861
v 0.030306 -0.016789 0.061153
v 0.030910 -0.018992 0.058521
v 0.034197 -0.016338 0.056239
v 0.008357 -0.032124 0.035545
v 0.004617 -0.031847 0.035680
v 0.001038 -0.031241 0.036928
v -0.009263 -0.027307 0.052144
v -0.008924 -0.027458 0.046662
v -0.007616 -0.027824 0.049465
v 0.012126 -0.032036 0.036611
v 0.015830 -0.031534 0.038346
v 0.015400 -0.031530 0.038738
v 0.022621 -0.027449 0.054426
v 0.020419 -0.028421 0.053575
v 0.020656 -0.028397 0.051340
v 0.018441 -0.030578 0.041340
v 0.022730 -0.028866 0.044280
v 0.020022 -0.029443 0.045140
v -0.002823 -0.030073 0.038925
v -0.002421 -0.030197 0.039370
v -0.004828 -0.029005 0.042647
v -0.005412 -0.028793 0.042418
v 0.023077 -0.027965 0.049221
v 0.020578 -0.028682 0.049084
v -0.006564 -0.028155 0.047232
v -0.007147 -0.027922 0.047110
v -0.007255 -0.028338 0.051760
v -0.006354 -0.026689 0.052024
v -0.005693 -0.027910 0.056055
v -0.006632 -0.029516 0.055687
v -0.007043 -0.029358 0.056071
v -0.007740 -0.028098 0.051843
v 0.019257 -0.029144 0.057583
v 0.021028 -0.028216 0.058791
v -0.004744 -0.031256 0.058615
v -0.005074 -0.031223 0.059116
v 0.017941 -0.030445 0.062250
v 0.016785 -0.030822 0.060632
v 0.014518 -0.032803 0.064083
v 0.010269 -0.034769 0.064948
v 0.009748 -0.034372 0.063419
v 0.013672 -0.032750 0.062433
v 0.005367 -0.035005 0.063464
v 0.005346 -0.035577 0.065000
v 0.000740 -0.034922 0.064304
v 0.001335 -0.034476 0.062734
v -0.002105 -0.033139 0.061358
v -0.003055 -0.033296 0.062936
v -0.001829 -0.033093 0.060898
v 0.013497 0.008079 0.079028
v 0.011838 0.010106 0.079820
v 0.011237 0.008602 0.082957
v 0.012720 0.006666 0.081171
v 0.009191 0.011703 0.084310
v 0.010023 0.011986 0.080605
v 0.007746 0.013968 0.080887
v 0.007119 0.013847 0.084445
v 0.005249 0.015375 0.080905
v 0.000910 0.016746 0.080613
v 0.000691 0.016730 0.084121
v 0.004815 0.015387 0.084454
v -0.003732 0.016862 0.080025
v -0.010062 0.014146 0.078881
v -0.010113 0.014052 0.082479
v -0.003778 0.016871 0.083583
v -0.013265 0.010127 0.078128
v -0.010058 0.014323 0.075020
v -0.013350 0.010540 0.073899
v -0.015842 0.007314 0.072943
v -0.017316 0.004252 0.072108
v -0.016922 0.003221 0.076750
v -0.015621 0.006555 0.077500
v 0.008799 0.011548 0.089483
v 0.006801 0.013884 0.089386
v -0.016739 0.002917 0.080945
v -0.015513 0.006438 0.081322
v -0.018077 0.001015 0.071057
v -0.019147 0.002690 0.065933
v -0.008290 -0.028910 0.057402
v -0.010705 -0.025824 0.058679
v 0.010336 -0.025327 0.068963
v 0.003779 -0.026660 0.068270
v 0.009911 -0.033073 0.065914
v -0.003063 -0.031901 0.063942
v -0.002765 -0.026274 0.067295
v -0.006691 -0.029049 0.062505
v 0.016010 -0.022562 0.069117
v 0.017352 -0.024880 0.066895
v 0.021627 -0.021190 0.066678
v 0.019995 -0.018861 0.068767
v -0.015524 -0.013253 0.066868
v -0.012924 -0.020269 0.062751
v 0.007781 -0.019544 0.072162
v 0.009097 -0.022347 0.070170
v 0.014230 -0.019347 0.070745
v 0.012740 -0.016764 0.072826
v -0.003204 -0.023310 0.068714
v 0.003095 -0.023500 0.069592
v 0.002120 -0.020887 0.071800
v -0.004264 -0.020675 0.070753
v 0.021289 -0.012858 0.070900
v 0.015595 -0.013846 0.073172
v 0.017768 -0.016064 0.070874
v -0.012809 -0.016286 0.068568
v -0.012185 -0.014769 0.073790
v 0.007029 -0.017921 0.075205
v 0.001602 -0.019349 0.074716
v -0.010293 -0.018202 0.069208
v -0.005763 -0.018676 0.074278
v 0.013949 -0.012922 0.075036
v 0.011770 -0.014949 0.075204
v 0.006113 -0.017548 0.080804
v 0.001208 -0.019221 0.080701
v 0.005998 -0.017612 0.086537
v 0.000867 -0.020174 0.086103
v 0.007649 -0.016149 0.085824
v 0.009040 -0.014498 0.088254
v 0.013478 -0.001889 0.093214
v 0.012836 0.002734 0.095254
v 0.013545 -0.001860 0.094997
v 0.012814 0.002586 0.093805
v 0.012720 0.006666 0.081171
v 0.014019 0.004304 0.080081
v 0.014449 0.006726 0.078588
v 0.016238 -0.006531 0.076445
v 0.015446 -0.010201 0.075502
v -0.016981 -0.001007 0.080574
v -0.017349 -0.000461 0.075756
v -0.016546 -0.007204 0.073430
v -0.015913 -0.007617 0.079951
v -0.011881 -0.014928 0.080061
v -0.005860 -0.018630 0.080202
v -0.005332 -0.019783 0.123257
v -0.010638 -0.015037 0.123182
v -0.011851 -0.015399 0.093819
v -0.005966 -0.020197 0.093633
v -0.013979 -0.008074 0.123117
v -0.015242 -0.007913 0.094094
v 0.000844 -0.020894 0.093684
v 0.001136 -0.020858 0.123405
v 0.006212 -0.017822 0.093999
v 0.006962 -0.018093 0.123418
v 0.010450 -0.012415 0.094272
v 0.010987 -0.013143 0.123327
v 0.012434 -0.007407 0.094630
v 0.013312 -0.007523 0.123206
v 0.013504 0.004096 0.122968
v 0.014421 -0.001623 0.123085
v 0.013545 -0.001860 0.094997
v 0.014421 -0.001623 0.123085
v 0.011020 0.008153 0.095594
v 0.011602 0.009195 0.122905
v 0.004414 0.015496 0.089264
v 0.004049 0.015495 0.095473
v -0.014007 0.005817 0.122889
v -0.009922 0.013112 0.122765
v -0.010206 0.013738 0.094623
v -0.015051 0.006326 0.094213
v -0.016509 -0.001319 0.094124
v -0.015325 -0.001379 0.123004
v -0.015152 0.002205 0.122975
v -0.016259 0.002589 0.094140
v -0.016509 -0.001319 0.094124
v -0.015325 -0.001379 0.123004
v 0.008411 0.013331 0.122830
v 0.007961 0.013368 0.128582
v 0.011504 0.009191 0.126909
v 0.004423 0.016128 0.122804
v 0.004165 0.015860 0.128469
v -0.004142 0.016745 0.122701
v -0.009540 0.012740 0.128363
v -0.004079 0.016509 0.128403
v -0.013656 0.005615 0.126605
v -0.015031 -0.001471 0.126606
v -0.013748 -0.007974 0.126633
v -0.015031 -0.001471 0.126606
v -0.005087 -0.019162 0.128623
v -0.010331 -0.015064 0.126599
v 0.000984 -0.020345 0.128664
v 0.006570 -0.017832 0.128715
v 0.010825 -0.013074 0.127066
v 0.013195 -0.007577 0.127032
v 0.013490 0.003935 0.126983
v 0.014352 -0.001709 0.126870
v 0.014352 -0.001709 0.126870
v 0.011126 0.008989 0.130273
v 0.007336 0.012869 0.133249
v 0.003843 0.015041 0.133268
v -0.000576 0.017021 0.128419
v -0.000725 0.016015 0.133241
v -0.008939 0.011982 0.133036
v -0.003993 0.015593 0.133268
v -0.013075 0.005299 0.130093
v -0.012601 0.004986 0.132982
v -0.014425 -0.001570 0.129969
v -0.013646 -0.001674 0.133002
v -0.013242 -0.007829 0.130036
v -0.012602 -0.007707 0.133013
v -0.013646 -0.001674 0.133002
v -0.014425 -0.001570 0.129969
v -0.009171 -0.014472 0.132998
v -0.009779 -0.014871 0.130052
v -0.004669 -0.018224 0.133146
v 0.000934 -0.019428 0.133089
v 0.005929 -0.016827 0.133075
v 0.010382 -0.012818 0.130473
v 0.009935 -0.012600 0.133106
v 0.012795 -0.007483 0.130457
v 0.012410 -0.007282 0.133103
v 0.013938 -0.001809 0.130397
v 0.013169 0.003709 0.130417
v 0.012778 0.003525 0.133186
v 0.013418 -0.001823 0.133127
v 0.013938 -0.001809 0.130397
v 0.013418 -0.001823 0.133127
v 0.010675 0.008745 0.133182
v 0.009947 0.008221 0.135958
v 0.006407 0.011546 0.137324
v 0.009072 0.007446 0.138483
v -0.003148 0.011373 0.140493
v -0.003680 0.013733 0.137282
v -0.008177 0.010463 0.136971
v -0.007107 0.008361 0.140338
v -0.010953 0.004126 0.138107
v -0.009634 0.003534 0.140346
v -0.011590 -0.001782 0.138237
v -0.010245 -0.001801 0.140471
v -0.010245 -0.001801 0.140471
v -0.011590 -0.001782 0.138237
v -0.010631 -0.007345 0.138255
v -0.009227 -0.007047 0.140538
v -0.002995 -0.014535 0.140384
v -0.006511 -0.011762 0.140443
v -0.007584 -0.012908 0.138186
v -0.003976 -0.016702 0.136991
v 0.000643 -0.015238 0.140318
v 0.000866 -0.017757 0.136896
v 0.005274 -0.015313 0.136814
v 0.004564 -0.013573 0.140278
v 0.008626 -0.011330 0.138120
v 0.007591 -0.010146 0.140438
v 0.009314 -0.012116 0.135635
v 0.011741 -0.006968 0.135659
v 0.010844 -0.006633 0.138215
v 0.012580 -0.001818 0.135763
v 0.012065 0.003222 0.135850
v 0.011123 0.002772 0.138455
v 0.011539 -0.001838 0.138413
v 0.012580 -0.001818 0.135763
v 0.011539 -0.001838 0.138413
v 0.005617 0.004052 0.143643
v 0.007783 0.006335 0.140837
v 0.005151 0.009565 0.140734
v 0.003655 0.006693 0.143446
v 0.002280 0.011289 0.140576
v 0.000736 0.008380 0.143299
v -0.000964 0.011998 0.140548
v -0.002490 0.007869 0.143319
v -0.005459 0.005867 0.143065
v -0.007225 0.002767 0.143140
v -0.007875 -0.001798 0.143142
v -0.007875 -0.001798 0.143142
v -0.006885 -0.006248 0.143187
v -0.004828 -0.009223 0.143286
v -0.002157 -0.010914 0.143395
v 0.000441 -0.011162 0.143495
v 0.003214 -0.009887 0.143547
v 0.005542 -0.006615 0.143876
v 0.009427 -0.006151 0.140607
v 0.006666 -0.001919 0.144008
v 0.010080 -0.001870 0.140799
v 0.009648 0.002151 0.140886
v 0.006737 0.001213 0.143786
v 0.010080 -0.001870 0.140799
v 0.006666 -0.001919 0.144008
v 0.002313 0.003984 0.144983
v 0.000269 0.005112 0.144870
v -0.001877 0.004571 0.144922
v -0.003661 0.002260 0.145139
v -0.004252 -0.001761 0.145295
v -0.004252 -0.001761 0.145295
v -0.003485 -0.005689 0.145124
v -0.001354 -0.007673 0.145001
v 0.000275 -0.007956 0.145003
v 0.002241 -0.007406 0.144946
v 0.003278 -0.005153 0.145291
v 0.003897 -0.001827 0.145389
v 0.003531 0.001470 0.145309
v 0.003897 -0.001827 0.145389
v -0.000052 0.002875 0.145619
v -0.000077 -0.001826 0.145937
v 0.000080 -0.005423 0.145767
v -0.000077 -0.001826 0.145937
v -0.005986 -0.019650 0.086286
v -0.011853 -0.015305 0.086480
v -0.015587 -0.007739 0.086975
v -0.016774 -0.001230 0.087073
v 0.010411 0.008880 0.089643
v 0.011240 0.007349 0.091837
v 0.013478 -0.001889 0.093214
v 0.012325 -0.007459 0.091614
v 0.010400 -0.012311 0.089597
v 0.012079 0.005244 0.093197
v 0.010388 0.009353 0.085410
v 0.010135 0.009480 0.087537
v -0.011205 -0.023910 0.061146
v -0.006145 -0.031109 0.060745
v -0.010442 -0.021977 0.064536
v 0.000586 -0.033434 0.065007
v 0.013993 -0.031329 0.065598
v 0.018705 -0.027367 0.065095
v 0.005170 -0.033797 0.065751
v 0.024018 -0.025188 0.061456
v 0.025589 -0.026842 0.049887
v 0.024988 -0.026011 0.055562
v 0.027941 -0.023320 0.057340
v 0.027597 -0.021846 0.060497
v 0.036240 -0.011611 0.056576
v 0.035393 -0.008939 0.059562
v 0.033826 -0.006343 0.062377
v 0.031791 -0.003843 0.065071
v 0.024353 0.003134 0.071414
v 0.022178 0.000806 0.073328
v 0.024349 -0.001738 0.071726
v 0.026882 0.000903 0.069485
v -0.021662 -0.010923 0.050732
v -0.021606 -0.005705 0.056566
v -0.021297 -0.013479 0.047588
v -0.017087 -0.020632 0.038733
v -0.020312 -0.016001 0.044375
v -0.012519 -0.024295 0.034056
v -0.006094 -0.027719 0.031132
v 0.000910 -0.029814 0.029595
v 0.008992 -0.030765 0.029680
v 0.016607 -0.030193 0.031150
v 0.023502 -0.028449 0.034215
v 0.029835 -0.025282 0.038947
v 0.034082 -0.021220 0.044946
v 0.036107 -0.016522 0.050817
v 0.036482 -0.014099 0.053713
v -0.021191 -0.003167 0.059282
v -0.018955 0.006296 0.063066
v 0.015890 0.009731 0.075366
v 0.013012 0.011098 0.077420
v 0.014692 0.009173 0.076970
v 0.017434 0.005858 0.075927
v 0.015838 0.007857 0.076610
v 0.015663 0.004955 0.078060
v 0.009081 -0.016277 0.076782
v 0.007455 -0.016854 0.079185
v 0.006904 -0.016903 0.082998
v -0.012950 0.010133 0.087653
v -0.010185 0.013908 0.088056
v -0.013079 0.010091 0.081951
v 0.004868 -0.029976 0.035871
v 0.008378 -0.030236 0.035738
v 0.001487 -0.029400 0.037011
v -0.007110 -0.028064 0.049486
v -0.006282 -0.026365 0.049632
v 0.011919 -0.030153 0.036734
v 0.014986 -0.029678 0.038715
v 0.019838 -0.028837 0.049036
v 0.019950 -0.028595 0.051187
v 0.019297 -0.026819 0.051059
v 0.019261 -0.027044 0.048801
v 0.017266 -0.028864 0.041503
v 0.017790 -0.030675 0.041715
v 0.019229 -0.029595 0.045388
v 0.018707 -0.027794 0.045095
v -0.001811 -0.028401 0.039300
v -0.004145 -0.027239 0.042536
v -0.005804 -0.026417 0.047251
v 0.019000 -0.026892 0.053297
v 0.019750 -0.028635 0.053327
v 0.018703 -0.029340 0.057237
v 0.017811 -0.027672 0.057385
v -0.003932 -0.029603 0.059071
v 0.016448 -0.030931 0.060162
v 0.015567 -0.029275 0.060451
v 0.012724 -0.031033 0.062407
v 0.013427 -0.032735 0.061952
v 0.009596 -0.034258 0.062974
v 0.009207 -0.032500 0.063576
v 0.005335 -0.033055 0.063664
v 0.005374 -0.034838 0.063017
v 0.001509 -0.034346 0.062277
v 0.001764 -0.032565 0.062881
v -0.001254 -0.031372 0.061450
v 0.011038 -0.010463 0.075620
v 0.013761 -0.012808 0.075212
v 0.015232 -0.010138 0.075587
v 0.011971 -0.008324 0.076058
v 0.006102 -0.012675 0.087440
v 0.009148 -0.014213 0.087861
v 0.007833 -0.015846 0.085651
v 0.004980 -0.014107 0.085659
v 0.009438 0.001642 0.092333
v 0.012800 0.002568 0.093423
v 0.013410 -0.001926 0.092759
v 0.009944 -0.001831 0.091927
v 0.010747 0.003205 0.079776
v 0.013795 0.004152 0.080213
v 0.012587 0.006479 0.081323
v 0.009567 0.005387 0.080790
v 0.015966 -0.006572 0.076553
v 0.012379 -0.005704 0.076770
v 0.009944 -0.001831 0.091927
v 0.013410 -0.001926 0.092759
v 0.012269 -0.007351 0.091198
v 0.009010 -0.006140 0.090547
v 0.010398 -0.012118 0.089216
v 0.007462 -0.010379 0.088863
v 0.008083 0.005630 0.091031
v 0.011333 0.007116 0.091549
v 0.012112 0.005106 0.092845
v 0.008716 0.003890 0.091869
v 0.007468 0.007051 0.089600
v 0.010582 0.008542 0.089537
v 0.008055 0.006993 0.082865
v 0.011150 0.008165 0.083197
v 0.010421 0.008899 0.085427
v 0.007275 0.007660 0.085194
v 0.007099 0.007692 0.087679
v 0.010225 0.009050 0.087529
v 0.011866 -0.000579 0.078394
v 0.015419 -0.000848 0.078313
v 0.009662 -0.012189 0.075554
v 0.011699 -0.014726 0.075499
v 0.006979 -0.014067 0.076469
v 0.009144 -0.016043 0.076965
v 0.004800 -0.014947 0.078851
v 0.007615 -0.016593 0.079227
v 0.004121 -0.015012 0.082864
v 0.007070 -0.016559 0.082945
v 0.009567 0.005387 0.080790
v 0.012587 0.006479 0.081323
v 0.006765 -0.021914 0.051246
v 0.004169 -0.003181 0.082793
v 0.009438 0.001642 0.092333
v 0.008716 0.003890 0.091869
v 0.008083 0.005630 0.091031
v 0.007468 0.007051 0.089600
v 0.007275 0.007660 0.085194
v 0.008055 0.006993 0.082865
v 0.007099 0.007692 0.087679
v -0.010190 -0.000188 0.037912
v -0.008697 -0.007289 0.030411
v 0.000311 -0.011108 0.027681
v -0.003151 -0.007822 0.030376
v -0.000966 -0.001313 0.037916
v -0.002631 -0.000313 0.038833
v 0.000016 -0.002477 0.036812
v 0.000472 -0.003682 0.035498
v 0.000341 -0.004866 0.034171
v -0.000425 -0.006070 0.032690
v -0.001699 -0.006968 0.031615
v -0.001382 -0.007158 0.031287
v -0.003341 -0.007528 0.030745
v -0.005156 -0.007701 0.030393
v -0.006692 -0.007537 0.030379
v -0.008455 -0.006991 0.030746
v -0.009904 -0.006157 0.031477
v -0.011047 -0.004923 0.032696
v -0.011515 -0.003714 0.033982
v -0.011537 -0.002468 0.035306
v -0.011405 -0.001189 0.036718
v -0.010985 -0.001358 0.036568
v -0.009865 -0.000466 0.037704
v -0.008192 0.000243 0.038669
v -0.006398 0.000397 0.039168
v -0.004447 0.000285 0.039228
v 0.015761 -0.000741 0.078165
v -0.020007 0.006385 0.059440
v -0.024472 -0.005927 0.043872
v -0.021691 0.000703 0.058517
v -0.022034 0.003350 0.056782
v -0.018792 -0.016676 0.032275
v -0.013392 -0.021156 0.027935
v -0.006745 -0.024413 0.025204
v 0.001229 -0.026782 0.023718
v 0.017708 -0.027208 0.025982
v 0.009563 -0.006982 0.033474
v 0.008554 -0.006081 0.034181
v -0.003592 0.016851 0.076181
v -0.003959 0.016830 0.088630
v -0.004077 0.016792 0.094965
v 0.000258 0.016759 0.095189
v 0.000478 0.016704 0.089003
v -0.002212 0.007021 0.047790
v 0.001885 0.005593 0.046587
v -0.005633 0.005633 0.045499
v -0.008493 0.005869 0.045450
v 0.017588 -0.003172 0.040128
v 0.018038 -0.002983 0.040374
v 0.018748 -0.003976 0.039468
v 0.018220 -0.004065 0.039294
v 0.019044 -0.005028 0.038366
v 0.018491 -0.005031 0.038309
v 0.018432 -0.005922 0.037270
v 0.018521 -0.006923 0.036058
v 0.017989 -0.006748 0.036225
v 0.017752 -0.007702 0.034962
v 0.017278 -0.007400 0.035233
v 0.016585 -0.008202 0.034079
v 0.016240 -0.007864 0.034446
v 0.015232 -0.008507 0.033379
v 0.015025 -0.008111 0.033802
v 0.013765 -0.008505 0.032986
v 0.013713 -0.008116 0.033441
v 0.012235 -0.008263 0.032834
v 0.012344 -0.007885 0.033300
v 0.010816 -0.007724 0.033021
v 0.011079 -0.007407 0.033471
v 0.009956 -0.006734 0.033887
v 0.009050 -0.005923 0.034525
v 0.008418 -0.005035 0.035331
v 0.008129 -0.004090 0.036318
v 0.008162 -0.003182 0.037340
v 0.008593 -0.002364 0.038392
v 0.008872 -0.001363 0.039562
v 0.009298 -0.001680 0.039348
v 0.010023 -0.000839 0.040463
v 0.010332 -0.001208 0.040175
v 0.011338 -0.000541 0.041163
v 0.011523 -0.000939 0.040804
v 0.012835 -0.000554 0.041576
v 0.012873 -0.000953 0.041196
v 0.014327 -0.000801 0.041736
v 0.014224 -0.001175 0.041335
v 0.015767 -0.001345 0.041550
v 0.015531 -0.001674 0.041185
v 0.017037 -0.002062 0.041118
v 0.016676 -0.002324 0.040783
v 0.012020 0.005552 0.049232
v 0.012461 0.005752 0.049433
v 0.013097 0.004918 0.048505
v 0.012595 0.004795 0.048379
v 0.013379 0.004032 0.047421
v 0.012867 0.003972 0.047405
v 0.013371 0.003176 0.046311
v 0.012853 0.003209 0.046378
v 0.012978 0.002389 0.045187
v 0.012506 0.002475 0.045355
v 0.012325 0.001712 0.044144
v 0.011904 0.001876 0.044395
v 0.011344 0.001205 0.043238
v 0.011016 0.001395 0.043567
v 0.010199 0.000864 0.042510
v 0.009966 0.001099 0.042898
v 0.008866 0.000748 0.042026
v 0.008741 0.000985 0.042453
v 0.007469 0.000798 0.041743
v 0.007475 0.001083 0.042200
v 0.006215 0.001363 0.042272
v 0.005043 0.001812 0.042555
v 0.004019 0.002403 0.043050
v 0.003203 0.003102 0.043731
v 0.002654 0.003878 0.044612
v 0.002375 0.004677 0.045559
v 0.002424 0.005454 0.046592
v 0.002741 0.006174 0.047586
v 0.003374 0.006775 0.048539
v 0.003860 0.007594 0.049642
v 0.004219 0.007254 0.049354
v 0.005056 0.007922 0.050353
v 0.005293 0.007538 0.050015
v 0.006357 0.008064 0.050862
v 0.006471 0.007666 0.050465
v 0.007764 0.007958 0.051084
v 0.007741 0.007566 0.050690
v 0.009138 0.007675 0.051077
v 0.008985 0.007316 0.050677
v 0.010435 0.007168 0.050757
v 0.010168 0.006852 0.050415
v 0.011569 0.006534 0.050229
v 0.011197 0.006279 0.049929
v -0.002094 0.008563 0.050085
v -0.002168 0.007823 0.049006
v -0.002657 0.007116 0.048020
v -0.003429 0.006539 0.047129
v -0.004444 0.006133 0.046481
v -0.005769 0.005907 0.045966
v -0.007167 0.005925 0.045798
v -0.008328 0.006121 0.045921
v -0.009660 0.006262 0.045860
v -0.009394 0.006462 0.046296
v -0.010789 0.006756 0.046447
v -0.010414 0.006954 0.046809
v -0.011182 0.007517 0.047523
v -0.011674 0.008180 0.048448
v -0.011787 0.008867 0.049468
v -0.011648 0.009533 0.050474
v -0.011207 0.010130 0.051410
v -0.010536 0.010710 0.052300
v -0.009621 0.011136 0.052978
v -0.008469 0.011442 0.053474
v -0.007221 0.011517 0.053665
v -0.005933 0.011425 0.053620
v -0.004752 0.011110 0.053305
v -0.003680 0.010643 0.052753
v -0.002874 0.010020 0.052004
v -0.001843 0.009458 0.051181
v -0.002332 0.009310 0.051095
v 0.008254 0.013682 0.060266
v -0.019982 0.003562 0.062871
v 0.017594 -0.000477 0.076864
v 0.016512 0.002526 0.077604
v 0.019523 0.003454 0.074980
v 0.021011 0.005492 0.073407
v -0.020998 0.003896 0.059780
v -0.001318 -0.002351 0.038749
v -0.002864 -0.001421 0.039575
v -0.000385 -0.003471 0.037672
v 0.000069 -0.004631 0.036438
v -0.000049 -0.005799 0.035138
v -0.000719 -0.006932 0.033794
v -0.001920 -0.007823 0.032681
v -0.003511 -0.008382 0.031894
v -0.005230 -0.008549 0.031530
v -0.006811 -0.008370 0.031561
v -0.008446 -0.007836 0.031894
v -0.009809 -0.006985 0.032656
v -0.010823 -0.005870 0.033761
v -0.011283 -0.004722 0.034993
v -0.011228 -0.003579 0.036257
v -0.010703 -0.002517 0.037446
v -0.009655 -0.001657 0.038515
v -0.008143 -0.000996 0.039392
v -0.006428 -0.000827 0.039854
v -0.004629 -0.000933 0.039935
v 0.017654 -0.005161 0.040094
v 0.017074 -0.004340 0.040863
v 0.017903 -0.006043 0.039191
v 0.017845 -0.006862 0.038239
v 0.017439 -0.007621 0.037280
v 0.016783 -0.008224 0.036381
v 0.015844 -0.008650 0.035673
v 0.014714 -0.008885 0.035093
v 0.013517 -0.008894 0.034770
v 0.012265 -0.008679 0.034652
v 0.011121 -0.008252 0.034815
v 0.010092 -0.007635 0.035205
v 0.009260 -0.006887 0.035792
v 0.008684 -0.006084 0.036504
v 0.008444 -0.005232 0.037422
v 0.008472 -0.004398 0.038350
v 0.008839 -0.003646 0.039297
v 0.009497 -0.003028 0.040169
v 0.010423 -0.002588 0.040922
v 0.011518 -0.002346 0.041493
v 0.012739 -0.002336 0.041850
v 0.013979 -0.002552 0.041964
v 0.015179 -0.002982 0.041830
v 0.016231 -0.003571 0.041463
v 0.012057 0.003648 0.049174
v 0.011496 0.004337 0.049966
v 0.012306 0.002883 0.048273
v 0.012288 0.002163 0.047321
v 0.011957 0.001498 0.046400
v 0.011424 0.000939 0.045481
v 0.010556 0.000501 0.044767
v 0.009613 0.000227 0.044158
v 0.008506 0.000115 0.043716
v 0.007304 0.000194 0.043511
v 0.006165 0.000456 0.043611
v 0.005071 0.000853 0.043804
v 0.004153 0.001404 0.044336
v 0.003394 0.002043 0.044944
v 0.002912 0.002743 0.045761
v 0.002636 0.003491 0.046624
v 0.002727 0.004178 0.047583
v 0.003017 0.004846 0.048485
v 0.003608 0.005376 0.049338
v 0.004374 0.005827 0.050073
v 0.005342 0.006082 0.050659
v 0.006411 0.006216 0.051073
v 0.007553 0.006132 0.051277
v 0.008700 0.005926 0.051274
v 0.009776 0.005508 0.051038
v 0.010740 0.004999 0.050597
v -0.002661 0.006774 0.050033
v -0.002627 0.007458 0.051004
v -0.003093 0.006116 0.049131
v -0.003763 0.005577 0.048345
v -0.004638 0.005159 0.047624
v -0.005910 0.004918 0.047115
v -0.007211 0.004945 0.047078
v -0.008302 0.005121 0.047166
v -0.009289 0.005453 0.047524
v -0.010179 0.005920 0.048041
v -0.010803 0.006470 0.048751
v -0.011221 0.007103 0.049549
v -0.011230 0.007689 0.050472
v -0.011072 0.008297 0.051309
v -0.010672 0.008791 0.052126
v -0.010087 0.009316 0.052852
v -0.009282 0.009677 0.053447
v -0.008312 0.009964 0.053882
v -0.007233 0.010074 0.054104
v -0.006093 0.010002 0.054088
v -0.005051 0.009710 0.053830
v -0.004081 0.009336 0.053361
v -0.003367 0.008754 0.052698
v -0.002836 0.008150 0.051903
v -0.005702 -0.004742 0.035926
v 0.013091 -0.005580 0.038605
v 0.007437 0.003110 0.047609
v -0.007030 0.007445 0.050820
v 0.019582 -0.011859 0.031477
v 0.006266 -0.012161 0.027628
v 0.008601 0.011867 0.095641
v 0.032926 -0.009813 0.039330
v 0.019750 0.009901 0.072491
v 0.017710 0.008601 0.074740
v 0.017353 0.009989 0.074190
v 0.015890 0.009731 0.075366
v 0.014692 0.009173 0.076970
v 0.018638 0.012617 0.069068
v 0.019241 0.011303 0.071022
v 0.022206 0.011476 0.067057
v 0.020191 0.000008 0.074893
v 0.017353 0.009989 0.074190
v 0.011131 0.012677 0.077466
v 0.022378 0.009431 0.070831
v 0.019750 0.009901 0.072491
v -0.018953 -0.016366 0.051148
v 0.013497 0.008079 0.079028
v -0.020998 0.003896 0.059780
v -0.019982 0.003562 0.062871
v -0.018097 0.005498 0.067179
v -0.015323 0.006416 0.087379
v -0.016537 0.002690 0.087194
v -0.000411 0.017270 0.122727
v -0.016774 -0.001230 0.087073
v 0.003230 0.013444 0.137312
v -0.000854 0.014208 0.137297
v -0.011856 0.004562 0.135768
v -0.012563 -0.001756 0.135932
v -0.012563 -0.001756 0.135932
v -0.011632 -0.007532 0.135880
v -0.008364 -0.013742 0.135813
v 0.026810 -0.019906 0.063340
v 0.025521 -0.017737 0.065981
v 0.023942 -0.015428 0.068483
v 0.020950 -0.003975 0.073499
v 0.029280 -0.001413 0.067481
v 0.022903 -0.023233 0.064235
v -0.018252 0.009121 0.056806
v 0.029437 -0.010815 0.036356
v 0.030830 -0.007897 0.039790
v -0.017349 -0.000461 0.075756
v -0.018077 0.001015 0.071057
v -0.016981 -0.001007 0.080574
v -0.019147 0.002690 0.065933
v 0.011118 -0.012693 0.028230
v 0.015184 -0.012652 0.029342
v -0.001732 -0.001930 0.036935
v -0.002926 -0.001110 0.037684
v -0.002678 -0.001281 0.038427
v -0.001370 -0.002173 0.037594
v -0.006401 -0.006537 0.031318
v -0.005223 -0.006690 0.031316
v -0.005252 -0.007465 0.031313
v -0.006577 -0.007309 0.031323
v -0.006190 -0.000971 0.041365
v -0.005995 -0.000689 0.039998
v -0.007768 -0.000855 0.039588
v -0.008218 -0.001157 0.040863
v -0.003827 -0.006602 0.031569
v -0.002544 -0.006191 0.032193
v -0.002279 -0.006891 0.032281
v -0.003708 -0.007356 0.031592
v -0.001563 -0.005545 0.033018
v -0.000944 -0.004623 0.034095
v -0.000500 -0.005152 0.034394
v -0.001189 -0.006173 0.033194
v -0.000793 -0.003740 0.035075
v -0.001066 -0.002808 0.036055
v -0.000626 -0.003148 0.036587
v -0.000329 -0.004171 0.035495
v -0.004206 -0.000801 0.038832
v -0.004288 -0.000680 0.038012
v -0.005753 -0.000518 0.038009
v -0.005847 -0.000627 0.038853
v -0.009626 -0.004418 0.033248
v -0.008809 -0.005399 0.032273
v -0.009283 -0.006077 0.032406
v -0.010209 -0.005003 0.033505
v -0.012301 -0.005327 0.035762
v -0.011384 -0.004520 0.035103
v -0.011035 -0.005743 0.033803
v -0.011924 -0.006725 0.034305
v -0.007751 -0.006083 0.031650
v -0.008079 -0.006823 0.031698
v -0.010387 -0.002927 0.035807
v -0.009765 -0.002550 0.035278
v -0.009908 -0.003469 0.034251
v -0.010535 -0.003950 0.034645
v -0.011444 -0.002898 0.038580
v -0.010601 -0.002355 0.037613
v -0.011232 -0.003354 0.036418
v -0.012144 -0.004027 0.037227
v -0.010156 -0.001901 0.039801
v -0.009458 -0.001503 0.038679
v 0.000811 -0.004499 0.038503
v 0.000105 -0.003703 0.037447
v -0.000820 -0.002503 0.038648
v -0.000325 -0.003047 0.039929
v -0.001651 -0.002743 0.042095
v -0.000071 -0.003823 0.041122
v -0.001872 -0.002003 0.040860
v -0.008549 -0.001849 0.042133
v -0.006360 -0.001633 0.042689
v -0.006360 -0.001633 0.042689
v -0.004036 -0.001879 0.042707
v -0.004035 -0.001212 0.041393
v -0.006190 -0.000971 0.041365
v -0.012539 -0.007819 0.035056
v -0.012957 -0.006315 0.036619
v -0.012051 -0.003721 0.039650
v -0.012786 -0.004943 0.038196
v -0.010671 -0.002627 0.040985
v 0.001191 -0.005413 0.039533
v -0.001589 -0.000572 0.035707
v -0.002768 0.000228 0.036443
v -0.005629 -0.005101 0.030159
v -0.007107 -0.000651 0.037703
v -0.005753 -0.000518 0.038009
v -0.005589 0.000844 0.036762
v -0.006942 0.000703 0.036427
v -0.003709 -0.005108 0.030396
v -0.002438 -0.004742 0.030968
v -0.001455 -0.004120 0.031781
v -0.000823 -0.003246 0.032837
v -0.000656 -0.002369 0.033829
v -0.000914 -0.001452 0.034820
v -0.004128 0.000689 0.036779
v -0.005589 0.000844 0.036762
v -0.009295 -0.002995 0.032024
v -0.008508 -0.003916 0.031102
v -0.009593 -0.002081 0.032997
v -0.007482 -0.004574 0.030502
v -0.009485 -0.001194 0.033997
v -0.009274 -0.001768 0.036195
v -0.009024 -0.000426 0.034907
v -0.008396 -0.001131 0.037013
v -0.008186 0.000221 0.035733
v -0.002272 -0.001524 0.039544
v -0.005340 -0.008693 0.031263
v -0.006912 -0.008470 0.031298
v -0.007377 -0.000780 0.038532
v -0.005847 -0.000627 0.038853
v -0.001870 -0.008090 0.032380
v -0.003572 -0.008602 0.031584
v 0.000255 -0.006075 0.034871
v -0.000575 -0.007271 0.033445
v 0.000447 -0.004886 0.036202
v -0.004099 -0.000898 0.040002
v -0.005995 -0.000689 0.039998
v -0.010002 -0.006983 0.032562
v -0.008602 -0.007893 0.031732
v -0.009833 -0.002050 0.036843
v -0.008838 -0.001328 0.037765
v -0.007329 -0.009873 0.031477
v -0.005490 -0.010173 0.031409
v -0.005621 -0.011496 0.031927
v -0.007623 -0.011171 0.032008
v -0.003517 -0.010102 0.031766
v -0.001526 -0.009549 0.032662
v -0.001380 -0.010825 0.033242
v -0.003534 -0.011413 0.032296
v -0.000022 -0.008635 0.033876
v 0.000969 -0.007257 0.035532
v 0.001326 -0.008374 0.036315
v 0.000230 -0.009851 0.034539
v 0.001188 -0.005835 0.037117
v 0.001575 -0.006822 0.038052
v -0.010793 -0.008121 0.032931
v -0.011332 -0.009292 0.033587
v -0.009184 -0.009208 0.031968
v -0.009582 -0.010469 0.032531
v -0.002768 0.000228 0.036443
v -0.001589 -0.000572 0.035707
v -0.001647 0.000315 0.036401
v -0.001023 -0.000167 0.035946
v -0.006393 -0.005404 0.029528
v -0.005698 -0.005537 0.029463
v -0.005629 -0.005101 0.030159
v -0.006942 0.000703 0.036427
v -0.006431 0.001423 0.037023
v -0.005628 0.001463 0.037171
v -0.002438 -0.004742 0.030968
v -0.003709 -0.005108 0.030396
v -0.002678 -0.005305 0.030088
v -0.003442 -0.005485 0.029794
v -0.000823 -0.003246 0.032837
v -0.001455 -0.004120 0.031781
v -0.000417 -0.003806 0.032002
v -0.000837 -0.004292 0.031411
v -0.000914 -0.001452 0.034820
v -0.000656 -0.002369 0.033829
v -0.000018 -0.001723 0.034356
v 0.000075 -0.002253 0.033777
v -0.003946 0.001280 0.037180
v -0.004787 0.001416 0.037225
v -0.009295 -0.002995 0.032024
v -0.009968 -0.003024 0.031681
v -0.009573 -0.003576 0.031123
v -0.009593 -0.002081 0.032997
v -0.010320 -0.001948 0.032829
v -0.010211 -0.002481 0.032250
v -0.007482 -0.004574 0.030502
v -0.008508 -0.003916 0.031102
v -0.008502 -0.004521 0.030219
v -0.009070 -0.004090 0.030620
v -0.009485 -0.001194 0.033997
v -0.010192 -0.000916 0.033993
v -0.010312 -0.001421 0.033417
v -0.009024 -0.000426 0.034907
v -0.009633 -0.000012 0.035049
v -0.009965 -0.000446 0.034535
v -0.008186 0.000221 0.035733
v -0.008642 0.000742 0.036003
v -0.009196 0.000386 0.035542
v -0.007206 0.001288 0.036775
v -0.007961 0.001052 0.036425
v -0.007135 -0.005180 0.029677
v -0.007859 -0.004881 0.029908
v -0.002372 0.000735 0.036776
v -0.003140 0.001055 0.037033
v -0.000557 -0.000672 0.035452
v -0.000230 -0.001193 0.034920
v 0.000045 -0.002771 0.033203
v -0.000116 -0.003286 0.032617
v -0.001357 -0.004705 0.030900
v -0.001972 -0.005043 0.030461
v -0.004228 -0.005577 0.029593
v -0.004994 -0.005592 0.029484
v -0.000960 0.001385 0.036335
v -0.001181 0.000879 0.036534
v -0.000475 0.000344 0.036030
v -0.000220 0.000831 0.035813
v -0.001820 0.001870 0.036766
v -0.002001 0.001347 0.036951
v -0.006555 0.002696 0.037090
v -0.006547 0.002128 0.037246
v -0.005646 0.002177 0.037414
v -0.005615 0.002750 0.037265
v -0.007465 0.002532 0.036800
v -0.007418 0.001972 0.036967
v 0.000947 -0.000993 0.033949
v 0.000647 -0.001405 0.034244
v 0.000757 -0.001999 0.033597
v 0.001068 -0.001613 0.033277
v 0.000692 -0.000370 0.034607
v 0.000406 -0.000808 0.034877
v -0.004630 0.002692 0.037321
v -0.004702 0.002123 0.037471
v -0.003759 0.001967 0.037414
v -0.003646 0.002524 0.037258
v -0.005615 0.002750 0.037265
v -0.005646 0.002177 0.037414
v -0.010354 -0.003209 0.030115
v -0.010134 -0.003517 0.030600
v -0.010580 -0.002888 0.031235
v -0.010823 -0.002545 0.030786
v -0.009752 -0.003828 0.029512
v -0.009564 -0.004103 0.030029
v -0.011104 -0.001898 0.031471
v -0.010851 -0.002273 0.031882
v -0.010968 -0.001668 0.032540
v -0.011221 -0.001263 0.032166
v -0.011196 -0.000636 0.032866
v -0.010952 -0.001072 0.033206
v -0.010809 -0.000501 0.033856
v -0.011039 -0.000036 0.033549
v -0.010758 0.000517 0.034190
v -0.010547 0.000029 0.034466
v -0.010166 0.000517 0.035043
v -0.010355 0.001024 0.034796
v -0.009831 0.001490 0.035374
v -0.009670 0.000964 0.035596
v -0.009042 0.001363 0.036112
v -0.009171 0.001905 0.035911
v -0.008359 0.002260 0.036397
v -0.008271 0.001709 0.036579
v -0.007427 -0.005117 0.028380
v -0.007364 -0.005337 0.028959
v -0.008187 -0.004998 0.029220
v -0.008297 -0.004764 0.028655
v -0.006538 -0.005381 0.028204
v -0.006521 -0.005590 0.028790
v -0.002712 0.002250 0.037073
v -0.002859 0.001709 0.037242
v -0.000917 0.002054 0.035682
v -0.001090 0.002289 0.035159
v -0.001881 0.002752 0.035571
v -0.001759 0.002537 0.036112
v -0.000190 0.001503 0.035162
v -0.000406 0.001762 0.034661
v -0.005665 -0.005234 0.027745
v -0.004815 -0.005297 0.027778
v -0.004869 -0.005599 0.028156
v -0.005707 -0.005538 0.028127
v -0.005611 -0.004854 0.027466
v -0.004768 -0.004916 0.027502
v -0.006508 -0.005074 0.027822
v -0.006451 -0.004694 0.027540
v -0.006448 0.003365 0.036449
v -0.006336 0.003545 0.035895
v -0.007202 0.003409 0.035640
v -0.007356 0.003212 0.036173
v -0.005514 0.003410 0.036609
v -0.005445 0.003578 0.036038
v -0.002043 -0.004919 0.028564
v -0.001208 -0.004595 0.029024
v -0.001298 -0.004917 0.029366
v -0.002127 -0.005236 0.028915
v -0.002023 -0.004529 0.028296
v -0.001200 -0.004208 0.028756
v -0.002951 -0.005148 0.028194
v -0.002921 -0.004759 0.027925
v -0.003027 -0.005459 0.028555
v 0.000606 -0.003106 0.030880
v 0.000950 -0.002482 0.031609
v 0.000855 -0.002826 0.031920
v 0.000511 -0.003442 0.031196
v 0.000581 -0.002734 0.030601
v 0.000917 -0.002114 0.031319
v 0.000121 -0.003692 0.030176
v 0.000104 -0.003315 0.029906
v 0.000027 -0.004020 0.030498
v 0.001032 -0.000636 0.033651
v 0.000773 -0.000009 0.034310
v 0.000984 -0.000294 0.033329
v 0.000727 0.000322 0.033976
v 0.001156 -0.001261 0.032975
v 0.001108 -0.000911 0.032666
v -0.004537 0.003348 0.036659
v -0.004519 0.003515 0.036083
v -0.005445 0.003578 0.036038
v -0.005514 0.003410 0.036609
v -0.003565 0.003181 0.036595
v -0.003596 0.003357 0.036024
v -0.010295 -0.002510 0.029483
v -0.010026 -0.002039 0.029244
v -0.009442 -0.002637 0.028663
v -0.009685 -0.003134 0.028876
v -0.010768 -0.001842 0.030155
v -0.010481 -0.001401 0.029886
v -0.011043 -0.001191 0.030846
v -0.010741 -0.000778 0.030549
v -0.011150 -0.000552 0.031549
v -0.010839 -0.000166 0.031223
v -0.009078 -0.004025 0.028662
v -0.008296 -0.004454 0.028278
v -0.009069 -0.004341 0.029029
v -0.009003 -0.003653 0.028380
v -0.008231 -0.004081 0.027993
v -0.009769 -0.003505 0.029157
v -0.011120 0.000080 0.032252
v -0.010810 0.000438 0.031896
v -0.010958 0.000682 0.032935
v -0.010655 0.001013 0.032550
v -0.010669 0.001230 0.033578
v -0.010375 0.001535 0.033165
v -0.010257 0.001732 0.034184
v -0.009977 0.002011 0.033744
v -0.009727 0.002194 0.034758
v -0.009466 0.002449 0.034291
v -0.009062 0.002603 0.035292
v -0.008830 0.002836 0.034800
v -0.008249 0.002951 0.035775
v -0.008054 0.003164 0.035262
v -0.007352 -0.004432 0.027714
v -0.007214 -0.003888 0.027540
v -0.006348 -0.004137 0.027375
v -0.008056 -0.003551 0.027808
v -0.002640 0.002912 0.036415
v -0.002716 0.003105 0.035857
v 0.000393 0.000605 0.034938
v -0.000148 0.001196 0.035521
v 0.000317 0.000242 0.035233
v 0.000347 0.000923 0.034590
v 0.001131 -0.001871 0.032301
v 0.001039 -0.002220 0.032607
v 0.001089 -0.001512 0.032001
v -0.000485 -0.004187 0.029559
v -0.000578 -0.004512 0.029891
v -0.000490 -0.003805 0.029292
v -0.003853 -0.004887 0.027658
v -0.003857 -0.004319 0.027497
v -0.002967 -0.004192 0.027759
v -0.004732 -0.004352 0.027343
v -0.001407 0.002314 0.034635
v -0.002128 0.002739 0.035012
v -0.000782 0.001831 0.034179
v -0.005542 -0.004292 0.027305
v -0.005473 -0.003696 0.027435
v -0.004731 -0.003751 0.027470
v -0.006212 -0.003554 0.027498
v -0.006201 0.003470 0.035308
v -0.006081 0.003260 0.034866
v -0.006803 0.003151 0.034654
v -0.006993 0.003349 0.035075
v -0.005386 0.003496 0.035439
v -0.005339 0.003284 0.034985
v -0.002111 -0.003969 0.028118
v -0.002332 -0.003397 0.028183
v -0.001615 -0.003116 0.028590
v -0.001328 -0.003662 0.028561
v -0.003115 -0.003600 0.027854
v 0.000360 -0.002257 0.030332
v -0.000073 -0.001833 0.030215
v 0.000213 -0.001294 0.030843
v 0.000675 -0.001665 0.031016
v -0.000091 -0.002812 0.029669
v -0.000484 -0.002340 0.029605
v 0.000726 0.000064 0.032930
v 0.000256 0.000284 0.032596
v 0.000030 0.000817 0.033157
v 0.000479 0.000649 0.033542
v 0.000845 -0.000522 0.032300
v 0.000365 -0.000251 0.032019
v -0.004538 0.003437 0.035480
v -0.004567 0.003229 0.035023
v -0.005339 0.003284 0.034985
v -0.005386 0.003496 0.035439
v -0.003695 0.003291 0.035426
v -0.003799 0.003097 0.034974
v -0.009582 -0.001629 0.029210
v -0.009047 -0.002175 0.028676
v -0.009999 -0.001046 0.029799
v -0.010237 -0.000475 0.030406
v -0.009757 -0.000332 0.030401
v -0.009540 -0.000852 0.029848
v -0.010327 0.000086 0.031023
v -0.009840 0.000179 0.030963
v -0.008792 -0.003137 0.028183
v -0.008452 -0.002635 0.028237
v -0.007778 -0.003016 0.027894
v -0.010301 0.000640 0.031641
v -0.009816 0.000683 0.031526
v -0.010159 0.001165 0.032241
v -0.009686 0.001162 0.032073
v -0.009901 0.001642 0.032805
v -0.009535 0.002077 0.033336
v -0.009067 0.002476 0.033838
v -0.008691 0.002355 0.033527
v -0.009118 0.001992 0.033070
v -0.008484 0.002829 0.034304
v -0.008160 0.002677 0.033952
v -0.007773 0.003128 0.034729
v -0.007513 0.002949 0.034338
v -0.007006 -0.003325 0.027649
v -0.002891 0.003062 0.035273
v -0.003067 0.002888 0.034834
v -0.002372 0.002594 0.034597
v 0.000110 0.001215 0.034121
v -0.000309 0.001332 0.033686
v 0.000832 -0.001093 0.031667
v 0.000355 -0.000772 0.031440
v -0.000654 -0.003278 0.029078
v -0.000998 -0.002766 0.029064
v -0.003930 -0.003719 0.027613
v -0.000892 0.001753 0.036047
v -0.001754 0.002241 0.036481
v -0.006516 0.003078 0.036816
v -0.005569 0.003130 0.036987
v -0.007434 0.002916 0.036528
v -0.004578 0.003070 0.037041
v -0.003589 0.002900 0.036976
v -0.005569 0.003130 0.036987
v -0.010382 -0.002876 0.029769
v -0.010857 -0.002203 0.030448
v -0.011138 -0.001547 0.031144
v -0.011251 -0.000903 0.031850
v -0.011223 -0.000267 0.032559
v -0.011060 0.000340 0.033249
v -0.010773 0.000896 0.033898
v -0.010362 0.001406 0.034511
v -0.009829 0.001875 0.035094
v -0.009159 0.002292 0.035634
v -0.008338 0.002646 0.036124
v -0.007412 -0.004809 0.027999
v -0.002650 0.002623 0.036790
v -0.003893 -0.005271 0.027930
v -0.003958 -0.005577 0.028300
v -0.005732 -0.005739 0.028716
v -0.004935 -0.005797 0.028742
v -0.002319 -0.005458 0.029442
v -0.001525 -0.005156 0.029866
v -0.003179 -0.005668 0.029105
v 0.000214 -0.003749 0.031605
v 0.000547 -0.003162 0.032297
v -0.000254 -0.004300 0.030939
v -0.008918 -0.004592 0.029573
v 0.000043 -0.000222 0.035475
v 0.000726 -0.002582 0.032955
v -0.000835 -0.004769 0.030363
v -0.004067 -0.005777 0.028871
v -0.005628 0.001463 0.037171
v -0.001715 0.002207 0.034253
v -0.001147 0.001767 0.033839
v -0.005418 -0.003266 0.027695
v -0.004743 -0.003316 0.027727
v -0.006092 -0.003136 0.027752
v -0.002557 -0.002993 0.028376
v -0.001904 -0.002737 0.028747
v -0.003271 -0.003178 0.028076
v -0.000500 -0.001569 0.030227
v -0.000240 -0.001079 0.030800
v -0.000874 -0.002031 0.029672
v -0.000201 0.000358 0.032397
v -0.000407 0.000844 0.032907
v -0.000102 -0.000129 0.031871
v -0.009161 -0.001383 0.029311
v -0.008673 -0.001880 0.028825
v -0.008131 -0.002299 0.028425
v -0.007518 -0.002647 0.028113
v -0.009452 0.001596 0.032586
v -0.006815 -0.002928 0.027890
v -0.000716 0.001313 0.033389
v -0.000111 -0.000603 0.031343
v -0.001343 -0.002418 0.029179
v -0.004013 -0.003286 0.027857
v -0.006803 0.003151 0.034654
v -0.006081 0.003260 0.034866
v -0.006735 0.003033 0.034533
v -0.005326 0.003161 0.034852
v -0.004984 -0.000027 0.031388
v -0.005339 0.003284 0.034985
v -0.004567 0.003229 0.035023
v -0.003843 0.002981 0.034841
v -0.009540 -0.000852 0.029848
v -0.009757 -0.000332 0.030401
v -0.009371 -0.000821 0.029905
v -0.009660 0.000172 0.030979
v -0.009840 0.000179 0.030963
v -0.009816 0.000683 0.031526
v -0.009512 0.001118 0.032047
v -0.009118 0.001992 0.033070
v -0.008691 0.002355 0.033527
v -0.008965 0.001917 0.033008
v -0.008042 0.002576 0.033857
v -0.008160 0.002677 0.033952
v -0.007513 0.002949 0.034338
v -0.003799 0.003097 0.034974
v -0.003067 0.002888 0.034834
v -0.002469 0.002496 0.034478
v -0.002372 0.002594 0.034597
v -0.001715 0.002207 0.034253
v -0.001289 0.001700 0.033748
v -0.004743 -0.003316 0.027727
v -0.005418 -0.003266 0.027695
v -0.004752 -0.003194 0.027863
v -0.006050 -0.003021 0.027887
v -0.001904 -0.002737 0.028747
v -0.002557 -0.002993 0.028376
v -0.002019 -0.002636 0.028845
v -0.003334 -0.003061 0.028200
v -0.000240 -0.001079 0.030800
v -0.000500 -0.001569 0.030227
v -0.000417 -0.001039 0.030822
v -0.001027 -0.001956 0.029736
v -0.000407 0.000844 0.032907
v -0.000201 0.000358 0.032397
v -0.000577 0.000811 0.032851
v -0.000284 -0.000125 0.031853
v -0.008673 -0.001880 0.028825
v -0.009161 -0.001383 0.029311
v -0.008536 -0.001811 0.028920
v -0.007518 -0.002647 0.028113
v -0.008131 -0.002299 0.028425
v -0.007423 -0.002549 0.028235
v -0.009686 0.001162 0.032073
v -0.009452 0.001596 0.032586
v -0.006092 -0.003136 0.027752
v -0.006815 -0.002928 0.027890
v -0.001147 0.001767 0.033839
v -0.000716 0.001313 0.033389
v -0.000102 -0.000129 0.031871
v -0.000111 -0.000603 0.031343
v -0.000874 -0.002031 0.029672
v -0.001343 -0.002418 0.029179
v -0.003271 -0.003178 0.028076
v -0.004013 -0.003286 0.027857
v 0.005473 0.006936 0.092598
v 0.015723 0.003829 0.092338
v 0.015091 0.005213 0.091107
v 0.005406 0.008644 0.091287
v 0.014927 0.004884 0.083001
v 0.014466 0.005470 0.084776
v 0.015453 0.003055 0.083967
v 0.015706 0.003697 0.081669
v 0.014454 0.005604 0.086745
v 0.015390 0.002844 0.086318
v 0.011452 -0.013530 0.081208
v 0.011929 -0.013322 0.078912
v 0.014118 -0.010223 0.079732
v 0.013646 -0.010304 0.082580
v 0.015881 -0.001601 0.085339
v 0.015967 -0.001648 0.088268
v 0.015183 -0.006657 0.086972
v 0.015307 -0.006300 0.084005
v 0.012497 -0.013375 0.076550
v 0.014167 -0.011591 0.076421
v 0.011112 -0.014491 0.077335
v 0.010292 -0.014997 0.078534
v 0.016156 -0.001390 0.082525
v 0.016682 0.001023 0.080303
v 0.009672 -0.015408 0.080269
v 0.016965 -0.002946 0.079027
v 0.016676 0.001259 0.079763
v 0.015639 0.003981 0.081138
v 0.014826 0.005271 0.088640
v 0.015603 0.002812 0.088753
v 0.011191 -0.013881 0.083527
v 0.013365 -0.010763 0.085356
v 0.009574 -0.015544 0.082132
v 0.009293 -0.015795 0.080129
v 0.009976 -0.015333 0.078235
v 0.014223 0.006119 0.086782
v 0.014649 0.005772 0.088879
v 0.016326 -0.003305 0.091279
v 0.016567 0.000649 0.091899
v 0.017030 -0.002758 0.078502
v 0.015730 -0.006248 0.080991
v 0.016512 -0.006584 0.077784
v 0.016625 -0.006461 0.077266
v 0.015495 -0.009538 0.076877
v 0.015596 -0.009500 0.076355
v 0.013868 -0.010623 0.088776
v 0.015306 -0.007413 0.089980
v 0.014195 -0.011652 0.075887
v 0.012431 -0.012767 0.087614
v 0.012287 -0.012968 0.088104
v 0.010813 -0.014708 0.086435
v 0.010995 -0.014486 0.085944
v 0.016036 0.003227 0.091426
v 0.015508 0.004368 0.090415
v 0.010076 -0.015267 0.084183
v 0.009758 -0.015613 0.084472
v 0.009181 -0.015947 0.082171
v 0.005937 -0.009506 0.090114
v 0.005982 -0.011974 0.088838
v 0.011982 -0.013159 0.088418
v 0.013508 -0.010949 0.089624
v 0.005392 0.008336 0.082155
v 0.005360 0.009117 0.084334
v 0.013850 0.006389 0.084451
v 0.014379 0.005670 0.082314
v 0.006014 -0.014049 0.087023
v 0.006028 -0.015295 0.084856
v 0.009349 -0.015914 0.084609
v 0.010457 -0.014935 0.086699
v 0.005453 0.006911 0.080512
v 0.015334 0.004278 0.080758
v 0.005592 0.003501 0.093075
v 0.016336 0.000931 0.092893
v 0.005349 0.009550 0.086801
v 0.013848 0.006581 0.086783
v 0.006030 -0.015821 0.082374
v 0.006025 -0.015630 0.080203
v 0.008887 -0.016114 0.080004
v 0.008756 -0.016286 0.082170
v 0.005728 -0.001071 0.092533
v 0.016077 -0.003305 0.092265
v 0.005853 -0.005807 0.091357
v 0.015024 -0.007606 0.090907
v 0.005978 -0.012203 0.075823
v 0.005929 -0.009475 0.075611
v 0.013990 -0.011670 0.075496
v 0.012151 -0.013630 0.075674
v 0.014298 0.006234 0.089031
v 0.005362 0.009484 0.089135
v 0.006005 -0.014068 0.076809
v 0.010543 -0.014978 0.076626
v 0.009613 -0.015595 0.077999
v 0.006016 -0.014936 0.078204
v 0.010543 -0.014978 0.076626
v 0.006005 -0.014068 0.076809
v 0.016412 0.001517 0.079370
v 0.005561 0.004062 0.079156
v 0.016871 -0.002536 0.078106
v 0.005681 0.000464 0.078101
v 0.016526 -0.006305 0.076870
v 0.005782 -0.003066 0.077094
v 0.015467 -0.009417 0.075961
v 0.005870 -0.006615 0.076124
v 0.015414 0.004800 0.090830
v 0.015091 0.005213 0.091107
v 0.015723 0.003829 0.092338
v 0.016016 0.003514 0.091965
v 0.013508 -0.010949 0.089624
v 0.011982 -0.013159 0.088418
v 0.013759 -0.010802 0.089266
v 0.014379 0.005670 0.082314
v 0.013850 0.006389 0.084451
v 0.014233 0.005958 0.084604
v 0.014755 0.005299 0.082601
v 0.010457 -0.014935 0.086699
v 0.009349 -0.015914 0.084609
v 0.015334 0.004278 0.080758
v 0.016336 0.000931 0.092893
v 0.016572 0.000763 0.092471
v 0.013848 0.006581 0.086783
v 0.008756 -0.016286 0.082170
v 0.008887 -0.016114 0.080004
v 0.016077 -0.003305 0.092265
v 0.016301 -0.003334 0.091834
v 0.015024 -0.007606 0.090907
v 0.015248 -0.007531 0.090505
v 0.012430 -0.013520 0.076034
v 0.012151 -0.013630 0.075674
v 0.013990 -0.011670 0.075496
v 0.014298 0.006234 0.089031
v 0.010543 -0.014978 0.076626
v 0.010875 -0.014774 0.076927
v 0.009613 -0.015595 0.077999
v 0.016412 0.001517 0.079370
v 0.016871 -0.002536 0.078106
v 0.016526 -0.006305 0.076870
v 0.015467 -0.009417 0.075961
v 0.003551 -0.031610 0.036144
v 0.007104 -0.031897 0.035697
v 0.007076 -0.032196 0.036303
v 0.003833 -0.031947 0.036686
v -0.006192 -0.030320 0.049714
v -0.005925 -0.029641 0.046818
v -0.005344 -0.030404 0.046641
v -0.005630 -0.031130 0.049351
v 0.010771 -0.031744 0.036376
v 0.010450 -0.032093 0.036888
v 0.019007 -0.031477 0.046402
v 0.019185 -0.032381 0.048988
v 0.018684 -0.033137 0.048598
v 0.018456 -0.032227 0.046244
v 0.016687 -0.031145 0.040863
v 0.018350 -0.030908 0.043784
v 0.017829 -0.031618 0.043722
v 0.015974 -0.031659 0.040927
v -0.004735 -0.029670 0.043062
v -0.002833 -0.030195 0.040222
v -0.002141 -0.030762 0.040322
v -0.004147 -0.030308 0.043058
v 0.013491 -0.031839 0.038435
v 0.014056 -0.031397 0.038138
v 0.000287 -0.031024 0.037603
v 0.000828 -0.031458 0.037958
v -0.005908 -0.031544 0.052062
v -0.005404 -0.032299 0.051512
v 0.018524 -0.034531 0.051973
v 0.018050 -0.035137 0.051400
v -0.003159 -0.036091 0.055829
v -0.005090 -0.033230 0.053956
v -0.004700 -0.033919 0.053327
v -0.002783 -0.036801 0.055121
v 0.017213 -0.036621 0.053983
v 0.016845 -0.037175 0.053346
v 0.015032 -0.039213 0.055463
v 0.011583 -0.041790 0.056578
v 0.011214 -0.041926 0.055928
v 0.014527 -0.039626 0.054832
v 0.005694 -0.043102 0.057093
v 0.002722 -0.042115 0.056987
v 0.002952 -0.042243 0.056299
v 0.005752 -0.043095 0.056414
v 0.000504 -0.040561 0.055977
v 0.000162 -0.040207 0.056674
v 0.006710 -0.034101 0.043685
v 0.007048 -0.032335 0.037074
v 0.010217 -0.032272 0.037611
v 0.011212 -0.034006 0.044198
v 0.010947 -0.041578 0.055302
v 0.008457 -0.042458 0.055710
v 0.010678 -0.037385 0.050352
v 0.013065 -0.032093 0.039042
v 0.015437 -0.031969 0.041386
v 0.015826 -0.033050 0.045274
v 0.017082 -0.032053 0.043872
v 0.017692 -0.032612 0.046151
v 0.015857 -0.034287 0.048059
v 0.010965 -0.035480 0.047425
v 0.017916 -0.033520 0.048376
v 0.015439 -0.036237 0.050938
v 0.017318 -0.035402 0.051030
v 0.014136 -0.039447 0.054202
v 0.016185 -0.037281 0.052786
v -0.002388 -0.036844 0.054371
v -0.004060 -0.034276 0.052741
v -0.004701 -0.032786 0.051131
v -0.002344 -0.034553 0.050581
v 0.006573 -0.035607 0.047201
v 0.002265 -0.034757 0.047505
v 0.002324 -0.033443 0.044306
v 0.004006 -0.032109 0.037430
v 0.006388 -0.037650 0.050323
v 0.002215 -0.036580 0.050333
v -0.002213 -0.032204 0.045642
v -0.002331 -0.033209 0.048315
v -0.004607 -0.030909 0.046588
v -0.004883 -0.031657 0.049126
v 0.000830 -0.040340 0.055295
v 0.003181 -0.041871 0.055662
v -0.001660 -0.031101 0.040842
v 0.001183 -0.031690 0.038614
v -0.003441 -0.030783 0.043286
v 0.008740 -0.042882 0.057000
v 0.008570 -0.042894 0.056329
v 0.005822 -0.042642 0.055797
v 0.006851 -0.021554 0.038934
v 0.007104 -0.031897 0.035697
v 0.003551 -0.031610 0.036144
v 0.003297 -0.021673 0.039323
v 0.016496 -0.023147 0.042887
v 0.018531 -0.024172 0.045568
v 0.018350 -0.030908 0.043784
v 0.016687 -0.031145 0.040863
v -0.002918 -0.022864 0.042578
v -0.002833 -0.030195 0.040222
v -0.004735 -0.029670 0.043062
v -0.005049 -0.023817 0.045166
v 0.013709 -0.022304 0.040759
v 0.014056 -0.031397 0.038138
v 0.019657 -0.025269 0.048537
v 0.019007 -0.031477 0.046402
v -0.005925 -0.029641 0.046818
v -0.006346 -0.025022 0.048323
v 0.019429 -0.027663 0.054955
v 0.018524 -0.034531 0.051973
v 0.019185 -0.032381 0.048988
v 0.019979 -0.026410 0.051636
v 0.018065 -0.028731 0.057859
v 0.017213 -0.036621 0.053983
v 0.012920 -0.030404 0.062380
v 0.011583 -0.041790 0.056578
v 0.015032 -0.039213 0.055463
v 0.015883 -0.029668 0.060394
v -0.006192 -0.030320 0.049714
v -0.006731 -0.026153 0.051444
v -0.005908 -0.031544 0.052062
v -0.006358 -0.027244 0.054430
v 0.006289 -0.030908 0.063873
v 0.002880 -0.030702 0.063396
v 0.002722 -0.042115 0.056987
v 0.005694 -0.043102 0.057093
v 0.010412 -0.021766 0.039419
v 0.010771 -0.031744 0.036376
v 0.008740 -0.042882 0.057000
v 0.009722 -0.030804 0.063523
v -0.000224 -0.030211 0.062146
v 0.000162 -0.040207 0.056674
v 0.007104 -0.031897 0.035697
v 0.006851 -0.021554 0.038934
v -0.000013 -0.022110 0.040552
v 0.000287 -0.031024 0.037603
v -0.005090 -0.033230 0.053956
v -0.005233 -0.028279 0.057232
v -0.003159 -0.036091 0.055829
v -0.003160 -0.029345 0.059962
v -0.002476 0.009295 0.050958
v -0.002367 0.008987 0.051211
v -0.002185 0.008282 0.050206
v -0.002302 0.008616 0.049991
v -0.002972 0.009962 0.051881
v -0.002900 0.009668 0.052149
v -0.003745 0.010528 0.052624
v -0.004749 0.010963 0.053149
v -0.004735 0.010697 0.053454
v -0.003704 0.010247 0.052909
v -0.005867 0.011228 0.053412
v -0.005871 0.010981 0.053740
v -0.006999 0.011322 0.053431
v -0.007040 0.011079 0.053760
v -0.008137 0.011275 0.053244
v -0.008218 0.011028 0.053565
v -0.009194 0.011060 0.052832
v -0.009283 0.010797 0.053126
v -0.010153 0.010675 0.052177
v -0.010869 0.010150 0.051340
v -0.011010 0.009862 0.051595
v -0.010265 0.010397 0.052449
v -0.011274 0.009545 0.050414
v -0.011450 0.009247 0.050652
v -0.011553 0.008585 0.049680
v -0.011372 0.008905 0.049476
v -0.011216 0.008247 0.048537
v -0.011393 0.007901 0.048706
v -0.010766 0.007622 0.047683
v -0.010914 0.007268 0.047845
v -0.009932 0.006999 0.046869
v -0.008844 0.006523 0.046289
v -0.008923 0.006132 0.046402
v -0.010044 0.006627 0.047008
v -0.007761 0.006268 0.046024
v -0.007825 0.005862 0.046116
v -0.006687 0.005767 0.046094
v -0.006659 0.006174 0.046001
v -0.005549 0.006215 0.046175
v -0.005538 0.005809 0.046274
v -0.004521 0.006413 0.046574
v -0.004502 0.006022 0.046696
v -0.003512 0.006819 0.047270
v -0.002769 0.007381 0.048158
v -0.002686 0.007022 0.048333
v -0.003461 0.006445 0.047418
v -0.002401 0.007982 0.049062
v -0.002294 0.007628 0.049248
v -0.002439 0.005706 0.051848
v -0.002185 0.008282 0.050206
v -0.002367 0.008987 0.051211
v -0.002624 0.006419 0.052865
v -0.007292 0.008499 0.055396
v -0.007040 0.011079 0.053760
v -0.008218 0.011028 0.053565
v -0.008482 0.008447 0.055197
v -0.011801 0.006008 0.051323
v -0.011553 0.008585 0.049680
v -0.011393 0.007901 0.048706
v -0.011642 0.005317 0.050337
v -0.011232 0.007298 0.053251
v -0.011010 0.009862 0.051595
v -0.011450 0.009247 0.050652
v -0.011696 0.006679 0.052306
v -0.006940 0.003195 0.047743
v -0.006687 0.005767 0.046094
v -0.005538 0.005809 0.046274
v -0.005777 0.003238 0.047925
v -0.009194 0.003576 0.048065
v -0.008923 0.006132 0.046402
v -0.007825 0.005862 0.046116
v -0.008092 0.003290 0.047763
v -0.002686 0.007022 0.048333
v -0.002294 0.007628 0.049248
v -0.002554 0.005046 0.050879
v -0.002963 0.004439 0.049958
v -0.004969 0.008108 0.055071
v -0.004735 0.010697 0.053454
v -0.005871 0.010981 0.053740
v -0.006109 0.008400 0.055376
v -0.003180 0.007106 0.053804
v -0.002900 0.009668 0.052149
v -0.003704 0.010247 0.052909
v -0.003968 0.007668 0.054538
v -0.006109 0.008400 0.055376
v -0.005871 0.010981 0.053740
v -0.009283 0.010797 0.053126
v -0.009547 0.008205 0.054736
v -0.010265 0.010397 0.052449
v -0.010499 0.007816 0.054075
v -0.010914 0.007268 0.047845
v -0.011140 0.004684 0.049472
v -0.010044 0.006627 0.047008
v -0.010285 0.004062 0.048659
v -0.004502 0.006022 0.046696
v -0.004739 0.003466 0.048362
v -0.003461 0.006445 0.047418
v -0.003726 0.003881 0.049069
v -0.006828 0.008819 0.049689
v 0.012911 0.004331 0.046743
v 0.012713 0.005214 0.047791
v 0.012143 0.002745 0.049634
v 0.012341 0.001862 0.048586
v 0.007635 0.008114 0.050092
v 0.006337 0.008146 0.049798
v 0.005768 0.005677 0.051641
v 0.007066 0.005645 0.051935
v 0.003419 0.003781 0.043634
v 0.004336 0.002935 0.042817
v 0.003767 0.000466 0.044660
v 0.002849 0.001312 0.045476
v 0.002705 0.005444 0.045516
v 0.002875 0.004590 0.044499
v 0.002306 0.002121 0.046342
v 0.002135 0.002975 0.047359
v 0.003333 0.006967 0.047569
v 0.002823 0.006251 0.046550
v 0.002254 0.003782 0.048393
v 0.002763 0.004498 0.049411
v 0.007990 0.001635 0.042134
v 0.009258 0.001595 0.042408
v 0.008689 -0.000874 0.044251
v 0.007420 -0.000834 0.043977
v 0.005535 0.002278 0.042306
v 0.006734 0.001843 0.042071
v 0.006165 -0.000627 0.043914
v 0.004965 -0.000192 0.044149
v 0.010391 0.001790 0.042940
v 0.011528 0.002204 0.043746
v 0.010958 -0.000265 0.045589
v 0.009822 -0.000680 0.044783
v 0.012111 0.006093 0.048729
v 0.011295 0.006863 0.049477
v 0.010726 0.004394 0.051320
v 0.011541 0.003624 0.050572
v 0.005176 0.007936 0.049240
v 0.004103 0.007549 0.048487
v 0.003533 0.005080 0.050329
v 0.004606 0.005467 0.051083
v 0.012332 0.002832 0.044733
v 0.012782 0.003537 0.045724
v 0.012212 0.001068 0.047567
v 0.011763 0.000363 0.046576
v 0.010165 0.007454 0.049922
v 0.008924 0.007901 0.050158
v 0.008355 0.005431 0.052001
v 0.009596 0.004985 0.051765
v 0.008924 0.007901 0.050158
v 0.008355 0.005431 0.052001
v 0.011857 0.005719 0.047011
v 0.012713 0.005214 0.047791
v 0.012911 0.004331 0.046743
v 0.012021 0.005026 0.046192
v 0.011382 0.006413 0.047753
v 0.012111 0.006093 0.048729
v 0.010721 0.007033 0.048355
v 0.011295 0.006863 0.049477
v 0.010165 0.007454 0.049922
v 0.009816 0.007512 0.048719
v 0.008924 0.007901 0.050158
v 0.008829 0.007868 0.048907
v 0.007809 0.008041 0.048862
v 0.007635 0.008114 0.050092
v 0.006787 0.008061 0.048624
v 0.006337 0.008146 0.049798
v 0.005854 0.007893 0.048178
v 0.005176 0.007936 0.049240
v 0.004989 0.007581 0.047570
v 0.004103 0.007549 0.048487
v 0.003333 0.006967 0.047569
v 0.004369 0.007109 0.046824
v 0.002823 0.006251 0.046550
v 0.003965 0.006543 0.046016
v 0.002705 0.005444 0.045516
v 0.003862 0.005907 0.045201
v 0.004008 0.005235 0.044402
v 0.002875 0.004590 0.044499
v 0.004448 0.004584 0.043708
v 0.003419 0.003781 0.043634
v 0.005178 0.003911 0.043059
v 0.004336 0.002935 0.042817
v 0.005535 0.002278 0.042306
v 0.006134 0.003384 0.042648
v 0.006734 0.001843 0.042071
v 0.007095 0.003032 0.042455
v 0.007990 0.001635 0.042134
v 0.008089 0.002859 0.042496
v 0.009089 0.002835 0.042720
v 0.009258 0.001595 0.042408
v 0.010000 0.002994 0.043152
v 0.010391 0.001790 0.042940
v 0.010905 0.003325 0.043796
v 0.011528 0.002204 0.043746
v 0.012332 0.002832 0.044733
v 0.011547 0.003829 0.044585
v 0.012782 0.003537 0.045724
v 0.011916 0.004394 0.045380
v 0.007967 0.005559 0.045618
v 0.018582 -0.004593 0.037569
v 0.018400 -0.003646 0.038562
v 0.017767 -0.005992 0.040541
v 0.017949 -0.006938 0.039547
v 0.013380 -0.000506 0.040667
v 0.012084 -0.000463 0.040364
v 0.011451 -0.002808 0.042342
v 0.012747 -0.002852 0.042645
v 0.009092 -0.005109 0.034445
v 0.009994 -0.006020 0.033684
v 0.009361 -0.008366 0.035662
v 0.008460 -0.007455 0.036424
v 0.008409 -0.003325 0.036225
v 0.008564 -0.004239 0.035260
v 0.007931 -0.006585 0.037239
v 0.007776 -0.005670 0.038204
v 0.009062 -0.001700 0.038190
v 0.008541 -0.002462 0.037211
v 0.007908 -0.004808 0.039190
v 0.008430 -0.004046 0.040169
v 0.013620 -0.007439 0.033095
v 0.014886 -0.007492 0.033378
v 0.014253 -0.009837 0.035357
v 0.012987 -0.009784 0.035074
v 0.011179 -0.006733 0.033218
v 0.012370 -0.007207 0.033014
v 0.011737 -0.009553 0.034993
v 0.010546 -0.009079 0.035196
v 0.016021 -0.007292 0.033904
v 0.017163 -0.006857 0.034691
v 0.016531 -0.009203 0.036670
v 0.015388 -0.009638 0.035882
v 0.017814 -0.002702 0.039446
v 0.017013 -0.001872 0.040144
v 0.016380 -0.004218 0.042123
v 0.017181 -0.005047 0.041424
v 0.010920 -0.000678 0.039813
v 0.009842 -0.001084 0.039077
v 0.009209 -0.003429 0.041056
v 0.010287 -0.003023 0.041792
v 0.017978 -0.006191 0.035644
v 0.018439 -0.005441 0.036596
v 0.017806 -0.007786 0.038574
v 0.017345 -0.008537 0.037623
v 0.015895 -0.001231 0.040548
v 0.014663 -0.000744 0.040751
v 0.014031 -0.003090 0.042730
v 0.015262 -0.003577 0.042526
v 0.014663 -0.000744 0.040751
v 0.014031 -0.003090 0.042730
v 0.017558 -0.003168 0.037751
v 0.018400 -0.003646 0.038562
v 0.018582 -0.004593 0.037569
v 0.017710 -0.003911 0.036974
v 0.017096 -0.002423 0.038449
v 0.017814 -0.002702 0.039446
v 0.016448 -0.001754 0.039011
v 0.017013 -0.001872 0.040144
v 0.015895 -0.001231 0.040548
v 0.015552 -0.001235 0.039342
v 0.014663 -0.000744 0.040751
v 0.014572 -0.000847 0.039503
v 0.013557 -0.000653 0.039443
v 0.013380 -0.000506 0.040667
v 0.012536 -0.000625 0.039199
v 0.012084 -0.000463 0.040364
v 0.011602 -0.000797 0.038759
v 0.010920 -0.000678 0.039813
v 0.010732 -0.001125 0.038165
v 0.009842 -0.001084 0.039077
v 0.009062 -0.001700 0.038190
v 0.010105 -0.001625 0.037444
v 0.008541 -0.002462 0.037211
v 0.009691 -0.002227 0.036668
v 0.008409 -0.003325 0.036225
v 0.009577 -0.002906 0.035890
v 0.009711 -0.003626 0.035132
v 0.008564 -0.004239 0.035260
v 0.010139 -0.004326 0.034479
v 0.009092 -0.005109 0.034445
v 0.010856 -0.005052 0.033873
v 0.009994 -0.006020 0.033684
v 0.011179 -0.006733 0.033218
v 0.011802 -0.005622 0.033499
v 0.012370 -0.007207 0.033014
v 0.012755 -0.006006 0.033331
v 0.013620 -0.007439 0.033095
v 0.013745 -0.006198 0.033387
v 0.014743 -0.006232 0.033617
v 0.014886 -0.007492 0.033378
v 0.015656 -0.006069 0.034045
v 0.016021 -0.007292 0.033904
v 0.016566 -0.005721 0.034673
v 0.017163 -0.006857 0.034691
v 0.017978 -0.006191 0.035644
v 0.017216 -0.005187 0.035436
v 0.018439 -0.005441 0.036596
v 0.017594 -0.004586 0.036199
v 0.013672 -0.003322 0.036348
vn 0.9956 0.0701 0.0628
vn 0.8358 0.4558 -0.3061
vn 0.9739 0.1713 0.1489
vn 0.9350 0.2444 0.2568
vn 0.8002 0.5798 -0.1534
vn 0.8899 0.3065 0.3379
vn 0.8379 0.3316 0.4336
vn 0.7452 0.6660 -0.0340
vn 0.6682 0.7435 0.0276
vn 0.7483 0.4303 0.5048
vn 0.6410 0.5220 0.5627
vn 0.5892 0.7989 0.1210
vn 0.5050 0.7713 0.3874
vn 0.4562 0.8146 0.3583
vn 0.5309 0.6910 0.4906
vn 0.4541 0.7200 0.5247
vn 0.4176 0.8219 0.3875
vn 0.3131 0.9296 0.1944
vn 0.2659 0.9547 0.1336
vn 0.3872 0.8934 0.2279
vn -0.1395 0.9888 -0.0522
vn -0.1737 0.9848 -0.0004
vn 0.0780 0.9961 0.0405
vn 0.0506 0.9986 -0.0157
vn -0.4803 0.8761 0.0423
vn -0.6490 0.7464 0.1472
vn -0.3837 0.9232 -0.0216
vn -0.5400 0.8409 0.0367
vn -0.7572 0.6261 0.1862
vn -0.6387 0.7663 0.0689
vn -0.7632 0.6361 0.1139
vn -0.9608 0.1977 0.1945
vn -0.9255 0.2710 0.2645
vn -0.8551 0.5053 0.1162
vn -0.8821 0.4710 0.0036
vn -0.9890 0.1007 0.1080
vn -0.9259 0.3662 -0.0928
vn -0.9995 0.0297 0.0105
vn -0.9967 -0.0427 -0.0697
vn -0.8640 0.3151 -0.3928
vn -0.9776 -0.1089 -0.1800
vn -0.9428 -0.2037 -0.2640
vn -0.8276 0.1891 -0.5285
vn -0.7671 0.1069 -0.6326
vn -0.8909 -0.3112 -0.3310
vn -0.7510 -0.4548 -0.4786
vn -0.8175 -0.3845 -0.4288
vn -0.6929 0.0330 -0.7203
vn -0.6232 -0.0138 -0.7820
vn -0.5467 -0.5819 -0.6021
vn -0.6592 -0.5155 -0.5474
vn -0.5336 -0.0609 -0.8435
vn -0.4149 -0.1004 -0.9043
vn -0.3103 -0.6366 -0.7060
vn -0.4270 -0.6072 -0.6700
vn -0.2946 -0.1398 -0.9453
vn -0.1745 -0.1703 -0.9698
vn -0.0360 -0.6539 -0.7557
vn -0.1766 -0.6355 -0.7516
vn -0.0777 -0.1675 -0.9828
vn 0.0490 -0.1674 -0.9847
vn 0.2040 -0.6529 -0.7294
vn 0.0806 -0.6285 -0.7736
vn 0.1169 -0.1789 -0.9769
vn 0.2339 -0.1440 -0.9615
vn 0.4660 -0.5968 -0.6532
vn 0.3452 -0.6147 -0.7093
vn 0.3496 -0.1323 -0.9275
vn 0.4686 -0.1041 -0.8772
vn 0.6783 -0.4795 -0.5569
vn 0.5784 -0.5143 -0.6332
vn 0.5646 -0.0679 -0.8225
vn 0.6244 0.0054 -0.7811
vn 0.8384 -0.3680 -0.4021
vn 0.7641 -0.3988 -0.5071
vn 0.6677 0.0495 -0.7428
vn 0.7218 0.1125 -0.6829
vn 0.9535 -0.2068 -0.2192
vn 0.8986 -0.2867 -0.3321
vn 0.7760 0.1798 -0.6046
vn 0.8117 0.2590 -0.5235
vn 0.9823 -0.1124 -0.1499
vn 0.8377 0.3185 -0.4436
vn 0.9985 -0.0105 -0.0543
vn 0.6087 0.6344 -0.4764
vn 0.6239 0.6957 -0.3561
vn 0.5680 0.7735 -0.2811
vn 0.4653 0.8549 -0.2294
vn 0.4515 0.8913 0.0406
vn 0.4047 0.9060 -0.1239
vn 0.2978 0.9422 -0.1535
vn 0.3729 0.9208 0.1146
vn 0.1690 0.9738 -0.1523
vn 0.1956 0.9786 0.0641
vn 0.2175 0.9641 -0.1521
vn 0.0604 0.9810 -0.1845
vn -0.0687 0.9679 -0.2416
vn -0.2826 0.9492 -0.1381
vn -0.1647 0.9382 -0.3043
vn -0.2216 0.9338 -0.2810
vn -0.4089 0.9062 -0.1074
vn -0.3436 0.9031 -0.2577
vn -0.3990 0.8679 -0.2959
vn -0.6066 0.7903 -0.0863
vn -0.5422 0.8385 -0.0545
vn -0.4758 0.8223 -0.3120
vn -0.5036 0.7737 -0.3844
vn -0.7718 0.6171 -0.1536
vn -0.7405 0.6698 -0.0543
vn -0.5480 0.7176 -0.4299
vn -0.5655 0.6647 -0.4883
vn -0.8618 0.4175 -0.2880
vn -0.8047 0.5456 -0.2341
vn -0.5918 0.5578 -0.5819
vn -0.5570 0.4701 -0.6847
vn -0.4817 0.4255 -0.7661
vn -0.4342 0.3779 -0.8177
vn -0.3714 0.3495 -0.8602
vn -0.3045 0.3255 -0.8952
vn -0.2213 0.2932 -0.9301
vn -0.1543 0.2568 -0.9541
vn -0.0626 0.2293 -0.9713
vn 0.0243 0.2207 -0.9750
vn 0.0917 0.2298 -0.9689
vn 0.1672 0.2312 -0.9584
vn 0.2437 0.2631 -0.9335
vn 0.2888 0.2675 -0.9193
vn 0.3610 0.3177 -0.8768
vn 0.4297 0.3401 -0.8365
vn 0.4896 0.3607 -0.7939
vn 0.5337 0.3525 -0.7687
vn 0.5561 0.3964 -0.7305
vn 0.6840 0.4907 -0.5398
vn 0.6382 0.4505 -0.6243
vn 0.4394 0.7497 -0.4948
vn 0.4357 0.7333 -0.5219
vn 0.3156 0.8309 -0.4582
vn 0.3818 0.8170 -0.4321
vn 0.4240 0.7754 -0.4679
vn 0.2264 0.8299 -0.5099
vn 0.2943 0.8811 -0.3701
vn 0.3863 0.7179 -0.5791
vn 0.5497 0.5933 -0.5881
vn 0.5909 0.4199 -0.6889
vn 0.4595 0.5108 -0.7266
vn 0.4868 0.5214 -0.7008
vn 0.0281 0.8144 -0.5796
vn 0.1528 0.7793 -0.6078
vn 0.1413 0.7828 -0.6061
vn -0.0034 0.8073 -0.5902
vn 0.0403 0.6917 -0.7211
vn 0.1559 0.7913 -0.5912
vn 0.0198 0.7069 -0.7070
vn 0.1511 0.7848 -0.6010
vn 0.2561 0.9554 -0.1472
vn 0.1974 0.8805 -0.4309
vn 0.1646 0.8898 -0.4257
vn 0.0966 0.8951 -0.4353
vn 0.0170 0.8926 -0.4505
vn -0.0374 0.9059 -0.4217
vn -0.1139 0.9066 -0.4064
vn -0.1757 0.8764 -0.4484
vn -0.1941 0.8378 -0.5103
vn -0.1934 0.7980 -0.5708
vn -0.1773 0.7241 -0.6665
vn -0.2119 0.6584 -0.7223
vn -0.1698 0.5908 -0.7887
vn -0.0903 0.5634 -0.8212
vn -0.0159 0.5481 -0.8363
vn 0.0903 0.5262 -0.8455
vn 0.1779 0.5138 -0.8393
vn 0.2461 0.5222 -0.8166
vn 0.3101 0.5701 -0.7608
vn 0.3977 0.5322 -0.7474
vn 0.0640 0.8079 -0.5858
vn 0.0632 0.8167 -0.5737
vn 0.0811 0.8487 -0.5226
vn -0.0429 0.8356 -0.5476
vn -0.0361 0.8176 -0.5746
vn -0.0496 0.8563 -0.5141
vn -0.0643 0.8472 -0.5273
vn -0.0339 0.8701 -0.4917
vn -0.0574 0.8670 -0.4951
vn 0.0173 0.8657 -0.5003
vn -0.0143 0.8783 -0.4778
vn -0.0063 0.8126 -0.5828
vn -0.0433 0.6948 -0.7179
vn -0.0199 0.6759 -0.7368
vn -0.0353 0.6292 -0.7764
vn 0.0479 0.7166 -0.6959
vn 0.0678 0.7416 -0.6675
vn 0.0441 0.6545 -0.7548
vn -0.0042 0.6346 -0.7729
vn -0.0131 0.7793 -0.6265
vn 0.0998 0.6790 -0.7273
vn 0.0730 0.7376 -0.6713
vn 0.0776 0.8184 -0.5694
vn 0.0493 0.7423 -0.6683
vn -0.0135 0.7557 -0.6547
vn 0.1592 0.7300 -0.6647
vn -0.0450 0.7036 -0.7092
vn 0.1611 0.7370 -0.6564
vn -0.0281 0.7341 -0.6784
vn 0.1553 0.7412 -0.6530
vn 0.2534 0.7422 -0.6204
vn 0.2738 0.6690 -0.6910
vn 0.1674 0.7419 -0.6493
vn 0.0504 0.8307 -0.5544
vn 0.0528 0.8570 -0.5126
vn 0.0683 0.7096 -0.7013
vn 0.0427 0.8291 -0.5575
vn 0.1433 0.7819 -0.6067
vn 0.1395 0.7787 -0.6117
vn 0.1524 0.7973 -0.5841
vn 0.1663 0.7383 -0.6537
vn 0.1372 0.7814 -0.6087
vn 0.0351 0.8239 -0.5657
vn -0.0168 0.7252 -0.6883
vn -0.0281 0.7401 -0.6719
vn 0.2611 0.7648 -0.5891
vn 0.2675 0.7652 -0.5856
vn 0.2576 0.7848 -0.5637
vn 0.2656 0.7751 -0.5734
vn 0.2480 0.7641 -0.5955
vn 0.2460 0.7918 -0.5590
vn 0.2466 0.7804 -0.5746
vn 0.1948 0.8243 -0.5317
vn 0.2525 0.7703 -0.5856
vn 0.3416 0.7226 -0.6010
vn 0.2498 0.7780 -0.5764
vn 0.2716 0.7409 -0.6143
vn 0.2540 0.7897 -0.5585
vn 0.2710 0.7795 -0.5647
vn 0.3231 0.7720 -0.5474
vn 0.2689 0.7701 -0.5785
vn 0.2596 0.7780 -0.5722
vn 0.3087 0.7674 -0.5619
vn 0.2205 0.7916 -0.5698
vn 0.2749 0.7694 -0.5766
vn 0.2872 0.7789 -0.5576
vn 0.2530 0.7580 -0.6012
vn 0.2559 0.7671 -0.5883
vn 0.3119 0.7756 -0.5487
vn 0.2213 0.7628 -0.6076
vn 0.2633 0.7561 -0.5991
vn 0.2473 0.7833 -0.5704
vn 0.2963 0.7733 -0.5606
vn 0.2550 0.9569 0.1391
vn 0.3239 0.9353 0.1429
vn 0.4828 0.8401 0.2474
vn 0.1258 0.9912 0.0406
vn -0.5507 0.8333 0.0475
vn -0.8081 0.5439 0.2261
vn -0.7228 0.6736 0.1545
vn 0.9216 -0.2190 0.3204
vn 0.9956 0.0699 0.0629
vn 0.9739 0.1712 0.1491
vn 0.8973 -0.1276 0.4227
vn 0.8482 -0.0462 0.5276
vn 0.9351 0.2442 0.2569
vn 0.8898 0.3064 0.3381
vn 0.7948 0.0071 0.6068
vn 0.7272 0.0315 0.6857
vn 0.8379 0.3315 0.4337
vn 0.7483 0.4302 0.5049
vn 0.6600 0.1012 0.7444
vn 0.5987 0.2000 0.7756
vn 0.6410 0.5219 0.5628
vn 0.5399 0.5666 0.6225
vn 0.5701 0.3050 0.7628
vn -0.9890 0.1005 0.1081
vn -0.9524 -0.1554 0.2621
vn -0.9608 0.1975 0.1946
vn -0.9463 -0.2750 0.1701
vn -0.9995 0.0296 0.0107
vn -0.8878 -0.4601 -0.0094
vn -0.9309 -0.3556 0.0833
vn -0.9776 -0.1091 -0.1799
vn -0.9428 -0.2038 -0.2638
vn -0.7873 -0.5983 -0.1490
vn -0.8908 -0.3113 -0.3309
vn -0.6378 -0.7213 -0.2702
vn -0.7511 -0.4549 -0.4785
vn -0.4440 -0.8093 -0.3845
vn -0.5467 -0.5821 -0.6019
vn -0.2120 -0.8685 -0.4482
vn -0.3103 -0.6368 -0.7058
vn 0.0305 -0.8830 -0.4684
vn -0.0361 -0.6541 -0.7556
vn 0.0806 -0.6286 -0.7735
vn 0.2040 -0.6531 -0.7293
vn 0.5025 -0.7941 -0.3418
vn 0.2754 -0.8627 -0.4242
vn 0.4660 -0.5969 -0.6531
vn 0.5784 -0.5144 -0.6331
vn 0.6782 -0.4796 -0.5568
vn 0.6943 -0.6824 -0.2289
vn 0.7641 -0.3990 -0.5069
vn 0.8384 -0.3681 -0.4020
vn 0.8340 -0.5484 -0.0610
vn 0.8986 -0.2869 -0.3320
vn 0.9535 -0.2069 -0.2191
vn 0.9036 -0.4129 0.1137
vn 0.9823 -0.1126 -0.1497
vn 0.9985 -0.0107 -0.0542
vn 0.9263 -0.3061 0.2198
vn 0.6963 -0.2103 0.6863
vn 0.6041 -0.2907 0.7420
vn 0.6647 -0.3829 0.6415
vn 0.7471 -0.3145 0.5856
vn 0.6034 -0.1021 0.7909
vn 0.5295 -0.2158 0.8204
vn 0.5460 -0.2319 0.8051
vn 0.6365 -0.1422 0.7580
vn 0.5108 -0.3306 0.7936
vn 0.5899 -0.2235 0.7759
vn -0.9520 -0.1062 0.2872
vn -0.9134 -0.2752 0.3001
vn -0.8950 -0.3364 0.2928
vn -0.9550 -0.2000 0.2190
vn -0.8819 -0.3897 0.2652
vn -0.8516 -0.4427 0.2807
vn -0.8184 -0.4925 0.2962
vn -0.8177 -0.5369 0.2077
vn -0.8058 -0.5450 0.2318
vn -0.7564 -0.6444 0.1123
vn -0.8100 -0.5755 0.1128
vn -0.7223 -0.6916 0.0050
vn -0.6240 -0.7808 0.0316
vn -0.5798 -0.8106 -0.0819
vn -0.4239 -0.9055 0.0214
vn -0.4180 -0.8958 -0.1512
vn -0.3515 -0.9361 -0.0150
vn -0.2310 -0.9510 -0.2056
vn -0.1418 -0.9790 -0.1463
vn -0.2552 -0.9643 -0.0709
vn 0.0053 -0.9715 -0.2372
vn -0.0166 -0.9954 -0.0942
vn 0.2247 -0.9597 -0.1688
vn 0.1169 -0.9878 -0.1032
vn 0.3813 -0.9221 -0.0658
vn 0.3168 -0.9481 0.0281
vn 0.5441 -0.8385 0.0298
vn 0.4016 -0.9114 0.0897
vn 0.6828 -0.7123 0.1624
vn 0.5556 -0.8066 0.2019
vn 0.7756 -0.5599 0.2915
vn 0.6954 -0.6373 0.3322
vn 0.7686 -0.4024 0.4972
vn 0.7019 -0.4441 0.5568
vn 0.7134 -0.5175 0.4725
vn 0.7826 -0.4759 0.4013
vn -0.0894 -0.7899 0.6067
vn 0.0030 -0.8232 0.5677
vn 0.0924 -0.8277 0.5535
vn -0.5714 -0.8175 -0.0721
vn -0.4247 -0.9053 -0.0038
vn -0.3648 -0.9294 -0.0558
vn -0.1840 -0.8093 0.5578
vn 0.1987 -0.9796 0.0300
vn -0.3141 -0.7780 0.5441
vn 0.4312 -0.8997 0.0677
vn 0.3651 -0.9308 -0.0168
vn 0.2818 -0.9563 0.0779
vn 0.2600 -0.9577 0.1237
vn 0.3093 -0.9413 0.1354
vn 0.2470 -0.9543 0.1683
vn -0.3200 -0.9464 0.0431
vn 0.1818 -0.8401 0.5111
vn 0.2840 -0.8803 0.3800
vn -0.3432 -0.9371 0.0637
vn 0.3240 -0.9366 0.1332
vn 0.2352 -0.9633 0.1293
vn 0.3287 -0.9224 0.2029
vn -0.3154 -0.9489 0.0116
vn 0.2634 -0.9407 -0.2139
vn 0.6468 -0.7351 -0.2031
vn 0.5783 -0.6546 -0.4869
vn 0.1655 -0.8883 -0.4284
vn -0.4938 -0.8507 -0.1801
vn -0.4703 -0.8691 -0.1531
vn 0.4390 -0.8959 -0.0683
vn 0.5605 -0.8261 0.0586
vn 0.1496 -0.7529 -0.6409
vn -0.4369 -0.8710 -0.2248
vn 0.5990 -0.7829 0.1681
vn 0.4680 -0.8746 -0.1268
vn 0.5131 -0.8183 0.2592
vn 0.2769 -0.8911 0.3596
vn 0.2255 -0.9246 -0.3069
vn 0.3813 -0.9000 -0.2110
vn 0.0292 -0.9382 -0.3448
vn -0.0133 -0.9166 0.3995
vn -0.2979 -0.8868 0.3532
vn -0.1433 -0.9357 -0.3223
vn -0.3192 -0.9043 -0.2834
vn -0.5346 -0.8128 0.2316
vn 0.1415 -0.6288 -0.7646
vn 0.7534 0.3605 0.5499
vn 0.7372 0.4803 0.4752
vn 0.8790 0.2952 0.3743
vn 0.7975 0.1388 0.5871
vn 0.7900 0.5969 0.1400
vn 0.6965 0.6424 0.3198
vn 0.5746 0.7969 0.1865
vn 0.6363 0.7671 0.0821
vn 0.3935 0.9141 0.0979
vn 0.1617 0.9865 0.0272
vn 0.1669 0.9859 0.0134
vn 0.4351 0.8998 0.0330
vn -0.1962 0.9806 -0.0019
vn -0.6081 0.7935 0.0234
vn -0.6238 0.7815 0.0111
vn -0.1950 0.9808 0.0017
vn -0.8096 0.5845 0.0535
vn -0.5879 0.8083 0.0300
vn -0.7792 0.6199 0.0923
vn -0.8573 0.4912 0.1539
vn -0.9435 0.2765 0.1826
vn -0.9721 0.2155 0.0926
vn -0.8918 0.4462 0.0748
vn 0.8123 0.5825 0.0298
vn 0.6580 0.7523 0.0329
vn -0.9798 0.1950 0.0441
vn -0.8983 0.4378 0.0371
vn -0.9778 0.0636 0.1996
vn -0.9571 0.1341 0.2567
vn -0.6526 -0.7556 -0.0566
vn -0.7834 -0.5906 0.1936
vn 0.1105 -0.3752 0.9204
vn -0.0872 -0.3780 0.9217
vn 0.1240 -0.4146 0.9015
vn -0.5251 -0.4548 0.7194
vn -0.3590 -0.4345 0.8260
vn -0.6643 -0.5053 0.5509
vn 0.3002 -0.4319 0.8505
vn 0.3972 -0.4326 0.8094
vn 0.4938 -0.4533 0.7421
vn 0.4064 -0.3797 0.8311
vn -0.8449 -0.4446 0.2975
vn -0.7613 -0.5282 0.3761
vn 0.1981 -0.6952 0.6909
vn 0.0841 -0.4470 0.8906
vn 0.2602 -0.4209 0.8690
vn 0.3718 -0.5639 0.7374
vn -0.3100 -0.5663 0.7637
vn -0.0532 -0.5199 0.8526
vn 0.0047 -0.7743 0.6329
vn -0.2873 -0.7797 0.5564
vn 0.4525 -0.3189 0.8328
vn 0.4493 -0.4648 0.7629
vn 0.3687 -0.4158 0.8314
vn -0.7173 -0.6094 0.3378
vn -0.7240 -0.6660 0.1795
vn 0.3620 -0.8689 0.3375
vn 0.0571 -0.9625 0.2651
vn -0.5480 -0.7170 0.4308
vn -0.3344 -0.9202 0.2036
vn 0.5107 -0.4585 0.7273
vn 0.5382 -0.6061 0.5857
vn 0.4523 -0.8905 0.0489
vn 0.1165 -0.9914 -0.0603
vn 0.5807 -0.8141 -0.0104
vn 0.1685 -0.9797 -0.1085
vn 0.7532 -0.6578 0.0010
vn 0.8156 -0.5763 -0.0520
vn 0.9961 -0.0106 -0.0876
vn 0.9732 0.2282 -0.0272
vn 0.9992 -0.0192 -0.0347
vn 0.9785 0.2025 -0.0389
vn 0.6710 0.0344 0.7407
vn 0.7286 0.2855 0.6226
vn 0.5088 -0.2597 0.8208
vn 0.4356 -0.3411 0.8330
vn -0.9976 -0.0487 0.0496
vn -0.9932 -0.0185 0.1152
vn -0.9352 -0.3210 0.1493
vn -0.9429 -0.3302 0.0442
vn -0.7306 -0.6825 -0.0218
vn -0.3123 -0.9466 -0.0794
vn -0.4220 -0.9042 0.0662
vn -0.8000 -0.5976 0.0534
vn -0.7866 -0.6174 0.0111
vn -0.3791 -0.9250 -0.0266
vn -0.9472 -0.3155 0.0565
vn -0.9523 -0.3028 0.0382
vn 0.1975 -0.9796 -0.0371
vn 0.1367 -0.9895 0.0467
vn 0.6442 -0.7647 -0.0179
vn 0.6164 -0.7870 0.0269
vn 0.8719 -0.4894 -0.0156
vn 0.8582 -0.5132 0.0071
vn 0.9591 -0.2814 -0.0295
vn 0.9583 -0.2859 -0.0034
vn 0.9664 0.2569 -0.0092
vn 0.9999 -0.0130 -0.0077
vn 0.9992 -0.0194 -0.0347
vn 0.9999 -0.0132 -0.0077
vn 0.8935 0.4475 -0.0380
vn 0.8749 0.4843 -0.0046
vn 0.4306 0.9023 0.0225
vn 0.4653 0.8851 0.0079
vn -0.9135 0.4009 0.0697
vn -0.7220 0.6898 0.0544
vn -0.6647 0.7465 0.0303
vn -0.9024 0.4287 0.0424
vn -0.9972 -0.0644 0.0391
vn -0.9955 -0.0731 0.0599
vn -0.9787 0.1798 0.0992
vn -0.9816 0.1865 0.0410
vn -0.9971 -0.0646 0.0391
vn -0.9955 -0.0733 0.0599
vn 0.6859 0.7276 0.0066
vn 0.6635 0.7400 0.1102
vn 0.8676 0.4917 0.0737
vn 0.4125 0.9109 0.0146
vn 0.3924 0.9121 0.1188
vn -0.3490 0.9368 0.0268
vn -0.7355 0.6631 0.1391
vn -0.3596 0.9264 0.1120
vn -0.9241 0.3488 0.1561
vn -0.9892 -0.0195 0.1454
vn -0.9433 -0.3120 0.1134
vn -0.9892 -0.0197 0.1453
vn -0.4226 -0.8907 0.1674
vn -0.7878 -0.6052 0.1144
vn 0.1077 -0.9825 0.1520
vn 0.5958 -0.7860 0.1648
vn 0.8473 -0.5223 0.0960
vn 0.9532 -0.2934 0.0734
vn 0.9647 0.2557 0.0630
vn 0.9976 -0.0212 0.0655
vn 0.9976 -0.0214 0.0655
vn 0.8573 0.4924 0.1501
vn 0.6322 0.7285 0.2640
vn 0.3607 0.8892 0.2814
vn 0.0463 0.9911 0.1248
vn 0.0380 0.9543 0.2965
vn -0.7261 0.6281 0.2798
vn -0.3545 0.8867 0.2967
vn -0.9284 0.3193 0.1900
vn -0.9228 0.3041 0.2366
vn -0.9776 0.0013 0.2106
vn -0.9585 -0.0094 0.2851
vn -0.9329 -0.3077 0.1871
vn -0.9151 -0.3017 0.2674
vn -0.9585 -0.0096 0.2851
vn -0.9776 0.0011 0.2106
vn -0.7472 -0.5974 0.2911
vn -0.7693 -0.6065 0.2007
vn -0.4145 -0.8578 0.3040
vn 0.1181 -0.9449 0.3052
vn 0.5771 -0.7524 0.3177
vn 0.8274 -0.5333 0.1761
vn 0.7958 -0.5531 0.2467
vn 0.9422 -0.3029 0.1435
vn 0.9279 -0.3008 0.2201
vn 0.9887 -0.0306 0.1466
vn 0.9583 0.2534 0.1322
vn 0.9441 0.2472 0.2182
vn 0.9704 -0.0331 0.2392
vn 0.9887 -0.0308 0.1466
vn 0.9704 -0.0333 0.2392
vn 0.8381 0.4912 0.2373
vn 0.8002 0.4803 0.3593
vn 0.5663 0.6812 0.4640
vn 0.7389 0.4554 0.4967
vn -0.3466 0.6490 0.6773
vn -0.3578 0.7928 0.4934
vn -0.6805 0.5781 0.4502
vn -0.5989 0.4959 0.6288
vn -0.8465 0.2639 0.4624
vn -0.7630 0.2368 0.6015
vn -0.8918 -0.0196 0.4520
vn -0.8070 -0.0179 0.5903
vn -0.8070 -0.0181 0.5903
vn -0.8918 -0.0197 0.4520
vn -0.8364 -0.3001 0.4587
vn -0.7459 -0.2866 0.6012
vn -0.2924 -0.6838 0.6685
vn -0.5759 -0.5112 0.6380
vn -0.6651 -0.5549 0.4997
vn -0.3729 -0.7931 0.4815
vn 0.1005 -0.7337 0.6720
vn 0.1318 -0.8599 0.4931
vn 0.5307 -0.7285 0.4332
vn 0.4390 -0.6496 0.6207
vn 0.7246 -0.5175 0.4551
vn 0.6338 -0.4382 0.6374
vn 0.7599 -0.5586 0.3325
vn 0.9043 -0.2879 0.3151
vn 0.8557 -0.2727 0.4398
vn 0.9430 -0.0336 0.3311
vn 0.9156 0.2363 0.3253
vn 0.8615 0.2213 0.4569
vn 0.8949 -0.0349 0.4449
vn 0.9430 -0.0338 0.3311
vn 0.8949 -0.0351 0.4449
vn 0.4934 0.3174 0.8098
vn 0.6366 0.4029 0.6576
vn 0.4657 0.5831 0.6657
vn 0.3495 0.4467 0.8236
vn 0.2573 0.6973 0.6690
vn 0.0971 0.5296 0.8427
vn -0.0292 0.7314 0.6813
vn -0.2401 0.4928 0.8363
vn -0.4634 0.3942 0.7937
vn -0.5990 0.2009 0.7751
vn -0.6419 -0.0138 0.7667
vn -0.6419 -0.0140 0.7667
vn -0.5870 -0.2364 0.7743
vn -0.4349 -0.4093 0.8021
vn -0.2115 -0.5082 0.8349
vn 0.0713 -0.5324 0.8435
vn 0.3357 -0.4651 0.8191
vn 0.5149 -0.2788 0.8107
vn 0.7411 -0.2433 0.6257
vn 0.5746 -0.0471 0.8171
vn 0.7794 -0.0376 0.6253
vn 0.7478 0.1918 0.6356
vn 0.5740 0.1426 0.8064
vn 0.7794 -0.0378 0.6253
vn 0.5745 -0.0472 0.8171
vn 0.2291 0.3064 0.9239
vn 0.0414 0.3807 0.9238
vn -0.1889 0.3356 0.9228
vn -0.3176 0.1710 0.9327
vn -0.3497 -0.0048 0.9369
vn -0.3093 -0.1945 0.9309
vn -0.1559 -0.3389 0.9278
vn 0.0367 -0.3686 0.9288
vn 0.2251 -0.3317 0.9162
vn 0.2948 -0.1608 0.9419
vn 0.3056 -0.0159 0.9520
vn 0.2877 0.1430 0.9470
vn 0.3056 -0.0158 0.9520
vn -0.0046 0.1836 0.9830
vn -0.0132 0.0011 0.9999
vn -0.0021 -0.1503 0.9886
vn -0.0132 0.0010 0.9999
vn -0.3432 -0.9341 -0.0981
vn -0.7616 -0.6478 -0.0152
vn -0.9501 -0.3102 0.0341
vn -0.9975 -0.0606 0.0367
vn 0.8744 0.4851 0.0063
vn 0.9006 0.4343 -0.0182
vn 0.9961 -0.0108 -0.0876
vn 0.9599 -0.2606 -0.1031
vn 0.9041 -0.4153 -0.1009
vn 0.9495 0.3137 -0.0083
vn 0.9398 0.3071 0.1498
vn 0.9283 0.3695 0.0415
vn -0.7679 -0.5344 0.3533
vn -0.6443 -0.7595 0.0895
vn -0.6322 -0.5589 0.5366
vn -0.2861 -0.4116 0.8653
vn 0.3732 -0.4577 0.8070
vn 0.5381 -0.4800 0.6928
vn -0.0647 -0.3765 0.9241
vn 0.6355 -0.6531 0.4117
vn 0.4444 -0.8821 0.1563
vn 0.5433 -0.8207 0.1766
vn 0.6552 -0.6974 0.2904
vn 0.6977 -0.5519 0.4567
vn 0.8618 -0.2949 0.4128
vn 0.8336 -0.1982 0.5156
vn 0.7893 -0.1002 0.6058
vn 0.7301 -0.0410 0.6821
vn 0.6096 0.1191 0.7837
vn 0.6006 0.0240 0.7992
vn 0.5814 -0.0551 0.8117
vn 0.6411 0.0456 0.7661
vn -0.9118 -0.3368 0.2349
vn -0.9244 -0.2426 0.2942
vn -0.8857 -0.4353 0.1615
vn -0.7655 -0.6392 -0.0733
vn -0.8438 -0.5325 0.0666
vn -0.6271 -0.7500 -0.2103
vn -0.4432 -0.8443 -0.3013
vn -0.2237 -0.9089 -0.3520
vn 0.0176 -0.9331 -0.3591
vn 0.2435 -0.9202 -0.3065
vn 0.4456 -0.8705 -0.2089
vn 0.6343 -0.7642 -0.1169
vn 0.7866 -0.6157 0.0461
vn 0.8490 -0.4881 0.2024
vn 0.8695 -0.3858 0.3084
vn -0.9344 -0.1414 0.3269
vn -0.8746 0.4006 0.2730
vn 0.5554 0.5324 0.6389
vn 0.6463 0.6016 0.4695
vn 0.6718 0.4157 0.6131
vn 0.6315 0.2393 0.7375
vn 0.6501 0.3530 0.6729
vn 0.7173 0.2029 0.6666
vn 0.6106 -0.7286 0.3104
vn 0.6850 -0.7039 0.1880
vn 0.7566 -0.6538 0.0091
vn -0.8271 0.5615 0.0234
vn -0.6365 0.7712 0.0092
vn -0.8168 0.5763 0.0276
vn 0.0864 -0.5417 0.8361
vn -0.1141 -0.5255 0.8431
vn 0.2655 -0.5606 0.7844
vn 0.3020 -0.9533 0.0072
vn 0.6607 -0.7493 0.0456
vn -0.3117 -0.5271 0.7906
vn -0.4806 -0.5467 0.6857
vn -0.4924 -0.8521 0.1775
vn -0.4500 -0.8921 0.0417
vn -0.7145 -0.6997 -0.0038
vn -0.7216 -0.6726 0.1641
vn -0.6136 -0.5801 0.5357
vn -0.3626 -0.8137 0.4543
vn -0.4485 -0.8297 0.3323
vn -0.6925 -0.6287 0.3538
vn 0.4309 -0.5965 0.6771
vn 0.5687 -0.6690 0.4785
vn 0.6391 -0.7264 0.2529
vn -0.6695 -0.7116 -0.2132
vn -0.3825 -0.9101 -0.1594
vn -0.2127 -0.8905 -0.4023
vn -0.5484 -0.6655 -0.5063
vn 0.4643 -0.5082 -0.7254
vn -0.0487 -0.7842 -0.6186
vn -0.3704 -0.5246 -0.7665
vn -0.2352 -0.3697 -0.8989
vn -0.0132 -0.6471 -0.7623
vn 0.0119 -0.5349 -0.8448
vn -0.0951 -0.2351 -0.9673
vn 0.0873 -0.1944 -0.9770
vn 0.0730 -0.4869 -0.8704
vn 0.1197 -0.5310 -0.8389
vn 0.2388 -0.2557 -0.9368
vn 0.3578 -0.3648 -0.8596
vn 0.2344 -0.2575 0.9374
vn 0.3045 -0.2677 0.9141
vn 0.1598 -0.2567 0.9532
vn 0.2298 -0.2959 0.9272
vn 0.6376 0.2459 -0.7300
vn 0.8227 -0.0536 -0.5659
vn 0.9092 0.0516 -0.4132
vn 0.7456 0.4085 -0.5265
vn 0.5676 0.1036 -0.8167
vn 0.8167 0.1493 -0.5574
vn 0.7786 0.0847 -0.6218
vn 0.5383 0.1642 -0.8266
vn 0.2468 -0.2815 0.9273
vn 0.3081 -0.2522 0.9173
vn 0.4808 -0.2768 0.8320
vn 0.3478 -0.4283 0.8340
vn 0.2121 -0.2816 0.9358
vn 0.2438 -0.2845 0.9272
vn 0.5384 0.1642 -0.8265
vn 0.7787 0.0845 -0.6216
vn 0.7587 0.0013 -0.6514
vn 0.5890 0.1189 -0.7993
vn 0.7666 -0.0484 -0.6403
vn 0.5807 0.1288 -0.8039
vn 0.6689 -0.2553 -0.6982
vn 0.8704 -0.0496 -0.4898
vn 0.8368 0.0595 -0.5442
vn 0.6275 -0.0580 -0.7764
vn 0.7183 -0.4910 -0.4930
vn 0.9209 -0.1861 -0.3424
vn 0.5646 -0.6062 0.5601
vn 0.6882 -0.4191 0.5922
vn 0.8215 -0.4975 0.2787
vn 0.7053 -0.6727 0.2236
vn 0.7595 -0.6328 -0.1509
vn 0.9026 -0.4258 -0.0635
vn 0.2587 -0.2710 0.9272
vn 0.2409 -0.2660 0.9334
vn 0.3052 -0.1318 0.9431
vn 0.4548 -0.2662 0.8499
vn 0.5320 0.1670 0.8301
vn 0.6583 -0.0129 0.7526
vn 0.7963 0.4208 0.4346
vn 0.8944 0.1972 0.4015
vn 0.8526 0.5086 -0.1198
vn 0.9565 0.2697 -0.1111
vn 0.3477 -0.4285 0.8340
vn 0.4809 -0.2769 0.8319
vn -0.0116 -0.9952 -0.0975
vn 0.9651 -0.1682 0.2010
vn 0.5678 0.1037 -0.8166
vn 0.6277 -0.0579 -0.7763
vn 0.6689 -0.2552 -0.6981
vn 0.7184 -0.4909 -0.4930
vn 0.7054 -0.6726 0.2236
vn 0.5647 -0.6061 0.5601
vn 0.7595 -0.6328 -0.1510
vn 0.0671 0.7400 -0.6693
vn 0.0227 0.6775 -0.7352
vn 0.0976 0.6655 -0.7400
vn 0.0705 0.7379 -0.6712
vn -0.4664 0.2536 -0.8475
vn -0.2830 0.1355 -0.9495
vn -0.6292 0.3403 -0.6988
vn -0.6491 0.5207 -0.5546
vn -0.6257 0.6775 -0.3868
vn -0.4904 0.8216 -0.2906
vn -0.3892 0.9135 -0.1184
vn 0.0358 0.7687 -0.6386
vn -0.1630 0.9814 -0.1013
vn 0.0086 0.9997 -0.0242
vn 0.1830 0.9808 -0.0676
vn 0.3391 0.9267 -0.1621
vn 0.4569 0.8431 -0.2836
vn 0.5520 0.7395 -0.3853
vn 0.6328 0.6221 -0.4610
vn 0.5940 0.5233 -0.6110
vn 0.0077 0.7499 -0.6615
vn 0.5459 0.4108 -0.7302
vn 0.4880 0.2649 -0.8317
vn 0.3232 0.2011 -0.9247
vn 0.1576 0.0605 -0.9856
vn -0.0663 0.1411 -0.9878
vn 0.5352 -0.1415 0.8328
vn -0.8477 0.4925 0.1971
vn -0.9967 -0.0429 -0.0696
vn -0.9453 0.0071 0.3261
vn -0.9255 0.2709 0.2646
vn -0.8175 -0.3846 -0.4286
vn -0.6592 -0.5157 -0.5473
vn -0.4271 -0.6073 -0.6699
vn -0.1767 -0.6356 -0.7515
vn 0.3451 -0.6148 -0.7091
vn 0.1661 0.7059 -0.6885
vn 0.1654 0.7216 -0.6722
vn -0.1856 0.9826 -0.0024
vn -0.2065 0.9784 -0.0012
vn -0.2307 0.9730 0.0053
vn 0.1659 0.9861 -0.0063
vn 0.1638 0.9865 0.0071
vn 0.0132 0.8208 -0.5710
vn 0.1473 0.7830 -0.6044
vn 0.0718 0.8204 -0.5673
vn 0.0750 0.8172 -0.5714
vn -0.3673 0.3906 -0.8441
vn 0.1724 0.7262 -0.6655
vn 0.1725 0.7337 -0.6572
vn -0.4330 0.5161 -0.7390
vn 0.1566 0.7370 -0.6575
vn -0.4891 0.6163 -0.6172
vn -0.4639 0.7374 -0.4911
vn 0.1597 0.7466 -0.6458
vn -0.4291 0.8269 -0.3634
vn 0.1896 0.7306 -0.6559
vn -0.2906 0.9153 -0.2789
vn 0.1782 0.7309 -0.6588
vn -0.1959 0.9644 -0.1776
vn 0.1878 0.7196 -0.6685
vn -0.0348 0.9883 -0.1486
vn 0.1802 0.7195 -0.6707
vn 0.1034 0.9884 -0.1110
vn 0.1830 0.7124 -0.6775
vn 0.2624 0.9558 -0.1324
vn 0.1738 0.7152 -0.6769
vn 0.4023 0.9035 -0.1474
vn 0.5128 0.8358 -0.1964
vn 0.5954 0.7599 -0.2608
vn 0.6495 0.6731 -0.3537
vn 0.6842 0.5768 -0.4462
vn 0.6674 0.4923 -0.5587
vn 0.6476 0.3906 -0.6542
vn 0.1736 0.7362 -0.6542
vn 0.5638 0.3238 -0.7598
vn 0.1849 0.7299 -0.6581
vn 0.4752 0.2465 -0.8446
vn 0.1857 0.7309 -0.6567
vn 0.3445 0.2229 -0.9119
vn 0.1928 0.7239 -0.6624
vn 0.2096 0.1871 -0.9597
vn 0.1923 0.7298 -0.6561
vn 0.0555 0.2220 -0.9735
vn 0.1909 0.7262 -0.6605
vn -0.0996 0.2394 -0.9658
vn 0.1880 0.7317 -0.6552
vn -0.2357 0.3237 -0.9163
vn -0.4418 0.4137 -0.7960
vn 0.1134 0.7672 -0.6312
vn 0.1155 0.7809 -0.6139
vn -0.5088 0.5227 -0.6841
vn 0.0968 0.7839 -0.6133
vn -0.5638 0.6088 -0.5581
vn 0.1132 0.7922 -0.5996
vn -0.5311 0.7281 -0.4334
vn 0.1011 0.8020 -0.5887
vn -0.4991 0.8109 -0.3054
vn 0.1160 0.8056 -0.5810
vn -0.4003 0.8936 -0.2031
vn 0.1094 0.8157 -0.5681
vn -0.2988 0.9492 -0.0984
vn 0.1300 0.8129 -0.5676
vn -0.1530 0.9872 -0.0454
vn 0.1365 0.8176 -0.5594
vn -0.0198 0.9997 0.0171
vn 0.1545 0.7924 -0.5901
vn 0.1548 0.9878 -0.0164
vn 0.2880 0.9576 -0.0017
vn 0.4095 0.9115 -0.0376
vn 0.5189 0.8464 -0.1197
vn 0.5926 0.7765 -0.2143
vn 0.6628 0.6894 -0.2922
vn 0.6814 0.6101 -0.4044
vn 0.6907 0.5161 -0.5066
vn 0.6441 0.4487 -0.6195
vn 0.5947 0.3615 -0.7181
vn 0.1469 0.7820 -0.6057
vn 0.4960 0.3144 -0.8094
vn 0.1565 0.7839 -0.6008
vn 0.3936 0.2491 -0.8849
vn 0.1471 0.7890 -0.5966
vn 0.2552 0.2423 -0.9360
vn 0.1581 0.7754 -0.6113
vn 0.1153 0.2167 -0.9694
vn 0.1578 0.7811 -0.6042
vn -0.0350 0.2558 -0.9661
vn 0.1393 0.7695 -0.6233
vn -0.1869 0.2770 -0.9425
vn 0.1316 0.7720 -0.6219
vn -0.3151 0.3577 -0.8791
vn -0.5982 0.6271 -0.4989
vn -0.5408 0.7537 -0.3735
vn -0.5096 0.8295 -0.2288
vn -0.3849 0.9140 -0.1278
vn -0.2771 0.9608 -0.0095
vn -0.0842 0.9959 0.0331
vn 0.0986 0.9945 0.0352
vn 0.2397 0.9707 0.0190
vn 0.0711 0.8249 -0.5608
vn 0.3644 0.9312 0.0083
vn 0.0419 0.8085 -0.5869
vn 0.4415 0.8884 -0.1260
vn 0.5005 0.8319 -0.2396
vn 0.5375 0.7631 -0.3588
vn 0.5605 0.6842 -0.4666
vn 0.5221 0.6337 -0.5709
vn 0.4977 0.5648 -0.6582
vn 0.3982 0.5314 -0.7477
vn 0.3044 0.4735 -0.8265
vn 0.1792 0.4343 -0.8828
vn 0.0607 0.3643 -0.9293
vn -0.0826 0.3574 -0.9303
vn -0.2294 0.3464 -0.9096
vn -0.3603 0.3981 -0.8437
vn -0.4863 0.4493 -0.7494
vn 0.0153 0.8096 -0.5868
vn -0.5704 0.5242 -0.6323
vn 0.1513 0.8346 -0.5297
vn -0.9292 0.1759 0.3251
vn 0.5969 -0.0841 0.7979
vn 0.6681 0.0700 0.7408
vn 0.6083 0.1527 0.7789
vn 0.5910 0.2119 0.7783
vn -0.9257 0.2412 0.2913
vn -0.4534 0.2447 -0.8571
vn -0.2781 0.1381 -0.9506
vn -0.5552 0.4020 -0.7281
vn -0.6149 0.5362 -0.5783
vn -0.5971 0.6844 -0.4184
vn -0.5311 0.8069 -0.2586
vn -0.3946 0.9106 -0.1228
vn -0.1991 0.9794 -0.0348
vn 0.0025 1.0000 0.0064
vn 0.2107 0.9774 -0.0153
vn 0.3967 0.9168 -0.0453
vn 0.5527 0.8184 -0.1573
vn 0.6593 0.7012 -0.2714
vn 0.7085 0.5764 -0.4071
vn 0.6892 0.4493 -0.5685
vn 0.6324 0.3116 -0.7092
vn 0.5101 0.2075 -0.8347
vn 0.3513 0.1156 -0.9291
vn 0.1460 0.1079 -0.9834
vn -0.0642 0.1017 -0.9927
vn -0.4809 0.4841 -0.7310
vn -0.3928 0.3752 -0.8396
vn -0.5089 0.6083 -0.6091
vn -0.5043 0.7204 -0.4761
vn -0.4393 0.8249 -0.3557
vn -0.3569 0.9055 -0.2296
vn -0.2201 0.9638 -0.1508
vn -0.0760 0.9941 -0.0776
vn 0.0870 0.9950 -0.0487
vn 0.2559 0.9660 -0.0361
vn 0.4128 0.9080 -0.0714
vn 0.5399 0.8320 -0.1273
vn 0.6357 0.7453 -0.2012
vn 0.7134 0.6402 -0.2850
vn 0.7314 0.5426 -0.4132
vn 0.7363 0.4297 -0.5228
vn 0.6926 0.3314 -0.6406
vn 0.6067 0.2441 -0.7565
vn 0.4930 0.1822 -0.8507
vn 0.3502 0.1411 -0.9260
vn 0.1952 0.1311 -0.9720
vn 0.0280 0.1552 -0.9875
vn -0.1294 0.2019 -0.9708
vn -0.2800 0.2705 -0.9211
vn -0.5117 0.5127 -0.6894
vn -0.4220 0.4313 -0.7974
vn -0.5325 0.6262 -0.5694
vn -0.5336 0.7227 -0.4392
vn -0.4695 0.8207 -0.3257
vn -0.4211 0.8860 -0.1942
vn -0.2749 0.9522 -0.1332
vn -0.1634 0.9855 -0.0467
vn -0.0234 0.9997 0.0117
vn 0.1405 0.9894 0.0358
vn 0.2876 0.9577 -0.0050
vn 0.4211 0.9070 0.0107
vn 0.5335 0.8401 -0.0978
vn 0.6384 0.7548 -0.1508
vn 0.6902 0.6711 -0.2709
vn 0.7422 0.5623 -0.3647
vn 0.7126 0.4881 -0.5039
vn 0.6905 0.3865 -0.6114
vn 0.6053 0.3292 -0.7247
vn 0.5173 0.2534 -0.8174
vn 0.3902 0.2283 -0.8920
vn 0.2576 0.1911 -0.9472
vn 0.1082 0.2082 -0.9721
vn -0.0462 0.2143 -0.9757
vn -0.1881 0.2797 -0.9415
vn -0.3269 0.3316 -0.8850
vn -0.5972 0.7132 -0.3671
vn -0.5863 0.6254 -0.5150
vn -0.5206 0.8196 -0.2390
vn -0.4226 0.8977 -0.1250
vn -0.3137 0.9494 0.0138
vn -0.1100 0.9893 0.0955
vn 0.0934 0.9943 0.0519
vn 0.2479 0.9667 0.0642
vn 0.3814 0.9244 -0.0075
vn 0.4996 0.8624 -0.0822
vn 0.5767 0.7878 -0.2164
vn 0.6527 0.6859 -0.3218
vn 0.6205 0.6248 -0.4739
vn 0.6193 0.5382 -0.5717
vn 0.5538 0.4896 -0.6735
vn 0.4836 0.3986 -0.7793
vn 0.3656 0.3556 -0.8602
vn 0.2322 0.2919 -0.9279
vn 0.0826 0.2579 -0.9626
vn -0.0830 0.2531 -0.9639
vn -0.2346 0.3072 -0.9223
vn -0.3858 0.3332 -0.8603
vn -0.4782 0.4411 -0.7594
vn -0.5707 0.5081 -0.6451
vn 0.0806 0.7354 -0.6728
vn 0.1853 0.7309 -0.6569
vn 0.1506 0.7815 -0.6054
vn 0.0593 0.8077 -0.5866
vn 0.2523 0.6514 -0.7155
vn 0.1366 0.6639 -0.7352
vn 0.7506 0.6607 -0.0105
vn 0.5147 0.5508 -0.6570
vn 0.5014 0.5750 0.6465
vn 0.5604 0.3614 0.7452
vn 0.4802 0.5666 0.6696
vn 0.5554 0.5322 0.6390
vn 0.4138 0.8501 0.3258
vn 0.4360 0.7663 0.4718
vn 0.4843 0.8461 0.2225
vn 0.6236 -0.0387 0.7807
vn 0.4802 0.5667 0.6696
vn 0.5588 0.7528 0.3480
vn 0.5398 0.5668 0.6223
vn 0.5013 0.5751 0.6464
vn -0.8527 -0.4885 0.1853
vn -0.9257 0.2414 0.2913
vn -0.9291 0.1761 0.3251
vn -0.9071 0.3366 0.2527
vn -0.9035 0.4274 0.0337
vn -0.9818 0.1860 0.0380
vn 0.0527 0.9985 0.0172
vn -0.9975 -0.0604 0.0367
vn 0.3145 0.8158 0.4853
vn 0.0121 0.8722 0.4890
vn -0.8947 0.2851 0.3439
vn -0.9304 -0.0215 0.3658
vn -0.9304 -0.0217 0.3658
vn -0.8842 -0.2987 0.3592
vn -0.7135 -0.5791 0.3943
vn 0.6500 -0.4676 0.5991
vn 0.5815 -0.4162 0.6990
vn 0.5072 -0.3578 0.7840
vn 0.5723 -0.1616 0.8040
vn 0.6709 -0.0015 0.7416
vn 0.5651 -0.4920 0.6623
vn -0.7007 0.7118 0.0499
vn 0.3549 0.6123 -0.7065
vn 0.3603 0.6681 -0.6510
vn -0.9932 -0.0184 0.1152
vn -0.9778 0.0638 0.1996
vn -0.9976 -0.0485 0.0496
vn -0.9571 0.1343 0.2567
vn 0.1771 0.6570 -0.7327
vn 0.2110 0.6555 -0.7251
vn 0.7774 0.5342 0.3320
vn 0.5401 0.6856 0.4882
vn 0.4487 0.8930 0.0335
vn 0.6359 0.7673 -0.0831
vn -0.2265 -0.3593 -0.9053
vn 0.0760 -0.4488 -0.8904
vn 0.0987 0.0218 -0.9949
vn -0.1206 0.0459 -0.9916
vn -0.0323 0.9405 0.3383
vn 0.0010 0.9897 0.1430
vn -0.2474 0.9658 0.0771
vn -0.3170 0.9094 0.2693
vn 0.3513 -0.4198 -0.8369
vn 0.6107 -0.3652 -0.7026
vn 0.5061 0.0969 -0.8570
vn 0.3086 0.0354 -0.9505
vn 0.8279 -0.2191 -0.5163
vn 0.9508 -0.0690 -0.3021
vn 0.7608 0.3280 -0.5600
vn 0.6659 0.2043 -0.7175
vn 0.9870 0.1441 -0.0719
vn 0.9323 0.3297 0.1485
vn 0.7465 0.6259 -0.2259
vn 0.7902 0.4756 -0.3864
vn 0.2147 0.9730 0.0842
vn 0.2316 0.7927 0.5639
vn -0.0550 0.8317 0.5525
vn 0.0039 0.9965 0.0834
vn -0.8566 0.0379 -0.5146
vn -0.7110 -0.1453 -0.6880
vn -0.5015 0.2294 -0.8342
vn -0.6162 0.3686 -0.6960
vn -0.8353 0.3721 -0.4048
vn -0.7099 0.4945 -0.5015
vn -0.6576 0.3297 -0.6773
vn -0.7766 0.1882 -0.6013
vn -0.4506 -0.3054 -0.8389
vn -0.3223 0.1130 -0.9399
vn -0.6460 0.6703 -0.3651
vn -0.9057 0.4180 -0.0708
vn -0.9289 0.2372 -0.2843
vn -0.6696 0.5267 -0.5237
vn -0.7136 0.7001 -0.0244
vn -0.5996 0.7828 -0.1665
vn -0.6859 0.6457 -0.3356
vn -0.8140 0.5396 -0.2149
vn -0.5371 0.8318 0.1404
vn -0.4454 0.8949 -0.0263
vn 0.8677 0.4963 -0.0280
vn 0.7906 0.5896 -0.1652
vn 0.6747 0.7379 -0.0163
vn 0.7390 0.6595 0.1375
vn 0.5247 0.7674 0.3684
vn 0.7656 0.6015 0.2283
vn 0.5087 0.8157 0.2755
vn -0.3465 0.8614 0.3713
vn -0.0527 0.8963 0.4404
vn -0.0525 0.8963 0.4404
vn 0.2522 0.8626 0.4384
vn 0.2500 0.9065 0.3402
vn -0.0321 0.9405 0.3383
vn -0.8333 0.0969 -0.5443
vn -0.8921 0.2960 -0.3414
vn -0.7686 0.6372 0.0575
vn -0.8729 0.4678 -0.1383
vn -0.5779 0.7824 0.2320
vn 0.9004 0.4316 0.0549
vn 0.7166 0.1279 0.6857
vn 0.4900 0.2835 0.8243
vn -0.1241 -0.7907 -0.5995
vn -0.3693 0.8004 0.4722
vn -0.0551 0.8317 0.5525
vn -0.1075 0.4208 0.9008
vn -0.4186 0.3932 0.8186
vn 0.2519 -0.8330 -0.4926
vn 0.5497 -0.7572 -0.3528
vn 0.7713 -0.6154 -0.1622
vn 0.8880 -0.4578 0.0446
vn 0.9233 -0.2602 0.2825
vn 0.8662 -0.0679 0.4950
vn 0.1842 0.3833 0.9051
vn -0.1074 0.4206 0.9009
vn -0.9151 -0.3651 -0.1711
vn -0.7649 -0.5428 -0.3467
vn -0.9844 -0.1658 0.0586
vn -0.4672 -0.7268 -0.5035
vn -0.9605 0.0141 0.2780
vn -0.7961 0.5878 0.1441
vn -0.8511 0.1821 0.4924
vn -0.6042 0.7227 0.3355
vn -0.6576 0.3183 0.6828
vn 0.4727 0.8746 0.1079
vn 0.0892 -0.0515 -0.9947
vn -0.1431 -0.0229 -0.9894
vn -0.2282 0.9734 0.0202
vn 0.0038 0.9965 0.0834
vn 0.5273 0.0194 -0.8495
vn 0.3177 -0.0434 -0.9472
vn 0.8090 0.2707 -0.5218
vn 0.7052 0.1320 -0.6966
vn 0.8392 0.4254 -0.3387
vn 0.2317 0.9612 0.1497
vn 0.0011 0.9897 0.1430
vn -0.5367 0.1755 -0.8253
vn -0.3528 0.0508 -0.9343
vn -0.5626 0.8013 -0.2036
vn -0.4150 0.9072 -0.0690
vn -0.1966 -0.2104 -0.9576
vn 0.0625 -0.2477 -0.9668
vn 0.0465 -0.3688 -0.9283
vn -0.2241 -0.3259 -0.9184
vn 0.3276 -0.2371 -0.9146
vn 0.5646 -0.1674 -0.8082
vn 0.5786 -0.2848 -0.7643
vn 0.3271 -0.3585 -0.8743
vn 0.7717 -0.0409 -0.6346
vn 0.8914 0.1268 -0.4352
vn 0.9271 0.0294 -0.3736
vn 0.7988 -0.1525 -0.5820
vn 0.9238 0.3057 -0.2307
vn 0.9613 0.2246 -0.1593
vn -0.6385 0.0136 -0.7695
vn -0.6898 -0.0855 -0.7189
vn -0.4331 -0.1244 -0.8927
vn -0.4735 -0.2310 -0.8500
vn 0.4900 0.2834 0.8244
vn 0.7166 0.1278 0.6857
vn 0.1593 -0.5290 0.8335
vn 0.2202 -0.5399 0.8124
vn -0.1637 -0.8932 0.4189
vn -0.1097 -0.9101 0.3995
vn -0.1241 -0.7908 -0.5993
vn -0.4186 0.3931 0.8187
vn -0.1144 0.4210 0.8998
vn -0.1676 -0.4607 0.8716
vn -0.1105 -0.4328 0.8947
vn 0.5496 -0.7574 -0.3526
vn 0.2519 -0.8331 -0.4924
vn 0.0681 -0.8968 0.4371
vn 0.0330 -0.9159 0.4000
vn 0.8879 -0.4578 0.0447
vn 0.7713 -0.6155 -0.1622
vn 0.2295 -0.8115 0.5375
vn 0.2287 -0.8407 0.4907
vn 0.8662 -0.0680 0.4950
vn 0.9232 -0.2602 0.2827
vn 0.2676 -0.6704 0.6921
vn 0.2979 -0.6982 0.6509
vn 0.0100 -0.4390 0.8984
vn -0.0546 -0.4594 0.8866
vn -0.9151 -0.3653 -0.1709
vn -0.3917 -0.7606 0.5177
vn -0.3435 -0.7920 0.5048
vn -0.9844 -0.1659 0.0587
vn -0.4141 -0.6904 0.5932
vn -0.3839 -0.7288 0.5669
vn -0.4672 -0.7269 -0.5033
vn -0.7649 -0.5430 -0.3465
vn -0.2811 -0.8443 0.4562
vn -0.3372 -0.8207 0.4613
vn -0.9604 0.0140 0.2782
vn -0.4067 -0.6214 0.6697
vn -0.3899 -0.6667 0.6352
vn -0.8510 0.1819 0.4926
vn -0.3772 -0.5506 0.7447
vn -0.3745 -0.5990 0.7077
vn -0.6575 0.3181 0.6830
vn -0.3131 -0.4920 0.8123
vn -0.3334 -0.5411 0.7720
vn -0.2299 -0.4446 0.8657
vn -0.2621 -0.4917 0.8304
vn -0.1833 -0.8698 0.4581
vn -0.2549 -0.8719 0.4180
vn 0.1332 -0.4748 0.8700
vn 0.0592 -0.4776 0.8766
vn 0.2310 -0.5952 0.7696
vn 0.2799 -0.6205 0.7326
vn 0.2673 -0.7421 0.6147
vn 0.2782 -0.7784 0.5628
vn 0.1640 -0.8626 0.4786
vn 0.1363 -0.8897 0.4357
vn -0.0365 -0.8956 0.4435
vn -0.0592 -0.9096 0.4112
vn 0.6046 0.2289 0.7629
vn 0.4134 -0.1887 0.8908
vn 0.4924 -0.2551 0.8321
vn 0.7154 0.1385 0.6849
vn 0.4922 0.2973 0.8181
vn 0.3285 -0.1345 0.9349
vn -0.2667 0.4090 0.8727
vn -0.2382 -0.0568 0.9696
vn -0.1209 -0.0538 0.9912
vn -0.1077 0.4190 0.9016
vn -0.4100 0.3833 0.8277
vn -0.3445 -0.0735 0.9359
vn 0.9074 -0.1474 0.3937
vn 0.6361 -0.4699 0.6120
vn 0.6463 -0.5433 0.5358
vn 0.9232 -0.2498 0.2921
vn 0.8739 -0.0552 0.4830
vn 0.6085 -0.4018 0.6843
vn 0.0492 0.4130 0.9094
vn -0.0064 -0.0585 0.9983
vn 0.1071 -0.0714 0.9917
vn 0.2042 0.3910 0.8975
vn -0.1078 0.4190 0.9016
vn -0.8317 -0.5295 -0.1669
vn -0.6407 -0.7399 0.2051
vn -0.6881 -0.6740 0.2690
vn -0.8964 -0.4371 -0.0735
vn -0.7506 -0.6113 -0.2508
vn -0.5812 -0.7998 0.1501
vn -0.9435 -0.3297 0.0334
vn -0.7210 -0.6001 0.3464
vn -0.7363 -0.5280 0.4232
vn -0.9648 -0.2242 0.1376
vn -0.9634 -0.1256 0.2368
vn -0.7378 -0.4578 0.4961
vn -0.7242 -0.3864 0.5712
vn -0.9409 -0.0305 0.3372
vn -0.8964 0.0606 0.4392
vn -0.6930 -0.3177 0.6472
vn -0.6486 -0.2578 0.7162
vn -0.8333 0.1430 0.5340
vn -0.7509 0.2190 0.6231
vn -0.5904 -0.2025 0.7813
vn -0.5139 -0.1497 0.8447
vn -0.6448 0.2891 0.7076
vn -0.5307 0.3439 0.7747
vn -0.4319 -0.1062 0.8957
vn -0.3948 -0.8117 -0.4304
vn -0.3318 -0.9433 0.0116
vn -0.4185 -0.9074 0.0395
vn -0.5153 -0.7647 -0.3870
vn -0.2742 -0.8452 -0.4588
vn -0.2409 -0.9705 -0.0047
vn 0.3573 0.3518 0.8652
vn 0.2224 -0.0961 0.9702
vn 0.6442 0.7070 0.2918
vn 0.5431 0.8390 -0.0325
vn 0.4547 0.8904 0.0204
vn 0.5345 0.7647 0.3601
vn 0.7448 0.6343 0.2072
vn 0.6168 0.7811 -0.0971
vn -0.1083 -0.6824 -0.7229
vn 0.0591 -0.6944 -0.7172
vn 0.0248 -0.8858 -0.4635
vn -0.1284 -0.8738 -0.4690
vn -0.0747 -0.4171 -0.9058
vn 0.0909 -0.4262 -0.9000
vn -0.2614 -0.6534 -0.7104
vn -0.2219 -0.3907 -0.8934
vn -0.1934 0.8864 0.4207
vn -0.1143 0.9905 0.0763
vn -0.2360 0.9702 0.0545
vn -0.3420 0.8541 0.3918
vn -0.0379 0.9019 0.4303
vn 0.0070 0.9964 0.0849
vn 0.4898 -0.6143 -0.6187
vn 0.6169 -0.5603 -0.5527
vn 0.5554 -0.7717 -0.3099
vn 0.4319 -0.8210 -0.3733
vn 0.4964 -0.3434 -0.7973
vn 0.6146 -0.2896 -0.7337
vn 0.3536 -0.6549 -0.6679
vn 0.3694 -0.3814 -0.8474
vn 0.2992 -0.8572 -0.4190
vn 0.9126 -0.3121 -0.2640
vn 0.9616 -0.2216 -0.1622
vn 0.8876 -0.4563 0.0630
vn 0.8391 -0.5429 -0.0336
vn 0.8840 -0.0491 -0.4648
vn 0.9285 0.0384 -0.3692
vn 0.8402 -0.4001 -0.3661
vn 0.8185 -0.1319 -0.5592
vn 0.7683 -0.6269 -0.1290
vn 0.9779 0.1074 0.1795
vn 0.9408 0.2007 0.2732
vn 0.9362 0.3473 -0.0535
vn 0.8998 0.4349 0.0346
vn 0.9975 0.0031 0.0708
vn 0.9551 0.2532 -0.1542
vn 0.1093 0.8959 0.4306
vn 0.1194 0.9891 0.0860
vn 0.2550 0.8699 0.4222
vn 0.2317 0.9696 0.0789
vn -0.7884 -0.0535 -0.6129
vn -0.6077 0.2406 -0.7569
vn -0.5465 0.1757 -0.8189
vn -0.7074 -0.1322 -0.6943
vn -0.8591 0.0414 -0.5102
vn -0.6667 0.3196 -0.6733
vn -0.9059 0.1575 -0.3930
vn -0.7030 0.4179 -0.5755
vn -0.9210 0.2628 -0.2875
vn -0.7156 0.4997 -0.4880
vn -0.6570 -0.4817 -0.5799
vn -0.5224 -0.5646 -0.6390
vn -0.6416 -0.6941 -0.3264
vn -0.6064 -0.2213 -0.7638
vn -0.4778 -0.3065 -0.8232
vn -0.7703 -0.3892 -0.5052
vn -0.9163 0.3540 -0.1873
vn -0.7115 0.5716 -0.4087
vn -0.8916 0.4453 -0.0823
vn -0.6874 0.6492 -0.3257
vn -0.8423 0.5386 0.0203
vn -0.6461 0.7250 -0.2387
vn -0.7743 0.6230 0.1111
vn -0.5910 0.7900 -0.1632
vn -0.6887 0.6982 0.1956
vn -0.5200 0.8485 -0.0985
vn -0.5814 0.7651 0.2768
vn -0.4332 0.9007 -0.0341
vn -0.4669 0.8152 0.3427
vn -0.3397 0.9404 0.0170
vn -0.3449 -0.3600 -0.8669
vn -0.2442 0.0070 -0.9697
vn -0.1446 -0.0195 -0.9893
vn -0.3561 0.0520 -0.9330
vn 0.4013 0.8234 0.4013
vn 0.3471 0.9359 0.0603
vn 0.8789 0.3049 0.3669
vn 0.7775 0.4185 0.4695
vn 0.8136 0.0361 0.5802
vn 0.8367 0.5349 0.1175
vn 0.9924 -0.1130 -0.0479
vn 0.9177 -0.3569 0.1745
vn 0.9540 0.1445 -0.2627
vn 0.7373 -0.4879 -0.4673
vn 0.6704 -0.7067 -0.2261
vn 0.7256 -0.2166 -0.6531
vn 0.2364 -0.4104 -0.8807
vn 0.2302 -0.0350 -0.9725
vn 0.3351 -0.0159 -0.9420
vn 0.1121 -0.0417 -0.9928
vn 0.3800 0.8647 -0.3283
vn 0.3260 0.8989 -0.2927
vn 0.4267 0.8277 -0.3644
vn -0.0243 -0.0367 -0.9990
vn 0.0268 0.3402 -0.9400
vn 0.1120 0.3353 -0.9354
vn -0.0463 0.3520 -0.9349
vn -0.0308 0.9648 -0.2613
vn 0.0447 0.8438 -0.5348
vn -0.0040 0.8668 -0.4987
vn -0.1062 0.9545 -0.2786
vn 0.0440 0.9662 -0.2540
vn 0.0683 0.8726 -0.4837
vn 0.4346 0.0175 -0.9004
vn 0.3128 0.3627 -0.8778
vn 0.3725 0.3873 -0.8433
vn 0.5286 0.0597 -0.8468
vn 0.2518 0.3463 -0.9037
vn 0.7352 0.2503 -0.6300
vn 0.5008 0.5003 -0.7063
vn 0.5199 0.5461 -0.6569
vn 0.7675 0.3227 -0.5539
vn 0.6862 0.1818 -0.7043
vn 0.4722 0.4590 -0.7525
vn 0.7694 0.5622 -0.3033
vn 0.5196 0.6935 -0.4990
vn 0.4999 0.7385 -0.4524
vn 0.7386 0.6331 -0.2317
vn 0.7841 0.4892 -0.3819
vn 0.5295 0.6481 -0.5473
vn 0.1135 0.9607 -0.2532
vn 0.0987 0.8426 -0.5294
vn 0.0441 0.9662 -0.2540
vn 0.1826 0.9485 -0.2588
vn 0.1364 0.8641 -0.4845
vn -0.3369 0.5059 -0.7941
vn -0.3008 0.4665 -0.8318
vn -0.3676 0.5608 -0.7419
vn -0.3968 0.6180 -0.6787
vn -0.0847 0.7203 -0.6885
vn -0.1309 0.6767 -0.7246
vn -0.4056 0.6678 -0.6242
vn -0.1448 0.7310 -0.6668
vn -0.4653 0.1130 -0.8779
vn -0.2504 0.4306 -0.8671
vn -0.1794 0.3949 -0.9010
vn -0.4026 0.7118 -0.5755
vn -0.0906 0.7521 -0.6528
vn -0.3915 0.7589 -0.5203
vn -0.1352 0.7732 -0.6195
vn -0.3600 0.8073 -0.4676
vn -0.3221 0.8469 -0.4231
vn -0.2835 0.8813 -0.3780
vn -0.0474 0.8138 -0.5792
vn -0.1096 0.8151 -0.5689
vn -0.2292 0.9130 -0.3376
vn -0.0625 0.8469 -0.5280
vn -0.1707 0.9370 -0.3048
vn -0.0052 0.8339 -0.5519
vn -0.1081 0.3685 -0.9233
vn 0.2546 0.9278 -0.2726
vn 0.1509 0.8295 -0.5378
vn 0.2056 0.8387 -0.5042
vn 0.6867 0.7084 -0.1632
vn 0.4686 0.7841 -0.4069
vn 0.7850 0.4073 -0.4668
vn 0.5303 0.5983 -0.6006
vn 0.6160 0.1167 -0.7791
vn 0.4283 0.4205 -0.7999
vn 0.1866 0.3377 -0.9226
vn 0.6611 0.5021 0.5575
vn 0.5429 0.5624 0.6237
vn -0.2452 0.6912 0.6798
vn -0.0785 0.7082 0.7016
vn -0.3978 0.6560 0.6414
vn 0.0845 0.7013 0.7079
vn 0.2454 0.6721 0.6986
vn -0.8570 -0.3030 -0.4169
vn -0.9281 -0.2049 -0.3109
vn -0.9772 -0.0863 -0.1941
vn -0.9962 0.0260 -0.0836
vn -0.9917 0.1260 0.0236
vn -0.9659 0.2226 0.1320
vn -0.9171 0.3196 0.2383
vn -0.8488 0.4080 0.3362
vn -0.7602 0.4881 0.4289
vn -0.6474 0.5595 0.5174
vn -0.5267 0.6140 0.5878
vn -0.3895 -0.6187 -0.6823
vn 0.4033 0.6221 0.6711
vn 0.2100 -0.6831 -0.6995
vn 0.1625 -0.8792 -0.4479
vn -0.1317 -0.9911 -0.0177
vn -0.0228 -0.9996 -0.0148
vn 0.2718 -0.9610 0.0515
vn 0.3667 -0.9252 0.0977
vn 0.1723 -0.9849 0.0179
vn 0.5779 -0.7608 0.2952
vn 0.6159 -0.6967 0.3677
vn 0.5257 -0.8199 0.2267
vn -0.5060 -0.8578 0.0903
vn 0.5620 -0.3315 0.7578
vn 0.6389 -0.6226 0.4518
vn 0.4540 -0.8768 0.1584
vn 0.0731 -0.9973 -0.0033
vn 0.1985 0.8062 -0.5573
vn 0.2574 0.8052 -0.5342
vn 0.0677 0.6152 -0.7855
vn 0.1033 0.5690 -0.8158
vn 0.0264 0.5790 -0.8149
vn 0.1733 0.6236 -0.7623
vn 0.2294 0.5936 -0.7714
vn 0.1705 0.5742 -0.8007
vn 0.2421 0.6702 -0.7016
vn 0.3007 0.6668 -0.6819
vn 0.2770 0.6263 -0.7287
vn 0.2530 0.7418 -0.6211
vn 0.2925 0.7608 -0.5794
vn 0.3071 0.7163 -0.6266
vn -0.0621 0.6767 -0.7337
vn -0.0946 0.6346 -0.7671
vn -0.0343 0.6517 -0.7577
vn -0.0380 0.5997 -0.7993
vn -0.0756 0.7866 -0.6128
vn 0.0186 0.6272 -0.7786
vn 0.2319 0.7770 -0.5852
vn 0.2549 0.7073 -0.6594
vn 0.2170 0.6443 -0.7333
vn 0.1280 0.6138 -0.7790
vn -0.0040 0.8667 -0.4988
vn 0.0447 0.8437 -0.5350
vn 0.0865 0.7377 -0.6696
vn 0.0845 0.7373 -0.6703
vn 0.0858 0.7404 -0.6666
vn 0.0683 0.8725 -0.4838
vn 0.0987 0.8425 -0.5295
vn 0.0838 0.7374 -0.6703
vn -0.1308 0.6767 -0.7245
vn -0.0845 0.7203 -0.6885
vn 0.0907 0.7414 -0.6649
vn 0.0898 0.7414 -0.6650
vn -0.1447 0.7310 -0.6668
vn -0.0903 0.7521 -0.6529
vn 0.0898 0.7394 -0.6672
vn -0.1095 0.8150 -0.5689
vn -0.0472 0.8137 -0.5794
vn 0.0893 0.7388 -0.6680
vn 0.0885 0.7381 -0.6688
vn -0.0624 0.8469 -0.5281
vn -0.0051 0.8338 -0.5521
vn 0.1509 0.8294 -0.5379
vn 0.0831 0.7376 -0.6702
vn 0.2056 0.8387 -0.5043
vn 0.1984 0.8061 -0.5575
vn 0.0820 0.7385 -0.6692
vn 0.1033 0.5691 -0.8157
vn 0.0677 0.6153 -0.7854
vn 0.0872 0.7440 -0.6625
vn 0.0871 0.7438 -0.6627
vn 0.2293 0.5936 -0.7714
vn 0.1732 0.6237 -0.7622
vn 0.0858 0.7436 -0.6631
vn 0.0864 0.7438 -0.6628
vn 0.3006 0.6668 -0.6819
vn 0.2420 0.6703 -0.7015
vn 0.0809 0.7395 -0.6682
vn 0.0832 0.7410 -0.6663
vn 0.2924 0.7608 -0.5794
vn 0.2528 0.7418 -0.6212
vn 0.0813 0.7390 -0.6688
vn 0.0813 0.7397 -0.6680
vn -0.0945 0.6346 -0.7670
vn -0.0620 0.6768 -0.7336
vn 0.0887 0.7421 -0.6644
vn -0.0341 0.6518 -0.7576
vn 0.0865 0.7443 -0.6622
vn -0.1351 0.7732 -0.6195
vn -0.0754 0.7866 -0.6129
vn 0.0186 0.6273 -0.7785
vn 0.2573 0.8052 -0.5343
vn 0.2317 0.7770 -0.5853
vn 0.3070 0.7163 -0.6266
vn 0.2547 0.7073 -0.6594
vn 0.2169 0.6444 -0.7333
vn 0.1705 0.5743 -0.8007
vn 0.1279 0.6139 -0.7789
vn 0.1468 0.3704 0.9172
vn 0.1381 0.3288 0.9342
vn 0.3047 0.7892 0.5332
vn 0.2933 0.7909 0.5371
vn 0.9133 0.3811 0.1437
vn 0.9321 0.3601 0.0404
vn 0.9781 0.1822 0.1005
vn 0.9592 0.2056 0.1941
vn 0.9351 0.3469 -0.0729
vn 0.9832 0.1811 -0.0241
vn 0.7774 -0.6267 0.0532
vn 0.7494 -0.6421 0.1616
vn 0.8381 -0.5073 0.2007
vn 0.8714 -0.4856 0.0698
vn 0.9992 -0.0236 0.0312
vn 0.9938 -0.0373 -0.1044
vn 0.9674 -0.2479 -0.0519
vn 0.9623 -0.2637 0.0672
vn 0.7095 -0.6842 0.1688
vn 0.7655 -0.6030 0.2243
vn 0.6755 -0.7194 0.1619
vn 0.6938 -0.7120 0.1088
vn 0.9826 -0.0294 0.1832
vn 0.9575 0.1009 0.2701
vn 0.7134 -0.6997 0.0390
vn 0.9606 -0.1287 0.2464
vn 0.9556 0.2519 -0.1527
vn 0.8820 0.4636 -0.0845
vn 0.9359 0.3251 -0.1355
vn 0.9790 0.1528 -0.1353
vn 0.8043 -0.5929 -0.0391
vn 0.8853 -0.4619 -0.0533
vn 0.7292 -0.6833 -0.0375
vn 0.6593 -0.7517 0.0135
vn 0.6238 -0.7796 0.0563
vn 0.8400 0.5393 -0.0598
vn 0.8494 0.5225 -0.0737
vn 0.9800 -0.1304 -0.1503
vn 0.9808 0.0755 -0.1796
vn 0.9956 0.0177 -0.0924
vn 0.9352 -0.2908 0.2021
vn 0.9093 -0.3305 0.2529
vn 0.9787 -0.1984 -0.0524
vn 0.8468 -0.4584 0.2699
vn 0.9131 -0.3970 -0.0930
vn 0.9058 -0.4117 -0.1006
vn 0.9629 -0.2492 -0.1036
vn 0.7910 -0.5999 -0.1205
vn 0.8308 -0.5459 -0.1083
vn 0.7539 -0.6464 0.1179
vn 0.6822 -0.7279 0.0695
vn 0.8094 -0.5810 -0.0857
vn 0.9686 0.1631 -0.1876
vn 0.9361 0.2957 -0.1905
vn 0.7396 -0.6670 -0.0900
vn 0.6477 -0.7616 -0.0202
vn 0.6601 -0.7503 -0.0365
vn -0.0088 -0.3644 0.9312
vn -0.0476 -0.5404 0.8401
vn -0.0017 -0.5581 0.8298
vn 0.0185 -0.3993 0.9166
vn 0.2692 0.8464 -0.4596
vn 0.3105 0.9229 -0.2276
vn 0.3200 0.9323 -0.1688
vn 0.2771 0.8531 -0.4421
vn -0.0981 -0.7457 0.6590
vn -0.1406 -0.9191 0.3682
vn -0.0746 -0.9351 0.3463
vn -0.0457 -0.7601 0.6482
vn 0.1838 0.5885 -0.7873
vn 0.1895 0.5688 -0.8003
vn 0.0278 0.0140 0.9995
vn 0.0505 -0.0334 0.9982
vn 0.3288 0.9418 -0.0706
vn 0.3514 0.9362 -0.0090
vn -0.1616 -0.9839 0.0761
vn -0.1766 -0.9634 -0.2017
vn -0.0870 -0.9747 -0.2061
vn -0.0689 -0.9956 0.0629
vn -0.0176 -0.1752 0.9844
vn 0.0286 -0.2225 0.9745
vn -0.0183 -0.2791 0.9601
vn 0.0260 -0.3324 0.9428
vn -0.0620 -0.1847 -0.9808
vn 0.0095 0.0857 -0.9963
vn 0.0518 0.0715 -0.9961
vn -0.0216 -0.2196 -0.9754
vn 0.3577 0.9086 0.2154
vn 0.3325 0.9251 0.1833
vn -0.1537 -0.6190 -0.7702
vn -0.1007 -0.6076 -0.7878
vn -0.1123 -0.9091 -0.4012
vn -0.1842 -0.8903 -0.4164
vn -0.1008 -0.6074 -0.7880
vn -0.1536 -0.6188 -0.7703
vn 0.1357 0.3618 -0.9223
vn 0.1116 0.3644 -0.9245
vn 0.1190 0.3013 -0.9461
vn 0.0804 0.2829 -0.9558
vn 0.1042 0.2752 -0.9557
vn 0.0689 0.2750 -0.9590
vn 0.0873 0.2178 -0.9721
vn 0.0519 0.2343 -0.9708
vn 0.8750 0.4838 -0.0189
vn 0.3046 0.7892 0.5332
vn 0.1381 0.3289 0.9342
vn 0.9320 0.3196 0.1707
vn 0.0186 -0.3993 0.9166
vn 0.8384 -0.5197 0.1645
vn 0.2770 0.8531 -0.4421
vn 0.8188 0.5740 -0.0135
vn 0.8072 0.5902 -0.0107
vn -0.0458 -0.7601 0.6482
vn -0.0747 -0.9351 0.3463
vn 0.1894 0.5688 -0.8004
vn 0.9674 0.0244 0.2522
vn -0.0690 -0.9956 0.0629
vn 0.0285 -0.2225 0.9745
vn 0.9457 -0.2097 0.2482
vn 0.0261 -0.3324 0.9428
vn 0.9063 -0.3732 0.1981
vn 0.6788 -0.7286 -0.0921
vn -0.0215 -0.2197 -0.9753
vn 0.0519 0.0714 -0.9961
vn 0.3577 0.9086 0.2155
vn -0.1007 -0.6075 -0.7879
vn 0.6140 -0.7892 0.0148
vn -0.1124 -0.9090 -0.4013
vn 0.1357 0.3617 -0.9224
vn 0.1192 0.3013 -0.9461
vn 0.1043 0.2751 -0.9557
vn 0.0874 0.2178 -0.9721
vn -0.2150 0.2358 -0.9477
vn 0.0380 0.2432 -0.9692
vn -0.0182 -0.9467 -0.3216
vn -0.1824 -0.9313 -0.3152
vn -0.9842 -0.1620 -0.0710
vn -0.9665 -0.0601 -0.2497
vn -0.7088 -0.6637 -0.2390
vn -0.7590 -0.6042 -0.2428
vn 0.2926 0.2361 -0.9266
vn 0.1575 -0.9251 -0.3456
vn 0.9764 -0.0686 -0.2046
vn 0.9858 -0.1677 -0.0054
vn 0.7348 -0.6172 -0.2812
vn 0.6676 -0.6670 -0.3308
vn 0.7618 0.1267 -0.6353
vn 0.9074 0.0520 -0.4169
vn 0.6324 -0.6966 -0.3388
vn 0.4290 -0.8372 -0.3391
vn -0.8779 0.0542 -0.4757
vn -0.6813 0.1481 -0.7169
vn -0.4951 -0.8184 -0.2918
vn -0.6126 -0.7376 -0.2839
vn 0.3261 -0.8788 -0.3483
vn 0.5569 0.1956 -0.8072
vn -0.4657 0.1996 -0.8621
vn -0.3446 -0.8891 -0.3013
vn -0.9652 -0.2259 0.1321
vn -0.7899 -0.5758 -0.2111
vn 0.9458 -0.2558 0.2002
vn 0.7156 -0.6477 -0.2614
vn -0.7206 -0.3829 0.5780
vn -0.8878 -0.2893 0.3578
vn -0.8034 -0.5812 -0.1291
vn -0.7660 -0.6418 -0.0363
vn 0.8285 -0.3431 0.4427
vn 0.7053 -0.6832 -0.1894
vn 0.6342 -0.4383 0.6369
vn 0.4298 -0.4952 0.7550
vn 0.3935 -0.8649 -0.3115
vn 0.5515 -0.8068 -0.2122
vn -0.0623 -0.5209 0.8514
vn -0.2837 -0.4978 0.8196
vn -0.3848 -0.8829 -0.2691
vn -0.0959 -0.9451 -0.3124
vn -0.6434 -0.7300 -0.2305
vn -0.5379 -0.4577 0.7079
vn -0.0592 -0.9517 -0.3012
vn -0.0176 -0.9683 -0.2492
vn 0.0989 -0.9615 -0.2565
vn 0.1531 -0.9350 -0.3198
vn 0.2182 -0.7476 -0.6273
vn 0.0738 -0.7488 -0.6586
vn 0.1535 -0.7792 -0.6077
vn 0.2352 -0.9372 -0.2576
vn 0.2862 -0.9222 -0.2599
vn 0.2914 -0.8949 -0.3381
vn 0.3957 -0.8710 -0.2912
vn 0.3966 -0.8450 -0.3588
vn 0.2992 -0.8403 -0.4520
vn 0.1652 -0.8688 -0.4669
vn 0.4157 -0.8047 -0.4239
vn 0.2891 -0.7781 -0.5577
vn 0.4141 -0.7716 -0.4828
vn 0.2900 -0.7406 -0.6062
vn 0.4212 -0.7376 -0.5278
vn -0.5110 -0.6902 -0.5123
vn -0.6762 -0.6558 -0.3358
vn -0.6106 -0.6921 -0.3848
vn -0.4637 -0.7554 -0.4629
vn -0.0724 -0.8793 -0.4707
vn -0.2844 -0.8505 -0.4424
vn -0.2581 -0.9222 -0.2880
vn -0.1630 -0.9574 -0.2385
vn -0.0710 -0.7664 -0.6384
vn -0.3092 -0.7470 -0.5886
vn -0.4191 -0.8612 -0.2876
vn -0.4417 -0.8088 -0.3883
vn -0.5485 -0.7930 -0.2654
vn -0.5781 -0.7503 -0.3207
vn -0.4457 -0.6643 -0.6000
vn -0.2355 -0.7198 -0.6530
vn -0.3693 -0.9018 -0.2246
vn -0.2884 -0.9316 -0.2211
vn -0.4486 -0.8706 -0.2019
vn 0.1723 -0.5180 0.8378
vn 0.1606 -0.9364 -0.3120
vn -0.0755 -0.7409 -0.6673
vn 0.0184 0.2994 -0.9540
vn 0.0379 0.2432 -0.9692
vn -0.2150 0.2359 -0.9477
vn -0.2358 0.2929 -0.9266
vn 0.7222 0.1761 -0.6689
vn 0.8817 0.0836 -0.4643
vn 0.9074 0.0519 -0.4170
vn 0.7618 0.1267 -0.6354
vn -0.6902 0.2111 -0.6921
vn -0.6813 0.1482 -0.7168
vn -0.8779 0.0541 -0.4757
vn -0.8739 0.1112 -0.4731
vn 0.5189 0.2447 -0.8191
vn 0.5569 0.1957 -0.8072
vn 0.9704 -0.0248 -0.2402
vn -0.9665 -0.0601 -0.2496
vn -0.9647 -0.0093 -0.2632
vn 0.9509 -0.2204 0.2174
vn 0.9858 -0.1676 -0.0054
vn 0.9917 -0.1285 -0.0078
vn 0.8386 -0.3110 0.4473
vn 0.8285 -0.3431 0.4426
vn 0.4625 -0.4418 0.7687
vn 0.6343 -0.4384 0.6368
vn 0.6670 -0.3882 0.6360
vn -0.9842 -0.1619 -0.0710
vn -0.9935 -0.1061 -0.0405
vn -0.9652 -0.2258 0.1322
vn -0.9617 -0.2023 0.1849
vn -0.0229 -0.4844 0.8745
vn -0.2627 -0.4723 0.8414
vn -0.2837 -0.4977 0.8196
vn 0.2703 0.2854 -0.9195
vn 0.2925 0.2361 -0.9266
vn 0.1723 -0.5180 0.8379
vn 0.2221 -0.4732 0.8525
vn -0.5094 -0.4323 0.7441
vn -0.5379 -0.4578 0.7078
vn 0.0381 0.2432 -0.9692
vn 0.0186 0.2994 -0.9540
vn -0.4789 0.2629 -0.8375
vn -0.4658 0.1997 -0.8621
vn -0.8878 -0.2894 0.3578
vn -0.8626 -0.3029 0.4052
vn -0.7112 -0.3752 0.5944
vn 0.1623 0.8299 -0.5337
vn 0.9566 0.1235 0.2640
vn 0.9986 -0.0164 0.0505
vn 0.1657 0.8137 -0.5572
vn 0.1503 0.8464 -0.5108
vn 0.8422 0.2584 0.4732
vn 0.1327 0.8601 -0.4925
vn 0.1083 0.8695 -0.4819
vn 0.4491 0.4745 0.7571
vn 0.6671 0.3787 0.6415
vn 0.0815 0.8766 -0.4743
vn 0.2008 0.5449 0.8141
vn 0.0533 0.8780 -0.4757
vn -0.0481 0.5726 0.8184
vn 0.0263 0.8778 -0.4784
vn -0.2859 0.5665 0.7729
vn -0.0010 0.8721 -0.4893
vn -0.5254 0.5171 0.6757
vn -0.0219 0.8646 -0.5019
vn -0.0368 0.8520 -0.5223
vn -0.8694 0.3459 0.3528
vn -0.7144 0.4460 0.5392
vn -0.0482 0.8369 -0.5452
vn -0.9659 0.2239 0.1300
vn -0.9922 0.0887 -0.0877
vn -0.0478 0.8208 -0.5692
vn -0.0462 0.8051 -0.5913
vn -0.9545 -0.0454 -0.2948
vn -0.0337 0.7873 -0.6157
vn -0.8363 -0.2033 -0.5093
vn -0.0176 0.7734 -0.6337
vn 0.0066 0.7648 -0.6442
vn -0.4572 -0.4197 -0.7841
vn -0.6697 -0.3255 -0.6675
vn 0.0351 0.7577 -0.6517
vn -0.1965 -0.4810 -0.8544
vn 0.0491 -0.5089 -0.8594
vn 0.0626 0.7570 -0.6504
vn 0.0889 0.7566 -0.6478
vn 0.2841 -0.5035 -0.8159
vn 0.1175 0.7618 -0.6371
vn 0.5341 -0.4667 -0.7050
vn 0.1392 0.7690 -0.6239
vn 0.1540 0.7827 -0.6030
vn 0.8829 -0.2857 -0.3727
vn 0.7271 -0.3957 -0.5611
vn 0.1628 0.7984 -0.5797
vn 0.9763 -0.1489 -0.1574
vn 0.9961 -0.0545 0.0699
vn 0.9986 -0.0165 0.0505
vn 0.9566 0.1234 0.2641
vn 0.9525 0.0892 0.2911
vn -0.0537 0.5382 0.8411
vn -0.2859 0.5664 0.7729
vn -0.3024 0.5289 0.7930
vn -0.9963 0.0536 -0.0673
vn -0.9922 0.0886 -0.0876
vn -0.9545 -0.0455 -0.2948
vn -0.9559 -0.0877 -0.2803
vn -0.8698 0.3197 0.3758
vn -0.8694 0.3458 0.3529
vn -0.9659 0.2238 0.1301
vn -0.9693 0.1921 0.1534
vn 0.0440 -0.5423 -0.8390
vn 0.0491 -0.5090 -0.8593
vn 0.2841 -0.5036 -0.8159
vn 0.2845 -0.5385 -0.7931
vn -0.4678 -0.4451 -0.7635
vn -0.4572 -0.4198 -0.7841
vn -0.1965 -0.4811 -0.8544
vn -0.2079 -0.5125 -0.8331
vn 0.8829 -0.2858 -0.3727
vn 0.9763 -0.1490 -0.1573
vn 0.9711 -0.1908 -0.1437
vn 0.8738 -0.3237 -0.3629
vn 0.4528 0.4440 0.7732
vn 0.4491 0.4744 0.7572
vn 0.2009 0.5448 0.8141
vn 0.2023 0.5109 0.8355
vn 0.8359 0.2295 0.4986
vn 0.8422 0.2583 0.4733
vn 0.6671 0.3786 0.6416
vn 0.6644 0.3493 0.6607
vn 0.2021 0.5109 0.8355
vn 0.2007 0.5449 0.8142
vn -0.5254 0.5170 0.6757
vn -0.5390 0.4830 0.6901
vn -0.7144 0.4459 0.5392
vn -0.7194 0.4158 0.5564
vn -0.8363 -0.2034 -0.5092
vn -0.8340 -0.2409 -0.4965
vn -0.6697 -0.3256 -0.6675
vn -0.6718 -0.3553 -0.6500
vn 0.5341 -0.4668 -0.7049
vn 0.5346 -0.4963 -0.6841
vn 0.7271 -0.3958 -0.5610
vn 0.7205 -0.4266 -0.5468
vn 0.0584 0.8218 -0.5667
vn 0.9985 0.0549 -0.0087
vn 0.9564 0.2233 0.1881
vn 0.9393 0.0378 0.3410
vn 0.9829 -0.1277 0.1327
vn -0.0140 0.7715 0.6360
vn -0.2500 0.7844 0.5676
vn -0.3006 0.6140 0.7298
vn -0.0546 0.6053 0.7941
vn -0.7606 -0.0081 -0.6492
vn -0.5973 -0.1430 -0.7891
vn -0.6615 -0.3445 -0.6661
vn -0.8277 -0.2003 -0.5242
vn -0.9150 0.3029 -0.2665
vn -0.8723 0.1549 -0.4637
vn -0.9422 -0.0315 -0.3335
vn -0.9829 0.1283 -0.1319
vn -0.7968 0.5894 0.1332
vn -0.8875 0.4563 -0.0651
vn -0.9567 0.2801 0.0796
vn -0.8630 0.4145 0.2887
vn 0.0821 -0.4092 -0.9087
vn 0.3147 -0.4125 -0.8549
vn 0.2835 -0.6147 -0.7361
vn 0.0441 -0.6040 -0.7957
vn -0.3936 -0.2660 -0.8800
vn -0.1557 -0.3551 -0.9218
vn -0.2033 -0.5551 -0.8066
vn -0.4496 -0.4653 -0.7624
vn 0.5441 -0.3824 -0.7469
vn 0.7317 -0.3107 -0.6067
vn 0.7112 -0.5184 -0.4748
vn 0.5206 -0.5845 -0.6223
vn 0.8566 0.3767 0.3525
vn 0.6805 0.5350 0.5007
vn 0.6556 0.3486 0.6698
vn 0.8362 0.1909 0.5142
vn -0.4675 0.7562 0.4578
vn -0.6462 0.6960 0.3130
vn -0.7102 0.5189 0.4757
vn -0.5231 0.5840 0.6208
vn 0.8853 -0.2101 -0.4148
vn 0.9731 -0.0814 -0.2155
vn 0.9582 -0.2763 -0.0741
vn 0.8686 -0.4090 -0.2796
vn 0.4587 0.6541 0.6015
vn 0.2339 0.7299 0.6423
vn 0.1982 0.5565 0.8069
vn 0.4283 0.4749 0.7688
vn 0.2338 0.7300 0.6423
vn 0.1980 0.5565 0.8069
vn 0.3359 0.7670 -0.5467
vn 0.9564 0.2233 0.1880
vn 0.3344 0.7375 -0.5867
vn 0.3134 0.7968 -0.5166
vn 0.8567 0.3766 0.3525
vn 0.2874 0.8299 -0.4783
vn 0.4587 0.6541 0.6014
vn 0.2368 0.8505 -0.4697
vn 0.1942 0.8673 -0.4583
vn 0.1473 0.8710 -0.4687
vn 0.1004 0.8767 -0.4705
vn 0.0597 0.8673 -0.4942
vn 0.0160 0.8580 -0.5135
vn -0.0052 0.8324 -0.5542
vn -0.8874 0.4563 -0.0651
vn -0.0257 0.8062 -0.5910
vn -0.0203 0.7766 -0.6296
vn -0.0236 0.7453 -0.6663
vn 0.0017 0.7140 -0.7002
vn -0.7606 -0.0080 -0.6492
vn 0.0233 0.6799 -0.7330
vn -0.5973 -0.1430 -0.7892
vn 0.0717 0.6643 -0.7440
vn 0.1165 0.6453 -0.7550
vn 0.1632 0.6444 -0.7471
vn 0.2087 0.6355 -0.7433
vn 0.2515 0.6459 -0.7208
vn 0.5440 -0.3824 -0.7469
vn 0.2966 0.6506 -0.6991
vn 0.3183 0.6807 -0.6598
vn 0.9731 -0.0815 -0.2155
vn 0.3369 0.7061 -0.6228
vn 0.1583 0.7692 -0.6190
vn 0.9995 0.0320 -0.0065
vn 0.9605 0.2123 0.1800
vn 0.9385 0.0364 0.3432
vn 0.9792 -0.1417 0.1451
vn 0.0009 0.8070 0.5906
vn -0.2345 0.8212 0.5202
vn -0.2893 0.6616 0.6918
vn -0.0444 0.6511 0.7577
vn -0.7580 -0.0284 -0.6517
vn -0.5972 -0.1748 -0.7828
vn -0.6665 -0.3674 -0.6487
vn -0.8299 -0.2116 -0.5162
vn -0.9069 0.3074 -0.2883
vn -0.8667 0.1474 -0.4765
vn -0.9414 -0.0296 -0.3361
vn -0.9792 0.1425 -0.1442
vn -0.7838 0.6137 0.0949
vn -0.8766 0.4715 -0.0960
vn -0.9504 0.3055 0.0583
vn -0.8548 0.4494 0.2594
vn 0.0765 -0.4626 -0.8833
vn 0.3088 -0.4680 -0.8281
vn 0.2723 -0.6623 -0.6981
vn 0.0343 -0.6498 -0.7593
vn -0.3960 -0.3074 -0.8653
vn -0.1600 -0.4040 -0.9006
vn -0.2126 -0.5959 -0.7744
vn -0.4570 -0.4983 -0.7368
vn 0.5383 -0.4368 -0.7207
vn 0.7269 -0.3614 -0.5840
vn 0.7012 -0.5607 -0.4405
vn 0.5097 -0.6309 -0.5849
vn 0.8635 0.3771 0.3349
vn 0.6903 0.5476 0.4728
vn 0.6606 0.3719 0.6521
vn 0.8382 0.2014 0.5068
vn -0.4521 0.7916 0.4111
vn -0.6316 0.7271 0.2690
vn -0.7003 0.5611 0.4413
vn -0.5123 0.6303 0.5834
vn 0.8820 -0.2533 -0.3973
vn 0.9719 -0.1154 -0.2053
vn 0.9520 -0.3015 -0.0530
vn 0.8603 -0.4438 -0.2510
vn 0.4709 0.6772 0.5653
vn 0.2477 0.7603 0.6005
vn 0.2075 0.5974 0.7746
vn 0.4357 0.5088 0.7425
vn 0.2476 0.7603 0.6005
vn 0.2074 0.5975 0.7746
vn 0.3553 0.7266 -0.5881
vn 0.9995 0.0320 -0.0066
vn 0.3534 0.6949 -0.6263
vn 0.3335 0.7585 -0.5599
vn 0.3080 0.7943 -0.5236
vn 0.6904 0.5476 0.4728
vn 0.4709 0.6773 0.5653
vn 0.2578 0.8165 -0.5165
vn 0.2156 0.8349 -0.5064
vn 0.1689 0.8391 -0.5172
vn 0.1221 0.8457 -0.5196
vn 0.0812 0.8358 -0.5429
vn 0.0375 0.8264 -0.5618
vn -0.7838 0.6138 0.0949
vn 0.0158 0.7990 -0.6011
vn -0.8766 0.4715 -0.0959
vn -0.0051 0.7713 -0.6365
vn -0.9068 0.3074 -0.2883
vn -0.0002 0.7394 -0.6733
vn -0.0041 0.7060 -0.7082
vn 0.0207 0.6723 -0.7400
vn -0.7579 -0.0284 -0.6517
vn 0.0416 0.6358 -0.7707
vn -0.3959 -0.3074 -0.8653
vn 0.0897 0.6186 -0.7806
vn 0.1341 0.5980 -0.7902
vn 0.0764 -0.4626 -0.8833
vn 0.1807 0.5965 -0.7820
vn 0.2260 0.5869 -0.7775
vn 0.3088 -0.4679 -0.8281
vn 0.2690 0.5975 -0.7554
vn 0.5383 -0.4368 -0.7208
vn 0.3140 0.6025 -0.7338
vn 0.8820 -0.2533 -0.3974
vn 0.3362 0.6343 -0.6961
vn 0.3553 0.6614 -0.6606
vn 0.1781 0.7286 -0.6614
vt 0.481704 0.271584
vt 0.458672 0.264812
vt 0.475930 0.299272
vt 0.466948 0.326391
vt 0.446210 0.316254
vt 0.452727 0.354699
vt 0.436822 0.382661
vt 0.421337 0.365068
vt 0.403931 0.386241
vt 0.416815 0.406591
vt 0.392631 0.429476
vt 0.385179 0.406263
vt 0.354160 0.443141
vt 0.282850 0.486157
vt 0.299618 0.492459
vt 0.312435 0.478777
vt 0.300754 0.469543
vt 0.288936 0.451012
vt 0.267235 0.454346
vt 0.261537 0.485278
vt 0.175443 0.444890
vt 0.172376 0.475240
vt 0.207924 0.481520
vt 0.212352 0.453319
vt 0.129854 0.447514
vt 0.098667 0.430187
vt 0.135044 0.425181
vt 0.107666 0.405885
vt 0.069422 0.408813
vt 0.085101 0.385070
vt 0.059055 0.368376
vt 0.014090 0.321621
vt 0.021783 0.350754
vt 0.035746 0.344084
vt 0.027909 0.316374
vt 0.007785 0.287500
vt 0.020056 0.284679
vt 0.004600 0.252436
vt 0.005605 0.218290
vt 0.031129 0.219971
vt 0.011316 0.185689
vt 0.020542 0.153836
vt 0.044463 0.164397
vt 0.057860 0.136511
vt 0.035067 0.122862
vt 0.075895 0.069875
vt 0.054431 0.094341
vt 0.073806 0.111886
vt 0.093624 0.090074
vt 0.126710 0.032093
vt 0.100918 0.048783
vt 0.115818 0.070747
vt 0.140360 0.055638
vt 0.185416 0.009986
vt 0.154613 0.019822
vt 0.165843 0.043330
vt 0.192873 0.034831
vt 0.248781 0.003584
vt 0.217059 0.005002
vt 0.221098 0.029979
vt 0.249044 0.029934
vt 0.310627 0.012480
vt 0.280188 0.006659
vt 0.276886 0.031849
vt 0.303672 0.038132
vt 0.367757 0.037253
vt 0.339854 0.023303
vt 0.329808 0.046559
vt 0.354218 0.058918
vt 0.415883 0.076236
vt 0.393095 0.055737
vt 0.377396 0.073991
vt 0.397746 0.092499
vt 0.453103 0.124577
vt 0.435830 0.099760
vt 0.415778 0.112688
vt 0.430101 0.134829
vt 0.476353 0.180664
vt 0.466512 0.152062
vt 0.443045 0.159270
vt 0.451263 0.185024
vt 0.481804 0.210749
vt 0.457918 0.211068
vt 0.483581 0.240977
vt 0.434542 0.262639
vt 0.425996 0.308941
vt 0.403969 0.349995
vt 0.371364 0.385314
vt 0.342482 0.420308
vt 0.336072 0.409702
vt 0.312027 0.418472
vt 0.318132 0.434217
vt 0.248852 0.433183
vt 0.245638 0.456106
vt 0.268911 0.430121
vt 0.216197 0.431684
vt 0.179962 0.423130
vt 0.138577 0.413359
vt 0.142650 0.402603
vt 0.119825 0.385715
vt 0.113460 0.395605
vt 0.101463 0.369081
vt 0.086267 0.348212
vt 0.073341 0.357856
vt 0.091982 0.377318
vt 0.072333 0.325953
vt 0.063716 0.301277
vt 0.041565 0.311273
vt 0.052767 0.338664
vt 0.056464 0.276233
vt 0.053801 0.249950
vt 0.030234 0.253170
vt 0.033411 0.282452
vt 0.054156 0.222109
vt 0.064857 0.170505
vt 0.077761 0.146658
vt 0.092426 0.125362
vt 0.109508 0.106956
vt 0.128214 0.090075
vt 0.151307 0.076940
vt 0.174218 0.067043
vt 0.199070 0.059926
vt 0.224423 0.055799
vt 0.249321 0.055052
vt 0.274212 0.056475
vt 0.297609 0.060944
vt 0.321259 0.068793
vt 0.342214 0.079516
vt 0.362428 0.092270
vt 0.380746 0.108686
vt 0.397254 0.126594
vt 0.409881 0.145246
vt 0.434374 0.213883
vt 0.428267 0.190580
vt 0.415486 0.305720
vt 0.421996 0.280358
vt 0.358248 0.370787
vt 0.382939 0.354970
vt 0.402969 0.330303
vt 0.331539 0.375644
vt 0.331092 0.399752
vt 0.421997 0.251541
vt 0.430676 0.215751
vt 0.420643 0.167059
vt 0.405895 0.150968
vt 0.415299 0.169130
vt 0.186749 0.311792
vt 0.214057 0.311039
vt 0.208763 0.301412
vt 0.187445 0.322828
vt 0.182473 0.230848
vt 0.227771 0.248563
vt 0.196448 0.220214
vt 0.219522 0.254327
vt 0.287735 0.426647
vt 0.285322 0.408605
vt 0.250315 0.412642
vt 0.220117 0.411042
vt 0.188254 0.401548
vt 0.154161 0.382881
vt 0.122601 0.357619
vt 0.107156 0.338062
vt 0.091830 0.308474
vt 0.083020 0.273481
vt 0.081338 0.223024
vt 0.089595 0.179077
vt 0.110811 0.139066
vt 0.142873 0.109469
vt 0.178765 0.088736
vt 0.225900 0.075273
vt 0.274648 0.074562
vt 0.315562 0.084652
vt 0.355233 0.103983
vt 0.390859 0.131125
vt 0.181304 0.341360
vt 0.175057 0.348953
vt 0.192144 0.388008
vt 0.107907 0.317627
vt 0.108812 0.307534
vt 0.112778 0.336494
vt 0.109284 0.327358
vt 0.126295 0.351744
vt 0.118659 0.344943
vt 0.146318 0.358452
vt 0.136082 0.356410
vt 0.113027 0.297952
vt 0.115021 0.167063
vt 0.124776 0.152822
vt 0.131752 0.132029
vt 0.152473 0.138724
vt 0.165467 0.138153
vt 0.172165 0.120173
vt 0.149059 0.125667
vt 0.101282 0.246820
vt 0.151454 0.235937
vt 0.136658 0.232018
vt 0.145526 0.279569
vt 0.203258 0.162058
vt 0.208629 0.177843
vt 0.250159 0.182987
vt 0.204490 0.207295
vt 0.247499 0.194212
vt 0.209013 0.192736
vt 0.247475 0.205347
vt 0.368061 0.211720
vt 0.374470 0.175067
vt 0.333135 0.194315
vt 0.166577 0.354430
vt 0.156902 0.357955
vt 0.167424 0.235876
vt 0.167867 0.285747
vt 0.208488 0.270767
vt 0.212802 0.261853
vt 0.236910 0.244959
vt 0.250744 0.215849
vt 0.205830 0.280352
vt 0.176251 0.292108
vt 0.110442 0.181498
vt 0.110628 0.196466
vt 0.412191 0.304873
vt 0.418282 0.281122
vt 0.358594 0.365813
vt 0.381729 0.351007
vt 0.400485 0.327897
vt 0.333656 0.370435
vt 0.312631 0.356530
vt 0.309090 0.360731
vt 0.418323 0.254123
vt 0.411971 0.224995
vt 0.408971 0.229256
vt 0.393321 0.211751
vt 0.391546 0.216891
vt 0.367855 0.216910
vt 0.317625 0.277025
vt 0.314527 0.275913
vt 0.304286 0.306913
vt 0.307996 0.305916
vt 0.301209 0.335910
vt 0.305289 0.333037
vt 0.347876 0.230342
vt 0.346924 0.226059
vt 0.326096 0.251319
vt 0.328525 0.253847
vt 0.386182 0.305978
vt 0.343241 0.328901
vt 0.382624 0.256538
vt 0.342046 0.277845
vt 0.240484 0.483758
vt 0.236263 0.508635
vt 0.256621 0.509532
vt 0.204315 0.506117
vt 0.126960 0.465559
vt 0.067122 0.442633
vt 0.094436 0.455267
vt 0.851453 0.797157
vt 0.860328 0.812294
vt 0.881240 0.793172
vt 0.871220 0.778982
vt 0.890161 0.759897
vt 0.900088 0.772605
vt 0.919085 0.748611
vt 0.907868 0.736050
vt 0.924701 0.711993
vt 0.935746 0.723787
vt 0.950213 0.699584
vt 0.939239 0.689005
vt 0.953437 0.666241
vt 0.963000 0.673542
vt 0.974728 0.638044
vt 0.963288 0.632578
vt 0.405754 0.467443
vt 0.430303 0.471866
vt 0.416469 0.442560
vt 0.413688 0.523197
vt 0.397467 0.494308
vt 0.405243 0.574670
vt 0.409293 0.548819
vt 0.386433 0.549806
vt 0.383696 0.578446
vt 0.405767 0.632068
vt 0.382897 0.608038
vt 0.411741 0.689232
vt 0.388732 0.667353
vt 0.433001 0.743208
vt 0.404150 0.724411
vt 0.466753 0.793980
vt 0.432784 0.779891
vt 0.514460 0.836202
vt 0.476993 0.830190
vt 0.503732 0.851561
vt 0.533686 0.867413
vt 0.632622 0.873978
vt 0.570871 0.863091
vt 0.597787 0.887659
vt 0.630878 0.892270
vt 0.663226 0.891417
vt 0.695351 0.870239
vt 0.695018 0.888446
vt 0.725471 0.881320
vt 0.753665 0.854219
vt 0.754919 0.872550
vt 0.783249 0.860746
vt 0.804728 0.830145
vt 0.810264 0.847337
vt 0.836329 0.831047
vt 0.828548 0.814225
vt 0.859200 0.713286
vt 0.838801 0.687221
vt 0.823802 0.708629
vt 0.842984 0.735489
vt 0.887515 0.667348
vt 0.865624 0.638095
vt 0.852400 0.663593
vt 0.873612 0.690520
vt 0.839309 0.605230
vt 0.871796 0.600571
vt 0.488473 0.428228
vt 0.491723 0.471124
vt 0.526421 0.469632
vt 0.524998 0.421882
vt 0.483502 0.520726
vt 0.513731 0.520781
vt 0.543636 0.521350
vt 0.507674 0.549518
vt 0.538453 0.549331
vt 0.513286 0.578511
vt 0.470672 0.574514
vt 0.461611 0.624790
vt 0.490263 0.626042
vt 0.460398 0.671067
vt 0.498786 0.676336
vt 0.475714 0.721132
vt 0.494664 0.715983
vt 0.498395 0.762520
vt 0.526774 0.770316
vt 0.513012 0.746229
vt 0.539442 0.800945
vt 0.546765 0.789770
vt 0.587629 0.823203
vt 0.573523 0.801362
vt 0.638054 0.829224
vt 0.636427 0.814480
vt 0.695544 0.822485
vt 0.681958 0.808929
vt 0.743408 0.807632
vt 0.725990 0.777563
vt 0.788439 0.783291
vt 0.772337 0.761434
vt 0.824281 0.755594
vt 0.806726 0.728616
vt 0.790173 0.744950
vt 0.807123 0.770389
vt 0.548424 0.787605
vt 0.529075 0.768993
vt 0.515833 0.745393
vt 0.541878 0.611687
vt 0.516177 0.642404
vt 0.535502 0.634573
vt 0.574118 0.798626
vt 0.602470 0.804386
vt 0.601724 0.800995
vt 0.710037 0.736380
vt 0.694028 0.733722
vt 0.686083 0.748127
vt 0.630753 0.798296
vt 0.668464 0.795650
vt 0.656483 0.782595
vt 0.506301 0.714999
vt 0.509934 0.715097
vt 0.513884 0.684846
vt 0.510422 0.682754
vt 0.691022 0.768477
vt 0.676322 0.761680
vt 0.528275 0.652219
vt 0.525366 0.649512
vt 0.549134 0.624221
vt 0.555982 0.634511
vt 0.576417 0.618793
vt 0.573142 0.607154
vt 0.573259 0.603171
vt 0.547348 0.621268
vt 0.703541 0.705119
vt 0.718373 0.704470
vt 0.597715 0.599987
vt 0.598793 0.596248
vt 0.714487 0.671309
vt 0.702909 0.676541
vt 0.703766 0.647065
vt 0.688386 0.626396
vt 0.681591 0.632119
vt 0.694990 0.652933
vt 0.663339 0.615778
vt 0.668532 0.609402
vt 0.648304 0.596077
vt 0.644127 0.604252
vt 0.623216 0.597632
vt 0.627266 0.587675
vt 0.622245 0.600532
vt 0.305429 0.525893
vt 0.290153 0.528560
vt 0.293704 0.552367
vt 0.310583 0.543199
vt 0.267093 0.557635
vt 0.272240 0.532360
vt 0.251808 0.533156
vt 0.247225 0.557063
vt 0.232344 0.532607
vt 0.201387 0.529758
vt 0.199204 0.552430
vt 0.228429 0.555992
vt 0.170025 0.524833
vt 0.123937 0.515131
vt 0.122846 0.538290
vt 0.169086 0.547630
vt 0.089791 0.508698
vt 0.124961 0.490296
vt 0.091640 0.481071
vt 0.064722 0.473441
vt 0.042303 0.467799
vt 0.038105 0.498828
vt 0.061605 0.503705
vt 0.262844 0.592926
vt 0.242638 0.590030
vt 0.037053 0.526209
vt 0.061347 0.528767
vt 0.513041 0.383614
vt 0.481054 0.393219
vt 0.574721 0.590330
vt 0.566086 0.566818
vt 0.730927 0.589669
vt 0.693771 0.561765
vt 0.695028 0.618152
vt 0.631035 0.578436
vt 0.650573 0.542738
vt 0.606259 0.566916
vt 0.761922 0.618588
vt 0.750946 0.639162
vt 0.777328 0.660700
vt 0.789341 0.639986
vt 0.558587 0.469582
vt 0.567499 0.520567
vt 0.750705 0.546535
vt 0.740601 0.569406
vt 0.774952 0.595402
vt 0.786615 0.574112
vt 0.655992 0.523522
vt 0.701963 0.542540
vt 0.709007 0.521289
vt 0.658645 0.502287
vt 0.827835 0.635641
vt 0.812157 0.592080
vt 0.801969 0.615392
vt 0.588526 0.478259
vt 0.612011 0.448595
vt 0.762321 0.524464
vt 0.718922 0.501340
vt 0.609939 0.486864
vt 0.662980 0.474615
vt 0.816250 0.573357
vt 0.797885 0.555988
vt 0.776792 0.482730
vt 0.737943 0.463899
vt 0.790402 0.439428
vt 0.751205 0.426947
vt 0.803594 0.448180
vt 0.823124 0.433680
vt 0.356027 0.630079
vt 0.323956 0.639595
vt 0.354335 0.641393
vt 0.326125 0.630300
vt 0.950318 0.545592
vt 0.936165 0.559733
vt 0.952957 0.567999
vt 0.864436 0.586505
vt 0.837537 0.584009
vt 0.560740 0.356433
vt 0.540014 0.373737
vt 0.562660 0.414052
vt 0.593041 0.385886
vt 0.640372 0.416485
vt 0.686207 0.440955
vt 0.798444 0.184387
vt 0.759230 0.163875
vt 0.683670 0.337285
vt 0.727913 0.359983
vt 0.717079 0.139026
vt 0.637673 0.309912
vt 0.769368 0.376808
vt 0.836362 0.198371
vt 0.808265 0.387652
vt 0.874672 0.208943
vt 0.852093 0.396463
vt 0.913759 0.217237
vt 0.887039 0.402272
vt 0.951424 0.225084
vt 0.299252 0.824940
vt 0.335981 0.831380
vt 0.922998 0.410410
vt 0.988364 0.235569
vt 0.286471 0.636951
vt 0.265260 0.817069
vt 0.223506 0.587603
vt 0.218127 0.627424
vt 0.052412 0.801458
vt 0.105752 0.796768
vt 0.117658 0.616282
vt 0.059884 0.612633
vt 0.008940 0.611357
vt 0.004975 0.804953
vt 0.028012 0.803787
vt 0.034378 0.611812
vt 0.598921 0.289898
vt 0.678884 0.117833
vt 0.233164 0.808828
vt 0.225036 0.840597
vt 0.260180 0.839663
vt 0.203260 0.802258
vt 0.198228 0.833628
vt 0.148848 0.796175
vt 0.106757 0.830781
vt 0.147646 0.828495
vt 0.054287 0.827130
vt 0.009242 0.836116
vt 0.730201 0.117129
vt 0.694986 0.093689
vt 0.811482 0.154896
vt 0.770727 0.145131
vt 0.845900 0.169237
vt 0.881965 0.178181
vt 0.918648 0.194375
vt 0.955829 0.199482
vt 0.293748 0.850868
vt 0.328746 0.860962
vt 0.993488 0.206531
vt 0.253681 0.860887
vt 0.216684 0.867922
vt 0.193042 0.861543
vt 0.168934 0.829390
vt 0.165852 0.857250
vt 0.109954 0.860111
vt 0.146407 0.856755
vt 0.058673 0.852105
vt 0.063992 0.872596
vt 0.015533 0.863458
vt 0.023765 0.888370
vt 0.744585 0.097388
vt 0.759530 0.081393
vt 0.731720 0.054201
vt 0.712849 0.072266
vt 0.794350 0.111839
vt 0.783431 0.127240
vt 0.823944 0.130767
vt 0.854743 0.145113
vt 0.887478 0.151787
vt 0.921486 0.172206
vt 0.922458 0.154864
vt 0.958036 0.174669
vt 0.958721 0.155115
vt 0.318368 0.889279
vt 0.285948 0.875102
vt 0.277559 0.894097
vt 0.307464 0.910467
vt 0.995306 0.176889
vt 0.993974 0.153305
vt 0.246411 0.878892
vt 0.238535 0.896419
vt 0.208067 0.892991
vt 0.230164 0.912920
vt 0.146532 0.905222
vt 0.145919 0.882064
vt 0.113131 0.886524
vt 0.117135 0.911859
vt 0.077984 0.909305
vt 0.087569 0.926239
vt 0.047082 0.931002
vt 0.062148 0.948777
vt 0.791664 0.017026
vt 0.771008 0.026617
vt 0.791240 0.055937
vt 0.808523 0.046367
vt 0.849834 0.089815
vt 0.829332 0.072038
vt 0.817142 0.084527
vt 0.836396 0.109812
vt 0.869961 0.100018
vt 0.862648 0.123024
vt 0.892311 0.127733
vt 0.895397 0.104267
vt 0.923303 0.120060
vt 0.922872 0.101637
vt 0.922791 0.137674
vt 0.957794 0.135594
vt 0.954646 0.115576
vt 0.294047 0.930365
vt 0.267672 0.912262
vt 0.256145 0.929908
vt 0.277698 0.949418
vt 0.990330 0.129952
vt 0.983666 0.106280
vt 0.204077 0.953339
vt 0.220044 0.929583
vt 0.198685 0.916328
vt 0.188203 0.940221
vt 0.179968 0.908724
vt 0.168579 0.931418
vt 0.160262 0.904583
vt 0.147302 0.931880
vt 0.124793 0.936374
vt 0.105534 0.947774
vt 0.086421 0.969553
vt 0.821677 0.008125
vt 0.832811 0.034964
vt 0.847445 0.052813
vt 0.863689 0.065380
vt 0.879608 0.071759
vt 0.899272 0.073533
vt 0.923456 0.066452
vt 0.949012 0.095158
vt 0.223361 0.986638
vt 0.258774 0.965749
vt 0.242083 0.946886
vt 0.216666 0.967794
vt 0.973492 0.083958
vt 0.950007 0.050589
vt 0.178733 0.959294
vt 0.164106 0.952554
vt 0.148494 0.953958
vt 0.132486 0.964943
vt 0.120055 0.986808
vt 0.859319 0.005653
vt 0.862762 0.031054
vt 0.875524 0.046391
vt 0.886036 0.051792
vt 0.900248 0.054901
vt 0.913727 0.046312
vt 0.195486 0.994328
vt 0.189015 0.974229
vt 0.929255 0.031858
vt 0.160775 0.966618
vt 0.157995 0.996416
vt 0.890435 0.036161
vt 0.896995 0.013892
vt 0.707411 0.405222
vt 0.663421 0.380653
vt 0.616955 0.349296
vt 0.581537 0.326868
vt 0.283267 0.597618
vt 0.293532 0.613255
vt 0.918968 0.420043
vt 0.880069 0.419900
vt 0.842972 0.426369
vt 0.308098 0.624067
vt 0.282939 0.566253
vt 0.279720 0.582016
vt 0.573209 0.545843
vt 0.602835 0.584180
vt 0.591868 0.522909
vt 0.651661 0.587763
vt 0.712337 0.636761
vt 0.738024 0.658618
vt 0.673949 0.601053
vt 0.749566 0.701103
vt 0.708589 0.772890
vt 0.729099 0.738308
vt 0.756913 0.739371
vt 0.772253 0.720885
vt 0.839355 0.777407
vt 0.858971 0.758242
vt 0.876425 0.736936
vt 0.892094 0.714016
vt 0.933006 0.647725
vt 0.916729 0.629484
vt 0.901511 0.647461
vt 0.920006 0.669054
vt 0.449449 0.521419
vt 0.461174 0.472044
vt 0.443098 0.547468
vt 0.433819 0.628711
vt 0.437940 0.574951
vt 0.436228 0.680328
vt 0.454690 0.732281
vt 0.482943 0.778281
vt 0.527268 0.818460
vt 0.578467 0.844367
vt 0.634218 0.854300
vt 0.694749 0.850272
vt 0.750371 0.831877
vt 0.797959 0.807658
vt 0.819424 0.793502
vt 0.466460 0.448880
vt 0.046642 0.403896
vt 0.313689 0.499548
vt 0.293290 0.510170
vt 0.308965 0.510467
vt 0.948476 0.593920
vt 0.961529 0.582764
vt 0.941383 0.576549
vt 0.785166 0.528512
vt 0.781370 0.501423
vt 0.788600 0.468823
vt 0.089927 0.570611
vt 0.120732 0.574153
vt 0.090105 0.533627
vt 0.537936 0.762363
vt 0.554716 0.778172
vt 0.526393 0.741735
vt 0.537833 0.637318
vt 0.545911 0.645728
vt 0.576778 0.787793
vt 0.600649 0.789831
vt 0.671955 0.759904
vt 0.681449 0.746852
vt 0.671149 0.741780
vt 0.662405 0.753059
vt 0.623722 0.784015
vt 0.628580 0.794275
vt 0.652974 0.778871
vt 0.645363 0.770320
vt 0.520967 0.715287
vt 0.524817 0.688755
vt 0.537754 0.658803
vt 0.678071 0.729485
vt 0.689356 0.732904
vt 0.699165 0.705298
vt 0.687187 0.704532
vt 0.597577 0.611560
vt 0.699509 0.677887
vt 0.688229 0.680453
vt 0.682894 0.659300
vt 0.692375 0.654456
vt 0.679580 0.633615
vt 0.672141 0.640095
vt 0.656462 0.625285
vt 0.661852 0.617607
vt 0.642942 0.606633
vt 0.638704 0.615570
vt 0.619809 0.610860
vt 0.822584 0.561086
vt 0.817085 0.571146
vt 0.837697 0.581576
vt 0.839252 0.569913
vt 0.830220 0.446605
vt 0.824183 0.435946
vt 0.805396 0.450235
vt 0.814760 0.459610
vt 0.329129 0.615593
vt 0.326586 0.627835
vt 0.355913 0.627725
vt 0.353944 0.615751
vt 0.927203 0.548298
vt 0.934708 0.557751
vt 0.948691 0.543868
vt 0.939647 0.535468
vt 0.864031 0.584136
vt 0.861985 0.572339
vt 0.917102 0.432527
vt 0.918764 0.422133
vt 0.880164 0.422105
vt 0.881179 0.433091
vt 0.843394 0.428630
vt 0.846813 0.439494
vt 0.304636 0.603899
vt 0.295334 0.611656
vt 0.309258 0.621948
vt 0.315099 0.611308
vt 0.296965 0.593401
vt 0.285502 0.596812
vt 0.304711 0.561967
vt 0.295522 0.553967
vt 0.285311 0.567165
vt 0.296011 0.572711
vt 0.294050 0.583103
vt 0.282150 0.582046
vt 0.896957 0.565273
vt 0.902673 0.575749
vt 0.809771 0.548822
vt 0.799610 0.554174
vt 0.801808 0.525896
vt 0.787993 0.527960
vt 0.799283 0.504825
vt 0.784546 0.501960
vt 0.804796 0.476200
vt 0.791390 0.470338
vt 0.318642 0.553635
vt 0.311590 0.545037
vt 0.607202 0.697759
vt 0.880614 0.497173
vt 0.942108 0.440262
vt 0.954572 0.451230
vt 0.962035 0.463979
vt 0.963843 0.479391
vt 0.957875 0.506430
vt 0.949796 0.521552
vt 0.962530 0.493134
vt 0.123028 0.222392
vt 0.137429 0.143627
vt 0.204102 0.116649
vt 0.180613 0.141997
vt 0.194780 0.218778
vt 0.181470 0.228937
vt 0.202585 0.206392
vt 0.206844 0.192498
vt 0.206492 0.178329
vt 0.201351 0.163315
vt 0.192081 0.152519
vt 0.193646 0.150986
vt 0.179571 0.143976
vt 0.165194 0.140324
vt 0.152720 0.140887
vt 0.138377 0.145588
vt 0.126358 0.154360
vt 0.116999 0.167937
vt 0.112636 0.181770
vt 0.112751 0.196061
vt 0.114532 0.210198
vt 0.116523 0.209198
vt 0.124654 0.220814
vt 0.137611 0.230019
vt 0.151789 0.233838
vt 0.167046 0.233757
vt 0.903628 0.577957
vt 0.043988 0.376722
vt 0.391165 0.521974
vt 0.447501 0.431488
vt 0.428469 0.423402
vt 0.384627 0.638343
vt 0.394871 0.696816
vt 0.415954 0.751886
vt 0.452358 0.807016
vt 0.564953 0.880508
vt 0.263294 0.165854
vt 0.255640 0.173490
vt 0.171348 0.500310
vt 0.166417 0.579991
vt 0.162934 0.620471
vt 0.191822 0.623990
vt 0.196012 0.584101
vt 0.182570 0.301245
vt 0.206110 0.290947
vt 0.157202 0.280797
vt 0.135756 0.281023
vt 0.323294 0.224925
vt 0.325475 0.226701
vt 0.330982 0.216804
vt 0.328368 0.215731
vt 0.333492 0.205652
vt 0.330749 0.205256
vt 0.330410 0.194707
vt 0.329816 0.183380
vt 0.327289 0.184394
vt 0.323989 0.173460
vt 0.321822 0.175133
vt 0.315515 0.165375
vt 0.313926 0.167598
vt 0.305378 0.159714
vt 0.304459 0.162317
vt 0.294441 0.156975
vt 0.294232 0.159749
vt 0.282929 0.157101
vt 0.283540 0.159870
vt 0.272331 0.160474
vt 0.273652 0.162934
vt 0.265011 0.168094
vt 0.257842 0.175281
vt 0.252723 0.184158
vt 0.250244 0.194598
vt 0.250294 0.204927
vt 0.253323 0.214942
vt 0.256008 0.225463
vt 0.258425 0.223951
vt 0.264845 0.233499
vt 0.266550 0.231475
vt 0.275341 0.239506
vt 0.276212 0.236993
vt 0.286964 0.242804
vt 0.286971 0.240035
vt 0.298097 0.243191
vt 0.297385 0.240333
vt 0.308412 0.240249
vt 0.307265 0.237626
vt 0.317896 0.234924
vt 0.316102 0.232613
vt 0.282106 0.309713
vt 0.284305 0.311351
vt 0.289518 0.302216
vt 0.286874 0.301220
vt 0.291907 0.291861
vt 0.289164 0.291568
vt 0.292246 0.281745
vt 0.289346 0.282065
vt 0.289404 0.271861
vt 0.286762 0.272757
vt 0.284797 0.262988
vt 0.282329 0.264374
vt 0.277276 0.255261
vt 0.275324 0.257112
vt 0.268103 0.249139
vt 0.266896 0.251487
vt 0.257626 0.245075
vt 0.257227 0.247734
vt 0.247092 0.243351
vt 0.247400 0.246228
vt 0.237868 0.247614
vt 0.229135 0.250977
vt 0.221391 0.256416
vt 0.215198 0.263405
vt 0.211007 0.271869
vt 0.208604 0.280928
vt 0.208849 0.290829
vt 0.211312 0.300456
vt 0.216207 0.309379
vt 0.221057 0.318912
vt 0.222712 0.316663
vt 0.229889 0.324421
vt 0.230937 0.321945
vt 0.238981 0.328221
vt 0.239592 0.325480
vt 0.249048 0.329443
vt 0.249049 0.326664
vt 0.259010 0.328386
vt 0.258367 0.325657
vt 0.268476 0.324597
vt 0.267373 0.322156
vt 0.277347 0.319157
vt 0.275525 0.317014
vt 0.184708 0.322307
vt 0.184016 0.312198
vt 0.180216 0.302504
vt 0.174296 0.294184
vt 0.166636 0.288096
vt 0.156529 0.283392
vt 0.145637 0.282269
vt 0.136659 0.283617
vt 0.127131 0.284878
vt 0.128461 0.287228
vt 0.119005 0.290421
vt 0.120874 0.292542
vt 0.115306 0.299576
vt 0.111548 0.308288
vt 0.110661 0.317683
vt 0.111942 0.326779
vt 0.115246 0.335283
vt 0.120708 0.343190
vt 0.127808 0.349448
vt 0.136798 0.353827
vt 0.146330 0.355768
vt 0.156160 0.355281
vt 0.165134 0.352084
vt 0.173051 0.346925
vt 0.178928 0.339862
vt 0.185401 0.332747
vt 0.182858 0.331626
vt 0.250698 0.395268
vt 0.461681 0.399898
vt 0.906197 0.592753
vt 0.925670 0.583431
vt 0.933051 0.608832
vt 0.947116 0.622145
vt 0.443353 0.409358
vt 0.187231 0.211281
vt 0.176939 0.219464
vt 0.193328 0.201624
vt 0.196416 0.190892
vt 0.195945 0.180098
vt 0.191704 0.168618
vt 0.184377 0.159720
vt 0.174321 0.153440
vt 0.163326 0.150743
vt 0.153767 0.151317
vt 0.142718 0.155170
vt 0.133654 0.162148
vt 0.126409 0.172811
vt 0.123134 0.183571
vt 0.123329 0.194659
vt 0.126359 0.204705
vt 0.132764 0.213452
vt 0.142864 0.220609
vt 0.153775 0.223523
vt 0.165716 0.223275
vt 0.318767 0.211260
vt 0.315107 0.218087
vt 0.320382 0.203503
vt 0.320070 0.195687
vt 0.317622 0.188037
vt 0.313514 0.181142
vt 0.307602 0.175823
vt 0.300544 0.171954
vt 0.293014 0.170194
vt 0.285129 0.170328
vt 0.277882 0.172625
vt 0.271367 0.176649
vt 0.266032 0.182143
vt 0.262270 0.188695
vt 0.260737 0.196376
vt 0.260880 0.204028
vt 0.263166 0.211549
vt 0.267256 0.218240
vt 0.273123 0.223713
vt 0.280101 0.227610
vt 0.287858 0.229655
vt 0.295665 0.229685
vt 0.303186 0.227661
vt 0.309804 0.223828
vt 0.277207 0.297060
vt 0.273805 0.303364
vt 0.278781 0.289973
vt 0.278649 0.282840
vt 0.276643 0.275873
vt 0.273260 0.269598
vt 0.267989 0.264384
vt 0.261885 0.260316
vt 0.255020 0.257687
vt 0.247747 0.256811
vt 0.240664 0.257878
vt 0.233996 0.260278
vt 0.228310 0.264534
vt 0.223735 0.269755
vt 0.220622 0.276150
vt 0.218943 0.282969
vt 0.219290 0.290216
vt 0.221127 0.297153
vt 0.224750 0.303496
vt 0.229538 0.308808
vt 0.235596 0.312782
vt 0.242215 0.315360
vt 0.249336 0.316183
vt 0.256377 0.315398
vt 0.263092 0.312773
vt 0.269016 0.308813
vt 0.173765 0.313555
vt 0.174379 0.320725
vt 0.171006 0.306937
vt 0.166662 0.301058
vt 0.161314 0.296421
vt 0.153575 0.293121
vt 0.145611 0.292666
vt 0.139193 0.293597
vt 0.133251 0.296286
vt 0.127769 0.300493
vt 0.123957 0.305625
vt 0.121517 0.311582
vt 0.121151 0.318204
vt 0.122110 0.324787
vt 0.124654 0.330903
vt 0.128641 0.336726
vt 0.133800 0.341090
vt 0.140229 0.344283
vt 0.146945 0.345679
vt 0.153969 0.345222
vt 0.160349 0.342856
vt 0.166105 0.339038
vt 0.170339 0.333730
vt 0.173272 0.327583
vt 0.159219 0.187064
vt 0.290421 0.199992
vt 0.248733 0.286455
vt 0.147083 0.319382
vt 0.335251 0.137802
vt 0.244279 0.113365
vt 0.259998 0.633469
vt 0.423991 0.192011
vt 0.977218 0.618121
vt 0.967222 0.599395
vt 0.977508 0.599382
vt 0.975567 0.584930
vt 0.971235 0.574431
vt 0.324419 0.448019
vt 0.332694 0.461269
vt 0.348147 0.430501
vt 0.910621 0.613331
vt 0.324450 0.487188
vt 0.277056 0.509966
vt 0.358822 0.456554
vt 0.340408 0.472299
vt 0.476459 0.548622
vt 0.963761 0.560070
vt 0.026487 0.377264
vt 0.027775 0.402640
vt 0.045935 0.433499
vt 0.061153 0.568190
vt 0.035703 0.566700
vt 0.172486 0.797533
vt 0.010253 0.565827
vt 0.187197 0.886306
vt 0.162914 0.882366
vt 0.070137 0.892552
vt 0.035798 0.912422
vt 0.752635 0.038020
vt 0.775842 0.066764
vt 0.806373 0.097190
vt 0.787360 0.702273
vt 0.801711 0.682386
vt 0.815359 0.661753
vt 0.884693 0.622927
vt 0.906483 0.690275
vt 0.764363 0.680660
vt 0.066844 0.362663
vt 0.400835 0.171462
vt 0.408701 0.202248
vt 0.013721 0.493479
vt 0.020221 0.462226
vt 0.011506 0.524267
vt 0.025829 0.426082
vt 0.277196 0.115488
vt 0.305048 0.122245
vt 0.943315 0.932807
vt 0.962599 0.932807
vt 0.962599 0.924573
vt 0.943315 0.924573
vt 0.807796 0.932807
vt 0.822223 0.932807
vt 0.822223 0.924573
vt 0.807796 0.924573
vt 0.653089 0.907446
vt 0.653089 0.916817
vt 0.669895 0.916817
vt 0.669895 0.907446
vt 0.839284 0.932807
vt 0.857282 0.932807
vt 0.857282 0.924573
vt 0.839284 0.924573
vt 0.874606 0.932807
vt 0.893383 0.932807
vt 0.893383 0.924573
vt 0.874606 0.924573
vt 0.909544 0.932807
vt 0.926054 0.932807
vt 0.926054 0.924573
vt 0.909544 0.924573
vt 0.980492 0.924573
vt 0.980492 0.932807
vt 0.998308 0.932807
vt 0.998308 0.924573
vt 0.754059 0.932807
vt 0.773304 0.932807
vt 0.773304 0.924573
vt 0.754059 0.924573
vt 0.737159 0.907446
vt 0.737159 0.916817
vt 0.754059 0.916817
vt 0.754059 0.907446
vt 0.790293 0.932807
vt 0.790293 0.924573
vt 0.720604 0.924573
vt 0.720604 0.932807
vt 0.737159 0.932807
vt 0.737159 0.924573
vt 0.705016 0.907446
vt 0.705016 0.916817
vt 0.720604 0.916817
vt 0.720604 0.907446
vt 0.688603 0.907446
vt 0.688603 0.916817
vt 0.926054 0.907446
vt 0.926054 0.916817
vt 0.943315 0.916817
vt 0.943315 0.907446
vt 0.962599 0.900654
vt 0.943315 0.900654
vt 0.962599 0.907446
vt 0.669895 0.900654
vt 0.653089 0.900654
vt 0.998308 0.900654
vt 0.980492 0.900654
vt 0.980492 0.907446
vt 0.998308 0.907446
vt 0.754059 0.900654
vt 0.737159 0.900654
vt 0.705016 0.900654
vt 0.720604 0.900654
vt 0.688603 0.900654
vt 0.926054 0.900654
vt 0.943315 0.949636
vt 0.962599 0.949636
vt 0.815010 0.949636
vt 0.669895 0.932807
vt 0.653089 0.932807
vt 0.653089 0.949636
vt 0.669895 0.949636
vt 0.839284 0.949636
vt 0.857282 0.949636
vt 0.874606 0.949636
vt 0.893383 0.949636
vt 0.909544 0.949636
vt 0.926054 0.949636
vt 0.980492 0.949636
vt 0.998308 0.949636
vt 0.754059 0.949636
vt 0.773304 0.949636
vt 0.737159 0.949636
vt 0.790293 0.949636
vt 0.720604 0.949636
vt 0.705016 0.932807
vt 0.705016 0.949636
vt 0.688603 0.932807
vt 0.688603 0.949636
vt 0.962599 0.916817
vt 0.822223 0.916817
vt 0.807796 0.916817
vt 0.669895 0.924573
vt 0.653089 0.924573
vt 0.857282 0.916817
vt 0.839284 0.916817
vt 0.893383 0.916817
vt 0.874606 0.916817
vt 0.909544 0.916817
vt 0.980492 0.916817
vt 0.998308 0.916817
vt 0.773304 0.916817
vt 0.790293 0.916817
vt 0.705016 0.924573
vt 0.688603 0.924573
vt 0.807796 0.907446
vt 0.822223 0.907446
vt 0.822223 0.900654
vt 0.807796 0.900654
vt 0.839284 0.907446
vt 0.857282 0.907446
vt 0.857282 0.900654
vt 0.839284 0.900654
vt 0.874606 0.907446
vt 0.893383 0.907446
vt 0.893383 0.900654
vt 0.874606 0.900654
vt 0.909544 0.907446
vt 0.909544 0.900654
vt 0.773304 0.907446
vt 0.773304 0.900654
vt 0.790293 0.907446
vt 0.790293 0.900654
vt 0.962425 0.949636
vt 0.943568 0.949636
vt 0.952957 0.957235
vt 0.943568 0.957235
vt 0.807412 0.957235
vt 0.815010 0.957235
vt 0.814982 0.949636
vt 0.670133 0.949636
vt 0.661492 0.957235
vt 0.653089 0.957479
vt 0.857198 0.949636
vt 0.839401 0.949636
vt 0.848283 0.957235
vt 0.839401 0.957235
vt 0.893056 0.949636
vt 0.874788 0.949636
vt 0.883995 0.957235
vt 0.874788 0.957235
vt 0.926148 0.949636
vt 0.909588 0.949636
vt 0.917799 0.957235
vt 0.909588 0.957235
vt 0.980482 0.957235
vt 0.989400 0.957235
vt 0.754352 0.949636
vt 0.754352 0.957235
vt 0.763682 0.957235
vt 0.737202 0.949636
vt 0.737202 0.957235
vt 0.745609 0.957235
vt 0.790357 0.949636
vt 0.773022 0.949636
vt 0.781798 0.957235
vt 0.773022 0.957235
vt 0.720725 0.949636
vt 0.720725 0.957235
vt 0.728881 0.957235
vt 0.704913 0.949636
vt 0.704913 0.957235
vt 0.712810 0.957235
vt 0.688316 0.949636
vt 0.688316 0.957235
vt 0.696810 0.957235
vt 0.670133 0.957235
vt 0.679249 0.957235
vt 0.799045 0.957235
vt 0.790357 0.957235
vt 0.962425 0.957235
vt 0.971545 0.957235
vt 0.934685 0.957235
vt 0.926148 0.957235
vt 0.901464 0.957235
vt 0.893056 0.957235
vt 0.865944 0.957235
vt 0.857198 0.957235
vt 0.830754 0.957235
vt 0.822553 0.957235
vt 0.952957 0.971212
vt 0.952957 0.964978
vt 0.943568 0.964978
vt 0.943568 0.971212
vt 0.962425 0.971212
vt 0.962425 0.964978
vt 0.661492 0.971212
vt 0.661492 0.964978
vt 0.653089 0.965011
vt 0.653089 0.971174
vt 0.670133 0.971212
vt 0.670133 0.964978
vt 0.917799 0.971212
vt 0.917799 0.964978
vt 0.909588 0.964978
vt 0.909588 0.971212
vt 0.926148 0.971212
vt 0.926148 0.964978
vt 0.989400 0.971212
vt 0.989400 0.964978
vt 0.980482 0.964978
vt 0.980482 0.971212
vt 0.998308 0.971174
vt 0.998308 0.965011
vt 0.763682 0.971212
vt 0.763682 0.964978
vt 0.754352 0.964978
vt 0.754352 0.971212
vt 0.773022 0.971212
vt 0.773022 0.964978
vt 0.745609 0.971212
vt 0.745609 0.964978
vt 0.737202 0.964978
vt 0.737202 0.971212
vt 0.728881 0.971212
vt 0.728881 0.964978
vt 0.720725 0.964978
vt 0.720725 0.971212
vt 0.712810 0.971212
vt 0.712810 0.964978
vt 0.704913 0.964978
vt 0.704913 0.971212
vt 0.696810 0.971212
vt 0.696810 0.964978
vt 0.688316 0.964978
vt 0.688316 0.971212
vt 0.679249 0.971212
vt 0.679249 0.964978
vt 0.799045 0.971212
vt 0.799045 0.964978
vt 0.790357 0.964978
vt 0.790357 0.971212
vt 0.807412 0.971212
vt 0.807412 0.964978
vt 0.971545 0.971212
vt 0.971545 0.964978
vt 0.952957 0.980775
vt 0.952957 0.986845
vt 0.962425 0.986845
vt 0.962425 0.980775
vt 0.943568 0.980775
vt 0.943568 0.986845
vt 0.815010 0.976001
vt 0.822553 0.976001
vt 0.822553 0.971212
vt 0.815010 0.971212
vt 0.815010 0.980775
vt 0.822553 0.980775
vt 0.807412 0.976001
vt 0.807412 0.980775
vt 0.661492 0.980775
vt 0.661492 0.986845
vt 0.670133 0.986845
vt 0.670133 0.980775
vt 0.653089 0.980816
vt 0.653089 0.986836
vt 0.848283 0.976001
vt 0.857198 0.976001
vt 0.857198 0.971212
vt 0.848283 0.971212
vt 0.848283 0.980775
vt 0.857198 0.980775
vt 0.839401 0.976001
vt 0.839401 0.980775
vt 0.839401 0.971212
vt 0.883995 0.976001
vt 0.893056 0.976001
vt 0.893056 0.971212
vt 0.883995 0.971212
vt 0.883995 0.980775
vt 0.893056 0.980775
vt 0.874788 0.976001
vt 0.874788 0.980775
vt 0.874788 0.971212
vt 0.917799 0.976001
vt 0.926148 0.976001
vt 0.917799 0.980775
vt 0.926148 0.980775
vt 0.909588 0.976001
vt 0.909588 0.980775
vt 0.989400 0.980775
vt 0.989400 0.986845
vt 0.998308 0.986836
vt 0.998308 0.980816
vt 0.980482 0.980775
vt 0.980482 0.986845
vt 0.763682 0.980775
vt 0.763682 0.986845
vt 0.773022 0.986845
vt 0.773022 0.980775
vt 0.754352 0.980775
vt 0.754352 0.986845
vt 0.745609 0.980775
vt 0.745609 0.986845
vt 0.737202 0.980775
vt 0.737202 0.986845
vt 0.781799 0.976001
vt 0.790357 0.976001
vt 0.781798 0.971212
vt 0.781798 0.980775
vt 0.790357 0.980775
vt 0.773022 0.976001
vt 0.728881 0.980775
vt 0.728881 0.986845
vt 0.720725 0.980775
vt 0.720725 0.986845
vt 0.712810 0.980775
vt 0.712810 0.986845
vt 0.704913 0.980775
vt 0.704913 0.986845
vt 0.696810 0.980775
vt 0.696810 0.986845
vt 0.688316 0.980775
vt 0.688316 0.986845
vt 0.679249 0.980775
vt 0.679249 0.986845
vt 0.799045 0.980775
vt 0.799045 0.986845
vt 0.807412 0.986845
vt 0.790357 0.986845
vt 0.971545 0.980775
vt 0.971545 0.986845
vt 0.934685 0.976001
vt 0.943568 0.976001
vt 0.934685 0.971212
vt 0.934685 0.980775
vt 0.901464 0.976001
vt 0.901464 0.971212
vt 0.901464 0.980775
vt 0.865944 0.976001
vt 0.865944 0.971212
vt 0.865944 0.980775
vt 0.830754 0.980775
vt 0.830754 0.986845
vt 0.839401 0.986845
vt 0.822553 0.986845
vt 0.952957 0.993176
vt 0.962425 0.993176
vt 0.943568 0.993176
vt 0.815010 0.986845
vt 0.815010 0.993176
vt 0.822553 0.993176
vt 0.807412 0.993176
vt 0.661492 0.993176
vt 0.661492 0.998243
vt 0.670133 0.998243
vt 0.670133 0.993176
vt 0.653089 0.993133
vt 0.653089 0.998243
vt 0.848283 0.986845
vt 0.848283 0.993176
vt 0.857198 0.993176
vt 0.857198 0.986845
vt 0.839401 0.993176
vt 0.883995 0.986845
vt 0.883995 0.993176
vt 0.893056 0.993176
vt 0.893056 0.986845
vt 0.874788 0.986845
vt 0.874788 0.993176
vt 0.917799 0.986845
vt 0.917799 0.993176
vt 0.926148 0.993176
vt 0.926148 0.986845
vt 0.909588 0.986845
vt 0.909588 0.993176
vt 0.989400 0.993176
vt 0.989400 0.998243
vt 0.998308 0.998243
vt 0.998308 0.993133
vt 0.980482 0.993176
vt 0.980482 0.998243
vt 0.763682 0.993176
vt 0.773022 0.993176
vt 0.754352 0.993176
vt 0.745609 0.993176
vt 0.745609 0.998243
vt 0.754352 0.998243
vt 0.737202 0.993176
vt 0.737202 0.998243
vt 0.781798 0.986845
vt 0.781798 0.993176
vt 0.790357 0.993176
vt 0.728881 0.993176
vt 0.728881 0.998243
vt 0.720725 0.993176
vt 0.720725 0.998243
vt 0.712810 0.993176
vt 0.704913 0.993176
vt 0.696810 0.993176
vt 0.696810 0.998243
vt 0.704913 0.998243
vt 0.688316 0.993176
vt 0.688316 0.998243
vt 0.679249 0.993176
vt 0.679249 0.998243
vt 0.799045 0.993176
vt 0.971545 0.993176
vt 0.971545 0.998243
vt 0.962425 0.998243
vt 0.934685 0.986845
vt 0.934685 0.993176
vt 0.901464 0.986845
vt 0.901464 0.993176
vt 0.865944 0.986845
vt 0.865944 0.993176
vt 0.830754 0.993176
vt 0.952957 0.976001
vt 0.962425 0.976001
vt 0.661492 0.976001
vt 0.653089 0.976001
vt 0.670133 0.976001
vt 0.989400 0.976001
vt 0.980482 0.976001
vt 0.998308 0.976001
vt 0.763682 0.976001
vt 0.754352 0.976001
vt 0.745609 0.976001
vt 0.737202 0.976001
vt 0.728881 0.976001
vt 0.720725 0.976001
vt 0.712810 0.976001
vt 0.704913 0.976001
vt 0.696810 0.976001
vt 0.688316 0.976001
vt 0.679249 0.976001
vt 0.799045 0.976001
vt 0.971545 0.976001
vt 0.830754 0.976001
vt 0.830754 0.971212
vt 0.815010 0.964978
vt 0.822553 0.964978
vt 0.848283 0.964978
vt 0.857198 0.964978
vt 0.839401 0.964978
vt 0.883995 0.964978
vt 0.893056 0.964978
vt 0.874788 0.964978
vt 0.781798 0.964978
vt 0.934685 0.964978
vt 0.901464 0.964978
vt 0.865944 0.964978
vt 0.830754 0.964978
vt 0.998308 0.957479
vt 0.952957 0.998243
vt 0.943568 0.998243
vt 0.815010 0.998243
vt 0.822553 0.998243
vt 0.807412 0.998243
vt 0.848283 0.998243
vt 0.857198 0.998243
vt 0.839401 0.998243
vt 0.883995 0.998243
vt 0.893056 0.998243
vt 0.874788 0.998243
vt 0.917799 0.998243
vt 0.926148 0.998243
vt 0.909588 0.998243
vt 0.763682 0.998243
vt 0.773022 0.998243
vt 0.781798 0.998243
vt 0.790357 0.998243
vt 0.712810 0.998243
vt 0.799045 0.998243
vt 0.934685 0.998243
vt 0.901464 0.998243
vt 0.865944 0.998243
vt 0.830754 0.998243
vt 0.952960 0.849659
vt 0.959464 0.848159
vt 0.952716 0.848079
vt 0.964846 0.844186
vt 0.946375 0.807079
vt 0.965558 0.845615
vt 0.971369 0.842083
vt 0.975512 0.836552
vt 0.904223 0.814748
vt 0.905977 0.821456
vt 0.905787 0.814463
vt 0.910148 0.826802
vt 0.908752 0.827562
vt 0.912317 0.833163
vt 0.917658 0.836920
vt 0.926663 0.845315
vt 0.932506 0.847800
vt 0.927394 0.843897
vt 0.939187 0.847853
vt 0.938911 0.849424
vt 0.945919 0.850062
vt 0.976635 0.837688
vt 0.981095 0.832560
vt 0.983269 0.825892
vt 0.984693 0.826618
vt 0.987372 0.819783
vt 0.987404 0.812469
vt 0.926166 0.768831
vt 0.921086 0.771939
vt 0.926918 0.770254
vt 0.917667 0.777097
vt 0.952818 0.764724
vt 0.945866 0.764286
vt 0.952577 0.766300
vt 0.939182 0.766442
vt 0.977232 0.777157
vt 0.971888 0.772630
vt 0.976084 0.778271
vt 0.965104 0.770279
vt 0.988732 0.799456
vt 0.987140 0.793216
vt 0.987157 0.799740
vt 0.983262 0.788090
vt 0.904318 0.799909
vt 0.903725 0.807343
vt 0.905880 0.800175
vt 0.908413 0.786848
vt 0.905840 0.793111
vt 0.909824 0.787599
vt 0.916552 0.838070
vt 0.921340 0.842096
vt 0.916558 0.775940
vt 0.912160 0.781017
vt 0.988988 0.812676
vt 0.989394 0.805922
vt 0.984687 0.787356
vt 0.981441 0.782034
vt 0.965828 0.768856
vt 0.959471 0.766234
vt 0.938904 0.764871
vt 0.932222 0.766431
vt 0.480386 0.900845
vt 0.480386 0.938819
vt 0.489504 0.938819
vt 0.489504 0.900845
vt 0.594870 0.227846
vt 0.589096 0.216727
vt 0.581719 0.233251
vt 0.595798 0.240418
vt 0.580055 0.207565
vt 0.569238 0.223913
vt 0.514972 0.332680
vt 0.527891 0.341263
vt 0.541626 0.319493
vt 0.526599 0.307701
vt 0.554263 0.250563
vt 0.539654 0.237777
vt 0.523494 0.268515
vt 0.539595 0.280062
vt 0.540573 0.351104
vt 0.552571 0.340598
vt 0.528639 0.355362
vt 0.518679 0.353970
vt 0.569146 0.261997
vt 0.591112 0.260409
vt 0.507272 0.349224
vt 0.580507 0.285186
vt 0.594820 0.261523
vt 0.599730 0.241180
vt 0.568912 0.201285
vt 0.556920 0.213434
vt 0.502051 0.324064
vt 0.510898 0.297595
vt 0.497854 0.341424
vt 0.505399 0.352407
vt 0.517891 0.357515
vt 0.582377 0.204630
vt 0.570146 0.197636
vt 0.517415 0.232182
vt 0.531300 0.210235
vt 0.583959 0.286548
vt 0.555081 0.292997
vt 0.570869 0.308259
vt 0.574085 0.309852
vt 0.561625 0.327258
vt 0.564506 0.329264
vt 0.495908 0.280479
vt 0.505619 0.258443
vt 0.554921 0.343257
vt 0.489927 0.297812
vt 0.486452 0.296794
vt 0.484150 0.315050
vt 0.487802 0.315905
vt 0.545188 0.199699
vt 0.555543 0.198344
vt 0.490712 0.329490
vt 0.487186 0.330406
vt 0.495065 0.343892
vt 0.404550 0.900845
vt 0.391173 0.900845
vt 0.391173 0.938819
vt 0.404550 0.938819
vt 0.534325 0.900845
vt 0.523473 0.900845
vt 0.523473 0.938819
vt 0.534325 0.938819
vt 0.377944 0.900845
vt 0.365957 0.900845
vt 0.365957 0.938819
vt 0.377944 0.938819
vt 0.543880 0.900845
vt 0.543880 0.938819
vt 0.466047 0.900845
vt 0.466047 0.938819
vt 0.511718 0.900845
vt 0.511718 0.938819
vt 0.353750 0.900845
vt 0.343349 0.900845
vt 0.343349 0.938819
vt 0.353750 0.938819
vt 0.445395 0.900845
vt 0.445395 0.938819
vt 0.422955 0.900845
vt 0.422955 0.938819
vt 0.635497 0.900845
vt 0.623252 0.900845
vt 0.623252 0.938819
vt 0.635497 0.938819
vt 0.500506 0.938819
vt 0.500506 0.900845
vt 0.326036 0.900845
vt 0.326036 0.938819
vt 0.333462 0.938819
vt 0.333462 0.900845
vt 0.645345 0.938819
vt 0.645345 0.900845
vt 0.557543 0.938819
vt 0.557543 0.900845
vt 0.575576 0.938819
vt 0.575576 0.900845
vt 0.593409 0.938819
vt 0.593409 0.900845
vt 0.610143 0.938819
vt 0.610143 0.900845
vt 0.555491 0.194333
vt 0.556566 0.190577
vt 0.543599 0.192155
vt 0.543805 0.195922
vt 0.489603 0.278800
vt 0.483304 0.296945
vt 0.492605 0.279282
vt 0.602486 0.225813
vt 0.595560 0.212564
vt 0.592305 0.214771
vt 0.598805 0.227273
vt 0.480957 0.315804
vt 0.484225 0.332198
vt 0.603466 0.240739
vt 0.527364 0.204201
vt 0.528996 0.207172
vt 0.585048 0.201759
vt 0.492572 0.346469
vt 0.503572 0.355390
vt 0.512007 0.227922
vt 0.514510 0.229931
vt 0.499619 0.255582
vt 0.502467 0.256766
vt 0.542246 0.354244
vt 0.542631 0.357311
vt 0.556233 0.345858
vt 0.572101 0.194207
vt 0.528303 0.362200
vt 0.528793 0.358992
vt 0.516851 0.360682
vt 0.598366 0.261757
vt 0.587052 0.287250
vt 0.576740 0.311004
vt 0.566654 0.331044
vt 0.597100 0.165408
vt 0.615565 0.152247
vt 0.612531 0.148971
vt 0.595842 0.160960
vt 0.488722 0.157532
vt 0.504132 0.168795
vt 0.508246 0.163846
vt 0.493816 0.152814
vt 0.631714 0.133145
vt 0.627363 0.131604
vt 0.638206 0.047571
vt 0.628611 0.032727
vt 0.623731 0.037060
vt 0.632813 0.050717
vt 0.645634 0.085911
vt 0.645147 0.063995
vt 0.639869 0.066505
vt 0.640334 0.088338
vt 0.527786 0.177734
vt 0.549981 0.178890
vt 0.552710 0.173679
vt 0.530774 0.172888
vt 0.636904 0.111123
vt 0.642009 0.110496
vt 0.576030 0.174262
vt 0.576790 0.169226
vt 0.478418 0.143889
vt 0.484290 0.140044
vt 0.609371 0.018239
vt 0.605714 0.023418
vt 0.471043 0.102173
vt 0.472302 0.127733
vt 0.478297 0.124777
vt 0.477584 0.099460
vt 0.590364 0.010442
vt 0.587517 0.015807
vt 0.566463 0.008463
vt 0.538057 0.012365
vt 0.537667 0.017335
vt 0.564107 0.013937
vt 0.503212 0.030920
vt 0.489270 0.048221
vt 0.494009 0.049479
vt 0.506279 0.034232
vt 0.485907 0.067459
vt 0.480337 0.068325
vt 0.577941 0.111619
vt 0.609009 0.145167
vt 0.623001 0.128832
vt 0.598815 0.089736
vt 0.539291 0.022129
vt 0.523487 0.028320
vt 0.565664 0.056290
vt 0.631930 0.109667
vt 0.635239 0.088008
vt 0.620593 0.065854
vt 0.634423 0.068537
vt 0.628182 0.054052
vt 0.607930 0.050363
vt 0.582258 0.072710
vt 0.619386 0.041018
vt 0.590776 0.035182
vt 0.602322 0.028006
vt 0.564523 0.018963
vt 0.585556 0.021217
vt 0.483194 0.099931
vt 0.484077 0.122563
vt 0.489391 0.136471
vt 0.502568 0.121591
vt 0.560454 0.092735
vt 0.538571 0.112901
vt 0.554199 0.129824
vt 0.593272 0.156488
vt 0.543377 0.074293
vt 0.523988 0.095761
vt 0.527269 0.148101
vt 0.513832 0.134845
vt 0.511852 0.159115
vt 0.498312 0.148489
vt 0.490801 0.069197
vt 0.498382 0.052178
vt 0.552374 0.168473
vt 0.575315 0.164281
vt 0.532846 0.167490
vt 0.519353 0.019638
vt 0.520912 0.023980
vt 0.509722 0.037951
vt 0.326241 0.942818
vt 0.326241 0.998691
vt 0.339959 0.998691
vt 0.339959 0.942818
vt 0.603662 0.942818
vt 0.591041 0.942818
vt 0.591041 0.998691
vt 0.603662 0.998691
vt 0.367026 0.942818
vt 0.367026 0.998691
vt 0.379375 0.998691
vt 0.379375 0.942818
vt 0.617361 0.942818
vt 0.617361 0.998691
vt 0.579158 0.942818
vt 0.579158 0.998691
vt 0.393239 0.998691
vt 0.393239 0.942818
vt 0.552605 0.942818
vt 0.552605 0.998691
vt 0.567182 0.998691
vt 0.567182 0.942818
vt 0.539771 0.942818
vt 0.539771 0.998691
vt 0.510859 0.942818
vt 0.510859 0.998691
vt 0.526224 0.998691
vt 0.526224 0.942818
vt 0.405457 0.998691
vt 0.405457 0.942818
vt 0.417052 0.998691
vt 0.417052 0.942818
vt 0.485085 0.942818
vt 0.472039 0.942818
vt 0.472039 0.998691
vt 0.485085 0.998691
vt 0.631120 0.942818
vt 0.631120 0.998691
vt 0.498106 0.998691
vt 0.498106 0.942818
vt 0.459486 0.942818
vt 0.459486 0.998691
vt 0.645244 0.998691
vt 0.645244 0.942818
vt 0.353208 0.942818
vt 0.353208 0.998691
vt 0.428604 0.998691
vt 0.428604 0.942818
vt 0.443070 0.998691
vt 0.443070 0.942818
vt 0.369889 0.801670
vt 0.368855 0.804176
vt 0.377137 0.806383
vt 0.377425 0.803684
vt 0.362879 0.797602
vt 0.361239 0.799691
vt 0.357397 0.791887
vt 0.353745 0.784855
vt 0.351196 0.785702
vt 0.355272 0.793388
vt 0.352175 0.777328
vt 0.349518 0.777499
vt 0.352567 0.769916
vt 0.349885 0.769400
vt 0.354587 0.762651
vt 0.352162 0.761451
vt 0.358362 0.756129
vt 0.356314 0.754443
vt 0.363996 0.750461
vt 0.370936 0.746544
vt 0.370009 0.743985
vt 0.362487 0.748322
vt 0.378403 0.744715
vt 0.378156 0.742006
vt 0.386294 0.742160
vt 0.385457 0.744915
vt 0.392780 0.746786
vt 0.394321 0.744256
vt 0.399693 0.750499
vt 0.401350 0.748339
vt 0.405720 0.756678
vt 0.409762 0.764308
vt 0.412352 0.763390
vt 0.407875 0.755102
vt 0.411366 0.771606
vt 0.414082 0.771310
vt 0.413688 0.779185
vt 0.410942 0.778817
vt 0.409063 0.785913
vt 0.411612 0.786932
vt 0.405438 0.792263
vt 0.407656 0.793778
vt 0.399476 0.798231
vt 0.392104 0.802272
vt 0.393102 0.804797
vt 0.401141 0.800269
vt 0.384802 0.803875
vt 0.385176 0.806558
vt 0.892312 0.870885
vt 0.892312 0.851819
vt 0.896217 0.851819
vt 0.896217 0.870885
vt 0.823586 0.870885
vt 0.823586 0.851819
vt 0.827350 0.851819
vt 0.827350 0.870885
vt 0.846333 0.870885
vt 0.846333 0.851819
vt 0.850117 0.851819
vt 0.850117 0.870885
vt 0.838806 0.870885
vt 0.838806 0.851819
vt 0.842612 0.851819
vt 0.842612 0.870885
vt 0.869525 0.870885
vt 0.869525 0.851819
vt 0.873187 0.851819
vt 0.873187 0.870885
vt 0.862264 0.870885
vt 0.862264 0.851819
vt 0.865931 0.851819
vt 0.865931 0.870885
vt 0.884991 0.851819
vt 0.888651 0.851819
vt 0.888651 0.870885
vt 0.884991 0.870885
vt 0.907950 0.870885
vt 0.907950 0.851819
vt 0.911742 0.851819
vt 0.911742 0.870885
vt 0.900229 0.870885
vt 0.900229 0.851819
vt 0.904087 0.851819
vt 0.904087 0.870885
vt 0.819889 0.870885
vt 0.819889 0.851819
vt 0.831047 0.851819
vt 0.831047 0.870885
vt 0.834933 0.851819
vt 0.834933 0.870885
vt 0.853805 0.851819
vt 0.853805 0.870885
vt 0.858034 0.851819
vt 0.858034 0.870885
vt 0.876762 0.851819
vt 0.876762 0.870885
vt 0.880886 0.851819
vt 0.880886 0.870885
vt 0.381268 0.774270
vt 0.977013 0.875686
vt 0.981247 0.875686
vt 0.981247 0.895059
vt 0.977013 0.895059
vt 0.899527 0.875686
vt 0.903824 0.875686
vt 0.903824 0.895059
vt 0.899527 0.895059
vt 0.934420 0.875686
vt 0.938447 0.875686
vt 0.938447 0.895059
vt 0.934420 0.895059
vt 0.925283 0.875686
vt 0.929796 0.875686
vt 0.929796 0.895059
vt 0.925283 0.895059
vt 0.917033 0.875686
vt 0.921162 0.875686
vt 0.921162 0.895059
vt 0.917033 0.895059
vt 0.950757 0.875686
vt 0.955401 0.875686
vt 0.955401 0.895059
vt 0.950757 0.895059
vt 0.942576 0.875686
vt 0.946629 0.875686
vt 0.946629 0.895059
vt 0.942576 0.895059
vt 0.960145 0.875686
vt 0.964291 0.875686
vt 0.964291 0.895059
vt 0.960145 0.895059
vt 0.985594 0.875686
vt 0.989745 0.875686
vt 0.989745 0.895059
vt 0.985594 0.895059
vt 0.908114 0.875686
vt 0.912631 0.875686
vt 0.912631 0.895059
vt 0.908114 0.895059
vt 0.968549 0.875686
vt 0.972736 0.875686
vt 0.972736 0.895059
vt 0.968549 0.895059
vt 0.993980 0.875686
vt 0.998142 0.875686
vt 0.998142 0.895059
vt 0.993980 0.895059
vt 0.895265 0.875686
vt 0.895265 0.895059
vt 0.385903 0.879763
vt 0.388951 0.887451
vt 0.397209 0.882770
vt 0.392074 0.876265
vt 0.378756 0.881412
vt 0.379506 0.889623
vt 0.371639 0.881454
vt 0.370293 0.889604
vt 0.361567 0.886604
vt 0.364928 0.879113
vt 0.353768 0.881816
vt 0.358985 0.875466
vt 0.354433 0.870460
vt 0.347713 0.875189
vt 0.351119 0.864455
vt 0.343328 0.867176
vt 0.349599 0.857777
vt 0.341369 0.858479
vt 0.349486 0.850562
vt 0.341313 0.849149
vt 0.343763 0.840406
vt 0.351452 0.843786
vt 0.348255 0.832404
vt 0.354859 0.837704
vt 0.354750 0.826135
vt 0.359745 0.832992
vt 0.365688 0.829517
vt 0.362678 0.821506
vt 0.372362 0.827949
vt 0.371330 0.819448
vt 0.380127 0.827972
vt 0.381477 0.819554
vt 0.390945 0.822557
vt 0.387391 0.830321
vt 0.398533 0.827132
vt 0.393240 0.833809
vt 0.404412 0.833597
vt 0.397678 0.838690
vt 0.400978 0.844512
vt 0.408800 0.841326
vt 0.402493 0.851017
vt 0.410800 0.849735
vt 0.402572 0.858601
vt 0.410854 0.859638
vt 0.408136 0.868930
vt 0.400418 0.865713
vt 0.403570 0.876526
vt 0.396928 0.871569
vt 0.375969 0.854651
vt 0.866828 0.875732
vt 0.871062 0.875732
vt 0.871062 0.895105
vt 0.866828 0.895105
vt 0.789342 0.875732
vt 0.793638 0.875732
vt 0.793638 0.895105
vt 0.789342 0.895105
vt 0.824234 0.875732
vt 0.828262 0.875732
vt 0.828262 0.895105
vt 0.824234 0.895105
vt 0.815098 0.875732
vt 0.819611 0.875732
vt 0.819611 0.895105
vt 0.815098 0.895105
vt 0.806848 0.875732
vt 0.810976 0.875732
vt 0.810976 0.895105
vt 0.806848 0.895105
vt 0.840572 0.875732
vt 0.845216 0.875732
vt 0.845216 0.895105
vt 0.840572 0.895105
vt 0.832391 0.875732
vt 0.836443 0.875732
vt 0.836443 0.895105
vt 0.832391 0.895105
vt 0.849959 0.875732
vt 0.854106 0.875732
vt 0.854106 0.895105
vt 0.849959 0.895105
vt 0.875409 0.875732
vt 0.879560 0.875732
vt 0.879560 0.895105
vt 0.875409 0.895105
vt 0.797928 0.875732
vt 0.802445 0.875732
vt 0.802445 0.895105
vt 0.797928 0.895105
vt 0.858364 0.875732
vt 0.862551 0.875732
vt 0.862551 0.895105
vt 0.858364 0.895105
vt 0.883795 0.875732
vt 0.887957 0.875732
vt 0.887957 0.895105
vt 0.883795 0.895105
vt 0.785079 0.875732
vt 0.785079 0.895105
vt 0.013993 0.048133
vt 0.006332 0.051252
vt 0.011088 0.059467
vt 0.017547 0.054272
vt 0.012279 0.041003
vt 0.004075 0.041826
vt 0.012172 0.033886
vt 0.004010 0.032614
vt 0.006931 0.023861
vt 0.014452 0.027154
vt 0.011648 0.016019
vt 0.018045 0.021178
vt 0.023009 0.016581
vt 0.018220 0.009904
vt 0.028984 0.013212
vt 0.026192 0.005447
vt 0.035647 0.011632
vt 0.034871 0.003409
vt 0.042862 0.011453
vt 0.044200 0.003268
vt 0.052965 0.005638
vt 0.049655 0.013358
vt 0.061008 0.010057
vt 0.055768 0.016709
vt 0.067335 0.016495
vt 0.060524 0.021551
vt 0.064052 0.027463
vt 0.072036 0.024381
vt 0.065681 0.034122
vt 0.074173 0.033013
vt 0.065729 0.041887
vt 0.074159 0.043160
vt 0.071242 0.052658
vt 0.063446 0.049171
vt 0.066725 0.060270
vt 0.059999 0.055043
vt 0.060341 0.066234
vt 0.055180 0.059549
vt 0.049380 0.062888
vt 0.052634 0.070680
vt 0.042889 0.064461
vt 0.044245 0.072757
vt 0.035305 0.064610
vt 0.034344 0.072900
vt 0.025027 0.070267
vt 0.028174 0.062520
vt 0.017391 0.065771
vt 0.022286 0.059084
vt 0.039091 0.038084
s 1
usemtl VstController_250406
f 1/1/1 2/2/2 3/3/3
f 4/4/4 5/5/5 6/6/6
f 7/7/7 8/8/8 9/9/9
f 9/9/9 10/10/10 7/7/7
f 11/11/11 12/12/12 13/13/13
f 14/14/14 15/15/15 16/16/16
f 16/16/16 17/17/17 14/14/14
f 14/14/14 18/18/18 19/19/19
f 19/19/19 20/20/20 14/14/14
f 21/21/21 22/22/22 23/23/23
f 23/23/23 24/24/24 21/21/21
f 22/22/22 21/21/21 25/25/25
f 26/26/26 25/25/25 27/27/27
f 27/27/27 28/28/28 26/26/26
f 29/29/29 30/30/30 31/31/31
f 32/32/32 33/33/33 34/34/34
f 34/34/34 35/35/35 32/32/32
f 36/36/36 37/37/37 38/38/38
f 39/39/39 40/40/40 41/41/41
f 42/42/42 43/43/43 44/44/44
f 44/44/44 45/45/45 42/42/42
f 46/46/46 47/47/47 48/48/48
f 48/48/48 49/49/49 46/46/46
f 50/50/50 51/51/51 52/52/52
f 52/52/52 53/53/53 50/50/50
f 54/54/54 55/55/55 56/56/56
f 56/56/56 57/57/57 54/54/54
f 58/58/58 59/59/59 60/60/60
f 60/60/60 61/61/61 58/58/58
f 62/62/62 63/63/63 64/64/64
f 64/64/64 65/65/65 62/62/62
f 66/66/66 67/67/67 68/68/68
f 68/68/68 69/69/69 66/66/66
f 70/70/70 71/71/71 72/72/72
f 72/72/72 73/73/73 70/70/70
f 74/74/74 75/75/75 76/76/76
f 76/76/76 77/77/77 74/74/74
f 78/78/78 79/79/79 80/80/80
f 80/80/80 81/81/81 78/78/78
f 82/82/82 83/83/83 84/84/84
f 2/2/2 85/85/85 86/86/86
f 86/86/86 5/5/5 2/2/2
f 5/5/5 86/86/86 87/87/87
f 87/87/87 8/8/8 5/5/5
f 87/87/87 88/88/88 9/9/9
f 12/12/12 88/88/88 89/89/89
f 90/90/90 91/91/91 92/92/92
f 93/93/93 94/94/94 19/19/19
f 19/19/19 95/95/95 93/93/93
f 21/21/21 24/24/24 96/96/96
f 96/96/96 97/97/97 21/21/21
f 27/27/27 21/21/21 98/98/98
f 98/98/98 99/99/99 100/100/100
f 100/100/100 101/101/101 98/98/98
f 102/102/102 103/103/103 104/104/104
f 104/104/104 105/105/105 102/102/102
f 106/106/106 107/107/107 108/108/108
f 108/108/108 109/109/109 106/106/106
f 110/110/110 111/111/111 112/112/112
f 112/112/112 113/113/113 110/110/110
f 40/40/40 114/114/114 115/115/115
f 115/115/115 43/43/43 40/40/40
f 115/115/115 116/116/116 44/44/44
f 44/44/44 43/43/43 115/115/115
f 117/117/117 118/118/118 49/49/49
f 49/49/49 48/48/48 117/117/117
f 52/52/52 119/119/119 120/120/120
f 120/120/120 53/53/53 52/52/52
f 121/121/121 122/122/122 57/57/57
f 57/57/57 56/56/56 121/121/121
f 123/123/123 124/124/124 61/61/61
f 61/61/61 60/60/60 123/123/123
f 125/125/125 126/126/126 65/65/65
f 65/65/65 64/64/64 125/125/125
f 127/127/127 128/128/128 69/69/69
f 69/69/69 68/68/68 127/127/127
f 129/129/129 130/130/130 73/73/73
f 73/73/73 72/72/72 129/129/129
f 131/131/131 132/132/132 77/77/77
f 77/77/77 76/76/76 131/131/131
f 133/133/133 83/83/83 81/81/81
f 81/81/81 134/134/134 133/133/133
f 133/133/133 85/85/85 2/2/2
f 2/2/2 83/83/83 133/133/133
f 135/135/135 86/86/86 136/136/136
f 137/137/137 88/88/88 138/138/138
f 86/86/86 139/139/139 87/87/87
f 139/139/139 86/86/86 135/135/135
f 140/140/140 141/141/141 137/137/137
f 90/90/90 141/141/141 91/91/91
f 88/88/88 141/141/141 90/90/90
f 142/142/142 85/85/85 143/143/143
f 144/144/144 132/132/132 145/145/145
f 145/145/145 146/146/146 144/144/144
f 147/147/147 148/148/148 149/149/149
f 148/148/148 147/147/147 150/150/150
f 151/151/151 152/152/152 153/153/153
f 152/152/152 151/151/151 154/154/154
f 155/155/155 156/156/156 95/95/95
f 93/93/93 157/157/157 158/158/158
f 158/158/158 96/96/96 93/93/93
f 97/97/97 159/159/159 99/99/99
f 99/99/99 160/160/160 100/100/100
f 102/102/102 161/161/161 162/162/162
f 162/162/162 103/103/103 102/102/102
f 163/163/163 164/164/164 107/107/107
f 164/164/164 165/165/165 111/111/111
f 115/115/115 114/114/114 165/165/165
f 165/165/165 166/166/166 115/115/115
f 166/166/166 167/167/167 116/116/116
f 167/167/167 168/168/168 118/118/118
f 168/168/168 169/169/169 120/120/120
f 169/169/169 170/170/170 122/122/122
f 170/170/170 171/171/171 124/124/124
f 171/171/171 172/172/172 126/126/126
f 172/172/172 173/173/173 128/128/128
f 173/173/173 174/174/174 130/130/130
f 175/175/175 176/176/176 177/177/177
f 163/163/163 178/178/178 179/179/179
f 162/162/162 180/180/180 181/181/181
f 161/161/161 182/182/182 183/183/183
f 160/160/160 184/184/184 185/185/185
f 163/163/163 186/186/186 164/164/164
f 166/166/166 187/187/187 167/167/167
f 167/167/167 188/188/188 189/189/189
f 190/190/190 191/191/191 192/192/192
f 192/192/192 193/193/193 190/190/190
f 168/168/168 192/192/192 169/169/169
f 165/165/165 194/194/194 166/166/166
f 195/195/195 196/196/196 197/197/197
f 198/198/198 199/199/199 200/200/200
f 201/201/201 202/202/202 203/203/203
f 202/202/202 201/201/201 204/204/204
f 205/205/205 206/206/206 207/207/207
f 138/138/138 87/87/87 139/139/139
f 136/136/136 86/86/86 85/85/85
f 136/136/136 85/85/85 142/142/142
f 138/138/138 88/88/88 87/87/87
f 160/160/160 208/208/208 209/209/209
f 195/195/195 197/197/197 210/210/210
f 210/210/210 211/211/211 212/212/212
f 210/210/210 212/212/212 213/213/213
f 214/214/214 215/215/215 201/201/201
f 211/211/211 216/216/216 212/212/212
f 216/216/216 211/211/211 217/217/217
f 167/167/167 187/187/187 188/188/188
f 166/166/166 218/218/218 187/187/187
f 166/166/166 219/219/219 218/218/218
f 164/164/164 194/194/194 165/165/165
f 220/220/220 135/135/135 136/136/136
f 136/136/136 221/221/221 220/220/220
f 222/222/222 137/137/137 138/138/138
f 138/138/138 223/223/223 222/222/222
f 139/139/139 135/135/135 220/220/220
f 220/220/220 224/224/224 139/139/139
f 225/225/225 140/140/140 137/137/137
f 137/137/137 222/222/222 225/225/225
f 226/226/226 227/227/227 140/140/140
f 140/140/140 225/225/225 226/226/226
f 228/228/228 142/142/142 229/229/229
f 229/229/229 230/230/230 228/228/228
f 230/230/230 229/229/229 231/231/231
f 231/231/231 232/232/232 230/230/230
f 232/232/232 231/231/231 205/205/205
f 205/205/205 233/233/233 232/232/232
f 234/234/234 235/235/235 236/236/236
f 236/236/236 237/237/237 234/234/234
f 236/236/236 238/238/238 239/239/239
f 239/239/239 237/237/237 236/236/236
f 240/240/240 241/241/241 242/242/242
f 242/242/242 243/243/243 240/240/240
f 243/243/243 242/242/242 235/235/235
f 235/235/235 234/234/234 243/243/243
f 238/238/238 227/227/227 226/226/226
f 226/226/226 239/239/239 238/238/238
f 233/233/233 205/205/205 241/241/241
f 241/241/241 240/240/240 233/233/233
f 136/136/136 142/142/142 228/228/228
f 228/228/228 221/221/221 136/136/136
f 223/223/223 138/138/138 139/139/139
f 139/139/139 224/224/224 223/223/223
f 221/221/221 244/244/244 220/220/220
f 223/223/223 245/245/245 222/222/222
f 245/245/245 223/223/223 244/244/244
f 220/220/220 244/244/244 224/224/224
f 222/222/222 245/245/245 225/225/225
f 225/225/225 245/245/245 226/226/226
f 230/230/230 246/246/246 228/228/228
f 232/232/232 246/246/246 230/230/230
f 233/233/233 246/246/246 232/232/232
f 237/237/237 247/247/247 234/234/234
f 239/239/239 247/247/247 237/237/237
f 247/247/247 239/239/239 245/245/245
f 243/243/243 247/247/247 240/240/240
f 234/234/234 247/247/247 243/243/243
f 226/226/226 245/245/245 239/239/239
f 240/240/240 246/246/246 233/233/233
f 246/246/246 240/240/240 247/247/247
f 228/228/228 244/244/244 221/221/221
f 244/244/244 228/228/228 246/246/246
f 224/224/224 244/244/244 223/223/223
f 247/247/247 245/245/245 244/244/244
f 248/248/248 249/249/249 250/250/250
f 250/250/250 20/20/20 248/248/248
f 23/23/23 251/251/251 249/249/249
f 249/249/249 248/248/248 23/23/23
f 22/22/22 25/25/25 252/252/252
f 26/26/26 29/29/29 253/253/253
f 253/253/253 254/254/254 26/26/26
f 255/255/255 256/256/256 257/257/257
f 257/257/257 258/258/258 255/255/255
f 259/259/259 260/260/260 261/261/261
f 261/261/261 262/262/262 259/259/259
f 263/263/263 264/264/264 265/265/265
f 265/265/265 266/266/266 263/263/263
f 267/267/267 268/268/268 269/269/269
f 269/269/269 270/270/270 267/267/267
f 271/271/271 272/272/272 273/273/273
f 274/274/274 272/272/272 275/275/275
f 276/276/276 277/277/277 278/278/278
f 278/278/278 279/279/279 276/276/276
f 280/280/280 276/276/276 281/281/281
f 282/282/282 280/280/280 283/283/283
f 284/284/284 282/282/282 285/285/285
f 286/286/286 284/284/284 287/287/287
f 288/288/288 286/286/286 289/289/289
f 288/288/288 290/290/290 291/291/291
f 292/292/292 293/293/293 294/294/294
f 292/292/292 295/295/295 296/296/296
f 297/297/297 298/298/298 299/299/299
f 300/300/300 301/301/301 302/302/302
f 303/303/303 304/304/304 305/305/305
f 305/305/305 306/306/306 303/303/303
f 307/307/307 308/308/308 309/309/309
f 309/309/309 310/310/310 307/307/307
f 311/311/311 312/312/312 313/313/313
f 313/313/313 314/314/314 311/311/311
f 315/315/315 312/312/312 316/316/316
f 317/317/317 318/318/318 319/319/319
f 319/319/319 320/320/320 317/317/317
f 318/318/318 321/321/321 322/322/322
f 322/322/322 319/319/319 318/318/318
f 323/323/323 322/322/322 324/324/324
f 324/324/324 325/325/325 323/323/323
f 326/326/326 327/327/327 328/328/328
f 328/328/328 329/329/329 326/326/326
f 330/330/330 331/331/331 329/329/329
f 332/332/332 333/333/333 331/331/331
f 331/331/331 330/330/330 332/332/332
f 334/334/334 335/335/335 336/336/336
f 337/337/337 338/338/338 335/335/335
f 339/339/339 340/340/340 337/337/337
f 341/341/341 342/342/342 339/339/339
f 343/343/343 344/344/344 341/341/341
f 345/345/345 346/346/346 343/343/343
f 347/347/347 348/348/348 345/345/345
f 349/349/349 350/350/350 351/351/351
f 351/351/351 352/352/352 349/349/349
f 338/338/338 353/353/353 354/354/354
f 354/354/354 335/335/335 338/338/338
f 335/335/335 354/354/354 355/355/355
f 355/355/355 336/336/336 335/335/335
f 356/356/356 357/357/357 358/358/358
f 353/353/353 338/338/338 340/340/340
f 340/340/340 359/359/359 353/353/353
f 340/340/340 360/360/360 361/361/361
f 361/361/361 359/359/359 340/340/340
f 362/362/362 363/363/363 364/364/364
f 365/365/365 342/342/342 366/366/366
f 366/366/366 367/367/367 365/365/365
f 368/368/368 369/369/369 370/370/370
f 370/370/370 371/371/371 368/368/368
f 336/336/336 355/355/355 369/369/369
f 369/369/369 368/368/368 336/336/336
f 367/367/367 366/366/366 372/372/372
f 372/372/372 373/373/373 367/367/367
f 371/371/371 370/370/370 374/374/374
f 374/374/374 375/375/375 371/371/371
f 376/376/376 377/377/377 378/378/378
f 378/378/378 379/379/379 376/376/376
f 379/379/379 380/380/380 381/381/381
f 381/381/381 376/376/376 379/379/379
f 382/382/382 363/363/363 362/362/362
f 362/362/362 383/383/383 382/382/382
f 384/384/384 385/385/385 380/380/380
f 380/380/380 379/379/379 384/384/384
f 383/383/383 386/386/386 387/387/387
f 387/387/387 382/382/382 383/383/383
f 388/388/388 389/389/389 390/390/390
f 390/390/390 391/391/391 388/388/388
f 392/392/392 393/393/393 394/394/394
f 394/394/394 395/395/395 392/392/392
f 396/396/396 395/395/395 394/394/394
f 394/394/394 397/397/397 396/396/396
f 390/390/390 389/389/389 393/393/393
f 393/393/393 392/392/392 390/390/390
f 398/398/398 396/396/396 385/385/385
f 385/385/385 384/384/384 398/398/398
f 386/386/386 388/388/388 391/391/391
f 391/391/391 387/387/387 386/386/386
f 399/399/399 400/400/400 401/401/401
f 401/401/401 402/402/402 399/399/399
f 403/403/403 404/404/404 405/405/405
f 405/405/405 406/406/406 403/403/403
f 407/407/407 408/408/408 409/409/409
f 409/409/409 410/410/410 407/407/407
f 411/411/411 412/412/412 413/413/413
f 413/413/413 414/414/414 411/411/411
f 415/415/415 412/412/412 416/416/416
f 416/416/416 417/417/417 415/415/415
f 418/418/418 419/419/419 420/420/420
f 420/420/420 421/421/421 418/418/418
f 422/422/422 403/403/403 406/406/406
f 406/406/406 423/423/423 422/422/422
f 421/421/421 420/420/420 424/424/424
f 424/424/424 425/425/425 421/421/421
f 317/317/317 320/320/320 426/426/426
f 426/426/426 427/427/427 317/317/317
f 326/326/326 428/428/428 429/429/429
f 430/430/430 431/431/431 432/432/432
f 433/433/433 434/434/434 435/435/435
f 436/436/436 437/437/437 438/438/438
f 438/438/438 439/439/439 436/436/436
f 440/440/440 323/323/323 441/441/441
f 442/442/442 443/443/443 444/444/444
f 444/444/444 445/445/445 442/442/442
f 446/446/446 447/447/447 448/448/448
f 448/448/448 449/449/449 446/446/446
f 450/450/450 315/315/315 451/451/451
f 451/451/451 452/452/452 450/450/450
f 440/440/440 453/453/453 454/454/454
f 442/442/442 455/455/455 456/456/456
f 456/456/456 448/448/448 442/442/442
f 457/457/457 449/449/449 458/458/458
f 445/445/445 451/451/451 459/459/459
f 459/459/459 460/460/460 445/445/445
f 455/455/455 461/461/461 462/462/462
f 462/462/462 456/456/456 455/455/455
f 461/461/461 463/463/463 464/464/464
f 464/464/464 462/462/462 461/461/461
f 465/465/465 466/466/466 463/463/463
f 467/467/467 468/468/468 469/469/469
f 468/468/468 467/467/467 470/470/470
f 471/471/402 472/472/471 473/473/472
f 474/474/473 475/475/474 315/315/315
f 315/315/315 316/316/316 474/474/473
f 476/476/475 477/477/476 478/478/477
f 478/478/477 479/479/478 476/476/475
f 480/480/479 454/454/454 458/458/458
f 458/458/458 481/481/480 480/480/479
f 479/479/478 478/478/477 454/454/454
f 454/454/454 480/480/479 479/479/478
f 481/481/480 458/458/458 456/456/456
f 456/456/456 462/462/462 481/481/480
f 482/482/481 483/483/482 484/484/483
f 484/484/483 485/485/484 482/482/481
f 484/484/483 483/483/482 486/486/485
f 486/486/485 487/487/486 484/484/483
f 482/482/481 485/485/484 488/488/487
f 488/488/487 489/489/488 482/482/481
f 489/489/488 488/488/487 490/490/489
f 490/490/489 491/491/490 489/489/488
f 490/490/489 492/492/491 493/493/492
f 493/493/492 491/491/490 490/490/489
f 494/494/493 495/495/494 493/493/492
f 493/493/492 492/492/491 494/494/493
f 469/469/469 468/468/468 496/496/495
f 496/496/495 497/497/496 469/469/469
f 498/498/497 499/499/498 495/495/494
f 495/495/494 494/494/493 498/498/497
f 496/496/495 468/468/468 500/500/499
f 500/500/499 501/501/500 496/496/495
f 502/502/501 503/503/502 423/423/423
f 504/504/503 505/505/504 506/506/505
f 506/506/505 507/507/506 504/504/503
f 508/508/507 509/509/508 510/510/509
f 510/510/509 511/511/510 508/508/507
f 512/512/511 487/487/486 486/486/485
f 486/486/485 513/513/512 512/512/511
f 514/514/513 515/515/514 516/516/515
f 514/514/513 517/517/516 518/518/517
f 518/518/517 515/515/514 514/514/513
f 519/519/518 505/505/504 520/520/519
f 520/520/519 521/521/520 519/519/518
f 504/504/503 522/522/521 505/505/504
f 509/509/508 523/523/522 510/510/509
f 486/486/485 524/524/523 525/525/524
f 525/525/524 513/513/512 486/486/485
f 482/482/481 526/526/525 527/527/526
f 527/527/526 483/483/482 482/482/481
f 483/483/482 527/527/526 524/524/523
f 524/524/523 486/486/485 483/483/482
f 489/489/488 528/528/527 526/526/525
f 526/526/525 482/482/481 489/489/488
f 489/489/488 491/491/490 529/529/528
f 529/529/528 528/528/527 489/489/488
f 491/491/490 493/493/492 530/530/529
f 530/530/529 529/529/528 491/491/490
f 493/493/492 495/495/494 531/531/530
f 531/531/530 530/530/529 493/493/492
f 497/497/496 496/496/495 532/532/531
f 532/532/531 533/533/532 497/497/496
f 495/495/494 499/499/498 534/534/533
f 534/534/533 531/531/530 495/495/494
f 496/496/495 501/501/500 516/516/515
f 516/516/515 532/532/531 496/496/495
f 535/535/534 515/515/514 536/536/535
f 515/515/514 518/518/517 537/537/536
f 537/537/536 536/536/535 515/515/514
f 518/518/517 538/538/537 539/539/538
f 539/539/538 537/537/536 518/518/517
f 520/520/519 540/540/539 541/541/540
f 541/541/540 521/521/520 520/520/519
f 542/542/541 543/543/542 540/540/539
f 542/542/541 544/544/543 545/545/544
f 545/545/544 543/543/542 542/542/541
f 546/546/545 547/547/546 548/548/547
f 548/548/547 549/549/548 546/546/545
f 550/550/549 551/551/550 526/526/525
f 526/526/525 552/552/551 550/550/549
f 546/546/545 551/551/550 550/550/549
f 550/550/549 547/547/546 546/546/545
f 552/552/551 526/526/525 528/528/527
f 528/528/527 553/553/552 552/552/551
f 529/529/528 554/554/553 553/553/552
f 553/553/552 528/528/527 529/529/528
f 555/555/554 556/556/555 554/554/553
f 554/554/553 529/529/528 555/555/554
f 556/556/555 555/555/554 557/557/556
f 557/557/556 558/558/557 556/556/555
f 559/559/558 560/560/559 561/561/560
f 561/561/560 562/562/561 559/559/558
f 558/558/557 557/557/556 563/563/562
f 563/563/562 564/564/563 558/558/557
f 560/560/559 535/535/534 565/565/564
f 565/565/564 561/561/560 560/560/559
f 566/566/565 567/567/566 568/568/567
f 569/569/568 570/570/569 571/571/570
f 571/571/570 572/572/571 569/569/568
f 572/572/571 571/571/570 573/573/572
f 574/574/573 573/573/572 575/575/574
f 575/575/574 576/576/575 574/574/573
f 577/577/576 578/578/577 579/579/578
f 579/579/578 580/580/579 577/577/576
f 581/581/580 582/582/581 583/583/582
f 583/583/582 584/584/583 581/581/580
f 582/582/581 580/580/579 579/579/578
f 579/579/578 583/583/582 582/582/581
f 585/585/584 586/586/585 587/587/586
f 587/587/586 588/588/587 585/585/584
f 588/588/587 587/587/586 589/589/588
f 589/589/588 590/590/589 588/588/587
f 589/589/588 591/591/590 592/592/591
f 592/592/591 593/593/592 589/589/588
f 594/594/593 595/595/594 596/596/595
f 596/596/595 597/597/596 594/594/593
f 593/593/592 592/592/591 598/598/597
f 598/598/597 599/599/598 593/593/592
f 595/595/594 566/566/565 568/568/567
f 568/568/567 596/596/595 595/595/594
f 600/600/599 601/601/600 602/602/601
f 602/602/601 603/603/602 600/600/599
f 603/603/602 602/602/601 604/604/603
f 604/604/603 605/605/604 603/603/602
f 606/606/605 569/569/568 607/607/606
f 607/607/606 569/569/568 572/572/571
f 572/572/571 608/608/607 607/607/606
f 572/572/571 574/574/573 609/609/608
f 609/609/608 608/608/607 572/572/571
f 609/609/608 574/574/573 576/576/575
f 576/576/575 610/610/609 609/609/608
f 611/611/610 577/577/576 580/580/579
f 580/580/579 612/612/611 611/611/610
f 613/613/612 582/582/581 581/581/580
f 581/581/580 614/614/613 613/613/612
f 582/582/581 613/613/612 612/612/611
f 612/612/611 580/580/579 582/582/581
f 614/614/613 581/581/580 585/585/584
f 585/585/584 615/615/614 614/614/613
f 615/615/614 585/585/584 588/588/587
f 588/588/587 616/616/615 615/615/614
f 590/590/589 617/617/616 616/616/615
f 616/616/615 588/588/587 590/590/589
f 618/618/617 617/617/616 590/590/589
f 619/619/618 620/620/619 621/621/620
f 621/621/620 622/622/621 619/619/618
f 623/623/622 624/624/623 618/618/617
f 622/622/621 621/621/620 601/601/600
f 601/601/600 600/600/599 622/622/621
f 603/603/602 625/625/624 600/600/599
f 625/625/624 603/603/602 605/605/604
f 605/605/604 626/626/625 625/625/624
f 626/626/625 605/605/604 607/607/606
f 607/607/606 627/627/626 626/626/625
f 608/608/607 627/627/626 607/607/606
f 627/627/626 608/608/607 628/628/627
f 609/609/608 628/628/627 608/608/607
f 628/628/627 609/609/608 610/610/609
f 610/610/609 629/629/628 628/628/627
f 630/630/628 611/611/610 612/612/611
f 612/612/611 631/631/629 630/630/628
f 613/613/612 614/614/613 632/632/630
f 632/632/630 631/631/629 613/613/612
f 613/613/612 631/631/629 612/612/611
f 632/632/630 614/614/613 615/615/614
f 615/615/614 633/633/631 632/632/630
f 633/633/631 615/615/614 616/616/615
f 616/616/615 634/634/632 633/633/631
f 634/634/632 616/616/615 617/617/616
f 617/617/616 635/635/633 634/634/632
f 636/636/634 619/619/618 622/622/621
f 622/622/621 637/637/635 636/636/634
f 635/635/633 617/617/616 624/624/623
f 624/624/623 638/638/636 635/635/633
f 600/600/599 637/637/635 622/622/621
f 637/637/635 639/639/637 640/640/638
f 640/640/638 636/636/634 637/637/635
f 634/634/632 635/635/633 641/641/639
f 641/641/639 633/633/631 634/634/632
f 635/635/633 638/638/636 642/642/640
f 642/642/640 641/641/639 635/635/633
f 627/627/626 628/628/627 639/639/637
f 639/639/637 626/626/625 627/627/626
f 640/640/638 639/639/637 628/628/627
f 628/628/627 629/629/628 640/640/638
f 632/632/630 633/633/631 641/641/639
f 641/641/639 631/631/629 632/632/630
f 631/631/629 641/641/639 642/642/640
f 642/642/640 630/630/628 631/631/629
f 625/625/624 626/626/625 639/639/637
f 639/639/637 637/637/635 625/625/624
f 480/480/479 481/481/480 643/643/641
f 643/643/641 644/644/642 480/480/479
f 479/479/478 480/480/479 644/644/642
f 644/644/642 645/645/643 479/479/478
f 462/462/462 464/464/464 643/643/641
f 643/643/641 481/481/480 462/462/462
f 646/646/644 476/476/475 479/479/478
f 479/479/478 645/645/643 646/646/644
f 647/647/645 422/422/422 648/648/646
f 649/649/647 494/494/493 650/650/648
f 494/494/493 649/649/647 498/498/497
f 650/650/648 492/492/491 651/651/649
f 492/492/491 650/650/648 494/494/493
f 500/500/499 652/652/650 648/648/646
f 653/653/651 401/401/401 403/403/403
f 654/654/652 422/422/422 647/647/645
f 422/422/422 654/654/652 403/403/403
f 334/334/334 336/336/336 333/333/333
f 339/339/339 360/360/360 340/340/340
f 337/337/337 335/335/335 334/334/334
f 337/337/337 340/340/340 338/338/338
f 331/331/331 357/357/357 329/329/329
f 357/357/357 356/356/356 329/329/329
f 323/323/323 655/655/653 441/441/441
f 356/356/356 428/428/428 326/326/326
f 428/428/428 656/656/654 429/429/429
f 657/657/655 655/655/653 435/435/435
f 449/449/449 457/457/457 446/446/446
f 449/449/449 448/448/448 456/456/456
f 456/456/456 458/458/458 449/449/449
f 434/434/434 658/658/656 431/431/431
f 659/659/657 660/660/658 437/437/437
f 447/447/447 443/443/443 442/442/442
f 442/442/442 448/448/448 447/447/447
f 659/659/657 388/388/388 660/660/658
f 433/433/433 397/397/397 394/394/394
f 394/394/394 658/658/656 433/433/433
f 661/661/659 393/393/393 389/389/389
f 389/389/389 432/432/432 661/661/659
f 658/658/656 394/394/394 393/393/393
f 393/393/393 661/661/659 658/658/656
f 659/659/657 432/432/432 389/389/389
f 389/389/389 388/388/388 659/659/657
f 435/435/435 656/656/654 397/397/397
f 397/397/397 433/433/433 435/435/435
f 658/658/656 434/434/434 433/433/433
f 430/430/430 432/432/432 659/659/657
f 383/383/383 662/662/660 386/386/386
f 362/362/362 372/372/372 663/663/661
f 663/663/661 664/664/662 362/362/362
f 662/662/660 383/383/383 664/664/662
f 665/665/663 666/666/664 662/662/660
f 667/667/665 255/255/255 258/258/258
f 258/258/258 668/668/666 667/667/665
f 669/669/667 259/259/259 262/262/262
f 262/262/262 670/670/668 669/669/667
f 671/671/669 672/672/670 673/673/671
f 673/673/671 674/674/672 671/671/669
f 272/272/272 274/274/274 675/675/673
f 675/675/673 676/676/674 272/272/272
f 274/274/274 277/277/277 677/677/675
f 677/677/675 675/675/673 274/274/274
f 276/276/276 280/280/280 678/678/676
f 678/678/676 679/679/677 276/276/276
f 330/330/330 328/328/328 678/678/676
f 678/678/676 680/680/678 330/330/330
f 332/332/332 330/330/330 680/680/678
f 680/680/678 681/681/679 332/332/332
f 334/334/334 332/332/332 681/681/679
f 681/681/679 682/682/680 334/334/334
f 337/337/337 334/334/334 682/682/680
f 682/682/680 683/683/681 337/337/337
f 339/339/339 337/337/337 683/683/681
f 683/683/681 684/684/682 339/339/339
f 685/685/683 341/341/341 339/339/339
f 339/339/339 684/684/682 685/685/683
f 685/685/683 292/292/292 297/297/297
f 297/297/297 686/686/684 685/685/683
f 686/686/684 297/297/297 300/300/300
f 300/300/300 687/687/685 686/686/684
f 303/303/303 688/688/686 687/687/685
f 687/687/685 300/300/300 303/303/303
f 688/688/686 303/303/303 306/306/306
f 306/306/306 689/689/687 688/688/686
f 317/317/317 690/690/688 318/318/318
f 29/29/29 691/691/689 253/253/253
f 692/692/690 15/15/15 693/693/691
f 693/693/691 694/694/692 692/692/690
f 695/695/693 696/696/694 473/473/472
f 473/473/472 697/697/695 695/695/693
f 500/500/499 468/468/468 652/652/650
f 463/463/463 490/490/489 488/488/487
f 488/488/487 464/464/464 463/463/463
f 643/643/641 485/485/484 484/484/483
f 484/484/483 644/644/642 643/643/641
f 645/645/643 644/644/642 484/484/483
f 484/484/483 487/487/486 645/645/643
f 464/464/464 488/488/487 485/485/484
f 485/485/484 643/643/641 464/464/464
f 455/455/455 460/460/460 698/698/696
f 445/445/445 460/460/460 455/455/455
f 455/455/455 442/442/442 445/445/445
f 699/699/697 455/455/455 698/698/696
f 461/461/461 699/699/697 700/700/698
f 463/463/463 461/461/461 700/700/698
f 463/463/463 700/700/698 465/465/465
f 461/461/461 455/455/455 699/699/697
f 466/466/466 651/651/649 492/492/491
f 701/701/699 702/702/700 413/413/413
f 413/413/413 703/703/701 701/701/699
f 618/618/617 624/624/623 617/617/616
f 330/330/330 329/329/329 328/328/328
f 386/386/386 662/662/660 660/660/658
f 247/247/247 244/244/244 246/246/246
f 704/704/702 354/354/354 353/353/353
f 353/353/353 705/705/703 704/704/702
f 706/706/704 355/355/355 354/354/354
f 354/354/354 704/704/702 706/706/704
f 376/376/376 707/707/705 708/708/706
f 708/708/706 377/377/377 376/376/376
f 705/705/703 353/353/353 359/359/359
f 359/359/359 709/709/707 705/705/703
f 709/709/707 359/359/359 361/361/361
f 361/361/361 710/710/708 709/709/707
f 711/711/709 712/712/710 713/713/711
f 713/713/711 714/714/712 711/711/709
f 715/715/713 716/716/714 717/717/715
f 717/717/715 718/718/716 715/715/713
f 370/370/370 369/369/369 719/719/717
f 719/719/717 720/720/718 370/370/370
f 710/710/708 361/361/361 716/716/714
f 716/716/714 715/715/713 710/710/708
f 719/719/717 369/369/369 355/355/355
f 355/355/355 706/706/704 719/719/717
f 718/718/716 717/717/715 711/711/709
f 711/711/709 714/714/712 718/718/716
f 721/721/719 374/374/374 370/370/370
f 370/370/370 720/720/718 721/721/719
f 722/722/720 723/723/721 724/724/722
f 724/724/722 725/725/723 722/722/720
f 726/726/724 384/384/384 379/379/379
f 379/379/379 378/378/378 726/726/724
f 725/725/723 724/724/722 727/727/725
f 727/727/725 728/728/726 725/725/723
f 729/729/727 730/730/728 731/731/729
f 731/731/729 732/732/730 729/729/727
f 733/733/731 734/734/732 735/735/733
f 735/735/733 736/736/734 733/733/731
f 736/736/734 735/735/733 398/398/398
f 398/398/398 737/737/735 736/736/734
f 732/732/730 731/731/729 734/734/732
f 734/734/732 733/733/731 732/732/730
f 737/737/735 398/398/398 384/384/384
f 384/384/384 726/726/724 737/737/735
f 728/728/726 727/727/725 730/730/728
f 730/730/728 729/729/727 728/728/726
f 738/738/736 739/739/737 740/740/738
f 740/740/738 741/741/739 738/738/736
f 742/742/740 743/743/741 744/744/742
f 744/744/742 745/745/743 742/742/740
f 746/746/744 747/747/745 748/748/746
f 748/748/746 749/749/747 746/746/744
f 750/750/748 751/751/749 752/752/750
f 752/752/750 753/753/751 750/750/748
f 741/741/739 740/740/738 754/754/752
f 754/754/752 755/755/753 741/741/739
f 756/756/754 757/757/755 758/758/756
f 758/758/756 759/759/757 756/756/754
f 759/759/757 758/758/756 760/760/758
f 760/760/758 761/761/759 759/759/757
f 762/762/760 763/763/761 764/764/762
f 764/764/762 765/765/763 762/762/760
f 766/766/764 767/767/765 763/763/761
f 763/763/761 762/762/760 766/766/764
f 768/768/766 769/769/767 770/770/768
f 770/770/768 771/771/769 768/768/766
f 772/772/770 773/773/771 767/767/765
f 767/767/765 766/766/764 772/772/770
f 771/771/769 770/770/768 773/773/771
f 773/773/771 772/772/770 771/771/769
f 774/774/772 775/775/773 751/751/749
f 751/751/749 750/750/748 774/774/772
f 765/765/763 764/764/762 747/747/745
f 747/747/745 746/746/744 765/765/763
f 776/776/774 777/777/775 739/739/737
f 739/739/737 738/738/736 776/776/774
f 778/778/776 779/779/777 777/777/775
f 777/777/775 776/776/774 778/778/776
f 780/780/778 781/781/779 779/779/777
f 779/779/777 778/778/776 780/780/778
f 782/782/780 783/783/781 781/781/779
f 781/781/779 780/780/778 782/782/780
f 745/745/743 744/744/742 783/783/781
f 783/783/781 782/782/780 745/745/743
f 761/761/759 760/760/758 743/743/741
f 743/743/741 742/742/740 761/761/759
f 784/784/782 785/785/783 769/769/767
f 769/769/767 768/768/766 784/784/782
f 755/755/753 754/754/752 775/775/773
f 775/775/773 774/774/772 755/755/753
f 705/705/703 786/786/784 704/704/702
f 704/704/702 786/786/784 706/706/704
f 708/708/706 786/786/784 377/377/377
f 786/786/784 708/708/706 721/721/719
f 709/709/707 786/786/784 705/705/703
f 710/710/708 786/786/784 709/709/707
f 713/713/711 786/786/784 714/714/712
f 786/786/784 713/713/711 722/722/720
f 718/718/716 786/786/784 715/715/713
f 719/719/717 786/786/784 720/720/718
f 715/715/713 786/786/784 710/710/708
f 706/706/704 786/786/784 719/719/717
f 714/714/712 786/786/784 718/718/716
f 720/720/718 786/786/784 721/721/719
f 377/377/377 786/786/784 378/378/378
f 725/725/723 786/786/784 722/722/720
f 378/378/378 786/786/784 726/726/724
f 728/728/726 786/786/784 725/725/723
f 732/732/730 786/786/784 729/729/727
f 736/736/734 786/786/784 733/733/731
f 737/737/735 786/786/784 736/736/734
f 733/733/731 786/786/784 732/732/730
f 726/726/724 786/786/784 737/737/735
f 729/729/727 786/786/784 728/728/726
f 741/741/739 787/787/785 738/738/736
f 745/745/743 787/787/785 742/742/740
f 756/756/754 787/787/785 788/788/786
f 753/753/751 787/787/785 750/750/748
f 755/755/753 787/787/785 741/741/739
f 759/759/757 787/787/785 756/756/754
f 761/761/759 787/787/785 759/759/757
f 789/789/787 787/787/785 790/790/788
f 790/790/788 787/787/785 791/791/789
f 792/792/790 787/787/785 793/793/791
f 791/791/789 787/787/785 794/794/792
f 794/794/792 787/787/785 792/792/790
f 750/750/748 787/787/785 774/774/772
f 788/788/786 787/787/785 789/789/787
f 738/738/736 787/787/785 776/776/774
f 776/776/774 787/787/785 778/778/776
f 778/778/776 787/787/785 780/780/778
f 780/780/778 787/787/785 782/782/780
f 782/782/780 787/787/785 745/745/743
f 742/742/740 787/787/785 761/761/759
f 793/793/791 787/787/785 753/753/751
f 774/774/772 787/787/785 755/755/753
f 795/795/793 194/194/194 196/196/196
f 190/190/190 193/193/193 189/189/189
f 189/189/189 796/796/794 190/190/190
f 153/153/153 214/214/214 201/201/201
f 202/202/202 199/199/199 203/203/203
f 797/797/795 192/192/192 798/798/796
f 799/799/797 800/800/798 151/151/151
f 151/151/151 153/153/153 799/799/797
f 201/201/201 801/801/799 799/799/797
f 799/799/797 153/153/153 201/201/201
f 802/802/800 801/801/799 201/201/201
f 201/201/201 203/203/203 802/802/800
f 199/199/199 803/803/801 802/802/800
f 802/802/800 203/203/203 199/199/199
f 804/804/802 803/803/801 199/199/199
f 199/199/199 198/198/198 804/804/802
f 805/805/803 804/804/802 198/198/198
f 198/198/198 806/806/804 805/805/803
f 798/798/796 807/807/805 805/805/803
f 805/805/803 806/806/804 798/798/796
f 191/191/191 808/808/806 807/807/805
f 807/807/805 798/798/796 191/191/191
f 191/191/191 190/190/190 809/809/807
f 809/809/807 808/808/806 191/191/191
f 796/796/794 810/810/808 809/809/807
f 809/809/807 190/190/190 796/796/794
f 188/188/188 811/811/809 810/810/808
f 810/810/808 796/796/794 188/188/188
f 187/187/187 812/812/810 811/811/809
f 811/811/809 188/188/188 187/187/187
f 218/218/218 813/813/811 812/812/810
f 812/812/810 187/187/187 218/218/218
f 219/219/219 814/814/812 813/813/811
f 813/813/811 218/218/218 219/219/219
f 815/815/813 816/816/814 814/814/812
f 814/814/812 219/219/219 815/815/813
f 795/795/793 817/817/815 816/816/814
f 816/816/814 815/815/813 795/795/793
f 196/196/196 818/818/816 817/817/815
f 817/817/815 795/795/793 196/196/196
f 195/195/195 819/819/817 818/818/816
f 818/818/816 196/196/196 195/195/195
f 210/210/210 820/820/818 819/819/817
f 819/819/817 195/195/195 210/210/210
f 151/151/151 800/800/798 820/820/818
f 820/820/818 210/210/210 151/151/151
f 358/358/358 707/707/705 376/376/376
f 376/376/376 381/381/381 358/358/358
f 712/712/710 711/711/709 373/373/373
f 373/373/373 364/364/364 712/712/710
f 717/717/715 716/716/714 365/365/365
f 365/365/365 367/367/367 717/717/715
f 333/333/333 368/368/368 371/371/371
f 371/371/371 331/331/331 333/333/333
f 716/716/714 361/361/361 360/360/360
f 360/360/360 365/365/365 716/716/714
f 336/336/336 368/368/368 333/333/333
f 711/711/709 717/717/715 367/367/367
f 367/367/367 373/373/373 711/711/709
f 375/375/375 357/357/357 331/331/331
f 331/331/331 371/371/371 375/375/375
f 380/380/380 428/428/428 356/356/356
f 356/356/356 381/381/381 380/380/380
f 724/724/722 723/723/721 363/363/363
f 363/363/363 382/382/382 724/724/722
f 385/385/385 656/656/654 428/428/428
f 428/428/428 380/380/380 385/385/385
f 387/387/387 727/727/725 724/724/722
f 724/724/722 382/382/382 387/387/387
f 390/390/390 731/731/729 730/730/728
f 730/730/728 391/391/391 390/390/390
f 395/395/395 735/735/733 734/734/732
f 734/734/732 392/392/392 395/395/395
f 396/396/396 398/398/398 735/735/733
f 735/735/733 395/395/395 396/396/396
f 392/392/392 734/734/732 731/731/729
f 731/731/729 390/390/390 392/392/392
f 396/396/396 397/397/397 656/656/654
f 656/656/654 385/385/385 396/396/396
f 391/391/391 730/730/728 727/727/725
f 727/727/725 387/387/387 391/391/391
f 334/334/334 333/333/333 332/332/332
f 475/475/474 740/740/738 739/739/737
f 739/739/737 459/459/459 475/475/474
f 474/474/473 754/754/752 740/740/738
f 740/740/738 475/475/474 474/474/473
f 821/821/819 775/775/773 754/754/752
f 754/754/752 474/474/473 821/821/819
f 472/472/471 751/751/749 775/775/773
f 775/775/773 821/821/819 472/472/471
f 471/471/402 752/752/750 751/751/749
f 751/751/749 472/472/471 471/471/402
f 401/401/401 769/769/767 785/785/783
f 785/785/783 402/402/402 401/401/401
f 653/653/651 770/770/768 769/769/767
f 769/769/767 401/401/401 653/653/651
f 654/654/652 773/773/771 770/770/768
f 770/770/768 653/653/651 654/654/652
f 647/647/645 767/767/765 773/773/771
f 773/773/771 654/654/652 647/647/645
f 648/648/646 763/763/761 767/767/765
f 767/767/765 647/647/645 648/648/646
f 652/652/650 764/764/762 763/763/761
f 763/763/761 648/648/646 652/652/650
f 470/470/470 747/747/745 764/764/762
f 764/764/762 652/652/650 470/470/470
f 467/467/467 748/748/746 747/747/745
f 747/747/745 470/470/470 467/467/467
f 650/650/648 758/758/756 757/757/755
f 757/757/755 649/649/647 650/650/648
f 651/651/649 760/760/758 758/758/756
f 758/758/756 650/650/648 651/651/649
f 466/466/466 743/743/741 760/760/758
f 760/760/758 651/651/649 466/466/466
f 465/465/465 744/744/742 743/743/741
f 743/743/741 466/466/466 465/465/465
f 700/700/698 783/783/781 744/744/742
f 744/744/742 465/465/465 700/700/698
f 699/699/697 781/781/779 783/783/781
f 783/783/781 700/700/698 699/699/697
f 698/698/696 779/779/777 781/781/779
f 781/781/779 699/699/697 698/698/696
f 460/460/460 777/777/775 779/779/777
f 779/779/777 698/698/696 460/460/460
f 459/459/459 739/739/737 777/777/775
f 777/777/775 460/460/460 459/459/459
f 25/25/25 21/21/21 27/27/27
f 443/443/443 430/430/430 436/436/436
f 436/436/436 444/444/444 443/443/443
f 434/434/434 431/431/431 447/447/447
f 447/447/447 446/446/446 434/434/434
f 446/446/446 457/457/457 657/657/655
f 431/431/431 430/430/430 443/443/443
f 443/443/443 447/447/447 431/431/431
f 374/374/374 721/721/719 708/708/706
f 708/708/706 707/707/705 374/374/374
f 358/358/358 375/375/375 374/374/374
f 374/374/374 707/707/705 358/358/358
f 12/12/12 11/11/11 10/10/10
f 10/10/10 9/9/9 12/12/12
f 6/6/6 8/8/8 7/7/7
f 6/6/6 5/5/5 8/8/8
f 3/3/3 5/5/5 4/4/4
f 3/3/3 2/2/2 5/5/5
f 83/83/83 82/82/82 78/78/78
f 78/78/78 81/81/81 83/83/83
f 84/84/84 2/2/2 1/1/1
f 84/84/84 83/83/83 2/2/2
f 76/76/76 75/75/75 70/70/70
f 70/70/70 73/73/73 76/76/76
f 72/72/72 71/71/71 66/66/66
f 66/66/66 69/69/69 72/72/72
f 60/60/60 59/59/59 54/54/54
f 54/54/54 57/57/57 60/60/60
f 56/56/56 55/55/55 50/50/50
f 50/50/50 53/53/53 56/56/56
f 52/52/52 51/51/51 46/46/46
f 46/46/46 49/49/49 52/52/52
f 48/48/48 47/47/47 45/45/45
f 45/45/45 44/44/44 48/48/48
f 41/41/41 43/43/43 42/42/42
f 40/40/40 39/39/39 38/38/38
f 38/38/38 112/112/112 40/40/40
f 36/36/36 32/32/32 35/35/35
f 35/35/35 37/37/37 36/36/36
f 41/41/41 40/40/40 43/43/43
f 29/29/29 31/31/31 822/822/820
f 446/446/446 657/657/655 434/434/434
f 274/274/274 275/275/275 823/823/821
f 275/275/275 272/272/272 271/271/271
f 273/273/273 272/272/272 824/824/822
f 273/273/273 824/824/822 825/825/823
f 280/280/280 281/281/281 826/826/824
f 281/281/281 276/276/276 279/279/279
f 282/282/282 283/283/283 827/827/825
f 284/284/284 285/285/285 828/828/826
f 285/285/285 282/282/282 827/827/825
f 283/283/283 280/280/280 826/826/824
f 286/286/286 287/287/287 829/829/827
f 288/288/288 289/289/289 290/290/290
f 289/289/289 286/286/286 829/829/827
f 287/287/287 284/284/284 828/828/826
f 288/288/288 291/291/291 293/293/293
f 293/293/293 291/291/291 830/830/828
f 292/292/292 294/294/294 295/295/295
f 292/292/292 296/296/296 297/297/297
f 297/297/297 296/296/296 298/298/298
f 294/294/294 293/293/293 830/830/828
f 297/297/297 299/299/299 300/300/300
f 300/300/300 299/299/299 301/301/301
f 300/300/300 302/302/302 303/303/303
f 303/303/303 302/302/302 304/304/304
f 723/723/721 722/722/720 713/713/711
f 713/713/711 712/712/710 723/723/721
f 364/364/364 363/363/363 723/723/721
f 723/723/721 712/712/710 364/364/364
f 372/372/372 364/364/364 373/373/373
f 362/362/362 364/364/364 372/372/372
f 358/358/358 357/357/357 375/375/375
f 356/356/356 358/358/358 381/381/381
f 435/435/435 434/434/434 657/657/655
f 137/137/137 141/141/141 88/88/88
f 806/806/804 797/797/795 798/798/796
f 831/831/829 198/198/198 832/832/830
f 200/200/200 199/199/199 202/202/202
f 198/198/198 200/200/200 832/832/830
f 204/204/204 201/201/201 215/215/215
f 23/23/23 248/248/248 94/94/94
f 94/94/94 24/24/24 23/23/23
f 24/24/24 94/94/94 93/93/93
f 93/93/93 96/96/96 24/24/24
f 158/158/158 159/159/159 97/97/97
f 97/97/97 96/96/96 158/158/158
f 251/251/251 23/23/23 22/22/22
f 22/22/22 833/833/831 251/251/251
f 408/408/408 411/411/411 414/414/414
f 414/414/414 409/409/409 408/408/408
f 834/834/832 835/835/833 836/836/834
f 836/836/834 837/837/835 834/834/832
f 521/521/520 541/541/540 539/539/538
f 539/539/538 538/538/537 521/521/520
f 149/149/149 838/838/836 147/147/147
f 838/838/836 149/149/149 839/839/837
f 217/217/217 839/839/837 216/216/216
f 839/839/837 217/217/217 838/838/836
f 210/210/210 197/197/197 840/840/838
f 197/197/197 196/196/196 841/841/839
f 161/161/161 183/183/183 162/162/162
f 153/153/153 152/152/152 214/214/214
f 842/842/840 843/843/841 844/844/842
f 844/844/842 845/845/843 842/842/840
f 845/845/843 844/844/842 846/846/844
f 846/846/844 847/847/845 845/845/843
f 847/847/845 846/846/844 207/207/207
f 207/207/207 848/848/846 847/847/845
f 848/848/846 207/207/207 849/849/847
f 849/849/847 850/850/848 848/848/846
f 850/850/848 849/849/847 851/851/849
f 851/851/849 852/852/850 850/850/848
f 852/852/850 851/851/849 853/853/851
f 853/853/851 854/854/852 852/852/850
f 854/854/852 853/853/851 855/855/853
f 855/855/853 856/856/854 854/854/852
f 856/856/854 855/855/853 857/857/855
f 857/857/855 858/858/856 856/856/854
f 858/858/856 857/857/855 859/859/857
f 859/859/857 860/860/858 858/858/856
f 860/860/858 859/859/857 861/861/859
f 861/861/859 862/862/860 860/860/858
f 862/862/860 861/861/859 831/831/829
f 831/831/829 863/863/861 862/862/860
f 863/863/861 831/831/829 832/832/830
f 832/832/830 864/864/862 863/863/861
f 864/864/862 832/832/830 200/200/200
f 200/200/200 865/865/863 864/864/862
f 865/865/863 200/200/200 202/202/202
f 202/202/202 866/866/864 865/865/863
f 866/866/864 202/202/202 204/204/204
f 204/204/204 867/867/865 866/866/864
f 867/867/865 204/204/204 215/215/215
f 215/215/215 868/868/866 867/867/865
f 868/868/866 215/215/215 869/869/867
f 869/869/867 870/870/868 868/868/866
f 870/870/868 869/869/867 871/871/869
f 871/871/869 872/872/870 870/870/868
f 872/872/870 871/871/869 873/873/871
f 873/873/871 874/874/872 872/872/870
f 874/874/872 873/873/871 875/875/873
f 875/875/873 876/876/874 874/874/872
f 876/876/874 875/875/873 877/877/875
f 877/877/875 878/878/876 876/876/874
f 878/878/876 877/877/875 879/879/877
f 879/879/877 880/880/878 878/878/876
f 880/880/878 879/879/877 881/881/879
f 881/881/879 882/882/880 880/880/878
f 882/882/880 881/881/879 843/843/841
f 843/843/841 842/842/840 882/882/880
f 883/883/881 884/884/882 885/885/883
f 885/885/883 886/886/884 883/883/881
f 886/886/884 885/885/883 887/887/885
f 887/887/885 888/888/886 886/886/884
f 888/888/886 887/887/885 889/889/887
f 889/889/887 890/890/888 888/888/886
f 890/890/888 889/889/887 891/891/889
f 891/891/889 892/892/890 890/890/888
f 892/892/890 891/891/889 893/893/891
f 893/893/891 894/894/892 892/892/890
f 894/894/892 893/893/891 895/895/893
f 895/895/893 896/896/894 894/894/892
f 896/896/894 895/895/893 897/897/895
f 897/897/895 898/898/896 896/896/894
f 898/898/896 897/897/895 899/899/897
f 899/899/897 900/900/898 898/898/896
f 900/900/898 899/899/897 901/901/899
f 901/901/899 902/902/900 900/900/898
f 902/902/900 901/901/899 214/214/214
f 214/214/214 903/903/901 902/902/900
f 903/903/901 214/214/214 152/152/152
f 152/152/152 904/904/902 903/903/901
f 904/904/902 152/152/152 154/154/154
f 154/154/154 905/905/903 904/904/902
f 905/905/903 154/154/154 213/213/213
f 213/213/213 906/906/904 905/905/903
f 906/906/904 213/213/213 212/212/212
f 212/212/212 907/907/905 906/906/904
f 907/907/905 212/212/212 216/216/216
f 216/216/216 908/908/906 907/907/905
f 908/908/906 216/216/216 839/839/837
f 839/839/837 909/909/907 908/908/906
f 909/909/907 839/839/837 149/149/149
f 149/149/149 910/910/908 909/909/907
f 910/910/908 149/149/149 148/148/148
f 148/148/148 911/911/909 910/910/908
f 911/911/909 148/148/148 912/912/910
f 912/912/910 913/913/911 911/911/909
f 913/913/911 912/912/910 914/914/912
f 914/914/912 915/915/913 913/913/911
f 915/915/913 914/914/912 916/916/914
f 916/916/914 917/917/915 915/915/913
f 917/917/915 916/916/914 918/918/916
f 918/918/916 919/919/917 917/917/915
f 919/919/917 918/918/916 920/920/918
f 920/920/918 921/921/919 919/919/917
f 921/921/919 920/920/918 922/922/920
f 922/922/920 923/923/921 921/921/919
f 923/923/921 922/922/920 924/924/922
f 924/924/922 925/925/923 923/923/921
f 925/925/923 924/924/922 884/884/882
f 884/884/882 883/883/881 925/925/923
f 926/926/924 150/150/150 147/147/147
f 147/147/147 927/927/925 926/926/924
f 927/927/925 147/147/147 838/838/836
f 838/838/836 928/928/926 927/927/925
f 928/928/926 838/838/836 217/217/217
f 217/217/217 929/929/927 928/928/926
f 929/929/927 217/217/217 211/211/211
f 211/211/211 930/930/928 929/929/927
f 930/930/928 211/211/211 840/840/838
f 840/840/838 931/931/929 930/930/928
f 931/931/929 840/840/838 197/197/197
f 197/197/197 932/932/930 931/931/929
f 932/932/930 197/197/197 841/841/839
f 841/841/839 933/933/931 932/932/930
f 933/933/931 841/841/839 934/934/932
f 934/934/932 935/935/933 933/933/931
f 935/935/933 934/934/932 936/936/934
f 936/936/934 937/937/935 935/935/933
f 937/937/935 936/936/934 186/186/186
f 186/186/186 938/938/936 937/937/935
f 938/938/936 186/186/186 179/179/179
f 179/179/179 939/939/937 938/938/936
f 939/939/937 179/179/179 178/178/178
f 178/178/178 940/940/938 939/939/937
f 940/940/938 178/178/178 181/181/181
f 181/181/181 941/941/939 940/940/938
f 941/941/939 181/181/181 180/180/180
f 180/180/180 942/942/940 941/941/939
f 942/942/940 180/180/180 183/183/183
f 183/183/183 943/943/941 942/942/940
f 943/943/941 183/183/183 182/182/182
f 182/182/182 944/944/942 943/943/941
f 944/944/942 182/182/182 185/185/185
f 185/185/185 945/945/943 944/944/942
f 945/945/943 185/185/185 184/184/184
f 184/184/184 946/946/944 945/945/943
f 946/946/944 184/184/184 209/209/209
f 209/209/209 947/947/945 946/946/944
f 947/947/945 209/209/209 208/208/208
f 208/208/208 948/948/946 947/947/945
f 948/948/946 208/208/208 176/176/176
f 176/176/176 949/949/947 948/948/946
f 949/949/947 176/176/176 175/175/175
f 175/175/175 950/950/948 949/949/947
f 950/950/948 175/175/175 951/951/949
f 951/951/949 952/952/950 950/950/948
f 952/952/950 951/951/949 150/150/150
f 150/150/150 926/926/924 952/952/950
f 160/160/160 209/209/209 184/184/184
f 159/159/159 177/177/177 160/160/160
f 912/912/910 150/150/150 951/951/949
f 150/150/150 912/912/910 148/148/148
f 162/162/162 183/183/183 180/180/180
f 162/162/162 181/181/181 163/163/163
f 163/163/163 181/181/181 178/178/178
f 161/161/161 185/185/185 182/182/182
f 160/160/160 185/185/185 161/161/161
f 163/163/163 179/179/179 186/186/186
f 841/841/839 196/196/196 934/934/932
f 210/210/210 840/840/838 211/211/211
f 871/871/869 897/897/895 873/873/871
f 897/897/895 871/871/869 899/899/897
f 873/873/871 895/895/893 875/875/873
f 895/895/893 873/873/871 897/897/895
f 875/875/873 893/893/891 877/877/875
f 893/893/891 875/875/873 895/895/893
f 877/877/875 891/891/889 879/879/877
f 891/891/889 877/877/875 893/893/891
f 235/235/235 879/879/877 891/891/889
f 879/879/877 235/235/235 242/242/242
f 869/869/867 214/214/214 901/901/899
f 214/214/214 869/869/867 215/215/215
f 869/869/867 899/899/897 871/871/869
f 899/899/897 869/869/867 901/901/899
f 843/843/841 241/241/241 844/844/842
f 879/879/877 242/242/242 881/881/879
f 241/241/241 881/881/879 242/242/242
f 881/881/879 241/241/241 843/843/841
f 205/205/205 844/844/842 241/241/241
f 844/844/842 205/205/205 846/846/844
f 846/846/844 205/205/205 207/207/207
f 227/227/227 953/953/951 140/140/140
f 885/885/883 236/236/236 887/887/885
f 887/887/885 236/236/236 235/235/235
f 889/889/887 235/235/235 891/891/889
f 884/884/882 236/236/236 885/885/883
f 922/922/920 238/238/238 924/924/922
f 924/924/922 238/238/238 884/884/882
f 884/884/882 238/238/238 236/236/236
f 887/887/885 235/235/235 889/889/887
f 912/912/910 951/951/949 914/914/912
f 914/914/912 953/953/951 916/916/914
f 916/916/914 953/953/951 918/918/916
f 238/238/238 922/922/920 227/227/227
f 920/920/918 953/953/951 922/922/920
f 918/918/916 953/953/951 920/920/918
f 140/140/140 156/156/156 141/141/141
f 953/953/951 951/951/949 177/177/177
f 951/951/949 953/953/951 914/914/912
f 210/210/210 213/213/213 151/151/151
f 151/151/151 213/213/213 154/154/154
f 317/317/317 954/954/952 824/824/822
f 955/955/953 821/821/819 474/474/473
f 474/474/473 316/316/316 955/955/953
f 956/956/954 957/957/955 695/695/693
f 695/695/693 697/697/695 956/956/954
f 671/671/669 267/267/267 270/270/270
f 270/270/270 958/958/956 671/671/669
f 824/824/822 272/272/272 690/690/688
f 824/824/822 954/954/952 959/959/957
f 799/799/797 960/960/958 961/961/959
f 961/961/959 800/800/798 799/799/797
f 801/801/799 962/962/960 960/960/958
f 960/960/958 799/799/797 801/801/799
f 802/802/800 963/963/961 962/962/960
f 962/962/960 801/801/799 802/802/800
f 803/803/801 964/964/962 963/963/961
f 963/963/961 802/802/800 803/803/801
f 804/804/802 965/965/963 964/964/962
f 964/964/962 803/803/801 804/804/802
f 805/805/803 966/966/964 965/965/963
f 965/965/963 804/804/802 805/805/803
f 807/807/805 967/967/965 966/966/964
f 966/966/964 805/805/803 807/807/805
f 808/808/806 968/968/966 967/967/965
f 967/967/965 807/807/805 808/808/806
f 809/809/807 969/969/967 968/968/966
f 968/968/966 808/808/806 809/809/807
f 810/810/808 970/970/968 969/969/967
f 969/969/967 809/809/807 810/810/808
f 811/811/809 971/971/969 970/970/968
f 970/970/968 810/810/808 811/811/809
f 812/812/810 972/972/970 971/971/969
f 971/971/969 811/811/809 812/812/810
f 813/813/811 973/973/971 972/972/970
f 972/972/970 812/812/810 813/813/811
f 814/814/812 974/974/972 973/973/971
f 973/973/971 813/813/811 814/814/812
f 816/816/814 975/975/973 974/974/972
f 974/974/972 814/814/812 816/816/814
f 817/817/815 976/976/974 975/975/973
f 975/975/973 816/816/814 817/817/815
f 818/818/816 977/977/975 976/976/974
f 976/976/974 817/817/815 818/818/816
f 819/819/817 978/978/976 977/977/975
f 977/977/975 818/818/816 819/819/817
f 820/820/818 979/979/977 978/978/976
f 978/978/976 819/819/817 820/820/818
f 800/800/798 961/961/959 979/979/977
f 979/979/977 820/820/818 800/800/798
f 845/845/843 980/980/978 981/981/979
f 981/981/979 842/842/840 845/845/843
f 847/847/845 982/982/980 980/980/978
f 980/980/978 845/845/843 847/847/845
f 848/848/846 983/983/981 982/982/980
f 982/982/980 847/847/845 848/848/846
f 850/850/848 984/984/982 983/983/981
f 983/983/981 848/848/846 850/850/848
f 852/852/850 985/985/983 984/984/982
f 984/984/982 850/850/848 852/852/850
f 854/854/852 986/986/984 985/985/983
f 985/985/983 852/852/850 854/854/852
f 856/856/854 987/987/985 986/986/984
f 986/986/984 854/854/852 856/856/854
f 858/858/856 988/988/986 987/987/985
f 987/987/985 856/856/854 858/858/856
f 860/860/858 989/989/987 988/988/986
f 988/988/986 858/858/856 860/860/858
f 862/862/860 990/990/988 989/989/987
f 989/989/987 860/860/858 862/862/860
f 863/863/861 991/991/989 990/990/988
f 990/990/988 862/862/860 863/863/861
f 864/864/862 992/992/990 991/991/989
f 991/991/989 863/863/861 864/864/862
f 865/865/863 993/993/991 992/992/990
f 992/992/990 864/864/862 865/865/863
f 866/866/864 994/994/992 993/993/991
f 993/993/991 865/865/863 866/866/864
f 867/867/865 995/995/993 994/994/992
f 994/994/992 866/866/864 867/867/865
f 868/868/866 996/996/994 995/995/993
f 995/995/993 867/867/865 868/868/866
f 870/870/868 997/997/995 996/996/994
f 996/996/994 868/868/866 870/870/868
f 872/872/870 998/998/996 997/997/995
f 997/997/995 870/870/868 872/872/870
f 874/874/872 999/999/997 998/998/996
f 998/998/996 872/872/870 874/874/872
f 876/876/874 1000/1000/998 999/999/997
f 999/999/997 874/874/872 876/876/874
f 878/878/876 1001/1001/999 1000/1000/998
f 1000/1000/998 876/876/874 878/878/876
f 880/880/878 1002/1002/1000 1001/1001/999
f 1001/1001/999 878/878/876 880/880/878
f 882/882/880 1003/1003/1001 1002/1002/1000
f 1002/1002/1000 880/880/878 882/882/880
f 842/842/840 981/981/979 1003/1003/1001
f 1003/1003/1001 882/882/880 842/842/840
f 886/886/884 1004/1004/1002 1005/1005/1003
f 1005/1005/1003 883/883/881 886/886/884
f 888/888/886 1006/1006/1004 1004/1004/1002
f 1004/1004/1002 886/886/884 888/888/886
f 890/890/888 1007/1007/1005 1006/1006/1004
f 1006/1006/1004 888/888/886 890/890/888
f 892/892/890 1008/1008/1006 1007/1007/1005
f 1007/1007/1005 890/890/888 892/892/890
f 894/894/892 1009/1009/1007 1008/1008/1006
f 1008/1008/1006 892/892/890 894/894/892
f 896/896/894 1010/1010/1008 1009/1009/1007
f 1009/1009/1007 894/894/892 896/896/894
f 898/898/896 1011/1011/1009 1010/1010/1008
f 1010/1010/1008 896/896/894 898/898/896
f 900/900/898 1012/1012/1010 1011/1011/1009
f 1011/1011/1009 898/898/896 900/900/898
f 902/902/900 1013/1013/1011 1012/1012/1010
f 1012/1012/1010 900/900/898 902/902/900
f 903/903/901 1014/1014/1012 1013/1013/1011
f 1013/1013/1011 902/902/900 903/903/901
f 904/904/902 1015/1015/1013 1014/1014/1012
f 1014/1014/1012 903/903/901 904/904/902
f 905/905/903 1016/1016/1014 1015/1015/1013
f 1015/1015/1013 904/904/902 905/905/903
f 906/906/904 1017/1017/1015 1016/1016/1014
f 1016/1016/1014 905/905/903 906/906/904
f 907/907/905 1018/1018/1016 1017/1017/1015
f 1017/1017/1015 906/906/904 907/907/905
f 908/908/906 1019/1019/1017 1018/1018/1016
f 1018/1018/1016 907/907/905 908/908/906
f 909/909/907 1020/1020/1018 1019/1019/1017
f 1019/1019/1017 908/908/906 909/909/907
f 910/910/908 1021/1021/1019 1020/1020/1018
f 1020/1020/1018 909/909/907 910/910/908
f 911/911/909 1022/1022/1020 1021/1021/1019
f 1021/1021/1019 910/910/908 911/911/909
f 913/913/911 1023/1023/1021 1022/1022/1020
f 1022/1022/1020 911/911/909 913/913/911
f 915/915/913 1024/1024/1022 1023/1023/1021
f 1023/1023/1021 913/913/911 915/915/913
f 917/917/915 1025/1025/1023 1024/1024/1022
f 1024/1024/1022 915/915/913 917/917/915
f 919/919/917 1026/1026/1024 1025/1025/1023
f 1025/1025/1023 917/917/915 919/919/917
f 921/921/919 1027/1027/1025 1026/1026/1024
f 1026/1026/1024 919/919/917 921/921/919
f 923/923/921 1028/1028/1026 1027/1027/1025
f 1027/1027/1025 921/921/919 923/923/921
f 925/925/923 1029/1029/1027 1028/1028/1026
f 1028/1028/1026 923/923/921 925/925/923
f 883/883/881 1005/1005/1003 1029/1029/1027
f 1029/1029/1027 925/925/923 883/883/881
f 927/927/925 1030/1030/1028 1031/1031/1029
f 1031/1031/1029 926/926/924 927/927/925
f 928/928/926 1032/1032/1030 1030/1030/1028
f 1030/1030/1028 927/927/925 928/928/926
f 929/929/927 1033/1033/1031 1032/1032/1030
f 1032/1032/1030 928/928/926 929/929/927
f 930/930/928 1034/1034/1032 1033/1033/1031
f 1033/1033/1031 929/929/927 930/930/928
f 931/931/929 1035/1035/1033 1034/1034/1032
f 1034/1034/1032 930/930/928 931/931/929
f 932/932/930 1036/1036/1034 1035/1035/1033
f 1035/1035/1033 931/931/929 932/932/930
f 933/933/931 1037/1037/1035 1036/1036/1034
f 1036/1036/1034 932/932/930 933/933/931
f 935/935/933 1038/1038/1036 1037/1037/1035
f 1037/1037/1035 933/933/931 935/935/933
f 937/937/935 1039/1039/1037 1038/1038/1036
f 1038/1038/1036 935/935/933 937/937/935
f 938/938/936 1040/1040/1038 1039/1039/1037
f 1039/1039/1037 937/937/935 938/938/936
f 939/939/937 1041/1041/1039 1040/1040/1038
f 1040/1040/1038 938/938/936 939/939/937
f 940/940/938 1042/1042/1040 1041/1041/1039
f 1041/1041/1039 939/939/937 940/940/938
f 941/941/939 1043/1043/1041 1042/1042/1040
f 1042/1042/1040 940/940/938 941/941/939
f 942/942/940 1044/1044/1042 1043/1043/1041
f 1043/1043/1041 941/941/939 942/942/940
f 943/943/941 1045/1045/1043 1044/1044/1042
f 1044/1044/1042 942/942/940 943/943/941
f 944/944/942 1046/1046/1044 1045/1045/1043
f 1045/1045/1043 943/943/941 944/944/942
f 945/945/943 1047/1047/1045 1046/1046/1044
f 1046/1046/1044 944/944/942 945/945/943
f 946/946/944 1048/1048/1046 1047/1047/1045
f 1047/1047/1045 945/945/943 946/946/944
f 947/947/945 1049/1049/1047 1048/1048/1046
f 1048/1048/1046 946/946/944 947/947/945
f 948/948/946 1050/1050/1048 1049/1049/1047
f 1049/1049/1047 947/947/945 948/948/946
f 949/949/947 1051/1051/1049 1050/1050/1048
f 1050/1050/1048 948/948/946 949/949/947
f 950/950/948 1052/1052/1050 1051/1051/1049
f 1051/1051/1049 949/949/947 950/950/948
f 952/952/950 1053/1053/1051 1052/1052/1050
f 1052/1052/1050 950/950/948 952/952/950
f 926/926/924 1031/1031/1029 1053/1053/1051
f 1053/1053/1051 952/952/950 926/926/924
f 960/960/958 1054/1054/1052 961/961/959
f 962/962/960 1054/1054/1052 960/960/958
f 963/963/961 1054/1054/1052 962/962/960
f 964/964/962 1054/1054/1052 963/963/961
f 965/965/963 1054/1054/1052 964/964/962
f 966/966/964 1054/1054/1052 965/965/963
f 967/967/965 1054/1054/1052 966/966/964
f 968/968/966 1054/1054/1052 967/967/965
f 969/969/967 1054/1054/1052 968/968/966
f 970/970/968 1054/1054/1052 969/969/967
f 971/971/969 1054/1054/1052 970/970/968
f 972/972/970 1054/1054/1052 971/971/969
f 973/973/971 1054/1054/1052 972/972/970
f 974/974/972 1054/1054/1052 973/973/971
f 975/975/973 1054/1054/1052 974/974/972
f 976/976/974 1054/1054/1052 975/975/973
f 977/977/975 1054/1054/1052 976/976/974
f 978/978/976 1054/1054/1052 977/977/975
f 979/979/977 1054/1054/1052 978/978/976
f 961/961/959 1054/1054/1052 979/979/977
f 980/980/978 1055/1055/1053 981/981/979
f 982/982/980 1055/1055/1053 980/980/978
f 983/983/981 1055/1055/1053 982/982/980
f 984/984/982 1055/1055/1053 983/983/981
f 985/985/983 1055/1055/1053 984/984/982
f 986/986/984 1055/1055/1053 985/985/983
f 987/987/985 1055/1055/1053 986/986/984
f 988/988/986 1055/1055/1053 987/987/985
f 989/989/987 1055/1055/1053 988/988/986
f 990/990/988 1055/1055/1053 989/989/987
f 991/991/989 1055/1055/1053 990/990/988
f 992/992/990 1055/1055/1053 991/991/989
f 993/993/991 1055/1055/1053 992/992/990
f 994/994/992 1055/1055/1053 993/993/991
f 995/995/993 1055/1055/1053 994/994/992
f 996/996/994 1055/1055/1053 995/995/993
f 997/997/995 1055/1055/1053 996/996/994
f 998/998/996 1055/1055/1053 997/997/995
f 999/999/997 1055/1055/1053 998/998/996
f 1000/1000/998 1055/1055/1053 999/999/997
f 1001/1001/999 1055/1055/1053 1000/1000/998
f 1002/1002/1000 1055/1055/1053 1001/1001/999
f 1003/1003/1001 1055/1055/1053 1002/1002/1000
f 981/981/979 1055/1055/1053 1003/1003/1001
f 1004/1004/1002 1056/1056/1054 1005/1005/1003
f 1006/1006/1004 1056/1056/1054 1004/1004/1002
f 1007/1007/1005 1056/1056/1054 1006/1006/1004
f 1008/1008/1006 1056/1056/1054 1007/1007/1005
f 1009/1009/1007 1056/1056/1054 1008/1008/1006
f 1010/1010/1008 1056/1056/1054 1009/1009/1007
f 1011/1011/1009 1056/1056/1054 1010/1010/1008
f 1012/1012/1010 1056/1056/1054 1011/1011/1009
f 1013/1013/1011 1056/1056/1054 1012/1012/1010
f 1014/1014/1012 1056/1056/1054 1013/1013/1011
f 1015/1015/1013 1056/1056/1054 1014/1014/1012
f 1016/1016/1014 1056/1056/1054 1015/1015/1013
f 1017/1017/1015 1056/1056/1054 1016/1016/1014
f 1018/1018/1016 1056/1056/1054 1017/1017/1015
f 1019/1019/1017 1056/1056/1054 1018/1018/1016
f 1020/1020/1018 1056/1056/1054 1019/1019/1017
f 1021/1021/1019 1056/1056/1054 1020/1020/1018
f 1022/1022/1020 1056/1056/1054 1021/1021/1019
f 1023/1023/1021 1056/1056/1054 1022/1022/1020
f 1024/1024/1022 1056/1056/1054 1023/1023/1021
f 1025/1025/1023 1056/1056/1054 1024/1024/1022
f 1026/1026/1024 1056/1056/1054 1025/1025/1023
f 1027/1027/1025 1056/1056/1054 1026/1026/1024
f 1028/1028/1026 1056/1056/1054 1027/1027/1025
f 1029/1029/1027 1056/1056/1054 1028/1028/1026
f 1005/1005/1003 1056/1056/1054 1029/1029/1027
f 1030/1030/1028 1057/1057/1055 1031/1031/1029
f 1032/1032/1030 1057/1057/1055 1030/1030/1028
f 1033/1033/1031 1057/1057/1055 1032/1032/1030
f 1034/1034/1032 1057/1057/1055 1033/1033/1031
f 1035/1035/1033 1057/1057/1055 1034/1034/1032
f 1036/1036/1034 1057/1057/1055 1035/1035/1033
f 1037/1037/1035 1057/1057/1055 1036/1036/1034
f 1038/1038/1036 1057/1057/1055 1037/1037/1035
f 1039/1039/1037 1057/1057/1055 1038/1038/1036
f 1040/1040/1038 1057/1057/1055 1039/1039/1037
f 1041/1041/1039 1057/1057/1055 1040/1040/1038
f 1042/1042/1040 1057/1057/1055 1041/1041/1039
f 1043/1043/1041 1057/1057/1055 1042/1042/1040
f 1044/1044/1042 1057/1057/1055 1043/1043/1041
f 1045/1045/1043 1057/1057/1055 1044/1044/1042
f 1046/1046/1044 1057/1057/1055 1045/1045/1043
f 1047/1047/1045 1057/1057/1055 1046/1046/1044
f 1048/1048/1046 1057/1057/1055 1047/1047/1045
f 1049/1049/1047 1057/1057/1055 1048/1048/1046
f 1050/1050/1048 1057/1057/1055 1049/1049/1047
f 1051/1051/1049 1057/1057/1055 1050/1050/1048
f 1052/1052/1050 1057/1057/1055 1051/1051/1049
f 1053/1053/1051 1057/1057/1055 1052/1052/1050
f 1031/1031/1029 1057/1057/1055 1053/1053/1051
f 660/660/658 388/388/388 386/386/386
f 454/454/454 457/457/457 458/458/458
f 227/227/227 922/922/920 953/953/951
f 207/207/207 206/206/206 849/849/847
f 206/206/206 173/173/173 1058/1058/1056
f 797/797/795 170/170/170 169/169/169
f 1059/1059/1057 797/797/795 806/806/804
f 806/806/804 861/861/859 1059/1059/1057
f 953/953/951 157/157/157 156/156/156
f 953/953/951 158/158/158 157/157/157
f 953/953/951 177/177/177 158/158/158
f 140/140/140 953/953/951 156/156/156
f 177/177/177 176/176/176 208/208/208
f 177/177/177 951/951/949 175/175/175
f 158/158/158 177/177/177 159/159/159
f 160/160/160 177/177/177 208/208/208
f 194/194/194 186/186/186 936/936/934
f 194/194/194 934/934/932 196/196/196
f 194/194/194 815/815/813 219/219/219
f 194/194/194 795/795/793 815/815/813
f 194/194/194 936/936/934 934/934/932
f 166/166/166 194/194/194 219/219/219
f 164/164/164 186/186/186 194/194/194
f 14/14/14 17/17/17 18/18/18
f 422/422/422 1060/1060/1058 648/648/646
f 606/606/605 605/605/604 604/604/603
f 606/606/605 607/607/606 605/605/604
f 466/466/466 492/492/491 490/490/489
f 466/466/466 490/490/489 463/463/463
f 652/652/650 468/468/468 470/470/470
f 403/403/403 654/654/652 653/653/651
f 329/329/329 356/356/356 326/326/326
f 65/65/65 126/126/126 127/127/127
f 127/127/127 68/68/68 65/65/65
f 62/62/62 65/65/65 68/68/68
f 68/68/68 67/67/67 62/62/62
f 53/53/53 120/120/120 121/121/121
f 121/121/121 56/56/56 53/53/53
f 57/57/57 122/122/122 123/123/123
f 123/123/123 60/60/60 57/57/57
f 61/61/61 124/124/124 125/125/125
f 125/125/125 64/64/64 61/61/61
f 69/69/69 128/128/128 129/129/129
f 129/129/129 72/72/72 69/69/69
f 73/73/73 130/130/130 131/131/131
f 131/131/131 76/76/76 73/73/73
f 58/58/58 61/61/61 64/64/64
f 64/64/64 63/63/63 58/58/58
f 168/168/168 120/120/120 119/119/119
f 120/120/120 169/169/169 121/121/121
f 169/169/169 122/122/122 121/121/121
f 122/122/122 170/170/170 123/123/123
f 170/170/170 124/124/124 123/123/123
f 124/124/124 171/171/171 125/125/125
f 171/171/171 126/126/126 125/125/125
f 126/126/126 172/172/172 127/127/127
f 172/172/172 128/128/128 127/127/127
f 128/128/128 173/173/173 129/129/129
f 173/173/173 130/130/130 129/129/129
f 130/130/130 174/174/174 131/131/131
f 49/49/49 118/118/118 119/119/119
f 119/119/119 52/52/52 49/49/49
f 167/167/167 118/118/118 117/117/117
f 118/118/118 168/168/168 119/119/119
f 77/77/77 132/132/132 144/144/144
f 144/144/144 80/80/80 77/77/77
f 74/74/74 77/77/77 80/80/80
f 80/80/80 79/79/79 74/74/74
f 174/174/174 132/132/132 131/131/131
f 48/48/48 44/44/44 116/116/116
f 116/116/116 117/117/117 48/48/48
f 166/166/166 116/116/116 115/115/115
f 116/116/116 167/167/167 117/117/117
f 134/134/134 81/81/81 80/80/80
f 80/80/80 144/144/144 134/134/134
f 133/133/133 134/134/134 1061/1061/1059
f 1061/1061/1059 143/143/143 133/133/133
f 343/343/343 346/346/346 663/663/661
f 663/663/661 344/344/344 343/343/343
f 824/824/822 959/959/957 825/825/823
f 317/317/317 427/427/427 954/954/952
f 318/318/318 690/690/688 676/676/674
f 824/824/822 690/690/688 317/317/317
f 270/270/270 1062/1062/1060 1063/1063/1061
f 1063/1063/1061 1064/1064/1062 1065/1065/1063
f 694/694/692 693/693/691 400/400/400
f 400/400/400 399/399/399 694/694/692
f 270/270/270 269/269/269 1062/1062/1060
f 1063/1063/1061 1062/1062/1060 1064/1064/1062
f 696/696/694 1063/1063/1061 1065/1065/1063
f 1066/1066/692 696/696/694 1065/1065/1063
f 1067/1067/1064 1068/1068/1065 13/13/13
f 13/13/13 1069/1069/1066 1067/1067/1064
f 1067/1067/1064 17/17/17 16/16/16
f 16/16/16 1068/1068/1065 1067/1067/1064
f 18/18/18 17/17/17 1067/1067/1064
f 956/956/954 821/821/819 955/955/953
f 957/957/955 956/956/954 1070/1070/1067
f 957/957/955 958/958/956 695/695/693
f 695/695/693 1063/1063/1061 696/696/694
f 956/956/954 472/472/471 821/821/819
f 16/16/16 15/15/15 692/692/690
f 692/692/690 1071/1071/1068 16/16/16
f 693/693/691 15/15/15 14/14/14
f 14/14/14 1072/1072/1069 693/693/691
f 1073/1073/1070 13/13/13 1068/1068/1065
f 1068/1068/1065 1074/1074/1071 1073/1073/1070
f 1068/1068/1065 16/16/16 1071/1071/1068
f 1071/1071/1068 1074/1074/1071 1068/1068/1065
f 13/13/13 12/12/12 1069/1069/1066
f 11/11/11 13/13/13 1073/1073/1070
f 404/404/404 1072/1072/1069 250/250/250
f 250/250/250 405/405/405 404/404/404
f 407/407/407 249/249/249 251/251/251
f 251/251/251 408/408/408 407/407/407
f 833/833/831 416/416/416 412/412/412
f 412/412/412 411/411/411 833/833/831
f 251/251/251 833/833/831 411/411/411
f 411/411/411 408/408/408 251/251/251
f 693/693/691 1072/1072/1069 404/404/404
f 404/404/404 400/400/400 693/693/691
f 349/349/349 667/667/665 668/668/666
f 668/668/666 310/310/310 349/349/349
f 307/307/307 669/669/667 670/670/668
f 670/670/668 314/314/314 307/307/307
f 267/267/267 671/671/669 674/674/672
f 674/674/672 266/266/266 267/267/267
f 676/676/674 675/675/673 321/321/321
f 321/321/321 318/318/318 676/676/674
f 675/675/673 677/677/675 1075/1075/1072
f 1075/1075/1072 321/321/321 675/675/673
f 679/679/677 678/678/676 328/328/328
f 328/328/328 327/327/327 679/679/677
f 680/680/678 678/678/676 280/280/280
f 280/280/280 282/282/282 680/680/678
f 284/284/284 681/681/679 680/680/678
f 680/680/678 282/282/282 284/284/284
f 286/286/286 682/682/680 681/681/679
f 681/681/679 284/284/284 286/286/286
f 288/288/288 683/683/681 682/682/680
f 682/682/680 286/286/286 288/288/288
f 293/293/293 684/684/682 683/683/681
f 683/683/681 288/288/288 293/293/293
f 292/292/292 685/685/683 684/684/682
f 684/684/682 293/293/293 292/292/292
f 341/341/341 685/685/683 686/686/684
f 686/686/684 343/343/343 341/341/341
f 343/343/343 686/686/684 687/687/685
f 687/687/685 345/345/345 343/343/343
f 345/345/345 687/687/685 688/688/686
f 688/688/686 347/347/347 345/345/345
f 347/347/347 688/688/686 689/689/687
f 689/689/687 352/352/352 347/347/347
f 672/672/670 671/671/669 958/958/956
f 958/958/956 957/957/955 672/672/670
f 695/695/693 958/958/956 1063/1063/1061
f 676/676/674 690/690/688 272/272/272
f 1063/1063/1061 958/958/956 270/270/270
f 401/401/401 400/400/400 404/404/404
f 404/404/404 403/403/403 401/401/401
f 1076/1076/399 473/473/472 696/696/694
f 696/696/694 1066/1066/692 1076/1076/399
f 471/471/402 473/473/472 1076/1076/399
f 956/956/954 697/697/695 472/472/471
f 697/697/695 473/473/472 472/472/471
f 691/691/689 822/822/820 1077/1077/1073
f 1077/1077/1073 1078/1078/1074 691/691/689
f 822/822/820 34/34/34 33/33/33
f 33/33/33 1077/1077/1073 822/822/820
f 113/113/113 108/108/108 107/107/107
f 107/107/107 110/110/110 113/113/113
f 163/163/163 107/107/107 106/106/106
f 107/107/107 164/164/164 110/110/110
f 113/113/113 37/37/37 35/35/35
f 35/35/35 108/108/108 113/113/113
f 108/108/108 35/35/35 34/34/34
f 34/34/34 109/109/109 108/108/108
f 40/40/40 112/112/112 111/111/111
f 111/111/111 114/114/114 40/40/40
f 112/112/112 37/37/37 113/113/113
f 38/38/38 37/37/37 112/112/112
f 164/164/164 111/111/111 110/110/110
f 111/111/111 165/165/165 114/114/114
f 252/252/252 254/254/254 417/417/417
f 417/417/417 416/416/416 252/252/252
f 253/253/253 1079/1079/1075 419/419/419
f 419/419/419 418/418/418 253/253/253
f 833/833/831 22/22/22 252/252/252
f 252/252/252 416/416/416 833/833/831
f 29/29/29 26/26/26 28/28/28
f 28/28/28 30/30/30 29/29/29
f 30/30/30 28/28/28 101/101/101
f 101/101/101 105/105/105 30/30/30
f 25/25/25 26/26/26 254/254/254
f 254/254/254 252/252/252 25/25/25
f 421/421/421 415/415/415 417/417/417
f 417/417/417 418/418/418 421/421/421
f 1080/1080/1076 701/701/699 703/703/701
f 703/703/701 425/425/425 1080/1080/1076
f 418/418/418 417/417/417 254/254/254
f 254/254/254 253/253/253 418/418/418
f 100/100/100 161/161/161 102/102/102
f 100/100/100 160/160/160 161/161/161
f 502/502/501 410/410/410 409/409/409
f 409/409/409 837/837/835 502/502/501
f 414/414/414 413/413/413 702/702/700
f 702/702/700 834/834/832 414/414/414
f 425/425/425 424/424/424 1081/1081/1077
f 1081/1081/1077 1080/1080/1076 425/425/425
f 703/703/701 413/413/413 412/412/412
f 412/412/412 415/415/415 703/703/701
f 409/409/409 414/414/414 834/834/832
f 834/834/832 837/837/835 409/409/409
f 425/425/425 703/703/701 415/415/415
f 415/415/415 421/421/421 425/425/425
f 95/95/95 19/19/19 18/18/18
f 18/18/18 155/155/155 95/95/95
f 95/95/95 157/157/157 93/93/93
f 95/95/95 156/156/156 157/157/157
f 1082/1082/1078 517/517/516 503/503/502
f 503/503/502 836/836/834 1082/1082/1078
f 837/837/835 836/836/834 503/503/502
f 503/503/502 502/502/501 837/837/835
f 505/505/504 519/519/518 835/835/833
f 835/835/833 506/506/505 505/505/504
f 702/702/700 506/506/505 835/835/833
f 835/835/833 834/834/832 702/702/700
f 1060/1060/1058 514/514/513 501/501/500
f 501/501/500 500/500/499 1060/1060/1058
f 1060/1060/1058 503/503/502 517/517/516
f 517/517/516 514/514/513 1060/1060/1058
f 646/646/644 645/645/643 487/487/486
f 487/487/486 512/512/511 646/646/644
f 1082/1082/1078 836/836/834 835/835/833
f 835/835/833 519/519/518 1082/1082/1078
f 507/507/506 506/506/505 701/701/699
f 508/508/507 511/511/510 1081/1081/1077
f 1081/1081/1077 1083/1083/1079 508/508/507
f 648/648/646 1060/1060/1058 500/500/499
f 516/516/515 515/515/514 535/535/534
f 519/519/518 521/521/520 538/538/537
f 538/538/537 1082/1082/1078 519/519/518
f 520/520/519 522/522/521 542/542/541
f 522/522/521 523/523/522 544/544/543
f 544/544/543 542/542/541 522/522/521
f 549/549/548 525/525/524 524/524/523
f 524/524/523 546/546/545 549/549/548
f 527/527/526 526/526/525 551/551/550
f 546/546/545 524/524/523 527/527/526
f 527/527/526 551/551/550 546/546/545
f 529/529/528 530/530/529 555/555/554
f 530/530/529 531/531/530 557/557/556
f 557/557/556 555/555/554 530/530/529
f 533/533/532 532/532/531 560/560/559
f 560/560/559 559/559/558 533/533/532
f 531/531/530 534/534/533 563/563/562
f 563/563/562 557/557/556 531/531/530
f 532/532/531 516/516/515 535/535/534
f 535/535/534 560/560/559 532/532/531
f 1082/1082/1078 538/538/537 518/518/517
f 518/518/517 517/517/516 1082/1082/1078
f 565/565/564 536/536/535 566/566/565
f 536/536/535 537/537/536 1084/1084/1080
f 1084/1084/1080 567/567/566 536/536/535
f 1084/1084/1080 537/537/536 539/539/538
f 539/539/538 1085/1085/1081 1084/1084/1080
f 570/570/569 541/541/540 540/540/539
f 540/540/539 571/571/570 570/570/569
f 540/540/539 543/543/542 1086/1086/1082
f 1086/1086/1082 543/543/542 545/545/544
f 545/545/544 1087/1087/1083 1086/1086/1082
f 1088/1088/1084 548/548/547 547/547/546
f 547/547/546 1089/1089/1085 1088/1088/1084
f 1090/1090/1086 550/550/549 552/552/551
f 552/552/551 584/584/583 1090/1090/1086
f 1089/1089/1085 547/547/546 550/550/549
f 550/550/549 1090/1090/1086 1089/1089/1085
f 552/552/551 553/553/552 586/586/585
f 586/586/585 584/584/583 552/552/551
f 586/586/585 553/553/552 554/554/553
f 554/554/553 587/587/586 586/586/585
f 587/587/586 554/554/553 556/556/555
f 556/556/555 591/591/590 587/587/586
f 591/591/590 556/556/555 558/558/557
f 558/558/557 592/592/591 591/591/590
f 562/562/561 561/561/560 595/595/594
f 595/595/594 594/594/593 562/562/561
f 592/592/591 558/558/557 564/564/563
f 564/564/563 598/598/597 592/592/591
f 561/561/560 565/565/564 566/566/565
f 566/566/565 595/595/594 561/561/560
f 1085/1085/1081 539/539/538 541/541/540
f 541/541/540 570/570/569 1085/1085/1081
f 568/568/567 567/567/566 602/602/601
f 567/567/566 1084/1084/1080 604/604/603
f 604/604/603 602/602/601 567/567/566
f 604/604/603 1084/1084/1080 1085/1085/1081
f 1085/1085/1081 606/606/605 604/604/603
f 573/573/572 571/571/570 1086/1086/1082
f 575/575/574 573/573/572 1086/1086/1082
f 1086/1086/1082 1087/1087/1083 575/575/574
f 1089/1089/1085 579/579/578 578/578/577
f 578/578/577 1088/1088/1084 1089/1089/1085
f 584/584/583 583/583/582 1090/1090/1086
f 583/583/582 579/579/578 1089/1089/1085
f 1089/1089/1085 1090/1090/1086 583/583/582
f 584/584/583 586/586/585 585/585/584
f 585/585/584 581/581/580 584/584/583
f 589/589/588 587/587/586 591/591/590
f 590/590/589 589/589/588 593/593/592
f 593/593/592 618/618/617 590/590/589
f 597/597/596 596/596/595 621/621/620
f 621/621/620 620/620/619 597/597/596
f 618/618/617 593/593/592 599/599/598
f 599/599/598 623/623/622 618/618/617
f 596/596/595 568/568/567 601/601/600
f 601/601/600 621/621/620 596/596/595
f 606/606/605 1085/1085/1081 570/570/569
f 570/570/569 569/569/568 606/606/605
f 1091/1091/1087 350/350/350 309/309/309
f 309/309/309 1092/1092/1088 1091/1091/1087
f 1093/1093/1089 308/308/308 313/313/313
f 313/313/313 450/450/450 1093/1093/1089
f 665/665/663 348/348/348 351/351/351
f 351/351/351 666/666/664 665/665/663
f 955/955/953 316/316/316 1094/1094/1090
f 1094/1094/1090 1070/1070/1067 955/955/953
f 674/674/672 673/673/671 311/311/311
f 311/311/311 1095/1095/1091 674/674/672
f 266/266/266 674/674/672 1095/1095/1091
f 1095/1095/1091 263/263/263 266/266/266
f 267/267/267 266/266/266 265/265/265
f 265/265/265 268/268/268 267/267/267
f 672/672/670 1070/1070/1067 1094/1094/1090
f 1094/1094/1090 673/673/671 672/672/670
f 673/673/671 1094/1094/1090 312/312/312
f 312/312/312 311/311/311 673/673/671
f 957/957/955 1070/1070/1067 672/672/670
f 1070/1070/1067 956/956/954 955/955/953
f 316/316/316 312/312/312 1094/1094/1090
f 346/346/346 348/348/348 665/665/663
f 345/345/345 348/348/348 346/346/346
f 314/314/314 313/313/313 308/308/308
f 308/308/308 307/307/307 314/314/314
f 670/670/668 262/262/262 263/263/263
f 263/263/263 1095/1095/1091 670/670/668
f 314/314/314 670/670/668 1095/1095/1091
f 1095/1095/1091 311/311/311 314/314/314
f 450/450/450 313/313/313 312/312/312
f 312/312/312 315/315/315 450/450/450
f 310/310/310 309/309/309 350/350/350
f 350/350/350 349/349/349 310/310/310
f 668/668/666 258/258/258 259/259/259
f 259/259/259 669/669/667 668/668/666
f 310/310/310 668/668/666 669/669/667
f 669/669/667 307/307/307 310/310/310
f 1092/1092/1088 309/309/309 308/308/308
f 308/308/308 1093/1093/1089 1092/1092/1088
f 263/263/263 262/262/262 261/261/261
f 261/261/261 264/264/264 263/263/263
f 259/259/259 258/258/258 257/257/257
f 257/257/257 260/260/260 259/259/259
f 1093/1093/1089 450/450/450 452/452/452
f 452/452/452 439/439/439 1093/1093/1089
f 1091/1091/1087 1092/1092/1088 438/438/438
f 438/438/438 1096/1096/1092 1091/1091/1087
f 659/659/657 437/437/437 430/430/430
f 430/430/430 437/437/437 436/436/436
f 439/439/439 438/438/438 1092/1092/1088
f 1092/1092/1088 1093/1093/1089 439/439/439
f 452/452/452 451/451/451 445/445/445
f 445/445/445 444/444/444 452/452/452
f 439/439/439 452/452/452 444/444/444
f 444/444/444 436/436/436 439/439/439
f 1096/1096/1092 438/438/438 437/437/437
f 437/437/437 660/660/658 1096/1096/1092
f 459/459/459 451/451/451 315/315/315
f 315/315/315 475/475/474 459/459/459
f 662/662/660 1096/1096/1092 660/660/658
f 320/320/320 319/319/319 440/440/440
f 440/440/440 478/478/477 320/320/320
f 319/319/319 322/322/322 323/323/323
f 323/323/323 440/440/440 319/319/319
f 477/477/476 426/426/426 320/320/320
f 320/320/320 478/478/477 477/477/476
f 91/91/91 141/141/141 156/156/156
f 91/91/91 156/156/156 155/155/155
f 1069/1069/1066 89/89/89 92/92/92
f 92/92/92 1067/1067/1064 1069/1069/1066
f 18/18/18 92/92/92 91/91/91
f 91/91/91 155/155/155 18/18/18
f 12/12/12 89/89/89 1069/1069/1066
f 89/89/89 88/88/88 90/90/90
f 98/98/98 101/101/101 28/28/28
f 28/28/28 27/27/27 98/98/98
f 102/102/102 105/105/105 101/101/101
f 101/101/101 100/100/100 102/102/102
f 105/105/105 104/104/104 1097/1097/1093
f 1097/1097/1093 30/30/30 105/105/105
f 98/98/98 97/97/97 99/99/99
f 98/98/98 21/21/21 97/97/97
f 104/104/104 103/103/103 106/106/106
f 106/106/106 103/103/103 162/162/162
f 162/162/162 163/163/163 106/106/106
f 1097/1097/1093 104/104/104 109/109/109
f 104/104/104 106/106/106 109/109/109
f 31/31/31 1097/1097/1093 109/109/109
f 822/822/820 31/31/31 34/34/34
f 29/29/29 822/822/820 691/691/689
f 253/253/253 691/691/689 1079/1079/1075
f 34/34/34 31/31/31 109/109/109
f 429/429/429 656/656/654 655/655/653
f 323/323/323 325/325/325 655/655/653
f 664/664/662 663/663/661 346/346/346
f 346/346/346 665/665/663 664/664/662
f 664/664/662 383/383/383 362/362/362
f 662/662/660 664/664/662 665/665/663
f 366/366/366 344/344/344 663/663/661
f 663/663/661 372/372/372 366/366/366
f 342/342/342 341/341/341 344/344/344
f 344/344/344 366/366/366 342/342/342
f 231/231/231 206/206/206 205/205/205
f 144/144/144 146/146/146 1061/1061/1059
f 1061/1061/1059 134/134/134 144/144/144
f 18/18/18 1067/1067/1064 92/92/92
f 99/99/99 159/159/159 160/160/160
f 9/9/9 88/88/88 12/12/12
f 87/87/87 9/9/9 8/8/8
f 146/146/146 145/145/145 1098/1098/1094
f 174/174/174 145/145/145 132/132/132
f 143/143/143 1061/1061/1059 1099/1099/1095
f 1099/1099/1095 229/229/229 143/143/143
f 1061/1061/1059 146/146/146 1098/1098/1094
f 1098/1098/1094 1099/1099/1095 1061/1061/1059
f 143/143/143 85/85/85 133/133/133
f 142/142/142 143/143/143 229/229/229
f 206/206/206 1098/1098/1094 174/174/174
f 174/174/174 1098/1098/1094 145/145/145
f 229/229/229 1099/1099/1095 231/231/231
f 1099/1099/1095 1098/1098/1094 206/206/206
f 206/206/206 231/231/231 1099/1099/1095
f 31/31/31 30/30/30 1097/1097/1093
f 326/326/326 324/324/324 327/327/327
f 457/457/457 453/453/453 441/441/441
f 441/441/441 657/657/655 457/457/457
f 454/454/454 453/453/453 457/457/457
f 441/441/441 655/655/653 657/657/655
f 440/440/440 454/454/454 478/478/477
f 1100/1100/1096 420/420/420 419/419/419
f 419/419/419 1101/1101/1097 1100/1100/1096
f 1102/1102/1098 424/424/424 420/420/420
f 420/420/420 1100/1100/1096 1102/1102/1098
f 507/507/506 511/511/510 510/510/509
f 510/510/509 504/504/503 507/507/506
f 1101/1101/1097 419/419/419 1079/1079/1075
f 1079/1079/1075 1103/1103/1099 1101/1101/1097
f 1083/1083/1079 1081/1081/1077 424/424/424
f 424/424/424 1102/1102/1098 1083/1083/1079
f 1080/1080/1076 1081/1081/1077 511/511/510
f 511/511/510 507/507/506 1080/1080/1076
f 510/510/509 522/522/521 504/504/503
f 510/510/509 523/523/522 522/522/521
f 1103/1103/1099 1079/1079/1075 691/691/689
f 691/691/689 1078/1078/1074 1103/1103/1099
f 20/20/20 250/250/250 1072/1072/1069
f 1072/1072/1069 14/14/14 20/20/20
f 406/406/406 405/405/405 407/407/407
f 407/407/407 410/410/410 406/406/406
f 423/423/423 406/406/406 410/410/410
f 410/410/410 502/502/501 423/423/423
f 405/405/405 250/250/250 249/249/249
f 249/249/249 407/407/407 405/405/405
f 20/20/20 19/19/19 94/94/94
f 94/94/94 248/248/248 20/20/20
f 566/566/565 536/536/535 567/567/566
f 568/568/567 602/602/601 601/601/600
f 535/535/534 536/536/535 565/565/564
f 514/514/513 516/516/515 501/501/500
f 505/505/504 522/522/521 520/520/519
f 542/542/541 540/540/539 520/520/519
f 540/540/539 1086/1086/1082 571/571/570
f 572/572/571 573/573/572 574/574/573
f 423/423/423 503/503/502 1060/1060/1058
f 423/423/423 1060/1060/1058 422/422/422
f 701/701/699 506/506/505 702/702/700
f 507/507/506 701/701/699 1080/1080/1076
f 600/600/599 625/625/624 637/637/635
f 90/90/90 92/92/92 89/89/89
f 360/360/360 342/342/342 365/365/365
f 339/339/339 342/342/342 360/360/360
f 431/431/431 658/658/656 661/661/659
f 432/432/432 431/431/431 661/661/659
f 655/655/653 656/656/654 435/435/435
f 440/440/440 441/441/441 453/453/453
f 325/325/325 324/324/324 326/326/326
f 679/679/677 677/677/675 277/277/277
f 277/277/277 276/276/276 679/679/677
f 327/327/327 1075/1075/1072 677/677/675
f 677/677/675 679/679/677 327/327/327
f 1075/1075/1072 324/324/324 322/322/322
f 322/322/322 321/321/321 1075/1075/1072
f 352/352/352 351/351/351 348/348/348
f 348/348/348 347/347/347 352/352/352
f 689/689/687 306/306/306 255/255/255
f 255/255/255 667/667/665 689/689/687
f 352/352/352 689/689/687 667/667/665
f 667/667/665 349/349/349 352/352/352
f 666/666/664 351/351/351 350/350/350
f 350/350/350 1091/1091/1087 666/666/664
f 662/662/660 666/666/664 1091/1091/1087
f 1091/1091/1087 1096/1096/1092 662/662/660
f 255/255/255 306/306/306 305/305/305
f 305/305/305 256/256/256 255/255/255
f 278/278/278 277/277/277 274/274/274
f 274/274/274 823/823/821 278/278/278
f 655/655/653 325/325/325 429/429/429
f 325/325/325 326/326/326 429/429/429
f 327/327/327 324/324/324 1075/1075/1072
f 861/861/859 859/859/857 1104/1104/1100
f 1104/1104/1100 1059/1059/1057 861/861/859
f 859/859/857 857/857/855 1105/1105/1101
f 1105/1105/1101 1104/1104/1100 859/859/857
f 855/855/853 1058/1058/1056 1105/1105/1101
f 1105/1105/1101 857/857/855 855/855/853
f 849/849/847 206/206/206 851/851/849
f 853/853/851 1058/1058/1056 855/855/853
f 206/206/206 1058/1058/1056 851/851/849
f 206/206/206 174/174/174 173/173/173
f 1059/1059/1057 1104/1104/1100 171/171/171
f 171/171/171 170/170/170 1059/1059/1057
f 1104/1104/1100 1105/1105/1101 172/172/172
f 172/172/172 171/171/171 1104/1104/1100
f 797/797/795 1059/1059/1057 170/170/170
f 172/172/172 1105/1105/1101 1058/1058/1056
f 1058/1058/1056 173/173/173 172/172/172
f 851/851/849 1058/1058/1056 853/853/851
f 192/192/192 797/797/795 169/169/169
f 189/189/189 188/188/188 796/796/794
f 167/167/167 189/189/189 168/168/168
f 193/193/193 192/192/192 168/168/168
f 168/168/168 189/189/189 193/193/193
f 798/798/796 192/192/192 191/191/191
f 861/861/859 806/806/804 198/198/198
f 198/198/198 831/831/829 861/861/859
f 1106/1106/1102 1107/1107/1103 1108/1108/1104
f 1108/1108/1104 1109/1109/1105 1106/1106/1102
f 1110/1110/1106 1111/1111/1107 1112/1112/1108
f 1112/1112/1108 1113/1113/1109 1110/1110/1106
f 1114/1114/1110 1115/1115/1111 1116/1116/1112
f 1116/1116/1112 1117/1117/1113 1114/1114/1110
f 1118/1118/1114 1119/1119/1115 1120/1120/1116
f 1120/1120/1116 1121/1121/1117 1118/1118/1114
f 1122/1122/1118 1123/1123/1119 1124/1124/1120
f 1124/1124/1120 1125/1125/1121 1122/1122/1118
f 1126/1126/1122 1127/1127/1123 1128/1128/1124
f 1128/1128/1124 1129/1129/1125 1126/1126/1122
f 1130/1130/1126 1131/1131/1127 1132/1132/1128
f 1132/1132/1128 1133/1133/1129 1130/1130/1126
f 1134/1134/1130 1135/1135/1131 1136/1136/1132
f 1136/1136/1132 1137/1137/1133 1134/1134/1130
f 1138/1138/1134 1139/1139/1135 1140/1140/1136
f 1140/1140/1136 1141/1141/1137 1138/1138/1134
f 1136/1136/1132 1135/1135/1131 1142/1142/1138
f 1142/1142/1138 1143/1143/1139 1136/1136/1132
f 1144/1144/1140 1145/1145/1141 1146/1146/1142
f 1146/1146/1142 1147/1147/1143 1144/1144/1140
f 1148/1148/1144 1149/1149/1145 1150/1150/1146
f 1150/1150/1146 1151/1151/1147 1148/1148/1144
f 1152/1152/1148 1153/1153/1149 1149/1149/1145
f 1149/1149/1145 1148/1148/1144 1152/1152/1148
f 1117/1117/1113 1116/1116/1112 1153/1153/1149
f 1153/1153/1149 1152/1152/1148 1117/1117/1113
f 1143/1143/1139 1142/1142/1138 1110/1110/1106
f 1110/1110/1106 1113/1113/1109 1143/1143/1139
f 1108/1108/1104 1107/1107/1103 1131/1131/1127
f 1131/1131/1127 1130/1130/1126 1108/1108/1104
f 1154/1154/1150 1155/1155/1151 1156/1156/1152
f 1156/1156/1152 1157/1157/1153 1154/1154/1150
f 1124/1124/1120 1123/1123/1119 1126/1126/1122
f 1126/1126/1122 1129/1129/1125 1124/1124/1120
f 1120/1120/1116 1119/1119/1115 1122/1122/1118
f 1122/1122/1118 1125/1125/1121 1120/1120/1116
f 1112/1112/1108 1111/1111/1107 1118/1118/1114
f 1118/1118/1114 1121/1121/1117 1112/1112/1108
f 1158/1158/1154 1159/1159/1155 1157/1157/1153
f 1157/1157/1153 1160/1160/1156 1158/1158/1154
f 1161/1161/1157 1162/1162/1158 1114/1114/1110
f 1114/1114/1110 1117/1117/1113 1161/1161/1157
f 1163/1163/1159 1164/1164/1160 1165/1165/1161
f 1165/1165/1161 1166/1166/1162 1163/1163/1159
f 1167/1167/1163 1168/1168/1164 1138/1138/1134
f 1138/1138/1134 1141/1141/1137 1167/1167/1163
f 1169/1169/1165 1148/1148/1144 1151/1151/1147
f 1151/1151/1147 1170/1170/1166 1169/1169/1165
f 1171/1171/1167 1152/1152/1148 1148/1148/1144
f 1148/1148/1144 1169/1169/1165 1171/1171/1167
f 1161/1161/1157 1117/1117/1113 1152/1152/1148
f 1152/1152/1148 1171/1171/1167 1161/1161/1157
f 1172/1172/1168 1154/1154/1150 1157/1157/1153
f 1157/1157/1153 1159/1159/1155 1172/1172/1168
f 1173/1173/1169 1174/1174/1170 1107/1107/1103
f 1107/1107/1103 1106/1106/1102 1173/1173/1169
f 1110/1110/1106 1175/1175/1171 1111/1111/1107
f 1176/1176/1172 1177/1177/1173 1178/1178/1174
f 1178/1178/1174 1179/1179/1175 1176/1176/1172
f 1119/1119/1115 1118/1118/1114 1180/1180/1176
f 1180/1180/1176 1181/1181/1177 1119/1119/1115
f 1123/1123/1119 1122/1122/1118 1182/1182/1178
f 1182/1182/1178 1183/1183/1179 1123/1123/1119
f 1127/1127/1123 1126/1126/1122 1184/1184/1180
f 1184/1184/1180 1185/1185/1181 1127/1127/1123
f 1132/1132/1128 1131/1131/1127 1186/1186/1182
f 1186/1186/1182 1187/1187/1183 1132/1132/1128
f 1135/1135/1131 1134/1134/1130 1188/1188/1184
f 1188/1188/1184 1189/1189/1185 1135/1135/1131
f 1134/1134/1130 1146/1146/1142 1190/1190/1186
f 1190/1190/1186 1188/1188/1184 1134/1134/1130
f 1135/1135/1131 1189/1189/1185 1191/1191/1187
f 1191/1191/1187 1142/1142/1138 1135/1135/1131
f 1146/1146/1142 1145/1145/1141 1192/1192/1188
f 1192/1192/1188 1190/1190/1186 1146/1146/1142
f 1145/1145/1141 1193/1193/1189 1194/1194/1190
f 1194/1194/1190 1192/1192/1188 1145/1145/1141
f 1193/1193/1189 1195/1195/1191 1196/1196/1192
f 1196/1196/1192 1194/1194/1190 1193/1193/1189
f 1176/1176/1172 1179/1179/1175 1196/1196/1192
f 1196/1196/1192 1195/1195/1191 1176/1176/1172
f 1142/1142/1138 1191/1191/1187 1175/1175/1171
f 1175/1175/1171 1110/1110/1106 1142/1142/1138
f 1107/1107/1103 1174/1174/1170 1186/1186/1182
f 1186/1186/1182 1131/1131/1127 1107/1107/1103
f 1127/1127/1123 1185/1185/1181 1173/1173/1169
f 1173/1173/1169 1106/1106/1102 1127/1127/1123
f 1123/1123/1119 1183/1183/1179 1184/1184/1180
f 1184/1184/1180 1126/1126/1122 1123/1123/1119
f 1119/1119/1115 1181/1181/1177 1182/1182/1178
f 1182/1182/1178 1122/1122/1118 1119/1119/1115
f 1111/1111/1107 1175/1175/1171 1180/1180/1176
f 1180/1180/1176 1118/1118/1114 1111/1111/1107
f 1156/1156/1152 1109/1109/1105 1108/1108/1104
f 1108/1108/1104 1197/1197/1193 1156/1156/1152
f 1113/1113/1109 1112/1112/1108 1198/1198/1194
f 1198/1198/1194 1199/1199/1195 1113/1113/1109
f 1200/1200/1196 1201/1201/1197 1177/1177/1173
f 1177/1177/1173 1176/1176/1172 1200/1200/1196
f 1121/1121/1117 1120/1120/1116 1202/1202/1198
f 1202/1202/1198 1203/1203/1199 1121/1121/1117
f 1125/1125/1121 1124/1124/1120 1204/1204/1200
f 1204/1204/1200 1205/1205/1201 1125/1125/1121
f 1129/1129/1125 1128/1128/1124 1155/1155/1151
f 1155/1155/1151 1206/1206/1202 1129/1129/1125
f 1207/1207/1203 1130/1130/1126 1133/1133/1129
f 1133/1133/1129 1208/1208/1204 1207/1207/1203
f 1137/1137/1133 1136/1136/1132 1209/1209/1205
f 1209/1209/1205 1140/1140/1136 1137/1137/1133
f 1134/1134/1130 1137/1137/1133 1147/1147/1143
f 1147/1147/1143 1146/1146/1142 1134/1134/1130
f 1136/1136/1132 1143/1143/1139 1210/1210/1206
f 1210/1210/1206 1209/1209/1205 1136/1136/1132
f 1150/1150/1146 1144/1144/1140 1147/1147/1143
f 1147/1147/1143 1139/1139/1135 1150/1150/1146
f 1145/1145/1141 1144/1144/1140 1211/1211/1207
f 1211/1211/1207 1193/1193/1189 1145/1145/1141
f 1193/1193/1189 1211/1211/1207 1212/1212/1208
f 1212/1212/1208 1195/1195/1191 1193/1193/1189
f 1195/1195/1191 1212/1212/1208 1200/1200/1196
f 1200/1200/1196 1176/1176/1172 1195/1195/1191
f 1143/1143/1139 1113/1113/1109 1199/1199/1195
f 1199/1199/1195 1210/1210/1206 1143/1143/1139
f 1108/1108/1104 1130/1130/1126 1207/1207/1203
f 1207/1207/1203 1197/1197/1193 1108/1108/1104
f 1106/1106/1102 1109/1109/1105 1128/1128/1124
f 1128/1128/1124 1127/1127/1123 1106/1106/1102
f 1124/1124/1120 1129/1129/1125 1206/1206/1202
f 1206/1206/1202 1204/1204/1200 1124/1124/1120
f 1120/1120/1116 1125/1125/1121 1205/1205/1201
f 1205/1205/1201 1202/1202/1198 1120/1120/1116
f 1112/1112/1108 1121/1121/1117 1203/1203/1199
f 1203/1203/1199 1198/1198/1194 1112/1112/1108
f 1213/1213/1209 1214/1214/1210 1215/1215/1211
f 1215/1215/1211 1216/1216/1212 1213/1213/1209
f 1217/1217/1213 1218/1218/1214 1219/1219/1215
f 1219/1219/1215 1220/1220/1216 1217/1217/1213
f 1221/1221/1217 1222/1222/1218 1223/1223/1219
f 1223/1223/1219 1224/1224/1220 1221/1221/1217
f 1225/1225/1221 1154/1154/1150 1172/1172/1168
f 1172/1172/1168 1226/1226/1222 1225/1225/1221
f 1141/1141/1137 1227/1227/1223 1228/1228/1224
f 1228/1228/1224 1167/1167/1163 1141/1141/1137
f 1227/1227/1223 1229/1229/1225 1230/1230/1226
f 1230/1230/1226 1228/1228/1224 1227/1227/1223
f 1170/1170/1166 1151/1151/1147 1138/1138/1134
f 1138/1138/1134 1168/1168/1164 1170/1170/1166
f 1229/1229/1225 1213/1213/1209 1216/1216/1212
f 1216/1216/1212 1230/1230/1226 1229/1229/1225
f 1160/1160/1156 1165/1165/1161 1164/1164/1160
f 1164/1164/1160 1158/1158/1154 1160/1160/1156
f 1222/1222/1218 1225/1225/1221 1226/1226/1222
f 1226/1226/1222 1223/1223/1219 1222/1222/1218
f 1218/1218/1214 1221/1221/1217 1224/1224/1220
f 1224/1224/1220 1219/1219/1215 1218/1218/1214
f 1214/1214/1210 1217/1217/1213 1220/1220/1216
f 1220/1220/1216 1215/1215/1211 1214/1214/1210
f 1200/1200/1196 1116/1116/1112 1115/1115/1111
f 1115/1115/1111 1201/1201/1197 1200/1200/1196
f 1137/1137/1133 1140/1140/1136 1139/1139/1135
f 1139/1139/1135 1147/1147/1143 1137/1137/1133
f 1144/1144/1140 1150/1150/1146 1149/1149/1145
f 1149/1149/1145 1211/1211/1207 1144/1144/1140
f 1211/1211/1207 1149/1149/1145 1153/1153/1149
f 1153/1153/1149 1212/1212/1208 1211/1211/1207
f 1212/1212/1208 1153/1153/1149 1116/1116/1112
f 1116/1116/1112 1200/1200/1196 1212/1212/1208
f 1109/1109/1105 1156/1156/1152 1155/1155/1151
f 1155/1155/1151 1128/1128/1124 1109/1109/1105
f 1157/1157/1153 1156/1156/1152 1197/1197/1193
f 1197/1197/1193 1160/1160/1156 1157/1157/1153
f 1199/1199/1195 1198/1198/1194 1214/1214/1210
f 1214/1214/1210 1213/1213/1209 1199/1199/1195
f 1203/1203/1199 1202/1202/1198 1218/1218/1214
f 1218/1218/1214 1217/1217/1213 1203/1203/1199
f 1205/1205/1201 1204/1204/1200 1222/1222/1218
f 1222/1222/1218 1221/1221/1217 1205/1205/1201
f 1206/1206/1202 1155/1155/1151 1154/1154/1150
f 1154/1154/1150 1225/1225/1221 1206/1206/1202
f 1165/1165/1161 1207/1207/1203 1208/1208/1204
f 1208/1208/1204 1166/1166/1162 1165/1165/1161
f 1140/1140/1136 1209/1209/1205 1227/1227/1223
f 1227/1227/1223 1141/1141/1137 1140/1140/1136
f 1209/1209/1205 1210/1210/1206 1229/1229/1225
f 1229/1229/1225 1227/1227/1223 1209/1209/1205
f 1151/1151/1147 1150/1150/1146 1139/1139/1135
f 1139/1139/1135 1138/1138/1134 1151/1151/1147
f 1210/1210/1206 1199/1199/1195 1213/1213/1209
f 1213/1213/1209 1229/1229/1225 1210/1210/1206
f 1197/1197/1193 1207/1207/1203 1165/1165/1161
f 1165/1165/1161 1160/1160/1156 1197/1197/1193
f 1204/1204/1200 1206/1206/1202 1225/1225/1221
f 1225/1225/1221 1222/1222/1218 1204/1204/1200
f 1202/1202/1198 1205/1205/1201 1221/1221/1217
f 1221/1221/1217 1218/1218/1214 1202/1202/1198
f 1198/1198/1194 1203/1203/1199 1217/1217/1213
f 1217/1217/1213 1214/1214/1210 1198/1198/1194
f 1231/1231/1227 1232/1232/1228 1233/1233/1229
f 1234/1234/1230 1233/1233/1229 1232/1232/1228
f 1235/1235/1231 1236/1236/1232 1237/1237/1233
f 1238/1238/1234 1178/1178/1235 1239/1239/1236
f 1240/1240/1237 1239/1239/1236 1178/1178/1235
f 1241/1241/1238 1242/1242/1239 1243/1243/1240
f 1244/1244/1241 1243/1243/1240 1242/1242/1239
f 1245/1245/1242 1246/1246/1243 1247/1247/1244
f 1248/1248/1245 1247/1247/1244 1246/1246/1243
f 1249/1249/1246 1250/1250/1247 1251/1251/1248
f 1252/1252/1249 1251/1251/1248 1250/1250/1247
f 1186/1186/1182 1253/1253/1250 1254/1254/1251
f 1255/1255/1252 1256/1256/1253 1257/1257/1254
f 1258/1258/1255 1259/1259/1256 1260/1260/1257
f 1261/1261/1258 1262/1262/1259 1263/1263/1260
f 1264/1264/1261 1263/1263/1260 1262/1262/1259
f 1265/1265/1262 1266/1266/1263 1267/1267/1264
f 1268/1268/1265 1269/1269/1266 1270/1270/1267
f 1271/1271/1268 1272/1272/1269 1273/1273/1270
f 1238/1238/1234 1274/1274/1271 1275/1275/1272
f 1237/1237/1233 1261/1261/1258 1276/1276/1273
f 1277/1277/1274 1276/1276/1273 1261/1261/1258
f 1231/1231/1227 1278/1278/1275 1279/1279/1276
f 1232/1232/1228 1249/1249/1246 1280/1280/1277
f 1281/1281/1278 1280/1280/1277 1249/1249/1246
f 1250/1250/1247 1245/1245/1242 1282/1282/1279
f 1283/1283/1280 1282/1282/1279 1245/1245/1242
f 1246/1246/1243 1241/1241/1238 1284/1284/1281
f 1285/1285/1282 1284/1284/1281 1241/1241/1238
f 1242/1242/1239 1237/1237/1233 1286/1286/1283
f 1287/1287/1284 1286/1286/1283 1237/1237/1233
f 1288/1288/1285 1289/1289/1286 1290/1290/1287
f 1290/1290/1287 1291/1291/1288 1288/1288/1285
f 1292/1292/1289 1293/1293/1290 1289/1289/1286
f 1289/1289/1286 1288/1288/1285 1292/1292/1289
f 1294/1294/1291 1295/1295/1292 1296/1296/1293
f 1296/1296/1293 1297/1297/1294 1294/1294/1291
f 1298/1298/1295 1299/1299/1296 1295/1295/1292
f 1295/1295/1292 1294/1294/1291 1298/1298/1295
f 1300/1300/1297 1301/1301/1298 1302/1302/1299
f 1302/1302/1299 1303/1303/1300 1300/1300/1297
f 1304/1304/1301 1305/1305/1302 1301/1301/1298
f 1301/1301/1298 1300/1300/1297 1304/1304/1301
f 1306/1306/1303 1307/1307/1304 1308/1308/1305
f 1308/1308/1305 1309/1309/1306 1306/1306/1303
f 1310/1310/1307 1311/1311/1293 1307/1307/1304
f 1307/1307/1304 1306/1306/1303 1310/1310/1307
f 1312/1312/1308 1313/1313/1309 1314/1314/1310
f 1314/1314/1310 1315/1315/1311 1312/1312/1308
f 1316/1316/1312 1317/1317/1313 1313/1313/1309
f 1313/1313/1309 1312/1312/1308 1316/1316/1312
f 1318/1318/1314 1319/1319/1315 1320/1320/1316
f 1320/1320/1316 1321/1321/1317 1318/1318/1314
f 1315/1315/1311 1314/1314/1310 1319/1319/1315
f 1319/1319/1315 1318/1318/1314 1315/1315/1311
f 1322/1322/1318 1323/1323/1319 1324/1324/1320
f 1324/1324/1320 1325/1325/1321 1322/1322/1318
f 1321/1321/1317 1320/1320/1316 1323/1323/1319
f 1323/1323/1319 1322/1322/1318 1321/1321/1317
f 1326/1326/1322 1327/1327/1323 1328/1328/1324
f 1328/1328/1324 1329/1329/1325 1326/1326/1322
f 1325/1325/1321 1324/1324/1320 1327/1327/1323
f 1327/1327/1323 1326/1326/1322 1325/1325/1321
f 1330/1330/1326 1331/1331/1327 1332/1332/1328
f 1332/1332/1328 1333/1333/1329 1330/1330/1326
f 1329/1329/1325 1328/1328/1324 1331/1331/1327
f 1331/1331/1327 1330/1330/1326 1329/1329/1325
f 1334/1334/1330 1335/1335/1331 1299/1299/1296
f 1299/1299/1296 1298/1298/1295 1334/1334/1330
f 1333/1333/1329 1332/1332/1328 1335/1335/1331
f 1335/1335/1331 1334/1334/1330 1333/1333/1329
f 1336/1336/1332 1337/1337/1333 1338/1338/1334
f 1338/1338/1334 1339/1339/1335 1336/1336/1332
f 1340/1340/1336 1341/1341/1337 1337/1337/1333
f 1337/1337/1333 1336/1336/1332 1340/1340/1336
f 1342/1342/1338 1343/1343/1339 1293/1293/1290
f 1293/1293/1290 1292/1292/1289 1342/1342/1338
f 1309/1309/1306 1308/1308/1305 1343/1343/1339
f 1343/1343/1339 1342/1342/1338 1309/1309/1306
f 1344/1344/1340 1345/1345/1341 1346/1346/1342
f 1346/1346/1342 1347/1347/1343 1344/1344/1340
f 1348/1348/1344 1349/1349/1345 1345/1345/1341
f 1345/1345/1341 1344/1344/1340 1348/1348/1344
f 1350/1350/1346 1351/1351/1347 1352/1352/1348
f 1352/1352/1348 1353/1353/1349 1350/1350/1346
f 1354/1354/1350 1355/1355/1351 1351/1351/1347
f 1351/1351/1347 1350/1350/1346 1354/1354/1350
f 1350/1350/1346 1356/1356/1352 1357/1357/1353
f 1357/1357/1353 1354/1354/1350 1350/1350/1346
f 1353/1353/1349 1340/1340/1336 1356/1356/1352
f 1356/1356/1352 1350/1350/1346 1353/1353/1349
f 1358/1358/1354 1359/1359/1355 1360/1360/1356
f 1360/1360/1356 1361/1361/1357 1358/1358/1354
f 1362/1362/1358 1363/1363/1359 1359/1359/1355
f 1359/1359/1355 1358/1358/1354 1362/1362/1358
f 1364/1364/1360 1365/1365/1361 1366/1366/1362
f 1366/1366/1362 1367/1367/1363 1364/1364/1360
f 1368/1368/1364 1369/1369/1365 1365/1365/1361
f 1365/1365/1361 1364/1364/1360 1368/1368/1364
f 1364/1364/1360 1370/1370/1366 1371/1371/1367
f 1371/1371/1367 1368/1368/1364 1364/1364/1360
f 1367/1367/1363 1372/1372/1368 1370/1370/1366
f 1370/1370/1366 1364/1364/1360 1367/1367/1363
f 1373/1373/1369 1374/1374/1370 1375/1375/1371
f 1375/1375/1371 1376/1376/1372 1373/1373/1369
f 1377/1377/1373 1378/1378/1374 1374/1374/1370
f 1374/1374/1370 1373/1373/1369 1377/1377/1373
f 1373/1373/1369 1379/1379/1375 1380/1380/1376
f 1380/1380/1376 1377/1377/1373 1373/1373/1369
f 1376/1376/1372 1381/1381/1377 1379/1379/1375
f 1379/1379/1375 1373/1373/1369 1376/1376/1372
f 1382/1382/1378 1383/1383/1379 1304/1304/1301
f 1304/1304/1301 1300/1300/1297 1382/1382/1378
f 1384/1384/1380 1385/1385/1381 1383/1383/1379
f 1383/1383/1379 1382/1382/1378 1384/1384/1380
f 1382/1382/1378 1386/1386/1382 1387/1387/1383
f 1387/1387/1383 1384/1384/1380 1382/1382/1378
f 1300/1300/1297 1303/1303/1300 1386/1386/1382
f 1386/1386/1382 1382/1382/1378 1300/1300/1297
f 1388/1388/1384 1389/1389/1385 1390/1390/1359
f 1390/1390/1359 1391/1391/1358 1388/1388/1384
f 1392/1392/1386 1393/1393/1387 1389/1389/1385
f 1389/1389/1385 1388/1388/1384 1392/1392/1386
f 1394/1394/1388 1395/1395/1389 1396/1396/1390
f 1396/1396/1390 1397/1397/1391 1394/1394/1388
f 1398/1398/1392 1399/1399/1393 1395/1395/1389
f 1395/1395/1389 1394/1394/1388 1398/1398/1392
f 1400/1400/1394 1401/1401/1395 1399/1399/1393
f 1399/1399/1393 1398/1398/1392 1400/1400/1394
f 1402/1402/1396 1403/1403/1397 1401/1401/1395
f 1401/1401/1395 1400/1400/1394 1402/1402/1396
f 1404/1404/1398 1405/1405/1399 1339/1339/1335
f 1339/1339/1335 1406/1406/1400 1404/1404/1398
f 1407/1407/1401 1408/1408/1402 1405/1405/1399
f 1405/1405/1399 1404/1404/1398 1407/1407/1401
f 1404/1404/1398 1409/1409/1403 1397/1397/1391
f 1397/1397/1391 1407/1407/1401 1404/1404/1398
f 1406/1406/1400 1316/1316/1312 1409/1409/1403
f 1409/1409/1403 1404/1404/1398 1406/1406/1400
f 1410/1410/1404 1411/1411/1405 1403/1403/1397
f 1403/1403/1397 1402/1402/1396 1410/1410/1404
f 1412/1412/1406 1413/1413/1407 1411/1411/1405
f 1411/1411/1405 1410/1410/1404 1412/1412/1406
f 1414/1414/1408 1415/1415/1409 1413/1413/1407
f 1413/1413/1407 1412/1412/1406 1414/1414/1408
f 1416/1416/1410 1417/1417/1411 1415/1415/1409
f 1415/1415/1409 1414/1414/1408 1416/1416/1410
f 1418/1418/1412 1419/1419/1413 1417/1417/1411
f 1417/1417/1411 1416/1416/1410 1418/1418/1412
f 1420/1420/1414 1421/1421/1415 1419/1419/1413
f 1419/1419/1413 1418/1418/1412 1420/1420/1414
f 1422/1422/1416 1423/1423/1417 1421/1421/1415
f 1421/1421/1415 1420/1420/1414 1422/1422/1416
f 1361/1361/1357 1360/1360/1356 1423/1423/1417
f 1423/1423/1417 1422/1422/1416 1361/1361/1357
f 1424/1424/1418 1425/1425/1419 1426/1426/1420
f 1426/1426/1420 1357/1357/1353 1424/1424/1418
f 1408/1408/1402 1427/1427/1421 1425/1425/1419
f 1425/1425/1419 1424/1424/1418 1408/1408/1402
f 1428/1428/1422 1429/1429/1423 1393/1393/1387
f 1393/1393/1387 1392/1392/1386 1428/1428/1422
f 1347/1347/1343 1346/1346/1342 1429/1429/1423
f 1429/1429/1423 1428/1428/1422 1347/1347/1343
f 1430/1430/1424 1431/1431/1425 1291/1291/1288
f 1291/1291/1288 1432/1432/1426 1430/1430/1424
f 1433/1433/1427 1348/1348/1344 1431/1431/1425
f 1431/1431/1425 1430/1430/1424 1433/1433/1427
f 1430/1430/1424 1383/1383/1379 1385/1385/1381
f 1385/1385/1381 1433/1433/1427 1430/1430/1424
f 1432/1432/1426 1304/1304/1301 1383/1383/1379
f 1383/1383/1379 1430/1430/1424 1432/1432/1426
f 1434/1434/1428 1386/1386/1382 1303/1303/1300
f 1303/1303/1300 1435/1435/1429 1434/1434/1428
f 1436/1436/1430 1387/1387/1383 1386/1386/1382
f 1386/1386/1382 1434/1434/1428 1436/1436/1430
f 1434/1434/1428 1374/1374/1370 1378/1378/1374
f 1378/1378/1374 1436/1436/1430 1434/1434/1428
f 1435/1435/1429 1375/1375/1371 1374/1374/1370
f 1374/1374/1370 1434/1434/1428 1435/1435/1429
f 1437/1437/1431 1379/1379/1375 1381/1381/1377
f 1381/1381/1377 1438/1438/1432 1437/1437/1431
f 1439/1439/1433 1380/1380/1376 1379/1379/1375
f 1379/1379/1375 1437/1437/1431 1439/1439/1433
f 1437/1437/1431 1365/1365/1361 1369/1369/1365
f 1369/1369/1365 1439/1439/1433 1437/1437/1431
f 1438/1438/1432 1366/1366/1362 1365/1365/1361
f 1365/1365/1361 1437/1437/1431 1438/1438/1432
f 1440/1440/1434 1441/1441/1435 1442/1442/1436
f 1442/1442/1436 1371/1371/1367 1440/1440/1434
f 1355/1355/1351 1443/1443/1437 1441/1441/1435
f 1441/1441/1435 1440/1440/1434 1355/1355/1351
f 1345/1345/1341 1444/1444/1438 1445/1445/1439
f 1445/1445/1439 1346/1346/1342 1345/1345/1341
f 1349/1349/1345 1446/1446/1440 1444/1444/1438
f 1444/1444/1438 1345/1345/1341 1349/1349/1345
f 1447/1447/1441 1448/1448/1442 1449/1449/1443
f 1449/1449/1443 1443/1443/1437 1447/1447/1441
f 1426/1426/1420 1450/1450/1444 1448/1448/1442
f 1448/1448/1442 1447/1447/1441 1426/1426/1420
f 1451/1451/1445 1452/1452/1446 1453/1453/1447
f 1453/1453/1447 1454/1454/1448 1451/1451/1445
f 1455/1455/1449 1456/1456/1450 1452/1452/1446
f 1452/1452/1446 1451/1451/1445 1455/1455/1449
f 1457/1457/1451 1458/1458/1452 1459/1459/1453
f 1459/1459/1453 1460/1460/1454 1457/1457/1451
f 1442/1442/1436 1461/1461/1455 1458/1458/1452
f 1458/1458/1452 1457/1457/1451 1442/1442/1436
f 1462/1462/1456 1463/1463/1457 1464/1464/1458
f 1464/1464/1458 1465/1465/1459 1462/1462/1456
f 1466/1466/1460 1467/1467/1461 1463/1463/1457
f 1463/1463/1457 1462/1462/1456 1466/1466/1460
f 1468/1468/1462 1469/1469/1463 1470/1470/1464
f 1470/1470/1464 1471/1471/1465 1468/1468/1462
f 1472/1472/1466 1473/1473/1467 1469/1469/1463
f 1469/1469/1463 1468/1468/1462 1472/1472/1466
f 1474/1474/1468 1475/1475/1469 1476/1476/1450
f 1476/1476/1450 1477/1477/1470 1474/1474/1468
f 1478/1478/1471 1479/1479/1472 1475/1475/1469
f 1475/1475/1469 1474/1474/1468 1478/1478/1471
f 1395/1395/1389 1480/1480/1473 1481/1481/1474
f 1481/1481/1474 1396/1396/1390 1395/1395/1389
f 1399/1399/1393 1482/1482/1475 1480/1480/1473
f 1480/1480/1473 1395/1395/1389 1399/1399/1393
f 1483/1483/1476 1484/1484/1477 1485/1485/1478
f 1485/1485/1478 1482/1482/1475 1483/1483/1476
f 1486/1486/1479 1487/1487/1480 1484/1484/1477
f 1484/1484/1477 1483/1483/1476 1486/1486/1479
f 1488/1488/1481 1489/1489/1482 1490/1490/1483
f 1490/1490/1483 1427/1427/1421 1488/1488/1481
f 1396/1396/1390 1481/1481/1474 1489/1489/1482
f 1489/1489/1482 1488/1488/1481 1396/1396/1390
f 1491/1491/1484 1492/1492/1485 1487/1487/1480
f 1487/1487/1480 1486/1486/1479 1491/1491/1484
f 1493/1493/1486 1494/1494/1487 1492/1492/1485
f 1492/1492/1485 1491/1491/1484 1493/1493/1486
f 1415/1415/1409 1495/1495/1488 1493/1493/1486
f 1493/1493/1486 1413/1413/1407 1415/1415/1409
f 1417/1417/1411 1496/1496/1489 1495/1495/1488
f 1495/1495/1488 1415/1415/1409 1417/1417/1411
f 1497/1497/1490 1498/1498/1491 1499/1499/1492
f 1499/1499/1492 1496/1496/1489 1497/1497/1490
f 1500/1500/1493 1501/1501/1494 1498/1498/1491
f 1498/1498/1491 1497/1497/1490 1500/1500/1493
f 1502/1502/1495 1503/1503/1496 1501/1501/1494
f 1501/1501/1494 1500/1500/1493 1502/1502/1495
f 1454/1454/1448 1453/1453/1447 1503/1503/1496
f 1503/1503/1496 1502/1502/1495 1454/1454/1448
f 1425/1425/1419 1504/1504/1497 1450/1450/1444
f 1450/1450/1444 1426/1426/1420 1425/1425/1419
f 1427/1427/1421 1490/1490/1483 1504/1504/1497
f 1504/1504/1497 1425/1425/1419 1427/1427/1421
f 1505/1505/1498 1506/1506/1499 1479/1479/1472
f 1479/1479/1472 1478/1478/1471 1505/1505/1498
f 1445/1445/1439 1507/1507/1500 1506/1506/1499
f 1506/1506/1499 1505/1505/1498 1445/1445/1439
f 1508/1508/1501 1509/1509/1502 1446/1446/1440
f 1446/1446/1440 1349/1349/1345 1508/1508/1501
f 1471/1471/1465 1470/1470/1464 1509/1509/1502
f 1509/1509/1502 1508/1508/1501 1471/1471/1465
f 1510/1510/1503 1511/1511/1504 1473/1473/1467
f 1473/1473/1467 1472/1472/1466 1510/1510/1503
f 1465/1465/1459 1464/1464/1458 1511/1511/1504
f 1511/1511/1504 1510/1510/1503 1465/1465/1459
f 1512/1512/1505 1513/1513/1506 1467/1467/1461
f 1467/1467/1461 1466/1466/1460 1512/1512/1505
f 1460/1460/1454 1459/1459/1453 1513/1513/1506
f 1513/1513/1506 1512/1512/1505 1460/1460/1454
f 1441/1441/1435 1514/1514/1507 1461/1461/1455
f 1461/1461/1455 1442/1442/1436 1441/1441/1435
f 1443/1443/1437 1449/1449/1443 1514/1514/1507
f 1514/1514/1507 1441/1441/1435 1443/1443/1437
f 1515/1515/1508 1431/1431/1425 1348/1348/1344
f 1348/1348/1344 1344/1344/1340 1515/1515/1508
f 1288/1288/1285 1291/1291/1288 1431/1431/1425
f 1431/1431/1425 1515/1515/1508 1288/1288/1285
f 1515/1515/1508 1516/1516/1509 1292/1292/1289
f 1292/1292/1289 1288/1288/1285 1515/1515/1508
f 1344/1344/1340 1347/1347/1343 1516/1516/1509
f 1516/1516/1509 1515/1515/1508 1344/1344/1340
f 1447/1447/1441 1443/1443/1437 1355/1355/1351
f 1355/1355/1351 1354/1354/1350 1447/1447/1441
f 1354/1354/1350 1357/1357/1353 1426/1426/1420
f 1426/1426/1420 1447/1447/1441 1354/1354/1350
f 1517/1517/1510 1518/1518/1511 1362/1362/1358
f 1362/1362/1358 1358/1358/1354 1517/1517/1510
f 1294/1294/1291 1297/1297/1294 1518/1518/1511
f 1518/1518/1511 1517/1517/1510 1294/1294/1291
f 1517/1517/1510 1519/1519/1512 1298/1298/1295
f 1298/1298/1295 1294/1294/1291 1517/1517/1510
f 1358/1358/1354 1361/1361/1357 1519/1519/1512
f 1519/1519/1512 1517/1517/1510 1358/1358/1354
f 1457/1457/1451 1460/1460/1454 1369/1369/1365
f 1369/1369/1365 1368/1368/1364 1457/1457/1451
f 1368/1368/1364 1371/1371/1367 1442/1442/1436
f 1442/1442/1436 1457/1457/1451 1368/1368/1364
f 1462/1462/1456 1465/1465/1459 1378/1378/1374
f 1378/1378/1374 1377/1377/1373 1462/1462/1456
f 1377/1377/1373 1380/1380/1376 1466/1466/1460
f 1466/1466/1460 1462/1462/1456 1377/1377/1373
f 1468/1468/1462 1471/1471/1465 1385/1385/1381
f 1385/1385/1381 1384/1384/1380 1468/1468/1462
f 1384/1384/1380 1387/1387/1383 1472/1472/1466
f 1472/1472/1466 1468/1468/1462 1384/1384/1380
f 1520/1520/1513 1521/1521/1514 1392/1392/1386
f 1392/1392/1386 1388/1388/1384 1520/1520/1513
f 1306/1306/1303 1309/1309/1306 1521/1521/1514
f 1521/1521/1514 1520/1520/1513 1306/1306/1303
f 1520/1520/1513 1522/1522/1511 1310/1310/1307
f 1310/1310/1307 1306/1306/1303 1520/1520/1513
f 1388/1388/1384 1391/1391/1358 1522/1522/1511
f 1522/1522/1511 1520/1520/1513 1388/1388/1384
f 1523/1523/1515 1524/1524/1516 1398/1398/1392
f 1398/1398/1392 1394/1394/1388 1523/1523/1515
f 1312/1312/1308 1315/1315/1311 1524/1524/1516
f 1524/1524/1516 1523/1523/1515 1312/1312/1308
f 1523/1523/1515 1409/1409/1403 1316/1316/1312
f 1316/1316/1312 1312/1312/1308 1523/1523/1515
f 1394/1394/1388 1397/1397/1391 1409/1409/1403
f 1409/1409/1403 1523/1523/1515 1394/1394/1388
f 1525/1525/1517 1526/1526/1518 1402/1402/1396
f 1402/1402/1396 1400/1400/1394 1525/1525/1517
f 1318/1318/1314 1321/1321/1317 1526/1526/1518
f 1526/1526/1518 1525/1525/1517 1318/1318/1314
f 1525/1525/1517 1524/1524/1516 1315/1315/1311
f 1315/1315/1311 1318/1318/1314 1525/1525/1517
f 1400/1400/1394 1398/1398/1392 1524/1524/1516
f 1524/1524/1516 1525/1525/1517 1400/1400/1394
f 1488/1488/1481 1427/1427/1421 1408/1408/1402
f 1408/1408/1402 1407/1407/1401 1488/1488/1481
f 1407/1407/1401 1397/1397/1391 1396/1396/1390
f 1396/1396/1390 1488/1488/1481 1407/1407/1401
f 1527/1527/1519 1528/1528/1520 1412/1412/1406
f 1412/1412/1406 1410/1410/1404 1527/1527/1519
f 1322/1322/1318 1325/1325/1321 1528/1528/1520
f 1528/1528/1520 1527/1527/1519 1322/1322/1318
f 1527/1527/1519 1526/1526/1518 1321/1321/1317
f 1321/1321/1317 1322/1322/1318 1527/1527/1519
f 1410/1410/1404 1402/1402/1396 1526/1526/1518
f 1526/1526/1518 1527/1527/1519 1410/1410/1404
f 1529/1529/1521 1530/1530/1522 1416/1416/1410
f 1416/1416/1410 1414/1414/1408 1529/1529/1521
f 1326/1326/1322 1329/1329/1325 1530/1530/1522
f 1530/1530/1522 1529/1529/1521 1326/1326/1322
f 1529/1529/1521 1528/1528/1520 1325/1325/1321
f 1325/1325/1321 1326/1326/1322 1529/1529/1521
f 1414/1414/1408 1412/1412/1406 1528/1528/1520
f 1528/1528/1520 1529/1529/1521 1414/1414/1408
f 1531/1531/1523 1532/1532/1524 1420/1420/1414
f 1420/1420/1414 1418/1418/1412 1531/1531/1523
f 1330/1330/1326 1333/1333/1329 1532/1532/1524
f 1532/1532/1524 1531/1531/1523 1330/1330/1326
f 1531/1531/1523 1530/1530/1522 1329/1329/1325
f 1329/1329/1325 1330/1330/1326 1531/1531/1523
f 1418/1418/1412 1416/1416/1410 1530/1530/1522
f 1530/1530/1522 1531/1531/1523 1418/1418/1412
f 1533/1533/1525 1519/1519/1512 1361/1361/1357
f 1361/1361/1357 1422/1422/1416 1533/1533/1525
f 1334/1334/1330 1298/1298/1295 1519/1519/1512
f 1519/1519/1512 1533/1533/1525 1334/1334/1330
f 1533/1533/1525 1532/1532/1524 1333/1333/1329
f 1333/1333/1329 1334/1334/1330 1533/1533/1525
f 1422/1422/1416 1420/1420/1414 1532/1532/1524
f 1532/1532/1524 1533/1533/1525 1422/1422/1416
f 1534/1534/1526 1405/1405/1399 1408/1408/1402
f 1408/1408/1402 1424/1424/1418 1534/1534/1526
f 1336/1336/1332 1339/1339/1335 1405/1405/1399
f 1405/1405/1399 1534/1534/1526 1336/1336/1332
f 1534/1534/1526 1356/1356/1352 1340/1340/1336
f 1340/1340/1336 1336/1336/1332 1534/1534/1526
f 1424/1424/1418 1357/1357/1353 1356/1356/1352
f 1356/1356/1352 1534/1534/1526 1424/1424/1418
f 1535/1535/1527 1516/1516/1509 1347/1347/1343
f 1347/1347/1343 1428/1428/1422 1535/1535/1527
f 1342/1342/1338 1292/1292/1289 1516/1516/1509
f 1516/1516/1509 1535/1535/1527 1342/1342/1338
f 1535/1535/1527 1521/1521/1514 1309/1309/1306
f 1309/1309/1306 1342/1342/1338 1535/1535/1527
f 1428/1428/1422 1392/1392/1386 1521/1521/1514
f 1521/1521/1514 1535/1535/1527 1428/1428/1422
f 1508/1508/1501 1349/1349/1345 1348/1348/1344
f 1348/1348/1344 1433/1433/1427 1508/1508/1501
f 1433/1433/1427 1385/1385/1381 1471/1471/1465
f 1471/1471/1465 1508/1508/1501 1433/1433/1427
f 1510/1510/1503 1472/1472/1466 1387/1387/1383
f 1387/1387/1383 1436/1436/1430 1510/1510/1503
f 1436/1436/1430 1378/1378/1374 1465/1465/1459
f 1465/1465/1459 1510/1510/1503 1436/1436/1430
f 1512/1512/1505 1466/1466/1460 1380/1380/1376
f 1380/1380/1376 1439/1439/1433 1512/1512/1505
f 1439/1439/1433 1369/1369/1365 1460/1460/1454
f 1460/1460/1454 1512/1512/1505 1439/1439/1433
f 1536/1536/1528 1351/1351/1347 1355/1355/1351
f 1355/1355/1351 1440/1440/1434 1536/1536/1528
f 1537/1537/1529 1352/1352/1348 1351/1351/1347
f 1351/1351/1347 1536/1536/1528 1537/1537/1529
f 1536/1536/1528 1370/1370/1366 1372/1372/1368
f 1372/1372/1368 1537/1537/1529 1536/1536/1528
f 1440/1440/1434 1371/1371/1367 1370/1370/1366
f 1370/1370/1366 1536/1536/1528 1440/1440/1434
f 1538/1538/1530 1539/1539/1531 1287/1287/1284
f 1287/1287/1284 1236/1236/1232 1538/1538/1530
f 1236/1236/1232 1235/1235/1231 1341/1341/1337
f 1341/1341/1337 1538/1538/1530 1236/1236/1232
f 1540/1540/1532 1541/1541/1533 1285/1285/1282
f 1285/1285/1282 1243/1243/1240 1540/1540/1532
f 1243/1243/1240 1244/1244/1241 1542/1542/1534
f 1542/1542/1534 1540/1540/1532 1243/1243/1240
f 1543/1543/1535 1544/1544/1536 1283/1283/1280
f 1283/1283/1280 1247/1247/1244 1543/1543/1535
f 1247/1247/1244 1248/1248/1245 1545/1545/1537
f 1545/1545/1537 1543/1543/1535 1247/1247/1244
f 1546/1546/1538 1338/1338/1334 1277/1277/1274
f 1277/1277/1274 1263/1263/1260 1546/1546/1538
f 1263/1263/1260 1264/1264/1261 1317/1317/1313
f 1317/1317/1313 1546/1546/1538 1263/1263/1260
f 1547/1547/1539 1290/1290/1287 1234/1234/1230
f 1234/1234/1230 1280/1280/1277 1547/1547/1539
f 1280/1280/1277 1281/1281/1278 1305/1305/1302
f 1305/1305/1302 1547/1547/1539 1280/1280/1277
f 1548/1548/1540 1302/1302/1299 1252/1252/1249
f 1252/1252/1249 1282/1282/1279 1548/1548/1540
f 1282/1282/1279 1283/1283/1280 1544/1544/1536
f 1544/1544/1536 1548/1548/1540 1282/1282/1279
f 1549/1549/1541 1545/1545/1537 1248/1248/1245
f 1248/1248/1245 1284/1284/1281 1549/1549/1541
f 1284/1284/1281 1285/1285/1282 1541/1541/1533
f 1541/1541/1533 1549/1549/1541 1284/1284/1281
f 1550/1550/1542 1542/1542/1534 1244/1244/1241
f 1244/1244/1241 1286/1286/1283 1550/1550/1542
f 1286/1286/1283 1287/1287/1284 1539/1539/1531
f 1539/1539/1531 1550/1550/1542 1286/1286/1283
f 1233/1233/1229 1234/1234/1230 1290/1290/1287
f 1290/1290/1287 1289/1289/1286 1233/1233/1229
f 1289/1289/1286 1293/1293/1290 1278/1278/1275
f 1278/1278/1275 1233/1233/1229 1289/1289/1286
f 1239/1239/1236 1240/1240/1237 1296/1296/1293
f 1296/1296/1293 1295/1295/1292 1239/1239/1236
f 1295/1295/1292 1299/1299/1296 1274/1274/1271
f 1274/1274/1271 1239/1239/1236 1295/1295/1292
f 1251/1251/1248 1252/1252/1249 1302/1302/1299
f 1302/1302/1299 1301/1301/1298 1251/1251/1248
f 1301/1301/1298 1305/1305/1302 1281/1281/1278
f 1281/1281/1278 1251/1251/1248 1301/1301/1298
f 1254/1254/1251 1253/1253/1250 1308/1308/1305
f 1308/1308/1305 1307/1307/1304 1254/1254/1251
f 1307/1307/1304 1311/1311/1293 1551/1551/1237
f 1551/1551/1237 1254/1254/1251 1307/1307/1304
f 1257/1257/1254 1256/1256/1253 1314/1314/1310
f 1314/1314/1310 1313/1313/1309 1257/1257/1254
f 1313/1313/1309 1317/1317/1313 1264/1264/1261
f 1264/1264/1261 1257/1257/1254 1313/1313/1309
f 1260/1260/1257 1259/1259/1256 1320/1320/1316
f 1320/1320/1316 1319/1319/1315 1260/1260/1257
f 1319/1319/1315 1314/1314/1310 1256/1256/1253
f 1256/1256/1253 1260/1260/1257 1319/1319/1315
f 1267/1267/1264 1266/1266/1263 1324/1324/1320
f 1324/1324/1320 1323/1323/1319 1267/1267/1264
f 1323/1323/1319 1320/1320/1316 1259/1259/1256
f 1259/1259/1256 1267/1267/1264 1323/1323/1319
f 1270/1270/1267 1269/1269/1266 1328/1328/1324
f 1328/1328/1324 1327/1327/1323 1270/1270/1267
f 1327/1327/1323 1324/1324/1320 1266/1266/1263
f 1266/1266/1263 1270/1270/1267 1327/1327/1323
f 1273/1273/1270 1272/1272/1269 1332/1332/1328
f 1332/1332/1328 1331/1331/1327 1273/1273/1270
f 1331/1331/1327 1328/1328/1324 1269/1269/1266
f 1269/1269/1266 1273/1273/1270 1331/1331/1327
f 1275/1275/1272 1274/1274/1271 1299/1299/1296
f 1299/1299/1296 1335/1335/1331 1275/1275/1272
f 1335/1335/1331 1332/1332/1328 1272/1272/1269
f 1272/1272/1269 1275/1275/1272 1335/1335/1331
f 1276/1276/1273 1277/1277/1274 1338/1338/1334
f 1338/1338/1334 1337/1337/1333 1276/1276/1273
f 1337/1337/1333 1341/1341/1337 1235/1235/1231
f 1235/1235/1231 1276/1276/1273 1337/1337/1333
f 1279/1279/1276 1278/1278/1275 1293/1293/1290
f 1293/1293/1290 1343/1343/1339 1279/1279/1276
f 1343/1343/1339 1308/1308/1305 1253/1253/1250
f 1253/1253/1250 1279/1279/1276 1343/1343/1339
f 1353/1353/1349 1352/1352/1348 1539/1539/1531
f 1539/1539/1531 1538/1538/1530 1353/1353/1349
f 1538/1538/1530 1341/1341/1337 1340/1340/1336
f 1340/1340/1336 1353/1353/1349 1538/1538/1530
f 1367/1367/1363 1366/1366/1362 1541/1541/1533
f 1541/1541/1533 1540/1540/1532 1367/1367/1363
f 1540/1540/1532 1542/1542/1534 1372/1372/1368
f 1372/1372/1368 1367/1367/1363 1540/1540/1532
f 1376/1376/1372 1375/1375/1371 1544/1544/1536
f 1544/1544/1536 1543/1543/1535 1376/1376/1372
f 1543/1543/1535 1545/1545/1537 1381/1381/1377
f 1381/1381/1377 1376/1376/1372 1543/1543/1535
f 1406/1406/1400 1339/1339/1335 1338/1338/1334
f 1338/1338/1334 1546/1546/1538 1406/1406/1400
f 1546/1546/1538 1317/1317/1313 1316/1316/1312
f 1316/1316/1312 1406/1406/1400 1546/1546/1538
f 1432/1432/1426 1291/1291/1288 1290/1290/1287
f 1290/1290/1287 1547/1547/1539 1432/1432/1426
f 1547/1547/1539 1305/1305/1302 1304/1304/1301
f 1304/1304/1301 1432/1432/1426 1547/1547/1539
f 1435/1435/1429 1303/1303/1300 1302/1302/1299
f 1302/1302/1299 1548/1548/1540 1435/1435/1429
f 1548/1548/1540 1544/1544/1536 1375/1375/1371
f 1375/1375/1371 1435/1435/1429 1548/1548/1540
f 1438/1438/1432 1381/1381/1377 1545/1545/1537
f 1545/1545/1537 1549/1549/1541 1438/1438/1432
f 1549/1549/1541 1541/1541/1533 1366/1366/1362
f 1366/1366/1362 1438/1438/1432 1549/1549/1541
f 1537/1537/1529 1372/1372/1368 1542/1542/1534
f 1542/1542/1534 1550/1550/1542 1537/1537/1529
f 1550/1550/1542 1539/1539/1531 1352/1352/1348
f 1352/1352/1348 1537/1537/1529 1550/1550/1542
f 1552/1552/1543 1507/1507/1500 1445/1445/1439
f 1445/1445/1439 1444/1444/1438 1552/1552/1543
f 1444/1444/1438 1446/1446/1440 1553/1553/1544
f 1553/1553/1544 1552/1552/1543 1444/1444/1438
f 1554/1554/1545 1555/1555/1546 1449/1449/1443
f 1449/1449/1443 1448/1448/1442 1554/1554/1545
f 1448/1448/1442 1450/1450/1444 1556/1556/1547
f 1556/1556/1547 1554/1554/1545 1448/1448/1442
f 1359/1359/1355 1363/1363/1359 1455/1455/1449
f 1455/1455/1449 1451/1451/1445 1359/1359/1355
f 1451/1451/1445 1454/1454/1448 1360/1360/1356
f 1360/1360/1356 1359/1359/1355 1451/1451/1445
f 1557/1557/1548 1558/1558/1549 1459/1459/1453
f 1459/1459/1453 1458/1458/1452 1557/1557/1548
f 1458/1458/1452 1461/1461/1455 1559/1559/1550
f 1559/1559/1550 1557/1557/1548 1458/1458/1452
f 1560/1560/1551 1561/1561/1552 1464/1464/1458
f 1464/1464/1458 1463/1463/1457 1560/1560/1551
f 1463/1463/1457 1467/1467/1461 1562/1562/1553
f 1562/1562/1553 1560/1560/1551 1463/1463/1457
f 1563/1563/1554 1564/1564/1555 1470/1470/1464
f 1470/1470/1464 1469/1469/1463 1563/1563/1554
f 1469/1469/1463 1473/1473/1467 1565/1565/1556
f 1565/1565/1556 1563/1563/1554 1469/1469/1463
f 1389/1389/1385 1393/1393/1387 1478/1478/1471
f 1478/1478/1471 1474/1474/1468 1389/1389/1385
f 1474/1474/1468 1477/1477/1470 1390/1390/1359
f 1390/1390/1359 1389/1389/1385 1474/1474/1468
f 1566/1566/1557 1567/1567/1558 1481/1481/1474
f 1481/1481/1474 1480/1480/1473 1566/1566/1557
f 1480/1480/1473 1482/1482/1475 1485/1485/1478
f 1485/1485/1478 1566/1566/1557 1480/1480/1473
f 1401/1401/1395 1403/1403/1397 1486/1486/1479
f 1486/1486/1479 1483/1483/1476 1401/1401/1395
f 1483/1483/1476 1482/1482/1475 1399/1399/1393
f 1399/1399/1393 1401/1401/1395 1483/1483/1476
f 1568/1568/1559 1569/1569/1560 1490/1490/1483
f 1490/1490/1483 1489/1489/1482 1568/1568/1559
f 1489/1489/1482 1481/1481/1474 1567/1567/1558
f 1567/1567/1558 1568/1568/1559 1489/1489/1482
f 1411/1411/1405 1413/1413/1407 1493/1493/1486
f 1493/1493/1486 1491/1491/1484 1411/1411/1405
f 1491/1491/1484 1486/1486/1479 1403/1403/1397
f 1403/1403/1397 1411/1411/1405 1491/1491/1484
f 1570/1570/1561 1494/1494/1487 1493/1493/1486
f 1493/1493/1486 1495/1495/1488 1570/1570/1561
f 1495/1495/1488 1496/1496/1489 1499/1499/1492
f 1499/1499/1492 1570/1570/1561 1495/1495/1488
f 1419/1419/1413 1421/1421/1415 1500/1500/1493
f 1500/1500/1493 1497/1497/1490 1419/1419/1413
f 1497/1497/1490 1496/1496/1489 1417/1417/1411
f 1417/1417/1411 1419/1419/1413 1497/1497/1490
f 1423/1423/1417 1360/1360/1356 1454/1454/1448
f 1454/1454/1448 1502/1502/1495 1423/1423/1417
f 1502/1502/1495 1500/1500/1493 1421/1421/1415
f 1421/1421/1415 1423/1423/1417 1502/1502/1495
f 1571/1571/1562 1556/1556/1547 1450/1450/1444
f 1450/1450/1444 1504/1504/1497 1571/1571/1562
f 1504/1504/1497 1490/1490/1483 1569/1569/1560
f 1569/1569/1560 1571/1571/1562 1504/1504/1497
f 1429/1429/1423 1346/1346/1342 1445/1445/1439
f 1445/1445/1439 1505/1505/1498 1429/1429/1423
f 1505/1505/1498 1478/1478/1471 1393/1393/1387
f 1393/1393/1387 1429/1429/1423 1505/1505/1498
f 1572/1572/1563 1553/1553/1544 1446/1446/1440
f 1446/1446/1440 1509/1509/1502 1572/1572/1563
f 1509/1509/1502 1470/1470/1464 1564/1564/1555
f 1564/1564/1555 1572/1572/1563 1509/1509/1502
f 1573/1573/1564 1565/1565/1556 1473/1473/1467
f 1473/1473/1467 1511/1511/1504 1573/1573/1564
f 1511/1511/1504 1464/1464/1458 1561/1561/1552
f 1561/1561/1552 1573/1573/1564 1511/1511/1504
f 1574/1574/1565 1562/1562/1553 1467/1467/1461
f 1467/1467/1461 1513/1513/1506 1574/1574/1565
f 1513/1513/1506 1459/1459/1453 1558/1558/1549
f 1558/1558/1549 1574/1574/1565 1513/1513/1506
f 1575/1575/1566 1559/1559/1550 1461/1461/1455
f 1461/1461/1455 1514/1514/1507 1575/1575/1566
f 1514/1514/1507 1449/1449/1443 1555/1555/1546
f 1555/1555/1546 1575/1575/1566 1514/1514/1507
f 1242/1242/1239 1286/1286/1283 1244/1244/1241
f 1241/1241/1238 1243/1243/1240 1285/1285/1282
f 1245/1245/1242 1247/1247/1244 1283/1283/1280
f 1250/1250/1247 1282/1282/1279 1252/1252/1249
f 1246/1246/1243 1284/1284/1281 1248/1248/1245
f 1231/1231/1227 1233/1233/1229 1278/1278/1275
f 1249/1249/1246 1251/1251/1248 1281/1281/1278
f 1232/1232/1228 1280/1280/1277 1234/1234/1230
f 1238/1238/1234 1239/1239/1236 1274/1274/1271
f 1186/1186/1182 1254/1254/1251 1187/1187/1183
f 1187/1187/1183 1254/1254/1251 1551/1551/1237
f 1231/1231/1227 1279/1279/1276 1186/1186/1182
f 1186/1186/1182 1279/1279/1276 1253/1253/1250
f 1271/1271/1268 1273/1273/1270 1268/1268/1265
f 1268/1268/1265 1273/1273/1270 1269/1269/1266
f 1238/1238/1234 1275/1275/1272 1271/1271/1268
f 1271/1271/1268 1275/1275/1272 1272/1272/1269
f 1255/1255/1252 1257/1257/1254 1262/1262/1259
f 1262/1262/1259 1257/1257/1254 1264/1264/1261
f 1258/1258/1255 1260/1260/1257 1255/1255/1252
f 1255/1255/1252 1260/1260/1257 1256/1256/1253
f 1261/1261/1258 1263/1263/1260 1277/1277/1274
f 1265/1265/1262 1267/1267/1264 1258/1258/1255
f 1258/1258/1255 1267/1267/1264 1259/1259/1256
f 1268/1268/1265 1270/1270/1267 1265/1265/1262
f 1265/1265/1262 1270/1270/1267 1266/1266/1263
f 1237/1237/1233 1236/1236/1232 1287/1287/1284
f 1237/1237/1233 1276/1276/1273 1235/1235/1231
f 1576/1576/1567 1577/1577/1568 1578/1578/1569
f 1578/1578/1569 1579/1579/1570 1580/1580/1571
f 1581/1581/1572 1582/1582/1573 1579/1579/1570
f 1579/1579/1570 1583/1583/1574 1580/1580/1571
f 1584/1584/1575 1585/1585/1576 1586/1586/1577
f 1586/1586/1577 1587/1587/1578 1580/1580/1571
f 1588/1588/1579 1589/1589/1580 1587/1587/1578
f 1587/1587/1578 1590/1590/1581 1580/1580/1571
f 1591/1591/1582 1592/1592/1583 1593/1593/1584
f 1593/1593/1584 1594/1594/1585 1580/1580/1571
f 1595/1595/1586 1596/1596/1587 1594/1594/1585
f 1594/1594/1585 1578/1578/1569 1580/1580/1571
f 1597/1597/1472 1598/1598/1588 1583/1583/1574
f 1583/1583/1574 1599/1599/1589 1580/1580/1571
f 1600/1600/1590 1601/1601/1591 1599/1599/1589
f 1599/1599/1589 1602/1602/1592 1580/1580/1571
f 1603/1603/1593 1604/1604/1594 1605/1605/1595
f 1605/1605/1595 1606/1606/1596 1580/1580/1571
f 1607/1607/1597 1608/1608/1598 1609/1609/1599
f 1609/1609/1599 1610/1610/1600 1580/1580/1571
f 1611/1611/1601 1612/1612/1602 1613/1613/1603
f 1613/1613/1603 1614/1614/1604 1580/1580/1571
f 1615/1615/1605 1616/1616/1606 1617/1617/1607
f 1617/1617/1607 1618/1618/1608 1580/1580/1571
f 1619/1619/1609 1620/1620/1610 1621/1621/1611
f 1621/1621/1611 1586/1586/1577 1580/1580/1571
f 1622/1622/1560 1623/1623/1612 1624/1624/1613
f 1624/1624/1613 1621/1621/1611 1580/1580/1571
f 1625/1625/1614 1626/1626/1615 1590/1590/1581
f 1590/1590/1581 1593/1593/1584 1580/1580/1571
f 1627/1627/1547 1628/1628/1616 1606/1606/1596
f 1606/1606/1596 1624/1624/1613 1580/1580/1571
f 1629/1629/1617 1630/1630/1618 1602/1602/1592
f 1602/1602/1592 1617/1617/1607 1580/1580/1571
f 1631/1631/1619 1632/1632/1620 1618/1618/1608
f 1618/1618/1608 1613/1613/1603 1580/1580/1571
f 1633/1633/1553 1634/1634/1621 1614/1614/1604
f 1614/1614/1604 1609/1609/1599 1580/1580/1571
f 1635/1635/1622 1636/1636/1623 1610/1610/1600
f 1610/1610/1600 1605/1605/1595 1580/1580/1571
f 1578/1578/1569 1577/1577/1568 1579/1579/1570
f 1579/1579/1570 1577/1577/1568 1581/1581/1572
f 1579/1579/1570 1582/1582/1573 1583/1583/1574
f 1583/1583/1574 1582/1582/1573 1597/1597/1472
f 1586/1586/1577 1585/1585/1576 1587/1587/1578
f 1587/1587/1578 1585/1585/1576 1588/1588/1579
f 1587/1587/1578 1589/1589/1580 1590/1590/1581
f 1590/1590/1581 1589/1589/1580 1625/1625/1614
f 1593/1593/1584 1592/1592/1583 1594/1594/1585
f 1594/1594/1585 1592/1592/1583 1595/1595/1586
f 1594/1594/1585 1596/1596/1587 1578/1578/1569
f 1578/1578/1569 1596/1596/1587 1576/1576/1567
f 1583/1583/1574 1598/1598/1588 1599/1599/1589
f 1599/1599/1589 1598/1598/1588 1600/1600/1590
f 1599/1599/1589 1601/1601/1591 1602/1602/1592
f 1602/1602/1592 1601/1601/1591 1629/1629/1617
f 1605/1605/1595 1604/1604/1594 1606/1606/1596
f 1606/1606/1596 1604/1604/1594 1627/1627/1547
f 1609/1609/1599 1608/1608/1598 1610/1610/1600
f 1610/1610/1600 1608/1608/1598 1635/1635/1622
f 1613/1613/1603 1612/1612/1602 1614/1614/1604
f 1614/1614/1604 1612/1612/1602 1633/1633/1553
f 1617/1617/1607 1616/1616/1606 1618/1618/1608
f 1618/1618/1608 1616/1616/1606 1631/1631/1619
f 1621/1621/1611 1620/1620/1610 1586/1586/1577
f 1586/1586/1577 1620/1620/1610 1584/1584/1575
f 1624/1624/1613 1623/1623/1612 1621/1621/1611
f 1621/1621/1611 1623/1623/1612 1619/1619/1609
f 1590/1590/1581 1626/1626/1615 1593/1593/1584
f 1593/1593/1584 1626/1626/1615 1591/1591/1582
f 1606/1606/1596 1628/1628/1616 1624/1624/1613
f 1624/1624/1613 1628/1628/1616 1622/1622/1560
f 1602/1602/1592 1630/1630/1618 1617/1617/1607
f 1617/1617/1607 1630/1630/1618 1615/1615/1605
f 1618/1618/1608 1632/1632/1620 1613/1613/1603
f 1613/1613/1603 1632/1632/1620 1611/1611/1601
f 1614/1614/1604 1634/1634/1621 1609/1609/1599
f 1609/1609/1599 1634/1634/1621 1607/1607/1597
f 1610/1610/1600 1636/1636/1623 1605/1605/1595
f 1605/1605/1595 1636/1636/1623 1603/1603/1593
f 1637/1637/1624 1638/1638/1625 1639/1639/1626
f 1639/1639/1626 1640/1640/1627 1637/1637/1624
f 1641/1641/1628 1642/1642/1629 1643/1643/1630
f 1643/1643/1630 1644/1644/1631 1641/1641/1628
f 1642/1642/1629 1645/1645/1632 1646/1646/1633
f 1646/1646/1633 1643/1643/1630 1642/1642/1629
f 1647/1647/1634 1648/1648/1635 1649/1649/1636
f 1649/1649/1636 1650/1650/1637 1647/1647/1634
f 1651/1651/1638 1652/1652/1639 1653/1653/1640
f 1653/1653/1640 1654/1654/1641 1651/1651/1638
f 1648/1648/1635 1655/1655/1642 1656/1656/1643
f 1656/1656/1643 1649/1649/1636 1648/1648/1635
f 1657/1657/1644 1655/1655/1642 1648/1648/1635
f 1648/1648/1635 1658/1658/1645 1657/1657/1644
f 1644/1644/1631 1643/1643/1630 1659/1659/1646
f 1659/1659/1646 1660/1660/1647 1644/1644/1631
f 1643/1643/1630 1646/1646/1633 1651/1651/1638
f 1651/1651/1638 1659/1659/1646 1643/1643/1630
f 1661/1661/1648 1658/1658/1645 1648/1648/1635
f 1648/1648/1635 1647/1647/1634 1661/1661/1648
f 1660/1660/1647 1659/1659/1646 1662/1662/1649
f 1660/1660/1647 1663/1663/1650 1664/1664/1651
f 1664/1664/1651 1644/1644/1631 1660/1660/1647
f 1646/1646/1633 1645/1645/1632 1665/1665/1652
f 1665/1665/1652 1666/1666/1653 1646/1646/1633
f 1667/1667/1654 1647/1647/1634 1650/1650/1637
f 1650/1650/1637 1668/1668/1655 1667/1667/1654
f 1652/1652/1639 1651/1651/1638 1646/1646/1633
f 1646/1646/1633 1666/1666/1653 1652/1652/1639
f 1669/1669/1656 1661/1661/1648 1647/1647/1634
f 1647/1647/1634 1667/1667/1654 1669/1669/1656
f 1661/1661/1648 1670/1670/1657 1671/1671/1658
f 1671/1671/1658 1658/1658/1645 1661/1661/1648
f 1645/1645/1632 1672/1672/1659 1673/1673/1660
f 1673/1673/1660 1665/1665/1652 1645/1645/1632
f 1674/1674/1661 1652/1652/1639 1675/1675/1662
f 1660/1660/1647 1662/1662/1649 1676/1676/1663
f 1676/1676/1663 1663/1663/1650 1660/1660/1647
f 1662/1662/1649 1659/1659/1646 1677/1677/1664
f 1677/1677/1664 1678/1678/1665 1662/1662/1649
f 1659/1659/1646 1651/1651/1638 1654/1654/1641
f 1654/1654/1641 1677/1677/1664 1659/1659/1646
f 1662/1662/1649 1678/1678/1665 1679/1679/1666
f 1679/1679/1666 1676/1676/1663 1662/1662/1649
f 1650/1650/1637 1649/1649/1636 1677/1677/1664
f 1677/1677/1664 1654/1654/1641 1650/1650/1637
f 1649/1649/1636 1680/1680/1667 1678/1678/1665
f 1678/1678/1665 1677/1677/1664 1649/1649/1636
f 1680/1680/1667 1681/1681/1668 1679/1679/1666
f 1679/1679/1666 1678/1678/1665 1680/1680/1667
f 1682/1682/1669 1668/1668/1655 1653/1653/1640
f 1653/1653/1640 1683/1683/1670 1682/1682/1669
f 1649/1649/1636 1656/1656/1643 1680/1680/1667
f 1656/1656/1643 1684/1684/1671 1681/1681/1668
f 1681/1681/1668 1680/1680/1667 1656/1656/1643
f 1685/1685/1672 1686/1686/1673 1687/1687/1674
f 1687/1687/1674 1688/1688/1675 1685/1685/1672
f 1685/1685/1672 1668/1668/1655 1682/1682/1669
f 1683/1683/1670 1653/1653/1640 1652/1652/1639
f 1652/1652/1639 1674/1674/1661 1683/1683/1670
f 1688/1688/1675 1667/1667/1654 1668/1668/1655
f 1668/1668/1655 1685/1685/1672 1688/1688/1675
f 1652/1652/1639 1666/1666/1653 1689/1689/1676
f 1689/1689/1676 1675/1675/1662 1652/1652/1639
f 1654/1654/1641 1653/1653/1640 1668/1668/1655
f 1668/1668/1655 1650/1650/1637 1654/1654/1641
f 1666/1666/1653 1665/1665/1652 1690/1690/1677
f 1690/1690/1677 1689/1689/1676 1666/1666/1653
f 1667/1667/1654 1688/1688/1675 1691/1691/1678
f 1691/1691/1678 1669/1669/1656 1667/1667/1654
f 1691/1691/1678 1692/1692/1679 1693/1693/1680
f 1693/1693/1680 1669/1669/1656 1691/1691/1678
f 1694/1694/1681 1695/1695/1682 1696/1696/1683
f 1696/1696/1683 1697/1697/1684 1694/1694/1681
f 1698/1698/1685 1699/1699/1686 1700/1700/1687
f 1700/1700/1687 1701/1701/1688 1698/1698/1685
f 1702/1702/1689 1703/1703/1690 1704/1704/1691
f 1704/1704/1691 1705/1705/1692 1702/1702/1689
f 1706/1706/1693 1698/1698/1685 1701/1701/1688
f 1701/1701/1688 1707/1707/1694 1706/1706/1693
f 1638/1638/1625 1637/1637/1624 1708/1708/1695
f 1708/1708/1695 1709/1709/1696 1638/1638/1625
f 1699/1699/1686 1710/1710/1697 1711/1711/1698
f 1711/1711/1698 1700/1700/1687 1699/1699/1686
f 1712/1712/1699 1713/1713/1700 1714/1714/1701
f 1714/1714/1701 1715/1715/1702 1712/1712/1699
f 1709/1709/1696 1708/1708/1695 1716/1716/1703
f 1716/1716/1703 1717/1717/1704 1709/1709/1696
f 1717/1717/1704 1716/1716/1703 1718/1718/1705
f 1718/1718/1705 1719/1719/1706 1717/1717/1704
f 1718/1718/1705 1694/1694/1681 1697/1697/1684
f 1697/1697/1684 1719/1719/1706 1718/1718/1705
f 1720/1720/1707 1721/1721/1708 1722/1722/1709
f 1722/1722/1709 1723/1723/1710 1720/1720/1707
f 1640/1640/1627 1639/1639/1626 1724/1724/1711
f 1724/1724/1711 1725/1725/1712 1640/1640/1627
f 1726/1726/1713 1727/1727/1714 1728/1728/1715
f 1728/1728/1715 1729/1729/1716 1726/1726/1713
f 1720/1720/1707 1723/1723/1710 1730/1730/1717
f 1730/1730/1717 1731/1731/1718 1720/1720/1707
f 1707/1707/1694 1732/1732/1719 1733/1733/1720
f 1733/1733/1720 1706/1706/1693 1707/1707/1694
f 1729/1729/1716 1728/1728/1715 1714/1714/1701
f 1714/1714/1701 1713/1713/1700 1729/1729/1716
f 1725/1725/1712 1724/1724/1711 1711/1711/1698
f 1711/1711/1698 1710/1710/1697 1725/1725/1712
f 1732/1732/1719 1734/1734/1721 1735/1735/1722
f 1735/1735/1722 1733/1733/1720 1732/1732/1719
f 1734/1734/1721 1736/1736/1723 1737/1737/1724
f 1737/1737/1724 1735/1735/1722 1734/1734/1721
f 1737/1737/1724 1736/1736/1723 1738/1738/1725
f 1738/1738/1725 1739/1739/1726 1737/1737/1724
f 1705/1705/1692 1696/1696/1683 1695/1695/1682
f 1695/1695/1682 1702/1702/1689 1705/1705/1692
f 1738/1738/1725 1722/1722/1709 1721/1721/1708
f 1721/1721/1708 1739/1739/1726 1738/1738/1725
f 1715/1715/1702 1704/1704/1691 1703/1703/1690
f 1703/1703/1690 1712/1712/1699 1715/1715/1702
f 1740/1740/1727 1741/1741/1728 1742/1742/1729
f 1742/1742/1729 1743/1743/1730 1740/1740/1727
f 1744/1744/1731 1745/1745/1683 1686/1686/1673
f 1686/1686/1673 1746/1746/1732 1744/1744/1731
f 1747/1747/1733 1748/1748/1687 1749/1749/1734
f 1749/1749/1734 1750/1750/1735 1747/1747/1733
f 1751/1751/1736 1752/1752/1737 1692/1692/1679
f 1692/1692/1679 1687/1687/1674 1751/1751/1736
f 1753/1753/1738 1747/1747/1733 1750/1750/1735
f 1750/1750/1735 1664/1664/1651 1753/1753/1738
f 1743/1743/1730 1742/1742/1729 1754/1754/1696
f 1754/1754/1696 1755/1755/1739 1743/1743/1730
f 1749/1749/1734 1748/1748/1687 1756/1756/1698
f 1756/1756/1698 1672/1672/1659 1749/1749/1734
f 1693/1693/1680 1757/1757/1740 1758/1758/1701
f 1758/1758/1701 1670/1670/1657 1693/1693/1680
f 1755/1755/1739 1754/1754/1696 1759/1759/1741
f 1759/1759/1741 1760/1760/1742 1755/1755/1739
f 1760/1760/1742 1759/1759/1741 1761/1761/1743
f 1761/1761/1743 1762/1762/1744 1760/1760/1742
f 1761/1761/1743 1744/1744/1731 1746/1746/1732
f 1746/1746/1732 1762/1762/1744 1761/1761/1743
f 1763/1763/1745 1764/1764/1746 1765/1765/1747
f 1765/1765/1747 1684/1684/1671 1763/1763/1745
f 1741/1741/1728 1740/1740/1727 1673/1673/1660
f 1673/1673/1660 1766/1766/1748 1741/1741/1728
f 1767/1767/1749 1768/1768/1750 1671/1671/1658
f 1671/1671/1658 1769/1769/1751 1767/1767/1749
f 1764/1764/1746 1763/1763/1745 1768/1768/1750
f 1768/1768/1750 1767/1767/1749 1764/1764/1746
f 1752/1752/1737 1757/1757/1740 1693/1693/1680
f 1693/1693/1680 1692/1692/1679 1752/1752/1737
f 1664/1664/1651 1663/1663/1650 1770/1770/1752
f 1770/1770/1752 1753/1753/1738 1664/1664/1651
f 1769/1769/1751 1671/1671/1658 1670/1670/1657
f 1670/1670/1657 1758/1758/1701 1769/1769/1751
f 1766/1766/1748 1673/1673/1660 1672/1672/1659
f 1672/1672/1659 1756/1756/1698 1766/1766/1748
f 1663/1663/1650 1676/1676/1663 1771/1771/1753
f 1771/1771/1753 1770/1770/1752 1663/1663/1650
f 1676/1676/1663 1679/1679/1666 1772/1772/1754
f 1772/1772/1754 1771/1771/1753 1676/1676/1663
f 1772/1772/1754 1679/1679/1666 1681/1681/1668
f 1681/1681/1668 1773/1773/1755 1772/1772/1754
f 1773/1773/1755 1681/1681/1668 1684/1684/1671
f 1684/1684/1671 1765/1765/1747 1773/1773/1755
f 1687/1687/1674 1686/1686/1673 1745/1745/1683
f 1745/1745/1683 1751/1751/1736 1687/1687/1674
f 1763/1763/1745 1684/1684/1671 1656/1656/1643
f 1656/1656/1643 1655/1655/1642 1763/1763/1745
f 1657/1657/1644 1768/1768/1750 1763/1763/1745
f 1763/1763/1745 1655/1655/1642 1657/1657/1644
f 1693/1693/1680 1670/1670/1657 1661/1661/1648
f 1661/1661/1648 1669/1669/1656 1693/1693/1680
f 1687/1687/1674 1692/1692/1679 1691/1691/1678
f 1691/1691/1678 1688/1688/1675 1687/1687/1674
f 1746/1746/1732 1686/1686/1673 1685/1685/1672
f 1685/1685/1672 1682/1682/1669 1746/1746/1732
f 1683/1683/1670 1762/1762/1744 1746/1746/1732
f 1746/1746/1732 1682/1682/1669 1683/1683/1670
f 1674/1674/1661 1760/1760/1742 1762/1762/1744
f 1762/1762/1744 1683/1683/1670 1674/1674/1661
f 1675/1675/1662 1755/1755/1739 1760/1760/1742
f 1760/1760/1742 1674/1674/1661 1675/1675/1662
f 1743/1743/1730 1755/1755/1739 1675/1675/1662
f 1675/1675/1662 1689/1689/1676 1743/1743/1730
f 1740/1740/1727 1743/1743/1730 1689/1689/1676
f 1689/1689/1676 1690/1690/1677 1740/1740/1727
f 1673/1673/1660 1740/1740/1727 1690/1690/1677
f 1690/1690/1677 1665/1665/1652 1673/1673/1660
f 1749/1749/1734 1672/1672/1659 1645/1645/1632
f 1645/1645/1632 1642/1642/1629 1749/1749/1734
f 1641/1641/1628 1750/1750/1735 1749/1749/1734
f 1749/1749/1734 1642/1642/1629 1641/1641/1628
f 1644/1644/1631 1664/1664/1651 1750/1750/1735
f 1750/1750/1735 1641/1641/1628 1644/1644/1631
f 1671/1671/1658 1768/1768/1750 1657/1657/1644
f 1657/1657/1644 1658/1658/1645 1671/1671/1658
f 1774/1774/1756 1775/1775/1757 1776/1776/1758
f 1776/1776/1758 1777/1777/1759 1774/1774/1756
f 1778/1778/1760 1779/1779/1761 1780/1780/1762
f 1780/1780/1762 1781/1781/1763 1778/1778/1760
f 1775/1775/1757 1782/1782/1764 1783/1783/1765
f 1783/1783/1765 1776/1776/1758 1775/1775/1757
f 1784/1784/1766 1785/1785/1767 1786/1786/1768
f 1786/1786/1768 1787/1787/1769 1784/1784/1766
f 1788/1788/1770 1789/1789/1771 1790/1790/1772
f 1790/1790/1772 1791/1791/1773 1788/1788/1770
f 1792/1792/1774 1793/1793/1775 1794/1794/1776
f 1794/1794/1776 1795/1795/1777 1792/1792/1774
f 1788/1788/1770 1791/1791/1773 1796/1796/1778
f 1796/1796/1778 1797/1797/1779 1788/1788/1770
f 1798/1798/1780 1799/1799/1781 1794/1794/1776
f 1794/1794/1776 1793/1793/1775 1798/1798/1780
f 1784/1784/1766 1787/1787/1769 1790/1790/1772
f 1790/1790/1772 1789/1789/1771 1784/1784/1766
f 1792/1792/1774 1795/1795/1777 1780/1780/1762
f 1780/1780/1762 1779/1779/1761 1792/1792/1774
f 1800/1800/1782 1778/1778/1760 1781/1781/1763
f 1781/1781/1763 1801/1801/1783 1800/1800/1782
f 1802/1802/1784 1803/1803/1785 1786/1786/1768
f 1786/1786/1768 1785/1785/1767 1802/1802/1784
f 1804/1804/1786 1805/1805/1787 1806/1806/1788
f 1806/1806/1788 1807/1807/1789 1804/1804/1786
f 1808/1808/1790 1809/1809/1791 1803/1803/1785
f 1803/1803/1785 1802/1802/1784 1808/1808/1790
f 1810/1810/1792 1811/1811/1793 1812/1812/1794
f 1812/1812/1794 1813/1813/1795 1810/1810/1792
f 1814/1814/1796 1815/1815/1797 1816/1816/1798
f 1816/1816/1798 1817/1817/1799 1814/1814/1796
f 1804/1804/1786 1807/1807/1789 1818/1818/1800
f 1818/1818/1800 1819/1819/1801 1804/1804/1786
f 1810/1810/1792 1813/1813/1795 1809/1809/1791
f 1809/1809/1791 1808/1808/1790 1810/1810/1792
f 1820/1820/1802 1821/1821/1803 1822/1822/1804
f 1822/1822/1804 1823/1823/1805 1820/1820/1802
f 1824/1824/1806 1825/1825/1807 1826/1826/1808
f 1823/1823/1805 1827/1827/1809 1828/1828/1810
f 1828/1828/1810 1829/1829/1811 1823/1823/1805
f 1829/1829/1811 1828/1828/1810 1830/1830/1812
f 1830/1830/1812 1831/1831/1813 1829/1829/1811
f 1829/1829/1811 1832/1832/1814 1833/1833/1815
f 1833/1833/1815 1823/1823/1805 1829/1829/1811
f 1831/1831/1813 1834/1834/1816 1832/1832/1814
f 1832/1832/1814 1829/1829/1811 1831/1831/1813
f 1835/1835/1817 1826/1826/1808 1833/1833/1815
f 1833/1833/1815 1832/1832/1814 1835/1835/1817
f 1836/1836/1818 1835/1835/1817 1832/1832/1814
f 1832/1832/1814 1834/1834/1816 1836/1836/1818
f 1826/1826/1808 1835/1835/1817 1837/1837/1819
f 1837/1837/1819 1824/1824/1806 1826/1826/1808
f 1838/1838/1820 1837/1837/1819 1835/1835/1817
f 1835/1835/1817 1836/1836/1818 1838/1838/1820
f 1839/1839/1821 1840/1840/1822 1841/1841/1823
f 1841/1841/1823 1842/1842/1824 1839/1839/1821
f 1843/1843/1825 1844/1844/1826 1845/1845/1827
f 1845/1845/1827 1820/1820/1802 1843/1843/1825
f 1820/1820/1802 1845/1845/1827 1846/1846/1828
f 1846/1846/1828 1821/1821/1803 1820/1820/1802
f 1843/1843/1825 1847/1847/1829 1848/1848/1830
f 1848/1848/1830 1844/1844/1826 1843/1843/1825
f 1805/1805/1787 1800/1800/1782 1801/1801/1783
f 1801/1801/1783 1806/1806/1788 1805/1805/1787
f 1849/1849/1831 1845/1845/1827 1844/1844/1826
f 1844/1844/1826 1850/1850/1832 1849/1849/1831
f 1844/1844/1826 1848/1848/1830 1842/1842/1824
f 1842/1842/1824 1850/1850/1832 1844/1844/1826
f 1851/1851/1833 1849/1849/1831 1850/1850/1832
f 1850/1850/1832 1852/1852/1834 1851/1851/1833
f 1850/1850/1832 1842/1842/1824 1841/1841/1823
f 1841/1841/1823 1852/1852/1834 1850/1850/1832
f 1839/1839/1821 1842/1842/1824 1848/1848/1830
f 1848/1848/1830 1853/1853/1835 1839/1839/1821
f 1853/1853/1835 1848/1848/1830 1854/1854/1836
f 1855/1855/1837 1856/1856/1838 1845/1845/1827
f 1845/1845/1827 1849/1849/1831 1855/1855/1837
f 1855/1855/1837 1849/1849/1831 1851/1851/1833
f 1851/1851/1833 1857/1857/1839 1855/1855/1837
f 1858/1858/1840 1814/1814/1796 1817/1817/1799
f 1817/1817/1799 1859/1859/1841 1858/1858/1840
f 1826/1826/1808 1847/1847/1829 1843/1843/1825
f 1843/1843/1825 1833/1833/1815 1826/1826/1808
f 1823/1823/1805 1822/1822/1804 1827/1827/1809
f 1847/1847/1829 1826/1826/1808 1825/1825/1807
f 1825/1825/1807 1860/1860/1842 1847/1847/1829
f 1823/1823/1805 1833/1833/1815 1843/1843/1825
f 1843/1843/1825 1820/1820/1802 1823/1823/1805
f 1858/1858/1840 1859/1859/1841 1812/1812/1794
f 1812/1812/1794 1811/1811/1793 1858/1858/1840
f 1774/1774/1756 1777/1777/1759 1799/1799/1781
f 1799/1799/1781 1798/1798/1780 1774/1774/1756
f 1846/1846/1828 1845/1845/1827 1856/1856/1838
f 1854/1854/1836 1848/1848/1830 1847/1847/1829
f 1847/1847/1829 1860/1860/1842 1854/1854/1836
f 1861/1861/1843 1862/1862/1844 1863/1863/1845
f 1863/1863/1845 1864/1864/1846 1861/1861/1843
f 1865/1865/1847 1866/1866/1848 1867/1867/1849
f 1867/1867/1849 1868/1868/1850 1865/1865/1847
f 1869/1869/1851 1870/1870/1852 1871/1871/1853
f 1871/1871/1853 1872/1872/1854 1869/1869/1851
f 1873/1873/1855 1865/1865/1847 1868/1868/1850
f 1868/1868/1850 1874/1874/1856 1873/1873/1855
f 1866/1866/1848 1875/1875/1857 1876/1876/1766
f 1876/1876/1766 1867/1867/1849 1866/1866/1848
f 1872/1872/1854 1871/1871/1853 1877/1877/1858
f 1877/1877/1858 1878/1878/1859 1872/1872/1854
f 1879/1879/1860 1880/1880/1784 1881/1881/1861
f 1881/1881/1861 1882/1882/1862 1879/1879/1860
f 1883/1883/1863 1884/1884/1864 1880/1880/1784
f 1880/1880/1784 1879/1879/1860 1883/1883/1863
f 1885/1885/1865 1886/1886/1793 1887/1887/1866
f 1887/1887/1866 1888/1888/1867 1885/1885/1865
f 1888/1888/1867 1887/1887/1866 1884/1884/1864
f 1884/1884/1864 1883/1883/1863 1888/1888/1867
f 1878/1878/1859 1877/1877/1858 1889/1889/1868
f 1889/1889/1868 1890/1890/1869 1878/1878/1859
f 1890/1890/1869 1889/1889/1868 1891/1891/1870
f 1891/1891/1870 1892/1892/1871 1890/1890/1869
f 1893/1893/1872 1894/1894/1873 1895/1895/1874
f 1895/1895/1874 1896/1896/1796 1893/1893/1872
f 1897/1897/1875 1873/1873/1855 1874/1874/1856
f 1874/1874/1856 1898/1898/1876 1897/1897/1875
f 1893/1893/1872 1896/1896/1796 1899/1899/1877
f 1899/1899/1877 1900/1900/1878 1893/1893/1872
f 1894/1894/1873 1901/1901/1879 1902/1902/1880
f 1902/1902/1880 1895/1895/1874 1894/1894/1873
f 1815/1815/1797 1819/1819/1801 1818/1818/1800
f 1818/1818/1800 1816/1816/1798 1815/1815/1797
f 1782/1782/1764 1797/1797/1779 1796/1796/1778
f 1796/1796/1778 1783/1783/1765 1782/1782/1764
f 1898/1898/1876 1903/1903/1881 1904/1904/1882
f 1904/1904/1882 1897/1897/1875 1898/1898/1876
f 1881/1881/1861 1876/1876/1766 1875/1875/1857
f 1875/1875/1857 1882/1882/1862 1881/1881/1861
f 1870/1870/1852 1869/1869/1851 1905/1905/1883
f 1905/1905/1883 1906/1906/1884 1870/1870/1852
f 1891/1891/1870 1907/1907/1885 1908/1908/1886
f 1908/1908/1886 1892/1892/1871 1891/1891/1870
f 1907/1907/1885 1909/1909/1786 1910/1910/1887
f 1910/1910/1887 1908/1908/1886 1907/1907/1885
f 1886/1886/1793 1885/1885/1865 1900/1900/1878
f 1900/1900/1878 1899/1899/1877 1886/1886/1793
f 1909/1909/1786 1902/1902/1880 1901/1901/1879
f 1901/1901/1879 1910/1910/1887 1909/1909/1786
f 1906/1906/1884 1905/1905/1883 1864/1864/1846
f 1864/1864/1846 1863/1863/1845 1906/1906/1884
f 1856/1856/1838 1799/1799/1781 1777/1777/1759
f 1777/1777/1759 1846/1846/1828 1856/1856/1838
f 1855/1855/1837 1794/1794/1776 1799/1799/1781
f 1799/1799/1781 1856/1856/1838 1855/1855/1837
f 1795/1795/1777 1794/1794/1776 1855/1855/1837
f 1855/1855/1837 1857/1857/1839 1795/1795/1777
f 1851/1851/1833 1780/1780/1762 1795/1795/1777
f 1795/1795/1777 1857/1857/1839 1851/1851/1833
f 1781/1781/1763 1780/1780/1762 1851/1851/1833
f 1851/1851/1833 1852/1852/1834 1781/1781/1763
f 1801/1801/1783 1781/1781/1763 1852/1852/1834
f 1852/1852/1834 1841/1841/1823 1801/1801/1783
f 1806/1806/1788 1801/1801/1783 1841/1841/1823
f 1841/1841/1823 1840/1840/1822 1806/1806/1788
f 1807/1807/1789 1806/1806/1788 1840/1840/1822
f 1840/1840/1822 1839/1839/1821 1807/1807/1789
f 1853/1853/1835 1818/1818/1800 1807/1807/1789
f 1807/1807/1789 1839/1839/1821 1853/1853/1835
f 1816/1816/1798 1818/1818/1800 1853/1853/1835
f 1853/1853/1835 1854/1854/1836 1816/1816/1798
f 1817/1817/1799 1816/1816/1798 1854/1854/1836
f 1854/1854/1836 1860/1860/1842 1817/1817/1799
f 1859/1859/1841 1817/1817/1799 1860/1860/1842
f 1860/1860/1842 1825/1825/1807 1859/1859/1841
f 1824/1824/1806 1812/1812/1794 1859/1859/1841
f 1859/1859/1841 1825/1825/1807 1824/1824/1806
f 1813/1813/1795 1812/1812/1794 1824/1824/1806
f 1824/1824/1806 1837/1837/1819 1813/1813/1795
f 1838/1838/1820 1809/1809/1791 1813/1813/1795
f 1813/1813/1795 1837/1837/1819 1838/1838/1820
f 1836/1836/1818 1803/1803/1785 1809/1809/1791
f 1809/1809/1791 1838/1838/1820 1836/1836/1818
f 1834/1834/1816 1786/1786/1768 1803/1803/1785
f 1803/1803/1785 1836/1836/1818 1834/1834/1816
f 1787/1787/1769 1786/1786/1768 1834/1834/1816
f 1834/1834/1816 1831/1831/1813 1787/1787/1769
f 1830/1830/1812 1790/1790/1772 1787/1787/1769
f 1787/1787/1769 1831/1831/1813 1830/1830/1812
f 1791/1791/1773 1790/1790/1772 1830/1830/1812
f 1830/1830/1812 1828/1828/1810 1791/1791/1773
f 1827/1827/1809 1796/1796/1778 1791/1791/1773
f 1791/1791/1773 1828/1828/1810 1827/1827/1809
f 1783/1783/1765 1796/1796/1778 1827/1827/1809
f 1827/1827/1809 1822/1822/1804 1783/1783/1765
f 1776/1776/1758 1783/1783/1765 1822/1822/1804
f 1822/1822/1804 1821/1821/1803 1776/1776/1758
f 1777/1777/1759 1776/1776/1758 1821/1821/1803
f 1821/1821/1803 1846/1846/1828 1777/1777/1759
f 1911/1911/1888 1912/1912/1889 1913/1913/1890
f 1913/1913/1890 1914/1914/1891 1911/1911/1888
f 1915/1915/1892 1916/1916/1893 1912/1912/1889
f 1912/1912/1889 1911/1911/1888 1915/1915/1892
f 1917/1917/1894 1918/1918/1895 1919/1919/1896
f 1919/1919/1896 1920/1920/1897 1917/1917/1894
f 1919/1919/1896 1918/1918/1895 1921/1921/1898
f 1921/1921/1898 1922/1922/1899 1919/1919/1896
f 1921/1921/1898 1923/1923/1900 1924/1924/1901
f 1924/1924/1901 1922/1922/1899 1921/1921/1898
f 1925/1925/1902 1926/1926/1903 1924/1924/1901
f 1924/1924/1901 1923/1923/1900 1925/1925/1902
f 1927/1927/1904 1928/1928/1905 1926/1926/1903
f 1926/1926/1903 1925/1925/1902 1927/1927/1904
f 1929/1929/1906 1930/1930/1907 1931/1931/1908
f 1931/1931/1908 1932/1932/1909 1929/1929/1906
f 1931/1931/1908 1930/1930/1907 1933/1933/1910
f 1933/1933/1910 1934/1934/1911 1931/1931/1908
f 1935/1935/1912 1934/1934/1911 1933/1933/1910
f 1933/1933/1910 1936/1936/1913 1935/1935/1912
f 1937/1937/1914 1938/1938/1915 1935/1935/1912
f 1935/1935/1912 1936/1936/1913 1937/1937/1914
f 1939/1939/1916 1940/1940/1917 1938/1938/1915
f 1938/1938/1915 1937/1937/1914 1939/1939/1916
f 1941/1941/1918 1942/1942/1919 1943/1943/1920
f 1943/1943/1920 1944/1944/1921 1941/1941/1918
f 1943/1943/1920 1942/1942/1919 1945/1945/1922
f 1945/1945/1922 1946/1946/1923 1943/1943/1920
f 1947/1947/1924 1946/1946/1923 1945/1945/1922
f 1945/1945/1922 1948/1948/1925 1947/1947/1924
f 1949/1949/1926 1950/1950/1927 1947/1947/1924
f 1947/1947/1924 1948/1948/1925 1949/1949/1926
f 1951/1951/1928 1952/1952/1929 1950/1950/1927
f 1950/1950/1927 1949/1949/1926 1951/1951/1928
f 1953/1953/1930 1954/1954/1931 1955/1955/1932
f 1955/1955/1932 1956/1956/1933 1953/1953/1930
f 1955/1955/1932 1954/1954/1931 1957/1957/1934
f 1957/1957/1934 1958/1958/1935 1955/1955/1932
f 1958/1958/1935 1957/1957/1934 1914/1914/1891
f 1914/1914/1891 1913/1913/1890 1958/1958/1935
f 1959/1959/1936 1960/1960/1937 1961/1961/1938
f 1961/1961/1938 1962/1962/1939 1959/1959/1936
f 1963/1963/1940 1964/1964/1901 1965/1965/1941
f 1965/1965/1941 1966/1966/1942 1963/1963/1940
f 1967/1967/1943 1968/1968/1944 1969/1969/1945
f 1969/1969/1945 1970/1970/1946 1967/1967/1943
f 1971/1971/1947 1972/1972/1948 1973/1973/1949
f 1973/1973/1949 1974/1974/1950 1971/1971/1947
f 1975/1975/1951 1976/1976/1952 1977/1977/1953
f 1977/1977/1953 1978/1978/1954 1975/1975/1951
f 1979/1979/1955 1980/1980/1956 1981/1981/1957
f 1981/1981/1957 1982/1982/1958 1979/1979/1955
f 1983/1983/1959 1984/1984/1960 1985/1985/1961
f 1985/1985/1961 1986/1986/1962 1983/1983/1959
f 1987/1987/1963 1988/1988/1964 1989/1989/1965
f 1989/1989/1965 1990/1990/1966 1987/1987/1963
f 1991/1991/1967 1992/1992/1968 1993/1993/1969
f 1993/1993/1969 1994/1994/1970 1991/1991/1967
f 1962/1962/1939 1961/1961/1938 1992/1992/1968
f 1992/1992/1968 1991/1991/1967 1962/1962/1939
f 1995/1995/1971 1996/1996/1972 1964/1964/1901
f 1964/1964/1901 1963/1963/1940 1995/1995/1971
f 1966/1966/1942 1965/1965/1941 1997/1997/1973
f 1997/1997/1973 1998/1998/1974 1966/1966/1942
f 1998/1998/1974 1997/1997/1973 1999/1999/1975
f 1999/1999/1975 2000/2000/1976 1998/1998/1974
f 1974/1974/1950 1973/1973/1949 1968/1968/1944
f 1968/1968/1944 1967/1967/1943 1974/1974/1950
f 1970/1970/1946 1969/1969/1945 2001/2001/1977
f 2001/2001/1977 2002/2002/1978 1970/1970/1946
f 2002/2002/1978 2001/2001/1977 2003/2003/1979
f 2003/2003/1979 2004/2004/1980 2002/2002/1978
f 1982/1982/1958 1981/1981/1957 1976/1976/1952
f 1976/1976/1952 1975/1975/1951 1982/1982/1958
f 1978/1978/1954 1977/1977/1953 2005/2005/1981
f 2005/2005/1981 2006/2006/1982 1978/1978/1954
f 2006/2006/1982 2005/2005/1981 2007/2007/1983
f 2007/2007/1983 2008/2008/1984 2006/2006/1982
f 1984/1984/1960 1960/1960/1937 1959/1959/1936
f 1959/1959/1936 1985/1985/1961 1984/1984/1960
f 1911/1911/1888 1914/1914/1891 2009/2009/1985
f 1915/1915/1892 1911/1911/1888 2009/2009/1985
f 1918/1918/1895 1917/1917/1894 2009/2009/1985
f 1921/1921/1898 1918/1918/1895 2009/2009/1985
f 1923/1923/1900 1921/1921/1898 2009/2009/1985
f 1925/1925/1902 1923/1923/1900 2009/2009/1985
f 1927/1927/1904 1925/1925/1902 2009/2009/1985
f 1930/1930/1907 1929/1929/1906 2009/2009/1985
f 1933/1933/1910 1930/1930/1907 2009/2009/1985
f 1936/1936/1913 1933/1933/1910 2009/2009/1985
f 1937/1937/1914 1936/1936/1913 2009/2009/1985
f 1939/1939/1916 1937/1937/1914 2009/2009/1985
f 1942/1942/1919 1941/1941/1918 2009/2009/1985
f 1945/1945/1922 1942/1942/1919 2009/2009/1985
f 1948/1948/1925 1945/1945/1922 2009/2009/1985
f 1949/1949/1926 1948/1948/1925 2009/2009/1985
f 1951/1951/1928 1949/1949/1926 2009/2009/1985
f 1954/1954/1931 1953/1953/1930 2009/2009/1985
f 1957/1957/1934 1954/1954/1931 2009/2009/1985
f 1914/1914/1891 1957/1957/1934 2009/2009/1985
f 1929/1929/1906 1932/1932/1909 1928/1928/1905
f 1928/1928/1905 1927/1927/1904 1929/1929/1906
f 1971/1971/1947 2000/2000/1976 1999/1999/1975
f 1999/1999/1975 1972/1972/1948 1971/1971/1947
f 2009/2009/1985 1929/1929/1906 1927/1927/1904
f 1917/1917/1894 1920/1920/1897 1916/1916/1893
f 1916/1916/1893 1915/1915/1892 1917/1917/1894
f 1987/1987/1963 1994/1994/1970 1993/1993/1969
f 1993/1993/1969 1988/1988/1964 1987/1987/1963
f 2009/2009/1985 1917/1917/1894 1915/1915/1892
f 1941/1941/1918 1944/1944/1921 1940/1940/1917
f 1940/1940/1917 1939/1939/1916 1941/1941/1918
f 1979/1979/1955 2004/2004/1980 2003/2003/1979
f 2003/2003/1979 1980/1980/1956 1979/1979/1955
f 2009/2009/1985 1941/1941/1918 1939/1939/1916
f 1953/1953/1930 1956/1956/1933 1952/1952/1929
f 1952/1952/1929 1951/1951/1928 1953/1953/1930
f 1986/1986/1962 2008/2008/1984 2007/2007/1983
f 2007/2007/1983 1983/1983/1959 1986/1986/1962
f 2009/2009/1985 1953/1953/1930 1951/1951/1928
f 2010/2010/1986 2011/2011/1987 2012/2012/1988
f 2012/2012/1988 2013/2013/1989 2010/2010/1986
f 2014/2014/1990 2015/2015/1991 2016/2016/1992
f 2016/2016/1992 2017/2017/1993 2014/2014/1990
f 2018/2018/1994 2019/2019/1995 2020/2020/1996
f 2020/2020/1996 2021/2021/1997 2018/2018/1994
f 2022/2022/1998 2023/2023/1999 2024/2024/2000
f 2024/2024/2000 2025/2025/2001 2022/2022/1998
f 2026/2026/2002 2027/2027/2003 2028/2028/2004
f 2028/2028/2004 2029/2029/2005 2026/2026/2002
f 2030/2030/2006 2031/2031/2007 2032/2032/2008
f 2032/2032/2008 2033/2033/2009 2030/2030/2006
f 2034/2034/2010 2035/2035/2011 2036/2036/2012
f 2036/2036/2012 2037/2037/2013 2034/2034/2010
f 2038/2038/2014 2039/2039/2015 2040/2040/2016
f 2040/2040/2016 2041/2041/2017 2038/2038/2014
f 2042/2042/2018 2043/2043/2019 2044/2044/2020
f 2044/2044/2020 2045/2045/2021 2042/2042/2018
f 2046/2046/2022 2047/2047/2023 2048/2048/2024
f 2048/2048/2024 2049/2049/2025 2046/2046/2022
f 2050/2050/2026 2051/2051/2027 2052/2052/2028
f 2052/2052/2028 2053/2053/2029 2050/2050/2026
f 2054/2054/2030 2055/2055/2031 2056/2056/2032
f 2056/2056/2032 2057/2057/2033 2054/2054/2030
f 2043/2043/2019 2054/2054/2030 2057/2057/2033
f 2057/2057/2033 2044/2044/2020 2043/2043/2019
f 2011/2011/1987 2042/2042/2018 2045/2045/2021
f 2045/2045/2021 2012/2012/1988 2011/2011/1987
f 2058/2058/2034 2014/2014/1990 2017/2017/1993
f 2017/2017/1993 2059/2059/2035 2058/2058/2034
f 2015/2015/1991 2046/2046/2022 2049/2049/2025
f 2049/2049/2025 2016/2016/1992 2015/2015/1991
f 2047/2047/2023 2026/2026/2002 2029/2029/2005
f 2029/2029/2005 2048/2048/2024 2047/2047/2023
f 2027/2027/2003 2022/2022/1998 2025/2025/2001
f 2025/2025/2001 2028/2028/2004 2027/2027/2003
f 2023/2023/1999 2018/2018/1994 2021/2021/1997
f 2021/2021/1997 2024/2024/2000 2023/2023/1999
f 2019/2019/1995 2034/2034/2010 2037/2037/2013
f 2037/2037/2013 2020/2020/1996 2019/2019/1995
f 2035/2035/2011 2030/2030/2006 2033/2033/2009
f 2033/2033/2009 2036/2036/2012 2035/2035/2011
f 2031/2031/2007 2038/2038/2014 2041/2041/2017
f 2041/2041/2017 2032/2032/2008 2031/2031/2007
f 2039/2039/2015 2050/2050/2026 2053/2053/2029
f 2053/2053/2029 2040/2040/2016 2039/2039/2015
f 2051/2051/2027 2010/2010/1986 2013/2013/1989
f 2013/2013/1989 2052/2052/2028 2051/2051/2027
f 2060/2060/2036 2061/2061/2037 2062/2062/1986
f 2062/2062/1986 2063/2063/2038 2060/2060/2036
f 2064/2064/2039 2065/2065/2040 2061/2061/2037
f 2061/2061/2037 2060/2060/2036 2064/2064/2039
f 2066/2066/2041 2067/2067/2019 2065/2065/2040
f 2065/2065/2040 2064/2064/2039 2066/2066/2041
f 2068/2068/2042 2067/2067/2019 2066/2066/2041
f 2066/2066/2041 2069/2069/2043 2068/2068/2042
f 2070/2070/2031 2068/2068/2042 2069/2069/2043
f 2069/2069/2043 2071/2071/2044 2070/2070/2031
f 2071/2071/2044 2072/2072/2045 2073/2073/1990
f 2073/2073/1990 2070/2070/2031 2071/2071/2044
f 2074/2074/2046 2075/2075/1991 2073/2073/1990
f 2073/2073/1990 2072/2072/2045 2074/2074/2046
f 2076/2076/2047 2077/2077/2022 2075/2075/1991
f 2075/2075/1991 2074/2074/2046 2076/2076/2047
f 2078/2078/2048 2079/2079/2023 2077/2077/2022
f 2077/2077/2022 2076/2076/2047 2078/2078/2048
f 2080/2080/2002 2079/2079/2023 2078/2078/2048
f 2078/2078/2048 2081/2081/2049 2080/2080/2002
f 2082/2082/2050 2080/2080/2002 2081/2081/2049
f 2081/2081/2049 2083/2083/2051 2082/2082/2050
f 2084/2084/1998 2082/2082/2050 2083/2083/2051
f 2083/2083/2051 2085/2085/2052 2084/2084/1998
f 2086/2086/2053 2087/2087/1999 2084/2084/1998
f 2084/2084/1998 2085/2085/2052 2086/2086/2053
f 2088/2088/2054 2089/2089/2055 2087/2087/1999
f 2087/2087/1999 2086/2086/2053 2088/2088/2054
f 2090/2090/2056 2091/2091/2057 2089/2089/2055
f 2089/2089/2055 2088/2088/2054 2090/2090/2056
f 2092/2092/2010 2091/2091/2057 2090/2090/2056
f 2090/2090/2056 2093/2093/2058 2092/2092/2010
f 2094/2094/2011 2092/2092/2010 2093/2093/2058
f 2093/2093/2058 2095/2095/2059 2094/2094/2011
f 2096/2096/2006 2094/2094/2011 2095/2095/2059
f 2095/2095/2059 2097/2097/2060 2096/2096/2006
f 2098/2098/2061 2099/2099/2007 2096/2096/2006
f 2096/2096/2006 2097/2097/2060 2098/2098/2061
f 2100/2100/2062 2101/2101/2063 2099/2099/2007
f 2099/2099/2007 2098/2098/2061 2100/2100/2062
f 2102/2102/2064 2103/2103/2015 2101/2101/2063
f 2101/2101/2063 2100/2100/2062 2102/2102/2064
f 2104/2104/2026 2103/2103/2015 2102/2102/2064
f 2102/2102/2064 2105/2105/2065 2104/2104/2026
f 2106/2106/2066 2104/2104/2026 2105/2105/2065
f 2105/2105/2065 2107/2107/2067 2106/2106/2066
f 2062/2062/1986 2106/2106/2066 2107/2107/2067
f 2107/2107/2067 2063/2063/2038 2062/2062/1986
f 2063/2063/2038 2108/2108/2068 2060/2060/2036
f 2060/2060/2036 2108/2108/2068 2064/2064/2039
f 2064/2064/2039 2108/2108/2068 2066/2066/2041
f 2066/2066/2041 2108/2108/2068 2069/2069/2043
f 2069/2069/2043 2108/2108/2068 2071/2071/2044
f 2071/2071/2044 2108/2108/2068 2072/2072/2045
f 2072/2072/2045 2108/2108/2068 2074/2074/2046
f 2074/2074/2046 2108/2108/2068 2076/2076/2047
f 2076/2076/2047 2108/2108/2068 2078/2078/2048
f 2078/2078/2048 2108/2108/2068 2081/2081/2049
f 2081/2081/2049 2108/2108/2068 2083/2083/2051
f 2083/2083/2051 2108/2108/2068 2085/2085/2052
f 2085/2085/2052 2108/2108/2068 2086/2086/2053
f 2086/2086/2053 2108/2108/2068 2088/2088/2054
f 2088/2088/2054 2108/2108/2068 2090/2090/2056
f 2090/2090/2056 2108/2108/2068 2093/2093/2058
f 2093/2093/2058 2108/2108/2068 2095/2095/2059
f 2095/2095/2059 2108/2108/2068 2097/2097/2060
f 2097/2097/2060 2108/2108/2068 2098/2098/2061
f 2098/2098/2061 2108/2108/2068 2100/2100/2062
f 2100/2100/2062 2108/2108/2068 2102/2102/2064
f 2102/2102/2064 2108/2108/2068 2105/2105/2065
f 2105/2105/2065 2108/2108/2068 2107/2107/2067
f 2107/2107/2067 2108/2108/2068 2063/2063/2038
f 2109/2109/2069 2110/2110/2070 2111/2111/2071
f 2111/2111/2071 2112/2112/2072 2109/2109/2069
f 2113/2113/2073 2114/2114/2074 2115/2115/2075
f 2115/2115/2075 2116/2116/2076 2113/2113/2073
f 2117/2117/2077 2118/2118/2078 2119/2119/2079
f 2119/2119/2079 2120/2120/2080 2117/2117/2077
f 2121/2121/2081 2122/2122/2082 2123/2123/2083
f 2123/2123/2083 2124/2124/2084 2121/2121/2081
f 2125/2125/2085 2126/2126/2086 2127/2127/2087
f 2127/2127/2087 2128/2128/2088 2125/2125/2085
f 2129/2129/2089 2130/2130/2090 2131/2131/2091
f 2131/2131/2091 2132/2132/2092 2129/2129/2089
f 2133/2133/2093 2134/2134/2094 2135/2135/2095
f 2135/2135/2095 2136/2136/2096 2133/2133/2093
f 2137/2137/2097 2138/2138/2098 2139/2139/2099
f 2139/2139/2099 2140/2140/2100 2137/2137/2097
f 2141/2141/2101 2142/2142/2102 2143/2143/2103
f 2143/2143/2103 2144/2144/2104 2141/2141/2101
f 2145/2145/2105 2146/2146/2106 2147/2147/2107
f 2147/2147/2107 2148/2148/2108 2145/2145/2105
f 2149/2149/2109 2150/2150/2110 2151/2151/2111
f 2151/2151/2111 2152/2152/2112 2149/2149/2109
f 2153/2153/2113 2154/2154/2114 2155/2155/2115
f 2155/2155/2115 2156/2156/2116 2153/2153/2113
f 2142/2142/2102 2153/2153/2113 2156/2156/2116
f 2156/2156/2116 2143/2143/2103 2142/2142/2102
f 2110/2110/2070 2141/2141/2101 2144/2144/2104
f 2144/2144/2104 2111/2111/2071 2110/2110/2070
f 2157/2157/2117 2113/2113/2073 2116/2116/2076
f 2116/2116/2076 2158/2158/2118 2157/2157/2117
f 2114/2114/2074 2145/2145/2105 2148/2148/2108
f 2148/2148/2108 2115/2115/2075 2114/2114/2074
f 2146/2146/2106 2125/2125/2085 2128/2128/2088
f 2128/2128/2088 2147/2147/2107 2146/2146/2106
f 2126/2126/2086 2121/2121/2081 2124/2124/2084
f 2124/2124/2084 2127/2127/2087 2126/2126/2086
f 2122/2122/2082 2117/2117/2077 2120/2120/2080
f 2120/2120/2080 2123/2123/2083 2122/2122/2082
f 2118/2118/2078 2133/2133/2093 2136/2136/2096
f 2136/2136/2096 2119/2119/2079 2118/2118/2078
f 2134/2134/2094 2129/2129/2089 2132/2132/2092
f 2132/2132/2092 2135/2135/2095 2134/2134/2094
f 2130/2130/2090 2137/2137/2097 2140/2140/2100
f 2140/2140/2100 2131/2131/2091 2130/2130/2090
f 2138/2138/2098 2149/2149/2109 2152/2152/2112
f 2152/2152/2112 2139/2139/2099 2138/2138/2098
f 2150/2150/2110 2109/2109/2069 2112/2112/2072
f 2112/2112/2072 2151/2151/2111 2150/2150/2110
f 2159/2159/2119 2160/2160/2070 2161/2161/2120
f 2161/2161/2120 2162/2162/2121 2159/2159/2119
f 2163/2163/2122 2164/2164/2101 2160/2160/2070
f 2160/2160/2070 2159/2159/2119 2163/2163/2122
f 2165/2165/2123 2166/2166/2124 2164/2164/2101
f 2164/2164/2101 2163/2163/2122 2165/2165/2123
f 2167/2167/2125 2166/2166/2124 2165/2165/2123
f 2165/2165/2123 2168/2168/2126 2167/2167/2125
f 2169/2169/2114 2167/2167/2125 2168/2168/2126
f 2168/2168/2126 2170/2170/2127 2169/2169/2114
f 2170/2170/2127 2171/2171/2128 2172/2172/2073
f 2172/2172/2073 2169/2169/2114 2170/2170/2127
f 2173/2173/2129 2174/2174/2074 2172/2172/2073
f 2172/2172/2073 2171/2171/2128 2173/2173/2129
f 2175/2175/2130 2176/2176/2105 2174/2174/2074
f 2174/2174/2074 2173/2173/2129 2175/2175/2130
f 2177/2177/2131 2178/2178/2106 2176/2176/2105
f 2176/2176/2105 2175/2175/2130 2177/2177/2131
f 2179/2179/2132 2178/2178/2106 2177/2177/2131
f 2177/2177/2131 2180/2180/2133 2179/2179/2132
f 2181/2181/2134 2179/2179/2132 2180/2180/2133
f 2180/2180/2133 2182/2182/2135 2181/2181/2134
f 2183/2183/2136 2181/2181/2134 2182/2182/2135
f 2182/2182/2135 2184/2184/2137 2183/2183/2136
f 2185/2185/2138 2186/2186/2082 2183/2183/2136
f 2183/2183/2136 2184/2184/2137 2185/2185/2138
f 2187/2187/2139 2188/2188/2140 2186/2186/2082
f 2186/2186/2082 2185/2185/2138 2187/2187/2139
f 2189/2189/2141 2190/2190/2078 2188/2188/2140
f 2188/2188/2140 2187/2187/2139 2189/2189/2141
f 2191/2191/2142 2190/2190/2078 2189/2189/2141
f 2189/2189/2141 2192/2192/2143 2191/2191/2142
f 2193/2193/2094 2191/2191/2142 2192/2192/2143
f 2192/2192/2143 2194/2194/2144 2193/2193/2094
f 2195/2195/2145 2193/2193/2094 2194/2194/2144
f 2194/2194/2144 2196/2196/2146 2195/2195/2145
f 2197/2197/2147 2198/2198/2148 2195/2195/2145
f 2195/2195/2145 2196/2196/2146 2197/2197/2147
f 2199/2199/2149 2200/2200/2150 2198/2198/2148
f 2198/2198/2148 2197/2197/2147 2199/2199/2149
f 2201/2201/2151 2202/2202/2098 2200/2200/2150
f 2200/2200/2150 2199/2199/2149 2201/2201/2151
f 2203/2203/2152 2202/2202/2098 2201/2201/2151
f 2201/2201/2151 2204/2204/2153 2203/2203/2152
f 2205/2205/2110 2203/2203/2152 2204/2204/2153
f 2204/2204/2153 2206/2206/2154 2205/2205/2110
f 2161/2161/2120 2205/2205/2110 2206/2206/2154
f 2206/2206/2154 2162/2162/2121 2161/2161/2120
f 2162/2162/2121 2207/2207/2155 2159/2159/2119
f 2159/2159/2119 2207/2207/2155 2163/2163/2122
f 2163/2163/2122 2207/2207/2155 2165/2165/2123
f 2165/2165/2123 2207/2207/2155 2168/2168/2126
f 2168/2168/2126 2207/2207/2155 2170/2170/2127
f 2170/2170/2127 2207/2207/2155 2171/2171/2128
f 2171/2171/2128 2207/2207/2155 2173/2173/2129
f 2173/2173/2129 2207/2207/2155 2175/2175/2130
f 2175/2175/2130 2207/2207/2155 2177/2177/2131
f 2177/2177/2131 2207/2207/2155 2180/2180/2133
f 2180/2180/2133 2207/2207/2155 2182/2182/2135
f 2182/2182/2135 2207/2207/2155 2184/2184/2137
f 2184/2184/2137 2207/2207/2155 2185/2185/2138
f 2185/2185/2138 2207/2207/2155 2187/2187/2139
f 2187/2187/2139 2207/2207/2155 2189/2189/2141
f 2189/2189/2141 2207/2207/2155 2192/2192/2143
f 2192/2192/2143 2207/2207/2155 2194/2194/2144
f 2194/2194/2144 2207/2207/2155 2196/2196/2146
f 2196/2196/2146 2207/2207/2155 2197/2197/2147
f 2197/2197/2147 2207/2207/2155 2199/2199/2149
f 2199/2199/2149 2207/2207/2155 2201/2201/2151
f 2201/2201/2151 2207/2207/2155 2204/2204/2153
f 2204/2204/2153 2207/2207/2155 2206/2206/2154
f 2206/2206/2154 2207/2207/2155 2162/2162/2121
