Importing new history ended Undo for the earlier clear. You can clear the imported history.	Yeni tarixçənin idxalı əvvəlki təmizləməni geri qaytarmaq imkanını bitirdi. İdxal olunmuş tarixçəni təmizləyə bilərsiniz.
%1$d setting in that file can't be restored here and was skipped	Bu fayldakı %1$d ayar burada bərpa edilə bilmir və ötürüldü
%1$d settings in that file can't be restored here and were skipped	Bu fayldakı %1$d ayar burada bərpa edilə bilmir və ötürüldü
Import watch history	İzləmə tarixçəsini idxal et
Use this account's TikTok JSON export, up to %1$s MB and %2$s entries. Dates without a time zone use this phone's time zone.	Bu hesabın TikTok JSON ixracını seçin. Fayl ən çox %1$s MB və %2$s qeyd ola bilər. Saat qurşağı olmayan tarixlər üçün bu telefonun saat qurşağı istifadə edilir.
Sign in to TikTok before importing watch history.	İzləmə tarixçəsini idxal etməzdən əvvəl TikTok-a daxil olun.
Your TikTok account changed. Choose the file again for this account.	TikTok hesabınız dəyişdi. Bu hesab üçün faylı yenidən seçin.
Reading watch history	İzləmə tarixçəsi oxunur
Importing watch history	İzləmə tarixçəsi idxal edilir
Reopen Hushfeed settings, then choose the file	Hushfeed ayarlarını yenidən açın, sonra faylı seçin
Couldn't start the import. Try again in a moment.	İdxal başlaya bilmədi. Bir az sonra yenidən cəhd edin.
Your seen history changed before the import finished. Choose the file again.	İdxal bitməzdən əvvəl baxılmış videoların tarixçəsi dəyişdi. Faylı yenidən seçin.
Couldn't import watch history. Your saved history is unchanged.	İzləmə tarixçəsi idxal edilə bilmədi. Saxlanmış tarixçəniz dəyişməyib.
%1$s watched video added.	%1$s izlənmiş video əlavə edildi.
%1$s watched videos added.	%1$s izlənmiş video əlavə edildi.
%1$s entry skipped.	%1$s qeyd ötürüldü.
%1$s entries skipped.	%1$s qeyd ötürüldü.
Skipped entries are invalid, expired, already recorded, or older than the newest %1$s videos.	Ötürülmüş qeydlər etibarsızdır, vaxtı keçib, artıq saxlanıb və ya ən yeni %1$s videodan köhnədir.
Watch history was imported for the account that chose the file. Switch back to see it.	İzləmə tarixçəsi faylı seçən hesab üçün idxal edildi. Görmək üçün həmin hesaba qayıdın.
Couldn't read that file. Choose it again.	Bu fayl oxuna bilmədi. Onu yenidən seçin.
That file is larger than %1$s MB. Choose a smaller watch-history export.	Bu fayl %1$s MB-dan böyükdür. Daha kiçik izləmə tarixçəsi ixracı seçin.
That file has more than %1$s watch-history entries.	Bu faylda %1$s-dən çox izləmə tarixçəsi qeydi var.
That JSON file doesn't contain the supported TikTok watch history.	Bu JSON faylında dəstəklənən TikTok izləmə tarixçəsi yoxdur.
That watch-history file is damaged. Nothing was imported.	Bu izləmə tarixçəsi faylı zədələnib. Heç nə idxal edilmədi.
%1$d already matched	%1$d dənəsi artıq uyğun gəlir
%1$d areas were checked and everything they need is here.	%1$d sahə yoxlanıldı və onların ehtiyac duyduğu hər şey burada var.
%1$d fields overridden	%1$d sahə əvəzlənib
%1$d fields will be overridden when requested	Tələb olunduqda %1$d sahə əvəzlənəcək
%1$d gates selected	%1$d funksiya qapısı seçildi
%1$d minutes left	%1$d dəqiqə qalıb
%1$d overrides were turned off because the Lab couldn't confirm their gates are unchanged in TikTok %2$s. Review them before turning them back on.	Lab, TikTok %2$s versiyasında funksiya qapılarının dəyişmədiyini təsdiqləyə bilmədiyi üçün %1$d əvəzləmə söndürüldü. Yenidən yandırmazdan əvvəl onlara baxın.
%1$d rejected	%1$d rədd edildi
%1$d results	%1$d nəticə
%1$d results so far	Hələlik %1$d nəticə
%1$d results so far, and more not counted	Hələlik %1$d nəticə, sayılmayanlar da var
%1$d results, filtered to %2$s	%1$d nəticə, filtr: %2$s
%1$d setting wasn't in that file and was left as it is	%1$d ayar həmin faylda yox idi və olduğu kimi saxlanıldı
%1$d settings weren't in that file and were left as they are	%1$d ayar həmin faylda yox idi və olduğu kimi saxlanıldı
%1$d unavailable	%1$d əlçatan deyil
%1$s (%2$s)	%1$s (%2$s)
%1$s (TikTok value)	%1$s (TikTok dəyəri)
%1$s (custom, unverified)	%1$s (fərdi, təsdiqlənməyib)
%1$s (override returned)	%1$s (əvəzləmə qaytarıldı)
%1$s (will be returned when requested)	%1$s (tələb olunduqda qaytarılacaq)
%1$s and above	%1$s və yuxarı
%1$s appears more than once in this file.	%1$s bu faylda bir neçə dəfə rast gəlinir.
%1$s changed	%1$s dəyişdi
%1$s destinations must start with %2$s	%1$s təyinatları %2$s ilə başlamalıdır
%1$s is too long for a settings backup. Shorten it, then save the backup again.	%1$s ayarların ehtiyat nüsxəsi üçün çox uzundur. Onu qısaldın, sonra ehtiyat nüsxəni yenidən saxlayın.
%1$s isn't a language code, so no video would ever match it. Use two letters, like en, es or de.	%1$s dil kodu deyil, ona görə heç bir video onunla uyğun gəlməyəcək. İki hərf yazın, məsələn en, es və ya de.
%1$s needs fixing. %2$s	%1$s düzəliş tələb edir. %2$s
%1$s is a kind of value the Lab can't override.	%1$s Lab-ın əvəzləyə bilmədiyi dəyər növüdür.
%1$s has type %2$s, but the file says %3$s.	%1$s növü %2$s-dir, lakin faylda %3$s yazılıb.
%1$s is already hidden	%1$s artıq gizlidir
%1$s isn't a country code, so no video would ever match it. Use two letters, like GB, IE or US.	%1$s ölkə kodu deyil, ona görə heç bir video onunla uyğun gəlməyəcək. İki hərf yazın, məsələn GB, IE və ya US.
%1$s isn't in this Lab catalog.	%1$s bu Lab kataloqunda yoxdur.
%1$s isn't installed or doesn't take links	%1$s quraşdırılmayıb və ya keçidləri qəbul etmir
%1$s left	%1$s qalıb
%1$s min left	%1$s dəq qalıb
%1$s to %2$s	%1$s - %2$s arası
%1$s videos left	%1$s video qalıb
%1$s videos were recorded before each account kept its own list. They hide nothing until you add them here.	%1$s video hər hesab öz siyahısını saxlamazdan əvvəl qeyd edilib. Onları bura əlavə edənə qədər heç nəyi gizlətmirlər.
%1$s was rejected. %2$s	%1$s rədd edildi. %2$s
%1$s · Hushfeed's list only	%1$s · yalnız Hushfeed siyahısında
%1$s · current value only	%1$s · yalnız cari dəyər
%1$s · declared by TikTok	%1$s · TikTok tərəfindən elan edilib
%1$s · declared by TikTok, with a current value	%1$s · TikTok tərəfindən elan edilib, cari dəyəri ilə
%1$s%%	%1$s%%
%1$s, %2$s, %3$s, %4$s, %5$s	%1$s, %2$s, %3$s, %4$s, %5$s
%1$s, selected	%1$s, seçilib
%1$s. %2$s	%1$s. %2$s
%1$s: %2$d found, %3$d missing	%1$s: %2$d tapıldı, %3$d çatışmır
%1$s: %2$d found, %3$d missing, and more it stopped counting	%1$s: %2$d tapıldı, %3$d çatışmır, sayılmayanlar da var
%1$s: %2$d found, %3$d missing, and more it stopped counting. First missing: %4$s	%1$s: %2$d tapıldı, %3$d çatışmır, sayılmayanlar da var. İlk çatışan: %4$s
%1$s: %2$d found, %3$d missing. First missing: %4$s	%1$s: %2$d tapıldı, %3$d çatışmır. İlk çatışan: %4$s
%1$s: %2$s	%1$s: %2$s
1 field overridden	1 sahə əvəzlənib
1 field will be overridden when requested	Tələb olunduqda 1 sahə əvəzlənəcək
1 gate selected	1 funksiya qapısı seçildi
1 min left	1 dəq qalıb
1 override was turned off because the Lab couldn't confirm its gate is unchanged in TikTok %2$s. Review it before turning it back on.	Lab, TikTok %2$s versiyasında funksiya qapısının dəyişmədiyini təsdiqləyə bilmədiyi üçün 1 əvəzləmə söndürüldü. Yenidən yandırmazdan əvvəl ona baxın.
1 result	1 nəticə
1 result so far	Hələlik 1 nəticə
1 video left	1 video qalıb
A Lab change is already running	Lab dəyişikliyi artıq icra olunur
A diagnostic report is already being saved	Diaqnostik hesabat artıq saxlanılır
A few seconds	Bir neçə saniyə
A field value couldn't be read. Check the values and try again.	Sahə dəyəri oxuna bilmədi. Dəyərləri yoxlayın və yenidən cəhd edin.
A good place to stop, if you want one.	İstəsəniz, dayanmaq üçün yaxşı məqamdır.
A green square in the top corner while TikTok has the camera open, and an orange diamond while it records sound. They go when the access ends.	TikTok kameranı açdığı müddətdə yuxarı küncdə yaşıl kvadrat, səs yazdığı müddətdə isə narıncı romb görünür. Giriş bitdikdə yox olurlar.
Type a website name to use instead of tiktok.com in links you share or copy, like vxtiktok.com. Leave empty to share TikTok's own links. Only TikTok links change, and only the website name.	Paylaşdığınız və ya kopyaladığınız linklərdə tiktok.com əvəzinə istifadə ediləcək sayt adını yazın, məsələn vxtiktok.com. TikTok-un öz linklərini paylaşmaq üçün boş buraxın. Yalnız TikTok linkləri və yalnız sayt adı dəyişir.
A small label on the feed shows the minutes or videos left of today's budget, whichever is closer to running out.	Lentdəki kiçik etiket bugünkü büdcədən qalan dəqiqələri və ya videoları göstərir, hansı daha tez bitirsə.
A tap on Home or on the For You tab while For You is showing no longer reloads it. The video you're on stays.	Sənin üçün göstərilərkən Ana səhifə və ya Sənin üçün nişanına toxunmaq artıq onu yenidən yükləmir. Baxdığınız video qalır.
A video you paused stays paused when you come back to the app instead of starting again. One you left playing starts as usual. It works on Android 10 and newer.	Dayandırdığınız video tətbiqə qayıdanda yenidən başlamır, dayandırılmış qalır. Oynayan video isə həmişəki kimi davam edir. Android 10 və daha yeni versiyalarda işləyir.
A web address someone left in a comment can be tapped instead of copied out by hand. Tapping anywhere else in the comment still does what it did.	Şərhdə qoyulmuş veb ünvana əllə köçürmək əvəzinə toxunmaq olur. Şərhin başqa yerinə toxunmaq əvvəlki kimi işləyir.
AI-generated posts	Süni intellekt ilə yaradılmış paylaşımlar
A forced value applies to this copy of TikTok whichever account is signed in. It can't get past a check the server makes.	Məcburi dəyər hansı hesabla daxil olmağınızdan asılı olmayaraq TikTok-un bu nüsxəsinə tətbiq olunur. Serverin etdiyi yoxlamanı keçə bilməz.
Add older seen videos to this account	Daha köhnə izlənmiş videoları bu hesaba əlavə edin
Added %1$s older seen videos to this account	%1$s daha köhnə izlənmiş video bu hesaba əlavə edildi
Added one older seen video to this account	Bir daha köhnə izlənmiş video bu hesaba əlavə edildi
Added to this account.	Bu hesaba əlavə edildi.
Caption languages	Başlıq dilləri
Separate handles or user IDs with commas. Their videos stay when a filter on post type, labels, age, length or counts would hide them. Ads, blocked creators, words, sounds, countries, caption languages and seen videos still apply.	Hesab adlarını (handle) və ya istifadəçi ID-lərini vergüllə ayırın. Yazı növü, etiketlər, yaş, uzunluq və ya say üzrə filtr onları gizlədəcəksə də, videoları qalır. Reklamlar, bloklanmış yaradıcılar, sözlər, səslər, ölkələr, başlıq dilləri və görülmüş videolar yenə də tətbiq olunur.
Separate language codes with commas, like en, es. A video whose original caption is in another language is hidden. Videos with no caption, or only translated ones, always stay.	Dil kodlarını vergüllə ayırın, məsələn en, es. Orijinal başlığı başqa dildə olan video gizlədilir. Başlığı olmayan və ya yalnız tərcümə olunmuş başlığı olan videolar həmişə qalır.
Comma separated names exactly as the row under a profile's bio shows them, such as TikTok Studio or Your orders. Restart TikTok to apply this.	Profilin bio hissəsinin altındakı sətirdə göstərildiyi kimi vergüllə ayrılmış adlar, məsələn TikTok Studio və ya Your orders. Tətbiq etmək üçün TikTok-u yenidən başladın.
Couldn't add the older seen videos. Try again.	Daha köhnə izlənmiş videoları əlavə etmək alınmadı. Yenidən cəhd edin.
Couldn't copy the report. Use Save report instead.	Hesabatı kopyalamaq alınmadı. Əvəzinə Hesabatı saxla düyməsini istifadə edin.
Couldn't read TikTok's current values (%1$s). Refresh values from the menu to try again.	TikTok-un cari dəyərlərini oxumaq alınmadı (%1$s). Yenidən cəhd etmək üçün menyudan dəyərləri yeniləyin.
Couldn't restart TikTok. Close it and open it again.	TikTok-u yenidən başlatmaq alınmadı. Onu bağlayıb yenidən açın.
Couldn't undo that. Try again.	Bunu geri qaytarmaq alınmadı. Yenidən cəhd edin.
Count a video as seen after	Videonu bu müddətdən sonra izlənmiş say
Forget the %1$s videos @%2$s has seen.	@%2$s tərəfindən izlənmiş %1$s videonu unudun.
Forget the seen video.	İzlənmiş videonu unudun.
Forget the video @%2$s has seen.	@%2$s tərəfindən izlənmiş videonu unudun.
Got it	Aydındır
Hide profile shortcuts	Profil qısayollarını gizlədin
Hide profile shortcuts by name	Profil qısayollarını adına görə gizlədin
Hide the status bar in LIVE rooms	LIVE otaqlarında status panelini gizlədin
How much of a video you watch before it's hidden next time. Zero counts it after a few seconds.	Videonu növbəti dəfə gizlədilməzdən əvvəl nə qədər izləyirsiniz. Sıfır onu bir neçə saniyədən sonra hesab edir.
Later	Sonra
Leave when TikTok says time is up	TikTok vaxtın bitdiyini dedikdə çıxın
Let a LIVE fill the screen up to the top edge. The status bar comes back when you leave the LIVE. Swipe down from the top to peek at it.	LIVE yayımının ekranı yuxarı kənara qədər doldurmasına icazə verin. LIVE-dan çıxdıqda status paneli geri qayıdır. Ona baxmaq üçün yuxarıdan aşağı sürüşdürün.
Loading the gate list and TikTok's current values…	Funksiya qapıları siyahısı və TikTok-un cari dəyərləri yüklənir…
New value	Yeni dəyər
No app on this phone opens that file	Bu telefonda həmin faylı açan tətbiq yoxdur
No profile shortcuts have been seen yet	Hələ heç bir profil qısayolu görünməyib
One video was recorded before each account kept its own list. It hides nothing until you add it here.	Bir video hər hesab öz siyahısını saxlamazdan əvvəl qeyd edilib. O, bura əlavə edənə qədər heç nəyi gizlətmir.
Only these caption languages	Yalnız bu başlıq dilləri
Open	Açın
Open your profile once, then return here to choose its shortcuts.	Profilinizi bir dəfə açın, sonra qısayolları seçmək üçün bura qayıdın.
Photos can't be saved to the folder in that file, so your photo folder was kept	Fotolar həmin fayldakı qovluğa saxlanıla bilmir, ona görə foto qovluğunuz saxlanıldı
Pick the shortcuts to remove from the row under a profile's bio, such as TikTok Studio or Your orders. Restart TikTok to apply this.	Profilin bio hissəsinin altındakı sətirdən silinəcək qısayolları seçin, məsələn TikTok Studio və ya Your orders. Tətbiq etmək üçün TikTok-u yenidən başladın.
Preview shortened. Save report keeps the full report.	Önizləmə qısaldıldı. Hesabatı saxla tam hesabatı saxlayır.
Refreshing TikTok's current values…	TikTok-un cari dəyərləri yenilənir…
Restart TikTok to apply this	Tətbiq etmək üçün TikTok-u yenidən başladın
Save report	Hesabatı saxla
Stay on the video in full screen	Tam ekranda videoda qalın
Stickers can't be saved to the folder in that file, so your sticker folder was kept	Stikerlər həmin fayldakı qovluğa saxlanıla bilmir, ona görə stiker qovluğunuz saxlanıldı
Stop TikTok's speed tests	TikTok-un sürət testlərini dayandır
That creator pattern could stall the feed, so it was skipped: %1$s	Bu yaradıcı şablonu lentin donmasına səbəb ola bilər, ona görə atlandı: %1$s
That creator pattern could stall the feed, so it wasn't added: %1$s	Bu yaradıcı şablonu lentin donmasına səbəb ola bilər, ona görə əlavə edilmədi: %1$s
This key isn't in Hushfeed's list, so its type can't be checked. Reset the override.	Bu açar Hushfeed siyahısında yoxdur, ona görə növü yoxlanıla bilmir. Əvəzləməni sıfırlayın.
This key touches account safety. Forcing it can change login, region, payment or security checks.	Bu açar hesab təhlükəsizliyinə toxunur. Onu məcbur etmək giriş, region, ödəniş və ya təhlükəsizlik yoxlamalarını dəyişə bilər.
Activity	Fəaliyyət
Activity center (PIA)	Fəaliyyət mərkəzi (PIA)
Add	Əlavə edin
Add a button beside the block control to send feedback about the current video.	Cari video haqqında rəy göndərmək üçün bloklama düyməsinin yanına düymə əlavə edin.
Add a button that hides the current creator on this phone without blocking them.	Cari yaradıcını bloklamadan bu telefonda gizlədən düymə əlavə edin.
Add a creator	Yaradıcı əlavə edin
Adds a search box that finds comments already loaded on this video, by words or username. It doesn't search all of TikTok.	Bu videoda artıq yüklənmiş şərhləri sözlə və ya istifadəçi adı ilə tapan axtarış qutusu əlavə edir. Bütün TikTok-da axtarış etmir.
Add a separate button that skips videos using the current sound.	Cari səsdən istifadə edən videoları keçən ayrıca düymə əlavə edin.
Add hidden creator	Gizlədilən yaradıcı əlavə edin
Added %1$s	%1$s əlavə edildi
Ads	Reklamlar
Advanced	Əlavə
Advanced JSON value	Qabaqcıl JSON dəyəri
All	Hamısı
All available languages	Bütün mövcud dillər
All events	Bütün hadisələr
All loaded tabs	Bütün yüklənmiş nişanlar
Allow Duet and Stitch anyway	Duet və Stitch-ə yenə də icazə verin
Allow screenshots and Circle to Search	Ekran görüntülərinə və Circle to Search-ə icazə verin
Allow storage for TikTok in Android settings to save profile pictures	Profil şəkillərini saxlamaq üçün Android ayarlarında TikTok üçün yaddaşa icazə verin
Allow storage for TikTok in Android settings to save sounds	Səsləri saxlamaq üçün Android ayarlarında TikTok üçün yaddaşa icazə verin
Allow storage for TikTok in Android settings to save stories	Hekayələri saxlamaq üçün Android ayarlarında TikTok üçün yaddaşa icazə verin
Already active	Artıq aktivdir
Already marked as not interested	Artıq maraqlı deyil kimi qeyd edilib
Also apply these filters to downloaded videos TikTok uses when the feed can't load enough new items.	Bu filtrləri, lent kifayət qədər yeni element yükləyə bilmədikdə TikTok-un istifadə etdiyi endirilmiş videolara da tətbiq edin.
Also change the region TikTok reports internally. Keeps your interface language. Your IP address and your account's own rules still apply.	TikTok-un daxildə bildirdiyi regionu da dəyişin. İnterfeys dilinizi saxlayır. IP ünvanınız və hesabınızın öz qaydaları yenə də tətbiq olunur.
Always show publish date	Paylaşım tarixini həmişə göstərin
Always show the publish date in video author information. Restart TikTok to apply this.	Paylaşım tarixini video müəllifi məlumatında həmişə göstərin. Tətbiq etmək üçün TikTok-u yenidən başladın.
Type the other app's ID, like com.dv.adm. The save button sends the video's link there instead of saving. Leave empty to save here.	Digər tətbiqin ID-sini yazın, məsələn com.dv.adm. Saxla düyməsi videonun linkini saxlamaq əvəzinə ora göndərir. Burada saxlamaq üçün boş buraxın.
An interrupted settings change couldn't be recovered, so its record was set aside. Check your settings or restore a backup.	Yarımçıq qalmış ayar dəyişikliyi bərpa oluna bilmədi, ona görə onun qeydi kənara qoyuldu. Ayarlarınızı yoxlayın və ya ehtiyat nüsxəni bərpa edin.
An operator code is five or six digits, like 310260	Operator kodu beş və ya altı rəqəmdir, məsələn 310260
An override changes the value TikTok reads from this gate. It doesn't change TikTok's saved copy or prove the named feature changed.	Üstələmə TikTok-un bu açardan oxuduğu dəyəri dəyişir. O, TikTok-un saxlanmış nüsxəsini dəyişmir və adı çəkilən funksiyanın dəyişdiyini sübut etmir.
Animated sticker format	Animasiyalı stiker formatı
TikTok gets no location from your phone. The Region settings change your country and time zone. This switch stops the exact position.	TikTok telefonunuzdan heç bir məkan almır. Region ayarları ölkənizi və saat qurşağınızı dəyişir. Bu açar dəqiq mövqeyi dayandırır.
TikTok sees an empty contact list instead of yours. Find Friends and People you may know can no longer use your contacts.	TikTok sizin əvəzinizə boş kontakt siyahısı görür. Find Friends və People you may know artıq kontaktlarınızdan istifadə edə bilmir.
TikTok sees an empty list of apps instead of the apps on your phone. Checks for one specific app, such as when TikTok opens an app you tap, still work.	TikTok telefonunuzdakı tətbiqlərin əvəzinə boş tətbiq siyahısı görür. Konkret bir tətbiqin yoxlanması, məsələn TikTok-un toxunduğunuz tətbiqi açması, yenə də işləyir.
App	Tətbiq
App AB	App AB
Appearance	Görünüş
Applies to both video and photo downloads.	Həm video, həm də foto endirmələrinə tətbiq olunur.
Apply	Tətbiq edin
Applying Calm feed	Sakit lent tətbiq olunur
Around the video	Videonun ətrafında
Arrange your feed and bottom tabs	Lentinizi və alt nişanları tənzimləyin
Ask TikTok for search results that aren't personalized to your account. This changes results, not search buttons or suggestions.	TikTok-dan hesabınıza fərdiləşdirilməmiş axtarış nəticələri istəyin. Bu, axtarış düymələrini və ya təklifləri yox, nəticələri dəyişir.
Attention	Diqqət
Audio	Audio
Auto translate comments	Şərhləri avtomatik tərcümə edin
Auto-advance	Avtomatik keçid
Staying on a video	Videoda qalmaq
Auto-advance session limit	Avtomatik keçid sessiya limiti
Auto-advance stopped after %1$d videos	Avtomatik keçid %1$d videodan sonra dayandı
Auto-advance stopped after one video	Avtomatik keçid bir videodan sonra dayandı
Auto-advance videos	Avtomatik keçid videoları
Automatic	Avtomatik
Automatic clear display	Avtomatik təmiz ekran
Avatar and follow button	Avatar və izləmə düyməsi
Back	Geri
Back up settings	Ayarların ehtiyat nüsxəsini yaradın
Backup and restore	Ehtiyat nüsxə və bərpa
Black	Qara
Block clipboard reads	Mübadilə buferinin oxunmasını bloklayın
Hide a VPN connection	VPN bağlantısını gizlə
TikTok can't tell you're using a VPN. Your other connections show as they really are. Leave this off if you need a feature that checks for a VPN.	TikTok VPN istifadə etdiyinizi bilmir. Digər bağlantılarınız olduğu kimi görünür. VPN yoxlayan bir funksiyaya ehtiyacınız varsa, bunu söndürülmüş saxlayın.
Block the advertising ID	Reklam ID-sini blokla
TikTok gets a blank advertising ID, like the one Android gives after you reset yours. Apps can't use it to recognize your phone.	TikTok boş reklam ID-si alır, Android-in sizinkini sıfırladıqdan sonra verdiyi kimi. Tətbiqlər onunla telefonunuzu tanıya bilmir.
Block contact list access	Kontakt siyahısına girişi bloklayın
Block installed app scanning	Quraşdırılmış tətbiqlərin skanını bloklayın
Block location	Məkanı bloklayın
Block motion sensors	Hərəkət sensorlarını bloklayın
Block new bottom tabs	Yeni alt nişanları bloklayın
Block new feed tabs	Yeni lent nişanlarını bloklayın
Block the creator in one tap. Once TikTok confirms, skip to the next video. A small Unblock button appears at the top left for two seconds. You can also unblock later in TikTok's Privacy > Blocked accounts.	Yaradıcını bir toxunuşla bloklayın. TikTok təsdiqlədikdən sonra növbəti videoya keçin. Yuxarı sol küncdə iki saniyəlik kiçik Blokdan çıxar düyməsi görünür. Sonra TikTok-un Məxfilik > Bloklanmış hesablar bölməsindən də blokdan çıxara bilərsiniz.
Block this commenter	Bu şərh yazanı bloklayın
Block this creator	Bu yaradıcını bloklayın
Block this sound	Bu səsi bloklayın
Blocked	Bloklanıb
Blocked %1$s	%1$s bloklandı
Blocked %1$s. Unblock	%1$s bloklandı. Blokdan çıxarın
Blocked caption words	Bloklanmış başlıq sözləri
Blocked comment words	Bloklanmış şərh sözləri
Blocked creators	Bloklanmış yaradıcılar
Blocked sound ids	Bloklanmış səs ID-ləri
Blocked sound names	Bloklanmış səs adları
Blocked sounds	Bloklanmış səslər
Blocking	Bloklama
On or off	Açıq və ya qapalı
Bottom tabs to keep	Saxlanacaq alt nişanlar
Browse	Baxış
Calm feed	Sakit lent
Calm feed couldn't be applied. Nothing was changed.	Sakit lenti tətbiq etmək alınmadı. Heç nə dəyişdirilmədi.
Calm feed couldn't start. Try again in a moment.	Sakit lent başlaya bilmədi. Bir azdan yenidən cəhd edin.
Calm feed is on.	Sakit lent yandırılıb.
Calm feed is on. Restart TikTok to apply all changes.	Sakit lent yandırılıb. Bütün dəyişiklikləri tətbiq etmək üçün TikTok-u yenidən başladın.
Camera and microphone in use	Kamera və mikrofon istifadə olunur
Camera in use	Kamera istifadə olunur
Cancel	Ləğv edin
Caption background	Başlıq fonu
Caption text size	Başlıq mətninin ölçüsü
Description text size	Təsvir mətninin ölçüsü
Author text size	Müəllif mətninin ölçüsü
Use 0 for TikTok's size, or %1$d to %2$d. Sizes the description below the author's name and keeps Android's font scaling.	TikTok-un ölçüsü üçün 0 və ya %1$d - %2$d aralığında dəyər istifadə edin. Müəllifin adının altındakı təsvirin ölçüsünü təyin edir və Android-in şrift miqyasını saxlayır.
Use 0 for TikTok's size, or %1$d to %2$d. Sizes the author's name and keeps Android's font scaling.	TikTok-un ölçüsü üçün 0 və ya %1$d - %2$d aralığında dəyər istifadə edin. Müəllifin adının ölçüsünü təyin edir və Android-in şrift miqyasını saxlayır.
Captions	Başlıqlar
Captions, gestures and on-screen controls	Başlıqlar, jestlər və ekrandakı idarəetmələr
Capture crash reports locally	Qəza hesabatlarını yerli olaraq toplayın
Changed	Dəyişdirilib
Choose %1$d to %2$d videos. Values outside this range use the nearest valid limit. Restart TikTok to apply this.	%1$d - %2$d video seçin. Bu aralıqdan kənar dəyərlər ən yaxın etibarlı limitdən istifadə edir. Tətbiq etmək üçün TikTok-u yenidən başladın.
Choose a backup file. Your current settings are kept for Undo.	Ehtiyat nüsxə faylını seçin. Cari ayarlarınız Geri qaytar üçün saxlanılır.
Choose a folder on internal storage. SD cards aren't supported.	Daxili yaddaşda qovluq seçin. SD kartlar dəstəklənmir.
Choose a preset to fill the SIM details.	SIM məlumatlarını doldurmaq üçün hazır ayar seçin.
Choose a subfolder under %1$s.	%1$s altında alt qovluq seçin.
Choose what reaches your feed	Lentinizə nələrin çatacağını seçin
Choose which bottom tabs stay visible.	Hansı alt tabların görünən qalacağını seçin.
Choose which feed tabs stay visible. If only For You is left, its tab name is hidden.	Hansı lent tablarının görünən qalacağını seçin. Yalnız For You qalarsa, tabın adı gizlədilir.
Choose which rows and controls appear	Hansı sətirlərin və idarəetmələrin görünəcəyini seçin
Clear all	Hamısını təmizləyin
Clear all Lab data (overrides, switch, recordings)	Bütün Lab məlumatlarını təmizləyin (əvəzləmələr, açar, qeydlər)
Clear all suggested accounts	Bütün təklif olunan hesabları təmizləyin
Clears the recent events, saved crash reports, a recorded screen layout and the Hook status results above.	Son hadisələri, saxlanmış çökmə hesabatlarını, qeydə alınmış ekran düzümünü və yuxarıdakı Hook status nəticələrini silir.
Record a screen's layout	Ekranın düzümünü qeyd edin
Tap, then go to the screen with what you want hidden. After %1$d seconds Hushfeed records how that screen is built, without any of its text, for the diagnostic report.	Toxunun, sonra gizlətmək istədiyiniz şeyin olduğu ekrana keçin. %1$d saniyədən sonra Hushfeed diaqnostik hesabat üçün həmin ekranın mətni olmadan necə qurulduğunu qeyd edir.
TikTok sometimes tests your phone's speed in a background process that can use a lot of memory. This stops that test from starting. One already running ends when TikTok restarts.	TikTok bəzən telefonunuzun sürətini çoxlu yaddaş istifadə edə bilən arxa plan prosesində sınayır. Bu, həmin testin başlamasının qarşısını alır. Artıq işləyən test TikTok yenidən başlayanda bitir.
Waiting to record. Go to the screen you want recorded.	Qeyd üçün gözlənilir. Qeyd etmək istədiyiniz ekrana keçin.
A screen's layout is recorded. Export the diagnostic report to send it, or tap to record another.	Ekranın düzümü qeyd edildi. Göndərmək üçün diaqnostik hesabatı ixrac edin və ya başqasını qeyd etmək üçün toxunun.
Go to the screen now. Hushfeed records its layout in %1$d seconds.	İndi ekrana keçin. Hushfeed onun düzümünü %1$d saniyəyə qeyd edir.
Screen layout recorded. Export the diagnostic report to send it.	Ekranın düzümü qeyd edildi. Göndərmək üçün diaqnostik hesabatı ixrac edin.
Nothing was recorded because Hushfeed settings were still open. Start again, then leave settings.	Hushfeed ayarları hələ açıq olduğu üçün heç nə qeyd edilmədi. Yenidən başlayın, sonra ayarlardan çıxın.
Couldn't record the screen's layout. Start again from Diagnostics.	Ekranın düzümünü qeyd etmək alınmadı. Diaqnostika bölməsindən yenidən başlayın.
Clear diagnostic data	Diaqnostik məlumatları təmizləyin
Clear display	Təmiz ekran
Clear display delay	Təmiz ekran gecikməsi
Clear preset	Hazır ayarı təmizləyin
Clear search	Axtarışı təmizləyin
Clear seen videos	İzlənmiş videoları təmizləyin
Clear the search	Axtarışı təmizləyin
Cleared. Tap to undo before TikTok closes.	Təmizləndi. TikTok bağlanmazdan əvvəl geri qaytarmaq üçün toxunun.
Clearing	Təmizlənir
Clearing suggested accounts	Təklif olunan hesablar təmizlənir
Clearing, %1$d so far	Təmizlənir, hələlik %1$d
Close	Bağlayın
Separate account handles or user IDs with commas. Videos from these accounts are always hidden. An entry between slashes, like /^news_/, is a search pattern checked against the handle and display name.	Hesab adlarını (handle) və ya istifadəçi ID-lərini vergüllə ayırın. Bu hesabların videoları həmişə gizlədilir. /^news_/ kimi çəpəki xətlər arasındakı yazı ad və göstərilən ada qarşı yoxlanan axtarış nümunəsidir.
Separate country codes with commas, like GB, IE. Videos posted from anywhere else are hidden. Leave empty for all countries.	Ölkə kodlarını vergüllə ayırın, məsələn GB, IE. Başqa yerlərdən paylaşılan videolar gizlədilir. Bütün ölkələr üçün boş buraxın.
Separate country codes with commas. Videos posted from these are hidden, whatever the list above says.	Ölkə kodlarını vergüllə ayırın. Bunlardan paylaşılan videolar yuxarıdakı siyahıdan asılı olmayaraq gizlədilir.
Separate the titles of any other Inbox rows you want to hide with commas, spelled exactly. Use this for anything not listed above.	Gizlətmək istədiyiniz digər Inbox sətirlərinin başlıqlarını dəqiq yazılışla, vergüllə ayırın. Yuxarıda olmayan hər şey üçün istifadə edin.
Separate names with commas, exactly as the share sheet shows them. These can be friends in the Send to row, apps such as Facebook, or actions such as Create group or Repost. The words copy, save and dislike also work before the sheet has opened.	Adları paylaşma vərəqində göründüyü kimi, vergüllə ayırın. Bunlar Send to sətrindəki dostlar, Facebook kimi tətbiqlər və ya Create group və Repost kimi əməliyyatlar ola bilər. Copy, save və dislike sözləri vərəq açılmamışdan əvvəl də işləyir.
Sound IDs saved by the player's sound button, separated by commas. Remove one to unblock it.	Pleyerin səs düyməsi ilə saxlanan səs ID-ləri, vergüllə ayrılmış. Blokdan çıxarmaq üçün birini silin.
Separate usernames or display names with commas. Their comments are hidden.	İstifadəçi adlarını və ya göstərilən adları vergüllə ayırın. Onların şərhləri gizlədilir.
Separate words or phrases with commas. Videos whose caption matches are hidden. Capital letters don't matter. Write "a" & "b" to need both phrases, or "a" !& "b" to need the first without the second.	Sözləri və ya ifadələri vergüllə ayırın. Başlığı uyğun gələn videolar gizlədilir. Böyük hərflərin əhəmiyyəti yoxdur. Hər iki ifadənin olmasını tələb etmək üçün "a" & "b" yazın, birincinin olub ikincinin olmamasını tələb etmək üçün "a" !& "b" yazın.
Separate words with commas, like saxophone, to match against sound names. Capital letters don't matter.	Səs adlarına qarşı yoxlanacaq sözləri vergüllə ayırın, məsələn saxophone. Böyük hərflərin əhəmiyyəti yoxdur.
Separate words with commas. A comment is hidden if it contains any of them. Capital letters don't matter. Write "a" & "b" to need both phrases, or "a" !& "b" to need the first without the second.	Sözləri vergüllə ayırın. Bunlardan hər hansı birini ehtiva edən şərh gizlədilir. Böyük hərflərin əhəmiyyəti yoxdur. Hər iki ifadənin olmasını tələb etmək üçün "a" & "b" yazın, birincinin olub ikincinin olmamasını tələb etmək üçün "a" !& "b" yazın.
Comment media filename	Şərh mediasının fayl adı
Comments	Şərhlər
Comments aren't available for this video	Bu video üçün şərhlər əlçatan deyil
Comments beside the video	Videonun yanında şərhlər
Compact comment header	Yığcam şərh başlığı
Compare gate reads with their previous values.	Qapı oxunuşlarını əvvəlki dəyərləri ilə müqayisə edin.
Completed an interrupted settings change. Restart TikTok to apply this.	Yarımçıq qalmış ayar dəyişikliyi tamamlandı. Tətbiq etmək üçün TikTok-u yenidən başladın.
Config	Konfiqurasiya
Config (Settings Manager)	Konfiqurasiya (Ayar meneceri)
Confirm before a quick repost	Sürətli yenidən paylaşmadan əvvəl təsdiq istəyin
Confirm before following	İzləməzdən əvvəl təsdiq istəyin
Confirm before liking	Bəyənməzdən əvvəl təsdiq istəyin
Confirm before liking a comment	Şərhi bəyənməzdən əvvəl təsdiq istəyin
Confirm before liking a story	Hekayəni bəyənməzdən əvvəl təsdiq istəyin
Continue supported videos from where you stopped when you scroll back to them.	Dəstəklənən videolara geri sürüşdürəndə onları dayandığınız yerdən davam etdirin.
Controls	İdarəetmələr
Feature gate report copied	Funksiya qapısı hesabatı kopyalandı
# context: Diagnostics, the feed capture row (its titles and summaries) and its toasts
Capture the feed	Lenti qeydə alın
Tap to start, then scroll until the feed problem shows up and come back here to save it. The file has no captions or names, and videos and creators appear only as short codes. Read it before you share it.	Başlamaq üçün toxunun, sonra lentdəki problem görünənə qədər sürüşdürün və saxlamaq üçün bura qayıdın. Faylda başlıqlar və adlar olmur, videolar və yaradıcılar yalnız qısa kodlarla göstərilir. Paylaşmazdan əvvəl onu oxuyun.
Stop and save the feed capture	Lent qeydini dayandırın və saxlayın
Recording what the feed filters keep and hide. Tap to stop and save it in %1$s.	Lent filtrlərinin saxladığı və gizlətdiyi qeydə alınır. Dayandırıb %1$s qovluğunda saxlamaq üçün toxunun.
Save the feed capture	Lent qeydini saxlayın
The last feed capture wasn't saved. Tap to try again.	Son lent qeydi saxlanılmadı. Yenidən cəhd etmək üçün toxunun.
Feed capture started. Scroll until the problem shows up, then come back here to stop.	Lent qeydi başladı. Problem görünənə qədər sürüşdürün, sonra dayandırmaq üçün bura qayıdın.
The feed capture is still being saved	Lent qeydi hələ saxlanılır
Feed capture saved to %1$s. Read it before you share it.	Lent qeydi %1$s yerinə saxlanıldı. Paylaşmazdan əvvəl onu oxuyun.
The feed capture couldn't be saved. Tap the row to try again.	Lent qeydi saxlanıla bilmədi. Yenidən cəhd etmək üçün sətirə toxunun.
Couldn't start saving the feed capture. Try again in a moment.	Lent qeydini saxlamağa başlamaq alınmadı. Bir azdan yenidən cəhd edin.
Copy a quick report or save the full report as a file.	Qısa hesabatı kopyalayın və ya tam hesabatı fayl kimi saxlayın.
Copy comments without username	Şərhləri istifadəçi adı olmadan kopyalayın
Copy only the comment text when using TikTok's copy comment action.	TikTok-un şərhi kopyalama əməliyyatından istifadə edəndə yalnız şərhin mətnini kopyalayın.
Copy quick report	Qısa hesabatı kopyalayın
Copy report	Hesabatı kopyalayın
Copy the sound link	Səsin keçidini kopyalayın
Copy the video link	Videonun keçidini kopyalayın
Couldn't change the Lab settings. Try again.	Lab ayarlarını dəyişmək alınmadı. Yenidən cəhd edin.
Couldn't clear the suggested accounts. Reopen the Inbox and try again.	Təklif olunan hesabları təmizləmək alınmadı. Gələnləri yenidən açın və yenidən cəhd edin.
Couldn't open settings search. Reopen settings and try again.	Ayar axtarışını açmaq alınmadı. Ayarları yenidən açın və yenidən cəhd edin.
Couldn't open that settings section. Reopen settings and try again.	Həmin ayar bölməsini açmaq alınmadı. Ayarları yenidən açın və yenidən cəhd edin.
Couldn't open the file picker to export. Try again.	İxrac üçün fayl seçicisini açmaq alınmadı. Yenidən cəhd edin.
Couldn't open the file picker to import. Try again.	İdxal üçün fayl seçicisini açmaq alınmadı. Yenidən cəhd edin.
Couldn't put back the diagnostic data. Try again.	Diaqnostik məlumatları geri qaytarmaq alınmadı. Yenidən cəhd edin.
Couldn't read who posted this comment. Open their profile and block them there.	Bu şərhi kimin yazdığını oxumaq alınmadı. Onun profilini açın və orada bloklayın.
Couldn't reset this override. Try again.	Bu əvəzləməni sıfırlamaq alınmadı. Yenidən cəhd edin.
Couldn't restore the settings. Try again.	Ayarları bərpa etmək alınmadı. Yenidən cəhd edin.
Couldn't reset the settings. Try again.	Ayarları sıfırlamaq alınmadı. Yenidən cəhd edin.
Couldn't undo the last change. Try again.	Son dəyişikliyi geri qaytarmaq alınmadı. Yenidən cəhd edin.
Couldn't save the settings backup. Try again.	Ayarların ehtiyat nüsxəsini saxlamaq alınmadı. Yenidən cəhd edin.
Couldn't save this override. Try again.	Bu əvəzləməni saxlamaq alınmadı. Yenidən cəhd edin.
Couldn't send the feedback. Try again in a moment.	Rəyi göndərmək alınmadı. Bir azdan yenidən cəhd edin.
Couldn't start the Lab change. Try again in a moment.	Lab dəyişikliyini başlatmaq alınmadı. Bir azdan yenidən cəhd edin.
Couldn't start the report export. Try again in a moment.	Hesabatın ixracını başlatmaq alınmadı. Bir azdan yenidən cəhd edin.
Couldn't start the settings change. Try again in a moment.	Ayar dəyişikliyini başlatmaq alınmadı. Bir azdan yenidən cəhd edin.
Couldn't tell which folder to update. Choose it again.	Hansı qovluğun yenilənəcəyi müəyyən edilmədi. Onu yenidən seçin.
Couldn't undo the clear. Try again.	Təmizləməni geri qaytarmaq alınmadı. Yenidən cəhd edin.
Couldn't confirm the block for %1$s. Open their profile to check.	%1$s üçün bloklamanı təsdiqləmək alınmadı. Yoxlamaq üçün onun profilini açın.
Couldn't confirm the unblock for %1$s. Open their profile to check.	%1$s üçün blokdan çıxarmanı təsdiqləmək alınmadı. Yoxlamaq üçün onun profilini açın.
Country and network preferences	Ölkə və şəbəkə seçimləri
Country code	Ölkə kodu
Counts under the buttons	Düymələrin altındakı say göstəriciləri
Create	Yaradın
Creators and sounds	Yaradıcılar və səslər
Creators hidden on this phone	Bu telefonda gizlədilən yaradıcılar
Creators you hid from a video. Search the list and remove one at a time.	Videodan gizlətdiyiniz yaradıcılar. Siyahıda axtarın və birər-birər silin.
Current	Cari
Current %1$s	Cari %1$s
Current state	Cari vəziyyət
Current: %1$s	Cari: %1$s
Custom SIM details	Fərdi SIM məlumatları
Custom value	Fərdi dəyər
Custom value…	Fərdi dəyər…
Protect external pages in TikTok's browser	TikTok brauzerində xarici səhifələri qoruyun
Daily budget	Gündəlik büdcə
Daily budgets, reminders and the hold	Gündəlik büdcələr, xatırlatmalar və fasilə
Daily time budget	Gündəlik vaxt büdcəsi
Daily video budget	Gündəlik video büdcəsi
Dark	Tünd
Days to remember a video. Zero removes the age limit. History keeps at most %1$s videos.	Videonu neçə gün yadda saxlamaq. Sıfır yaş limitini silir. Tarixçə ən çox %1$s video saxlayır.
Days. Zero keeps every age. Posts without a usable timestamp, including future posts, stay visible.	Gün. Sıfır bütün yaşları saxlayır. İstifadə edilə bilən vaxt damğası olmayan paylaşımlar, o cümlədən gələcək paylaşımlar, görünən qalır.
Default	Defolt
Default playback speed	Defolt oxutma sürəti
Destination updated	Təyinat yeniləndi
Device access	Cihaz girişi
Device language, then original	Cihaz dili, sonra orijinal
Diagnostic data cleared. Tap again to put it back.	Diaqnostik məlumatlar təmizləndi. Geri qaytarmaq üçün yenidən toxunun.
Diagnostic data put back	Diaqnostik məlumatlar geri qaytarıldı
Diagnostic report copied to the clipboard	Diaqnostik hesabat mübadilə buferinə kopyalandı
Diagnostics	Diaqnostika
Disable	Söndürün
Stop analytics and tracking	Analitikanı və izləməni dayandırın
Long-press Home for Hushfeed settings	Hushfeed ayarları üçün Ana səhifəni uzun basın
Press and hold the Home tab to open these settings. A tap on Home works as before.	Bu ayarları açmaq üçün Ana səhifə nişanını basıb saxlayın. Ana səhifəyə toxunmaq əvvəlki kimi işləyir.
Keep For You on a Home tap	Ana səhifəyə toxunanda Sənin üçün nişanında qalın
Keep For You on a pull down	Aşağı çəkəndə Sənin üçün nişanında qalın
Keep long press from quick sharing	Uzun basmanın sürətli paylaşmanı işə salmasının qarşısını alın
Keep long press from reposting	Uzun basmanın yenidən paylaşmanı işə salmasının qarşısını alın
Disabled	Qapalıb
Discard edits	Redaktələri ləğv edin
Dismissed %1$s suggested accounts	%1$s təklif olunan hesab bağlandı
Dismissed one suggested account	Bir təklif olunan hesab bağlandı
Don't start the feed on returning	Qayıdanda lenti başlatmayın
Do nothing	Heç nə etməyin
Done	Hazırdır
Double tap	İki dəfə toxunma
Download original photos	Orijinal fotoları endirin
Downloads	Endirmələr
Drag to move, release to place	Daşımaq üçün sürüşdürün, yerləşdirmək üçün buraxın
Drama and Series	Dram və Seriallar
Shows TikTok's text in your phone's font instead of TikTok Sans. Icons and gift animations keep their own fonts. Restart TikTok to see the change.	TikTok-un mətnini TikTok Sans əvəzinə telefonunuzun şriftində göstərir. İkonlar və hədiyyə animasiyaları öz şriftlərini saxlayır. Dəyişikliyi görmək üçün TikTok-u yenidən başladın.
Hide the notification saying somebody new followed you before it reaches the drawer. Every other notification is left alone, and the follower still appears in the Inbox.	Yeni kiminsə sizi izlədiyini bildirən bildirişi şəkildə çatmazdan əvvəl gizlədin. Digər bütün bildirişlərə toxunulmur və izləyici yenə də Gələnlərdə görünür.
Each area shows how many of the things Hushfeed looks for were found in this TikTok and how many are missing.	Hər sahə Hushfeed-in axtardığı şeylərdən neçəsinin bu TikTok-da tapıldığını və neçəsinin çatışmadığını göstərir.
Easier comment likes	Şərh bəyənmələri daha asan
Empty	Boş
Empty the menu that opens when you press and hold TikTok's icon on the home screen. Turning this off asks TikTok to build them again. Tapping the icon still opens the app, and a shortcut you pinned yourself stays where you put it.	Ana ekranda TikTok ikonunu basıb saxlayanda açılan menyunu boşaldın. Bunu söndürmək TikTok-dan onları yenidən yaratmasını istəyir. İkona toxunmaq tətbiqi yenə də açır, özünüz sancdığınız qısayol isə qoyduğunuz yerdə qalır.
Enable	Yandırın
Log diagnostics	Diaqnostikanı qeyd edin
Lock the hold speed with a pull down	Basıb saxlama sürətini aşağı çəkməklə kilidləyin
Apply overrides	Əvəzləmələri tətbiq edin
Enabled	Yandırılıb
Enter a JSON object or array.	JSON obyekti və ya massivi daxil edin.
Enter a creator handle or id	Yaradıcının istifadəçi adını və ya ID-sini daxil edin
Enter a finite number.	Sonlu ədəd daxil edin.
Enter a number.	Ədəd daxil edin.
Enter an hour, like 6 or 06:00.	Saat daxil edin, məsələn 6 və ya 06:00.
Enter a valid structured value.	Etibarlı strukturlu dəyər daxil edin.
Enter a valid two-letter country code	Etibarlı iki hərfli ölkə kodu daxil edin
Enter a whole number, or one like 20K, 1.5M or 2B	Tam ədəd və ya 20K, 1.5M, 2B kimi dəyər daxil edin
Enter a whole number.	Tam ədəd daxil edin.
Enter true or false.	true və ya false daxil edin.
Enter up to %1$d comma-separated speeds from %2$s to %3$s	%2$s ilə %3$s arasında vergüllə ayrılmış ən çox %1$d sürət daxil edin
That isn't valid JSON. Check the brackets and quotes.	Bu etibarlı JSON deyil. Mötərizələri və dırnaqları yoxlayın.
Entry %1$d has a field with the wrong data type.	%1$d nömrəli girişdə səhv məlumat növü olan sahə var.
Entry %1$d isn't an object.	%1$d nömrəli giriş obyekt deyil.
Errors	Xətalar
Expand activity list	Fəaliyyət siyahısını genişləndirin
Explore or Community	Kəşf et və ya İcma
Export diagnostic report	Diaqnostik hesabatı ixrac edin
Export loaded values	Yüklənmiş dəyərləri ixrac edin
Exported %1$d loaded values	%1$d yüklənmiş dəyər ixrac edildi
Exported 1 loaded value	1 yüklənmiş dəyər ixrac edildi
Makes the heart easier to tap by using the empty space around it. The icon and spacing look the same, and Reply and other buttons keep their own space.	Ürək işarəsinin ətrafındakı boş yerdən istifadə edərək ona toxunmağı asanlaşdırır. İşarə və məsafələr eyni görünür, Reply və digər düymələr öz yerini saxlayır.
Fade the feed out before the hold	Fasilədən əvvəl lenti sönükləşdirin
Feature Gate Lab	Feature Gate Lab
Feature gate override reset	Funksiya qapısı əvəzləməsi sıfırlandı
Feature gate override saved	Funksiya qapısı əvəzləməsi saxlanıldı
Feed and navigation	Lent və naviqasiya
Feed button size	Lent düyməsinin ölçüsü
Feed filter	Lent filtri
Feed screen	Lent ekranı
Feed tabs	Lent nişanları
Feed tabs to keep	Saxlanacaq lent nişanları
Field %1$s can't be changed on this build. Take it out of the override, or reset the override.	%1$s sahəsi bu buildə dəyişdirilə bilməz. Onu əvəzləmədən çıxarın və ya əvəzləməni sıfırlayın.
Field edits were discarded	Sahə redaktələri ləğv edildi
Field edits weren't saved	Sahə redaktələri saxlanılmadı
Files	Fayllar
Filter bottom tabs	Alt nişanları süzün
Filter comments by keyword	Şərhləri açar sözə görə süzün
Filter feed tabs	Lent nişanlarını süzün
Filter location-tagged videos	Məkan etiketli videoları süzün
Filter TikTok's offline videos	TikTok-un oflayn videolarını süzün
Filter settings	Ayarları süzün
Filter the list	Siyahını süzün
Filter: %1$s	Filtr: %1$s
Filters, translation and copy options	Filtrlər, tərcümə və kopyalama seçimləri
First caller	İlk çağıran
First rejection:	İlk rədd:
Fit the video to the screen	Videonu ekrana sığdırın
Fill the screen with the video	Ekranı videoyla doldurun
Crop the video until it covers the whole window. On a tall phone the black strip TikTok leaves under a video goes and so does a little of each side.	Videonu bütün pəncərəni örtənə qədər kəsin. Hündür telefonda TikTok-un videonun altında buraxdığı qara zolaq yox olur, hər iki tərəfdən də bir az kəsilir.
Focus	Fokus
Follow probe	İzləmə yoxlaması
Following	İzlənilənlər
For You	Sənin üçün
Works only with YTDLnis (com.deniscerri.ytdl). Picks audio or video when the save button sends it a link.	Yalnız YTDLnis (com.deniscerri.ytdl) ilə işləyir. Saxla düyməsi ona link göndərəndə səs və ya video seçir.
Works only with YTDLnis (com.deniscerri.ytdl). Starts the download in the background without showing its download card.	Yalnız YTDLnis (com.deniscerri.ytdl) ilə işləyir. Yükləməni yükləmə kartını göstərmədən arxa planda başladır.
Forced %1$d gates of %2$d. The rest don't take a true or false value. Restart TikTok to apply this.	%2$d qapıdan %1$d qapı məcbur edildi. Qalanları true və ya false dəyəri qəbul etmir. Tətbiq etmək üçün TikTok-u yenidən başladın.
Forced %1$d gates. Restart TikTok to apply this.	%1$d qapı məcbur edildi. Tətbiq etmək üçün TikTok-u yenidən başladın.
Forced 1 gate of %2$d. The rest don't take a true or false value. Restart TikTok to apply this.	%2$d qapıdan 1 qapı məcbur edildi. Qalanları true və ya false dəyəri qəbul etmir. Tətbiq etmək üçün TikTok-u yenidən başladın.
Forced 1 gate. Restart TikTok to apply this.	1 qapı məcbur edildi. Tətbiq etmək üçün TikTok-u yenidən başladın.
Forced result	Məcburi nəticə
Forget seen videos after	İzlənmiş videoları bu müddətdən sonra unudun
Forget the %1$s seen videos.	%1$s izlənmiş videonu unudun.
Forget what has been counted today and end any hold. The budgets themselves are left alone.	Bu gün sayılanları unudun və bütün fasilələri bitirin. Büdcələrin özünə toxunulmur.
Friends	Dostlar
Full comment sort options	Tam şərh çeşidləmə seçimləri
Full license	Tam lisenziya
Full report saved to %1$s	Tam hesabat %1$s yerinə saxlanıldı
GIF	GIF
Gate data unavailable	Qapı məlumatları əlçatan deyil
Gate details	Qapı təfərrüatları
Generated defaults	Yaradılmış defoltlar
Gestures	Jestlər
Ghost mode	Xəyal rejimi
Hand-off	Ötürmə
Handle or id	İstifadəçi adı və ya ID
Hidden %1$s on this phone	Bu telefonda %1$s gizlədildi
Hidden commenters	Gizlədilən şərh yazanlar
Blocked and hidden creators	Bloklanmış və gizlədilən yaradıcılar
Hidden: %1$s	Gizlədilib: %1$s
Hide	Gizlədin
Hide AI-generated videos	Süni intellektlə yaradılmış videoları gizlədin
Hide CAPTCHA popups	CAPTCHA pəncərələrini gizlədin
Hide LIVE replays	LIVE təkrarlarını gizlədin
Hide LIVE videos	LIVE videoları gizlədin
Hide LIVE videos from the feed.	LIVE videoları lentdən gizlədin.
Hide Search this image prompts	Bu şəkli axtarın təkliflərini gizlədin
Hide Series	Seriyaları gizlədin
Hide TikTok Shop	TikTok Shop-u gizlədin
Hide TikTok Shop posts from the feed.	TikTok Shop paylaşımlarını lentdən gizlədin.
Shop order updates and coupon messages no longer take up rows in the Inbox. Your orders are unchanged.	Shop sifariş yenilikləri və kupon mesajları artıq Gələnlərdə yer tutmur. Sifarişləriniz dəyişmir.
Hide TikTok's "Search: ..." banner above the comment count. This doesn't hide the comments or Hushfeed's comment-search box.	Şərh sayının üstündəki TikTok-un "Axtar: ..." bannerini gizlədin. Bu, şərhləri və ya Hushfeed-in şərh axtarış qutusunu gizlətmir.
Hide the quick emoji row and automatic sticker suggestions that appear while you type. The emoji and sticker buttons still work.	Yazarkən görünən sürətli emoji sətrini və avtomatik stiker təkliflərini gizlədin. Emoji və stiker düymələri yenə də işləyir.
Hide activity	Fəaliyyəti gizlədin
Hide activity status	Fəaliyyət statusunu gizlədin
Hide ads, Shop posts, LIVE videos and replays, promotional music, and paid partnerships.	Reklamları, Shop paylaşımlarını, LIVE videoları və təkrarları, tanıtım musiqisini və ödənişli tərəfdaşlıqları gizlədin.
Hide archive	Arxivi gizlədin
Hide bottom tabs TikTok adds later unless you allow them.	TikTok-un sonradan əlavə etdiyi alt nişanları siz icazə verməyincə gizlədin.
Unavailable on these TikTok builds. All verification challenges stay visible.	Bu TikTok buildlərində əlçatan deyil. Bütün doğrulama tapşırıqları görünən qalır.
Hide buttons in the right column	Sağ sütundakı düymələri gizlədin
Hide comment polls	Şərh sorğularını gizlədin
Show poll results before voting	Səs verməzdən əvvəl sorğu nəticələrini göstərin
A comment poll shows how many picked each answer before you vote. Tapping an answer still votes.	Şərh sorğusu siz səs verməzdən əvvəl hər cavabı neçə nəfərin seçdiyini göstərir. Cavaba toxunmaq yenə də səs verir.
Hide comment popup ads	Şərh pəncərəsi reklamlarını gizlədin
Hide comments made of an image or a sticker instead of words.	Sözlərdən deyil, şəkil və ya stikerdən ibarət şərhləri gizlədin.
Hide comments that contain any of the words below, or that come from the accounts below.	Aşağıdakı sözlərdən hər hansı birini ehtiva edən və ya aşağıdakı hesablardan gələn şərhləri gizlədin.
Hide controls after each video starts. Tap to restore them.	Hər video başlayandan sonra idarəetmələri gizlədin. Bərpa etmək üçün toxunun.
Hide conversations	Söhbətləri gizlədin
Hide every direct message conversation. Leaves the Inbox empty apart from whatever else is still turned on.	Bütün birbaşa mesaj söhbətlərini gizlədin. Hələ də yandırılmış başqa şeylər istisna olmaqla, Gələnlər boş qalır.
Hide floating promotion badges, coins, and timer banners on the feed.	Lentdəki üzən tanıtım nişanlarını, sikkələri və taymer bannerlərini gizlədin.
Hide floating promotions	Üzən tanıtımları gizlədin
Hide inserted cards	Əlavə edilmiş kartları gizlədin
Hide location labels	Məkan etiketlərini gizlədin
Hide message requests	Mesaj sorğularını gizlədin
Hide message streaks	Mesaj seriyalarını gizlədin
Hide new follower notifications	Yeni izləyici bildirişlərini gizlədin
Hide new followers	Yeni izləyiciləri gizlədin
Hide paid partnerships	Ödənişli tərəfdaşlıqları gizlədin
Hide people and options by name	İnsanları və seçimləri adına görə gizlədin
Hide photo posts	Foto paylaşımlarını gizlədin
Hide photo posts from the feed.	Foto paylaşımlarını lentdən gizlədin.
Hide picture comments	Şəkilli şərhləri gizlədin
Hide place badges on videos, including cards with multiple places. Videos and your location permissions stay unchanged.	Videolardakı məkan nişanlarını, o cümlədən bir neçə məkanlı kartları gizlədin. Videolar və məkan icazələriniz dəyişmir.
Hide effect and template tags	Effekt və şablon etiketlərini gizlədin
Hide the tags above a video's description that invite you to try an effect, a template, CapCut or an AI style. Location labels and the music line have their own switches.	Videonun təsvirinin üstündə effekt, şablon, CapCut və ya süni intellekt üslubunu sınamağa dəvət edən etiketləri gizlədin. Məkan etiketləri və musiqi sətri üçün ayrıca açarlar var.
Hide playlist videos	Pleylist videolarını gizlədin
Hide promotional music	Tanıtım musiqisini gizlədin
Hide comment typing suggestions	Şərh yazma təkliflərini gizlədin
Hide recommended searches before you type on TikTok's search page. Your search history stays. This doesn't hide suggestions above comments.	TikTok-un axtarış səhifəsində yazmazdan əvvəl tövsiyə olunan axtarışları gizlədin. Axtarış tarixçəniz qalır. Bu, şərhlərin üstündəki təklifləri gizlətmir.
Hide rows by title	Sətirləri başlığa görə gizlədin
Hide search rewards	Axtarış mükafatlarını gizlədin
Hide search suggestions above comments	Şərhlərin üstündəki axtarış təkliflərini gizlədin
Hide share actions	Paylaşma əməliyyatlarını gizlədin
Hide sharing apps	Paylaşma tətbiqlərini gizlədin
Hide stories	Hekayələri gizlədin
Hide stories from the feed.	Hekayələri lentdən gizlədin.
Hide stories tray	Hekayə panelini gizlədin
The accounts TikTok suggests you follow no longer take up rows in the Inbox.	TikTok-un izləməyi təklif etdiyi hesablar artıq Gələnlərdə yer tutmur.
Hide suggested accounts	Təklif olunan hesabları gizlədin
Hide suggestions on the search page	Axtarış səhifəsindəki təklifləri gizlədin
Hide surveys	Sorğuları gizlədin
Hide tabs TikTok adds later unless you allow them.	TikTok-un sonradan əlavə etdiyi nişanları siz icazə verməyincə gizlədin.
Hide the "Search this image" prompt shown over videos. The feed search button and suggestions above comments are separate settings.	Videoların üstündə göstərilən "Bu şəkli axtarın" təklifini gizlədin. Lentdəki axtarış düyməsi və şərhlərin üstündəki təkliflər ayrı ayarlardır.
The Activity row of likes and comments on your posts leaves the Inbox. Notifications about them still arrive.	Postlarınızdakı bəyənmə və şərhlərin Fəaliyyət sətri Gələnlərdən çıxır. Onlar haqqında bildirişlər yenə də gəlir.
The Archive row leaves the Inbox. Archived chats are kept.	Arxiv sətri Gələnlərdən çıxır. Arxivlənmiş söhbətlər saxlanılır.
Hide the Full screen button	Tam ekran düyməsini gizlədin
Hide the Full screen button over videos. Playback and automatic rotation keep working as before.	Videoların üstündəki Tam ekran düyməsini gizlədin. Oxutma və avtomatik fırlanma əvvəlki kimi işləyir.
Hide the Inbox search button	Gələnlər axtarış düyməsini gizlədin
Hide the LIVE button	LIVE düyməsini gizlədin
Hide the LIVE button in the top left corner of the feed.	Lentin yuxarı sol küncündəki LIVE düyməsini gizlədin.
Hide the side menu button	Yan menyu düyməsini gizlədin
Hide the button at the top left of the feed that opens TikTok's side menu, with Your orders, TikTok Minis and more.	Lentin yuxarı sol küncündə TikTok-un yan menyusunu açan düyməni gizlədin. Menyuda Your orders, TikTok Minis və başqaları var.
The Message requests row leaves the Inbox. Requests keep arriving and wait there until you turn this off.	Mesaj sorğuları sətri Gələnlərdən çıxır. Sorğular gəlməyə davam edir və bunu söndürənə qədər orada gözləyir.
The New followers row leaves the top of the Inbox. The accounts still follow you.	Yeni izləyicilər sətri Gələnlərin yuxarısından çıxır. Hesablar yenə də sizi izləyir.
Hide the Report button on videos	Videolardakı Şikayət düyməsini gizlədin
Hide the Send to row	Send to sətrini gizlədin
Hide the Tako AI bubble above the profile button, the Ask bar under videos, the Ask Tako button on the search page, the Ask Tako tab on search results and the Tako bar above comments.	Profil düyməsinin üstündəki Tako AI qabarcığını, videoların altındakı Ask panelini, axtarış səhifəsindəki Ask Tako düyməsini, axtarış nəticələrindəki Ask Tako nişanını və şərhlərin üstündəki Tako panelini gizlədin.
The Tako assistant's conversation leaves the Inbox list. The Tako bubble on the feed has its own switch under Feed tabs.	Tako köməkçisinin söhbəti Gələnlər siyahısından çıxır. Lentdəki Tako qabarcığının Lent nişanları altında öz açarı var.
Hide the Tako bubble	Tako qabarcığını gizlədin
Hide the Tako chat	Tako söhbətini gizlədin
The activity status control leaves the Inbox header. Whether others see you as active is unchanged.	Fəaliyyət statusu idarəetməsi Gələnlərin başlığından çıxır. Başqalarının sizi aktiv görüb-görmədiyi dəyişmir.
Hide the add people icon	İnsan əlavə et ikonunu gizlədin
The add people icon leaves the Inbox header. Only the shortcut goes, so friend suggestions elsewhere are unchanged.	İnsan əlavə et ikonu Gələnlərin başlığından çıxır. Yalnız qısayol yox olur, ona görə başqa yerlərdəki dost təklifləri dəyişmir.
Hide the caption	Başlığı gizlədin
Hide the description under the creator's name on the feed.	Lentdə yaradıcının adının altındakı təsvirini gizlədin.
Hide the event badge	Tədbir nişanını gizlədin
Hide the flag button TikTok puts above the creator's picture in some regions. You can still report a video from the share menu.	TikTok-un bəzi bölgələrdə yaradıcının şəklinin üstünə qoyduğu bayraq düyməsini gizlədin. Videonu yenə də paylaşma menyusundan şikayət edə bilərsiniz.
Hide the floating promotional badge over the feed.	Lentin üstündəki üzən tanıtım nişanını gizlədin.
Hide the follow button on the feed	Lentdəki izləmə düyməsini gizlədin
Hide the friend recommendation card and the other cards TikTok slots between videos.	Dost tövsiyəsi kartını və TikTok-un videolar arasına yerləşdirdiyi digər kartları gizlədin.
Hide the launcher shortcuts	Başladıcı qısayollarını gizlədin
Hide the magnifying glass at the top right of the feed. Search in Inbox and suggestions above comments stay unchanged.	Lentin yuxarı sağındakı böyüdücü şüşəni gizlədin. Gələnlərdəki axtarış və şərhlərin üstündəki təkliflər dəyişmir.
Hide the music line	Musiqi sətrini gizlədin
Hide the playlist bar	Pleylist panelini gizlədin
Hide the playlist bar along the bottom of videos that belong to a series.	Serialın bir hissəsi olan videoların altındakı pleylist panelini gizlədin.
Hide the plus button under the creator's picture in the right column. Ticking Avatar and follow button above hides the picture with it.	Sağ sütunda yaradıcının şəklinin altındakı plyus düyməsini gizlədin. Yuxarıdakı Avatar və izləmə düyməsini seçmək şəkli də onunla gizlədir.
Hide the points banner under the search box and the coin counter floating over search results, which TikTok shows in some regions. Searching works as before.	TikTok-un bəzi bölgələrdə göstərdiyi axtarış qutusunun altındakı xal bannerini və axtarış nəticələrinin üstündəki üzən sikkə sayğacını gizlədin. Axtarış əvvəlki kimi işləyir.
Hide the purple rewards button beside Add friends on your profile.	Profilinizdə Add friends yanındakı bənövşəyi mükafat düyməsini gizlədin.
Hide the question cards TikTok slides over a video near its end.	TikTok-un videonun sonuna yaxın üstünə sürüşdürdüyü sual kartlarını gizlədin.
Hide the rewards shortcut	Mükafat qısayolunu gizlədin
Hide the right column	Sağ sütunu gizlədin
The row of story avatars across the top of the Inbox goes. Stories still play from the feed and from profiles.	Gələnlərin yuxarısındakı hekayə avatarları sətri yox olur. Hekayələr yenə də lentdən və profillərdən oynanır.
Hide the save button on the feed	Lentdəki saxla düyməsini gizlədin
Hide the save button in the right column. Ticking Save in the list above hides it too.	Sağ sütundakı saxla düyməsini gizlədin. Yuxarıdakı siyahıda Saxla seçimini işarələmək onu da gizlədir.
Hide the search bar below videos	Videoların altındakı axtarış çubuğunu gizlədin
Hide the search button on the feed	Lentdəki axtarış düyməsini gizlədin
Hide the tab names above the feed	Lentin üstündəki nişan adlarını gizlədin
The Following and For You names above the feed go away. Swiping between the feeds and the search button stay as they are.	Lentin üstündəki İzlənilənlər və Sənin üçün adları yox olur. Lentlər arasında sürüşdürmə və axtarış düyməsi olduğu kimi qalır.
Hide the share prompt after a like	Bəyəndikdən sonra paylaşma təklifini gizlədin
Hide the track name beside the caption.	Başlığın yanındakı trek adını gizlədin.
Hide the status bar	Status panelini gizlədin
Hide the whole column on the right, from the avatar down to the music disc.	Avatardan musiqi diskinə qədər sağdakı bütün sütunu gizlədin.
Hide this creator on this phone	Bu yaradıcını bu telefonda gizlədin
Hide verified accounts	Təsdiqlənmiş hesabları gizlədin
Hide video actions	Video əməliyyatlarını gizlədin
Hide videos with TikTok's AI-generated label, AI content credentials, a TikTok AI effect such as AI Alive, or a tag like #ai or #aigenerated.	TikTok-un süni intellekt etiketini, süni intellekt məzmun etimadnaməsini, AI Alive kimi TikTok süni intellekt effektini və ya #ai, #aigenerated kimi teqi daşıyan videoları gizlədin.
Hide videos marked as paid partnership or branded content.	Ödənişli tərəfdaşlıq və ya brendli məzmun kimi qeyd edilmiş videoları gizlədin.
Hide videos posted as part of a playlist.	Pleylistin tərkibində paylaşılmış videoları gizlədin.
Hide videos posted by verified accounts.	Təsdiqlənmiş hesabların paylaşdığı videoları gizlədin.
Hide videos that belong to a paid Series.	Ödənişli Seriala aid videoları gizlədin.
Hide videos with a lot of views and few comments. Works the same way as views per like. Zero turns it off.	Çoxlu baxışı və az şərhi olan videoları gizlədin. Hər bəyənməyə düşən baxış ilə eyni qaydada işləyir. Sıfır onu söndürür.
Hide videos with a lot of views and few likes. Lower numbers are stricter, zero turns the rule off, and one video is kept back if everything the feed just sent would go.	Çoxlu baxışı və az bəyənməsi olan videoları gizlədin. Aşağı rəqəmlər daha sərtdir, sıfır qaydanı söndürür və lentin göndərdiyi hamısı gizlədiləcəksə, bir video saxlanılır.
Hide videos you have already seen	Artıq izlədiyiniz videoları gizlədin
Hide voting cards and poll results above the comments, including polls that have ended.	Şərhlərin üstündəki səsvermə kartlarını və sorğu nəticələrini, o cümlədən bitmiş sorğuları gizlədin.
Hiding	Gizlətmə
Highest	Ən yüksək
Historical	Tarixi
Historical values	Tarixi dəyərlər
Hold a gate to choose several	Bir neçəsini seçmək üçün qapını basıb saxlayın
Hold the feed after the budget	Büdcədən sonra lenti saxlayın
Home	Ana səhifə
Hook status	Qoşulma statusu
How far each edge press moves the video.	Hər kənar basışının videonu nə qədər irəli çəkdiyi.
Hushfeed can't read the creator pattern %1$s	Hushfeed %1$s yaradıcı şablonunu oxuya bilmir
Hushfeed hid a TikTok CAPTCHA. Turn off Hide CAPTCHA popups if something stops working.	Hushfeed TikTok CAPTCHA-sını gizlətdi. Nəsə işləməsə, CAPTCHA pəncərələrini gizlədin seçimini söndürün.
Hushfeed is active	Hushfeed aktivdir
Shows the Duet and Stitch options even when the creator turned them off. TikTok may still refuse to accept the result.	Yaradıcı onları söndürsə belə Duet və Stitch seçimlərini göstərir. TikTok nəticəni yenə də qəbul etməyə bilər.
Import finished	İdxal tamamlandı
Import loaded values	Yüklənmiş dəyərləri idxal edin
Imported %1$d values	%1$d dəyər idxal edildi
Imported %1$d values. Undo last Lab change is in the menu.	%1$d dəyər idxal edildi. Son Lab dəyişikliyini geri qaytarmaq menyudadır.
Inbox	Gələnlər
Include diagnostic events	Diaqnostik hadisələri daxil edin
Included diagnostics	Daxil edilən diaqnostika
Includes all diagnostic events.	Bütün diaqnostik hadisələri daxil edir.
Includes these events: %1$s	Bu hadisələri daxil edir: %1$s
Inserted cards	Əlavə edilmiş kartlar
Keep a local record of what you have watched and hide those videos when the feed sends them again.	Baxdıqlarınızın yerli qeydini saxlayın və lent həmin videoları yenidən göndərəndə onları gizlədin.
Keep a paused video paused	Dayandırılmış videonu dayandırılmış saxlayın
Keep captions in clear display	Təmiz ekranda başlıqları saxlayın
Keep going	Davam edin
Keep the Favorites tab	Favoritlər nişanını saxlayın
Keep the clock and status icons off the screen while TikTok is open. Swipe down from the top to peek at them.	TikTok açıq olarkən saatı və status ikonlarını ekrandan kənarda saxlayın. Onlara baxmaq üçün yuxarıdan aşağı sürüşdürün.
Keep the screen's refresh rate	Ekranın yenilənmə tezliyini saxlayın
Keep the speed you chose for the next video. Off, each new video starts at 1x and a manual choice lasts for that video only.	Seçdiyiniz sürəti növbəti video üçün saxlayın. Qapalı olduqda hər yeni video 1x ilə başlayır və əllə seçim yalnız həmin video üçün qüvvədədir.
Keep this string to %1$s characters or fewer.	Bu mətni %1$s simvol və ya daha az saxlayın.
Keep this structured value to %1$s KB or less.	Bu strukturlu dəyəri %1$s KB və ya daha az saxlayın.
Kept to %1$s, the nearest value this row allows	%1$s ilə məhdudlaşdırıldı, bu sətrin icazə verdiyi ən yaxın dəyər
Kinds of post	Paylaşım növləri
LIVE	LIVE
LIVE replays	LIVE təkrarları
LIVE settings	LIVE ayarları
LIVE share actions	LIVE paylaşma əməliyyatları
LIVE videos	LIVE videolar
Lab data reset. Undo last Lab change is in the menu. Restart TikTok to apply this.	Lab məlumatları sıfırlandı. Son Lab dəyişikliyini geri qaytarmaq menyudadır. Tətbiq etmək üçün TikTok-u yenidən başladın.
Lab data was over its rule limit, so it was cleared without an undo copy. Restart TikTok to apply this.	Lab məlumatları qayda limitini aşdı, ona görə geri qaytarma nüsxəsi olmadan təmizləndi. Tətbiq etmək üçün TikTok-u yenidən başladın.
Lab overrides reset. Undo last Lab change is in the menu. Restart TikTok to apply this.	Lab əvəzləmələri sıfırlandı. Son Lab dəyişikliyini geri qaytarmaq menyudadır. Tətbiq etmək üçün TikTok-u yenidən başladın.
Larger (1.25x)	Daha böyük (1.25x)
Last original value	Son orijinal dəyər
Last recording: %1$d gates.	Son qeyd: %1$d qapı.
Last recording: 1 gate.	Son qeyd: 1 qapı.
Layout	Düzülüş
Layout, search, profile and system	Düzülüş, axtarış, profil və sistem
Leave maximum empty to keep it unlimited.	Limitsiz saxlamaq üçün maksimumu boş buraxın.
Leave the sound out of the saved video. Save the sound as well still writes the .m4a beside it if you want both.	Səsi saxlanılan videodan çıxarın. İkisini də istəyirsinizsə, Səsi də saxla yenə də .m4a faylını onun yanında yazır.
Length and views per like	Uzunluq və bəyənməyə düşən baxışlar
Less than a minute left	Bir dəqiqədən az qalıb
Let screenshots, screen recording and Circle to Search work on TikTok again. Restart TikTok to apply this.	Ekran görüntülərinin, ekran yazısının və Circle to Search-in TikTok-da yenidən işləməsinə icazə verin. Tətbiq etmək üçün TikTok-u yenidən başladın.
Let the Offline videos menu use your own limit instead of TikTok's fixed one. Restart TikTok to apply this.	Oflayn videolar menyusu TikTok-un sabit limiti əvəzinə sizin öz limitinizdən istifadə etsin. Tətbiq etmək üçün TikTok-u yenidən başladın.
Licenses	Lisenziyalar
Like	Bəyənin
Limits	Limitlər
Link copied	Keçid kopyalandı
Links	Keçidlər
Links in comments open	Şərhlərdəki keçidlər açılır
More opens the comments	Daha çox şərhləri açır
Tapping more under a video opens its comments with the whole caption at the top instead of spreading the caption over the video. A tap on the caption itself does the same. Photo posts keep TikTok's own page for this.	Videonun altındakı daha çox seçiminə toxunmaq başlığı video üzərinə yaymaq əvəzinə şərhlərini bütün başlıq yuxarıda olmaqla açır. Başlığın özünə toxunmaq da eyni işi görür. Foto paylaşımlar bunun üçün TikTok-un öz səhifəsini saxlayır.
Caption above comments	Şərhlərin üstündə başlıq
The comment button also opens a video's comments with its caption at the top. The caption over the video goes away while this is on.	Şərh düyməsi də videonun şərhlərini başlıq yuxarıda olmaqla açır. Bu açıq olduqda videonun üstündəki başlıq yox olur.
Loaded current values. Loading all known gates…	Cari dəyərlər yükləndi. Bütün məlum qapılar yüklənir…
Loaded values are still being read. Try again in a moment.	Yüklənmiş dəyərlər hələ oxunur. Bir azdan yenidən cəhd edin.
Loaded-value file export failed	Yüklənmiş dəyər faylının ixracı alınmadı
Loading gates…	Qapılar yüklənir…
Location-tagged videos	Məkan etiketli videolar
Lock today's budget	Bugünkü büdcəni kilidləyin
Logging, hook status and reports	Qeydiyyat, qoşulma statusu və hesabatlar
Long press	Uzun basma
Hold speed on Comment	Şərhdə basıb saxlama sürəti
A long press on Comment plays the video at the hold speed instead of opening the emoji row. It needs Long press on TikTok default and Seek from the edges off.	Şərhə uzun basmaq emoji sətrini açmaq əvəzinə videonu basıb saxlama sürətində oxudur. Bunun üçün Uzun basma TikTok defoltunda, Kənarlardan irəli-geri çəkmə isə qapalı olmalıdır.
Hold speed on Share	Paylaşmada basıb saxlama sürəti
A long press on Share plays the video at the hold speed instead of opening the quick share row. It needs Long press on TikTok default and Seek from the edges off.	Paylaşmaya uzun basmaq sürətli paylaşma sətrini açmaq əvəzinə videonu basıb saxlama sürətində oxudur. Bunun üçün Uzun basma TikTok defoltunda, Kənarlardan irəli-geri çəkmə isə qapalı olmalıdır.
Hold speed on Favorites	Favoritlərdə basıb saxlama sürəti
A long press on Favorites plays the video at the hold speed instead of offering a new collection. It needs Long press on TikTok default and Seek from the edges off.	Favoritlərə uzun basmaq yeni kolleksiya təklif etmək əvəzinə videonu basıb saxlama sürətində oxudur. Bunun üçün Uzun basma TikTok defoltunda, Kənarlardan irəli-geri çəkmə isə qapalı olmalıdır.
Lowest	Ən aşağı
Manager	Menecer
Marked as not interested	Maraqlı deyil kimi qeyd edilib
Match locale and timezone to country	Dil mühitini və saat qurşağını ölkəyə uyğunlaşdırın
Maximum	Maksimum
Maximum post age	Maksimum paylaşım yaşı
Maximum video length	Maksimum video uzunluğu
Maximum views per comment	Şərhə düşən maksimum baxış
Maximum views per like	Bəyənməyə düşən maksimum baxış
Media	Media
Media config (VE)	Media konfiqurasiyası (VE)
Messages, profiles and search still work.	Mesajlar, profillər və axtarış yenə də işləyir.
Microphone in use	Mikrofon istifadə olunur
Comments range	Şərh aralığı
Favorites range	Favoritlər aralığı
Likes range	Bəyənmə aralığı
Shares range	Paylaşma aralığı
TikTok's own daily screen-time reminder sends the app to the background instead of waiting to be dismissed. Coming straight back leaves the reminder on screen, so the limit stays reachable. Needs a daily limit set under TikTok's Settings and privacy, under Time and well-being.	TikTok-un öz gündəlik ekran vaxtı xatırlatması tətbiqi bağlanmasını gözləmək əvəzinə fona göndərir. Dərhal geri qayıtmaq xatırlatmanı ekranda saxlayır, ona görə limitə çatmaq mümkün qalır. TikTok-un Settings and privacy altında, Time and well-being bölməsində gündəlik limit təyin edilməlidir.
Try a different word or clear the search. Switches from patches you didn't tick in Morphe Manager aren't listed.	Başqa söz yoxlayın və ya axtarışı təmizləyin. Morphe Manager-də işarələmədiyiniz yamaqlardan olan açarlar siyahıya daxil edilmir.
Use Save report for this large report	Bu böyük hesabat üçün Hesabatı saxla düyməsini istifadə edin
Video player settings	Video pleyer ayarları
Videos can't be saved to the folder in that file, so your video folder was kept	Videolar həmin fayldakı qovluğa saxlanıla bilmir, ona görə video qovluğunuz saxlanıldı
Views range	Baxış aralığı
Minimum	Minimum
More options	Daha çox seçim
Move down	Aşağı daşıyın
Move left	Sola daşıyın
Move right	Sağa daşıyın
Move to the next video when the current one ends. Pauses, open dialogs and screen-time holds stop it. Restart TikTok to apply this.	Cari video bitəndə növbətiyə keçin. Fasilələr, açıq dialoqlar və ekran vaxtı saxlamaları onu dayandırır. Tətbiq etmək üçün TikTok-u yenidən başladın.
Move up	Yuxarı daşıyın
Music disc	Musiqi diski
Pauses the video behind the comment sheet while you read. It plays on from the same spot when the sheet closes.	Siz oxuyarkən şərh vərəqinin arxasındakı videonu dayandırır. Vərəq bağlananda eyni yerdən davam edir.
Nearby	Yaxında
Never from these countries	Bu ölkələrdən heç vaxt
No	Xeyr
No creator to block on this video	Bu videoda bloklanacaq yaradıcı yoxdur
No creator to hide on this video	Bu videoda gizlədiləcək yaradıcı yoxdur
No creators are hidden yet. Hide one from a video, or add a handle above.	Hələ heç bir yaradıcı gizlədilməyib. Birini videodan gizlədin və ya yuxarıdan istifadəçi adı əlavə edin.
No current value	Cari dəyər yoxdur
No current value and no active override	Cari dəyər və aktiv əvəzləmə yoxdur
No delay	Gecikmə yoxdur
No gate data is available. Refresh values from the menu to try again.	Qapı məlumatları əlçatan deyil. Yenidən cəhd etmək üçün menyudan dəyərləri yeniləyin.
No gate reads were recorded. Use a TikTok feature while recording.	Heç bir qapı oxunuşu qeydə alınmadı. Qeyd edərkən TikTok funksiyasından istifadə edin.
No gates match this filter.	Bu filtrə uyğun qapı yoxdur.
No gates match this search and filter.	Bu axtarışa və filtrə uyğun qapı yoxdur.
No hidden creators match this search. Clear the search to see them all.	Bu axtarışa uyğun gizlədilmiş yaradıcı yoxdur. Hamısını görmək üçün axtarışı təmizləyin.
No limit	Limit yoxdur
No matching comments. Try a different word, or clear the search with the X in the box.	Uyğun şərh yoxdur. Başqa söz yoxlayın və ya qutudakı X ilə axtarışı təmizləyin.
No matching countries. Try a country name or a two-letter code.	Uyğun ölkə yoxdur. Ölkə adını və ya iki hərfli kodu yoxlayın.
No matching diagnostics found	Uyğun diaqnostika tapılmadı
No matching settings	Uyğun ayar yoxdur
No preset selected. Choose a preset above.	Hazır ayar seçilməyib. Yuxarıdan hazır ayar seçin.
No recording yet. Start one, use a feature, then return here.	Hələ qeyd yoxdur. Birini başladın, funksiyadan istifadə edin, sonra bura qayıdın.
No seen videos recorded yet.	Hələ heç bir izlənmiş video qeydə alınmayıb.
No share actions have been seen yet	Hələ heç bir paylaşma əməliyyatı görünməyib
No share actions match this search	Bu axtarışa uyğun paylaşma əməliyyatı yoxdur
No sound to block on this video	Bu videoda bloklanacaq səs yoxdur
No suggested accounts to clear	Təmizlənəcək təklif olunan hesab yoxdur
No video selected. Open a video first.	Video seçilməyib. Əvvəlcə videonu açın.
None of these gates had an override to reset.	Bu qapıların heç birində sıfırlanacaq əvəzləmə yox idi.
None of these gates takes a true or false value.	Bu qapıların heç biri true və ya false dəyəri qəbul etmir.
None recorded	Qeyd yoxdur
Normal	Normal
Not blocked	Bloklanmayıb
Not interested in this video	Bu video maraqlı deyil
Not read yet	Hələ oxunmayıb
Not requested in this process yet	Bu prosesdə hələ tələb edilməyib
Not saved yet	Hələ saxlanılmayıb
Not seen	İzlənməyib
Not seen yet	Hələ izlənməyib
Nothing has been checked yet, so there's nothing to report.	Hələ heç nə yoxlanılmayıb, ona görə hesabat verməli bir şey yoxdur.
Nothing has been looked up yet. Use the app for a moment, then come back.	Hələ heç nə axtarılmayıb. Bir müddət tətbiqdən istifadə edin, sonra qayıdın.
Nothing hidden.	Heç nə gizlədilməyib.
Nothing is playing to seek	İrəli-geri çəkmək üçün oxunan heç nə yoxdur
Nothing new was imported. %1$d already matched, %2$d unavailable, %3$d rejected.	Yeni heç nə idxal edilmədi. %1$d artıq uyğun gəlir, %2$d əlçatan deyil, %3$d rədd edildi.
Nothing new was imported. %1$d already matched, %2$d unavailable, %3$d rejected. First rejection: %4$s	Yeni heç nə idxal edilmədi. %1$d artıq uyğun gəlir, %2$d əlçatan deyil, %3$d rədd edildi. İlk rədd: %4$s
Nothing on this page changes what TikTok does until they are on.	Bu səhifədəki heç bir şey onlar yandırılmayana qədər TikTok-un işini dəyişmir.
Nothing to undo yet.	Hələ geri qaytarılacaq heç nə yoxdur.
Notices from this project and the ones it's built on	Bu layihənin və əsaslandığı layihələrin bildirişləri
OK	OK
Off	Qapalı
Off forces the value to false, on forces it to true. Reset lets TikTok decide again.	Söndürülmüş dəyəri false, açıq isə true edir. Sıfırlama qərarı yenidən TikTok-a verir.
Offline videos	Oflayn videolar
Offline videos limit	Oflayn videolar limiti
On	Açıq
On mobile data	Mobil data ilə
On. Restore puts back the feed setup you had before.	Açıqdır. Bərpa edin seçimi əvvəlki lent quruluşunuzu geri qaytarır.
Once today's budget runs out, the hold stays and can't be dismissed. The budget settings are locked until the day starts over. Turn this off any time before the budget runs out.	Bugünkü büdcə bitəndə fasilə qalır və bağlana bilməz. Büdcə ayarları gün yenidən başlayana qədər kilidlənir. Büdcə bitməzdən əvvəl istənilən vaxt bunu söndürün.
One area was checked and everything it needs is here.	Bir sahə yoxlanıldı və ona lazım olan hər şey burada var.
One minute left	Bir dəqiqə qalıb
One of the quote marks in that list has nothing to close it, so the rest of the line reads as one phrase. Add the missing quote or take the stray one out.	Həmin siyahıdakı dırnaq işarələrindən birinin bağlanışı yoxdur, ona görə sətrin qalanı bir ifadə kimi oxunur. Çatışmayan dırnağı əlavə edin və ya artıq olanı silin.
One value per line	Hər sətirdə bir dəyər
Only bottom tabs TikTok has loaded on this device are shown here. This doesn't force unavailable tabs to appear.	Burada yalnız TikTok-un bu cihazda yüklədiyi alt nişanlar göstərilir. Bu, əlçatan olmayan nişanları görünməyə məcbur etmir.
Only fields the Lab can check and copy safely are shown.	Yalnız Lab-ın yoxlaya və təhlükəsiz kopyalaya biləcəyi sahələr göstərilir.
Only from these countries	Yalnız bu ölkələrdən
Only tabs TikTok has loaded on this device are shown here. This doesn't force unavailable tabs to appear.	Burada yalnız TikTok-un bu cihazda yüklədiyi nişanlar göstərilir. Bu, əlçatan olmayan nişanları görünməyə məcbur etmir.
Open a share sheet once, then return here to choose its actions.	Paylaşma vərəqini bir dəfə açın, sonra əməliyyatlarını seçmək üçün bura qayıdın.
Open comments	Şərhləri açın
Open external links directly	Xarici keçidləri birbaşa açın
Open messages	Mesajları açın
Open profile and story website links in your system browser instead of TikTok's in-app browser.	Profil və hekayə veb sayt keçidlərini TikTok-un tətbiqdaxili brauzeri əvəzinə sistem brauzerinizdə açın.
Open the feed anyway	Lenti yenə də açın
Open the feed anyway, %1$d left today	Lenti yenə də açın, bu gün %1$d qalıb
Open the feed anyway, the last time today	Lenti yenə də açın, bu gün sonuncu dəfə
Open the feed once so Hushfeed can see which bottom tabs TikTok loaded.	Hushfeed-in TikTok-un hansı alt nişanları yüklədiyini görməsi üçün lenti bir dəfə açın.
Open the feed once so Hushfeed can see which tabs TikTok loaded.	Hushfeed-in TikTok-un hansı nişanları yüklədiyini görməsi üçün lenti bir dəfə açın.
Open the profile again and try once more	Profili yenidən açın və bir dəfə də cəhd edin
Open the story again and try once more	Hekayəni yenidən açın və bir dəfə də cəhd edin
Open TikTok on	TikTok-u burada açın
Opens github.com in your browser	github.com brauzerinizdə açılır
Operator code	Operator kodu
Operator name	Operator adı
Original language	Orijinal dil
Other	Digər
Other feed filters	Digər lent filtrləri
Overridden	Əvəzlənib
Override	Əvəzləmə
Override SIM details	SIM məlumatlarını əvəzləyin
Override set, not read yet	Əvəzləmə təyin edilib, hələ oxunmayıb
Override store region (experimental)	Mağaza regionunu əvəzləyin (eksperimental)
Override this configuration	Bu konfiqurasiyanı əvəzləyin
Override this gate	Bu qapını əvəzləyin
Overrides are disabled in the Feature Gate Lab.	Feature Gate Lab-da əvəzləmələr qapalıb.
Overrides disabled. Restart TikTok to apply this.	Əvəzləmələr söndürüldü. Tətbiq etmək üçün TikTok-u yenidən başladın.
Overrides enabled. Restart TikTok to apply this.	Əvəzləmələr yandırıldı. Tətbiq etmək üçün TikTok-u yenidən başladın.
Paid partnerships	Ödənişli tərəfdaşlıqlar
People, shortcuts and sending controls	İnsanlar, qısayollar və göndərmə idarəetmələri
Photo	Foto
Photo and image posts	Foto və şəkil paylaşımları
Photo destination	Foto təyinatı
Photo filename	Foto fayl adı
Photos and stickers	Fotolar və stikerlər
Pick the actions to remove from the share sheet. Names you typed by hand that TikTok hasn't shown yet stay in the list above.	Paylaşma vərəqindən silinəcək əməliyyatları seçin. Əllə yazdığınız və TikTok-un hələ göstərmədiyi adlar yuxarıdakı siyahıda qalır.
Pick the buttons to take off the column. The rest stay where they are.	Sütundan götürüləcək düymələri seçin. Qalanları yerində qalır.
Plays videos that TikTok covers with a content warning without asking you to tap through first.	TikTok-un məzmun xəbərdarlığı ilə örtdüyü videoları əvvəlcə toxunub keçməyinizi tələb etmədən oynadır.
Playback	Oxutma
Player	Pleyer
Playlist posts	Pleylist paylaşımları
Popular	Populyar
Popups	Pop-uplar
Preset	Hazır ayar
Press and hold a profile picture to save the full size original to your photo destination.	Tam ölçülü orijinalı foto təyinatınıza saxlamaq üçün profil şəklini basıb saxlayın.
Press and hold a story to save it. Stories have no save button of their own, and holding one is how TikTok pauses it, so this takes that gesture over.	Hekayəni saxlamaq üçün basıb saxlayın. Hekayələrin öz saxla düyməsi yoxdur və TikTok hekayəni basıb saxlamaqla dayandırır, ona görə bu jesti öz üzərinə götürür.
Press and hold the left or right third of the screen to jump back or forward. The middle third keeps the Long press action.	Geri və ya irəli keçmək üçün ekranın sol və ya sağ üçdə birini basıb saxlayın. Orta üçdə bir Uzun basma əməliyyatını saxlayır.
Privacy	Məxfilik
Profile	Profil
Profile picture saved to %1$s	Profil şəkli %1$s yerinə saxlanıldı
Profile share actions	Profil paylaşma əməliyyatları
Promotional music	Tanıtım musiqisi
Proof	Sübut
Post age	Paylaşım yaşı
Pulling down at the top of For You no longer reloads it.	Sənin üçün lentinin yuxarısında aşağı çəkmək artıq onu yenidən yükləmir.
Putting the settings back to their defaults	Ayarlar defoltlarına qaytarılır
Quality	Keyfiyyət
Quality, files, subtitles and hand-off	Keyfiyyət, fayllar, altyazılar və ötürmə
Quality, speed and auto-advance	Keyfiyyət, sürət və avtomatik keçid
Quick setup	Sürətli quraşdırma
Reading	Oxunuş
Recorded gate reads (%1$d)	Qeydə alınmış qapı oxunuşları (%1$d)
Recording gate reads. Use a feature, then return here to stop.	Qapı oxunuşları qeydə alınır. Funksiyadan istifadə edin, sonra dayandırmaq üçün bura qayıdın.
Put back the settings saved before the last restore or reset.	Son bərpa və ya sıfırlamadan əvvəl saxlanılmış ayarları geri qaytarın.
Recovered an interrupted settings change. Restart TikTok to apply this.	Yarımçıq qalmış ayar dəyişikliyi bərpa edildi. Tətbiq etmək üçün TikTok-u yenidən başladın.
Refresh values	Dəyərləri yeniləyin
Region	Region
Country filters	Ölkə filtrləri
Remember the last speed	Son sürəti xatırlayın
Remind me every	Mənə bu qədər tez-tez xatırladın
Remove	Silin
Remove %1$s	%1$s silin
Remove all overrides	Bütün əvəzləmələri silin
Remove feed ads	Lent reklamlarını silin
Remove feed ads, creator commission posts, paid partnerships, and branded content.	Lent reklamlarını, yaradıcı komissiyalı paylaşımları, ödənişli tərəfdaşlıqları və brendli məzmunu silin.
Hide the Share via row.	Share via sətrini gizlədin.
Hide the actions row of the share sheet.	Paylaşma vərəqinin əməliyyatlar sətrini gizlədin.
Hide the magnifying glass at the top of Inbox. Search on the feed and in comments is unchanged.	Gələnlərin yuxarısındakı böyüdücü şüşəni gizlədin. Lentdəki və şərhlərdəki axtarış dəyişmir.
Hide the row of friends at the top of the share sheet.	Paylaşma vərəqinin yuxarısındakı dostlar sətrini gizlədin.
Hide the suggested-search strip above the bottom tabs and let video details and side controls use its space. The top search button and comments stay unchanged.	Alt nişanların üstündəki təklif olunan axtarış zolağını gizlədin və video təfərrüatları ilə yan idarəetmələrin onun yerindən istifadə etməsinə icazə verin. Yuxarıdakı axtarış düyməsi və şərhlər dəyişmir.
Cuts the tracking bits out of links you share.	Paylaşdığınız linklərdən izləmə hissələrini çıxarır.
Remove watermark	Su nişanını silin
Removed %1$s	%1$s silindi
Replace values when TikTok asks for them	TikTok istəyəndə dəyərləri əvəz edin
Report saved to %1$s	Hesabat %1$s yerinə saxlanıldı
Required	Tələb olunur
Researched	Araşdırılıb
Researched values	Araşdırılmış dəyərlər
Reset	Sıfırlayın
Reset %1$d gates of %2$d. Restart TikTok to apply this.	%2$d qapıdan %1$d qapı sıfırlandı. Tətbiq etmək üçün TikTok-u yenidən başladın.
Reset %1$d gates. Restart TikTok to apply this.	%1$d qapı sıfırlandı. Tətbiq etmək üçün TikTok-u yenidən başladın.
Reset 1 gate of %2$d. Restart TikTok to apply this.	%2$d qapıdan 1 qapı sıfırlandı. Tətbiq etmək üçün TikTok-u yenidən başladın.
Reset 1 gate. Restart TikTok to apply this.	1 qapı sıfırlandı. Tətbiq etmək üçün TikTok-u yenidən başladın.
Reset override	Əvəzləməni sıfırlayın
Reset position	Mövqeyi sıfırlayın
Reset settings	Ayarları sıfırlayın
Restart TikTok to apply %1$d changes	%1$d dəyişikliyi tətbiq etmək üçün TikTok-u yenidən başladın
Restart TikTok to apply this change	Bu dəyişikliyi tətbiq etmək üçün TikTok-u yenidən başladın
Restart TikTok to apply this.	Tətbiq etmək üçün TikTok-u yenidən başladın.
Restart now	İndi yenidən başladın
Restart pending	Yenidən başlatma gözlənilir
Put every setting back to its default straight away. Your current settings are kept for Undo.	Bütün ayarları dərhal defoltlarına qaytarın. Cari ayarlarınız Geri qaytar üçün saxlanılır.
Restore failed. Some settings may still be changed.	Bərpa alınmadı. Bəzi ayarlar hələ də dəyişmiş ola bilər.
Reset didn't finish. Some settings may still be changed. Use Undo to put them back.	Sıfırlama tamamlanmadı. Bəzi ayarlar hələ də dəyişmiş ola bilər. Onları geri qaytarmaq üçün Geri qaytar seçimini istifadə edin.
Reset didn't finish. Some settings may still be changed.	Sıfırlama tamamlanmadı. Bəzi ayarlar hələ də dəyişmiş ola bilər.
Undo didn't finish. Some settings may still be changed. Try Undo again.	Geri qaytarma tamamlanmadı. Bəzi ayarlar hələ də dəyişmiş ola bilər. Geri qaytarmağı yenidən cəhd edin.
Undo didn't finish. Some settings may still be changed.	Geri qaytarma tamamlanmadı. Bəzi ayarlar hələ də dəyişmiş ola bilər.
Restore failed. Some settings may still be changed. Use Undo to put them back.	Bərpa alınmadı. Bəzi ayarlar hələ də dəyişmiş ola bilər. Onları geri qaytarmaq üçün Geri qaytar seçimini istifadə edin.
Restore settings	Ayarları bərpa edin
Restore setup	Quruluşu bərpa edin
Lab settings put back. Restart TikTok to apply this.	Lab ayarları geri qaytarıldı. Tətbiq etmək üçün TikTok-u yenidən başladın.
Restoring setup	Quruluş bərpa edilir
Restoring your settings	Ayarlarınız bərpa edilir
Resume videos after scrolling	Sürüşdürdükdən sonra videoları davam etdirin
Retry	Yenidən cəhd edin
Return a copy with the fields below changed	Aşağıdakı sahələri dəyişdirilmiş nüsxəni qaytarın
Return after using a TikTok feature to see every gate read during the recording.	Qeyd zamanı oxunan hər qapını görmək üçün TikTok funksiyasından istifadə etdikdən sonra qayıdın.
Returns %1$s	%1$s qaytarır
Right column	Sağ sütun
Rows	Sətirlər
SIM country preset	SIM ölkəsi üçün hazır ayar
STEM	STEM
Clean up shared links	Paylaşılan linkləri təmizlə
Save	Saxla
Saves subtitle (SRT) files with the video. They go to Movies on Android 11 and newer, Download on Android 10, and your video folder on older versions. On Android 11 and newer with Save details on, the video moves to Download or Documents and the subtitles stay in Movies.	Altyazı (SRT) fayllarını videoyla birlikdə saxlayır. Android 11 və daha yenisində Movies-ə, Android 10-da Download-a, daha köhnə versiyalarda isə video qovluğunuza düşür. Android 11 və daha yenisində Save details açıqdırsa, video Download və ya Documents-ə keçir, altyazılar isə Movies-də qalır.
Save a profile picture on a long press	Uzun basmaqla profil şəklini saxlayın
Save a story on a long press	Uzun basmaqla hekayəni saxlayın
Save every photo in the post at full size as a JPEG, not as the screen shows it.	Paylaşımdakı hər fotonu ekranda göründüyü kimi deyil, tam ölçüdə JPEG kimi saxlayın.
Save field values	Sahə dəyərlərini saxlayın
Save full report	Tam hesabatı saxlayın
Save media	Medianı saxlayın
Saves your Hushfeed settings and Feature Gate Lab rules to a file.	Hushfeed ayarlarınızı və Feature Gate Lab qaydalarınızı fayla saxlayır.
Save subtitles beside videos	Altyazıları videoların yanında saxlayın
Saves TikTok's latest crash report on this phone so it can go in the diagnostic report.	TikTok-un ən son çökmə hesabatını bu telefonda saxlayır ki, diaqnostik hesabata daxil edilə bilsin.
Save the original sound	Orijinal səsi saxlayın
Save the sound as well	Səsi də saxla
Save videos without sound	Videoları səssiz saxlayın
Save, restore, reset and undo your settings	Ayarlarınızın ehtiyat nüsxəsini yaradın, bərpa edin, sıfırlayın və geri qaytarın
Saved	Saxlanıldı
Saved %1$s	%1$s saxlanıldı
Saved %1$s of %2$s photos before the story failed	Hekayə uğursuz olmazdan əvvəl %2$s fotodan %1$s saxlanıldı
Saved %1$s original photos	%1$s orijinal foto saxlanıldı
Saved one original photo	Bir orijinal foto saxlanıldı
Saved, override off	Saxlanıldı, əvəzləmə qapalıdır
Saved. Restart TikTok to apply this.	Saxlanıldı. Tətbiq etmək üçün TikTok-u yenidən başladın.
Saving	Saxlanılır
Saving %1$s original photos	%1$s orijinal foto saxlanılır
Saving one original photo	Bir orijinal foto saxlanılır
Saving settings backup	Ayarların ehtiyat nüsxəsi saxlanılır
Saving the sticker	Stiker saxlanılır
Saving the story	Hekayə saxlanılır
Saving the sound	Səs saxlanılır
Saving the profile picture	Profil şəkli saxlanılır
Saving the live photo's clip	Canlı fotonun klipi saxlanılır
Screen time	Ekran vaxtı
Search	Axtarış
Advanced. Find and force the hidden switches TikTok uses to test features.	Qabaqcıl. TikTok-un funksiyaları sınaqdan keçirmək üçün istifadə etdiyi gizli açarları tapın və məcbur edin.
Search by name or gate key	Ada və ya qapı açarına görə axtarın
Search by name, description or category.	Ada, təsvirə və ya kateqoriyaya görə axtarın.
Search countries or operators	Ölkələri və ya operatorları axtarın
Search hidden creators	Gizlədilən yaradıcıları axtarın
Search settings	Ayarlarda axtarın
Search share actions	Paylaşma əməliyyatlarını axtarın
Search these comments	Bu şərhlərdə axtarın
Search translated titles and descriptions, then open the original setting.	Tərcümə olunmuş başlıqları və təsvirləri axtarın, sonra orijinal ayarı açın.
Search within comments	Şərhlər daxilində axtarın
Seconds. Zero keeps every length. If everything the feed just sent would be filtered out, the video closest to your limit is kept so the feed isn't empty.	Saniyə. Sıfır bütün uzunluqları saxlayır. Lentin göndərdiyi hər şey süzüləcəksə, lent boş qalmasın deyə limitinizə ən yaxın video saxlanılır.
Seek by	İrəli-geri çəkmə addımı
Seek from the edges	Kənarlardan irəli-geri çəkmə
Seen	İzlənib
Seen this session	Bu sessiyada izlənib
Seen videos	İzlənmiş videolar
Seen videos cleared. You can undo until TikTok closes.	İzlənmiş videolar təmizləndi. TikTok bağlanana qədər geri qaytara bilərsiniz.
Seen videos put back	İzlənmiş videolar geri qaytarıldı
Select	Seçin
Select at least one field.	Ən azı bir sahə seçin.
Select every tab	Bütün nişanları seçin
Selected	Seçilib
Send links to another app	Keçidləri başqa tətbiqə göndərin
Sending feedback	Rəy göndərilir
Series posts	Serial paylaşımları
Settings	Ayarlar
Settings are back to their defaults. Restart TikTok to apply all changes.	Ayarlar defoltlarına qaytarıldı. Bütün dəyişiklikləri tətbiq etmək üçün TikTok-u yenidən başladın.
Settings backup saved	Ayarların ehtiyat nüsxəsi saxlanıldı
Settings couldn't open	Ayarlar açıla bilmədi
Settings couldn't refresh completely. Reopen settings and try again.	Ayarlar tam yenilənə bilmədi. Ayarları yenidən açın və yenidən cəhd edin.
Settings restored. Restart TikTok to apply all changes.	Ayarlar bərpa edildi. Bütün dəyişiklikləri tətbiq etmək üçün TikTok-u yenidən başladın.
Settings restored. The Feature Gate Lab rules were for another TikTok version and were left out. Restart TikTok to apply all changes.	Ayarlar bərpa edildi. Feature Gate Lab qaydaları başqa TikTok versiyası üçün idi və kənarda qoyuldu. Bütün dəyişiklikləri tətbiq etmək üçün TikTok-u yenidən başladın.
Share	Paylaşın
Swap the website in shared links	Paylaşılan linklərdə saytı dəyiş
Share sheet	Paylaşma vərəqi
Shop	Shop
Shop posts	Shop paylaşımları
Show	Göstərin
Show @username beside a video instead of the display name the creator chose.	Videonun yanında yaradıcının seçdiyi görünən ad əvəzinə @istifadəçi adını göstərin.
Show TikTok's own progress bar on videos where it's normally hidden.	Normalda gizlədilən videolarda TikTok-un öz irəliləyiş panelini göstərin.
Shows TikTok's full sort menu on every post, with hot, newest, media and creator options, instead of the shorter one your account got. Restart TikTok to see the change.	Hər yazıda TikTok-un tam çeşidləmə menyusunu göstərir: məşhur, ən yeni, media və yaradıcı seçimləri ilə, hesabınıza verilən qısa menyu əvəzinə. Dəyişikliyi görmək üçün TikTok-u yenidən başladın.
Show a video preview thumbnail while dragging the progress bar.	İrəliləyiş panelini sürüşdürəndə video önizləmə şəkli göstərin.
Show failures on screen	Xətaları ekranda göstərin
Show gates	Qapıları göstərin
Show last report	Son hesabatı göstərin
Show search in LIVE	LIVE-da axtarışı göstərin
Show TikTok's feed buttons	TikTok-un lent düymələrini göstərin
Show the Not interested button	Maraqlı deyil düyməsini göstərin
Mute feed videos	Lent videolarını səssiz edin
Muted	Səssiz
Sound on	Səs açıq
Sound	Səs
Play feed videos without sound and leave the phone's volume alone. Music from another app keeps playing while it's on. DMs, stories and LIVE keep their sound.	Lent videolarını səssiz oxudun və telefonun səs səviyyəsinə toxunmayın. Bu açıq olduqda başqa tətbiqin musiqisi çalmağa davam edir. Birbaşa mesajlar, hekayələr və LIVE səsini saxlayır.
Show the mute button on videos	Videolarda səssiz düyməsini göstərin
Add a button beside the block control that turns the feed's sound off and on.	Bloklama idarəetməsinin yanına lentin səsini söndürüb yandıran düymə əlavə edin.
Show the block button on videos	Videolarda bloklama düyməsini göstərin
Show the block sound button	Səsi bloklama düyməsini göstərin
Show the country a video was posted from next to the creator's name.	Videonun paylaşıldığı ölkəni yaradıcının adının yanında göstərin.
Show the current spoken caption while the other controls are hidden.	Digər idarəetmələr gizlədiləndə cari danışılan başlığı göstərin.
Show the handle instead of the name	Ad əvəzinə istifadəçi adını göstərin
Show the hide button on videos	Videolarda gizlətmə düyməsini göstərin
Show the progress bar	İrəliləyiş panelini göstərin
Show the progress bar thumbnail	İrəliləyiş paneli önizləmə şəklini göstərin
Show the search entry inside TikTok's LIVE drawer, where available. This doesn't add a search box to video comments.	Mövcud olduqda axtarış girişini TikTok-un LIVE çəkməcəsində göstərin. Bu, video şərhlərinə axtarış qutusu əlavə etmir.
Show the whole Activity and New followers lists instead of stopping at a View all button.	Fəaliyyət və Yeni izləyicilər siyahılarının hamısını Hamısına bax düyməsində dayanmaq əvəzinə göstərin.
Show the whole video instead of cropping it to the window. Nothing changes on a tall phone, where it already fits. On a folding phone opened up, a squarer screen or a split view the sides or the ends stop being cut off.	Videonu pəncərəyə uyğun kəsmək əvəzinə bütövlüyü ilə göstərin. Artıq sığdığı hündür telefonda heç nə dəyişmir. Açılmış qatlanan telefonda, daha kvadrat ekranda və ya bölünmüş görünüşdə yanlar və ya uclar artıq kəsilmir.
Show what is left of the budget	Büdcədən nə qaldığını göstərin
Show when the camera or microphone is in use	Kamera və ya mikrofon istifadə olunanda göstərin
Show where a video was posted	Videonun harada paylaşıldığını göstərin
Showing %1$s again	%1$s yenidən göstərilir
Silence the feed while comments are open	Şərhlər açıq olanda lenti səssiz edin
Hide videos with blocked sounds	Bloklanmış səsləri olan videoları gizlədin
Skip content warnings	Məzmun xəbərdarlıqlarını keçin
Hide feed videos with place badges, even when they aren't paid ads. To keep the video and hide only its badge, use Hide location labels in Feed screen.	Ödənişli reklam olmasalar belə, məkan nişanları olan lent videolarını gizlədin. Videonu saxlayıb yalnız nişanı gizlətmək üçün Lent ekranında Məkan etiketlərini gizlədin seçimini istifadə edin.
Hide recorded LIVE broadcasts from the feed.	Qeydə alınmış LIVE yayımlarını lentdən gizlədin.
Hide videos marked as using promotional music.	Tanıtım musiqisi istifadə etdiyi qeyd edilmiş videoları gizlədin.
Hide videos that use a sound blocked with the player's sound button, or named below.	Pleyerin səs düyməsi ilə bloklanmış və ya aşağıda adı çəkilən səsdən istifadə edən videoları gizlədin.
Skipping videos with %1$s	%1$s olan videolar keçilir
Some Calm feed settings changed. Restore still puts back your earlier setup.	Bəzi Sakit lent ayarları dəyişdi. Bərpa seçimi yenə də əvvəlki quruluşunuzu geri qaytarır.
Something is missing from %1$s. Tap for the whole report.	%1$s üzrə nəsə çatışmır. Bütün hesabat üçün toxunun.
Sound link copied	Səsin keçidi kopyalandı
Sound saved to %1$s	Səs %1$s yerinə saxlanıldı
Source	Mənbə
Speed	Sürət
Speed menu choices	Sürət menyusu seçimləri
Split comment minimum width	Bölünmüş şərhin minimum eni
Start each new video at your default. A manual choice lasts until the video changes.	Hər yeni videonu defoltunuzla başladın. Əllə seçim video dəyişənə qədər qüvvədə qalır.
Start feature gate recording	Funksiya qapısı qeydini başladın
Start recording	Qeydi başladın
Start the day at	Günü bu vaxt başladın
Start today over	Bu günü yenidən başladın
Start typing	Yazmağa başlayın
Hides the comment count, the sort and close buttons and the suggestions above them. Use Back or swipe down to close comments.	Şərh sayını, çeşidləmə və bağlama düymələrini və onların üstündəki təklifləri gizlədir. Şərhləri bağlamaq üçün Geri düyməsindən istifadə edin və ya aşağı sürüşdürün.
Sticker	Stiker
Sticker destination	Stiker təyinatı
Sticker saved to %1$s	Stiker %1$s yerinə saxlanıldı
Still here. Nothing is waiting.	Hələ buradadır. Heç nə gözləmir.
Still reading the record. Tap again in a moment.	Qeyd hələ oxunur. Bir azdan yenidən toxunun.
Still saving the last one	Sonuncu hələ saxlanılır
The last one is still waiting to start	Sonuncunun başlaması hələ gözlənilir
Stops TikTok from sending usage reports, ad tracking and crash reports. TikTok's own diagnostic tools go quiet too.	TikTok-un istifadə hesabatlarını, reklam izləməsini və çökmə hesabatlarını göndərməsinin qarşısını alır. TikTok-un öz diaqnostika alətləri də susur.
Stops TikTok from slowing your screen to match each video's frame rate. On a 90 or 120 Hz phone, that request makes the whole app, scrolling too, run slower.	TikTok-un ekranınızı hər videonun kadr sürətinə uyğun yavaşlatmasının qarşısını alır. 90 və ya 120 Hz telefonda bu tələb bütün tətbiqi, o cümlədən sürüşdürməni yavaşladır.
Stops TikTok from reading your phone's motion and compass sensors. Apps can use them to recognize your phone.	TikTok-un telefonunuzun hərəkət və kompas sensorlarını oxumasının qarşısını alır. Tətbiqlər onlarla telefonunuzu tanıya bilər.
Stop TikTok reading what you copied. Copying a link from TikTok still works.	TikTok-un kopyaladığınızı oxumasını dayandırın. TikTok-dan keçid kopyalamaq yenə də işləyir.
Stop a long press on Like from opening TikTok's repost action.	Bəyənməyə uzun basmanın TikTok-un yenidən paylaşma əməliyyatını açmasının qarşısını alın.
Stop a long press on Share from opening TikTok's quick share action.	Paylaşmaya uzun basmanın TikTok-un sürətli paylaşma əməliyyatını açmasının qarşısını alın.
Stop feature gate recording	Funksiya qapısı qeydini dayandırın
Stop the brand animation that plays over the comments when what someone typed matches an advertiser's trigger.	Kimsənin yazdığı reklamçının tətikləyicisinə uyğun gələndə şərhlərin üstündə oynanan brend animasiyasını dayandırın.
Stop the bubble that asks you to share a video with friends after you like it.	Videonu bəyəndikdən sonra onu dostlarla paylaşmağı təklif edən qabarcığı dayandırın.
Stops websites you open from inside TikTok from reaching back into the app. TikTok's own pages, such as Activity center, Watch history, shop checkout and CAPTCHA, keep working.	TikTok-un içindən açdığınız saytların tətbiqə geri çıxış əldə etməsinin qarşısını alır. Activity center, Watch history, mağaza ödənişi və CAPTCHA kimi TikTok-un öz səhifələri işləməyə davam edir.
Stop video looping	Video təkrarını dayandırın
Stop videos at the end instead of replaying them.	Videoları təkrar oynatmaq əvəzinə sonunda dayandırın.
Stopped after dismissing %1$s suggested accounts	%1$s təklif olunan hesab bağlandıqdan sonra dayandı
Stopped after dismissing one suggested account	Bir təklif olunan hesab bağlandıqdan sonra dayandı
Stories	Hekayələr
Story saved to %1$s	Hekayə %1$s yerinə saxlanıldı
Structured value observed	Strukturlu dəyər müşahidə edildi
Subtitle language	Altyazı dili
Subtitles	Altyazılar
System	Sistem
Hide the streak button in a chat and the reminder message that goes with it.	Söhbətdəki seriya düyməsini və onunla gələn xatırlatma mesajını gizlədin.
Tap a comment's heart twice within %1$d seconds. A double tap on the comment needs a second one too. Removing a like stays immediate.	Şərhin ürəyinə %1$d saniyə ərzində iki dəfə toxunun. Şərhə iki dəfə toxunmaq üçün də ikinci toxunuş lazımdır. Bəyənməni geri götürmək dərhal olur.
Tap a story's heart twice within %1$d seconds. Removing a like stays immediate.	Hekayənin ürəyinə %1$d saniyə ərzində iki dəfə toxunun. Bəyənməni geri götürmək dərhal olur.
Tap Repost on the bar under a video twice within %1$d seconds. A repost with a note is left alone.	Videonun altındakı paneldə Repost düyməsinə %1$d saniyə ərzində iki dəfə toxunun. Qeydli yenidən paylaşmaya toxunulmur.
Tap again to follow	İzləmək üçün yenidən toxunun
Tap again to like	Bəyənmək üçün yenidən toxunun
Tap again to repost	Yenidən paylaşmaq üçün yenidən toxunun
Tap the feed Follow button twice within %1$d seconds.	Lentdəki İzlə düyməsinə %1$d saniyə ərzində iki dəfə toxunun.
Tap the like heart twice within %1$d seconds. Removing a like stays immediate.	Bəyənmə ürəyinə %1$d saniyə ərzində iki dəfə toxunun. Bəyənməni geri götürmək dərhal olur.
Tap to start the feed	Lenti başlatmaq üçün toxunun
Technical details	Texniki təfərrüatlar
Technical details, %1$s	Texniki təfərrüatlar, %1$s
That backup was written by a newer Hushfeed than this one. Nothing was altered.	Həmin ehtiyat nüsxə bu versiyadan daha yeni Hushfeed tərəfindən yazılıb. Heç nə dəyişdirilmədi.
That creator is already in the list	Həmin yaradıcı artıq siyahıdadır
That creator pattern is too long to use, so it was skipped: %1$s	Bu yaradıcı şablonu istifadə üçün çox uzundur, ona görə atlandı: %1$s
That creator pattern is too long, so it wasn't added: %1$s	Bu yaradıcı şablonu çox uzundur, ona görə əlavə edilmədi: %1$s
That file isn't a loaded-values export, or it's larger than the Lab accepts	Həmin fayl yüklənmiş dəyərlərin ixracı deyil və ya Lab-ın qəbul etdiyindən böyükdür
That file isn't readable text, so it may have been damaged in transit. Nothing was altered.	Həmin fayl oxuna bilən mətn deyil, ona görə yolda zədələnmiş ola bilər. Heç nə dəyişdirilmədi.
That file is too large to be a settings backup. Nothing was altered.	Həmin fayl ayarların ehtiyat nüsxəsi olmaq üçün çox böyükdür. Heç nə dəyişdirilmədi.
That folder name has a character Android doesn't allow. Use letters, numbers, spaces or dashes.	Həmin qovluq adında Android-in icazə vermədiyi simvol var. Hərflər, rəqəmlər, boşluqlar və ya tire istifadə edin.
That is %1$d minutes today	Bu, bu gün %1$d dəqiqədir
That is %1$d videos today	Bu, bu gün %1$d videodur
That isn't a Hushfeed settings backup. Nothing was altered.	Bu, Hushfeed ayarlarının ehtiyat nüsxəsi deyil. Heç nə dəyişdirilmədi.
That isn't an app name. Try something like com.example.downloader, or leave the box empty to keep saving in TikTok.	Bu tətbiq adı deyil. com.example.downloader kimi bir şey yoxlayın və ya TikTok-da saxlamağa davam etmək üçün qutunu boş buraxın.
That is one minute today	Bu, bu gün bir dəqiqədir
That is one video today	Bu, bu gün bir videodur
That list has too many entries. Keep it to %1$s or fewer.	Həmin siyahıda çox giriş var. Onu %1$s və ya daha az saxlayın.
That list is too large. Keep it to %1$s KB or less.	Həmin siyahı çox böyükdür. Onu %1$s KB və ya daha az saxlayın.
That preset isn't recognized. Choose another.	Həmin hazır ayar tanınmır. Başqasını seçin.
That settings backup contains a feed rule list larger than Hushfeed accepts. Nothing was altered.	Həmin ehtiyat nüsxədə Hushfeed-in qəbul etdiyindən böyük lent qaydası siyahısı var. Heç nə dəyişdirilmədi.
That settings backup holds a value Hushfeed can't read. Nothing was altered.	Həmin ehtiyat nüsxədə Hushfeed-in oxuya bilmədiyi dəyər var. Heç nə dəyişdirilmədi.
That settings backup holds more Feature Gate Lab rules than the Lab takes. Nothing was altered.	Həmin ehtiyat nüsxədə Lab-ın qəbul etdiyindən çox Feature Gate Lab qaydası var. Heç nə dəyişdirilmədi.
That settings backup is damaged or only partly downloaded. Nothing was altered.	Həmin ehtiyat nüsxə zədələnib və ya yalnız qismən yüklənib. Heç nə dəyişdirilmədi.
That settings backup is incomplete, so it may have been cut short. Nothing was altered.	Həmin ehtiyat nüsxə tam deyil, ona görə yarımçıq kəsilmiş ola bilər. Heç nə dəyişdirilmədi.
That settings change didn't go through. Nothing was altered.	Həmin ayar dəyişikliyi alınmadı. Heç nə dəyişdirilmədi.
That sticker is in a format Hushfeed can't read	Həmin stiker Hushfeed-in oxuya bilmədiyi formatdadır
The Lab can't check this. TikTok gets it exactly as typed.	Lab bunu yoxlaya bilmir. TikTok onu yazıldığı kimi alır.
The Lab couldn't open. Go back and open it again.	Lab açıla bilmədi. Geri qayıdın və yenidən açın.
The Lab keeps at most %1$s rules. This change would make %2$s, so nothing was changed.	Lab ən çox %1$s qayda saxlayır. Bu dəyişiklik %2$s qayda yaradacaqdı, ona görə heç nə dəyişdirilmədi.
The catalog says this key is %1$s and this override is %2$s. Reset the override and make a new one.	Kataloqa görə bu açar %1$s, bu əvəzləmə isə %2$s-dir. Əvəzləməni sıfırlayın və yenisini yaradın.
The diagnostic report couldn't be saved yet. Try again in a moment.	Diaqnostik hesabat hələ saxlanıla bilmədi. Bir azdan yenidən cəhd edin.
The diagnostic report couldn't be saved. Try again.	Diaqnostik hesabat saxlanıla bilmədi. Yenidən cəhd edin.
The downloader app you chose isn't installed. Check Send links to another app under Downloads.	Seçdiyiniz endirmə tətbiqi quraşdırılmayıb. Endirmələr altında Keçidləri başqa tətbiqə göndərin seçimini yoxlayın.
The feed slowly dims during the last 45 seconds before the hold, so it doesn't come as a sudden stop. Needs a time budget and a hold.	Feed bloklanmadan əvvəlki son 45 saniyədə tədricən qaralır, beləliklə qəfil dayanma olmur. Vaxt büdcəsi və blok tələb olunur.
The feed doesn't end. This is a fine time to leave it.	Lent bitmir. İndi onu tərk etmək üçün yaxşı vaxtdır.
The feed is open again	Lent yenidən açıqdır
The feed waits for one tap before it starts playing again when you come back to the app. Messages, profiles and search are still one tap away.	Tətbiqə qayıdanda lent yenidən oynamağa başlamazdan əvvəl bir toxunuş gözləyir. Mesajlar, profillər və axtarış hələ də bir toxunuş uzaqlıqdadır.
The hour both budgets reset, on a 24 hour clock. The default is 4 in the morning, so a late night still counts as the same day.	Hər iki büdcənin sıfırlandığı saat, 24 saatlıq formatda. Standart 4:00-dır, beləliklə gec gecə eyni gün sayılır.
Last change put back. Restart TikTok to apply all changes.	Son dəyişiklik geri qaytarıldı. Bütün dəyişiklikləri tətbiq etmək üçün TikTok-u yenidən başladın.
Last change put back. The Feature Gate Lab rules were for another TikTok version and were left out. Restart TikTok to apply all changes.	Son dəyişiklik geri qaytarıldı. Feature Gate Lab qaydaları başqa TikTok versiyası üçün idi və kənarda qoyuldu. Bütün dəyişiklikləri tətbiq etmək üçün TikTok-u yenidən başladın.
Show only videos with this many comments.	Yalnız bu qədər şərhi olan videoları göstərin.
Show only videos with this many favorites.	Yalnız bu qədər favoritə əlavə edilmiş videoları göstərin.
Show only videos with this many likes.	Yalnız bu qədər bəyənməsi olan videoları göstərin.
Show only videos with this many shares.	Yalnız bu qədər paylaşılmış videoları göstərin.
Show only videos with this many views.	Yalnız bu qədər baxışı olan videoları göstərin.
The original photos aren't available, so TikTok's own save runs instead	Orijinal fotolar əlçatan deyil, ona görə TikTok-un öz saxlaması işləyir
The original photos aren't available. No video was saved.	Orijinal fotolar əlçatan deyil. Heç bir video saxlanılmadı.
The override changes no fields. Edit the field values, or reset the override.	Əvəzləmə heç bir sahəni dəyişmir. Sahə dəyərlərini redaktə edin və ya əvəzləməni sıfırlayın.
The override couldn't be applied: %1$s. Edit the field values, or reset the override.	Əvəzləmə tətbiq oluna bilmədi: %1$s. Sahə dəyərlərini redaktə edin və ya əvəzləməni sıfırlayın.
The override doesn't say what list to return. Edit the field values, or reset the override.	Əvəzləmə hansı siyahının qaytarılacağını demir. Sahə dəyərlərini redaktə edin və ya əvəzləməni sıfırlayın.
The profile picture couldn't be saved. Try again.	Profil şəkli saxlanıla bilmədi. Yenidən cəhd edin.
The record of an interrupted settings change couldn't be read, so it was set aside. Check your settings.	Yarımçıq qalmış ayar dəyişikliyinin qeydi oxuna bilmədi, ona görə kənara qoyuldu. Ayarlarınızı yoxlayın.
The report couldn't be saved. Try again.	Hesabat saxlanıla bilmədi. Yenidən cəhd edin.
The loaded-values file you chose couldn't be read. Try again.	Seçdiyiniz yüklənmiş dəyərlər faylı oxuna bilmədi. Yenidən cəhd edin.
The setting couldn't finish updating. Its saved value is shown.	Ayar yenilənməni tamamlaya bilmədi. Onun saxlanılmış dəyəri göstərilir.
The settings backup was rejected. Nothing was altered.	Ayarların ehtiyat nüsxəsi rədd edildi. Heç nə dəyişdirilmədi.
The smallest value is above the largest	Ən kiçik dəyər ən böyükdən yüksəkdir
The sound couldn't be saved. Try again.	Səs saxlanıla bilmədi. Yenidən cəhd edin.
The sticker couldn't be saved. Try again.	Stiker saxlanıla bilmədi. Yenidən cəhd edin.
The story couldn't be saved. Try again.	Hekayə saxlanıla bilmədi. Yenidən cəhd edin.
The thumbs down on each comment blocks the commenter instead of disliking. The comment dims, an undo banner follows, and a second tap unblocks.	Hər şərhdəki bəyənməmə düyməsi bəyənməmək əvəzinə şərh yazanı bloklayır. Şərh solğunlaşır, geri qaytarma bannerı çıxır və ikinci toxunuş blokdan çıxarır.
The video couldn't be saved. Try again, or choose Automatic.	Video saxlanıla bilmədi. Yenidən cəhd edin və ya Avtomatik seçin.
There is no Lab change to undo.	Geri qaytarılacaq Lab dəyişikliyi yoxdur.
There is no diagnostic data to clear	Təmizlənəcək diaqnostik məlumat yoxdur
There is no diagnostic data to put back	Geri qaytarılacaq diaqnostik məlumat yoxdur
There was nothing to put back	Geri qaytarılacaq heç nə yox idi
These loaded values are for a different TikTok version.	Bu yüklənmiş dəyərlər başqa TikTok versiyası üçündür.
This catalog entry is no longer available. Refresh the Lab and try again.	Bu kataloq girişi artıq mövcud deyil. Lab-ı yeniləyin və yenidən cəhd edin.
This change couldn't be saved. Try again.	Bu dəyişiklik saxlanıla bilmədi. Yenidən cəhd edin.
This configuration has no fields that can be copied and changed safely on this build.	Bu konfiqurasiyada bu buildə təhlükəsiz kopyalanıb dəyişdirilə bilən sahə yoxdur.
This file has more loaded values than the Lab takes at once.	Bu faylda Lab-ın bir dəfəyə qəbul etdiyindən çox yüklənmiş dəyər var.
This file has no loaded values in it.	Bu faylda heç bir yüklənmiş dəyər yoxdur.
This file isn't a loaded-values export from the Feature Gate Lab.	Bu fayl Feature Gate Lab-dan yüklənmiş dəyərlərin ixracı deyil.
This gate type isn't supported.	Bu qapı növü dəstəklənmir.
This line opens a rule and doesn't finish it: %1$s. Write two phrases as "a" & "b" for both, or "a" !& "b" for the first without the second.	Bu sətir qayda açır və onu bitirmir: %1$s. İki ifadəni hər ikisi üçün "a" & "b", birincini ikincisi olmadan isə "a" !& "b" kimi yazın.
This phone has no file picker, so there's no way to choose a file here	Bu telefonda fayl seçicisi yoxdur, ona görə burada fayl seçmək mümkün deyil
This phone has no folder picker. Type the folder into the row instead.	Bu telefonda qovluq seçicisi yoxdur. Əvəzinə qovluğu sətrə yazın.
This profile picture isn't available to save	Bu profil şəklini saxlamaq mümkün deyil
This quality isn't available as a complete file, so TikTok's own save runs instead	Bu keyfiyyət tam fayl kimi əlçatan deyil, ona görə TikTok-un öz saxlaması işləyir
This setting's value can't be copied on this build, so it can't be overridden. Reset the override.	Bu ayarın dəyəri bu buildə kopyalana bilmir, ona görə əvəzlənə bilməz. Əvəzləməni sıfırlayın.
This story isn't available to save	Bu hekayəni saxlamaq mümkün deyil
This value is required.	Bu dəyər tələb olunur.
This video has no link to copy	Bu videoda kopyalanacaq keçid yoxdur
This video has no link to send, so TikTok's own save runs instead	Bu videoda göndəriləcək keçid yoxdur, ona görə TikTok-un öz saxlaması işləyir
This video has no original sound to save	Bu videoda saxlanılacaq orijinal səs yoxdur
This video has no sound of its own	Bu videonun öz səsi yoxdur
Thumbs down blocks the commenter	Bəyənməmə şərh yazanı bloklayır
TikTok default	TikTok defoltu
TikTok default (hold to speed up, quick share)	TikTok defoltu (sürətləndirmək üçün basıb saxlama, sürətli paylaşma)
TikTok didn't block %1$s. Try again in a moment.	TikTok %1$s istifadəçisini bloklamadı. Bir azdan yenidən cəhd edin.
TikTok didn't unblock %1$s. Try again in a moment.	TikTok %1$s istifadəçisini blokdan çıxarmadı. Bir azdan yenidən cəhd edin.
TikTok didn't accept the feedback. Try again later.	TikTok rəyi qəbul etmədi. Sonra yenidən cəhd edin.
TikTok hasn't loaded this setting yet. Open the part of the app that uses it, then come back.	TikTok bu ayarı hələ yükləməyib. Onu istifadə edən tətbiq hissəsini açın, sonra qayıdın.
TikTok read it	TikTok oxudu
TikTok read it, but the override couldn't be applied. Reset it and save it again.	TikTok oxudu, lakin əvəzləmə tətbiq oluna bilmədi. Onu sıfırlayın və yenidən saxlayın.
TikTok refused the follow: %1$s	TikTok izləməni rədd etdi: %1$s
TikTok's own value	TikTok-un öz dəyəri
Shows TikTok's play, pause, previous and next buttons on the feed. TikTok normally shows them only to people who use a screen reader. TikTok can see when you use them.	Lentdə TikTok-un oynat, fasilə, əvvəlki və növbəti düymələrini göstərir. TikTok onları normalda yalnız ekran oxuyucusu istifadə edənlərə göstərir. TikTok onlardan istifadə etdiyinizi görə bilər.
TikTok sometimes tests a change that empties the Favorites tab on your profile. This keeps the tab and your saved videos.	TikTok bəzən profilinizdəki Favorites tabını boşaldan dəyişikliyi sınaqdan keçirir. Bu, tabı və saxlanmış videolarınızı qoruyur.
TikTok's size	TikTok-un ölçüsü
Times you can open the feed anyway	Lenti yenə də açmaq üçün imkan sayı
Wait a day to loosen the budget	Büdcəni yumşaltmaq üçün bir gün gözləyin
A change that makes your budget looser waits until the day starts over, and a stricter one applies at once. Looser means a higher or no budget, a shorter hold, more times to open the feed anyway, a new start hour, or turning this off. A restored backup follows the same rule, and Start today over is off while this is on.	Büdcənizi yumşaldan dəyişiklik gün yenidən başlayana qədər gözləyir, sərtləşdirən isə dərhal tətbiq olunur. Yumşaltmaq daha yüksək büdcə və ya büdcənin olmaması, daha qısa blok, feedi yenə də açmaq üçün daha çox imkan, yeni başlama saatı və ya bunu söndürmək deməkdir. Bərpa olunan ehtiyat nüsxə də eyni qaydaya tabedir və bu açıq olarkən Start today over söndürülür.
Changes to %1$s at %2$s	%2$s vaxtında %1$s olacaq
Turns off at %1$s	%1$s vaxtında qapalır
That loosens the budget. It waits until %1$s.	Bu büdcəni yumşaldır. O, %1$s vaxtına qədər gözləyir.
That loosens the lock. It waits until %1$s.	Bu kilidi yumşaldır. O, %1$s vaxtına qədər gözləyir.
Today can't start over while Wait a day to loosen the budget is on. The day starts over at %1$s.	Büdcəni yumşaltmaq üçün bir gün gözləyin seçimi açıq olduqda bu gün yenidən başlaya bilməz. Gün %1$s vaxtında yenidən başlayır.
Wait a day to loosen the budget is on, so Hushfeed stays on	Büdcəni yumşaltmaq üçün bir gün gözləyin seçimi açıqdır, ona görə Hushfeed aktiv qalır
Today has moved on, so there's nothing to put back	Bu gün irəlilədi, ona görə geri qaytarılacaq heç nə yoxdur
Today is back where it was	Bu gün əvvəlki vəziyyətinə qayıtdı
Today started over. Tap again to put the counts back.	Bu gün yenidən başladı. Sayları geri qaytarmaq üçün yenidən toxunun.
Today starts again	Bu gün yenidən başlayır
Today's budget is locked. The day starts over at %1$s.	Bugünkü büdcə kilidlənib. Gün %1$s vaxtında yenidən başlayır.
Today's budget is locked. The feed opens again at %1$s. Messages, profiles and search still work.	Bugünkü büdcə kilidlənib. Lent %1$s vaxtında yenidən açılır. Mesajlar, profillər və axtarış hələ də işləyir.
Today's budget is locked. This can be changed again at %1$s.	Bugünkü büdcə kilidlənib. Bunu %1$s vaxtında yenidən dəyişmək olar.
Today: %1$d minute	Bu gün: %1$d dəqiqə
Today: %1$d minutes	Bu gün: %1$d dəqiqə
Today: %1$d video	Bu gün: %1$d video
Today: %1$d videos	Bu gün: %1$d video
Use {creator}, {date}, {video_id} and {index} to build the name. {index} numbers the photos of a slideshow saved with Download original photos. TikTok's own save button numbers files by folder instead. The file ending is added for you.	Adı qurmaq üçün {creator}, {date}, {video_id} və {index} istifadə edin. {index} “Orijinal fotoları endirin” ilə saxlanan slayd şousunun şəkillərini nömrələyir. TikTok-un öz saxlama düyməsi isə faylları qovluğa görə nömrələyir. Fayl uzantısı sizin üçün əlavə olunur.
Use {date} and {media_id} to build the name. Works for image and video stickers.	Adı qurmaq üçün {date} və {media_id} istifadə edin. Şəkil və video stikerləri üçün işləyir.
Too many media saves are already running. Try again in a moment.	Çoxlu media saxlama artıq işləyir. Bir azdan yenidən cəhd edin.
Tracking	İzləmə
Tracking, device access and links	İzləmə, cihaz girişi və keçidlər
Translate comments as they load, using TikTok's own translator.	Şərhləri yükləndikcə TikTok-un öz tərcüməçisi ilə tərcümə edin.
Transparent	Şəffaf
Try a different word or clear the search.	Başqa söz yoxlayın və ya axtarışı təmizləyin.
Try again, or go back to TikTok.	Yenidən cəhd edin və ya TikTok-a qayıdın.
Turn on %1$s first.	Əvvəlcə %1$s seçimini yandırın.
Put %1$s in %2$s first.	Əvvəlcə %1$s dəyərini %2$s sahəsinə yazın.
Turn on overrides	Əvəzləmələri yandırın
Turned off %1$d gates of %2$d. The rest don't take a true or false value. Restart TikTok to apply this.	%2$d qapıdan %1$d qapı söndürüldü. Qalanları true və ya false dəyəri qəbul etmir. Tətbiq etmək üçün TikTok-u yenidən başladın.
Turned off %1$d gates. Restart TikTok to apply this.	%1$d qapı söndürüldü. Tətbiq etmək üçün TikTok-u yenidən başladın.
Turned off 1 gate of %2$d. The rest don't take a true or false value. Restart TikTok to apply this.	%2$d qapıdan 1 qapı söndürüldü. Qalanları true və ya false dəyəri qəbul etmir. Tətbiq etmək üçün TikTok-u yenidən başladın.
Turned off 1 gate. Restart TikTok to apply this.	1 qapı söndürüldü. Tətbiq etmək üçün TikTok-u yenidən başladın.
Two letters, like us, gb or jp.	İki hərf, məsələn us, gb və ya jp.
Type	Növ
Unavailable	Əlçatan deyil
Unblock	Blokdan çıxarın
Unblock this commenter	Bu şərh yazanı blokdan çıxarın
Unblocked %1$s	%1$s blokdan çıxarıldı
Undo	Geri qaytarın
Undo clearing seen videos	İzlənmiş videoların təmizlənməsini geri qaytarın
Undo last Lab change	Son Lab dəyişikliyini geri qaytarın
Undo last restore or reset	Son bərpa və ya sıfırlamanı geri qaytarın
Undoing the last change	Son dəyişiklik geri qaytarılır
Until you choose here, this sheet follows your choices under Hide share actions.	Siz burada seçim edənə qədər bu vərəq Paylaşma əməliyyatlarını gizlədin altındakı seçimlərinizə tabe olur.
Up to %1$d speeds from %2$s to %3$s, separated by commas. Example: 0.5, 1, 1.5, 2, 2.5, 3. Leave empty for TikTok's list. Restart TikTok to apply this.	%2$s ilə %3$s arasında vergüllə ayrılmış ən çox %1$d sürət. Nümunə: 0.5, 1, 1.5, 2, 2.5, 3. TikTok-un siyahısı üçün boş buraxın. Tətbiq etmək üçün TikTok-u yenidən başladın.
Use 0 for TikTok's size, or %1$d to %2$d. Applies to the next caption.	TikTok-un ölçüsü üçün 0 və ya %1$d - %2$d aralığında dəyər istifadə edin. Növbəti başlığa tətbiq olunur.
Use Calm feed	Sakit lentdən istifadə edin
Use TikTok's own hold, pull down and release gesture to keep playing at the hold speed, 2x unless Playback sets another.	Basıb saxlama sürətində oynatmağa davam etmək üçün TikTok-un öz basıb saxla, aşağı çək və burax jestindən istifadə edin, Oxutma başqa sürət təyin etməyibsə 2x.
Use a default playback speed	Defolt oxutma sürətindən istifadə edin
Use non-personalized search	Fərdiləşdirilməmiş axtarışdan istifadə edin
Use system font	Sistem şriftindən istifadə edin
Use the preset for the region TikTok reports for your account and its shop too. May affect search.	Hesabınız və onun mağazası üçün TikTok-un bildirdiyi region üçün də hazır ayardan istifadə edin. Axtarışa təsir edə bilər.
Makes TikTok see the country and carrier you pick as your SIM. Your IP address, account history and language don't change, and any one of them can make TikTok keep your current region. Restart TikTok to see the change.	TikTok-un seçdiyiniz ölkə və operatoru SIM kartınız kimi görməsini təmin edir. IP ünvanınız, hesab tarixçəniz və dilinizlə dəyişmir və onlardan hər biri TikTok-un cari regionunuzu saxlamasına səbəb ola bilər. Dəyişikliyi görmək üçün TikTok-u yenidən başladın.
Makes TikTok see the country you pick as your SIM. Your IP address, account history and language don't change, and any one of them can make TikTok keep your current region. Restart TikTok to see the change.	TikTok-un seçdiyiniz ölkəni SIM kartınız kimi görməsini təmin edir. IP ünvanınız, hesab tarixçəniz və dilinizlə dəyişmir və onlardan hər biri TikTok-un cari regionunuzu saxlamasına səbəb ola bilər. Dəyişikliyi görmək üçün TikTok-u yenidən başladın.
Use the split layout on wider screens. Restart TikTok to apply this. If the old layout is still there, unfold again.	Daha geniş ekranlarda bölünmüş düzülüşdən istifadə edin. Tətbiq etmək üçün TikTok-u yenidən başladın. Köhnə düzülüş hələ də görünürsə, yenidən açın.
Use value	Dəyərdən istifadə edin
Use your own offline videos limit	Öz oflayn videolar limitinizdən istifadə edin
Using TikTok's value	TikTok-un dəyəri istifadə olunur
Value	Dəyər
Value to return	Qaytarılacaq dəyər
Verified accounts	Təsdiqlənmiş hesablar
Version %1$s	Versiya %1$s
Version %1$s for TikTok %2$s	Versiya %1$s, TikTok %2$s üçün
Video	Video
Video (MP4)	Video (MP4)
Video destination	Video təyinatı
Video download quality	Video endirmə keyfiyyəti
Video filename	Video fayl adı
Video info	Video məlumatı
Video playback quality	Video oxutma keyfiyyəti
Video saved	Video saxlanıldı
Video saved in %1$s, but only %2$s of %3$s subtitles came with it	Video %1$s yerinə saxlanıldı, lakin %3$s altyazıdan yalnız %2$s onunla gəldi
Video saved with %1$s subtitles in %2$s	Video %2$s yerinə %1$s altyazı ilə saxlanıldı
Wait before hiding the controls.	İdarəetmələri gizlətməzdən əvvəl gözləyin.
WebP, exactly as TikTok sent it	WebP, TikTok-un göndərdiyi kimi
What TikTok gets	TikTok-un aldığı
When TikTok requests this key, return the selected value below	TikTok bu açarı tələb edəndə aşağıdakı seçilmiş dəyəri qaytarın
When a video ends in full screen, stay on it instead of moving to the next one. Swiping still moves on.	Video tam ekranda bitəndə növbətiyə keçmək əvəzinə onda qalın. Sürüşdürmək yenə də davam edir.
While diagnostic logging is on, a message names the part of Hushfeed that failed. Off keeps failures in the report only.	Diaqnostik qeydiyyat açıq olduqda mesaj Hushfeed-in hansı hissəsinin uğursuz olduğunu bildirir. Qapalı olduqda uğursuzluqlar yalnız hesabatda qalır.
Window width needed to enable the layout. Restart TikTok to apply this.	Düzülüşü aktiv etmək üçün lazım olan pəncərə eni. Tətbiq etmək üçün TikTok-u yenidən başladın.
Words, countries and languages	Sözlər, ölkələr və dillər
Working	İşləyir
Write the video's sound beside it as an .m4a. Android 10 and later file audio separately, so it lands in Music under the same folder name as your videos.	Videonun səsini onun yanında .m4a kimi yazın. Android 10 və daha yeni versiyalar audionu ayrıca fayllayır, ona görə o, videolarınızla eyni qovluq adı altında Music qovluğuna düşür.
YTDLnis background mode	YTDLnis fon rejimi
YTDLnis download type	YTDLnis endirmə növü
Yes	Bəli
Your current settings already match Calm feed.	Cari ayarlarınız artıq Sakit lentə uyğundur.
Your filters hid everything TikTok just sent. Most were %1$s.	Filtrləriniz TikTok-un indicə göndərdiyi hər şeyi gizlətdi. Çoxu %1$s idi.
Your filters hid everything TikTok sent, %1$d times in a row. Most were %2$s.	Filtrləriniz TikTok-un göndərdiyi hər şeyi ardıcıl %1$d dəfə gizlətdi. Çoxu %2$s idi.
Your operator's name, like T-Mobile.	Operatorunuzun adı, məsələn T-Mobile.
Your operator's numeric code, like 310260.	Operatorunuzun rəqəmli kodu, məsələn 310260.
Your previous feed setup couldn't be restored. Nothing was changed.	Əvvəlki lent quruluşunuz bərpa oluna bilmədi. Heç nə dəyişdirilmədi.
Your previous feed setup is back.	Əvvəlki lent quruluşunuz geri qayıtdı.
Your previous feed setup is back. Restart TikTok to apply all changes.	Əvvəlki lent quruluşunuz geri qayıtdı. Bütün dəyişiklikləri tətbiq etmək üçün TikTok-u yenidən başladın.
Zero means the way out of the hold is always there. Any other number is how many times a day it works. Once they're used up, the hold stays until the day starts over. Ignored while the budget is locked, which removes the way out.	Sıfır deməkdir ki, bloklamadan çıxış yolu həmişə var. Başqa rəqəm onun gündə neçə dəfə işlədiyini göstərir. Onlar bitəndə blok gün yenidən başlayana qədər qalır. Büdcə kilidlənibsə nəzərə alınmır, çünki kilid çıxış yolunu götürür.
Zero means no limit. Counts the videos Hushfeed advanced past for you, not the ones you swiped yourself, and starts again when the feed is rebuilt or you change this number.	Sıfır limit yoxdur deməkdir. Hushfeed-in sizin əvəzinizə keçdiyi videoları sayır, özünüzün sürüşdürdüklərinizi yox, lent yenidən qurulanda və ya bu ədədi dəyişəndə yenidən başlayır.
Zero shows the notice and leaves the feed alone. Anything else covers the feed for that many minutes once a budget is reached. Messages, profiles and search keep working, and nothing in the feed is thrown away.	Sıfır bildirişi göstərir və lentə toxunmur. Başqa dəyər büdcəyə çatıldıqda lenti bu qədər dəqiqəliyə örtür. Mesajlar, profillər və axtarış işləyir, lentdəki heç nə atılmır.
Zero switches this off. A short reminder after that many minutes of watching, and again after the same again. Time on messages, a profile or search doesn't count, and nothing is shown while the feed is on hold.	Sıfır bunu söndürür. Bu qədər dəqiqə izləmədən sonra qısa xatırlatma və yenə eyni müddətdən sonra təkrar. Mesajlarda, profildə və ya axtarışda keçirilən vaxt sayılmır və lent fasilədə olanda heç nə göstərilmir.
Zero switches this off. Counts every video that comes up in the feed and tells you when you reach the limit. Separate from the auto-advance session limit under Playback, which counts only videos Hushfeed moved past for you.	Sıfır bunu söndürür. Lentdə çıxan hər videonu sayır və limitə çatanda sizə bildirir. Playback altındakı avtomatik keçid sessiya limitindən ayrıdır, o isə yalnız Hushfeed-in sizin üçün keçdiyi videoları sayır.
Zero switches this off. Count the minutes the player spends running in the feed. Time on messages, a profile or search doesn't count.	Sıfır bunu söndürür. Pleyerin lentdə işlədiyi dəqiqələri sayın. Mesajlarda, profildə və ya axtarışda keçirilən vaxt sayılmır.
collapsed	yığılıb
expanded	açılıb
%1$s hid everything TikTok sent, %2$d times in a row. Turn it off if that's not what you wanted.	%1$s TikTok-un göndərdiyi hər şeyi ardıcıl %2$d dəfə gizlətdi. İstədiyiniz bu deyilsə, onu söndürün.
Show the switch	Açarı göstərin


this creator	bu yaradıcı

%1$s day	%1$s gün
%1$s days	%1$s gün
%1$s dp	%1$s dp
%1$s millisecond	%1$s millisaniyə
%1$s milliseconds	%1$s millisaniyə
%1$s minute	%1$s dəqiqə
%1$s minutes	%1$s dəqiqə
%1$s point	%1$s punkt
%1$s points	%1$s punkt
%1$s s	%1$s san
%1$s second	%1$s saniyə
%1$s seconds	%1$s saniyə
%1$s time	%1$s dəfə
%1$s times	%1$s dəfə
%1$s video	%1$s video
%1$s videos	%1$s video
%1$s view per comment	şərhə düşən %1$s baxış
%1$s views per comment	şərhə düşən %1$s baxış
%1$s view per like	bəyənməyə düşən %1$s baxış
%1$s views per like	bəyənməyə düşən %1$s baxış
%1$s, %2$s, %3$s or %4$s	%1$s, %2$s, %3$s və ya %4$s
%1$s, %2$s or %3$s	%1$s, %2$s və ya %3$s
TikTok refused the follow with code %1$s	TikTok izləməni %1$s kodu ilə rədd etdi
TikTok refused the follow with code %1$s. A hidden CAPTCHA may be the cause.	TikTok izləməni %1$s kodu ilə rədd etdi. Səbəb gizlədilmiş CAPTCHA ola bilər.
TikTok refused the follow: %1$s A hidden CAPTCHA may be the cause.	TikTok izləməni rədd etdi: %1$s Səbəb gizlədilmiş CAPTCHA ola bilər.
Hushfeed is paused	Hushfeed durdurulub
Hushfeed runtime changes are paused. Your settings stay saved. Changes built into the APK remain.	Hushfeed-in tətbiq işləyərkən etdiyi dəyişikliklər dayandırılıb. Ayarlarınız saxlanılır. APK-ya daxil edilmiş dəyişikliklər qalır.
TikTok closed three times within a minute of starting, so Hushfeed paused itself. Your settings stay as they are.	TikTok başladıqdan sonra bir dəqiqə ərzində üç dəfə bağlandı, ona görə Hushfeed özünü durdurdu. Ayarlarınız olduğu kimi qalır.
A file named hushfeed-safe-mode in TikTok's folder under Android/data paused Hushfeed. Your settings stay as they are.	Android/data altında TikTok-un qovluğundakı hushfeed-safe-mode adlı fayl Hushfeed-i durdurdu. Ayarlarınız olduğu kimi qalır.
Turn Hushfeed back on	Hushfeed-i yenidən yandırın
Pause Hushfeed	Hushfeed-i durdurun
Pause runtime changes after restarting TikTok. Your settings stay saved. Changes built into the APK remain.	TikTok-u yenidən başladandan sonra tətbiq işləyərkən edilən dəyişiklikləri dayandırın. Ayarlarınız saxlanılır. APK-ya daxil edilmiş dəyişikliklər qalır.
Hushfeed turns back on when TikTok restarts.	TikTok yenidən başlayanda Hushfeed yenidən yanır.
The file hushfeed-safe-mode couldn't be removed. Delete it from TikTok's folder under Android/data to turn Hushfeed back on.	hushfeed-safe-mode faylı silinə bilmədi. Hushfeed-i yenidən yandırmaq üçün onu Android/data altında TikTok-un qovluğundan silin.
Hide TikTok Shop in search	Axtarışda TikTok Shop-u gizlədin
Hide the Products block and product cards in search results.	Axtarış nəticələrindəki Məhsullar blokunu və məhsul kartlarını gizlədin.
Hide TikTok's Auto scroll button	TikTok-un Auto scroll düyməsini gizlədin
Takes TikTok's own Auto scroll action out of the video panel. Auto-advance keeps working.	TikTok-un öz Auto scroll əməliyyatını video panelindən çıxarır. Avtomatik keçid işləməyə davam edir.
Hide the unread badges on the bottom tabs	Alt nişanlardakı oxunmamış nişanları gizlədin
Hide the red counts and dots on every bottom tab, Inbox and Profile included. The inbox itself still shows what came in.	Gələnlər və Profil daxil olmaqla hər alt nişandakı qırmızı say və nöqtələri gizlədin. Gələnlərin özü yenə də nələrin gəldiyini göstərir.
Speed while you hold the video	Videonu basıb saxlayarkən sürət
Hide mini dramas	Mini dramaları gizlədin
Hide TikTok's short drama episodes and the cards that promote them.	TikTok-un qısa drama epizodlarını və onları təbliğ edən kartları gizlədin.
Mini dramas	Mini dramalar
Swipe left	Sola sürüşdürün
TikTok default (open the creator's profile)	TikTok defoltu (yaradıcının profilini açın)
Saving %1$s of %2$s	%2$s saxlamadan %1$s saxlanılır
Stopping after this file	Bu fayldan sonra dayandırılır
Waiting to save %1$s files	%1$s fayl saxlamaq gözlənilir
Waiting to save one file	Bir fayl saxlamaq gözlənilir
Save cancelled. Nothing was saved.	Saxlama ləğv edildi. Heç nə saxlanılmadı.
The server asked us to wait. Try again later.	Server gözləməyimizi istədi. Daha sonra yenidən cəhd edin.
Saved %1$s of %2$s. The server asked us to wait. Try again later.	%2$s fayldan %1$s saxlanıldı. Server gözləməyimizi istədi. Daha sonra yenidən cəhd edin.
One more save waiting	Daha bir saxlama gözləyir
%1$s more saves waiting	Daha %1$s saxlama gözləyir
Starts after one other save	Bir digər saxlamadan sonra başlayır
Starts after %1$s other saves	%1$s digər saxlamadan sonra başlayır
# context: the banner the next start shows when TikTok closed before some saves ended. A heading, then one line per save: the kind of save, a colon, and how many of its files didn't finish. It must not promise the save will carry on by itself.
TikTok closed during these saves	TikTok bu saxlamalar zamanı bağlandı
%1$s: didn't finish	%1$s: tamamlanmadı
%1$s: one of %3$s files didn't finish	%1$s: %3$s fayldan biri tamamlanmadı
%1$s: %2$s of %3$s files didn't finish	%1$s: %3$s fayldan %2$s tamamlanmadı
%1$s: might not have finished	%1$s: tamamlanmamış ola bilər
%1$s: one of %3$s files might not have finished	%1$s: %3$s fayldan biri tamamlanmamış ola bilər
%1$s: %2$s of %3$s files might not have finished	%1$s: %3$s fayldan %2$s tamamlanmamış ola bilər
And one more save	Və daha bir saxlama
And %1$s more saves	Və daha %1$s saxlama
Original photos	Orijinal fotolar
Story	Hekayə
Original sound	Orijinal səs
Profile picture	Profil şəkli
Live photo clip	Canlı foto klipi
Media save	Media saxlama
Saved %1$s of %2$s, the rest cancelled	%2$s saxlamadan %1$s saxlanıldı, qalanı ləğv edildi
Saved %1$s of %2$s, %3$s skipped	%2$s saxlamadan %1$s saxlanıldı, %3$s keçildi
Saved %1$s of %2$s, %3$s skipped and the rest cancelled	%2$s saxlamadan %1$s saxlanıldı, %3$s keçildi və qalanı ləğv edildi
None of the photos could be saved. Try again.	Fotoların heç biri saxlanıla bilmədi. Yenidən cəhd edin.
Saved %1$s of %2$s, the rest need more free space	%2$s saxlamadan %1$s saxlanıldı, qalanı üçün daha çox boş yer lazımdır
Saved %1$s of %2$s, the rest ran out of time	%2$s saxlamadan %1$s saxlanıldı, qalanının vaxtı bitdi
Live photo clip saved to %1$s	Canlı foto klipi %1$s yerinə saxlanıldı
The live photo's clip couldn't be saved. Try again.	Canlı fotonun klipi saxlanıla bilmədi. Yenidən cəhd edin.
Creator exceptions	Yaradıcı istisnaları
An exception names one creator, so a pattern can't be one: %1$s	İstisna bir yaradıcının adını çəkir, ona görə şablon ola bilməz: %1$s
An exception takes a handle or id, not a display name: %1$s	İstisna istifadəçi adı və ya ID qəbul edir, görünən ad yox: %1$s
Also on a block list, so still hidden: %1$s	Həm də bloklama siyahısındadır, ona görə yenə gizlədilir: %1$s
Find the sound on YouTube Music	Səsi YouTube Music-də tapın
YouTube Music isn't installed	YouTube Music quraşdırılmayıb
This video's sound has no title to look for	Bu videonun səsində axtarılacaq ad yoxdur
YouTube Music couldn't be opened. Open it yourself and search for the sound.	YouTube Music açıla bilmədi. Onu özünüz açın və səsi axtarın.
Allow storage for TikTok in Android settings to save the live photo's clip	Canlı fotonun klipini saxlamaq üçün Android ayarlarında TikTok üçün yaddaşa icazə verin
This is the video's own sound, so YouTube Music won't have it	Bu videonun öz səsidir, ona görə YouTube Music-də olmayacaq
Not a handle or id, so ignored: %1$s	İstifadəçi adı və ya ID deyil, ona görə nəzərə alınmadı: %1$s
What's new	Yeniliklər
Changes in Hushfeed %1$s	Hushfeed %1$s versiyasındakı dəyişikliklər
Reviewed presets	Yoxlanılmış hazır ayarlar
Show See translation	Tərcüməyə bax düyməsini göstərin
Reviewed for TikTok %1$s	TikTok %1$s üçün yoxlanılıb
Value: %1$s to %2$s	Dəyər: %1$s - %2$s
The presets couldn't load. Open the Lab again.	Hazır ayarlar yüklənə bilmədi. Lab-ı yenidən açın.
Apply enables these overrides. Undo last Lab change puts your previous rules back until you change anything else in the Lab.	Tətbiq etmək bu əvəzləmələri yandırır. Son Lab dəyişikliyini geri qaytarın seçimi Lab-da başqa bir şeyi dəyişənə qədər əvvəlki qaydalarınızı geri qaytarır.
Apply saves these overrides. Turn on overrides in the Lab to use them. Turning them on is a Lab change too, so after that Undo turns them off rather than putting your previous rules back.	Tətbiq etmək bu əvəzləmələri saxlayır. Onlardan istifadə etmək üçün Lab-da əvəzləmələri yandırın. Onları yandırmaq da Lab dəyişikliyidir, ona görə bundan sonra Geri qaytar əvvəlki qaydalarınızı qaytarmaq əvəzinə onları söndürür.
This preset isn't available for your installed TikTok version.	Bu hazır ayar quraşdırılmış TikTok versiyanız üçün əlçatan deyil.
Preset applied. Restart TikTok to use it.	Hazır ayar tətbiq edildi. İstifadə etmək üçün TikTok-u yenidən başladın.
Preset saved. Turn on overrides in the Lab to use it.	Hazır ayar saxlanıldı. İstifadə etmək üçün Lab-da əvəzləmələri yandırın.
This preset doesn't match the installed gates. Nothing changed.	Bu hazır ayar quraşdırılmış qapılara uyğun gəlmir. Heç nə dəyişmədi.
About overrides	Əvəzləmələr haqqında
Use {creator}, {date} and {video_id} to build the name. Start with {creator}/ to put each creator in a folder. The file ending is added for you.	Adı qurmaq üçün {creator}, {date} və {video_id} istifadə edin. Hər yaradıcını ayrıca qovluğa qoymaq üçün {creator}/ ilə başlayın. Fayl uzantısı sizin üçün əlavə olunur.
Save details beside the video	Təfərrüatları videonun yanında saxlayın
Saves the caption, creator, link and post date in a text file next to the video. On Android 10 and later, the pair goes in Download or Documents under the same folder name. Applies to saves made by Hushfeed.	Başlığı, yaradıcını, linki və paylaşım tarixini videonun yanında mətn faylında saxlayır. Android 10 və daha yenisində cüt Download və ya Documents içində eyni qovluq adı ilə qalır. Hushfeed-in etdiyi saxlamalara aiddir.
Check for already-saved videos	Artıq saxlanılmış videoları yoxlayın
Forget saved videos	Saxlanılmış videoları unudun
Undo forgetting saved videos	Saxlanılmış videoların unudulmasını geri qaytarın
Forget which videos Hushfeed saved here, so the already-saved check starts over. The saved files and your settings stay. Turning the check off doesn't erase this record.	Hushfeed-in burada hansı videoları saxladığını unudun ki, artıq saxlanılıb yoxlaması yenidən başlasın. Saxlanılmış fayllar və ayarlarınız qalır. Yoxlamanı söndürmək bu qeydi silmir.
Forgetting saved videos	Saxlanılmış videolar unudulur
Putting the saved videos back	Saxlanılmış videolar geri qaytarılır
Forgotten. Tap to put them back.	Unudulub. Geri qaytarmaq üçün toxunun.
Saved videos forgotten. The files are still there.	Saxlanılmış videolar unudulub. Fayllar hələ də yerindədir.
There were no saved videos to forget	Unudulacaq saxlanılmış video yox idi
Couldn't forget the saved videos. Try again.	Saxlanılmış videoları unutmaq alınmadı. Yenidən cəhd edin.
Saved videos put back	Saxlanılmış videolar geri qaytarıldı
Couldn't put the saved videos back. Try again.	Saxlanılmış videoları geri qaytarmaq alınmadı. Yenidən cəhd edin.
Too late to put the saved videos back	Saxlanılmış videoları geri qaytarmaq üçün çox gecdir
Remembers up to %1$s videos you saved here. If the file is still there, you get Open or Save again instead of a second copy.	Burada saxladığınız %1$s videoya qədər yadda saxlayır. Fayl hələ də yerindədirsə, ikinci nüsxə əvəzinə Open və ya Save again seçimini görürsünüz.
This video is already saved. Open TikTok to save another copy.	Bu video artıq saxlanılıb. Başqa nüsxə saxlamaq üçün TikTok-u açın.
This video is already saved	Bu video artıq saxlanılıb
Save again	Yenidən saxla
The saved-video choice couldn't open. Try again.	Saxlanılmış video seçimi açıla bilmədi. Yenidən cəhd edin.
The saved-video choice is still open	Saxlanılmış video seçimi hələ də açıqdır
This video isn't available as a complete file. Try again later.	Bu video tam fayl kimi əlçatan deyil. Sonra yenidən cəhd edin.
Saving video to %1$s	Video %1$s yerinə saxlanılır
Video and details saved to %1$s	Video və təfərrüatlar %1$s yerinə saxlanıldı
The video was saved, but its record couldn't be updated. A later save may make another copy.	Video saxlanıldı, lakin onun qeydi yenilənə bilmədi. Sonrakı saxlama başqa nüsxə yarada bilər.
The already-saved check failed. Try again.	Artıq saxlanılıb yoxlaması alınmadı. Yenidən cəhd edin.
Show download progress	Endirmə irəliləyişini göstərin
Show a progress bar while a video saves.	Video saxlanılarkən irəliləyiş paneli göstərin.
Saving video	Video saxlanılır
Waiting to save video	Video saxlamaq gözlənilir
Saving video: %1$s	Video saxlanılır: %1$s
Saving %1$s of %2$s: %3$s	%2$s saxlamadan %1$s saxlanılır: %3$s
Couldn't save the change. Try again.	Dəyişikliyi saxlamaq alınmadı. Yenidən cəhd edin.
Off. TikTok can report views and typing.	Qapalıdır. TikTok baxışları və yazmanı bildirə bilər.
Hushfeed is paused. Ghost mode isn't active.	Hushfeed durdurulub. Xəyal rejimi aktiv deyil.
Problem detected. Story views may still be reported. Check Ghost mode diagnostics. The warning stays until TikTok restarts.	Problem aşkarlandı. Hekayə baxışları hələ də bildirilə bilər. Xəyal rejimi diaqnostikasını yoxlayın. Xəbərdarlıq TikTok yenidən başlayana qədər qalır.
Hushfeed blocked TikTok's reports here. It hasn't confirmed that you stay off viewer lists.	Hushfeed burada TikTok-un hesabatlarını blokladı. Baxanlar siyahılarında görünmədiyinizi hələ təsdiqləməyib.
On. Hushfeed hasn't seen TikTok send any reports since it started.	Açıq. Hushfeed TikTok başlayandan bəri onun heç bir hesabat göndərdiyini görməyib.
Ghost mode diagnostics	Xəyal rejimi diaqnostikası
The partial file couldn't be removed. Delete it from the folder you chose.	Yarımçıq fayl silinə bilmədi. Onu seçdiyiniz qovluqdan silin.
The backup didn't start and its partial file couldn't be removed. Delete it from the folder you chose.	Ehtiyat nüsxə başlamadı və yarımçıq faylı silinə bilmədi. Onu seçdiyiniz qovluqdan silin.
Problem detected.	Problem aşkarlandı.
Couldn't save these choices. Try again.	Bu seçimləri saxlamaq alınmadı. Yenidən cəhd edin.
Clearing seen videos	İzlənmiş videolar təmizlənir
Couldn't clear seen videos. Try again.	İzlənmiş videoları təmizləmək alınmadı. Yenidən cəhd edin.
Keep playing in the background	Fonda oxutmağa davam edin
The video you're watching keeps playing to its end after you leave TikTok or turn the screen off, with TikTok's own media notification to pause it. TikTok's background play switch stays on while this is on. Restart TikTok to apply this.	TikTok-dan çıxandan və ya ekranı söndürəndən sonra izlədiyiniz video sonuna qədər oxunmağa davam edir, dayandırmaq üçün TikTok-un öz media bildirişi var. Bu açıq olduqda TikTok-un fonda oxutma açarı açıq qalır. Tətbiq etmək üçün TikTok-u yenidən başladın.
Keep playing in the background is on in Hushfeed's Playback settings, so TikTok gets 2 for this key and an override here has no effect until that switch is off.	Fonda oxutmağa davam edin Hushfeed-in Oxutma ayarlarında açıqdır, ona görə TikTok bu açar üçün 2 alır və buradakı əvəzləmə həmin açar qapanana qədər təsirsizdir.
2, from Keep playing in the background	2, Fonda oxutmağa davam edin seçimindən
Let the last video finish	Sonuncu videonun bitməsinə icazə verin
When the budget runs out, the video on screen plays to its end before the hold starts, and you can't swipe to another video meanwhile. If the fade already dimmed the feed, the hold starts right away. Needs a hold. It waits %1$d minutes at most.	Büdcə bitəndə ekrandakı video blok başlamazdan əvvəl sonuna qədər oynayır və bu müddətdə başqa videoya sürüşdürə bilməzsiniz. Qaralma feedi artıq qaraldıbsa, blok dərhal başlayır. Blok tələb olunur. Ən çoxu %1$d dəqiqə gözləyir.
The feed stops when this video ends.	Bu video bitəndə lent dayanır.
Streak	Seriya
Keep a streak going	Seriyanı davam etdirin
Who to message	Kimə mesaj yazılsın
When to send	Nə vaxt göndərilsin
The time of day the message goes out.	Mesajın göndərildiyi gün vaxtı.
Message	Mesaj
What gets sent each day.	Hər gün nə göndərilir.
Send it now	İndi göndərin
Sends today's message right away. The daily one then waits for tomorrow.	Bugünkü mesajı dərhal göndərir. Gündəlik mesaj sonra sabaha gözləyir.
Turn on Keep a streak going first	Əvvəlcə Seriyanı davam etdirin seçimini yandırın
Sending the message	Mesaj göndərilir
A message is already on its way	Mesaj artıq yoldadır
Enter who to message below to start.	Başlamaq üçün aşağıda kimə mesaj yazılacağını daxil edin.
Next message: today at %1$s.	Növbəti mesaj: bu gün saat %1$s.
Next message: tomorrow at %1$s.	Növbəti mesaj: sabah saat %1$s.
No chat with @%1$s turned up on this account. Open your chat with them once, then try again.	Bu hesabda @%1$s ilə söhbət tapılmadı. Onunla söhbətinizi bir dəfə açın, sonra yenidən cəhd edin.
Nobody was signed in to TikTok. Sign in, and it tries again at %1$s.	TikTok-da heç kim daxil olmayıb. Daxil olun, %1$s vaxtında yenidən cəhd edəcək.
A different account is signed in. Switch back to the one you set this up on, or enter who to message again.	Fərqli hesab daxil olub. Bunu qurduğunuz hesaba qayıdın və ya kimə mesaj yazılacağını yenidən daxil edin.
TikTok's messages didn't start in time. It tries again at %1$s.	TikTok-un mesajları vaxtında başlamadı. %1$s vaxtında yenidən cəhd edəcək.
The message didn't go through. It tries again at %1$s.	Mesaj göndərilmədi. %1$s vaxtında yenidən cəhd edəcək.
Found %1$s in your chats.	Söhbətlərinizdə %1$s tapıldı.
Pass TikTok's install checks	TikTok-un quraşdırma yoxlamalarından keç
TikTok checks how it was signed and installed. This answers those checks the way the Play Store version would. Try it if follows or likes undo themselves after a refresh. It may not help, since TikTok has other checks.	TikTok onun necə imzalandığını və quraşdırıldığını yoxlayır. Bu, həmin yoxlamalara Play Store versiyasının cavab verdiyi kimi cavab verir. İzləmələr və ya bəyənmələr yenilənəndən sonra özü-özünə geri qayıdırsa, sınayın. TikTok-un başqa yoxlamaları da olduğu üçün kömək etməyə bilər.
Add apps to Share via	Share via bölməsinə tətbiqlər əlavə edin
Pick apps to add to the Share via row, before More. Each gets the same link the other apps get.	Share via sətrinə, More-dan əvvəl əlavə ediləcək tətbiqləri seçin. Hər biri digər tətbiqlərin aldığı keçidin eynisini alır.
Search apps	Tətbiqləri axtarın
Looking for apps	Tətbiqlər axtarılır
No other app takes shared text	Paylaşılan mətni qəbul edən başqa tətbiq yoxdur
Install one, then come back here.	Birini quraşdırın, sonra bura qayıdın.
No apps match this search	Bu axtarışa uyğun tətbiq yoxdur
LIVE feed	LIVE lenti
Filter the LIVE feed	LIVE lentini süzün
Hides rooms in the LIVE feed you swipe through, using the rules below. Blocked creators, Creators hidden on this phone and Creator exceptions apply here too, and Blocked caption words are checked against each LIVE's title. The first room the LIVE button opens isn't filtered. If every room would be hidden, one gets through so the feed keeps loading.	Aşağıdakı qaydalarla sürüşdürdüyünüz LIVE lentindəki otaqları gizlədir. “Bloklanmış yaradıcılar”, “Bu telefonda gizlədilən yaradıcılar” və “Yaradıcı istisnaları” burada da tətbiq olunur, “Bloklanmış başlıq sözləri” isə hər LIVE-ın başlığına qarşı yoxlanır. LIVE düyməsinin açdığı ilk otaq filtrlənmir. Bütün otaqlar gizlədiləcəksə, biri keçir ki, lent yüklənməyə davam etsin.
Hide gaming LIVEs	Oyun LIVE-larını gizlədin
Hide LIVEs that TikTok tags with a game or a gaming category.	TikTok-un oyun və ya oyun kateqoriyası ilə etiketlədiyi LIVE-ları gizlədin.
Hide shopping LIVEs	Alış-veriş LIVE-larını gizlədin
Hide LIVEs that sell products or carry a TikTok Shop tag.	Məhsul satan və ya TikTok Shop etiketi daşıyan LIVE-ları gizlədin.
Hide sponsored LIVEs	Sponsorlu LIVE-ları gizlədin
Hide LIVEs that TikTok labels as a paid partnership or promotional content.	TikTok-un ödənişli tərəfdaşlıq və ya tanıtım məzmunu kimi etiketlədiyi LIVE-ları gizlədin.
Hide verified creators' LIVEs	Təsdiqlənmiş yaradıcıların LIVE-larını gizlədin
Hide LIVEs hosted by verified accounts.	Təsdiqlənmiş hesabların apardığı LIVE-ları gizlədin.
Hidden LIVE categories	Gizlədilən LIVE kateqoriyaları
Separate words with commas, like music, chat. A LIVE is hidden when its category, topic tags or game name contains one. Capital letters don't matter.	Sözləri vergüllə ayırın, məsələn music, chat. LIVE-ın kateqoriyasında, mövzu teqlərində və ya oyun adında bunlardan biri varsa, gizlədilir. Böyük hərflərin əhəmiyyəti yoxdur.
LIVE viewers range	LIVE izləyici aralığı
Show only LIVEs with this many people watching.	Yalnız bu qədər adamın izlədiyi LIVE-ları göstərin.
LIVE followers range	LIVE izləyən aralığı
Show only LIVEs from creators with this many followers.	Yalnız bu qədər izləyicisi olan yaradıcıların LIVE-larını göstərin.
Hide the comment bar on opened videos	Açılmış videolarda şərh panelini gizlədin
Hide the Clear display controls	Təmiz ekran idarəetmələrini gizlədin
While Clear display is on, also hide the progress bar, the close button and the pause and speed buttons at the bottom. You can still drag along the bottom edge to move through the video. To leave Clear display, press and hold the video and tap Restore display, or pinch the screen.	Təmiz ekran açıq olanda aşağıdakı irəliləmə zolağını, bağlama düyməsini, fasilə və sürət düymələrini də gizlədin. Videoda irəli-geri keçmək üçün yenə də aşağı kənar boyunca sürüşdürə bilərsiniz. Təmiz ekrandan çıxmaq üçün videonu basıb saxlayın və Ekranı bərpa et düyməsinə toxunun. Ekranda çimdik jesti ilə də çıxmaq mümkündür.
Take the Add comment bar off videos you open from a profile, a hashtag, a sound or search, so the video fills the screen down to the bottom. The comment button on the right still opens comments.	Video ekranı aşağıya qədər doldursun deyə, profildən, heşteqdən, səsdən və ya axtarışdan açdığınız videolardan Add comment panelini çıxarın. Sağdakı şərh düyməsi yenə də şərhləri açır.
Build details	Build təfərrüatları
Copy or save which patches and options this Hushfeed was built with.	Bu Hushfeed-in hansı yamaqlar və seçimlərlə qurulduğunu kopyalayın və ya saxlayın.
Copy build details	Build təfərrüatlarını kopyalayın
Save build details	Build təfərrüatlarını saxlayın
Build details copied to the clipboard	Build təfərrüatları mübadilə buferinə kopyalandı
Sends one message a day to each person below at the time below, so your streaks keep going on days you don't open TikTok.	Aşağıdakı hər kəsə aşağıdakı vaxtda gündə bir mesaj göndərir ki, TikTok-u açmadığınız günlərdə də seriyalarınız davam etsin.
Their usernames, separated by commas or new lines. Each person must already have a chat with you.	Onların istifadəçi adları, vergüllə və ya yeni sətirlərlə ayrılmış. Hər kəsin sizinlə artıq söhbəti olmalıdır.
Delivery unconfirmed: %1$d/%2$d chats. Those chats won't be retried today.	Çatdırılma təsdiqlənməyib: %1$d/%2$d söhbət. Bu söhbətlər bu gün yenidən cəhd edilməyəcək.
Delivery unconfirmed: %1$d/%2$d chats. Remaining chats still need a message.	Çatdırılma təsdiqlənməyib: %1$d/%2$d söhbət. Qalan söhbətlərə hələ də mesaj lazımdır.
Sent to %1$d/%2$d chats. They won't get another message today.	%1$d/%2$d söhbətə göndərildi. Bu gün başqa mesaj almayacaqlar.
Sent to %1$d/%2$d chats. The rest still need a message.	%1$d/%2$d söhbətə göndərildi. Qalan söhbətlərə hələ də mesaj lazımdır.
TikTok may have taken this message. Delivery isn't confirmed, so it won't be retried today.	TikTok bu mesajı götürmüş ola bilər. Çatdırılma təsdiqlənməyib, ona görə bu gün yenidən cəhd edilməyəcək.
Nothing was sent. Check the streak settings and try again.	Heç nə göndərilmədi. Seriya ayarlarını yoxlayın və yenidən cəhd edin.
Don't save new searches	Yeni axtarışları saxlamayın
Keep what you search for out of the search history TikTok saves on this phone. Searches already there stay until you delete them, and TikTok's servers may still keep their own record.	Axtardıqlarınızı TikTok-un bu telefonda saxladığı axtarış tarixçəsindən kənarda saxlayın. Orada artıq olan axtarışlar siz silənə qədər qalır və TikTok-un serverləri öz qeydini hələ də saxlaya bilər.
Block suggested video notifications	Təklif olunan video bildirişlərini bloklayın
Stop the notifications TikTok sends about popular videos it picked for you. Messages, comments, likes, follows and videos from accounts you follow still come through.	TikTok-un sizin üçün seçdiyi populyar videolar haqqında göndərdiyi bildirişləri dayandırın. Mesajlar, şərhlər, bəyənmələr, yeni izləyicilər və izlədiyiniz hesabların videoları yenə gəlir.
Buttons on videos	Videolardakı düymələr

Seen videos put back: %1$s of %2$s	Bərpa edilən baxılmış videolar: %1$s / %2$s
No cleared videos fit the current history limits.	Silinmiş videoların heç biri cari tarixçə limitlərinə uyğun gəlmir.
Putting seen videos back	Baxılmış videolar bərpa edilir
# context: a line above the What's new release notes, which come from the English changelog and are not translated.
These notes are in English.	Bu qeydlər ingilis dilindədir.
Still waiting for the file app. Tap to stop waiting.	Hələ də fayl tətbiqi gözlənilir. Gözləməni dayandırmaq üçün toxunun.
Stopped waiting for the file app. Nothing was changed.	Fayl tətbiqini gözləmək dayandırıldı. Heç nə dəyişdirilmədi.
Stopped waiting for the file app. It hasn't said yet whether the backup was saved.	Fayl tətbiqini gözləmək dayandırıldı. O, ehtiyat nüsxənin saxlanılıb-saxlanılmadığını hələ bildirməyib.
The backup wasn't saved. Back up again when the file app is ready.	Ehtiyat nüsxə saxlanılmadı. Fayl tətbiqi hazır olanda yenidən ehtiyat nüsxə yaradın.
The file app still has the last file. Try again once it lets go, or restart TikTok.	Fayl tətbiqi son faylı hələ də saxlayır. O, faylı buraxdıqdan sonra yenidən cəhd edin və ya TikTok-u yenidən başladın.
Waiting for the file app to let go of the last file. Restart TikTok if it doesn't.	Fayl tətbiqinin son faylı buraxması gözlənilir. Buraxmasa, TikTok-u yenidən başladın.
Stopped waiting for the file app. Nothing was imported.	Fayl tətbiqini gözləmək dayandırıldı. Heç nə idxal edilmədi.
The last report is still being saved	Son hesabat hələ saxlanılır
Still waiting for the file app.	Hələ də fayl tətbiqi gözlənilir.
Stop waiting	Gözləməni dayandır
Stopped waiting for the file app. Nothing was exported.	Fayl tətbiqini gözləmək dayandırıldı. Heç nə ixrac edilmədi.
Stopped waiting for the file app. It hasn't said yet whether the export was saved.	Fayl tətbiqini gözləmək dayandırıldı. O, ixracın saxlanılıb-saxlanılmadığını hələ bildirməyib.
The export wasn't saved. Export again when the file app is ready.	İxrac saxlanılmadı. Fayl tətbiqi hazır olanda yenidən ixrac edin.
Hide unpersonalized For You videos	Fərdiləşdirilməmiş Sənin üçün videolarını gizlədin
Hide the fill-in videos TikTok sends to For You without picking them for you. When a whole batch is fill-in, it stays so the feed doesn't run dry.	TikTok-un Sənin üçün lentinə sizin üçün seçmədən göndərdiyi doldurucu videoları gizlədin. Bütün partiya doldurucudursa, lent boş qalmasın deyə saxlanılır.
Unpersonalized For You videos	Fərdiləşdirilməmiş Sənin üçün videoları
Reviewed presets for TikTok %1$s	TikTok %1$s üçün yoxlanılmış hazır ayarlar
No presets have been reviewed for TikTok %1$s yet	TikTok %1$s üçün hələ yoxlanılmış hazır ayar yoxdur
Repost with a comment	Şərhlə yenidən paylaşın
Profile banner and new profile layout	Profil banneri və yeni profil görünüşü
Comment with live photos, the camera or audio	Canlı fotolar, kamera və ya səslə şərh yazın
Save comments to Favorites	Şərhləri Sevimlilərə saxlayın
Comment sort and dislike styles	Şərh sıralaması və bəyənməmə üslubları
Message bubble colors, Inbox archive and sharing to more chats	Mesaj balonu rəngləri, Gələnlər arxivi və daha çox söhbətə paylaşma
Manage topics	Mövzuları idarə edin
Visual search	Vizual axtarış
AI Self	AI Self
Long-press menu on every post	Hər paylaşımda uzun basma menyusu
TikTok's hold to speed up	TikTok-un basıb saxlayaraq sürətləndirməsi
TikTok's background play and auto-scroll	TikTok-un arxa planda oynatma və avtomatik sürüşdürməsi
Post dates in the feed	Lentdə paylaşım tarixləri
Show exact counts	Dəqiq rəqəmləri göstər
Show counts as full numbers, like 1,234,567 instead of 1.2M.	Sayları tam rəqəmlə göstərir, məsələn, 1.2M əvəzinə 1.234.567.
Play SDR instead of HDR	HDR əvəzinə SDR oynat
HDR videos light the screen extra bright. This plays the standard (SDR) version instead, so the screen doesn't jump to full brightness. Videos with no standard version still play in HDR.	HDR videolar ekranı əlavə parlaq edir. Bu, ekranın tam parlaqlığa sıçramaması üçün əvəzinə standart (SDR) versiyanı oynadır. Standart versiyası olmayan videolar yenə HDR ilə oynayır.
Remove story rings	Hekayə halqalarını sil
Take the story ring off profile pictures on the feed, in comments and on profiles. Tapping a picture opens the profile instead of the story.	Hekayə halqasını lentdə, şərhlərdə və profillərdə profil şəkillərindən götür. Şəklə toxunmaq hekayəni yox, profili açır.
Remove the LIVE ring	LIVE halqasını sil
Take the pulsing LIVE ring off profile pictures on the feed and in comments. Tapping the picture of a creator who's live opens their profile instead of the LIVE.	Lentdə və şərhlərdə profil şəkillərindəki döyünən LIVE halqasını götür. Canlı yayımda olan yaradıcının şəklinə toxunmaq LIVE-ı yox, profilini açır.
Writing	Yazmaq
Lift text length limits	Mətn uzunluğu limitlərini qaldır
Let comments, repost notes and your bio run past the length TikTok's app stops at. TikTok's servers can still turn down a long one.	Şərhlər, repost qeydləri və bionuz TikTok tətbiqinin dayandığı uzunluqdan keçə bilsin. TikTok serverləri uzun mətni yenə də rədd edə bilər.
Show only mutual friends on the Friends tab	Dostlar bölməsində yalnız qarşılıqlı dostları göstərin
On the Friends tab, hide posts, reposts and LIVEs from accounts that aren't a mutual follow, suggested accounts included. Your own posts stay.	Dostlar bölməsində qarşılıqlı izləşmədiyiniz hesabların, o cümlədən təklif olunan hesabların paylaşımlarını, repostlarını və LIVE-larını gizlədin. Öz paylaşımlarınız qalır.
Show follow status	İzləmə vəziyyətini göstər
Under the @username on a profile, say whether it follows you or doesn't follow you back. Follower and following lists mark the accounts you follow that don't follow you back.	Profildə @istifadəçi adının altında onun sizi izləyib-izləmədiyini göstərin. İzləyici və izlənilən siyahıları sizi geri izləməyən, sizin izlədiyiniz hesabları qeyd edir.
Follows you	Sizi izləyir
Doesn't follow you back	Sizi geri izləmir
Copy bio and IDs	Bio və ID-ləri kopyala
Long-press a bio to copy it. A profile's share sheet gets buttons that copy its username and user ID, and a video's share sheet one that copies the video ID.	Bionu kopyalamaq üçün ona uzun basın. Profilin paylaşma panelinə istifadəçi adını və istifadəçi ID-sini kopyalayan düymələr, videonun paylaşma panelinə isə video ID-sini kopyalayan düymə əlavə olunur.
Bio copied	Bio kopyalandı
Username copied	İstifadəçi adı kopyalandı
User ID copied	İstifadəçi ID-si kopyalandı
Video ID copied	Video ID-si kopyalandı
Copy username	İstifadəçi adını kopyala
Copy user ID	İstifadəçi ID-sini kopyala
Copy video ID	Video ID-sini kopyala
Prefer H.264 video	H.264 videoya üstünlük ver
Picks the older H.264 video format when TikTok also offers a newer one (HEVC or ByteVC2). It helps phones that stutter or run hot. Videos without an H.264 version still play.	TikTok daha yeni format (HEVC və ya ByteVC2) də təklif etdikdə köhnə H.264 video formatını seçir. Donan və ya qızan telefonlara kömək edir. H.264 versiyası olmayan videolar yenə oynayır.
Show engagement rate	İştirak dərəcəsini göstərin
Show likes, comments, shares and saves as a percentage of views, next to the creator's name and after the view count on profile grids.	Bəyənmələri, şərhləri, paylaşımları və yadda saxlamaları baxışların faizi kimi yaradıcının adının yanında və profil şəbəkəsində baxış sayından sonra göstərin.
App lock	Tətbiq kilidi
Lock TikTok	TikTok-u kilidləyin
Ask for the unlock your phone uses, like a fingerprint or a PIN, when TikTok starts and when you come back to it. A link you open from another app still goes to its video once you unlock. While this is on, TikTok's preview in recent apps stays blank. Needs a screen lock on the phone.	TikTok açılanda və ona qayıdanda telefonunuzun istifadə etdiyi kilidi, məsələn barmaq izini və ya PIN-i soruşun. Başqa tətbiqdən açdığınız link kilidi açdıqdan sonra yenə öz videosuna aparır. Bu açıq olanda TikTok-un son tətbiqlərdəki önizləməsi boş qalır. Telefonda ekran kilidi lazımdır.
Lock again after	Yenidən kilidləmə vaxtı
Right away	Dərhal
After 1 minute	1 dəqiqədən sonra
After 5 minutes	5 dəqiqədən sonra
After 15 minutes	15 dəqiqədən sonra
Unlock TikTok	TikTok-un kilidini açın
Use screen lock	Ekran kilidindən istifadə edin
TikTok is locked	TikTok kilidlidir
Unlock	Kilidi açın
TikTok isn't locked because this phone has no screen lock	Bu telefonda ekran kilidi olmadığı üçün TikTok kilidli deyil
Save photo posts as a video	Foto paylaşımlarını video kimi saxla
On a one-photo post, Download video makes an MP4 with the post's sound and no TikTok logo or end card. On a post with several photos, Download asks if you want the originals or one video.	Tək fotolu yazıda Download video yazının səsi ilə, TikTok loqosu və son kart olmadan MP4 hazırlayır. Bir neçə fotolu yazıda Download orijinalları, yoxsa tək video istədiyinizi soruşur.
Seconds per photo	Hər foto üçün saniyə
How long each photo stays on screen in a video made from a photo post.	Foto paylaşımından hazırlanan videoda hər fotonun ekranda nə qədər qalması.
Save photos or a video?	Fotolar, yoxsa video saxlanılsın?
Save photos	Fotoları saxla
Save as video	Video kimi saxla
Making a video of the photos	Fotolardan video hazırlanır
Saved the photos as a video in %1$s	Fotolar video kimi %1$s yerinə saxlanıldı
Saved the photos as a video in %1$s. The sound couldn't be added, so it's silent.	Fotolar video kimi %1$s yerinə saxlanıldı. Səs əlavə edilə bilmədi, ona görə video səssizdir.
The video couldn't be made from these photos. Try again.	Bu fotolardan video hazırlana bilmədi. Yenidən cəhd edin.
Video of photos	Fotolardan video
# context: search words for the Log diagnostics switch. Never shown, only matched when someone searches settings. Give the words people type for debug logging in this language, separated by spaces.
debug debugging logs logging	sazlama xəta axtarışı jurnallar loglar
Export comments	Şərhləri ixrac et
Adds Export CSV and Export JSON buttons under the search box, so Search within comments must be on. They save the comments and replies loaded so far to a file you pick. Open the reply threads you want first.	Axtarış qutusunun altına Export CSV və Export JSON düymələri əlavə edir, ona görə də “Şərhlər daxilində axtarın” açıq olmalıdır. Onlar indiyə qədər yüklənmiş şərhləri və cavabları seçdiyiniz fayla saxlayır. Əvvəlcə istədiyiniz cavab zəncirlərini açın.
Export CSV	CSV ixracı
Export JSON	JSON ixracı
1 comment or reply loaded	1 şərh və ya cavab yüklənib
%1$d comments and replies loaded	%1$d şərh və cavab yüklənib
No comments are loaded to export yet.	İxrac üçün hələ şərh yüklənməyib.
Exported %1$d comments and %2$d replies	%1$d şərh və %2$d cavab ixrac edildi
Comment export failed	Şərh ixracı alınmadı
Some of these notes are in English.	Bu qeydlərin bir hissəsi ingilis dilindədir.
More than %1$d comments were loaded, so the rest aren't in the file.	%1$d-dən çox şərh yüklənmişdi, ona görə qalanları faylda yoxdur.
Lock the feed	Lenti kilidlə
For You, Following and the other feed tabs stay behind a calm panel and won't swipe. Messages, profiles and search work as usual, a link to one video still opens that video, and the app opens on Inbox instead of the feed.	Sizin üçün, İzlədiklərim və digər lent tabları sakit bir panelin arxasında qalır və sürüşdürülmür. Mesajlar, profillər və axtarış həmişəki kimi işləyir, bir videoya keçid yenə də həmin videonu açır, tətbiq isə lentin əvəzinə Gələnlər qutusunda açılır.
The feed is locked	Lent kilidlidir
Block popups	Pop-up pəncərələri blokla
Pick the popups to stop. The list holds the ones TikTok has tried to show on this phone, so a popup appears here after its first showing. CAPTCHA, verification, sign-in, age, ban and legal consent screens are never listed or blocked.	Dayandırmaq istədiyiniz pop-up pəncərələrini seçin. Siyahıda TikTok-un bu telefonda göstərməyə çalışdıqları var, ona görə pop-up ilk dəfə göründükdən sonra burada peyda olur. CAPTCHA, doğrulama, giriş, yaş, qadağa və hüquqi razılıq ekranları heç vaxt siyahıya düşmür və bloklanmır.
No popups have been seen yet	Hələ heç bir pop-up görünməyib
Use TikTok for a while. A popup shows up here after TikTok first tries to show it.	TikTok-dan bir müddət istifadə edin. Pop-up, TikTok onu ilk dəfə göstərməyə çalışdıqdan sonra burada görünür.
Fade the video controls	Video idarəetmələrini solğunlaşdır
Fade the buttons, caption and tabs over the video to this level instead of hiding them. 100 leaves them as TikTok draws them. Faded controls still take taps. At 0 the buttons and caption are hidden, and the tabs stay at 10.	Videonun üzərindəki düymələri, başlığı və tabları gizlətmək əvəzinə bu səviyyəyə qədər solğunlaşdırır. 100 onları TikTok-un çəkdiyi kimi saxlayır. Solğun idarəetmələr toxunuşları yenə qəbul edir. 0-da düymələr və başlıq gizlənir, tablar isə 10-da qalır.
Loop a story	Hekayəni təkrarla
Replay a story from the start when it ends instead of moving to the next one. Tap or swipe to move on.	Hekayə bitəndə növbətiyə keçmək əvəzinə başdan yenidən oxut. Keçmək üçün toxunun və ya sürüşdürün.
Hold a photo story	Foto hekayəni saxla
Keep a photo story on screen until you tap or swipe, instead of moving on after a few seconds.	Foto hekayəni toxunana və ya sürüşdürənə qədər ekranda saxla, bir neçə saniyədən sonra keçmə.
Store TikTok thinks it came from	TikTok-un haradan gəldiyini düşündüyü mağaza
Play Store	Play Store
Galaxy Store	Galaxy Store
AppGallery	AppGallery
Amazon Appstore	Amazon Appstore
Swipe for brightness and volume	Parlaqlıq və səs üçün sürüşdür
Drag up or down along the left or right edge of a video to change what that edge strip is set to below. By default that's the screen brightness on the left and the volume on the right. Swiping anywhere else still scrolls the feed.	Aşağıda həmin kənar zolaq üçün seçdiyini dəyişmək üçün videonun sol və ya sağ kənarı boyunca yuxarı və ya aşağı sürüşdür. Defolt olaraq solda ekranın parlaqlığı, sağda isə səsdir. Başqa yerdə sürüşdürmək lenti yenə də fırladır.
Edge strip width	Kənar zolağın eni
How wide each edge strip is, as a percent of the screen width.	Hər kənar zolağın eni, ekran enindən faizlə.
Brightness	Parlaqlıq
Volume	Səs
Left edge strip	Sol kənar zolaq
Right edge strip	Sağ kənar zolaq
Stop search results playing on their own	Axtarış nəticələri özbaşına oynamasın
Videos in search results show their cover and play when you open them. The feed and the videos you open play as usual.	Axtarış nəticələrindəki videolar örtüyünü göstərir və onları açanda oynayır. Lent və açdığınız videolar həmişəki kimi oynayır.
In a chat	Çatda
Hide call buttons	Zəng düymələrini gizlədin
The voice and video call buttons leave the top of a chat. Calls still ring, and the chat details button stays.	Səsli və video zəng düymələri çatın yuxarısından yoxa çıxır. Zənglər yenə də çalır, çat təfərrüatları düyməsi isə qalır.
Hide sticker suggestions	Stiker təkliflərini gizlədin
The sticker suggestion banner stops showing in a chat. Your own stickers are still in the sticker picker.	Stiker təklifi bannerı çatda göstərilməyi dayandırır. Öz stikerləriniz stiker seçicisində qalır.
Hide suggested replies	Təklif olunan cavabları gizlədin
TikTok's suggested reply cells and their intro banner stop showing in a chat. Messages you type or receive are untouched.	TikTok-un təklif etdiyi cavab xanaları və onların təqdimat bannerı çatda göstərilməyi dayandırır. Yazdığınız və ya aldığınız mesajlara toxunulmur.
Hide online status	Onlayn statusu gizlət
Friends won't see a green dot or Active now while you're in TikTok. Needs Ghost mode on. Their status may stop updating for you, and your last status can linger.	Siz TikTok-dasınızkən dostlar yaşıl nöqtə və ya Active now görməyəcək. Ghost mode açıq olmalıdır. Onların statusu sizdə yenilənməyə bilər, sizin son statusunuz isə bir müddət görünə bilər.
Stop LIVE previews opening by themselves	LIVE önizləmələrinin özbaşına açılmasını dayandır
A LIVE in the feed can count down and take you into the room on its own. This keeps you in the feed until you tap it.	Lentdəki LIVE geri sayıb sizi özü otağa apara bilər. Bu, siz ona toxunana qədər sizi lentdə saxlayır.
Play sounds TikTok pulled	TikTok-un çıxardığı səsləri oynat
Play the audio on videos TikTok silenced because their sound was pulled for copyright or in your region. TikTok may still say the sound isn't available.	Səsi müəllif hüququna görə və ya bölgənizdə çıxarıldığı üçün TikTok-un səssizləşdirdiyi videolarda səsi oynadır. TikTok yenə də səsin əlçatan olmadığını göstərə bilər.
Match region fields in requests	Sorğulardakı region sahələrini uyğunlaşdır
Show exact LIVE viewer counts	Dəqiq LIVE izləyici sayını göstər
A LIVE room shows how many people are watching as a rounded number like 1.2K. This shows the exact count instead.	LIVE otağı kimin baxdığını 1.2K kimi yuvarlaqlaşdırılmış rəqəmlə göstərir. Bu, əvəzinə dəqiq sayı göstərir.
Keep watching in a small window	Kiçik pəncərədə izləməyə davam et
When you leave TikTok while a video plays, it keeps playing in a small window over your other apps, with a button to pause it. Works in the feed and on videos you open from a profile, search or a sound. Needs Android 8 or later.	Video oynayarkən TikTok-dan çıxdığınız zaman o, digər tətbiqlərin üzərində kiçik pəncərədə oynamağa davam edir və onu dayandırmaq üçün düymə olur. Lentdə, həmçinin profildən, axtarışdan və ya səsdən açdığınız videolarda işləyir. Android 8 və ya daha yeni versiya tələb olunur.
Play	Oynat
Pause	Fasilə
Posting	Paylaşım
Always upload in HD	Həmişə HD keyfiyyətdə yüklə
Post every video as if you'd turned on TikTok's own HD upload on the post page. A clip TikTok doesn't count as high quality posts as before.	Hər videonu paylaşım səhifəsində TikTok-un öz HD yükləməsini açmısınız kimi paylaşın. TikTok-un yüksək keyfiyyətli saymadığı klip əvvəlki kimi paylaşılır.
Keeps logging until you turn it off, even after a restart. TikTok can feel slower while it's on.	Siz söndürənə qədər, hətta yenidən başladıqdan sonra da qeyd etməyə davam edir. Açıq olduqda TikTok daha yavaş işləyə bilər.
Log diagnostics for 15 minutes	Diaqnostikanı 15 dəqiqə qeyd edin
Logs for 15 minutes, then stops on its own. Restarting TikTok doesn't move the end, and the switch above stays as you set it.	15 dəqiqə qeyd edir, sonra özü dayanır. TikTok-u yenidən başlatmaq bitmə vaxtını dəyişmir, yuxarıdakı açar isə sizin qoyduğunuz kimi qalır.
Logging until %1$s. Tap to stop now.	%1$s-dək qeyd edilir. İndi dayandırmaq üçün toxunun.
Logging diagnostics until %1$s	Diaqnostika %1$s-dək qeyd edilir
Timed logging stopped	Vaxtlı qeyd dayandırıldı
Preview with a made-up post:	Uydurma paylaşımla önizləmə:
Hushfeed's downloader: %1$s	Hushfeed yükləyicisi: %1$s
TikTok's downloader: %1$s	TikTok yükləyicisi: %1$s
Sound: %1$s	Səs: %1$s
Details: %1$s	Təfərrüatlar: %1$s
Subtitles: %1$s	Altyazılar: %1$s
Stickers: %1$s	Stikerlər: %1$s
Live photo clips: %1$s	Canlı foto klipləri: %1$s
TikTok's own name	TikTok-un öz adı
Not a part Hushfeed fills in, so it's kept as typed: %1$s	Hushfeed-in doldurduğu hissə deyil, ona görə yazdığınız kimi saxlanır: %1$s
Hushfeed's downloader doesn't fill this in, so it's kept as typed: %1$s	Hushfeed-in yükləyicisi bunu doldurmur, ona görə yazdığınız kimi saxlanır: %1$s
If that name is taken, Android adds a number to the new file.	Bu ad artıq varsa, Android yeni fayla nömrə əlavə edir.
If that name is taken, Hushfeed adds a number to the new file.	Bu ad artıq varsa, Hushfeed yeni fayla nömrə əlavə edir.
Don't start the first video	İlk videonu başlatmayın
When you open TikTok from its icon, the first video in the feed waits for one tap before it plays. A link, a notification or a shortcut opens as usual.	TikTok-u ikonundan açanda lentdəki ilk video oynamazdan əvvəl bir toxunuş gözləyir. Keçid, bildiriş və ya qısayol həmişəki kimi açılır.
Network proxy	Şəbəkə proksisi
Send TikTok through a proxy	TikTok-u proksi ilə göndərin
Sends TikTok's feed, search, comments and other app traffic through the proxy below. Videos and LIVE streams still connect directly. Other apps aren't affected.	TikTok-un lentini, axtarışını, şərhlərini və digər tətbiq trafikini aşağıdakı proksi vasitəsilə göndərir. Videolar və LIVE yayımlar yenə də birbaşa qoşulur. Digər tətbiqlərə təsir etmir.
Proxy type	Proksi növü
HTTP	HTTP
SOCKS5	SOCKS5
Proxy host	Proksi hostu
The proxy's address, like 192.168.1.20 or proxy.example.com.	Proksinin ünvanı, məsələn 192.168.1.20 və ya proxy.example.com.
Proxy port	Proksi portu
The port the proxy listens on, like 8080 or 1080.	Proksinin dinlədiyi port, məsələn 8080 və ya 1080.
Proxy user name	Proksi istifadəçi adı
Optional. Only connections made by Android itself can sign in to a proxy, not TikTok's own. Leave empty for a proxy without a password.	İstəyə bağlıdır. Proksiyə yalnız Android-in özünün etdiyi bağlantılar daxil ola bilər, TikTok-un öz bağlantıları yox. Parolsuz proksi üçün boş buraxın.
Proxy password	Proksi parolu
Optional, used with the user name. It isn't shown, logged or put in a backup.	İstəyə bağlı, istifadəçi adı ilə istifadə olunur. Göstərilmir, jurnala yazılmır və ehtiyat nüsxəyə düşmür.
Enter a server name or IP address, without http:// or a port number	Server adı və ya IP ünvanı daxil edin, http:// və port nömrəsi olmadan
A port is a whole number from 1 to 65535	Port 1 ilə 65535 arasında tam ədəddir
The proxy at %1$s asks for a password, and TikTok can't send one. Use a proxy that doesn't need one.	%1$s ünvanındakı proksi parol istəyir və TikTok onu göndərə bilmir. Parol tələb etməyən proksi istifadə edin.
Couldn't reach the proxy at %1$s. TikTok may not load until it's back or you turn the proxy off.	%1$s ünvanındakı proksiyə qoşulmaq alınmadı. Proksi geri qayıdana və ya siz onu söndürənə qədər TikTok yüklənməyə bilər.
Word rules only, not every feed filter:	Yalnız söz qaydaları, lentdəki bütün filtrlər deyil:
This list is too long to preview here. Saving still follows the usual limit.	Bu siyahı burada önbaxış üçün çox uzundur. Saxlayanda adi limit keçərli qalır.
Can't check yet: %1$s	Hələ yoxlamaq olmur: %1$s
No rules yet, so nothing would match.	Hələ qayda yoxdur, ona görə heç nə uyğun gəlməz.
Type some sample text to see whether these rules match it.	Bu qaydaların uyğun gəlib-gəlmədiyini görmək üçün nümunə mətn yazın.
No rule matches this text.	Heç bir qayda bu mətnə uyğun gəlmir.
Matches the rule: %1$s	Uyğun gələn qayda: %1$s
Only the first %1$s characters of the sample were checked.	Nümunənin yalnız ilk %1$s simvolu yoxlandı.
Sample caption to test	Sınamaq üçün nümunə təsvir
Sample category to test	Sınamaq üçün nümunə kateqoriya
Keep videos out of Watch history	Videoları Baxış tarixçəsindən kənarda saxlayın
Stops TikTok from reporting the videos you watch, so they don't get added to Watch history in Activity center. Your views won't count and For You learns less. Likes, follows and searches are still seen.	TikTok-un izlədiyiniz videoları bildirməsinin qarşısını alır, buna görə də onlar Activity center-dəki Baxış tarixçəsinə əlavə olunmur. Baxışlarınız sayılmır və For You daha az öyrənir. Bəyənmələr, izləmələr və axtarışlar hələ də görünür.
Set a sleep timer that closes TikTok	TikTok-u bağlayan yuxu taymeri qurun
Close TikTok after	TikTok-u bu müddətdən sonra bağla
Turn off the timer (TikTok closes at %1$s)	Taymeri söndür (TikTok-un bağlanma vaxtı: %1$s)
TikTok closes at %1$s	TikTok-un bağlanma vaxtı: %1$s
Sleep timer off	Yuxu taymeri söndürüldü
Keep offline videos out of the feed	Oflayn videoları lentdən kənarda saxlayın
TikTok slips the videos it saved for offline viewing back into For You when it can't load enough new ones. This takes them all out. Your offline list stays as it is.	TikTok kifayət qədər yeni video yükləyə bilməyəndə oflayn baxış üçün saxladığı videoları For You-ya geri qatır. Bu, hamısını çıxarır. Oflayn siyahınız olduğu kimi qalır.
About %1$s of storage at this limit	Bu limitdə təxminən %1$s yaddaş
Save seen history to a file	İzlənmiş videoları fayla saxla
Restore seen history from a file	İzlənmiş videoları fayldan bərpa et
Save the videos @%1$s has seen, and when, to a JSON file. Anyone who opens the file can see that viewing history.	@%1$s hesabının izlədiyi videoları və nə vaxt izlənildiklərini JSON faylına saxlayın. Faylı açan hər kəs bu izləmə tarixçəsini görə bilər.
Save this account's seen videos, and when they were watched, to a JSON file. Anyone who opens the file can see that viewing history.	Bu hesabın izlədiyi videoları və nə vaxt izlənildiklərini JSON faylına saxlayın. Faylı açan hər kəs bu izləmə tarixçəsini görə bilər.
Add a seen-history file saved by Hushfeed to the videos @%1$s has seen. A video in both keeps the newer date.	Hushfeed-in saxladığı tarixçə faylını @%1$s hesabının izlədiyi videolara əlavə edin. Hər ikisində olan video daha yeni tarixi saxlayır.
Add a seen-history file saved by Hushfeed to this account's seen videos. A video in both keeps the newer date.	Hushfeed-in saxladığı tarixçə faylını bu hesabın izlədiyi videolara əlavə edin. Hər ikisində olan video daha yeni tarixi saxlayır.
Sign in to TikTok before saving or restoring seen history.	İzlənmiş videoları saxlamazdan və ya bərpa etməzdən əvvəl TikTok-a daxil olun.
Saving seen history	İzlənmiş videolar saxlanılır
Reading the seen-history file	Tarixçə faylı oxunur
Restoring seen history	İzlənmiş videolar bərpa olunur
Saved 1 seen video to the file	Fayla 1 izlənmiş video saxlanıldı
Saved %1$s seen videos to the file	Fayla %1$s izlənmiş video saxlanıldı
Couldn't save the seen-history file. Try again.	Tarixçə faylı saxlanıla bilmədi. Yenidən cəhd edin.
Couldn't start the export. Try again in a moment.	İxrac başladıla bilmədi. Bir az sonra yenidən cəhd edin.
Added 1 seen video	1 izlənmiş video əlavə edildi
Added %1$s seen videos	%1$s izlənmiş video əlavə edildi
Added 1 seen video.	1 izlənmiş video əlavə edildi.
Added %1$s seen videos.	%1$s izlənmiş video əlavə edildi.
%1$s video was already recorded.	%1$s video artıq qeydə alınmışdı.
%1$s videos were already recorded.	%1$s video artıq qeydə alınmışdı.
%1$s video was older than Forget seen videos after allows.	%1$s video İzlənmiş videoları bu müddətdən sonra unudun ayarının icazə verdiyindən köhnə idi.
%1$s videos were older than Forget seen videos after allows.	%1$s video İzlənmiş videoları bu müddətdən sonra unudun ayarının icazə verdiyindən köhnə idi.
%1$s video had a date later than this phone's clock.	%1$s videonun tarixi bu telefonun saatından sonra idi.
%1$s videos had dates later than this phone's clock.	%1$s videonun tarixi bu telefonun saatından sonra idi.
%1$s video didn't fit in the newest %2$s.	%1$s video ən yeni %2$s videoya sığmadı.
%1$s videos didn't fit in the newest %2$s.	%1$s video ən yeni %2$s videoya sığmadı.
%1$s older seen video was dropped to keep the newest %2$s.	Ən yeni %2$s video qalsın deyə %1$s köhnə izlənmiş video silindi.
%1$s older seen videos were dropped to keep the newest %2$s.	Ən yeni %2$s video qalsın deyə %1$s köhnə izlənmiş video silindi.
Couldn't restore seen history. Your saved history is unchanged.	İzlənmiş videolar bərpa edilə bilmədi. Saxlanmış tarixçəniz dəyişmədi.
That file is larger than %1$s MB. Choose a seen-history file saved by Hushfeed.	Bu fayl %1$s MB-dan böyükdür. Hushfeed-in saxladığı tarixçə faylını seçin.
That file lists more than %1$s videos. Nothing was restored.	Bu faylda %1$s videodan çox var. Heç nə bərpa edilmədi.
That isn't a seen-history file saved by Hushfeed. For TikTok's own data export, use Import watch history.	Bu, Hushfeed-in saxladığı tarixçə faylı deyil. TikTok-un öz məlumat ixracı üçün İzləmə tarixçəsini idxal et funksiyasından istifadə edin.
That file was saved by a newer Hushfeed. Update Hushfeed, then try again.	Bu fayl Hushfeed-in daha yeni versiyası ilə saxlanılıb. Hushfeed-i yeniləyin, sonra yenidən cəhd edin.
That seen-history file is damaged or was edited. Nothing was restored.	Bu tarixçə faylı zədələnib və ya redaktə olunub. Heç nə bərpa edilmədi.
Turn off haptics	Haptik titrəməni söndürün
Stop the short vibrations TikTok plays on its own taps and gestures. Your keyboard and your phone's own haptics stay as they are.	TikTok-un öz toxunuşlarında və jestlərində çaldığı qısa titrəmələri dayandırın. Klaviaturanız və telefonunuzun öz haptikası olduğu kimi qalır.
Turn off screen transitions	Ekran keçidlərini söndürün
Open and close TikTok's screens without their slide. Swipes inside a screen still follow your finger.	TikTok ekranlarını sürüşmə animasiyası olmadan açın və bağlayın. Ekran daxilində sürüşdürmələr yenə barmağınızı izləyir.
Save the frame on screen as a photo	Ekrandakı kadrı foto kimi saxlayın
There's no video on screen to save a frame from	Ekranda kadrı saxlanıla biləcək video yoxdur
Saving a frame from this video needs Android 7 or newer	Bu videodan kadr saxlamaq üçün Android 7 və ya daha yenisi lazımdır
Allow storage for TikTok in Android settings to save frames	Kadrları saxlamaq üçün Android ayarlarında TikTok üçün yaddaşa icazə verin
The frame couldn't be read. Try again.	Kadr oxuna bilmədi. Yenidən cəhd edin.
Saving the frame	Kadr saxlanılır
Frame saved to %1$s	Kadr %1$s yerinə saxlanıldı
The frame couldn't be saved. Try again.	Kadr saxlanıla bilmədi. Yenidən cəhd edin.
Video frame	Video kadrı
Hide the LIVE bubble	LIVE qabarcığını gizlədin
Stop the bubble TikTok floats at the top of the feed to point you to a LIVE.	TikTok-un sizi LIVE-a yönləndirmək üçün lentin yuxarısında göstərdiyi qabarcığı dayandırın.
Auto-advance in search results	Axtarış nəticələrində avtomatik keçid
Also turns on TikTok's own auto scroll for videos opened from search. Restart TikTok to apply this.	Axtarışdan açılan videolar üçün TikTok-un öz avtomatik sürüşdürməsini də aktivləşdirir. Tətbiq etmək üçün TikTok-u yenidən başladın.
Use system emoji	Sistem emojilərindən istifadə edin
Shows every emoji in your phone's own emoji font. The newest emoji your phone doesn't have yet may show as a box or in pieces.	Bütün emojiləri telefonunuzun öz emoji şriftində göstərir. Telefonunuzda hələ olmayan ən yeni emojilər qutu kimi və ya parçalanmış görünə bilər.
Open shared videos alone	Paylaşılan videoları ayrıca aç
A link to one video opens just that video, and the feed won't swipe past it. It swipes again once another video plays, like after a refresh or a tap on Following, or when you come back to TikTok after %1$d minutes or more away. Auto-advance doesn't move on from it either.	Bir videoya keçid yalnız həmin videonu açır və lent ondan o yana sürüşdürülmür. Başqa video oynadılan kimi, məsələn yenilədikdən və ya İzlədiklərim tabına toxunduqdan sonra, ya da %1$d dəqiqə və ya daha çox aradan sonra TikTok-a qayıdanda yenidən sürüşdürülür. Avtomatik keçid də ondan sonrakı videoya keçmir.
Hide comment surveys	Şərhlərdəki rəy sorğularını gizlədin
Hide the question cards TikTok sometimes puts in a comment list to ask what you think.	TikTok-un fikrinizi soruşmaq üçün bəzən şərh siyahısına qoyduğu sual kartlarını gizlədin.
Hide comment box buttons	Şərh qutusundakı düymələri gizlədin
Hide the photo, @ and gift buttons in the box where you write a comment. Emoji and sending work as before.	Şərh yazdığınız qutudakı foto, @ və hədiyyə düymələrini gizlədin. Emoji və göndərmə əvvəlki kimi işləyir.
Turn off push notifications	Push bildirişlərini söndürün
Turns off TikTok's notification service, so nothing it sends reaches your notification shade and it can't wake your phone. You won't hear about new messages until you open TikTok. Notifications hidden while this is on don't come back. Ongoing ones like media controls stay.	TikTok-un bildiriş xidmətini söndürür, ona görə də göndərdiyi heç nə bildiriş panelinizə çatmır və o, telefonunuzu oyada bilmir. TikTok-u açana qədər yeni mesajlardan xəbərdar olmayacaqsınız. Bu açıq olarkən gizlədilən bildirişlər geri qayıtmır. Media idarələri kimi davamlı bildirişlər qalır.
Save details as JSON	Təfərrüatları JSON kimi saxlayın
Saves the details file in JSON format instead of plain text. Useful if another tool will read it.	Təfərrüat faylını adi mətn əvəzinə JSON formatında saxlayır. Başqa alət onu oxuyacaqsa faydalıdır.
Tag saved videos with their details	Saxlanılan videolara təfərrüatlarını etiket kimi yazın
Stores the caption, creator, post date and link inside the video file, where media players can read them. Applies to saves made by Hushfeed.	Başlığı, yaradıcını, paylaşım tarixini və linki video faylının içində saxlayır, media pleyerlər onları oxuya bilir. Hushfeed-in etdiyi saxlamalara aiddir.
Save the video's cover	Videonun örtüyünü saxlayın
Save the cover as well	Örtüyü də saxla
Save the video's cover picture at the largest size TikTok has, each time you tap Download. It goes to your photo folder, named after the video.	Hər dəfə Endir düyməsinə toxunduqda videonun örtük şəklini TikTok-da olan ən böyük ölçüdə saxlayın. O, videonun adı ilə foto qovluğunuza düşür.
This video has no cover to save	Bu videoda saxlanılacaq örtük yoxdur
Allow storage for TikTok in Android settings to save covers	Örtükləri saxlamaq üçün Android ayarlarında TikTok üçün yaddaşa icazə verin
The cover couldn't be saved. Try again.	Örtük saxlanıla bilmədi. Yenidən cəhd edin.
Cover saved to %1$s	Örtük %1$s yerinə saxlanıldı
Saving the cover	Örtük saxlanılır
Show the time to the second	Vaxtı saniyəsinə qədər göstərin
Show when a video was posted down to the second, with your time zone, in place of TikTok's short date by the creator's name.	Videonun nə vaxt paylaşıldığını saniyəsinə qədər və saat qurşağınızla, yaradıcının adının yanındakı TikTok-un qısa tarixi əvəzinə göstərin.
Show dates on profile grids	Profil şəbəkəsində tarixləri göstərin
Show the day each video was posted under its view count on profile grids.	Profil şəbəkəsində hər videonun paylaşıldığı günü baxış sayının altında göstərin.
Fall back to the watermarked copy	Su nişanlı nüsxəyə keçin
When the video without the watermark can't be fetched, save TikTok's own watermarked copy instead and say so. It's the size TikTok's own save uses, so it may be smaller than the quality you picked.	Su nişanı olmayan video alına bilmədikdə, əvəzində TikTok-un öz su nişanlı nüsxəsini saxlayın və bunu bildirin. Ölçüsü TikTok-un öz saxlamasındakı kimidir, ona görə seçdiyiniz keyfiyyətdən kiçik ola bilər.
The video without the watermark couldn't be fetched, so TikTok's watermarked copy was saved to %1$s. Try again later for the clean copy.	Su nişanı olmayan video alına bilmədi, ona görə TikTok-un su nişanlı nüsxəsi %1$s yerinə saxlanıldı. Təmiz nüsxə üçün sonra yenidən cəhd edin.
Match text stickers too	Mətn stikerlərini də yoxlayın
Also hide videos whose text stickers match a blocked caption word. Text stickers are the words a creator types over the video in TikTok's editor. Text that's part of the picture itself can't be read.	Mətn stikerləri bloklanmış başlıq sözünə uyğun gələn videoları da gizlədin. Mətn stikerləri yaradıcının TikTok redaktorunda videonun üzərinə yazdığı sözlərdir. Şəklin özünə aid olan mətn oxuna bilməz.
Text sticker words	Mətn stikeri sözləri
Show how many were filtered	Neçəsinin süzüldüyünü göstərin
Shows a small count under TikTok's top tabs of what the feed filter has removed since TikTok started. It shows only on the feed, and taps on it go through to the video under it.	TikTok-un yuxarı tablarının altında TikTok başlayandan bəri lent filtrinin çıxardıqlarının kiçik sayını göstərir. Yalnız lentdə görünür və ona toxunuşlar altındakı videoya keçir.
1 filtered out	1 süzüldü
%1$d filtered out	%1$d süzüldü
Account facts on profiles	Profillərdə hesab faktları
A profile's share sheet gets an Account facts button. It shows what TikTok already sent about the account: when it joined, its region and language, when its username and display name last changed, whether it's private and whether its liked videos are public. Nothing extra is fetched.	Profilin paylaşma panelinə Hesab faktları düyməsi əlavə olunur. O, TikTok-un hesab haqqında artıq göndərdiklərini göstərir: nə vaxt qoşulduğunu, regionunu və dilini, istifadəçi adının və görünən adının sonuncu dəfə nə vaxt dəyişdiyini, hesabın gizli olub-olmadığını və bəyəndiyi videoların açıq olub-olmadığını. Əlavə heç nə yüklənmir.
Account facts	Hesab faktları
TikTok account facts	TikTok hesab faktları
Account facts copied	Hesab faktları kopyalandı
Not sent	Göndərilməyib
Joined	Qoşulub
Account region	Hesab regionu
Language	Dil
Username last changed	İstifadəçi adı sonuncu dəfə dəyişib
Display name last changed	Görünən ad sonuncu dəfə dəyişib
Private account	Gizli hesab
Liked videos	Bəyənilən videolar
Public	Hamıya açıq
Copy	Kopyala
Copy the full link for short links	Qısa linklər üçün tam linki kopyalayın
When Copy link gives a short vt.tiktok.com or vm.tiktok.com link, Hushfeed opens it once in the background to find the full video link and copies that instead. TikTok sees that visit. Links you send to another app go out as they were.	Link kopyala qısa vt.tiktok.com və ya vm.tiktok.com linki verəndə, Hushfeed onu arxa planda bir dəfə açıb tam video linkini tapır və onu kopyalayır. TikTok bu ziyarəti görür. Başqa tətbiqə göndərdiyiniz linklər olduğu kimi gedir.
Full link copied	Tam link kopyalandı
Mark saved videos	Saxlanılmış videoları işarələyin
Puts a ✓ by videos you saved with Hushfeed, on profile grids and next to the time in the feed. Works only while Check for already-saved videos is on. Photo posts aren't marked.	Hushfeed ilə saxladığınız videoların yanına profil şəbəkələrində və lentdə vaxtın yanında ✓ qoyur. Yalnız “Artıq saxlanılmış videoları yoxlayın” açıq olduqda işləyir. Foto yazılar işarələnmir.
Also replaces the saved region and country code TikTok sends with every request. Signing in still sends your real region. Your IP address and your account's own rules still apply.	TikTok-un hər sorğu ilə göndərdiyi saxlanmış region və ölkə kodunu da əvəz edir. Daxil olmaq yenə də əsl regionunuzu göndərir. IP ünvanınız və hesabınızın öz qaydaları hələ də tətbiq olunur.
Turn off double tap to react	Reaksiya üçün iki dəfə toxunmanı söndür
A double tap on a message no longer adds a heart to it. A single tap and a long press work as before.	Mesaja iki dəfə toxunmaq artıq ona ürək əlavə etmir. Bir dəfə toxunma və uzun basma əvvəlki kimi işləyir.
Turn off swipe to reply	Cavab üçün sürüşdürməni söndür
Swiping a message sideways no longer starts a reply to it. Taps and long presses work as before.	Mesajı yana sürüşdürmək artıq ona cavab başlatmır. Toxunmalar və uzun basmalar əvvəlki kimi işləyir.
Hide the bottom tab names	Alt panel adlarını gizlət
The words under the bottom tab icons go away. The icons stay, and each tab opens what it always did.	Alt paneldəki ikonların altındakı sözlər yox olur. İkonlar qalır və hər bölmə əvvəlki kimi açılır.
Home tab name	Əsas bölmənin adı
Friends tab name	Dostlar bölməsinin adı
Inbox tab name	Gələnlər bölməsinin adı
Profile tab name	Profil bölməsinin adı
Shop tab name	Mağaza bölməsinin adı
A name of your own under this tab's icon. Leave it empty to keep TikTok's.	Bu bölmənin ikonunun altında öz adınız. TikTok-un adını saxlamaq üçün boş qoyun.
Hide TikTok's wind-down screens	TikTok-un sakitləşmə ekranlarını gizlət
Stops the bedtime wind-down, the breathing exercise and the daily limit screen TikTok puts over the feed. Works only on accounts TikTok knows belong to adults. Teen accounts, and ones a parent links with Family Pairing, keep them. With Leave when TikTok says time is up on, the daily limit screen still shows so that switch can work.	TikTok-un lentin üstünə qoyduğu yatmazdan əvvəl sakitləşmə, nəfəs məşqi və gündəlik limit ekranlarını dayandırır. Yalnız TikTok-un yetkinə aid olduğunu bildiyi hesablarda işləyir. Yeniyetmə hesabları və valideynin Family Pairing ilə bağladığı hesablar onları saxlayır. “TikTok vaxtın bitdiyini dedikdə çıxın” açıq olduqda gündəlik limit ekranı yenə də görünür ki, həmin açar işləyə bilsin.
Hide Footnotes	Footnotes-u gizlədin
Hide the Footnotes banner TikTok shows on a video that has a note attached. The video and its comments stay as they are.	TikTok-un qeyd əlavə olunmuş videoda göstərdiyi Footnotes bannerini gizlədin. Video və onun şərhləri olduğu kimi qalır.
Hide Bulletin board	Bulletin board-u gizlədin
The Bulletin board rows TikTok adds to the Inbox leave the list. Chats and the other rows stay where they are.	TikTok-un Gələnlərə əlavə etdiyi Bulletin board sətirləri siyahıdan çıxır. Söhbətlər və digər sətirlər yerində qalır.
Hide the group chat prompt	Qrup söhbəti təklifini gizlədin
The banner at the top of the Inbox that invites you to start a group chat stops showing. Groups you're already in are unchanged.	Gələnlərin yuxarısındakı qrup söhbəti başlatmağa dəvət edən banner göstərilməyi dayandırır. Artıq üzv olduğunuz qruplar dəyişmir.
Skip TikTok's setup screens	TikTok-un quraşdırma ekranlarını keç
Leave out the interest picker, the language and gender questions, the creators to follow, the swipe up tutorial and TikTok's notification page when TikTok runs its setup. Consent, age and sign-in screens still show.	TikTok quraşdırmanı işə salanda maraq seçimini, dil və cins suallarını, izləmək üçün təklif olunan yaradıcıları, yuxarı sürüşdürmə təlimatını və TikTok-un bildiriş səhifəsini burax. Razılıq, yaş və giriş ekranları yenə də göstərilir.
Hide unverified content notices	Təsdiqlənməmiş məzmun bildirişlərini gizlət
Hide the Check sources banner TikTok puts on videos it marks as unverified, and the warnings it shows when you share one.	TikTok-un təsdiqlənməmiş kimi işarələdiyi videolardakı Mənbələri yoxla bannerini və belə videonu paylaşanda göstərdiyi xəbərdarlıqları gizlət.
Keep offline videos until you delete them	Oflayn videoları siz silənə qədər saxlayın
TikTok removes videos saved for offline viewing after a set time, sometimes only two days, watched or not. With this on they stay until you delete them in TikTok's Offline videos settings. TikTok can still clear watched ones when your phone is low on space.	TikTok oflayn izləmək üçün saxlanan videoları müəyyən vaxtdan sonra, bəzən cəmi iki gündən sonra, izlənsə də izlənməsə də silir. Bu açıq olduqda onlar TikTok-un Offline videos ayarlarında özünüz silənə qədər qalır. Telefonda yer azaldıqda TikTok izlənmişləri yenə də silə bilər.
Hide Thoughts on profiles	Profillərdə Thoughts-u gizlədin
Hide the Thoughts bubble TikTok shows above a profile picture, and the prompt to share one on your own profile. Restart TikTok to apply this.	TikTok-un profil şəklinin üstündə göstərdiyi Thoughts balonunu və öz profilinizdə onu paylaşmaq təklifini gizlədin. Tətbiq etmək üçün TikTok-u yenidən başladın.

# context: Quiet Index settings categories and compact runtime status.
Feed & layout	Lent və tərtibat
Filters, tabs and on-screen controls	Filtrlər, vərəqlər və ekran idarəetmələri
Comments & inbox	Şərhlər və gələnlər qutusu
Filters, translation and inbox controls	Filtrlər, tərcümə və gələnlər qutusu idarəetmələri
Downloads & sharing	Endirmələr və paylaşma
Files, subtitles and share sheet	Fayllar, subtitrlər və paylaşma menyusu
App & advanced	Tətbiq və əlavə ayarlar
Region, backups and diagnostics	Region, ehtiyat nüsxələr və diaqnostika
About Hushfeed	Hushfeed haqqında
Version, changes and licenses	Versiya, dəyişikliklər və lisenziyalar
Customize	Fərdiləşdir
Active	Aktiv
Paused	Dayandırılıb
Budgets and reminders	Limitlər və xatırlatmalar
%1$s, %2$s	%1$s, %2$s
Don't auto translate these languages	Bu dilləri avtomatik tərcümə etməyin
Separate language codes with commas, like es, de. When TikTok translates for you, captions and comments in these languages stay as they were written. See translation still works when you tap it. TikTok's own Don't translate list stays the way it is.	Dil kodlarını vergüllə ayırın, məsələn es, de. TikTok sizin yerinizə tərcümə edəndə bu dillərdəki başlıqlar və şərhlər yazıldığı kimi qalır. Tərcüməyə bax düyməsinə toxunanda isə yenə işləyir. TikTok-un öz Tərcümə etmə siyahısı olduğu kimi qalır.
