Importing new history ended Undo for the earlier clear. You can clear the imported history.	Durch den Import ist das Rückgängigmachen des früheren Löschens beendet. Du kannst den importierten Verlauf löschen.
%1$d setting in that file can't be restored here and was skipped	%1$d Einstellung in der Datei kann hier nicht wiederhergestellt werden und wurde übersprungen
%1$d settings in that file can't be restored here and were skipped	%1$d Einstellungen in der Datei können hier nicht wiederhergestellt werden und wurden übersprungen
Import watch history	Wiedergabeverlauf importieren
Use this account's TikTok JSON export, up to %1$s MB and %2$s entries. Dates without a time zone use this phone's time zone.	Wähle den TikTok-JSON-Export dieses Kontos mit höchstens %1$s MB und %2$s Einträgen. Datumsangaben ohne Zeitzone verwenden die Zeitzone dieses Telefons.
Sign in to TikTok before importing watch history.	Melde dich bei TikTok an, bevor du den Wiedergabeverlauf importierst.
Your TikTok account changed. Choose the file again for this account.	Dein TikTok-Konto hat sich geändert. Wähle die Datei für dieses Konto erneut.
Reading watch history	Wiedergabeverlauf wird gelesen
Importing watch history	Wiedergabeverlauf wird importiert
Reopen Hushfeed settings, then choose the file	Öffne die Hushfeed-Einstellungen erneut und wähle dann die Datei
Couldn't start the import. Try again in a moment.	Der Import konnte nicht gestartet werden. Versuche es gleich noch einmal.
Your seen history changed before the import finished. Choose the file again.	Dein Verlauf hat sich vor Abschluss des Imports geändert. Wähle die Datei erneut.
Couldn't import watch history. Your saved history is unchanged.	Der Wiedergabeverlauf konnte nicht importiert werden. Dein gespeicherter Verlauf ist unverändert.
%1$s watched video added.	%1$s angesehenes Video hinzugefügt.
%1$s watched videos added.	%1$s angesehene Videos hinzugefügt.
%1$s entry skipped.	%1$s Eintrag übersprungen.
%1$s entries skipped.	%1$s Einträge übersprungen.
Skipped entries are invalid, expired, already recorded, or older than the newest %1$s videos.	Übersprungene Einträge sind ungültig, abgelaufen, bereits gespeichert oder älter als die neuesten %1$s Videos.
Watch history was imported for the account that chose the file. Switch back to see it.	Der Wiedergabeverlauf wurde für das Konto importiert, das die Datei gewählt hat. Wechsle zurück, um ihn zu sehen.
Couldn't read that file. Choose it again.	Die Datei konnte nicht gelesen werden. Wähle sie erneut.
That file is larger than %1$s MB. Choose a smaller watch-history export.	Die Datei ist größer als %1$s MB. Wähle einen kleineren Export des Wiedergabeverlaufs.
That file has more than %1$s watch-history entries.	Die Datei enthält mehr als %1$s Einträge im Wiedergabeverlauf.
That JSON file doesn't contain the supported TikTok watch history.	Diese JSON-Datei enthält keinen unterstützten TikTok-Wiedergabeverlauf.
That watch-history file is damaged. Nothing was imported.	Die Datei mit dem Wiedergabeverlauf ist beschädigt. Es wurde nichts importiert.
# Settings text, English on the left, German on the right, one entry per line, tab separated.
# Keep %s and %d placeholders, {tokens} and product names as they are.
# scripts/gen-l10n.py turns this into a table inside L10nTranslations.java.
%1$d already matched	%1$d stimmten bereits überein
%1$d areas were checked and everything they need is here.	%1$d Bereiche wurden geprüft und alles, was sie brauchen, ist vorhanden.
%1$d fields overridden	%1$d Felder überschrieben
%1$d fields will be overridden when requested	%1$d Felder werden bei der Abfrage überschrieben
%1$d gates selected	%1$d Schalter ausgewählt
%1$d minutes left	Noch %1$d Minuten
%1$d overrides were turned off because the Lab couldn't confirm their gates are unchanged in TikTok %2$s. Review them before turning them back on.	%1$d Überschreibungen wurden abgeschaltet, weil das Lab nicht bestätigen konnte, dass ihre Schalter in TikTok %2$s unverändert sind. Prüfe sie, bevor du sie wieder einschaltest.
%1$d rejected	%1$d abgelehnt
%1$d results	%1$d Ergebnisse
%1$d results so far	%1$d Ergebnisse bisher
%1$d results so far, and more not counted	%1$d Ergebnisse bisher, weitere nicht gezählt
%1$d results, filtered to %2$s	%1$d Ergebnisse, gefiltert nach %2$s
%1$d setting wasn't in that file and was left as it is	%1$d Einstellung stand nicht in dieser Datei und bleibt unverändert
%1$d settings weren't in that file and were left as they are	%1$d Einstellungen standen nicht in dieser Datei und bleiben unverändert
%1$d unavailable	%1$d nicht verfügbar
%1$s (%2$s)	%1$s (%2$s)
%1$s (TikTok value)	%1$s (TikTok-Wert)
%1$s (custom, unverified)	%1$s (benutzerdefiniert, ungeprüft)
%1$s (override returned)	%1$s (Überschreibung zurückgegeben)
%1$s (will be returned when requested)	%1$s (wird bei der Abfrage zurückgegeben)
%1$s and above	Ab %1$s
%1$s appears more than once in this file.	%1$s kommt in dieser Datei mehrmals vor.
%1$s changed	%1$s geändert
%1$s is already hidden	%1$s ist bereits ausgeblendet
%1$s destinations must start with %2$s	%1$s-Ziele müssen mit %2$s beginnen
%1$s is too long for a settings backup. Shorten it, then save the backup again.	%1$s ist zu lang für eine Einstellungssicherung. Kürze die Liste und speichere die Sicherung dann erneut.
%1$s isn't a language code, so no video would ever match it. Use two letters, like en, es or de.	%1$s ist kein Sprachcode, deshalb würde kein Video dazu passen. Nutze zwei Buchstaben, etwa en, es oder de.
%1$s needs fixing. %2$s	%1$s muss korrigiert werden. %2$s
%1$s is a kind of value the Lab can't override.	%1$s ist eine Art von Wert, die das Lab nicht überschreiben kann.
%1$s has type %2$s, but the file says %3$s.	%1$s hat den Typ %2$s, in der Datei steht %3$s.
%1$s isn't a country code, so no video would ever match it. Use two letters, like GB, IE or US.	%1$s ist kein Ländercode, also würde kein Video jemals dazu passen. Nimm zwei Buchstaben, etwa GB, IE oder US.
%1$s isn't in this Lab catalog.	%1$s ist nicht in diesem Lab-Katalog enthalten.
%1$s isn't installed or doesn't take links	%1$s ist nicht installiert oder nimmt keine Links an
%1$s left	Noch %1$s
%1$s min left	Noch %1$s Min.
%1$s to %2$s	%1$s bis %2$s
%1$s videos left	Noch %1$s Videos
%1$s videos were recorded before each account kept its own list. They hide nothing until you add them here.	%1$s Videos wurden aufgezeichnet, bevor jedes Konto eine eigene Liste hatte. Sie blenden nichts aus, bis du sie hier hinzufügst.
%1$s was rejected. %2$s	%1$s wurde abgelehnt. %2$s
%1$s · Hushfeed's list only	%1$s · nur in der Liste von Hushfeed
%1$s · current value only	%1$s · nur aktueller Wert
%1$s · declared by TikTok	%1$s · von TikTok deklariert
%1$s · declared by TikTok, with a current value	%1$s · von TikTok deklariert, mit aktuellem Wert
%1$s%%	%1$s %%
%1$s, %2$s, %3$s, %4$s, %5$s	%1$s, %2$s, %3$s, %4$s, %5$s
%1$s, selected	%1$s, ausgewählt
%1$s. %2$s	%1$s. %2$s
%1$s: %2$d found, %3$d missing	%1$s: %2$d gefunden, %3$d fehlen
%1$s: %2$d found, %3$d missing, and more it stopped counting	%1$s: %2$d gefunden, %3$d fehlen, und weitere, die nicht mehr gezählt wurden
%1$s: %2$d found, %3$d missing, and more it stopped counting. First missing: %4$s	%1$s: %2$d gefunden, %3$d fehlen, und weitere, die nicht mehr gezählt wurden. Zuerst fehlte: %4$s
%1$s: %2$d found, %3$d missing. First missing: %4$s	%1$s: %2$d gefunden, %3$d fehlen. Zuerst fehlte: %4$s
%1$s: %2$s	%1$s: %2$s
1 field overridden	1 Feld überschrieben
1 field will be overridden when requested	1 Feld wird bei der Abfrage überschrieben
1 gate selected	1 Schalter ausgewählt
1 min left	Noch 1 Min.
1 override was turned off because the Lab couldn't confirm its gate is unchanged in TikTok %2$s. Review it before turning it back on.	1 Überschreibung wurde abgeschaltet, weil das Lab nicht bestätigen konnte, dass ihr Schalter in TikTok %2$s unverändert ist. Prüfe sie, bevor du sie wieder einschaltest.
1 result	1 Ergebnis
1 result so far	1 Ergebnis bisher
1 video left	Noch 1 Video
A Lab change is already running	Eine Lab-Änderung läuft bereits
A diagnostic report is already being saved	Ein Diagnosebericht wird gerade gespeichert
A few seconds	Wenige Sekunden
A field value couldn't be read. Check the values and try again.	Ein Feldwert konnte nicht gelesen werden. Prüfe die Werte und versuche es erneut.
A good place to stop, if you want one.	Ein guter Moment zum Aufhören, falls du einen suchst.
A green square in the top corner while TikTok has the camera open, and an orange diamond while it records sound. They go when the access ends.	Ein grünes Quadrat in der oberen Ecke, solange TikTok die Kamera geöffnet hat, und eine orange Raute, solange es Ton aufnimmt. Beide verschwinden, wenn der Zugriff endet.
A host to put in place of tiktok.com when you share or copy a link, like vxtiktok.com. Leave it empty to share TikTok's own links. Only TikTok links are changed, and only the host: nothing is sent anywhere new.	Ein Host, der beim Teilen oder Kopieren an die Stelle von tiktok.com tritt, zum Beispiel vxtiktok.com. Leer lassen, um TikToks eigene Links zu teilen. Geändert werden nur TikTok-Links und nur der Host, es wird nichts irgendwohin geschickt.
A small label on the feed shows the minutes or videos left of today's budget, whichever is closer to running out.	Ein kleines Label im Feed zeigt die verbleibenden Minuten oder Videos des heutigen Budgets.
A tap on Home or on the For You tab while For You is showing no longer reloads it. The video you're on stays.	Ein Tippen auf Startseite oder auf den Tab „Für dich“, während „Für dich“ angezeigt wird, lädt den Feed nicht mehr neu. Das aktuelle Video bleibt.
A video you paused stays paused when you come back to the app instead of starting again. One you left playing starts as usual. It works on Android 10 and newer.	Ein Video, das du pausiert hast, bleibt pausiert, wenn du zur App zurückkehrst, statt wieder zu starten. Eines, das lief, startet wie gewohnt. Das funktioniert ab Android 10.
A web address someone left in a comment can be tapped instead of copied out by hand. Tapping anywhere else in the comment still does what it did.	Eine Webadresse in einem Kommentar lässt sich antippen, statt sie von Hand herauszukopieren. Ein Tippen an anderer Stelle im Kommentar tut weiterhin das, was es vorher tat.
AI-generated posts	KI-generierte Beiträge
About	Info
A forced value applies to this copy of TikTok whichever account is signed in. It can't get past a check the server makes.	Ein erzwungener Wert gilt für diese TikTok-Installation, egal welches Konto angemeldet ist. An einer Prüfung des Servers kommt er nicht vorbei.
Add older seen videos to this account	Ältere gesehene Videos zu diesem Konto hinzufügen
Added %1$s older seen videos to this account	%1$s ältere gesehene Videos zu diesem Konto hinzugefügt
Added one older seen video to this account	Ein älteres gesehenes Video zu diesem Konto hinzugefügt
Added to this account.	Zu diesem Konto hinzugefügt.
Caption languages	Untertitelsprachen
Comma separated account handles or user ids. Their videos stay when only a filter on the kind of post, its labels, age, length or counts would hide them. Ads, blocked creators, words, sounds, countries and caption languages, and seen videos still apply.	Kommagetrennte Konto-Namen oder Nutzer-IDs. Ihre Videos bleiben, wenn nur ein Filter für die Art des Beitrags, seine Kennzeichnungen, sein Alter, seine Länge oder seine Zahlen sie ausblenden würde. Werbung, gesperrte Creator, Wörter, Sounds, Länder und Untertitelsprachen sowie gesehene Videos gelten weiterhin.
Comma separated language codes, like en, es. A video whose original caption is in another language is hidden. Videos with no caption, or only translated ones, always stay.	Kommagetrennte Sprachcodes, etwa en, es. Ein Video, dessen Original-Untertitel in einer anderen Sprache ist, wird ausgeblendet. Videos ohne Untertitel oder nur mit übersetzten Untertiteln bleiben immer.
Comma separated names exactly as the row under a profile's bio shows them, such as TikTok Studio or Your orders. Restart TikTok to apply this.	Namen durch Kommas getrennt, genau so, wie die Reihe unter der Bio eines Profils sie zeigt, zum Beispiel TikTok Studio oder Deine Bestellungen. TikTok neu starten, damit das gilt.
Couldn't add the older seen videos. Try again.	Die älteren gesehenen Videos konnten nicht hinzugefügt werden. Versuche es erneut.
Couldn't copy the report. Use Save report instead.	Der Bericht ließ sich nicht kopieren. Nutze stattdessen „Bericht speichern“.
Couldn't read TikTok's current values (%1$s). Refresh values from the menu to try again.	TikToks aktuelle Werte ließen sich nicht lesen (%1$s). Aktualisiere die Werte über das Menü, um es erneut zu versuchen.
Couldn't restart TikTok. Close it and open it again.	TikTok konnte nicht neu starten. Schließ die App und öffne sie wieder.
Couldn't undo that. Try again.	Rückgängig machen hat nicht geklappt. Versuch es noch einmal.
Count a video as seen after	Video als gesehen zählen nach
Forget the %1$s videos @%2$s has seen.	Die %1$s Videos vergessen, die @%2$s gesehen hat.
Forget the seen video.	Das gesehene Video vergessen.
Forget the video @%2$s has seen.	Das Video vergessen, das @%2$s gesehen hat.
Got it	Verstanden
Hide profile shortcuts	Profil-Verknüpfungen ausblenden
Hide profile shortcuts by name	Profil-Verknüpfungen nach Namen ausblenden
Hide the status bar in LIVE rooms	Statusleiste in LIVE-Räumen ausblenden
How much of a video you watch before it's hidden next time. Zero counts it after a few seconds.	Wie viel eines Videos du ansiehst, bevor es beim nächsten Mal ausgeblendet wird. Bei null zählt es nach wenigen Sekunden.
Later	Später
Leave when TikTok says time is up	Die App verlassen, wenn TikTok sagt, die Zeit ist um
Let a LIVE fill the screen up to the top edge. The status bar comes back when you leave the LIVE. Swipe down from the top to peek at it.	Ein LIVE füllt den Bildschirm bis zum oberen Rand. Die Statusleiste kommt zurück, wenn du das LIVE verlässt. Wische von oben nach unten, um kurz hineinzusehen.
Loading the gate list and TikTok's current values…	Gate-Liste und TikToks aktuelle Werte werden geladen …
New value	Neuer Wert
No app on this phone opens that file	Keine App auf diesem Handy öffnet diese Datei
No profile shortcuts have been seen yet	Noch keine Profil-Verknüpfungen gesehen
One video was recorded before each account kept its own list. It hides nothing until you add it here.	Ein Video wurde aufgezeichnet, bevor jedes Konto eine eigene Liste hatte. Es blendet nichts aus, bis du es hier hinzufügst.
Only these caption languages	Nur diese Untertitelsprachen
Open	Öffnen
Open your profile once, then return here to choose its shortcuts.	Öffne einmal dein Profil und komm dann hierher zurück, um seine Verknüpfungen auszuwählen.
Photos can't be saved to the folder in that file, so your photo folder was kept	Im Ordner aus dieser Datei lassen sich keine Fotos speichern, deshalb wurde dein Fotoordner beibehalten
Pick the shortcuts to remove from the row under a profile's bio, such as TikTok Studio or Your orders. Restart TikTok to apply this.	Wähle die Verknüpfungen aus, die aus der Reihe unter der Bio eines Profils verschwinden sollen, zum Beispiel TikTok Studio oder Deine Bestellungen. TikTok neu starten, damit das gilt.
Preview shortened. Save report keeps the full report.	Vorschau gekürzt. „Bericht speichern“ behält den vollständigen Bericht.
Refreshing TikTok's current values…	TikToks aktuelle Werte werden aktualisiert …
Restart TikTok to apply this	TikTok neu starten, damit das gilt
Save report	Bericht speichern
Stay on the video in full screen	Im Vollbild beim Video bleiben
Stickers can't be saved to the folder in that file, so your sticker folder was kept	Im Ordner aus dieser Datei lassen sich keine Sticker speichern, deshalb wurde dein Stickerordner beibehalten
Stop TikTok's benchmark runs	TikToks Benchmark-Läufe stoppen
That creator pattern could stall the feed, so it was skipped: %1$s	Dieses Kreator-Muster könnte den Feed aufhalten und wurde übersprungen: %1$s
That creator pattern could stall the feed, so it wasn't added: %1$s	Dieses Kreator-Muster könnte den Feed aufhalten und wurde nicht hinzugefügt: %1$s
This key isn't in Hushfeed's list, so its type can't be checked. Reset the override.	Dieser Schlüssel steht nicht in der Liste von Hushfeed, deshalb lässt sich sein Typ nicht prüfen. Setze die Überschreibung zurück.
This key touches account safety. Forcing it can change login, region, payment or security checks.	Dieser Schlüssel betrifft den Kontoschutz. Ihn zu erzwingen kann Anmelde-, Regions-, Zahlungs- oder Sicherheitsprüfungen verändern.
Activity	Aktivität
Activity center (PIA)	Activity Center (PIA)
Add	Hinzufügen
Block the creator in one tap. Once TikTok confirms, skip to the next video. A small Unblock button appears at the top left for two seconds. You can also unblock later in TikTok's Privacy > Blocked accounts.	Blockiere den Ersteller mit einem Tippen. Sobald TikTok bestätigt, geht es zum nächsten Video. Oben links erscheint zwei Sekunden lang eine kleine Schaltfläche zum Entblocken. Später kannst du die Blockierung auch unter TikTok > Datenschutz > Blockierte Konten aufheben.
TikTok sometimes tests how fast your phone is in a background process of its own, which can hold a lot of memory. This keeps that process from starting. One that's already running stops when TikTok restarts.	TikTok testet manchmal in einem eigenen Hintergrundprozess, wie schnell dein Telefon ist, und dieser Prozess kann viel Arbeitsspeicher belegen. Das verhindert, dass er startet. Ein Test, der schon läuft, endet, wenn TikTok neu startet.
TikTok's own daily screen-time reminder sends the app to the background instead of waiting to be dismissed. Coming straight back leaves the reminder on screen, so the limit stays reachable. Needs a daily limit set under TikTok's Settings and privacy, under Time and well-being.	TikToks eigene tägliche Bildschirmzeit-Erinnerung schickt die App in den Hintergrund, statt darauf zu warten, weggetippt zu werden. Kommst du direkt zurück, bleibt die Erinnerung auf dem Bildschirm, damit das Limit erreichbar bleibt. Braucht ein Tageslimit unter TikToks Einstellungen und Datenschutz, unter Zeit und Wohlbefinden.
Try a different word or clear the search. Switches from patches you didn't tick in Morphe Manager aren't listed.	Versuche ein anderes Wort oder lösche die Suche. Schalter aus Patches, die du in Morphe Manager nicht angehakt hast, stehen hier nicht.
Unblock	Entblocken
Add a button beside the block control to send feedback about the current video.	Neben der Blockieren-Schaltfläche eine Schaltfläche hinzufügen, um Feedback zum aktuellen Video zu senden.
Add a creator	Creator hinzufügen
Add a button that hides the current creator on this phone without blocking them.	Eine Schaltfläche hinzufügen, die den aktuellen Creator auf diesem Gerät ausblendet, ohne ihn zu blockieren.
Add a separate button that skips videos using the current sound.	Eine separate Schaltfläche hinzufügen, die Videos mit dem aktuellen Sound überspringt.
Add hidden creator	Ausgeblendeten Creator hinzufügen
Added %1$s	%1$s hinzugefuegt
Ads	Anzeigen
Auto-advance videos	Videos automatisch weiterschalten
Advanced	Erweitert
Advanced JSON value	Erweiterter JSON-Wert
All	Alle
All available languages	Alle verfügbaren Sprachen
All events	Alle Ereignisse
All loaded tabs	Alle geladenen Tabs
Allow Duet and Stitch anyway	Duett und Stitch trotzdem erlauben
Allow screenshots and Circle to Search	Screenshots und Circle to Search erlauben
Allow storage for TikTok in Android settings to save profile pictures	Zum Speichern eines Profilbilds wird die Speicherberechtigung gebraucht
Allow storage for TikTok in Android settings to save sounds	Zum Speichern eines Sounds wird die Speicherberechtigung gebraucht
Allow storage for TikTok in Android settings to save stories	Zum Speichern einer Story wird die Speicherberechtigung gebraucht
Bottom tabs to keep	Untere Tabs behalten
Already marked as not interested	Bereits als „nicht interessiert“ markiert
Also apply these filters to downloaded videos TikTok uses when the feed can't load enough new items.	Diese Filter auch auf heruntergeladene Videos anwenden, die TikTok nutzt, wenn der Feed nicht genug neue Beiträge laden kann.
Also change the region TikTok reports internally. Keeps your interface language. Your IP address and your account's own rules still apply.	Ändert außerdem die Region, die TikTok intern meldet. Die Sprache der Oberfläche bleibt. Deine IP-Adresse und die Regeln deines Kontos gelten weiterhin.
Always show publish date	Veröffentlichungsdatum immer anzeigen
Always show the publish date in video author information. Restart TikTok to apply this.	Das Veröffentlichungsdatum immer bei den Angaben zum Video anzeigen. TikTok neu starten, damit das gilt.
An app's package name, like com.dv.adm. The save button sends the video's link there instead of saving it here. Leave it empty to save here.	Der Paketname einer App, etwa com.dv.adm. Die Speichern-Schaltfläche schickt den Link des Videos dorthin, statt es hier zu speichern. Leer lassen, um hier zu speichern.
An interrupted settings change couldn't be recovered, so its record was set aside. Check your settings or restore a backup.	Eine unterbrochene Einstellungsänderung ließ sich nicht wiederherstellen, ihre Aufzeichnung wurde beiseitegelegt. Prüfe deine Einstellungen oder stelle eine Sicherung wieder her.
An operator code is five or six digits, like 310260	Ein Betreibercode hat fünf oder sechs Ziffern, zum Beispiel 310260
An override changes the value TikTok reads from this gate. It doesn't rewrite TikTok's cached value or prove the named feature changed.	Eine Überschreibung ändert den Wert, den TikTok von diesem Gate liest. Sie schreibt TikToks zwischengespeicherten Wert nicht um und beweist nicht, dass sich die genannte Funktion geändert hat.
Animated sticker format	Format animierter Sticker
Answer TikTok's location requests with nothing. The region settings change the locale and timezone. This switch stops the coordinates.	Beantwortet TikToks Standortanfragen mit nichts. Die Regionseinstellungen ändern Sprache und Zeitzone; das hier stoppt die Koordinaten.
Answer TikTok's reads of your contacts with an empty list. Find Friends and People you may know lose access to your contact list.	Beantwortet TikToks Zugriffe auf deine Kontakte mit einer leeren Liste. Freunde finden und Personen, die du kennen könntest, verlieren den Zugriff auf deine Kontaktliste.
Answer TikTok's scan of the apps on this phone with an empty list. A check for one named app, which TikTok also uses to open an app you tap, is left alone.	Beantwortet TikToks Scan der Apps auf diesem Telefon mit einer leeren Liste. Die Abfrage einer einzelnen App, mit der TikTok auch eine angetippte App öffnet, bleibt unangetastet.
App	App
App AB	App-AB
Appearance	Darstellung
Applies to both video and photo downloads.	Gilt für Video- und Foto-Downloads.
Apply	Übernehmen
Around the video	Rund um das Video
Arrange your feed and bottom tabs	Ordne deine Feed-Tabs und unteren Tabs an
Attention	Achtung
Audio	Audio
Auto translate comments	Kommentare automatisch übersetzen
Auto-advance session limit	Limit für automatisches Weiterschalten pro Sitzung
Automatic	Automatisch
Auto-advance	Automatisches Weiterschalten
Staying on a video	Beim Video bleiben
Auto-advance stopped after %1$d videos	Automatisches Weiterschalten nach %1$d Videos angehalten
Auto-advance stopped after one video	Automatisches Weiterschalten nach einem Video angehalten
Automatic clear display	Automatische freie Ansicht
Avatar and follow button	Avatar und Folgen-Button
Back	Zurück
Back up settings	Einstellungen sichern
Backup and restore	Sichern und wiederherstellen
Black	Schwarz
Block clipboard reads	Lesen der Zwischenablage blockieren
Block contact list access	Zugriff auf die Kontaktliste blockieren
Block installed app scanning	Scan der installierten Apps blockieren
Block location	Standort blockieren
Block motion sensors	Bewegungssensoren blockieren
Block new feed tabs	Neue Feed-Tabs blockieren
Block new bottom tabs	Neue untere Tabs blockieren
Block this commenter	Diesen Kommentierenden blockieren
Block this creator	Diesen Ersteller blockieren
Block this sound	Diesen Sound blockieren
Blocked	Blockiert
Blocked %1$s	%1$s blockiert
Blocked %1$s. Unblock	%1$s blockiert. Entblocken
Couldn't confirm the block for %1$s. Open their profile to check.	Die Blockierung von %1$s konnte nicht bestätigt werden. Öffne das Profil, um nachzusehen.
Blocked caption words	Gesperrte Wörter in Beschreibungen
Blocked comment words	Gesperrte Wörter in Kommentaren
Blocked creators	Gesperrte Creator
Blocked sound ids	Gesperrte Sound-IDs
Blocked sound names	Gesperrte Sound-Namen
Blocked sounds	Blockierte Sounds
Blocking	Blockieren
On or off	Ein oder aus
Browse	Durchsuchen
Camera and microphone in use	Kamera und Mikrofon in Benutzung
Camera in use	Kamera in Benutzung
Cancel	Abbrechen
Caption background	Untertitel-Hintergrund
Caption text size	Textgröße der Untertitel
Description text size	Textgröße der Beschreibung
Author text size	Textgröße des Creatornamens
Use 0 for TikTok's size, or %1$d to %2$d. Sizes the description below the author's name and keeps Android's font scaling.	Mit 0 gilt TikToks Größe, sonst %1$d bis %2$d. Ändert die Beschreibung unter dem Creatornamen und behält die Schriftvergrößerung von Android bei.
Use 0 for TikTok's size, or %1$d to %2$d. Sizes the author's name and keeps Android's font scaling.	Mit 0 gilt TikToks Größe, sonst %1$d bis %2$d. Ändert die Größe des Creatornamens und behält die Schriftvergrößerung von Android bei.
Captions	Untertitel
Captions, gestures and on-screen controls	Untertitel, Gesten und Bildschirmelemente
Capture crash reports locally	Absturzberichte lokal speichern
Choose %1$d to %2$d videos. Values outside this range use the nearest valid limit. Restart TikTok to apply this.	%1$d bis %2$d Videos wählen. Werte außerhalb dieses Bereichs nehmen die nächste gültige Grenze. TikTok neu starten, damit das gilt.
Choose a backup file. Your current settings are kept for Undo.	Wähle eine Sicherungsdatei. Deine aktuellen Einstellungen bleiben zum Rückgängigmachen erhalten.
Choose a folder on internal storage. SD cards aren't supported.	Nur Ordner im internen Speicher werden unterstützt.
Choose a preset to fill the SIM details.	Eine Vorlage wählen, um die SIM-Angaben auszufüllen.
Choose a subfolder under %1$s.	Wähle einen Unterordner in %1$s.
Pick the actions to remove from the share sheet. Names you typed by hand that TikTok hasn't shown yet stay in the list above.	Wähle die Aktionen aus, die aus dem Teilen-Menü entfernt werden sollen. Manuell eingegebene Namen, die TikTok noch nicht gezeigt hat, bleiben in der Liste oben.
Choose what reaches your feed	Wähle aus, was in deinem Feed erscheint
Choose which loaded TikTok bottom navigation tabs should stay visible.	Wähle, welche geladenen Tabs der unteren TikTok-Navigation sichtbar bleiben.
Choose which loaded TikTok feed tabs should stay visible. If only For You remains, its redundant header is hidden.	Wähle, welche geladenen TikTok-Feed-Tabs sichtbar bleiben. Wenn nur „Für dich“ übrig ist, wird die überflüssige Kopfzeile ausgeblendet.
Choose which rows and controls appear	Wähle sichtbare Zeilen und Bedienelemente
Clear all	Alle löschen
Clear all Lab data (overrides, switch, recordings)	Alle Labordaten löschen (Überschreibungen, Schalter, Aufzeichnungen)
Clear all suggested accounts	Alle vorgeschlagenen Konten löschen
Clear the recent events, saved crash reports, a recorded screen layout and the hook status above.	Die letzten Ereignisse, gespeicherte Absturzberichte, ein aufgezeichnetes Bildschirmlayout und den Hook-Status oben löschen.
Record a screen's layout	Layout eines Bildschirms aufzeichnen
Tap, then go to the screen with what you want hidden. After %1$d seconds Hushfeed records how that screen is built, without any of its text, for the diagnostic report.	Tippe hier und geh dann zu dem Bildschirm mit dem, was ausgeblendet werden soll. Nach %1$d Sekunden zeichnet Hushfeed auf, wie dieser Bildschirm aufgebaut ist, ohne seinen Text, für den Diagnosebericht.
Waiting to record. Go to the screen you want recorded.	Warte auf die Aufzeichnung. Geh zu dem Bildschirm, der aufgezeichnet werden soll.
A screen's layout is recorded. Export the diagnostic report to send it, or tap to record another.	Ein Bildschirmlayout ist aufgezeichnet. Exportiere den Diagnosebericht, um es zu senden, oder tippe, um ein anderes aufzuzeichnen.
Go to the screen now. Hushfeed records its layout in %1$d seconds.	Geh jetzt zu dem Bildschirm. Hushfeed zeichnet sein Layout in %1$d Sekunden auf.
Screen layout recorded. Export the diagnostic report to send it.	Bildschirmlayout aufgezeichnet. Exportiere den Diagnosebericht, um es zu senden.
Nothing was recorded because Hushfeed settings were still open. Start again, then leave settings.	Es wurde nichts aufgezeichnet, weil die Hushfeed-Einstellungen noch offen waren. Starte erneut und verlasse dann die Einstellungen.
Couldn't record the screen's layout. Start again from Diagnostics.	Das Layout des Bildschirms konnte nicht aufgezeichnet werden. Starte erneut unter Diagnose.
Clear diagnostic data	Diagnosedaten löschen
Clear display	Freie Ansicht
Clear display delay	Verzögerung der freien Ansicht
Clear preset	Voreinstellung löschen
Clear search	Suche löschen
Clear seen videos	Gesehene Videos löschen
Clear the search	Suche löschen
Cleared. Tap to undo before TikTok closes.	Gelöscht. Tippe, um es rückgängig zu machen, bevor TikTok geschlossen wird.
Clearing	Wird entfernt
Clearing suggested accounts	Kontovorschläge werden entfernt
Clearing, %1$d so far	Wird geleert, bisher %1$d
Close	Schließen
Comma separated account handles or user ids. Videos from these accounts are always hidden. An entry between slashes, like /^news_/, is a pattern matched against the handle and the display name.	Kommagetrennte Konto-Namen oder Nutzer-IDs. Videos dieser Konten werden immer ausgeblendet. Ein Eintrag zwischen Schrägstrichen, etwa /^news_/, ist ein Muster für den @Namen und den Anzeigenamen.
Comma separated country codes, like GB, IE. Videos posted from anywhere else are hidden. Leave empty for all countries.	Kommagetrennte Ländercodes, etwa GB, IE. Videos von überall sonst werden ausgeblendet. Leer lassen für alle Länder.
Comma separated country codes. Videos posted from these are hidden, whatever the list above says.	Kommagetrennte Ländercodes. Videos von dort werden ausgeblendet, egal was die Liste darüber sagt.
Comma separated list of any other Inbox row titles to hide, matched exactly. Use this for anything not listed above.	Liste weiterer Posteingangs-Zeilentitel, durch Kommas getrennt, die genau übereinstimmend ausgeblendet werden. Nutze das für alles, was oben nicht aufgeführt ist.
Comma separated names exactly as the share sheet shows them: friends in the Send to row, share targets such as Facebook, and actions such as Create group or Repost. Stable keys such as copy, save and dislike also work before the sheet opens.	Namen, durch Kommas getrennt, genau so, wie das Teilen-Menü sie zeigt: Freunde in der Zeile „Senden an“, Ziele wie Facebook und Aktionen wie „Gruppe erstellen“ oder „Reposten“. Feste Schlüssel wie copy, save und dislike funktionieren auch, bevor das Menü sich öffnet.
Comma separated sound ids recorded by the player's sound button. Remove one to unblock it.	Sound-IDs, durch Kommas getrennt, die über die Sound-Taste im Player erfasst wurden. Entferne eine, um sie freizugeben.
Comma separated usernames or display names whose comments are hidden.	Nutzernamen oder Anzeigenamen, durch Kommas getrennt, deren Kommentare ausgeblendet werden.
Comma separated words or phrases. Videos whose caption matches are hidden. Case doesn't matter. Two phrases in quotes can be joined: "a" & "b" needs both, "a" !& "b" needs the first without the second.	Wörter oder Wendungen, durch Kommas getrennt. Videos mit passender Beschreibung werden ausgeblendet. Groß- und Kleinschreibung spielt keine Rolle. Zwei Wendungen in Anführungszeichen lassen sich verbinden: "a" & "b" verlangt beide, "a" !& "b" die erste ohne die zweite.
Comma separated words to match against a sound's name, like saxophone. Case doesn't matter.	Wörter, durch Kommas getrennt, die mit dem Namen eines Sounds verglichen werden, zum Beispiel Saxophon. Groß- und Kleinschreibung spielt keine Rolle.
Comma separated. A comment is hidden if its text contains any of them. Case doesn't matter. Two phrases in quotes can be joined: "a" & "b" needs both, "a" !& "b" needs the first without the second.	Durch Kommas getrennt. Ein Kommentar wird ausgeblendet, wenn sein Text eines davon enthält. Groß- und Kleinschreibung spielt keine Rolle. Zwei Wendungen in Anführungszeichen lassen sich verbinden: "a" & "b" verlangt beide, "a" !& "b" verlangt die erste ohne die zweite.
Comment media filename	Dateiname für Kommentar-Medien
Comments	Kommentare
Comments aren't available for this video	Für dieses Video gibt es keine Kommentare
Comments beside the video	Kommentare neben dem Video
Compare gate reads with their previous values.	Gate-Zugriffe mit ihren vorherigen Werten vergleichen.
Completed an interrupted settings change. Restart TikTok to apply this.	Eine unterbrochene Einstellungsänderung wurde abgeschlossen. TikTok neu starten, damit das gilt.
Config	Konfiguration
Config (Settings Manager)	Konfiguration (Settings Manager)
Confirm before a quick repost	Vor einem schnellen Repost bestätigen
Confirm before following	Vor dem Folgen bestätigen
Confirm before liking	Vor dem Liken bestätigen
Confirm before liking a comment	Vor dem Liken eines Kommentars bestätigen
Confirm before liking a story	Vor dem Liken einer Story bestätigen
Continue supported videos from where you stopped when you scroll back to them.	Unterstützte Videos dort fortsetzen, wo du aufgehört hast, wenn du zu ihnen zurückscrollst.
Controls	Steuerung
Feature gate report copied	Gate-Bericht kopiert
Copy a quick report or save the full report as a file.	Einen Kurzbericht kopieren oder den vollständigen Bericht als Datei speichern.
Copy comments without username	Kommentare ohne Nutzernamen kopieren
Copy only the comment text when using TikTok's copy comment action.	Beim Kopieren eines Kommentars über TikTok nur den Kommentartext übernehmen.
Copy quick report	Kurzbericht kopieren
Copy report	Bericht kopieren
Copy the sound link	Soundlink kopieren
Copy the video link	Videolink kopieren
Couldn't change the Lab settings. Try again.	Die Lab-Einstellungen ließen sich nicht ändern. Versuch es noch einmal.
Couldn't clear the suggested accounts. Reopen the Inbox and try again.	Die Kontovorschläge ließen sich nicht entfernen. Öffne den Posteingang noch einmal und versuch es erneut.
Couldn't open settings search. Reopen settings and try again.	Die Einstellungssuche ließ sich nicht öffnen. Öffne die Einstellungen noch einmal und versuch es erneut.
Couldn't open that settings section. Reopen settings and try again.	Dieser Einstellungsbereich ließ sich nicht öffnen. Öffne die Einstellungen noch einmal und versuch es erneut.
Couldn't open the file picker to export. Try again.	Die Dateiauswahl zum Exportieren ließ sich nicht öffnen. Versuch es noch einmal.
Couldn't open the file picker to import. Try again.	Die Dateiauswahl zum Importieren ließ sich nicht öffnen. Versuch es noch einmal.
Couldn't put back the diagnostic data. Try again.	Die Diagnosedaten ließen sich nicht zurückholen. Versuch es noch einmal.
Couldn't read who posted this comment. Open their profile and block them there.	Es ließ sich nicht lesen, wer diesen Kommentar geschrieben hat. Öffne das Profil und blockiere die Person dort.
Couldn't reset this override. Try again.	Diese Überschreibung ließ sich nicht zurücksetzen. Versuch es noch einmal.
Couldn't restore the settings. Try again.	Die Einstellungen ließen sich nicht wiederherstellen. Versuch es noch einmal.
Couldn't reset the settings. Try again.	Die Einstellungen ließen sich nicht zurücksetzen. Versuch es noch einmal.
Couldn't undo the last change. Try again.	Die letzte Änderung ließ sich nicht rückgängig machen. Versuch es noch einmal.
Couldn't save the settings backup. Try again.	Die Sicherung der Einstellungen ließ sich nicht speichern. Versuch es noch einmal.
Couldn't save this override. Try again.	Diese Überschreibung ließ sich nicht speichern. Versuch es noch einmal.
Couldn't send the feedback. Try again in a moment.	Die Rückmeldung konnte nicht gesendet werden. Versuche es gleich noch einmal.
Couldn't start the Lab change. Try again in a moment.	Die Lab-Änderung konnte nicht gestartet werden. Versuche es gleich noch einmal.
Couldn't start the report export. Try again in a moment.	Der Export des Berichts ließ sich nicht starten. Versuche es gleich noch einmal.
Couldn't start the settings change. Try again in a moment.	Die Einstellungsänderung ließ sich nicht starten. Versuche es gleich noch einmal.
Couldn't tell which folder to update. Choose it again.	Nicht erkennbar, welcher Ordner geändert werden soll. Bitte erneut auswählen.
Couldn't undo the clear. Try again.	Das Löschen ließ sich nicht rückgängig machen. Versuch es noch einmal.
Country code	Ländercode
Country and network preferences	Land und Netzwerkeinstellungen
Counts under the buttons	Zahlen unter den Schaltflächen
Create	Erstellen
Creators and sounds	Creator und Sounds
Creators you hid from a video. Search the list and remove one at a time.	Creator, die du bei einem Video ausgeblendet hast. Durchsuche die Liste und entferne einzelne Einträge.
Current	Aktuell
Current %1$s	Aktuell %1$s
Current state	Aktueller Zustand
Current: %1$s	Aktuell: %1$s
Custom SIM details	Eigene SIM-Angaben
Custom value	Benutzerdefinierter Wert
Custom value…	Benutzerdefinierter Wert…
Protect external pages in TikTok's browser	Externe Seiten in TikToks Browser schützen
Daily budget	Tagesbudget
Daily budgets, reminders and the hold	Tagesbudgets, Erinnerungen und die Pause
Daily time budget	Tägliches Zeitbudget
Daily video budget	Tägliches Videobudget
Dark	Dunkel
Days to remember a video. Zero removes the age limit. History keeps at most %1$s videos.	Tage, die ein Video gemerkt wird. Null hebt die Altersgrenze auf. Der Verlauf behält höchstens %1$s Videos.
Days. Zero keeps every age. Posts without a usable timestamp, including future posts, stay visible.	Tage. Null lässt jedes Alter zu. Beiträge ohne brauchbaren Zeitstempel, auch zukünftige, bleiben sichtbar.
Default	Standard
Default playback speed	Standard-Wiedergabegeschwindigkeit
Device access	Gerätezugriff
Device language, then original	Gerätesprache, dann Original
Diagnostic data cleared. Tap again to put it back.	Diagnosedaten gelöscht. Tippe erneut, um sie wiederherzustellen.
Diagnostic data put back	Diagnosedaten wiederhergestellt
Diagnostic report copied to the clipboard	Diagnosebericht in die Zwischenablage kopiert
Diagnostics	Diagnose
Disable	Ausschalten
Stop analytics and tracking	Analyse und Tracking stoppen
Long-press Home for Hushfeed settings	Startseite lange drücken für Hushfeed-Einstellungen
Press and hold the Home tab to open these settings. A tap on Home works as before.	Halte den Tab Startseite gedrückt, um diese Einstellungen zu öffnen. Ein Tippen auf Startseite funktioniert wie bisher.
Keep For You on a Home tap	„Für dich“ beim Tippen auf Startseite behalten
Keep For You on a pull down	„Für dich“ beim Herunterziehen behalten
Keep long press from quick sharing	Langes Drücken nicht schnell teilen lassen
Keep long press from reposting	Langes Drücken nicht reposten lassen
Disabled	Ausgeschaltet
Discard edits	Änderungen verwerfen
Dismissed %1$s suggested accounts	%1$s Kontovorschläge entfernt
Dismissed one suggested account	Ein Kontovorschlag entfernt
Don't start the feed on returning	Feed beim Zurückkommen nicht starten
Do nothing	Nichts tun
Done	Fertig
Double tap	Doppeltippen
Download original photos	Originalfotos herunterladen
Destination updated	Speicherziel aktualisiert
Downloads	Downloads
Drag to move, release to place	Zum Verschieben ziehen, zum Ablegen loslassen
Drama and Series	Drama und Serien
Draw TikTok's text in your device's font instead of TikTok Sans. Icons, gift animations and the @ and # glyphs keep their own fonts. Restart TikTok to apply this.	TikToks Text in der Schrift deines Geräts statt in TikTok Sans anzeigen. Symbole, Geschenkanimationen und die @- und #-Zeichen behalten ihre eigene Schrift. TikTok neu starten, damit das gilt.
Hide the notification saying somebody new followed you before it reaches the drawer. Every other notification is left alone, and the follower still appears in the Inbox.	Die Benachrichtigung, dass dir jemand Neues folgt, ausblenden, bevor sie in der Leiste landet. Alle anderen Benachrichtigungen bleiben unberührt, und der Follower erscheint weiterhin im Posteingang.
Each area, how many of the things it looks for are in this build and how many aren't.	Jeder Bereich, wie viel von dem, was er sucht, in diesem Build steckt und wie viel nicht.
Empty	Leer
Empty the menu that opens when you press and hold TikTok's icon on the home screen. Turning this off asks TikTok to build them again. Tapping the icon still opens the app, and a shortcut you pinned yourself stays where you put it.	Das Menü leeren, das sich beim langen Drücken des TikTok-Symbols auf dem Startbildschirm öffnet. Wird dies ausgeschaltet, wird TikTok gebeten, sie wieder aufzubauen. Ein Tippen auf das Symbol öffnet die App weiterhin, und eine selbst angeheftete Verknüpfung bleibt dort, wo sie abgelegt wurde.
Enable	Einschalten
Log diagnostics	Diagnose protokollieren
Lock the hold speed with a pull down	Halte-Geschwindigkeit per Herunterziehen sperren
Apply overrides	Überschreibungen anwenden
Enabled	Eingeschaltet
Enter a JSON object or array.	Gib ein JSON-Objekt oder -Array ein.
Enter a creator handle or id	Gib einen Creator-Handle oder eine ID ein
Enter a finite number.	Gib eine endliche Zahl ein.
Enter a number.	Gib eine Zahl ein.
Enter an hour, like 6 or 06:00.	Gib eine Stunde ein, etwa 6 oder 06:00.
Enter a valid structured value.	Gib einen gültigen strukturierten Wert ein.
Enter a valid two-letter country code	Gib einen gültigen Ländercode aus zwei Buchstaben ein
Enter a whole number, or one like 20K, 1.5M or 2B	Gib eine ganze Zahl ein, oder eine wie 20K, 1.5M oder 2B
Enter a whole number.	Gib eine ganze Zahl ein.
Enter true or false.	Gib true oder false ein.
Enter up to %1$d comma-separated speeds from %2$s to %3$s	Bis zu %1$d durch Kommas getrennte Geschwindigkeiten von %2$s bis %3$s eingeben
That isn't valid JSON. Check the brackets and quotes.	Das ist kein gültiges JSON. Prüf die Klammern und Anführungszeichen.
Entry %1$d has a field with the wrong data type.	Eintrag %1$d enthält ein Feld mit dem falschen Datentyp.
Entry %1$d isn't an object.	Eintrag %1$d ist kein Objekt.
Errors	Fehler
Expand activity list	Aktivitätsliste ausklappen
Explore or Community	Entdecken oder Community
Export diagnostic report	Diagnosebericht exportieren
Export loaded values	Geladene Werte exportieren
Exported %1$d loaded values	%1$d geladene Werte exportiert
Exported 1 loaded value	1 geladener Wert exportiert
Fade the feed out before the hold	Feed vor dem Anhalten ausblenden
Feature Gate Lab	Feature Gate Lab
Feature gate override reset	Überschreibung des Schalters zurückgesetzt
Feature gate override saved	Überschreibung des Schalters gespeichert
Feed and navigation	Feed und Navigation
Feed button size	Größe der Feed-Schaltflächen
Feed filter	Feed-Filter
Feed screen	Feed-Ansicht
Feed tabs	Feed-Tabs
Field %1$s can't be changed on this build. Take it out of the override, or reset the override.	Das Feld %1$s lässt sich in diesem Build nicht ändern. Nimm es aus der Überschreibung heraus oder setze die Überschreibung zurück.
Field edits were discarded	Die Feldänderungen wurden verworfen
Field edits weren't saved	Die Feldänderungen wurden nicht gespeichert
Files	Dateien
Filter bottom tabs	Untere Tabs filtern
Filter comments by keyword	Kommentare nach Stichwort filtern
Filter feed tabs	Feed-Tabs filtern
Filter TikTok's offline videos	TikToks Offline-Videos filtern
Filter settings	Filtereinstellungen
Filter the list	Liste filtern
Filter: %1$s	Filter: %1$s
Filters, translation and copy options	Filter, Übersetzung und Kopieroptionen
Find a setting by name or description	Einstellung nach Name oder Beschreibung finden
First caller	Erster Aufrufer
First rejection:	Erste Ablehnung:
Fit the video to the screen	Video an den Bildschirm anpassen
Fill the screen with the video	Bildschirm mit dem Video füllen
Crop the video until it covers the whole window. On a tall phone the black strip TikTok leaves under a video goes and so does a little of each side.	Das Video wird beschnitten bis es das ganze Fenster bedeckt. Auf einem hohen Telefon verschwindet der schwarze Streifen unter dem Video und mit ihm ein wenig von jeder Seite.
Focus	Fokus
Follow probe	Folgen-Prüfung
Following	Gefolgt
For You	Für dich
For com.deniscerri.ytdl only. Ask YTDLnis for audio or video when the save button hands it a link.	Nur für com.deniscerri.ytdl. Beim Übergeben eines Links kann die Speichertaste YTDLnis um Audio oder Video bitten.
For com.deniscerri.ytdl only. Hide its download card and start the handoff in the background.	Nur für com.deniscerri.ytdl. Die Downloadkarte wird ausgeblendet und die Übergabe im Hintergrund gestartet.
Forced %1$d gates of %2$d. The rest don't take a true or false value. Restart TikTok to apply this.	%1$d von %2$d Schaltern erzwungen. Die übrigen nehmen kein true oder false. TikTok neu starten, damit das gilt.
Forced %1$d gates. Restart TikTok to apply this.	%1$d Schalter erzwungen. TikTok neu starten, damit das gilt.
Forced 1 gate of %2$d. The rest don't take a true or false value. Restart TikTok to apply this.	1 von %2$d Schaltern erzwungen. Die übrigen nehmen kein true oder false. TikTok neu starten, damit das gilt.
Forced 1 gate. Restart TikTok to apply this.	1 Schalter erzwungen. TikTok neu starten, damit das gilt.
Forced result	Erzwungenes Ergebnis
Forget seen videos after	Gesehene Videos vergessen nach
Forget the %1$s seen videos.	Die %1$s gesehenen Videos vergessen.
Forget what has been counted today and end any hold. The budgets themselves are left alone.	Vergessen, was heute gezählt wurde, und jede Sperre beenden. Die Budgets selbst bleiben unverändert.
Friends	Freunde
Full comment sort options	Vollständige Sortieroptionen für Kommentare
Full license	Vollständige Lizenz
Full report saved to %1$s	Vollständiger Bericht gespeichert unter %1$s
GIF	GIF
Gate data unavailable	Schalterdaten nicht verfügbar
Gate details	Schalterdetails
Generated defaults	Erzeugte Standardwerte
Gestures	Gesten
Ghost mode	Geistermodus
Hand-off	Weitergabe
Handle or id	Handle oder ID
Hidden %1$s on this phone	%1$s auf diesem Gerät ausgeblendet
Hidden commenters	Ausgeblendete Kommentierende
Blocked and hidden creators	Gesperrte und ausgeblendete Creator
Hidden: %1$s	Ausgeblendet: %1$s
Hide	Ausblenden
Hide AI-generated videos	KI-generierte Videos ausblenden
Hide CAPTCHA popups	CAPTCHA-Popups ausblenden
Hide LIVE replays	LIVE-Wiederholungen ausblenden
Hide LIVE videos	LIVE-Videos ausblenden
Hide Series	Serien ausblenden
Hide the Tako bubble	Tako-Blase ausblenden
Hide TikTok Shop	TikTok Shop ausblenden
Hide TikTok Shop posts from the feed.	TikTok-Shop-Beiträge aus dem Feed ausblenden.
Shop order updates and coupon messages no longer take up rows in the Inbox. Your orders are unchanged.	Bestell-Updates und Gutschein-Nachrichten vom Shop belegen keine Zeilen mehr im Posteingang. Deine Bestellungen bleiben unverändert.
Hide the Tako chat	Tako-Chat ausblenden
Hide the quick emoji row and automatic sticker suggestions that appear while you type. The emoji and sticker buttons still work.	Blende die Schnell-Emoji-Zeile und automatische Sticker-Vorschläge aus, die beim Tippen erscheinen. Die Emoji- und Sticker-Schaltflächen funktionieren weiterhin.
Hide activity	Aktivität ausblenden
Hide activity status	Aktivitätsstatus ausblenden
Hide archive	Archiv ausblenden
Hide bottom tabs TikTok adds later unless you allow them.	Untere Tabs ausblenden, die TikTok später hinzufügt, sofern du sie nicht erlaubst.
Unavailable on these TikTok builds. All verification challenges stay visible.	In diesen TikTok-Versionen nicht verfügbar. Alle Verifizierungsabfragen bleiben sichtbar.
Hide buttons in the right column	Schaltflächen in der rechten Spalte ausblenden
Hide comment polls	Kommentarumfragen ausblenden
Show poll results before voting	Umfrageergebnisse vor dem Abstimmen zeigen
A comment poll shows how many picked each answer before you vote. Tapping an answer still votes.	Eine Kommentarumfrage zeigt schon vor deiner Stimme, wie viele welche Antwort gewählt haben. Ein Tipp auf eine Antwort stimmt weiterhin ab.
Hide comment popup ads	Werbe-Popups in Kommentaren ausblenden
Hide comments made of an image or a sticker instead of words.	Kommentare ausblenden, die aus einem Bild oder Sticker statt aus Worten bestehen.
Hide comments that contain any of the words below, or that come from the accounts below.	Kommentare ausblenden, die eines der Wörter unten enthalten oder von den Konten unten stammen.
Hide controls after each video starts. Tap to restore them.	Bedienelemente nach dem Start jedes Videos ausblenden. Tippe, um sie wieder einzublenden.
Hide conversations	Unterhaltungen ausblenden
Hide every direct message conversation. Leaves the Inbox empty apart from whatever else is still turned on.	Jede Direktnachrichten-Unterhaltung ausblenden. Der Posteingang bleibt leer, abgesehen von allem, was sonst noch eingeschaltet ist.
Hide the save button on the feed	Speichern-Schaltfläche im Feed ausblenden
Hide the search button on the feed	Suchschaltfläche im Feed ausblenden
Hide the tab names above the feed	Tab-Namen über dem Feed ausblenden
The Following and For You names above the feed go away. Swiping between the feeds and the search button stay as they are.	Die Namen Folge ich und Für dich über dem Feed verschwinden. Das Wischen zwischen den Feeds und die Suchschaltfläche bleiben wie sie sind.
Hide floating promotion badges, coins, and timer banners on the feed.	Schwebende Werbe-Abzeichen, Münzen und Timer-Banner auf der Startseite ausblenden.
Hide floating promotions	Schwebende Werbeaktionen ausblenden
Hide inserted cards	Eingeschobene Karten ausblenden
Hide message requests	Nachrichtenanfragen ausblenden
Hide message streaks	Nachrichten-Serien ausblenden
Hide new follower notifications	Follower-Hinweise ausblenden
Hide new followers	Neue Follower ausblenden
Hide paid partnerships	Bezahlte Partnerschaften ausblenden
Hide people and options by name	Personen und Optionen nach Name ausblenden
Hide photo posts	Fotobeiträge ausblenden
Hide picture comments	Bild-Kommentare ausblenden
Hide playlist videos	Playlist-Videos ausblenden
Hide promotional music	Werbemusik ausblenden
Hide comment typing suggestions	Kommentarvorschläge beim Tippen ausblenden
Hide rows by title	Zeilen nach Titel ausblenden
Hide the Inbox search button	Suchschaltfläche im Posteingang ausblenden
Hide suggestions on the search page	Vorschläge auf der Suchseite ausblenden
Hide sharing apps	Apps zum Teilen ausblenden
Hide stories tray	Story-Leiste ausblenden
Hide stories	Storys ausblenden
The accounts TikTok suggests you follow no longer take up rows in the Inbox.	Die Konten, die TikTok dir zum Folgen vorschlägt, belegen keine Zeilen mehr im Posteingang.
Hide suggested accounts	Vorgeschlagene Konten ausblenden
Hide surveys	Umfragen ausblenden
Hide tabs TikTok adds later unless you allow them.	Tabs ausblenden, die TikTok später hinzufügt, sofern du sie nicht erlaubst.
Hide the "Search this image" prompt shown over videos. The feed search button and suggestions above comments are separate settings.	Blende den Hinweis „Dieses Bild suchen“ über Videos aus. Die Suchschaltfläche im Feed und die Vorschläge über Kommentaren haben eigene Einstellungen.
The Activity row of likes and comments on your posts leaves the Inbox. Notifications about them still arrive.	Die Zeile Aktivität mit Likes und Kommentaren zu deinen Beiträgen verschwindet aus dem Posteingang. Benachrichtigungen dazu kommen weiterhin an.
The Archive row leaves the Inbox. Archived chats are kept.	Die Zeile Archiv verschwindet aus dem Posteingang. Archivierte Chats bleiben erhalten.
Hide the LIVE button	LIVE-Knopf ausblenden
Hide the LIVE button in the top left corner of the feed.	Den LIVE-Knopf in der linken oberen Ecke des Feeds ausblenden.
Hide LIVE videos from the feed.	LIVE-Videos aus dem Feed ausblenden.
The Message requests row leaves the Inbox. Requests keep arriving and wait there until you turn this off.	Die Zeile Nachrichtenanfragen verschwindet aus dem Posteingang. Anfragen kommen weiterhin an und warten dort, bis du das ausschaltest.
The New followers row leaves the top of the Inbox. The accounts still follow you.	Die Zeile Neue Follower verschwindet oben aus dem Posteingang. Die Konten folgen dir weiterhin.
Hide the Send to row	Zeile „Senden an“ ausblenden
Hide the Tako AI bubble above the profile button, the Ask bar under videos, the Ask Tako button on the search page, the Ask Tako tab on search results and the Tako bar above comments.	Die Tako-AI-Blase über der Profil-Schaltfläche, die Tako-Leiste unter Videos, die Schaltfläche „Tako fragen“ auf der Suchseite, den Tab „Tako fragen“ in den Suchergebnissen und die Tako-Leiste über den Kommentaren ausblenden.
The Tako assistant's conversation leaves the Inbox list. The Tako bubble on the feed has its own switch under Feed tabs.	Die Unterhaltung mit dem Tako-Assistenten verschwindet aus der Liste im Posteingang. Die Tako-Blase im Feed hat einen eigenen Schalter unter Feed-Tabs.
The activity status control leaves the Inbox header. Whether others see you as active is unchanged.	Das Steuerelement für den Aktivitätsstatus verschwindet aus der Kopfzeile des Posteingangs. Ob andere dich als aktiv sehen, ändert sich nicht.
Hide the add people icon	Symbol Personen hinzufügen ausblenden
The add people icon leaves the Inbox header. Only the shortcut goes, so friend suggestions elsewhere are unchanged.	Das Symbol Personen hinzufügen verschwindet aus der Kopfzeile des Posteingangs. Nur die Verknüpfung geht weg, Freundesvorschläge an anderen Stellen bleiben unverändert.
Hide the caption	Beschreibung ausblenden
Hide the description under the creator's name on the feed.	Die Beschreibung unter dem Namen des Creators im Feed ausblenden.
Hide the event badge	Event-Abzeichen ausblenden
Hide the floating promotional badge over the feed.	Das schwebende Werbe-Abzeichen über dem Feed ausblenden.
Hide the follow button on the feed	Folgen-Knopf im Feed ausblenden
Hide the friend recommendation card and the other cards TikTok slots between videos.	Die Freundesvorschlagskarte und die anderen Karten ausblenden, die TikTok zwischen Videos einschiebt.
Hide the launcher shortcuts	Launcher-Verknüpfungen ausblenden
Hide the music line	Musikzeile ausblenden
Hide photo posts from the feed.	Fotobeiträge aus dem Feed ausblenden.
Hide the playlist bar	Playlist-Leiste ausblenden
Hide the playlist bar along the bottom of videos that belong to a series.	Die Playlist-Leiste am unteren Rand von Videos ausblenden, die zu einer Serie gehören.
Hide the plus button under the creator's picture in the right column. Ticking Avatar and follow button above hides the picture with it.	Blendet das Plus unter dem Bild des Creators in der rechten Spalte aus. Mit dem Häkchen bei Avatar und Folgen-Button oben verschwindet auch das Bild.
Hide the purple rewards button beside Add friends on your profile.	Die violette Belohnungs-Schaltfläche neben „Freunde hinzufügen“ in deinem Profil ausblenden.
Hide the question cards TikTok slides over a video near its end.	Die Fragekarten ausblenden, die TikTok gegen Ende eines Videos einblendet.
Hide the rewards shortcut	Belohnungs-Schaltfläche ausblenden
Hide the right column	Rechte Spalte ausblenden
The row of story avatars across the top of the Inbox goes. Stories still play from the feed and from profiles.	Die Reihe der Story-Avatare oben im Posteingang verschwindet. Stories laufen weiterhin im Feed und auf Profilen.
Hide the save button in the right column. Ticking Save in the list above hides it too.	Den Speichern-Button in der rechten Spalte ausblenden. Ist Speichern in der Liste oben angehakt, ist er ebenfalls weg.
Hide the magnifying glass at the top right of the feed. Search in Inbox and suggestions above comments stay unchanged.	Blende die Lupe oben rechts im Feed aus. Die Suche im Posteingang und die Vorschläge über Kommentaren bleiben unverändert.
Hide the magnifying glass at the top of Inbox. Search on the feed and in comments is unchanged.	Die Lupe oben im Posteingang ausblenden. Die Suche im Feed und in Kommentaren bleibt unverändert.
Hide recommended searches before you type on TikTok's search page. Your search history stays. This doesn't hide suggestions above comments.	Blende empfohlene Suchen auf TikToks Suchseite aus, bevor du etwas eingibst. Dein Suchverlauf bleibt erhalten. Vorschläge über Kommentaren werden dadurch nicht ausgeblendet.
Hide the share prompt after a like	Die Teilen-Aufforderung nach einem Like ausblenden
Hide the track name beside the caption.	Den Titelnamen neben der Beschreibung ausblenden.
Hide the status bar	Statusleiste ausblenden
Hide stories from the feed.	Storys aus dem Feed ausblenden.
Hide the whole column on the right, from the avatar down to the music disc.	Die ganze rechte Spalte ausblenden, vom Avatar bis zur Musikscheibe.
Hide this creator on this phone	Diesen Creator auf diesem Gerät ausblenden
Hide verified accounts	Verifizierte Konten ausblenden
Hide video actions	Videoaktionen ausblenden
Hide videos carrying TikTok's AI-generated label.	Videos mit TikToks Kennzeichnung für KI-generierte Inhalte ausblenden.
Hide videos marked as paid partnership or branded content.	Videos ausblenden, die als bezahlte Partnerschaft oder Markeninhalt gekennzeichnet sind.
Hide videos posted as part of a playlist.	Videos ausblenden, die als Teil einer Playlist veröffentlicht wurden.
Hide videos posted by verified accounts.	Videos von verifizierten Konten ausblenden.
Hide videos that belong to a paid Series.	Videos ausblenden, die zu einer bezahlten Serie gehören.
Hide videos with a lot of views and few comments. Works the same way as views per like. Zero turns it off.	Blendet Videos mit vielen Aufrufen und wenigen Kommentaren aus. Funktioniert genauso wie Aufrufe pro Like. Null schaltet es aus.
Hide videos with a lot of views and few likes. Lower numbers are stricter, zero turns the rule off, and one video is kept back if everything the feed just sent would go.	Videos mit vielen Aufrufen und wenigen Likes ausblenden. Kleinere Zahlen sind strenger, null schaltet die Regel ab, und ein Video bleibt übrig, wenn alles wegfiele, was der Feed gerade geschickt hat.
Hide videos you have already seen	Bereits gesehene Videos ausblenden
Hide Search this image prompts	Hinweise zur Bildsuche ausblenden
Hiding	Ausblenden
Highest	Höchste
Historical	Historisch
Historical values	Frühere Werte
Hold a gate to choose several	Halte ein Gate gedrückt, um mehrere auszuwählen
Hold the feed after the budget	Feed nach dem Budget anhalten
Home	Startseite
Hook status	Funktionsprüfung
How far each edge press moves the video.	Wie weit ein Druck am Rand das Video bewegt.
Hushfeed can't read the creator pattern %1$s	Hushfeed kann das Creator-Muster %1$s nicht lesen
Hushfeed hid a TikTok CAPTCHA. Turn off Hide CAPTCHA popups if something stops working.	Hushfeed hat ein TikTok-CAPTCHA ausgeblendet. Schalte „CAPTCHA-Popups ausblenden“ aus, wenn etwas nicht mehr funktioniert.
Hushfeed is active	Hushfeed ist aktiv
Ignore the creator's choice so the Duet and Stitch entries appear. Everything else the app checks still applies, and whether the upload is accepted is the server's decision.	Die Wahl der erstellenden Person übergehen, damit die Einträge Duett und Stitch erscheinen. Alle übrigen Prüfungen der App gelten weiterhin, und ob der Upload angenommen wird, entscheidet der Server.
Import finished	Import abgeschlossen
Import loaded values	Geladene Werte importieren
Imported %1$d values	%1$d Werte importiert
Imported %1$d values. Undo last Lab change is in the menu.	%1$d Werte importiert. Letzte Lab-Änderung rückgängig machen steht im Menü.
Inbox	Posteingang
Include diagnostic events	Diagnoseereignisse einschließen
Included diagnostics	Enthaltene Diagnosedaten
Includes all diagnostic events.	Enthält alle Diagnoseereignisse.
Includes these events: %1$s	Enthält diese Ereignisse: %1$s
Inserted cards	Eingefügte Karten
Keep a local record of what you have watched and hide those videos when the feed sends them again.	Lokal festhalten, was du gesehen hast, und diese Videos ausblenden, wenn der Feed sie noch einmal schickt.
Keep a paused video paused	Pausiertes Video pausiert lassen
Move to the next video when the current one ends. Pauses, open dialogs and screen-time holds stop it. Restart TikTok to apply this.	Zum nächsten Video wechseln, wenn das aktuelle endet. Pausen, offene Dialoge und Bildschirmzeit-Sperren halten dies an. Starte TikTok nach einer Änderung neu.
Keep captions in clear display	Untertitel in der freien Ansicht behalten
Keep going	Weitermachen
Keep the Favorites tab	Favoriten-Tab behalten
Keep the clock and status icons off the screen while TikTok is open. Swipe down from the top to peek at them.	Uhr und Statussymbole ausblenden, solange TikTok geöffnet ist. Wische von oben nach unten, um sie kurz zu sehen.
Keep the screen's refresh rate	Bildwiederholrate des Bildschirms behalten
Keep the speed you chose for the next video. Off, each new video starts at 1x and a manual choice lasts for that video only.	Behalte die gewählte Geschwindigkeit für das nächste Video. Aus, startet jedes neue Video mit 1x und eine manuelle Wahl gilt nur für dieses Video.
Keep this string to %1$s characters or fewer.	Halte diese Zeichenkette bei %1$s Zeichen oder weniger.
Keep this structured value to %1$s KB or less.	Begrenze diesen strukturierten Wert auf höchstens %1$s KB.
Kept to %1$s, the nearest value this row allows	Auf %1$s gesetzt, den nächsten Wert, den diese Zeile zulässt
Kinds of post	Beitragsarten
LIVE	LIVE
LIVE replays	LIVE-Wiederholungen
LIVE settings	Live-Einstellungen
LIVE share actions	Share-Aktionen bei LIVE
LIVE videos	LIVE-Videos
Lab data reset. Undo last Lab change is in the menu. Restart TikTok to apply this.	Lab-Daten zurückgesetzt. Letzte Lab-Änderung rückgängig machen steht im Menü. TikTok neu starten, damit das gilt.
Lab data was over its rule limit, so it was cleared without an undo copy. Restart TikTok to apply this.	Die Lab-Daten überschritten das Regellimit und wurden daher ohne Rückgängig-Kopie gelöscht. TikTok neu starten, damit das gilt.
Lab overrides reset. Undo last Lab change is in the menu. Restart TikTok to apply this.	Lab-Überschreibungen zurückgesetzt. Letzte Lab-Änderung rückgängig machen steht im Menü. TikTok neu starten, damit das gilt.
Larger (1.25x)	Größer (1,25x)
Last original value	Letzter Originalwert
Last recording: %1$d gates.	Letzte Aufzeichnung: %1$d Gates.
Last recording: 1 gate.	Letzte Aufzeichnung: 1 Gate.
Layout	Layout
Layout, search, profile and system	Layout, Suche, Profil und System
Leave maximum empty to keep it unlimited.	Lass das Maximum leer, damit es unbegrenzt bleibt.
Leave the sound out of the saved video. Save the sound as well still writes the .m4a beside it if you want both.	Den Ton aus dem gespeicherten Video weglassen. Ton ebenfalls speichern schreibt die .m4a weiterhin daneben, wenn du beides willst.
Length and views per like	Länge und Aufrufe pro Like
Less than a minute left	Weniger als eine Minute übrig
Let screenshots, screen recording and Circle to Search work on TikTok again. Restart TikTok to apply this.	Screenshots, Bildschirmaufnahme und Circle to Search auf TikTok wieder zulassen. TikTok neu starten, damit das gilt.
Let the Offline videos menu use your own limit instead of TikTok's fixed one. Restart TikTok to apply this.	Das Menü Offline-Videos deine eigene Grenze statt TikToks fester verwenden lassen. TikTok neu starten, damit das gilt.
Licenses	Lizenzen
Like	Gefällt mir
Limits	Grenzen
Link copied	Link kopiert
Links	Links
Links in comments open	Links in Kommentaren lassen sich öffnen
More opens the comments	Mehr öffnet die Kommentare
Tapping more under a video opens its comments with the whole caption at the top instead of spreading the caption over the video. A tap on the caption itself does the same. Photo posts keep TikTok's own page for this.	Ein Tippen auf mehr unter einem Video öffnet seine Kommentare mit der ganzen Beschreibung oben, statt die Beschreibung über das Video zu legen. Ein Tippen auf die Beschreibung selbst macht dasselbe. Fotobeiträge behalten dafür TikToks eigene Seite.
Caption above comments	Beschreibung über den Kommentaren
The comment button also opens a video's comments with its caption at the top. The caption over the video goes away while this is on.	Auch der Kommentar-Button öffnet die Kommentare eines Videos mit seiner Beschreibung oben. Die Beschreibung über dem Video verschwindet, solange das an ist.
Loaded current values. Loading all known gates…	Aktuelle Werte geladen. Alle bekannten Schalter werden geladen …
Loaded values are still being read. Try again in a moment.	Die geladenen Werte werden noch gelesen. Versuche es gleich noch einmal.
Loaded-value file export failed	Der Export der geladenen Werte ist fehlgeschlagen
Loading gates…	Schalter werden geladen …
Creators hidden on this phone	Auf diesem Gerät ausgeblendete Creator
Lock today's budget	Heutiges Budget sperren
Logging, hook status and reports	Protokolle, Hook-Status und Berichte
Long press	Langes Drücken
Hold speed on Comment	Halte-Geschwindigkeit auf Kommentare
A long press on Comment plays the video at the hold speed instead of opening the emoji row. It needs Long press on TikTok default and Seek from the edges off.	Langes Drücken auf Kommentare spielt das Video mit der Halte-Geschwindigkeit ab, statt die Emoji-Leiste zu öffnen. Dafür muss Langes Drücken auf TikTok-Standard stehen und Von den Rändern springen aus sein.
Hold speed on Share	Halte-Geschwindigkeit auf Teilen
A long press on Share plays the video at the hold speed instead of opening the quick share row. It needs Long press on TikTok default and Seek from the edges off.	Langes Drücken auf Teilen spielt das Video mit der Halte-Geschwindigkeit ab, statt die Schnell-Teilen-Leiste zu öffnen. Dafür muss Langes Drücken auf TikTok-Standard stehen und Von den Rändern springen aus sein.
Hold speed on Favorites	Halte-Geschwindigkeit auf Favoriten
A long press on Favorites plays the video at the hold speed instead of offering a new collection. It needs Long press on TikTok default and Seek from the edges off.	Langes Drücken auf Favoriten spielt das Video mit der Halte-Geschwindigkeit ab, statt eine neue Sammlung anzubieten. Dafür muss Langes Drücken auf TikTok-Standard stehen und Von den Rändern springen aus sein.
Lowest	Niedrigste
Make TikTok yours.	Mach TikTok zu deinem TikTok.
Manager	Manager
Marked as not interested	Als „Kein Interesse“ markiert
Match locale and timezone to country	Sprache und Zeitzone an das Land anpassen
Maximum	Maximum
Maximum post age	Höchstalter von Beiträgen
Maximum video length	Maximale Videolänge
Maximum views per comment	Maximale Aufrufe pro Kommentar
Maximum views per like	Maximale Aufrufe pro Like
Media	Medien
Media config (VE)	Medienkonfiguration (VE)
Messages, profiles and search still work.	Nachrichten, Profile und die Suche funktionieren weiterhin.
Microphone in use	Mikrofon in Benutzung
Comments range	Spanne der Kommentare
Favorites range	Spanne der Favoriten
Likes range	Spanne der Likes
Shares range	Spanne der Shares
Use Save report for this large report	Nutze für diesen großen Bericht „Bericht speichern“
Video player settings	Einstellungen des Videoplayers
Videos can't be saved to the folder in that file, so your video folder was kept	Im Ordner aus dieser Datei lassen sich keine Videos speichern, deshalb wurde dein Videoordner beibehalten
Views range	Spanne der Aufrufe
Minimum	Minimum
More options	Weitere Optionen
Move down	Nach unten verschieben
Move left	Nach links verschieben
Move right	Nach rechts verschieben
Move up	Nach oben verschieben
Music disc	Musikscheibe
Pauses the video behind the comment sheet while you read. It plays on from the same spot when the sheet closes.	Hält das Video hinter dem Kommentarfeld an, während du liest. Es läuft an derselben Stelle weiter, wenn das Feld geschlossen wird.
Nearby	In der Nähe
Never from these countries	Nie aus diesen Ländern
No	Nein
No creator to block on this video	Kein Ersteller zum Blockieren bei diesem Video
No creator to hide on this video	Kein Ersteller zum Ausblenden bei diesem Video
No creators are hidden yet. Hide one from a video, or add a handle above.	Noch keine Ersteller ausgeblendet. Einen im Video ausblenden oder oben einen Handle eingeben.
No current value	Kein aktueller Wert
No current value and no active override	Kein aktueller Wert und keine aktive Überschreibung
No delay	Keine Verzögerung
No gate data is available. Refresh values from the menu to try again.	Es sind keine Schalterdaten verfügbar. Werte über das Menü aktualisieren und es erneut versuchen.
No gate reads were recorded. Use a TikTok feature while recording.	Es wurden keine Gate-Zugriffe aufgezeichnet. Nutze während der Aufzeichnung eine TikTok-Funktion.
No gates match this filter.	Keine Schalter passen zu diesem Filter.
No gates match this search and filter.	Keine Schalter passen zu dieser Suche und diesem Filter.
No hidden creators match this search. Clear the search to see them all.	Keine ausgeblendeten Ersteller passen zu dieser Suche. Suche leeren, um alle zu sehen.
No limit	Keine Grenze
No matching comments. Try a different word, or clear the search with the X in the box.	Keine passenden Kommentare. Versuche es mit einem anderen Wort oder lösche die Suche mit dem X im Feld.
No matching countries. Try a country name or a two-letter code.	Keine passenden Laender. Versuche einen Laendernamen oder einen Zwei-Buchstaben-Code.
No matching diagnostics found	Keine passenden Diagnosedaten gefunden
No matching settings	Keine passenden Einstellungen
No preset selected. Choose a preset above.	Kein Preset ausgewaehlt. Waehle oben ein Preset.
No recording yet. Start one, use a feature, then return here.	Noch keine Aufzeichnung. Starte eine, nutze eine Funktion und komm dann hierher zurück.
No seen videos recorded yet.	Noch keine gesehenen Videos aufgezeichnet.
No share actions have been seen yet	Noch keine Share-Aktionen gesehen
No share actions match this search	Keine Share-Aktionen passen zu dieser Suche
No sound to block on this video	Bei diesem Video gibt es keinen Sound zum Blockieren
No suggested accounts to clear	Es gibt keine Kontovorschläge zum Entfernen
No video selected. Open a video first.	Kein Video ausgewaehlt. Oeffne zuerst ein Video.
None of these gates had an override to reset.	Keiner dieser Schalter hatte eine Überschreibung zum Zurücksetzen.
None of these gates takes a true or false value.	Keiner dieser Schalter nimmt einen true- oder false-Wert.
None recorded	Nichts aufgezeichnet
Normal	Normal
Not blocked	Nicht blockiert
Not interested in this video	Kein Interesse an diesem Video
Not read yet	Noch nicht gelesen
Not requested in this process yet	In diesem Prozess noch nicht angefordert
Not saved yet	Noch nicht gespeichert
Not seen	Nicht gesehen
Not seen yet	Noch nicht gesehen
Nothing has been checked yet, so there's nothing to report.	Es wurde noch nichts geprüft, also gibt es nichts zu berichten.
Nothing has been looked up yet. Use the app for a moment, then come back.	Bisher wurde nichts nachgeschlagen. Nutze die App einen Moment und komm dann zurück.
Nothing hidden.	Nichts ausgeblendet.
Nothing is playing to seek	Es läuft gerade nichts zum Springen
Nothing new was imported. %1$d already matched, %2$d unavailable, %3$d rejected.	Nichts Neues importiert. %1$d stimmten bereits überein, %2$d sind nicht verfügbar, %3$d wurden abgelehnt.
Nothing new was imported. %1$d already matched, %2$d unavailable, %3$d rejected. First rejection: %4$s	Nichts Neues wurde importiert. Bereits identisch: %1$d. Nicht verfügbar: %2$d. Abgelehnt: %3$d. Erste Ablehnung: %4$s
Nothing on this page changes what TikTok does until they are on.	Nichts auf dieser Seite ändert etwas an TikTok, solange sie aus sind.
Nothing to undo yet.	Noch nichts rückgängig zu machen.
Notices from this project and the ones it's built on	Hinweise aus diesem Projekt und aus den Projekten, auf denen es aufbaut
OK	OK
Off	Aus
Off forces false, on forces true. Reset hands the choice back to TikTok.	Aus erzwingt false, an erzwingt true. Zurücksetzen gibt die Entscheidung an TikTok zurück.
Offline videos	Offline-Videos
Offline videos limit	Limit für Offline-Videos
On mobile data	Bei mobilen Daten
Once today's budget runs out, the hold stays and can't be dismissed. The budget settings are locked until the day starts over. Turn this off any time before the budget runs out.	Sobald das heutige Budget aufgebraucht ist, bleibt die Sperre bestehen. Die Budgeteinstellungen sind bis zum nächsten Tag gesperrt. Schalte dies jederzeit vor Ablauf des Budgets aus.
One area was checked and everything it needs is here.	Ein Bereich wurde geprüft und alles, was er braucht, ist vorhanden.
One minute left	Noch eine Minute
One of the quote marks in that list has nothing to close it, so the rest of the line reads as one phrase. Add the missing quote or take the stray one out.	Eines der Anführungszeichen in dieser Liste wird nicht geschlossen, deshalb liest sich der Rest der Zeile als eine einzige Wendung. Ergänze das fehlende Anführungszeichen oder entferne das überzählige.
One value per line	Ein Wert pro Zeile
Only bottom tabs TikTok has loaded on this device are shown here. This doesn't force unavailable tabs to appear.	Hier stehen nur die unteren Tabs, die TikTok auf diesem Gerät geladen hat. Nicht verfügbare Tabs erscheinen dadurch nicht.
Turn this on while you record logs for a bug report, then turn it off again. While it's on, TikTok can feel slower and may crash.	Schalte das ein, während du Protokolle für eine Fehlermeldung aufzeichnest, und danach wieder aus. Solange es an ist, kann TikTok träge wirken und abstürzen.
Only fields the Lab can check and copy safely are shown.	Es werden nur Felder gezeigt, die das Lab prüfen und gefahrlos kopieren kann.
Only from these countries	Nur aus diesen Ländern
Only tabs TikTok has loaded on this device are shown here. This doesn't force unavailable tabs to appear.	Hier stehen nur die Tabs, die TikTok auf diesem Gerät geladen hat. Nicht verfügbare Tabs erscheinen dadurch nicht.
Open a share sheet once, then return here to choose its actions.	Öffne einmal ein Share-Menü und kehre dann zurück, um seine Aktionen auszuwählen.
Open comments	Kommentare öffnen
Open external links directly	Externe Links direkt öffnen
Open messages	Nachrichten öffnen
Open profile and story website links in your system browser instead of TikTok's in-app browser.	Website-Links aus Profilen und Storys im Systembrowser öffnen statt in TikToks In-App-Browser.
Open the feed anyway	Feed trotzdem öffnen
Open the feed anyway, %1$d left today	Feed trotzdem öffnen, heute noch %1$d Mal
Open the feed anyway, the last time today	Feed trotzdem öffnen, heute zum letzten Mal
Open the feed once so Hushfeed can see which bottom tabs TikTok loaded.	Öffne die TikTok-Startseite, damit geladene untere Tabs erkannt werden.
Open the feed once so Hushfeed can see which tabs TikTok loaded.	Öffne den TikTok-Startfeed, damit geladene Tabs erkannt werden.
Open the profile again and try once more	Öffne das Profil erneut und versuche es noch einmal
Open the story again and try once more	Öffne die Story erneut und versuche es noch einmal
Open TikTok on	TikTok öffnen mit
Opens github.com in your browser	Öffnet github.com in deinem Browser
Operator code	Netzbetreibercode
Operator name	Name des Netzbetreibers
Original language	Originalsprache
Other	Sonstiges
Other feed filters	Andere Feed-Filter
Overridden	Überschrieben
Override	Überschreibung
Override SIM details	SIM-Angaben überschreiben
Override set, not read yet	Überschreibung gesetzt, noch nicht gelesen
Override store region (experimental)	Store-Region überschreiben (experimentell)
Override this configuration	Diese Konfiguration überschreiben
Override this gate	Diesen Schalter überschreiben
Overrides are disabled in the Feature Gate Lab.	Überschreibungen sind im Feature Gate Lab abgeschaltet.
Overrides disabled. Restart TikTok to apply this.	Überschreibungen deaktiviert. TikTok neu starten, damit das gilt.
Overrides enabled. Restart TikTok to apply this.	Überschreibungen aktiviert. TikTok neu starten, damit das gilt.
Paid partnerships	Bezahlte Partnerschaften
People, shortcuts and sending controls	Kontakte, Verknüpfungen und Versandoptionen
Photo	Foto
Photo and image posts	Foto- und Bildbeiträge
Photo destination	Speicherort für Fotos
Photo filename	Dateiname für Fotos
Photos and stickers	Fotos und Sticker
Pick the buttons to take off the column. The rest stay where they are.	Wähle die Schaltflächen, die aus der Spalte verschwinden sollen. Der Rest bleibt, wo er ist.
Play videos TikTok has classified without the overlay asking to be tapped through first.	Von TikTok eingestufte Videos abspielen, ohne dass erst eine Warnung weggetippt werden muss.
Playback	Wiedergabe
Player	Wiedergabe
Playlist posts	Playlist-Beiträge
Popular	Beliebt
Popups	Pop-ups
Press and hold a profile picture to save the full size original to your photo destination.	Ein Profilbild gedrückt halten, um das Original in voller Größe im Fotoordner zu speichern.
Press and hold a story to save it. Stories have no save button of their own, and holding one is how TikTok pauses it, so this takes that gesture over.	Eine Story gedrückt halten, um sie zu speichern. Stories haben keinen eigenen Speicher-Button, und Halten pausiert bei TikTok, also übernimmt das diese Geste.
Press and hold the left or right third of the screen to jump back or forward. The middle third keeps the Long press action.	Halte das linke oder rechte Drittel des Bildschirms gedrückt, um zurück oder vorwärts zu springen. Im mittleren Drittel gilt weiterhin die Aktion für langes Drücken.
Privacy	Datenschutz
Privacy and system	Datenschutz und System
Profile	Profil
Profile picture saved to %1$s	Profilbild gespeichert unter %1$s
Profile share actions	Share-Aktionen im Profil
Promotional music	Werbemusik
Proof	Beleg
Post age	Beitragsalter
Add a search box that filters comments already loaded on this video by text or username. It doesn't search all of TikTok or remove TikTok's suggested-search banner.	Füge ein Suchfeld hinzu, das bereits geladene Kommentare zu diesem Video nach Text oder Nutzername filtert. Es durchsucht nicht ganz TikTok und entfernt nicht TikToks Banner mit Suchvorschlägen.
Pulling down at the top of For You no longer reloads it.	Herunterziehen ganz oben in „Für dich“ lädt den Feed nicht mehr neu.
Putting the settings back to their defaults	Einstellungen werden auf die Standardwerte zurückgesetzt
Quality	Qualität
Quality, files, subtitles and hand-off	Qualität, Dateien, Untertitel und Weitergabe
Quality, speed and auto-advance	Qualität, Tempo und automatisches Weiterschalten
Silence the feed while comments are open	Feed stummschalten, solange Kommentare offen sind
Reading	Lesen
Recorded gate reads (%1$d)	Aufgezeichnete Gate-Zugriffe (%1$d)
Recording gate reads. Use a feature, then return here to stop.	Gate-Zugriffe werden aufgezeichnet. Nutze eine Funktion und komm zum Beenden zurück.
Put back the settings saved before the last restore or reset.	Die Einstellungen zurückholen, die vor der letzten Wiederherstellung oder Zurücksetzung gespeichert wurden.
Recovered an interrupted settings change. Restart TikTok to apply this.	Eine unterbrochene Einstellungsänderung wurde wiederhergestellt. TikTok neu starten, damit das gilt.
Refresh values	Werte aktualisieren
Region	Region
Country filters	Länderfilter
Remember the last speed	Letzte Geschwindigkeit merken
Remind me every	Erinnere mich alle
Remove	Entfernen
Remove %1$s	%1$s entfernen
Remove all overrides	Alle Überschreibungen entfernen
Remove feed ads	Werbung im Feed entfernen
Remove feed ads, creator commission posts, paid partnerships, and branded content.	Feed-Werbung, Posts mit Creator-Provision, bezahlte Partnerschaften und Markeninhalte entfernen.
Hide voting cards and poll results above the comments, including polls that have ended.	Blende Abstimmungen und ihre Ergebnisse über den Kommentaren aus, auch wenn die Abstimmung bereits beendet ist.
Hide the Share via row.	Die Zeile „Teilen über“ ausblenden.
Hide the actions row of the share sheet.	Die Aktionszeile des Teilen-Menüs ausblenden.
Hide the row of friends at the top of the share sheet.	Die Freundesreihe oben im Teilen-Menü ausblenden.
Remove tracking parameters from shared links.	Tracking-Parameter aus geteilten Links entfernen.
Remove watermark	Wasserzeichen entfernen
Removed %1$s	%1$s entfernt
Replace values when TikTok asks for them	Werte ersetzen, wenn TikTok sie abfragt
Report saved to %1$s	Bericht gespeichert unter %1$s
Required	Erforderlich
Researched	Recherchiert
Researched values	Recherchierte Werte
Reset	Zurücksetzen
Reset %1$d gates of %2$d. Restart TikTok to apply this.	%1$d von %2$d Schaltern zurückgesetzt. TikTok neu starten, damit das gilt.
Reset %1$d gates. Restart TikTok to apply this.	%1$d Schalter zurückgesetzt. TikTok neu starten, damit das gilt.
Reset 1 gate of %2$d. Restart TikTok to apply this.	1 von %2$d Schaltern zurückgesetzt. TikTok neu starten, damit das gilt.
Reset 1 gate. Restart TikTok to apply this.	1 Schalter zurückgesetzt. TikTok neu starten, damit das gilt.
Reset override	Überschreibung zurücksetzen
Reset position	Position zurücksetzen
Reset settings	Einstellungen zurücksetzen
Restart now	Jetzt neu starten
Restart TikTok to apply %1$d changes	TikTok neu starten, um %1$d Änderungen anzuwenden
Restart TikTok to apply this change	TikTok neu starten, um diese Änderung anzuwenden
Restart TikTok to apply this.	TikTok neu starten, damit das gilt.
Restart pending	Neustart ausstehend
Put every setting back to its default straight away. Your current settings are kept for Undo.	Jede Einstellung sofort auf ihren Standardwert zurücksetzen. Deine aktuellen Einstellungen bleiben zum Rückgängigmachen erhalten.
Restore failed. Some settings may still be changed.	Wiederherstellung fehlgeschlagen. Einige Einstellungen können noch geändert sein.
Reset didn't finish. Some settings may still be changed. Use Undo to put them back.	Das Zurücksetzen wurde nicht abgeschlossen. Einige Einstellungen können noch geändert sein. Nutze „Rückgängig“, um sie zurückzuholen.
Reset didn't finish. Some settings may still be changed.	Das Zurücksetzen wurde nicht abgeschlossen. Einige Einstellungen können noch geändert sein.
Undo didn't finish. Some settings may still be changed. Try Undo again.	Rückgängig wurde nicht abgeschlossen. Einige Einstellungen können noch geändert sein. Tippe noch einmal auf „Rückgängig“.
Undo didn't finish. Some settings may still be changed.	Rückgängig wurde nicht abgeschlossen. Einige Einstellungen können noch geändert sein.
Restore failed. Some settings may still be changed. Use Undo to put them back.	Wiederherstellung fehlgeschlagen. Einige Einstellungen können noch geändert sein. Nutze „Rückgängig“, um sie zurückzuholen.
Restore settings	Einstellungen wiederherstellen
Lab settings put back. Restart TikTok to apply this.	Lab-Einstellungen zurückgeholt. TikTok neu starten, damit das gilt.
Restoring your settings	Einstellungen werden wiederhergestellt
Resume videos after scrolling	Videos nach dem Scrollen fortsetzen
Retry	Erneut versuchen
Return a copy with the fields below changed	Eine Kopie mit den unten geänderten Feldern zurückgeben
Return after using a TikTok feature to see every gate read during the recording.	Komm nach dem Verwenden einer TikTok-Funktion zurück, um jeden Gate-Zugriff während der Aufzeichnung zu sehen.
Returns %1$s	Gibt %1$s zurück
Right column	Rechte Spalte
Rows	Zeilen
SIM country preset	SIM-Ländervorgabe
STEM	STEM
Sanitize sharing links	Teilen-Links bereinigen
Save	Speichern
Save SRT files with the video. They go to Movies on Android 11+, Download on Android 10, and your video folder on older versions. On Android 11+ with Save details on, the video moves to Download or Documents and the SRT files stay in Movies.	SRT-Dateien zusammen mit dem Video speichern. Sie landen ab Android 11 in Movies, auf Android 10 in Download und auf älteren Versionen in deinem Videoordner. Ab Android 11 mit „Details speichern“ wandert das Video nach Download oder Documents, und die SRT-Dateien bleiben in Movies.
Save a profile picture on a long press	Profilbild per langem Druck speichern
Save a story on a long press	Story per langem Druck speichern
Save every photo in the post as TikTok received it, not as the screen shows it.	Jedes Foto des Beitrags so speichern, wie TikTok es empfangen hat, nicht so, wie der Bildschirm es zeigt.
Save field values	Feldwerte speichern
Save full report	Vollständigen Bericht speichern
Save media	Medien speichern
Save Hushfeed settings and Feature Gate Lab rules to a JSON file.	Hushfeed-Einstellungen und Feature-Gate-Lab-Regeln in einer JSON-Datei speichern.
Save subtitles beside videos	Untertitel neben Videos speichern
Save the latest available TikTok crash report for diagnostic export.	Den neuesten verfügbaren TikTok-Absturzbericht für den Diagnose-Export speichern.
Save the original sound	Originalsound speichern
Save the sound as well	Ton ebenfalls speichern
Save videos without sound	Videos ohne Ton speichern
Save, restore, reset and undo your settings	Einstellungen sichern, wiederherstellen, zurücksetzen und rückgängig machen
Saved	Gespeichert
Saved %1$s	Gespeichert: %1$s
Saved %1$s of %2$s photos before the story failed	%1$s von %2$s Fotos gespeichert, dann ist die Story fehlgeschlagen
Saved %1$s original photos	%1$s Originalfotos gespeichert
Saved one original photo	Ein Originalfoto gespeichert
Saved, override off	Gespeichert, Überschreibung aus
Saved. Restart TikTok to apply this.	Gespeichert. TikTok neu starten, damit das gilt.
Saving	Wird gespeichert
Saving %1$s original photos	%1$s Originalfotos werden gespeichert
Saving one original photo	Ein Originalfoto wird gespeichert
Saving settings backup	Einstellungssicherung wird gespeichert
Saving the sticker	Sticker wird gespeichert
Saving the story	Story wird gespeichert
Saving the sound	Sound wird gespeichert
Saving the profile picture	Profilbild wird gespeichert
Saving the live photo's clip	Clip des Live-Fotos wird gespeichert
Screen time	Bildschirmzeit
Search	Suche
Search by name, description or category.	Nach Name, Beschreibung oder Kategorie suchen.
Search and override gates	Gates suchen und überschreiben
Search countries or operators	Nach Ländern oder Anbietern suchen
Search hidden creators	Ausgeblendete Creator durchsuchen
Search settings	Einstellungen durchsuchen
Search share actions	Share-Aktionen durchsuchen
Search within comments	In Kommentaren suchen
Search these comments	Diese Kommentare durchsuchen
Search translated titles and descriptions, then open the original setting.	Übersetzte Titel und Beschreibungen durchsuchen und dann die ursprüngliche Einstellung öffnen.
Ask TikTok for search results that aren't personalized to your account. This changes results, not search buttons or suggestions.	Fordere Suchergebnisse an, die nicht auf dein Konto zugeschnitten sind. Das ändert die Ergebnisse, nicht die Suchschaltflächen oder Vorschläge.
Search by name or gate key	Nach Name oder Gate-Schlüssel suchen
Seconds. Zero keeps every length. If everything the feed just sent would be filtered out, the video closest to your limit is kept so the feed isn't empty.	Sekunden. Null behält jede Länge. Würde alles wegfallen, was der Feed gerade geschickt hat, bleibt das Video, das deinem Limit am nächsten kommt, damit der Feed nicht leer ist.
Seek by	Sprungweite
Seek from the edges	Von den Rändern springen
Seen	Gesehen
Seen this session	In dieser Sitzung gesehen
Seen videos	Bereits gesehene Videos
Seen videos cleared. You can undo until TikTok closes.	Gesehene Videos gelöscht. Bis TikTok geschlossen wird, kannst du dies rückgängig machen.
Seen videos put back	Gesehene Videos zurückgeholt
Select	Auswählen
Select at least one field.	Wähle mindestens ein Feld aus.
Select every tab	Jeden Tab auswählen
Selected	Ausgewählt
Send links to another app	Links an eine andere App senden
Sending feedback	Rückmeldung wird gesendet
Series posts	Serienbeiträge
Settings	Einstellungen
Settings are back to their defaults. Restart TikTok to apply all changes.	Die Einstellungen stehen wieder auf den Standardwerten. TikTok neu starten, um alle Änderungen zu übernehmen.
Settings backup saved	Einstellungssicherung gespeichert
Settings couldn't open	Die Einstellungen konnten nicht geöffnet werden
Settings couldn't refresh completely. Reopen settings and try again.	Die Einstellungen konnten nicht vollständig aktualisiert werden. Öffne die Einstellungen erneut und versuche es noch einmal.
Settings restored. Restart TikTok to apply all changes.	Einstellungen wiederhergestellt. TikTok neu starten, um alle Änderungen zu übernehmen.
Settings restored. The Feature Gate Lab rules were for another TikTok version and were left out. Restart TikTok to apply all changes.	Einstellungen wiederhergestellt. Die Regeln des Feature Gate Labs galten für eine andere TikTok-Version und wurden ausgelassen. TikTok neu starten, um alle Änderungen zu übernehmen.
Share	Teilen
Hide share actions	Share-Aktionen ausblenden
Share links through another host	Links über einen anderen Host teilen
Share sheet	Teilen-Menü
Shop	Shop
Shop posts	Shop-Beiträge
Show	Anzeigen
Show @username beside a video instead of the display name the creator chose.	Zeigt @Benutzername neben einem Video statt des Anzeigenamens, den die Person gewählt hat.
Show search in LIVE	Suche in LIVE anzeigen
Show TikTok's feed buttons	TikToks Feed-Tasten anzeigen
Show TikTok's own progress bar on videos where it's normally hidden.	TikToks eigene Fortschrittsleiste bei Videos zeigen, wo sie sonst versteckt ist.
Show TikTok's own sort sheet on every post, with its hot, newest, media and creator options, instead of whichever cut-down row your account was given. Restart TikTok to apply this. It reads the style once per run and remembers it.	TikToks eigenes Sortiermenü bei jedem Beitrag zeigen, mit Beliebt, Neueste, Medien und Ersteller, statt der gekürzten Zeile, die dein Konto bekommen hat. TikTok neu starten, damit das gilt. Es liest den Stil einmal pro Start und merkt ihn sich.
Show the search entry inside TikTok's LIVE drawer, where available. This doesn't add a search box to video comments.	Zeige die Suchfunktion im LIVE-Seitenmenü von TikTok an, sofern verfügbar. Dadurch wird kein Suchfeld zu Videokommentaren hinzugefügt.
Show a video preview thumbnail while dragging the progress bar.	Beim Ziehen des Fortschrittsbalkens ein Vorschaubild des Videos zeigen.
Show the block button on videos	Blockieren-Schaltfläche auf Videos anzeigen
Show the block sound button	Die Schaltfläche zum Blockieren des Sounds anzeigen
Show failures on screen	Fehler auf dem Bildschirm anzeigen
Show gates	Schalter anzeigen
Show last report	Letzten Bericht anzeigen
Show the hide button on videos	Ausblenden-Schaltfläche auf Videos anzeigen
Show the Not interested button	Knopf Kein Interesse anzeigen
Mute feed videos	Feed-Videos stummschalten
Muted	Stumm
Sound on	Ton an
Sound	Ton
Play feed videos without sound and leave the phone's volume alone. Music from another app keeps playing while it's on. DMs, stories and LIVE keep their sound.	Feed-Videos ohne Ton abspielen und die Lautstärke des Telefons unverändert lassen. Musik aus einer anderen App läuft weiter, solange das an ist. DMs, Stories und LIVE behalten ihren Ton.
Show the mute button on videos	Stummschalt-Schaltfläche auf Videos anzeigen
Add a button beside the block control that turns the feed's sound off and on.	Neben der Blockieren-Schaltfläche eine Schaltfläche hinzufügen, die den Ton des Feeds aus- und einschaltet.
Show the country a video was posted from next to the creator's name.	Das Land, aus dem ein Video veröffentlicht wurde, neben dem Namen des Creators anzeigen.
Show the current spoken caption while the other controls are hidden.	Den aktuell gesprochenen Untertitel anzeigen, während die anderen Bedienelemente ausgeblendet sind.
Show the handle instead of the name	@Namen statt Anzeigenamen zeigen
Show the progress bar	Fortschrittsbalken anzeigen
Show the progress bar thumbnail	Vorschaubild im Fortschrittsbalken anzeigen
Show the whole Activity and New followers lists instead of stopping at a View all button.	Die vollständigen Listen „Aktivität“ und „Neue Follower“ anzeigen, statt bei einer Schaltfläche „Alle anzeigen“ zu enden.
Show the whole video instead of cropping it to the window. Nothing changes on a tall phone, where it already fits. On a folding phone opened up, a squarer screen or a split view the sides or the ends stop being cut off.	Das ganze Video zeigen, statt es auf das Fenster zuzuschneiden. Auf einem hohen Telefon ändert sich nichts, dort passt es bereits. Auf einem aufgeklappten Falttelefon, einem quadratischeren Bildschirm oder im geteilten Bildschirm werden die Seiten oder die Enden nicht mehr abgeschnitten.
Show what is left of the budget	Restliches Budget anzeigen
Show when the camera or microphone is in use	Anzeigen, wenn Kamera oder Mikrofon benutzt werden
Show where a video was posted	Herkunftsland anzeigen
Showing %1$s again	%1$s wieder anzeigen
Hide videos with blocked sounds	Videos mit gesperrten Sounds ausblenden
Skip content warnings	Inhaltswarnungen überspringen
Hide recorded LIVE broadcasts from the feed.	Aufgezeichnete LIVE-Übertragungen aus dem Feed ausblenden.
Hide videos marked as using promotional music.	Videos ausblenden, die als Werbemusik gekennzeichnet sind.
Hide videos that use a sound blocked with the player's sound button, or named below.	Videos ausblenden, deren Sound über die Sound-Taste im Player gesperrt wurde oder unten aufgeführt ist.
Skipping videos with %1$s	Videos mit %1$s werden übersprungen
Something is missing from %1$s. Tap for the whole report.	Bei %1$s fehlt etwas. Tippe für den vollständigen Bericht.
Sound link copied	Soundlink kopiert
Sound saved to %1$s	Sound gespeichert unter %1$s
Source	Quelle
Speed	Geschwindigkeit
Speed menu choices	Auswahl im Geschwindigkeitsmenü
Split comment minimum width	Mindestbreite für geteilte Kommentare
Start each new video at your default. A manual choice lasts until the video changes.	Jedes neue Video mit deinem Standard starten. Eine manuelle Auswahl gilt, bis das Video wechselt.
Start feature gate recording	Feature-Gate-Aufzeichnung starten
Start recording	Aufzeichnung starten
Start the day at	Tag beginnt um
Start today over	Heute neu beginnen
Sticker	Sticker
Sticker destination	Speicherort für Sticker
Sticker saved to %1$s	Sticker gespeichert in %1$s
Still here. Nothing is waiting.	Immer noch hier. Es wartet nichts.
Still reading the record. Tap again in a moment.	Der Verlauf wird noch gelesen. Tippe gleich noch einmal.
Still saving the last one	Das letzte wird noch gespeichert
The last one is still waiting to start	Das letzte wartet noch auf den Start
Stop ByteDance AppLog events, AppsFlyer attribution, explicit Firebase screen reports and crash reporting from being sent. TikTok's own diagnostics go quiet with them.	ByteDance-AppLog-Ereignisse, AppsFlyer-Attribution, explizite Firebase-Bildschirmberichte und Absturzmeldungen nicht mehr senden. TikToks eigene Diagnose verstummt damit ebenfalls.
Stop TikTok asking the screen to run at the frame rate of the video it's playing. On a 90 or 120 Hz phone that ask slows the whole app down to the video's rate, scrolling included.	Verhindert, dass TikTok den Bildschirm auf die Bildrate des laufenden Videos herunterregelt. Auf einem 90 oder 120 Hz Telefon bremst diese Anfrage die ganze App auf die Rate des Videos aus, das Scrollen eingeschlossen.
Stop TikTok listening to the accelerometer, gyroscope, magnetometer and the other motion sensors it uses to fingerprint the phone.	Verhindert, dass TikTok Beschleunigungssensor, Gyroskop, Magnetometer und die anderen Bewegungssensoren abhört, mit denen es das Telefon identifiziert.
Stop TikTok reading what you copied. Copying a link from TikTok still works.	Verhindert, dass TikTok liest, was du kopiert hast. Einen Link aus TikTok zu kopieren funktioniert weiterhin.
Stop a long press on Like from opening TikTok's repost action.	Verhindern, dass langes Drücken auf Gefällt mir TikToks Reposten öffnet.
Stop a long press on Share from opening TikTok's quick share action.	Verhindern, dass langes Drücken auf Teilen TikToks Schnellteilen öffnet.
Stop feature gate recording	Feature-Gate-Aufzeichnung beenden
Stop the brand animation that plays over the comments when what someone typed matches an advertiser's trigger.	Stoppt die Markenanimation über den Kommentaren, wenn das Getippte zu einem Werbe-Auslöser passt.
Stop the bubble that asks you to share a video with friends after you like it.	Stoppt die Blase, die dich auffordert, ein Video nach dem Liken mit Freunden zu teilen.
Keep websites outside TikTok from using its connection back into the app. TikTok pages such as Activity center, Watch history, shop checkout and CAPTCHA keep working.	Verhindere, dass Websites außerhalb von TikTok dessen Verbindung zurück zur App verwenden. TikTok-Seiten wie Aktivitätscenter, Wiedergabeverlauf, Shop-Kasse und CAPTCHA funktionieren weiter.
Stop video looping	Videoschleife beenden
Stop videos at the end instead of replaying them.	Videos am Ende anhalten, statt sie zu wiederholen.
Stopped after dismissing %1$s suggested accounts	Nach %1$s entfernten Kontovorschlägen gestoppt
Stopped after dismissing one suggested account	Nach einem entfernten Kontovorschlag gestoppt
Stories	Storys
Story saved to %1$s	Story gespeichert unter %1$s
Structured value observed	Strukturierter Wert beobachtet
Subtitle language	Untertitelsprache
Subtitles	Untertitel
System	System
Feed tabs to keep	Feed-Tabs behalten
Hide the streak button in a chat and the reminder message that goes with it.	Die Serien-Schaltfläche in einem Chat und die zugehörige Erinnerung ausblenden.
Tap a comment's heart twice within %1$d seconds. A double tap on the comment needs a second one too. Removing a like stays immediate.	Tippe das Herz eines Kommentars innerhalb von %1$d Sekunden zweimal an. Auch ein Doppeltippen auf den Kommentar braucht ein zweites. Das Entfernen eines Likes bleibt sofort.
Tap a story's heart twice within %1$d seconds. Removing a like stays immediate.	Tippe das Herz einer Story innerhalb von %1$d Sekunden zweimal an. Das Entfernen eines Likes bleibt sofort.
Tap Repost on the bar under a video twice within %1$d seconds. A repost with a note is left alone.	Tippe innerhalb von %1$d Sekunden zweimal auf Reposten in der Leiste unter einem Video. Ein Repost mit Notiz bleibt unberührt.
Tap again to follow	Noch einmal tippen zum Folgen
Tap again to like	Noch einmal tippen zum Liken
Tap again to repost	Noch einmal tippen zum Reposten
Tap the feed Follow button twice within %1$d seconds.	Tippe die Folgen-Schaltfläche im Feed innerhalb von %1$d Sekunden zweimal an.
Tap the like heart twice within %1$d seconds. Removing a like stays immediate.	Tippe das Like-Herz innerhalb von %1$d Sekunden zweimal an. Das Entfernen eines Likes bleibt sofort.
Tap to start the feed	Zum Starten des Feeds tippen
Technical details	Technische Details
Technical details, %1$s	Technische Details, %1$s
That backup was written by a newer Hushfeed than this one. Nothing was altered.	Diese Sicherung stammt aus einem neueren Hushfeed als diesem. Es wurde nichts geändert.
That creator is already in the list	Dieser Creator ist bereits in der Liste
That creator pattern is too long to use, so it was skipped: %1$s	Dieses Kreator-Muster ist zu lang und wurde übersprungen: %1$s
That creator pattern is too long, so it wasn't added: %1$s	Dieses Kreator-Muster ist zu lang und wurde nicht hinzugefügt: %1$s
That file isn't a loaded-values export, or it's larger than the Lab accepts	Die Datei ist kein Export geladener Werte oder größer, als das Lab annimmt
That file isn't readable text, so it may have been damaged in transit. Nothing was altered.	Diese Datei ist kein lesbarer Text und wurde womöglich bei der Übertragung beschädigt. Es wurde nichts geändert.
That file is too large to be a settings backup. Nothing was altered.	Diese Datei ist zu groß für eine Einstellungssicherung. Es wurde nichts geändert.
That folder name has a character Android doesn't allow. Use letters, numbers, spaces or dashes.	Im Zielpfad steht ein unzulässiger Ordnername.
That is %1$d minutes today	Das sind %1$d Minuten heute
That is %1$d videos today	Das sind %1$d Videos heute
That isn't a Hushfeed settings backup. Nothing was altered.	Das ist keine Hushfeed-Einstellungssicherung. Es wurde nichts geändert.
That isn't an app name. Try something like com.example.downloader, or leave the box empty to keep saving in TikTok.	Das ist kein App-Name. Versuche etwas wie com.example.downloader, oder lass das Feld leer, damit weiter in TikTok gespeichert wird.
That is one minute today	Das ist eine Minute heute
That is one video today	Das ist ein Video heute
That list has too many entries. Keep it to %1$s or fewer.	Diese Liste enthält zu viele Einträge. Begrenze sie auf höchstens %1$s.
That list is too large. Keep it to %1$s KB or less.	Diese Liste ist zu groß. Begrenze sie auf höchstens %1$s KB.
That preset isn't recognized. Choose another.	Ungültige SIM-Vorlage.
That settings backup contains a feed rule list larger than Hushfeed accepts. Nothing was altered.	Diese Einstellungssicherung enthält eine Feed-Regelliste, die größer ist, als Hushfeed zulässt. Es wurde nichts geändert.
That settings backup holds a value Hushfeed can't read. Nothing was altered.	Diese Einstellungssicherung enthält einen Wert, den Hushfeed nicht lesen kann. Es wurde nichts geändert.
That settings backup holds more Feature Gate Lab rules than the Lab takes. Nothing was altered.	Diese Einstellungssicherung enthält mehr Feature-Gate-Lab-Regeln, als das Lab annimmt. Es wurde nichts geändert.
That settings backup is damaged or only partly downloaded. Nothing was altered.	Diese Einstellungssicherung ist beschädigt oder nur teilweise heruntergeladen. Es wurde nichts geändert.
That settings backup is incomplete, so it may have been cut short. Nothing was altered.	Diese Einstellungssicherung ist unvollständig und wurde womöglich abgeschnitten. Es wurde nichts geändert.
That settings change didn't go through. Nothing was altered.	Diese Änderung hat nicht geklappt. Es wurde nichts geändert.
That sticker is in a format Hushfeed can't read	Dieser Sticker liegt in einem Format vor, das Hushfeed nicht lesen kann
The Lab can't check this. TikTok gets it exactly as typed.	Das Lab kann das nicht prüfen. TikTok bekommt es genau so, wie du es tippst.
The Lab couldn't open. Go back and open it again.	Das Lab ließ sich nicht öffnen. Geh zurück und öffne es noch einmal.
The Lab keeps at most %1$s rules. This change would make %2$s, so nothing was changed.	Das Lab speichert höchstens %1$s Regeln. Diese Änderung würde %2$s ergeben, daher wurde nichts geändert.
The catalog says this key is %1$s and this override is %2$s. Reset the override and make a new one.	Der Katalog nennt für diesen Schlüssel %1$s, diese Überschreibung ist %2$s. Setze die Überschreibung zurück und leg eine neue an.
The diagnostic report couldn't be saved yet. Try again in a moment.	Der Diagnosebericht ließ sich noch nicht speichern. Versuche es gleich noch einmal.
The diagnostic report couldn't be saved. Try again.	Der Diagnosebericht ließ sich nicht speichern. Versuch es noch einmal.
The downloader app you chose isn't installed. Check Send links to another app under Downloads.	Die gewaehlte Downloader-App ist nicht installiert. Pruefe Links an andere App senden unter Downloads.
The feed dims over the last three quarters of a minute before the hold, so you arrive at it rather than land on it. Needs a time budget and a hold to arrive at.	Der Feed dunkelt in den letzten drei Viertelminuten vor der Sperre ab, damit man dort ankommt statt darauf zu landen. Braucht ein Zeitbudget und eine Sperre.
The feed doesn't end. This is a fine time to leave it.	Der Feed hört nicht auf. Jetzt ist ein guter Zeitpunkt zu gehen.
The feed is open again	Der Feed ist wieder offen
The feed waits for one tap before it starts playing again when you come back to the app. Messages, profiles and search are still one tap away.	Der Feed wartet auf ein Tippen, bevor er wieder abspielt, wenn du zur App zurückkehrst. Nachrichten, Profile und Suche bleiben einen Tipp entfernt.
The hour both budgets reset, on a 24 hour clock. Four in the morning by default, because someone still scrolling at one is having last night.	Die Stunde, zu der beide Limits zurückgesetzt werden, im 24-Stunden-Format. Standardmäßig vier Uhr morgens, denn wer um eins noch scrollt, hat immer noch gestern Abend.
Last change put back. Restart TikTok to apply all changes.	Letzte Änderung zurückgeholt. TikTok neu starten, um alle Änderungen zu übernehmen.
Last change put back. The Feature Gate Lab rules were for another TikTok version and were left out. Restart TikTok to apply all changes.	Letzte Änderung zurückgeholt. Die Regeln des Feature Gate Labs galten für eine andere TikTok-Version und wurden ausgelassen. TikTok neu starten, um alle Änderungen zu übernehmen.
Show only videos with this many comments.	Nur Videos mit so vielen Kommentaren zeigen.
Show only videos with this many favorites.	Nur Videos mit so vielen Favoriten zeigen.
Show only videos with this many likes.	Nur Videos mit so vielen Likes zeigen.
Show only videos with this many shares.	Nur Videos zeigen, die so oft geteilt wurden.
Show only videos with this many views.	Nur Videos mit so vielen Aufrufen zeigen.
The original photos aren't available, so TikTok's own save runs instead	Die Originalfotos sind nicht verfügbar, also speichert TikTok selbst
The original photos aren't available. No video was saved.	Die Originalfotos sind nicht verfügbar. Es wurde kein Video gespeichert.
The override changes no fields. Edit the field values, or reset the override.	Die Überschreibung ändert keine Felder. Bearbeite die Feldwerte oder setze die Überschreibung zurück.
The override couldn't be applied: %1$s. Edit the field values, or reset the override.	Die Überschreibung konnte nicht angewendet werden: %1$s. Bearbeite die Feldwerte oder setze die Überschreibung zurück.
The override doesn't say what list to return. Edit the field values, or reset the override.	Die Überschreibung gibt nicht an, welche Liste zurückgegeben werden soll. Bearbeite die Feldwerte oder setze die Überschreibung zurück.
The profile picture couldn't be saved. Try again.	Das Profilbild konnte nicht gespeichert werden.
The record of an interrupted settings change couldn't be read, so it was set aside. Check your settings.	Die Aufzeichnung einer unterbrochenen Einstellungsänderung ließ sich nicht lesen und wurde beiseitegelegt. Prüfe deine Einstellungen.
The report couldn't be saved. Try again.	Der Bericht konnte nicht gespeichert werden. Versuch es noch einmal.
The loaded-values file you chose couldn't be read. Try again.	Die gewählte Datei mit geladenen Werten ließ sich nicht lesen. Versuch es noch einmal.
The setting couldn't finish updating. Its saved value is shown.	Die Einstellung konnte nicht vollständig aktualisiert werden. Der gespeicherte Wert wird angezeigt.
The settings backup was rejected. Nothing was altered.	Die Einstellungssicherung wurde abgelehnt. Es wurde nichts geändert.
The smallest value is above the largest	Der kleinste Wert liegt über dem größten
The sound couldn't be saved. Try again.	Der Ton konnte nicht gespeichert werden. Versuch es noch einmal.
The sticker couldn't be saved. Try again.	Der Sticker konnte nicht gespeichert werden. Versuch es noch einmal.
The story couldn't be saved. Try again.	Die Story konnte nicht gespeichert werden.
The thumbs down on each comment blocks the commenter instead of disliking. The comment dims, an undo banner follows, and a second tap unblocks.	Der Daumen runter bei jedem Kommentar blockiert den Kommentator statt zu disliken. Der Kommentar wird gedimmt, ein Rückgängig-Banner folgt, und ein zweites Tippen entsperrt.
The video couldn't be saved. Try again, or choose Automatic.	Das Video konnte nicht gespeichert werden. Versuche es noch einmal oder wähle Automatisch.
There is no Lab change to undo.	Es gibt keine Lab-Änderung, die sich rückgängig machen ließe.
There is no diagnostic data to clear	Es gibt keine Diagnosedaten zum Löschen
There is no diagnostic data to put back	Es gibt keine Diagnosedaten zum Wiederherstellen
There was nothing to put back	Es gab nichts zurückzuholen
These loaded values are for a different TikTok version.	Diese geladenen Werte gehören zu einer anderen TikTok-Version.
This catalog entry is no longer available. Refresh the Lab and try again.	Dieser Katalogeintrag ist nicht mehr verfügbar. Das Labor aktualisieren und es erneut versuchen.
This change couldn't be saved. Try again.	Diese Änderung konnte nicht gespeichert werden. Versuche es erneut.
This configuration has no fields that can be copied and changed safely on this build.	Diese Konfiguration hat keine Felder, die sich in diesem Build gefahrlos kopieren und ändern lassen.
This file has more loaded values than the Lab takes at once.	Diese Datei enthält mehr geladene Werte, als das Lab auf einmal annimmt.
This file has no loaded values in it.	Diese Datei enthält keine geladenen Werte.
This file isn't a loaded-values export from the Feature Gate Lab.	Diese Datei ist kein Export geladener Werte aus dem Feature Gate Lab.
This gate type isn't supported.	Dieser Gate-Typ wird nicht unterstützt.
This line opens a rule and doesn't finish it: %1$s. Write two phrases as "a" & "b" for both, or "a" !& "b" for the first without the second.	Diese Zeile beginnt eine Regel und beendet sie nicht: %1$s. Schreib zwei Wendungen als "a" & "b" für beide oder als "a" !& "b" für die erste ohne die zweite.
This phone has no file picker, so there's no way to choose a file here	Dieses Telefon hat keine Dateiauswahl, hier lässt sich also keine Datei wählen
This phone has no folder picker. Type the folder into the row instead.	Dieses Telefon hat keine Ordnerauswahl. Den Ordner stattdessen in die Zeile eintippen.
This profile picture isn't available to save	Dieses Profilbild lässt sich nicht speichern
This quality isn't available as a complete file, so TikTok's own save runs instead	Diese Qualität gibt es nicht als vollständige Datei, also speichert TikTok selbst
This setting's value can't be copied on this build, so it can't be overridden. Reset the override.	Der Wert dieser Einstellung lässt sich in diesem Build nicht kopieren und deshalb nicht überschreiben. Setze die Überschreibung zurück.
This story isn't available to save	Diese Story lässt sich nicht speichern
This value is required.	Dieser Wert ist erforderlich.
This video has no link to copy	Dieses Video hat keinen Link zum Kopieren
This video has no link to send, so TikTok's own save runs instead	Dieses Video hat keinen Link zum Senden, also speichert TikTok selbst
This video has no original sound to save	Dieses Video hat keinen Originalsound zum Speichern
This video has no sound of its own	Dieses Video hat keinen eigenen Sound
Thumbs down blocks the commenter	Daumen runter blockiert den Kommentierenden
TikTok default	TikTok-Standard
TikTok default (hold to speed up, quick share)	TikTok-Standard (halten zum Beschleunigen, schnelles Teilen)
TikTok didn't block %1$s. Try again in a moment.	TikTok hat %1$s nicht blockiert. Versuch es gleich noch einmal.
TikTok didn't unblock %1$s. Try again in a moment.	TikTok hat die Blockierung von %1$s nicht aufgehoben. Versuch es gleich noch einmal.
TikTok didn't accept the feedback. Try again later.	TikTok hat die Rückmeldung nicht angenommen. Versuche es später noch einmal.
TikTok hasn't handed this setting an object to change yet. Open the part of the app that uses it, then come back.	TikTok hat dieser Einstellung noch kein Objekt zum Ändern übergeben. Öffne den Teil der App, der sie verwendet, und komm dann zurück.
TikTok read it	TikTok hat ihn gelesen
TikTok read it, but the override couldn't be applied. Reset it and save it again.	TikTok hat sie gelesen, aber die Überschreibung ließ sich nicht anwenden. Setze sie zurück und speichere sie noch einmal.
TikTok refused the follow: %1$s	TikTok hat das Folgen abgelehnt: %1$s
TikTok's own value	TikToks eigener Wert
TikTok's play and pause button and its previous and next buttons appear on the feed. TikTok otherwise shows them only to people who use a screen reader. TikTok's analytics note the row and each press on it.	TikToks Taste für Wiedergabe und Pause sowie die Tasten für das vorherige und das nächste Video erscheinen im Feed. Sonst zeigt TikTok sie nur Menschen, die einen Screenreader nutzen. TikToks Analyse erfasst die Leiste und jeden Druck darauf.
TikTok's server can put an account into an experiment that empties the Favorites tab on your profile. Keep the tab and its saved videos.	TikToks Server kann ein Konto in ein Experiment stecken, das den Favoriten-Tab im Profil leert. Behält den Tab und seine gespeicherten Videos.
TikTok's size	TikToks Groesse
Times you can open the feed anyway	Wie oft du den Feed trotzdem öffnen kannst
Wait a day to loosen the budget	Lockerungen des Budgets einen Tag warten lassen
A change that loosens the budget waits until the day starts over and one that tightens it applies at once. A higher budget or no budget loosens it. So do a shorter hold and more times to open the feed anyway. Moving the hour the day starts and turning this off wait too. A restored backup follows the same rule and Start today over is off while this is on.	Eine Änderung, die das Budget lockert, wartet, bis der Tag neu beginnt, und eine, die es verschärft, gilt sofort. Ein höheres Budget oder gar keins lockert es. Das tun auch eine kürzere Haltezeit und mehr Möglichkeiten, den Feed trotzdem zu öffnen. Eine andere Stunde für den Tagesbeginn und das Ausschalten dieser Option warten ebenfalls. Eine wiederhergestellte Sicherung folgt derselben Regel, und Heute neu beginnen ist aus, solange dies an ist.
Changes to %1$s at %2$s	Ändert sich um %2$s auf %1$s
Turns off at %1$s	Schaltet sich um %1$s aus
That loosens the budget. It waits until %1$s.	Das lockert das Budget. Es wartet bis %1$s.
Today can't start over while Wait a day to loosen the budget is on. The day starts over at %1$s.	Heute kann nicht neu beginnen, solange Lockerungen des Budgets einen Tag warten lassen an ist. Der Tag beginnt um %1$s neu.
Wait a day to loosen the budget is on, so Hushfeed stays on	Lockerungen des Budgets einen Tag warten lassen ist an, daher bleibt Hushfeed an
Today has moved on, so there's nothing to put back	Der Tag ist weitergezogen, es gibt nichts zurückzuholen
Today is back where it was	Der heutige Tag ist wieder wie zuvor
Today started over. Tap again to put the counts back.	Heute wurde neu gestartet. Zum Zurücksetzen der Zähler erneut tippen.
Today starts again	Heute beginnt neu
Today's budget is locked. The day starts over at %1$s.	Das heutige Budget ist gesperrt. Der Tag beginnt um %1$s von vorn.
Today's budget is locked. The feed opens again at %1$s. Messages, profiles and search still work.	Das heutige Budget ist gesperrt. Der Feed öffnet wieder um %1$s. Nachrichten, Profile und Suche funktionieren weiterhin.
Today's budget is locked. This can be changed again at %1$s.	Das heutige Budget ist gesperrt. Änderungen sind wieder ab %1$s möglich.
Today: %1$d minute	Heute: %1$d Minute
Today: %1$d minutes	Heute: %1$d Minuten
Today: %1$d video	Heute: %1$d Video
Today: %1$d videos	Heute: %1$d Videos
Tokens: {creator}, {date}, {video_id}, {index}. {index} numbers the photos of a slideshow you save with Download original photos. Anything saved through TikTok's own button is numbered by the folder instead. The file extension is kept automatically.	Platzhalter: {creator}, {date}, {video_id}, {index}. {index} nummeriert die Fotos einer Bilderfolge, die du mit Originalfotos herunterladen speicherst; alles über TikToks eigenen Knopf nummeriert stattdessen der Ordner. Die Dateiendung bleibt automatisch erhalten.
Tokens: {date}, {media_id}. Works for image and video stickers.	Platzhalter: {date}, {media_id}. Gilt für Bild- und Video-Sticker.
Too many media saves are already running. Try again in a moment.	Es laufen bereits zu viele Medienspeicherungen. Versuche es gleich noch einmal.
Tracking	Tracking
Tracking, device access and links	Tracking, Gerätezugriff und Links
Translate comments as they load, using TikTok's own translator.	Kommentare beim Laden übersetzen, mit TikToks eigenem Übersetzer.
Transparent	Transparent
Try a different word or clear the search.	Versuche ein anderes Wort oder lösche die Suche.
Try again, or go back to TikTok.	Versuche es erneut oder kehre zu TikTok zurück.
Turn on %1$s first.	Zuerst %1$s einschalten.
Put %1$s in %2$s first.	Trag zuerst %1$s in %2$s ein.
Turn on overrides	Überschreibungen einschalten
Turned off %1$d gates of %2$d. The rest don't take a true or false value. Restart TikTok to apply this.	%1$d von %2$d Schaltern ausgeschaltet. Die übrigen nehmen kein true oder false. TikTok neu starten, damit das gilt.
Turned off %1$d gates. Restart TikTok to apply this.	%1$d Schalter ausgeschaltet. TikTok neu starten, damit das gilt.
Turned off 1 gate of %2$d. The rest don't take a true or false value. Restart TikTok to apply this.	1 von %2$d Schaltern ausgeschaltet. Die übrigen nehmen kein true oder false. TikTok neu starten, damit das gilt.
Turned off 1 gate. Restart TikTok to apply this.	1 Schalter ausgeschaltet. TikTok neu starten, damit das gilt.
Two letters, like us, gb or jp.	Zwei Buchstaben, etwa us, gb oder jp.
Type	Typ
Start typing	Tippe zum Suchen
Unavailable	Nicht verfügbar
Unblock this commenter	Blockierung dieses Kommentierenden aufheben
Unblocked %1$s	%1$s entblockt
Couldn't confirm the unblock for %1$s. Open their profile to check.	Die Aufhebung der Blockierung von %1$s konnte nicht bestätigt werden. Öffne das Profil, um nachzusehen.
Undo	Rückgängig
Undo clearing seen videos	Löschen der gesehenen Videos rückgängig machen
Undo last Lab change	Letzte Lab-Änderung rückgängig machen
Undo last restore or reset	Letzte Wiederherstellung oder Zurücksetzung rückgängig machen
Undoing the last change	Die letzte Änderung wird rückgängig gemacht
Until you choose here, this sheet follows your choices under Hide share actions.	Bis du hier eine Auswahl triffst, folgt dieses Menü deinen Einstellungen unter „Share-Aktionen ausblenden“.
Up to %1$d speeds from %2$s to %3$s, separated by commas. Example: 0.5, 1, 1.5, 2, 2.5, 3. Leave empty for TikTok's list. Restart TikTok to apply this.	Bis zu %1$d Geschwindigkeiten von %2$s bis %3$s, durch Kommas getrennt. Beispiel: 0.5, 1, 1.5, 2, 2.5, 3. Leer lassen für TikToks Liste. TikTok neu starten, damit das gilt.
Use 0 for TikTok's size, or %1$d to %2$d. Applies to the next caption.	0 für TikToks Größe, sonst %1$d bis %2$d. Gilt ab dem nächsten Untertitel.
Use TikTok's own hold, pull down and release gesture to keep playing at the hold speed, 2x unless Playback sets another.	TikToks eigene Geste „Halten, nach unten ziehen, loslassen“ verwenden, um bei der Geschwindigkeit zu bleiben, die beim Halten gilt. Das ist 2x, sofern unter Wiedergabe keine andere eingestellt ist.
Use a default playback speed	Standardgeschwindigkeit verwenden
Use non-personalized search	Nicht personalisierte Suche verwenden
Use system font	Systemschrift verwenden
Use the preset for the region TikTok reports for your account and its shop too. May affect search.	Die Vorlage auch für die Region verwenden, die TikTok für dein Konto und seinen Shop meldet. Kann die Suche beeinflussen.
Use the selected country and operator values. This changes what the SIM says and nothing else: your IP address, your account's history and the language you read in are all unchanged, and any one of them is enough for TikTok to keep the region it already chose. Restart TikTok to apply this.	Das gewählte Land und die Anbieterwerte verwenden. Das ändert nur, was die SIM meldet: deine IP-Adresse, der Verlauf deines Kontos und die Sprache, in der du liest, bleiben gleich, und eines davon reicht TikTok schon, um bei der bisherigen Region zu bleiben. TikTok neu starten, damit das gilt.
Use the selected country. This changes what the SIM says and nothing else: your IP address, your account's history and the language you read in are all unchanged, and any one of them is enough for TikTok to keep the region it already chose. Restart TikTok to apply this.	Das gewählte Land verwenden. Das ändert nur, was die SIM meldet: deine IP-Adresse, der Verlauf deines Kontos und die Sprache, in der du liest, bleiben gleich, und eines davon reicht TikTok schon, um bei der bisherigen Region zu bleiben. TikTok neu starten, damit das gilt.
Use the split layout on wider screens. Restart TikTok to apply this. If the old layout is still there, unfold again.	Auf breiteren Bildschirmen das geteilte Layout verwenden. TikTok neu starten, damit das gilt. Ist das alte Layout noch da, klapp erneut auf.
Use value	Wert verwenden
Use your own offline videos limit	Eigene Grenze für Offline-Videos verwenden
Using TikTok's value	TikToks Wert wird verwendet
Value	Wert
Value to return	Zurückgegebener Wert
Verified accounts	Verifizierte Konten
Version %1$s	Version %1$s
Version %1$s for TikTok %2$s	Version %1$s für TikTok %2$s
Video	Video
Video (MP4)	Video (MP4)
Video destination	Speicherort für Videos
Video download quality	Qualität für Video-Downloads
Video filename	Dateiname für Videos
Video info	Videoinfo
Video playback quality	Wiedergabequalität
Video saved	Video gespeichert
Video saved in %1$s, but only %2$s of %3$s subtitles came with it	Video in %1$s gespeichert, aber nur %2$s von %3$s Untertiteln sind mitgekommen
Video saved with %1$s subtitles in %2$s	Video mit %1$s Untertiteln in %2$s gespeichert
Wait before hiding the controls.	Wartezeit, bevor die Bedienelemente ausgeblendet werden.
Watching and sharing	Ansehen und Teilen
WebP, exactly as TikTok sent it	WebP, genau so wie TikTok es geschickt hat
What TikTok gets	Was TikTok erhält
When TikTok requests this key, return the selected value below	Wenn TikTok diesen Schlüssel abfragt, den unten gewählten Wert zurückgeben
When a video ends in full screen, stay on it instead of moving to the next one. Swiping still moves on.	Wenn ein Video im Vollbild endet, bleibt es stehen, statt zum nächsten zu wechseln. Wischen führt weiterhin weiter.
While diagnostic logging is on, a message names the part of Hushfeed that failed. Off keeps failures in the report only.	Solange die Diagnoseprotokollierung läuft, nennt eine Meldung den Teil von Hushfeed, der fehlgeschlagen ist. Aus behält Fehler nur im Bericht.
Window width needed to enable the layout. Restart TikTok to apply this.	Fensterbreite, ab der das Layout gilt. TikTok neu starten, damit das gilt.
Words, countries and languages	Wörter, Länder und Sprachen
Write the video's sound beside it as an .m4a. Android 10 and later file audio separately, so it lands in Music under the same folder name as your videos.	Den Ton des Videos daneben als .m4a speichern. Ab Android 10 wird Audio getrennt abgelegt, also landet die Datei unter Music im Ordner mit dem Namen deines Videoordners.
YTDLnis background mode	YTDLnis-Hintergrundmodus
YTDLnis download type	YTDLnis-Downloadtyp
Yes	Ja
Your feed	Dein Feed
Your filters hid everything TikTok just sent. Most were %1$s.	Deine Filter haben alles ausgeblendet, was TikTok gerade geschickt hat. Das meiste war %1$s.
Your filters hid everything TikTok sent, %1$d times in a row. Most were %2$s.	Deine Filter haben %1$d Mal hintereinander alles ausgeblendet, was TikTok geschickt hat. Das meiste war %2$s.
Your operator's name, like T-Mobile.	Der Name deines Anbieters, etwa T-Mobile.
Your operator's numeric code, like 310260.	Der Zahlencode deines Anbieters, etwa 310260.
Zero leaves the way out of the hold there every time, which is what it has always done. Anything else is how many times a day it works, and once they are gone the hold stays up until the day starts over. Ignored while the budget is locked, which takes the way out away entirely.	Null lässt den Ausweg aus der Pause jedes Mal stehen, so wie bisher. Alles andere ist die Anzahl der Male pro Tag, die er funktioniert, und wenn sie aufgebraucht sind, bleibt die Pause bestehen, bis der Tag neu beginnt. Wird ignoriert, solange das Limit gesperrt ist, denn das nimmt den Ausweg ganz weg.
Zero means no limit. Counts the videos Hushfeed advanced past for you, not the ones you swiped yourself, and starts again when the feed is rebuilt or you change this number.	Null bedeutet kein Limit. Zählt die Videos, die Hushfeed für dich weitergeschaltet hat, nicht die, die du selbst weggewischt hast, und beginnt neu, wenn der Feed neu aufgebaut wird oder du diese Zahl änderst.
Zero shows the notice and leaves the feed alone. Anything else covers the feed for that many minutes once a budget is reached. Messages, profiles and search keep working, and nothing in the feed is thrown away.	Null zeigt den Hinweis und lässt den Feed in Ruhe. Alles andere legt sich für so viele Minuten über den Feed, sobald ein Limit erreicht ist. Nachrichten, Profile und Suche funktionieren weiter, und nichts im Feed geht verloren.
Zero switches this off. A short reminder after that many minutes of watching, and again after the same again. Time on messages, a profile or search doesn't count, and nothing is shown while the feed is on hold.	Null schaltet das aus. Eine kurze Erinnerung nach so vielen Minuten Zuschauen und danach jeweils wieder. Zeit in Nachrichten, auf einem Profil oder in der Suche zählt nicht, und während der Feed pausiert ist, wird nichts angezeigt.
Zero switches this off. Count every video that comes up in the feed, however you got to it, and say so once the count is reached. This is separate from the auto-advance session limit under Playback, which only counts videos Hushfeed itself advanced past.	Null schaltet das aus. Zählt jedes Video, das im Feed auftaucht, egal wie du dort gelandet bist, und sagt Bescheid, sobald die Zahl erreicht ist. Das ist unabhängig vom Sitzungslimit für automatisches Weiterblättern unter Wiedergabe, das nur Videos zählt, die Hushfeed selbst weitergeschaltet hat.
Zero switches this off. Count the minutes the player spends running in the feed. Time on messages, a profile or search doesn't count.	Null schaltet das aus. Zählt die Minuten, die der Player im Feed läuft. Zeit in Nachrichten, auf einem Profil oder in der Suche zählt nicht.
collapsed	Eingeklappt
expanded	Ausgeklappt
Already active	Bereits aktiv
Applying Calm feed	„Ruhiger Feed“ wird angewendet
Calm feed	Ruhiger Feed
Calm feed couldn't be applied. Nothing was changed.	„Ruhiger Feed“ konnte nicht angewendet werden. Es wurde nichts geändert.
Calm feed couldn't start. Try again in a moment.	„Ruhiger Feed“ konnte nicht gestartet werden. Versuche es gleich noch einmal.
Calm feed is on. Restart TikTok to apply all changes.	„Ruhiger Feed“ ist aktiv. Starte TikTok neu, um alle Änderungen anzuwenden.
Calm feed is on.	„Ruhiger Feed“ ist aktiv.
Changed	Geändert
Hide ads, Shop posts, LIVE videos and replays, promotional music, and paid partnerships.	Blendet Werbung, Shop-Beiträge, LIVE-Videos und Wiederholungen, Werbemusik und bezahlte Partnerschaften aus.
On	Aktiv
On. Restore puts back the feed setup you had before.	Aktiv. Mit „Wiederherstellen“ wird deine vorherige Feed-Einrichtung zurückgesetzt.
Preset	Voreinstellung
Quick setup	Schnelleinrichtung
Restore setup	Einrichtung wiederherstellen
Restoring setup	Einrichtung wird wiederhergestellt
Some Calm feed settings changed. Restore still puts back your earlier setup.	Einige Einstellungen für „Ruhiger Feed“ wurden geändert. Mit „Wiederherstellen“ kehrst du trotzdem zu deiner vorherigen Einrichtung zurück.
Use Calm feed	„Ruhiger Feed“ verwenden
Working	Wird verarbeitet
Your current settings already match Calm feed.	Deine aktuellen Einstellungen entsprechen bereits „Ruhiger Feed“.
Your previous feed setup couldn't be restored. Nothing was changed.	Deine vorherige Feed-Einrichtung konnte nicht wiederhergestellt werden. Es wurde nichts geändert.
Your previous feed setup is back. Restart TikTok to apply all changes.	Deine vorherige Feed-Einrichtung ist wiederhergestellt. Starte TikTok neu, um alle Änderungen anzuwenden.
Your previous feed setup is back.	Deine vorherige Feed-Einrichtung ist wiederhergestellt.
Hide search suggestions above comments	Suchvorschläge über Kommentaren ausblenden
Compact comment header	Kompakte Kommentar-Kopfzeile
Easier comment likes	Kommentare leichter liken
Hide the Full screen button	Vollbild-Schaltfläche ausblenden
Hide the Full screen button over videos. Playback and automatic rotation keep working as before.	Blende die Vollbild-Schaltfläche über Videos aus. Wiedergabe und automatische Drehung funktionieren wie bisher.
Hide location labels	Ortsangaben ausblenden
Hide the search bar below videos	Suchleiste unter Videos ausblenden
Hide the suggested-search strip above the bottom tabs and let video details and side controls use its space. The top search button and comments stay unchanged.	Die Suchvorschlagsleiste über den unteren Tabs ausblenden, damit Videodetails und seitliche Bedienelemente den Platz nutzen können. Die Suchschaltfläche oben und die Kommentare bleiben unverändert.
Hide place badges on videos, including cards with multiple places. Videos and your location permissions stay unchanged.	Blende Ortsangaben in Videos aus, auch Karten mit mehreren Orten. Videos und deine Standortberechtigungen bleiben unverändert.
Hide effect and template tags	Effekt- und Vorlagen-Tags ausblenden
Hide the tags above a video's description that invite you to try an effect, a template, CapCut or an AI style. Location labels and the music line have their own switches.	Blendet die Tags über der Beschreibung eines Videos aus, die dich einladen, einen Effekt, eine Vorlage, CapCut oder einen KI-Stil auszuprobieren. Ortsangaben und die Musikzeile haben eigene Schalter.
Filter location-tagged videos	Videos mit Ortsangaben filtern
Hide feed videos with place badges, even when they aren't paid ads. To keep the video and hide only its badge, use Hide location labels in Feed screen.	Feed-Videos mit Ortsangaben ausblenden, auch wenn sie keine bezahlte Werbung sind. Wenn du das Video behalten und nur die Ortsangabe ausblenden möchtest, nutze Ortsangaben ausblenden unter Feed-Anzeige.
Location-tagged videos	Videos mit Ortsangaben
Extend the heart's touch area into nearby blank space. The icon and row spacing stay the same. Text, Reply and other controls keep their own space.	Vergrößere den Tippbereich des Herzens in den freien Platz daneben. Symbol und Zeilenabstand bleiben gleich. Text, Antworten und andere Bedienelemente behalten ihren eigenen Bereich.
Start with comments. Hide the comment count, sort and close buttons, plus the suggestion area above them. Use Back or swipe down to close comments.	Beginne direkt mit den Kommentaren. Blende die Kommentaranzahl, Sortier- und Schließen-Schaltflächen sowie den Vorschlagsbereich darüber aus. Schließe die Kommentare mit Zurück oder durch Wischen nach unten.
Hide TikTok's "Search: ..." banner above the comment count. This doesn't hide the comments or Hushfeed's comment-search box.	Blende TikToks Banner „Suchen: ...“ über der Kommentaranzahl aus. Die Kommentare und das Hushfeed-Suchfeld für Kommentare bleiben sichtbar.
Hide the Report button on videos	Melden-Schaltfläche auf Videos ausblenden
Hide the flag button TikTok puts above the creator's picture in some regions. You can still report a video from the share menu.	Blendet die Flaggen-Schaltfläche aus, die TikTok in manchen Regionen über dem Bild des Creators zeigt. Melden kannst du ein Video weiterhin über das Teilen-Menü.
Hide search rewards	Such-Prämien ausblenden
Hide the points banner under the search box and the coin counter floating over search results, which TikTok shows in some regions. Searching works as before.	Blendet das Punkte-Banner unter dem Suchfeld und den schwebenden Münzzähler über den Suchergebnissen aus, die TikTok in manchen Regionen zeigt. Die Suche funktioniert wie bisher.
%1$s hid everything TikTok sent, %2$d times in a row. Turn it off if that's not what you wanted.	%1$s hat %2$d Mal hintereinander alles ausgeblendet, was TikTok geschickt hat. Schalte es aus, wenn du das nicht wolltest.
Show the switch	Schalter anzeigen


this creator	dieser Creator

%1$s day	%1$s Tag
%1$s days	%1$s Tage
%1$s dp	%1$s dp
%1$s millisecond	%1$s Millisekunde
%1$s milliseconds	%1$s Millisekunden
%1$s minute	%1$s Minute
%1$s minutes	%1$s Minuten
%1$s point	%1$s Punkt
%1$s points	%1$s Punkte
%1$s s	%1$s s
%1$s second	%1$s Sekunde
%1$s seconds	%1$s Sekunden
%1$s time	%1$s Mal
%1$s times	%1$s Mal
%1$s video	%1$s Video
%1$s videos	%1$s Videos
%1$s view per comment	%1$s Aufruf pro Kommentar
%1$s views per comment	%1$s Aufrufe pro Kommentar
%1$s view per like	%1$s Aufruf pro Like
%1$s views per like	%1$s Aufrufe pro Like
%1$s, %2$s, %3$s or %4$s	%1$s, %2$s, %3$s oder %4$s
%1$s, %2$s or %3$s	%1$s, %2$s oder %3$s
TikTok refused the follow with code %1$s	TikTok hat das Folgen mit Code %1$s abgelehnt
TikTok refused the follow with code %1$s. A hidden CAPTCHA may be the cause.	TikTok hat das Folgen mit Code %1$s abgelehnt. Ein ausgeblendetes CAPTCHA kann die Ursache sein.
TikTok refused the follow: %1$s A hidden CAPTCHA may be the cause.	TikTok hat das Folgen abgelehnt: %1$s Ein ausgeblendetes CAPTCHA kann die Ursache sein.
Hushfeed is paused	Hushfeed ist pausiert
TikTok runs as if it weren't patched. Your settings stay as they are.	TikTok läuft, als wäre es nicht gepatcht. Deine Einstellungen bleiben, wie sie sind.
TikTok closed three times within a minute of starting, so Hushfeed paused itself. Your settings stay as they are.	TikTok wurde dreimal innerhalb einer Minute nach dem Start beendet, deshalb hat sich Hushfeed selbst pausiert. Deine Einstellungen bleiben, wie sie sind.
A file named hushfeed-safe-mode in TikTok's folder under Android/data paused Hushfeed. Your settings stay as they are.	Eine Datei namens hushfeed-safe-mode im TikTok-Ordner unter Android/data hat Hushfeed pausiert. Deine Einstellungen bleiben, wie sie sind.
Turn Hushfeed back on	Hushfeed wieder einschalten
Pause Hushfeed	Hushfeed pausieren
From the next start TikTok runs as if it weren't patched, so you can tell whether a problem comes from Hushfeed. Your settings stay as they are.	Ab dem nächsten Start läuft TikTok, als wäre es nicht gepatcht, damit du erkennst, ob ein Problem von Hushfeed kommt. Deine Einstellungen bleiben, wie sie sind.
Hushfeed turns back on when TikTok restarts.	Hushfeed ist wieder aktiv, sobald TikTok neu startet.
The file hushfeed-safe-mode couldn't be removed. Delete it from TikTok's folder under Android/data to turn Hushfeed back on.	Die Datei hushfeed-safe-mode konnte nicht entfernt werden. Lösche sie im TikTok-Ordner unter Android/data, um Hushfeed wieder einzuschalten.
Hide TikTok Shop in search	TikTok Shop in der Suche ausblenden
Hide the Products block and product cards in search results.	Den Produkte-Block und Produktkarten in den Suchergebnissen ausblenden.
Hide TikTok's Auto scroll button	TikToks Auto-Scroll-Schaltfläche ausblenden
Takes TikTok's own Auto scroll action out of the video panel. Auto-advance keeps working.	Entfernt TikToks eigene Auto-Scroll-Aktion aus dem Videomenü. Videos werden weiterhin automatisch weitergeschaltet.
Hide the unread badges on the bottom tabs	Ungelesen-Abzeichen auf den unteren Tabs ausblenden
Hide the red counts and dots on every bottom tab, Inbox and Profile included. The inbox itself still shows what came in.	Blendet die roten Zähler und Punkte auf allen unteren Tabs aus, Posteingang und Profil eingeschlossen. Der Posteingang selbst zeigt weiterhin, was angekommen ist.
Speed while you hold the video	Geschwindigkeit, solange du das Video gedrückt hältst
Hide mini dramas	Mini-Dramen ausblenden
Hide TikTok's short drama episodes and the cards that promote them.	TikToks kurze Drama-Folgen und die Karten, die dafür werben, ausblenden.
Mini dramas	Mini-Dramen
Swipe left	Nach links wischen
TikTok default (open the creator's profile)	TikTok-Standard (Profil des Creators öffnen)
Saving %1$s of %2$s	Datei %1$s von %2$s wird gespeichert
Stopping after this file	Wird nach dieser Datei beendet
Waiting to save %1$s files	%1$s Dateien warten auf das Speichern
Waiting to save one file	Eine Datei wartet auf das Speichern
Save cancelled. Nothing was saved.	Speichern abgebrochen. Es wurde nichts gespeichert.
The server asked us to wait. Try again later.	Der Server hat uns gebeten zu warten. Versuch es später noch einmal.
Saved %1$s of %2$s. The server asked us to wait. Try again later.	%1$s von %2$s gespeichert. Der Server hat uns gebeten zu warten. Versuch es später noch einmal.
One more save waiting	Eine weitere Speicherung wartet
%1$s more saves waiting	%1$s weitere Speicherungen warten
Starts after one other save	Startet nach einer anderen Speicherung
Starts after %1$s other saves	Startet nach %1$s anderen Speicherungen
# context: the banner the next start shows when TikTok closed before some saves ended. A heading, then one line per save: the kind of save, a colon, and how many of its files didn't finish. It must not promise the save will carry on by itself.
TikTok closed during these saves	TikTok wurde während dieser Speicherungen geschlossen
%1$s: didn't finish	%1$s: nicht fertig geworden
%1$s: one of %3$s files didn't finish	%1$s: eine von %3$s Dateien nicht fertig geworden
%1$s: %2$s of %3$s files didn't finish	%1$s: %2$s von %3$s Dateien nicht fertig geworden
%1$s: might not have finished	%1$s: möglicherweise nicht fertig geworden
%1$s: one of %3$s files might not have finished	%1$s: eine von %3$s Dateien möglicherweise nicht fertig geworden
%1$s: %2$s of %3$s files might not have finished	%1$s: %2$s von %3$s Dateien möglicherweise nicht fertig geworden
And one more save	Und eine weitere Speicherung
And %1$s more saves	Und %1$s weitere Speicherungen
Original photos	Originalfotos
Story	Story
Original sound	Originalsound
Profile picture	Profilbild
Live photo clip	Clip des Live-Fotos
Media save	Medienspeicherung
Saved %1$s of %2$s, the rest cancelled	%1$s von %2$s gespeichert, der Rest abgebrochen
Saved %1$s of %2$s, %3$s skipped	%1$s von %2$s gespeichert, %3$s übersprungen
Saved %1$s of %2$s, %3$s skipped and the rest cancelled	%1$s von %2$s gespeichert, %3$s übersprungen und der Rest abgebrochen
None of the photos could be saved. Try again.	Keines der Fotos konnte gespeichert werden. Versuche es erneut.
Saved %1$s of %2$s, the rest need more free space	%1$s von %2$s gespeichert, für den Rest fehlt freier Speicher
Saved %1$s of %2$s, the rest ran out of time	%1$s von %2$s gespeichert, für den Rest reichte die Zeit nicht
Live photo clip saved to %1$s	Live-Foto-Clip gespeichert in %1$s
The live photo's clip couldn't be saved. Try again.	Der Clip des Live-Fotos konnte nicht gespeichert werden. Versuche es erneut.
Creator exceptions	Creator-Ausnahmen
An exception names one creator, so a pattern can't be one: %1$s	Eine Ausnahme nennt einen Creator, ein Muster kann also keine sein: %1$s
An exception takes a handle or id, not a display name: %1$s	Eine Ausnahme braucht einen Konto-Namen oder eine ID, keinen Anzeigenamen: %1$s
Also on a block list, so still hidden: %1$s	Steht auch auf einer Sperrliste und bleibt daher ausgeblendet: %1$s
Find the sound on YouTube Music	Den Sound auf YouTube Music suchen
YouTube Music isn't installed	YouTube Music ist nicht installiert
This video's sound has no title to look for	Der Sound dieses Videos hat keinen Titel, nach dem gesucht werden könnte
YouTube Music couldn't be opened. Open it yourself and search for the sound.	YouTube Music konnte nicht geöffnet werden. Öffne es selbst und suche nach dem Sound.
Allow storage for TikTok in Android settings to save the live photo's clip	Erlaube TikTok in den Android-Einstellungen den Speicherzugriff, um den Clip des Live-Fotos zu speichern
This is the video's own sound, so YouTube Music won't have it	Das ist der eigene Sound des Videos, YouTube Music hat ihn also nicht
Not a handle or id, so ignored: %1$s	Kein Konto-Name und keine ID, daher ignoriert: %1$s
What's new	Neu in Hushfeed
Changes in Hushfeed %1$s	Änderungen in Hushfeed %1$s
Reviewed presets	Geprüfte Vorlagen
Show See translation	Übersetzung anzeigen einblenden
Reviewed for TikTok %1$s	Geprüft für TikTok %1$s
%1$s (TikTok %2$s)	%1$s (TikTok %2$s)
Value: %1$s to %2$s	Wert: %1$s zu %2$s
The presets couldn't load. Open the Lab again.	Die Vorlagen konnten nicht geladen werden. Öffne das Lab erneut.
Apply enables these overrides. Undo last Lab change puts your previous rules back until you change anything else in the Lab.	Anwenden aktiviert diese Überschreibungen. „Letzte Lab-Änderung rückgängig machen“ holt deine bisherigen Regeln zurück, bis du im Lab etwas anderes änderst.
Apply saves these overrides. Turn on overrides in the Lab to use them. Turning them on is a Lab change too, so after that Undo turns them off rather than putting your previous rules back.	Anwenden speichert diese Überschreibungen. Aktiviere Überschreibungen im Lab, um sie zu nutzen. Das Einschalten ist auch eine Lab-Änderung, danach schaltet „Rückgängig“ sie also wieder aus, statt deine bisherigen Regeln zurückzuholen.
This preset isn't available for your installed TikTok version.	Diese Vorlage ist für deine installierte TikTok-Version nicht verfügbar.
Preset applied. Restart TikTok to use it.	Vorlage angewendet. Starte TikTok neu, um sie zu nutzen.
Preset saved. Turn on overrides in the Lab to use it.	Vorlage gespeichert. Aktiviere Überschreibungen im Lab, um sie zu nutzen.
This preset doesn't match the installed gates. Nothing changed.	Diese Vorlage passt nicht zu den installierten Gates. Nichts wurde geändert.
About overrides	Über Überschreibungen
Tokens: {creator}, {date}, {video_id}. Start with {creator}/ to give each creator a folder. The file extension is kept automatically.	Platzhalter: {creator}, {date}, {video_id}. Beginne mit {creator}/, damit jeder Ersteller einen eigenen Ordner erhält. Die Dateiendung bleibt automatisch erhalten.
Save details beside the video	Details neben dem Video speichern
Save the caption, creator, link and publication date in a TXT file. On Android 10 and later, the pair uses Download or Documents under the same folder name. Applies to saves handled here.	Speichere Beschreibung, Ersteller, Link und Veröffentlichungsdatum als TXT. Ab Android 10 liegen beide Dateien unter demselben Ordnernamen in Download oder Documents. Gilt für hier gespeicherte Videos.
Check for already-saved videos	Bereits gespeicherte Videos prüfen
Forget saved videos	Gespeicherte Videos vergessen
Undo forgetting saved videos	Vergessen der gespeicherten Videos rückgängig machen
Forget which videos Hushfeed saved here, so the already-saved check starts over. The saved files and your settings stay. Turning the check off doesn't erase this record.	Vergisst, welche Videos Hushfeed hier gespeichert hat, damit die Prüfung auf bereits gespeicherte Videos neu beginnt. Die gespeicherten Dateien und deine Einstellungen bleiben. Die Prüfung auszuschalten löscht diese Liste nicht.
Forgetting saved videos	Gespeicherte Videos werden vergessen
Putting the saved videos back	Gespeicherte Videos werden zurückgeholt
Forgotten. Tap to put them back.	Vergessen. Tippe, um sie zurückzuholen.
Saved videos forgotten. The files are still there.	Gespeicherte Videos vergessen. Die Dateien sind noch da.
There were no saved videos to forget	Es gab keine gespeicherten Videos zum Vergessen
Couldn't forget the saved videos. Try again.	Die gespeicherten Videos konnten nicht vergessen werden. Versuch es erneut.
Saved videos put back	Gespeicherte Videos zurückgeholt
Couldn't put the saved videos back. Try again.	Die gespeicherten Videos konnten nicht zurückgeholt werden. Versuch es erneut.
Too late to put the saved videos back	Zu spät, um die gespeicherten Videos zurückzuholen
Remember up to %1$s video saves made here while this is on. If the file still exists, offer Open or Save again before downloading another copy.	Merke dir bis zu %1$s Videos, die hier bei aktivierter Option gespeichert werden. Existiert die Datei noch, erscheint vor einem erneuten Download die Wahl Öffnen oder Erneut speichern.
This video is already saved. Open TikTok to save another copy.	Dieses Video ist bereits gespeichert. Öffne TikTok, um eine weitere Kopie zu speichern.
This video is already saved	Dieses Video ist bereits gespeichert
Save again	Erneut speichern
The saved-video choice couldn't open. Try again.	Die Auswahl zum gespeicherten Video konnte nicht geöffnet werden. Versuch es erneut.
The saved-video choice is still open	Die Auswahl zum gespeicherten Video ist noch offen
This video isn't available as a complete file. Try again later.	Dieses Video ist nicht als vollständige Datei verfügbar. Versuch es später erneut.
Saving video to %1$s	Video wird in %1$s gespeichert
Video and details saved to %1$s	Video und Details in %1$s gespeichert
The video was saved, but its record couldn't be updated. A later save may make another copy.	Das Video wurde gespeichert, sein Eintrag konnte aber nicht aktualisiert werden. Ein erneutes Speichern kann eine weitere Kopie erstellen.
The already-saved check failed. Try again.	Die Prüfung bereits gespeicherter Videos ist fehlgeschlagen. Versuch es erneut.
Show download progress	Downloadfortschritt anzeigen
Show a progress bar while a video saves.	Beim Speichern eines Videos einen Fortschrittsbalken anzeigen.
Saving video	Video wird gespeichert
Waiting to save video	Video wartet auf das Speichern
Saving video: %1$s	Video wird gespeichert: %1$s
Saving %1$s of %2$s: %3$s	%1$s von %2$s wird gespeichert: %3$s
Couldn't save the change. Try again.	Die Änderung konnte nicht gespeichert werden. Versuch es erneut.
Off. TikTok can report views and typing.	Aus. TikTok kann Aufrufe und Tippaktivität melden.
Hushfeed is paused. Ghost mode isn't active.	Hushfeed ist pausiert. Der Geistermodus ist nicht aktiv.
Problem detected. Story views may still be reported. Check Ghost mode diagnostics. The warning stays until TikTok restarts.	Problem erkannt. Story-Aufrufe werden möglicherweise weiterhin gemeldet. Öffne die Diagnose des Geistermodus. Die Warnung bleibt bis zum Neustart von TikTok.
Reporting calls were blocked here. Viewer-list privacy hasn't been verified. Online status is unchanged.	Meldeaufrufe wurden hier blockiert. Ob du in der Zuschauerliste verborgen bleibst, wurde nicht geprüft. Der Onlinestatus bleibt unverändert.
On. No reporting call has been observed in this process. Online status is unchanged.	Ein. In diesem Prozess wurde noch kein Meldeaufruf beobachtet. Der Onlinestatus bleibt unverändert.
Ghost mode diagnostics	Diagnose des Geistermodus
The partial file couldn't be removed. Delete it from the folder you chose.	Die unvollständige Datei konnte nicht entfernt werden. Lösche sie aus dem gewählten Ordner.
The backup didn't start and its partial file couldn't be removed. Delete it from the folder you chose.	Die Sicherung wurde nicht gestartet und ihre unvollständige Datei konnte nicht entfernt werden. Lösche sie aus dem gewählten Ordner.
Problem detected.	Problem erkannt.
Couldn't save these choices. Try again.	Diese Auswahl konnte nicht gespeichert werden. Versuch es erneut.
Clearing seen videos	Gesehene Videos werden gelöscht
Couldn't clear seen videos. Try again.	Gesehene Videos konnten nicht gelöscht werden. Versuch es erneut.
Keep playing in the background	Im Hintergrund weiterspielen
The video you're watching keeps playing to its end after you leave TikTok or turn the screen off, with TikTok's own media notification to pause it. TikTok's background play switch stays on while this is on. Restart TikTok to apply this.	Das Video, das du gerade ansiehst, läuft bis zum Ende weiter, wenn du TikTok verlässt oder den Bildschirm ausschaltest, und lässt sich über TikToks eigene Medienbenachrichtigung pausieren. TikToks Schalter für die Hintergrundwiedergabe bleibt an, solange das hier an ist. TikTok neu starten, damit das gilt.
Keep playing in the background is on in Hushfeed's Playback settings, so TikTok gets 2 for this key and an override here has no effect until that switch is off.	Im Hintergrund weiterspielen ist in Hushfeeds Wiedergabe-Einstellungen an, daher bekommt TikTok für diesen Schlüssel 2, und eine Überschreibung hier wirkt erst, wenn dieser Schalter aus ist.
2, from Keep playing in the background	2, von Im Hintergrund weiterspielen
Let the last video finish	Letztes Video zu Ende laufen lassen
When the budget runs out, the video on screen plays to its end before the hold covers the feed, and the feed won't swipe to another video meanwhile. A time budget the fade already dimmed goes straight to the hold. Needs a hold to wait for. It waits %1$d minutes at most.	Wenn das Budget aufgebraucht ist, läuft das Video auf dem Bildschirm zu Ende, bevor die Sperre den Feed abdeckt, und der Feed lässt sich so lange nicht zum nächsten Video wischen. Ein Zeitbudget, das schon ausgeblendet wurde, geht direkt in die Sperre. Braucht eine Sperre, auf die gewartet werden kann. Es wird höchstens %1$d Minuten gewartet.
The feed stops when this video ends.	Der Feed hält an, wenn dieses Video endet.
Streak	Serie
Keep a streak going	Eine Serie am Laufen halten
Who to message	Wem schreiben
When to send	Wann senden
The time of day the message goes out.	Die Uhrzeit, zu der die Nachricht rausgeht.
Message	Nachricht
What gets sent each day.	Was jeden Tag geschickt wird.
Send it now	Jetzt senden
Sends today's message right away. The daily one then waits for tomorrow.	Schickt die heutige Nachricht sofort. Die tägliche wartet dann bis morgen.
Turn on Keep a streak going first	Schalte zuerst Eine Serie am Laufen halten ein
Sending the message	Nachricht wird gesendet
A message is already on its way	Eine Nachricht ist schon unterwegs
Enter who to message below to start.	Trag unten ein, wem geschrieben werden soll, um zu beginnen.
Next message: today at %1$s.	Nächste Nachricht: heute um %1$s.
Next message: tomorrow at %1$s.	Nächste Nachricht: morgen um %1$s.
No chat with @%1$s turned up on this account. Open your chat with them once, then try again.	Auf diesem Konto wurde kein Chat mit @%1$s gefunden. Öffne euren Chat einmal und versuch es dann noch mal.
Nobody was signed in to TikTok. Sign in, and it tries again at %1$s.	Bei TikTok war niemand angemeldet. Melde dich an, dann wird es um %1$s erneut versucht.
A different account is signed in. Switch back to the one you set this up on, or enter who to message again.	Ein anderes Konto ist angemeldet. Wechsle zurück zu dem, auf dem du das eingerichtet hast, oder trag erneut ein, wem geschrieben werden soll.
TikTok's messages didn't start in time. It tries again at %1$s.	Die Nachrichten von TikTok sind nicht rechtzeitig gestartet. Um %1$s wird es erneut versucht.
The message didn't go through. It tries again at %1$s.	Die Nachricht ist nicht durchgegangen. Um %1$s wird es erneut versucht.
Found %1$s in your chats.	%1$s in deinen Chats gefunden.
Look like the store app to TikTok's checks	Für TikToks Prüfungen wie die Store-App wirken
Answer TikTok's own checks of how it was signed and installed the way the Play Store app would. For follows or likes that undo themselves on a refresh. TikTok can also check from native code this doesn't reach, so it may not help.	Beantwortet TikToks eigene Prüfungen, wie es signiert und installiert wurde, so wie es die Play-Store-App täte. Für Follows oder Likes, die sich beim Aktualisieren selbst rückgängig machen. TikTok kann auch aus nativem Code prüfen, den dies nicht erreicht, daher hilft es womöglich nicht.
Add apps to Share via	Apps zu Teilen über hinzufügen
Pick apps to add to the Share via row, before More. Each gets the same link the other apps get.	Wähle Apps, die in der Zeile Teilen über vor Mehr erscheinen. Jede bekommt denselben Link wie die anderen Apps.
Search apps	Apps durchsuchen
Looking for apps	Apps werden gesucht
No other app takes shared text	Keine andere App nimmt geteilten Text an
Install one, then come back here.	Installiere eine und komm dann hierher zurück.
No apps match this search	Keine Apps passen zu dieser Suche
LIVE feed	LIVE-Feed
Filter the LIVE feed	LIVE-Feed filtern
Hide rooms in the LIVE feed you swipe through, using the rules below. Blocked creators and Creators hidden on this phone apply here too, Blocked caption words are matched against each LIVE's title, and Creator exceptions works the way it does for videos. The LIVE button picks the first room itself, so the rules start with the next one. If they hide every room for a while, one gets through so the feed keeps loading.	LIVEs im LIVE-Feed, durch den du wischst, nach den Regeln unten ausblenden. „Gesperrte Creator“ und „Auf diesem Gerät ausgeblendete Creator“ gelten auch hier, „Gesperrte Wörter in Beschreibungen“ werden mit dem Titel jedes LIVEs abgeglichen, und „Creator-Ausnahmen“ wirkt wie bei Videos. Das erste LIVE sucht der LIVE-Knopf selbst aus, die Regeln greifen also ab dem nächsten. Blenden sie eine Weile jedes LIVE aus, kommt eins durch, damit der Feed weiter lädt.
Hide gaming LIVEs	Gaming-LIVEs ausblenden
Hide LIVEs that TikTok tags with a game or a gaming category.	LIVEs ausblenden, die TikTok mit einem Spiel oder einer Gaming-Kategorie markiert.
Hide shopping LIVEs	Shopping-LIVEs ausblenden
Hide LIVEs that sell products or carry a TikTok Shop tag.	LIVEs ausblenden, die Produkte verkaufen oder einen Tag von TikTok Shop tragen.
Hide sponsored LIVEs	Gesponserte LIVEs ausblenden
Hide LIVEs that TikTok labels as a paid partnership or promotional content.	LIVEs ausblenden, die TikTok als bezahlte Partnerschaft oder Werbeinhalt kennzeichnet.
Hide verified creators' LIVEs	LIVEs verifizierter Creator ausblenden
Hide LIVEs hosted by verified accounts.	LIVEs von verifizierten Konten ausblenden.
Hidden LIVE categories	Ausgeblendete LIVE-Kategorien
Comma separated words, like music, chat. A LIVE is hidden when its category, topic tags or game name contains one. Case doesn't matter.	Wörter, durch Kommas getrennt, zum Beispiel Musik, Chat. Ein LIVE wird ausgeblendet, wenn seine Kategorie, seine Themen-Tags oder sein Spielname eins davon enthält. Groß- und Kleinschreibung spielt keine Rolle.
LIVE viewers range	Spanne der LIVE-Zuschauer
Show only LIVEs with this many people watching.	Nur LIVEs mit so vielen Zuschauern zeigen.
LIVE followers range	Spanne der LIVE-Follower
Show only LIVEs from creators with this many followers.	Nur LIVEs von Creatorn mit so vielen Followern zeigen.
Hide the comment bar on opened videos	Kommentarleiste bei geöffneten Videos ausblenden
Take the Add comment bar off videos you open from a profile, a hashtag, a sound or search, so the video fills the screen down to the bottom. The comment button on the right still opens comments.	Blende die Kommentarleiste unter Videos aus, die du über ein Profil, einen Hashtag, einen Sound oder die Suche öffnest, damit das Video den Bildschirm bis ganz unten füllt. Die Kommentar-Schaltfläche rechts öffnet die Kommentare weiterhin.
Build details	Build-Informationen
Copy or save patch-time choices and build identity.	Kopiere oder speichere die beim Patchen gewählten Optionen und die Build-Kennung.
Copy build details	Build-Informationen kopieren
Save build details	Build-Informationen speichern
Build details copied to the clipboard	Build-Informationen in die Zwischenablage kopiert
Sends one message a day to each person below at the time below, so your streaks keep going on days you don't open TikTok.	Sendet jeden Tag zur unten angegebenen Zeit eine Nachricht an jede der unten genannten Personen, damit eure Flammen auch an Tagen erhalten bleiben, an denen du TikTok nicht öffnest.
Their usernames, separated by commas or new lines. Each person must already have a chat with you.	Ihre Benutzernamen, durch Kommas oder Zeilenumbrüche getrennt. Mit jeder Person muss bereits ein Chat bestehen.
Delivery unconfirmed: %1$d/%2$d chats. Those chats won't be retried today.	Zustellung unbestätigt: %1$d/%2$d Chats. Für diese Chats gibt es heute keinen weiteren Versuch.
Delivery unconfirmed: %1$d/%2$d chats. Remaining chats still need a message.	Zustellung unbestätigt: %1$d/%2$d Chats. Die übrigen Chats brauchen noch eine Nachricht.
Sent to %1$d/%2$d chats. They won't get another message today.	An %1$d/%2$d Chats gesendet. Sie bekommen heute keine weitere Nachricht.
Sent to %1$d/%2$d chats. The rest still need a message.	An %1$d/%2$d Chats gesendet. Die übrigen Chats brauchen noch eine Nachricht.
TikTok may have taken this message. Delivery isn't confirmed, so it won't be retried today.	TikTok hat diese Nachricht möglicherweise angenommen. Die Zustellung ist unbestätigt, deshalb wird sie heute nicht erneut versucht.
Nothing was sent. Check the streak settings and try again.	Es wurde nichts gesendet. Prüfe die Streak-Einstellungen und versuche es erneut.
Don't save new searches	Neue Suchen nicht speichern
Keep what you search for out of the search history TikTok saves on this phone. Searches already there stay until you delete them, and TikTok's servers may still keep their own record.	Halte deine Suchbegriffe aus dem Suchverlauf heraus, den TikTok auf diesem Telefon speichert. Bereits gespeicherte Suchen bleiben, bis du sie löschst, und TikToks Server können weiterhin eigene Aufzeichnungen führen.
Block suggested video notifications	Benachrichtigungen zu vorgeschlagenen Videos blockieren
Stop the notifications TikTok sends about popular videos it picked for you. Messages, comments, likes, follows and videos from accounts you follow still come through.	Die Benachrichtigungen stoppen, die TikTok zu beliebten Videos schickt, die es für dich ausgesucht hat. Nachrichten, Kommentare, Likes, Follows und Videos von Konten, denen du folgst, kommen weiterhin an.
Buttons on videos	Schaltflächen auf Videos

Seen videos put back: %1$s of %2$s	Gesehene Videos zurückgeholt: %1$s von %2$s
No cleared videos fit the current history limits.	Keine gelöschten Videos passen in die aktuellen Verlaufslimits.
Putting seen videos back	Gesehene Videos werden zurückgeholt
