source,target
%1$d already matched,%1$d already matched
%1$d areas were checked and everything they need is here.,%1$d areas were checked and everything they need is here.
%1$d comments and replies loaded,%1$d comments and replies loaded
%1$d fields overridden,%1$d fields overridden
%1$d fields will be overridden when requested,%1$d fields will be overridden when requested
%1$d filtered out,%1$d filtered out
%1$d gates selected,%1$d gates selected
%1$d minutes left,%1$d minutes left
%1$d overrides were turned off because the Lab couldn't confirm their gates are unchanged in TikTok %2$s. Review them before turning them back on.,%1$d overrides were turned off because the Lab couldn't confirm their gates are unchanged in TikTok %2$s. Review them before turning them back on.
%1$d rejected,%1$d rejected
%1$d results,%1$d results
%1$d results so far,%1$d results so far
"%1$d results so far, and more not counted","%1$d results so far, and more not counted"
"%1$d results, filtered to %2$s","%1$d results, filtered to %2$s"
%1$d setting in that file can't be restored here and was skipped,%1$d setting in that file can't be restored here and was skipped
%1$d setting wasn't in that file and was left as it is,%1$d setting wasn't in that file and was left as it is
%1$d settings in that file can't be restored here and were skipped,%1$d settings in that file can't be restored here and were skipped
%1$d settings weren't in that file and were left as they are,%1$d settings weren't in that file and were left as they are
%1$d unavailable,%1$d unavailable
%1$s (%2$s),%1$s (%2$s)
%1$s (TikTok value),%1$s (TikTok value)
"%1$s (custom, unverified)","%1$s (custom, unverified)"
%1$s (override returned),%1$s (override returned)
%1$s (will be returned when requested),%1$s (will be returned when requested)
%1$s and above,%1$s and above
%1$s appears more than once in this file.,%1$s appears more than once in this file.
%1$s changed,%1$s changed
%1$s day,%1$s day
%1$s days,%1$s days
%1$s destinations must start with %2$s,%1$s destinations must start with %2$s
%1$s dp,%1$s dp
%1$s entries skipped.,%1$s entries skipped.
%1$s entry skipped.,%1$s entry skipped.
"%1$s has type %2$s, but the file says %3$s.","%1$s has type %2$s, but the file says %3$s."
"%1$s hid everything TikTok sent, %2$d times in a row. Turn it off if that's not what you wanted.","%1$s hid everything TikTok sent, %2$d times in a row. Turn it off if that's not what you wanted."
%1$s is a kind of value the Lab can't override.,%1$s is a kind of value the Lab can't override.
%1$s is already hidden,%1$s is already hidden
"%1$s is too long for a settings backup. Shorten it, then save the backup again.","%1$s is too long for a settings backup. Shorten it, then save the backup again."
"%1$s isn't a country code, so no video would ever match it. Use two letters, like GB, IE or US.","%1$s isn't a country code, so no video would ever match it. Use two letters, like GB, IE or US."
"%1$s isn't a language code, so no video would ever match it. Use two letters, like en, es or de.","%1$s isn't a language code, so no video would ever match it. Use two letters, like en, es or de."
%1$s isn't in this Lab catalog.,%1$s isn't in this Lab catalog.
%1$s isn't installed or doesn't take links,%1$s isn't installed or doesn't take links
%1$s left,%1$s left
%1$s millisecond,%1$s millisecond
%1$s milliseconds,%1$s milliseconds
%1$s min left,%1$s min left
%1$s minute,%1$s minute
%1$s minutes,%1$s minutes
%1$s more saves waiting,%1$s more saves waiting
%1$s needs fixing. %2$s,%1$s needs fixing. %2$s
%1$s older seen video was dropped to keep the newest %2$s.,%1$s older seen video was dropped to keep the newest %2$s.
%1$s older seen videos were dropped to keep the newest %2$s.,%1$s older seen videos were dropped to keep the newest %2$s.
%1$s point,%1$s point
%1$s points,%1$s points
%1$s s,%1$s s
%1$s second,%1$s second
%1$s seconds,%1$s seconds
%1$s time,%1$s time
%1$s times,%1$s times
%1$s to %2$s,%1$s to %2$s
%1$s video,%1$s video
%1$s video didn't fit in the newest %2$s.,%1$s video didn't fit in the newest %2$s.
%1$s video had a date later than this phone's clock.,%1$s video had a date later than this phone's clock.
%1$s video was already recorded.,%1$s video was already recorded.
%1$s video was older than Forget seen videos after allows.,%1$s video was older than Forget seen videos after allows.
%1$s videos,%1$s videos
%1$s videos didn't fit in the newest %2$s.,%1$s videos didn't fit in the newest %2$s.
%1$s videos had dates later than this phone's clock.,%1$s videos had dates later than this phone's clock.
%1$s videos left,%1$s videos left
%1$s videos were already recorded.,%1$s videos were already recorded.
%1$s videos were older than Forget seen videos after allows.,%1$s videos were older than Forget seen videos after allows.
%1$s videos were recorded before each account kept its own list. They hide nothing until you add them here.,%1$s videos were recorded before each account kept its own list. They hide nothing until you add them here.
%1$s view per comment,%1$s view per comment
%1$s view per like,%1$s view per like
%1$s views per comment,%1$s views per comment
%1$s views per like,%1$s views per like
%1$s was rejected. %2$s,%1$s was rejected. %2$s
%1$s watched video added.,%1$s watched video added.
%1$s watched videos added.,%1$s watched videos added.
%1$s · Hushfeed's list only,%1$s · Hushfeed's list only
%1$s · current value only,%1$s · current value only
%1$s · declared by TikTok,%1$s · declared by TikTok
"%1$s · declared by TikTok, with a current value","%1$s · declared by TikTok, with a current value"
%1$s%%,%1$s%%
"%1$s, %2$s","%1$s, %2$s"
"%1$s, %2$s or %3$s","%1$s, %2$s or %3$s"
"%1$s, %2$s, %3$s or %4$s","%1$s, %2$s, %3$s or %4$s"
"%1$s, %2$s, %3$s, %4$s, %5$s","%1$s, %2$s, %3$s, %4$s, %5$s"
"%1$s, selected","%1$s, selected"
%1$s. %2$s,%1$s. %2$s
"%1$s: %2$d found, %3$d missing","%1$s: %2$d found, %3$d missing"
"%1$s: %2$d found, %3$d missing, and more it stopped counting","%1$s: %2$d found, %3$d missing, and more it stopped counting"
"%1$s: %2$d found, %3$d missing, and more it stopped counting. First missing: %4$s","%1$s: %2$d found, %3$d missing, and more it stopped counting. First missing: %4$s"
"%1$s: %2$d found, %3$d missing. First missing: %4$s","%1$s: %2$d found, %3$d missing. First missing: %4$s"
%1$s: %2$s,%1$s: %2$s
%1$s: %2$s of %3$s files didn't finish,%1$s: %2$s of %3$s files didn't finish
%1$s: %2$s of %3$s files might not have finished,%1$s: %2$s of %3$s files might not have finished
%1$s: didn't finish,%1$s: didn't finish
%1$s: might not have finished,%1$s: might not have finished
%1$s: one of %3$s files didn't finish,%1$s: one of %3$s files didn't finish
%1$s: one of %3$s files might not have finished,%1$s: one of %3$s files might not have finished
1 comment or reply loaded,1 comment or reply loaded
1 field overridden,1 field overridden
1 field will be overridden when requested,1 field will be overridden when requested
1 filtered out,1 filtered out
1 gate selected,1 gate selected
1 min left,1 min left
1 override was turned off because the Lab couldn't confirm its gate is unchanged in TikTok %2$s. Review it before turning it back on.,1 override was turned off because the Lab couldn't confirm its gate is unchanged in TikTok %2$s. Review it before turning it back on.
1 result,1 result
1 result so far,1 result so far
1 video left,1 video left
"2, from Keep playing in the background","2, from Keep playing in the background"
A LIVE in the feed can count down and take you into the room on its own. This keeps you in the feed until you tap it.,A LIVE in the feed can count down and take you into the room on its own. This keeps you in the feed until you tap it.
A LIVE room shows how many people are watching as a rounded number like 1.2K. This shows the exact count instead.,A LIVE room shows how many people are watching as a rounded number like 1.2K. This shows the exact count instead.
A Lab change is already running,A Lab change is already running
"A change that makes your budget looser waits until the day starts over, and a stricter one applies at once. Looser means a higher or no budget, a shorter hold, more times to open the feed anyway, a new start hour, or turning this off. A restored backup follows the same rule, and Start today over is off while this is on.","A change that makes your budget looser waits until the day starts over, and a stricter one applies at once. Looser means a higher or no budget, a shorter hold, more times to open the feed anyway, a new start hour, or turning this off. A restored backup follows the same rule, and Start today over is off while this is on."
A comment poll shows how many picked each answer before you vote. Tapping an answer still votes.,A comment poll shows how many picked each answer before you vote. Tapping an answer still votes.
A diagnostic report is already being saved,A diagnostic report is already being saved
"A different account is signed in. Switch back to the one you set this up on, or enter who to message again.","A different account is signed in. Switch back to the one you set this up on, or enter who to message again."
A double tap on a message no longer adds a heart to it. A single tap and a long press work as before.,A double tap on a message no longer adds a heart to it. A single tap and a long press work as before.
A few seconds,A few seconds
A field value couldn't be read. Check the values and try again.,A field value couldn't be read. Check the values and try again.
A file named hushfeed-safe-mode in TikTok's folder under Android/data paused Hushfeed. Your settings stay as they are.,A file named hushfeed-safe-mode in TikTok's folder under Android/data paused Hushfeed. Your settings stay as they are.
A forced value applies to this copy of TikTok whichever account is signed in. It can't get past a check the server makes.,A forced value applies to this copy of TikTok whichever account is signed in. It can't get past a check the server makes.
"A good place to stop, if you want one.","A good place to stop, if you want one."
"A green square in the top corner while TikTok has the camera open, and an orange diamond while it records sound. They go when the access ends.","A green square in the top corner while TikTok has the camera open, and an orange diamond while it records sound. They go when the access ends."
"A link to one video opens just that video, and the feed won't swipe past it. It swipes again once another video plays, like after a refresh or a tap on Following, or when you come back to TikTok after %1$d minutes or more away. Auto-advance doesn't move on from it either.","A link to one video opens just that video, and the feed won't swipe past it. It swipes again once another video plays, like after a refresh or a tap on Following, or when you come back to TikTok after %1$d minutes or more away. Auto-advance doesn't move on from it either."
A long press on Comment plays the video at the hold speed instead of opening the emoji row. It needs Long press on TikTok default and Seek from the edges off.,A long press on Comment plays the video at the hold speed instead of opening the emoji row. It needs Long press on TikTok default and Seek from the edges off.
A long press on Favorites plays the video at the hold speed instead of offering a new collection. It needs Long press on TikTok default and Seek from the edges off.,A long press on Favorites plays the video at the hold speed instead of offering a new collection. It needs Long press on TikTok default and Seek from the edges off.
A long press on Share plays the video at the hold speed instead of opening the quick share row. It needs Long press on TikTok default and Seek from the edges off.,A long press on Share plays the video at the hold speed instead of opening the quick share row. It needs Long press on TikTok default and Seek from the edges off.
A message is already on its way,A message is already on its way
A name of your own under this tab's icon. Leave it empty to keep TikTok's.,A name of your own under this tab's icon. Leave it empty to keep TikTok's.
A port is a whole number from 1 to 65535,A port is a whole number from 1 to 65535
"A profile's share sheet gets an Account facts button. It shows what TikTok already sent about the account: when it joined, its region and language, when its username and display name last changed, whether it's private and whether its liked videos are public. Nothing extra is fetched.","A profile's share sheet gets an Account facts button. It shows what TikTok already sent about the account: when it joined, its region and language, when its username and display name last changed, whether it's private and whether its liked videos are public. Nothing extra is fetched."
"A screen's layout is recorded. Export the diagnostic report to send it, or tap to record another.","A screen's layout is recorded. Export the diagnostic report to send it, or tap to record another."
"A small label on the feed shows the minutes or videos left of today's budget, whichever is closer to running out.","A small label on the feed shows the minutes or videos left of today's budget, whichever is closer to running out."
A tap on Home or on the For You tab while For You is showing no longer reloads it. The video you're on stays.,A tap on Home or on the For You tab while For You is showing no longer reloads it. The video you're on stays.
A video you paused stays paused when you come back to the app instead of starting again. One you left playing starts as usual. It works on Android 10 and newer.,A video you paused stays paused when you come back to the app instead of starting again. One you left playing starts as usual. It works on Android 10 and newer.
A web address someone left in a comment can be tapped instead of copied out by hand. Tapping anywhere else in the comment still does what it did.,A web address someone left in a comment can be tapped instead of copied out by hand. Tapping anywhere else in the comment still does what it did.
AI Self,AI Self
AI-generated posts,AI-generated posts
About %1$s of storage at this limit,About %1$s of storage at this limit
About Hushfeed,About Hushfeed
About overrides,About overrides
Account facts,Account facts
Account facts copied,Account facts copied
Account facts on profiles,Account facts on profiles
Account region,Account region
Active,Active
Activity,Activity
Activity center (PIA),Activity center (PIA)
Add,Add
Add a button beside the block control that turns the feed's sound off and on.,Add a button beside the block control that turns the feed's sound off and on.
Add a button beside the block control to send feedback about the current video.,Add a button beside the block control to send feedback about the current video.
Add a button that hides the current creator on this phone without blocking them.,Add a button that hides the current creator on this phone without blocking them.
Add a creator,Add a creator
Add a seen-history file saved by Hushfeed to the videos @%1$s has seen. A video in both keeps the newer date.,Add a seen-history file saved by Hushfeed to the videos @%1$s has seen. A video in both keeps the newer date.
Add a seen-history file saved by Hushfeed to this account's seen videos. A video in both keeps the newer date.,Add a seen-history file saved by Hushfeed to this account's seen videos. A video in both keeps the newer date.
Add a separate button that skips videos using the current sound.,Add a separate button that skips videos using the current sound.
Add apps to Share via,Add apps to Share via
Add hidden creator,Add hidden creator
Add older seen videos to this account,Add older seen videos to this account
Added %1$s,Added %1$s
Added %1$s older seen videos to this account,Added %1$s older seen videos to this account
Added %1$s seen videos,Added %1$s seen videos
Added %1$s seen videos.,Added %1$s seen videos.
Added 1 seen video,Added 1 seen video
Added 1 seen video.,Added 1 seen video.
Added one older seen video to this account,Added one older seen video to this account
Added to this account.,Added to this account.
"Adds Export CSV and Export JSON buttons under the search box, so Search within comments must be on. They save the comments and replies loaded so far to a file you pick. Open the reply threads you want first.","Adds Export CSV and Export JSON buttons under the search box, so Search within comments must be on. They save the comments and replies loaded so far to a file you pick. Open the reply threads you want first."
"Adds a search box that finds comments already loaded on this video, by words or username. It doesn't search all of TikTok.","Adds a search box that finds comments already loaded on this video, by words or username. It doesn't search all of TikTok."
Ads,Ads
Advanced,Advanced
Advanced JSON value,Advanced JSON value
Advanced. Find and force the hidden switches TikTok uses to test features.,Advanced. Find and force the hidden switches TikTok uses to test features.
After 1 minute,After 1 minute
After 15 minutes,After 15 minutes
After 5 minutes,After 5 minutes
All,All
All available languages,All available languages
All events,All events
All loaded tabs,All loaded tabs
Allow Duet and Stitch anyway,Allow Duet and Stitch anyway
Allow screenshots and Circle to Search,Allow screenshots and Circle to Search
Allow storage for TikTok in Android settings to save covers,Allow storage for TikTok in Android settings to save covers
Allow storage for TikTok in Android settings to save frames,Allow storage for TikTok in Android settings to save frames
Allow storage for TikTok in Android settings to save profile pictures,Allow storage for TikTok in Android settings to save profile pictures
Allow storage for TikTok in Android settings to save sounds,Allow storage for TikTok in Android settings to save sounds
Allow storage for TikTok in Android settings to save stories,Allow storage for TikTok in Android settings to save stories
Allow storage for TikTok in Android settings to save the live photo's clip,Allow storage for TikTok in Android settings to save the live photo's clip
Already active,Already active
Already marked as not interested,Already marked as not interested
Also apply these filters to downloaded videos TikTok uses when the feed can't load enough new items.,Also apply these filters to downloaded videos TikTok uses when the feed can't load enough new items.
Also change the region TikTok reports internally. Keeps your interface language. Your IP address and your account's own rules still apply.,Also change the region TikTok reports internally. Keeps your interface language. Your IP address and your account's own rules still apply.
Also hide videos whose text stickers match a blocked caption word. Text stickers are the words a creator types over the video in TikTok's editor. Text that's part of the picture itself can't be read.,Also hide videos whose text stickers match a blocked caption word. Text stickers are the words a creator types over the video in TikTok's editor. Text that's part of the picture itself can't be read.
"Also on a block list, so still hidden: %1$s","Also on a block list, so still hidden: %1$s"
Also replaces the saved region and country code TikTok sends with every request. Signing in still sends your real region. Your IP address and your account's own rules still apply.,Also replaces the saved region and country code TikTok sends with every request. Signing in still sends your real region. Your IP address and your account's own rules still apply.
Also turns on TikTok's own auto scroll for videos opened from search. Restart TikTok to apply this.,Also turns on TikTok's own auto scroll for videos opened from search. Restart TikTok to apply this.
Always show publish date,Always show publish date
Always show the publish date in video author information. Restart TikTok to apply this.,Always show the publish date in video author information. Restart TikTok to apply this.
Always upload in HD,Always upload in HD
Amazon Appstore,Amazon Appstore
"An exception names one creator, so a pattern can't be one: %1$s","An exception names one creator, so a pattern can't be one: %1$s"
"An exception takes a handle or id, not a display name: %1$s","An exception takes a handle or id, not a display name: %1$s"
"An interrupted settings change couldn't be recovered, so its record was set aside. Check your settings or restore a backup.","An interrupted settings change couldn't be recovered, so its record was set aside. Check your settings or restore a backup."
"An operator code is five or six digits, like 310260","An operator code is five or six digits, like 310260"
An override changes the value TikTok reads from this gate. It doesn't change TikTok's saved copy or prove the named feature changed.,An override changes the value TikTok reads from this gate. It doesn't change TikTok's saved copy or prove the named feature changed.
And %1$s more saves,And %1$s more saves
And one more save,And one more save
Animated sticker format,Animated sticker format
App,App
App & advanced,App & advanced
App AB,App AB
App lock,App lock
AppGallery,AppGallery
Appearance,Appearance
Applies to both video and photo downloads.,Applies to both video and photo downloads.
Apply,Apply
Apply enables these overrides. Undo last Lab change puts your previous rules back until you change anything else in the Lab.,Apply enables these overrides. Undo last Lab change puts your previous rules back until you change anything else in the Lab.
Apply overrides,Apply overrides
"Apply saves these overrides. Turn on overrides in the Lab to use them. Turning them on is a Lab change too, so after that Undo turns them off rather than putting your previous rules back.","Apply saves these overrides. Turn on overrides in the Lab to use them. Turning them on is a Lab change too, so after that Undo turns them off rather than putting your previous rules back."
Applying Calm feed,Applying Calm feed
Around the video,Around the video
Arrange your feed and bottom tabs,Arrange your feed and bottom tabs
"Ask TikTok for search results that aren't personalized to your account. This changes results, not search buttons or suggestions.","Ask TikTok for search results that aren't personalized to your account. This changes results, not search buttons or suggestions."
"Ask for the unlock your phone uses, like a fingerprint or a PIN, when TikTok starts and when you come back to it. A link you open from another app still goes to its video once you unlock. While this is on, TikTok's preview in recent apps stays blank. Needs a screen lock on the phone.","Ask for the unlock your phone uses, like a fingerprint or a PIN, when TikTok starts and when you come back to it. A link you open from another app still goes to its video once you unlock. While this is on, TikTok's preview in recent apps stays blank. Needs a screen lock on the phone."
Attention,Attention
Audio,Audio
Author text size,Author text size
Auto translate comments,Auto translate comments
Auto-advance,Auto-advance
Auto-advance in search results,Auto-advance in search results
Auto-advance session limit,Auto-advance session limit
Auto-advance stopped after %1$d videos,Auto-advance stopped after %1$d videos
Auto-advance stopped after one video,Auto-advance stopped after one video
Auto-advance videos,Auto-advance videos
Automatic,Automatic
Automatic clear display,Automatic clear display
Avatar and follow button,Avatar and follow button
Back,Back
Back up settings,Back up settings
Backup and restore,Backup and restore
Bio copied,Bio copied
Black,Black
Block clipboard reads,Block clipboard reads
Block contact list access,Block contact list access
Block installed app scanning,Block installed app scanning
Block location,Block location
Block motion sensors,Block motion sensors
Block new bottom tabs,Block new bottom tabs
Block new feed tabs,Block new feed tabs
Block popups,Block popups
Block suggested video notifications,Block suggested video notifications
Block the advertising ID,Block the advertising ID
"Block the creator in one tap. Once TikTok confirms, skip to the next video. A small Unblock button appears at the top left for two seconds. You can also unblock later in TikTok's Privacy > Blocked accounts.","Block the creator in one tap. Once TikTok confirms, skip to the next video. A small Unblock button appears at the top left for two seconds. You can also unblock later in TikTok's Privacy > Blocked accounts."
Block this commenter,Block this commenter
Block this creator,Block this creator
Block this sound,Block this sound
Blocked,Blocked
Blocked %1$s,Blocked %1$s
Blocked %1$s. Unblock,Blocked %1$s. Unblock
Blocked and hidden creators,Blocked and hidden creators
Blocked caption words,Blocked caption words
Blocked comment words,Blocked comment words
Blocked creators,Blocked creators
Blocked sound ids,Blocked sound ids
Blocked sound names,Blocked sound names
Blocked sounds,Blocked sounds
Blocking,Blocking
Bottom tabs to keep,Bottom tabs to keep
Brightness,Brightness
Browse,Browse
Budgets and reminders,Budgets and reminders
Build details,Build details
Build details copied to the clipboard,Build details copied to the clipboard
Buttons on videos,Buttons on videos
Calm feed,Calm feed
Calm feed couldn't be applied. Nothing was changed.,Calm feed couldn't be applied. Nothing was changed.
Calm feed couldn't start. Try again in a moment.,Calm feed couldn't start. Try again in a moment.
Calm feed is on.,Calm feed is on.
Calm feed is on. Restart TikTok to apply all changes.,Calm feed is on. Restart TikTok to apply all changes.
Camera and microphone in use,Camera and microphone in use
Camera in use,Camera in use
Can't check yet: %1$s,Can't check yet: %1$s
Cancel,Cancel
Caption above comments,Caption above comments
Caption background,Caption background
Caption languages,Caption languages
Caption text size,Caption text size
Captions,Captions
"Captions, gestures and on-screen controls","Captions, gestures and on-screen controls"
Capture crash reports locally,Capture crash reports locally
Capture the feed,Capture the feed
Changed,Changed
Changes in Hushfeed %1$s,Changes in Hushfeed %1$s
Changes to %1$s at %2$s,Changes to %1$s at %2$s
Check for already-saved videos,Check for already-saved videos
Choose %1$d to %2$d videos. Values outside this range use the nearest valid limit. Restart TikTok to apply this.,Choose %1$d to %2$d videos. Values outside this range use the nearest valid limit. Restart TikTok to apply this.
Choose a backup file. Your current settings are kept for Undo.,Choose a backup file. Your current settings are kept for Undo.
Choose a folder on internal storage. SD cards aren't supported.,Choose a folder on internal storage. SD cards aren't supported.
Choose a preset to fill the SIM details.,Choose a preset to fill the SIM details.
Choose a subfolder under %1$s.,Choose a subfolder under %1$s.
Choose what reaches your feed,Choose what reaches your feed
Choose which bottom tabs stay visible.,Choose which bottom tabs stay visible.
"Choose which feed tabs stay visible. If only For You is left, its tab name is hidden.","Choose which feed tabs stay visible. If only For You is left, its tab name is hidden."
Choose which rows and controls appear,Choose which rows and controls appear
Clean up shared links,Clean up shared links
Clear all,Clear all
"Clear all Lab data (overrides, switch, recordings)","Clear all Lab data (overrides, switch, recordings)"
Clear all suggested accounts,Clear all suggested accounts
Clear diagnostic data,Clear diagnostic data
Clear display,Clear display
Clear display delay,Clear display delay
Clear preset,Clear preset
Clear search,Clear search
Clear seen videos,Clear seen videos
Clear the search,Clear the search
Cleared. Tap to undo before TikTok closes.,Cleared. Tap to undo before TikTok closes.
Clearing,Clearing
Clearing seen videos,Clearing seen videos
Clearing suggested accounts,Clearing suggested accounts
"Clearing, %1$d so far","Clearing, %1$d so far"
"Clears the recent events, saved crash reports, a recorded screen layout and the Hook status results above.","Clears the recent events, saved crash reports, a recorded screen layout and the Hook status results above."
Close,Close
Close TikTok after,Close TikTok after
"Comma separated names exactly as the row under a profile's bio shows them, such as TikTok Studio or Your orders. Restart TikTok to apply this.","Comma separated names exactly as the row under a profile's bio shows them, such as TikTok Studio or Your orders. Restart TikTok to apply this."
Comment export failed,Comment export failed
Comment media filename,Comment media filename
Comment sort and dislike styles,Comment sort and dislike styles
"Comment with live photos, the camera or audio","Comment with live photos, the camera or audio"
Comments,Comments
Comments & inbox,Comments & inbox
Comments aren't available for this video,Comments aren't available for this video
Comments beside the video,Comments beside the video
Comments range,Comments range
Compact comment header,Compact comment header
Compare gate reads with their previous values.,Compare gate reads with their previous values.
Completed an interrupted settings change. Restart TikTok to apply this.,Completed an interrupted settings change. Restart TikTok to apply this.
Config,Config
Config (Settings Manager),Config (Settings Manager)
Confirm before a quick repost,Confirm before a quick repost
Confirm before following,Confirm before following
Confirm before liking,Confirm before liking
Confirm before liking a comment,Confirm before liking a comment
Confirm before liking a story,Confirm before liking a story
Continue supported videos from where you stopped when you scroll back to them.,Continue supported videos from where you stopped when you scroll back to them.
Controls,Controls
Copy,Copy
Copy a quick report or save the full report as a file.,Copy a quick report or save the full report as a file.
Copy bio and IDs,Copy bio and IDs
Copy build details,Copy build details
Copy comments without username,Copy comments without username
Copy only the comment text when using TikTok's copy comment action.,Copy only the comment text when using TikTok's copy comment action.
Copy or save which patches and options this Hushfeed was built with.,Copy or save which patches and options this Hushfeed was built with.
Copy quick report,Copy quick report
Copy report,Copy report
Copy the full link for short links,Copy the full link for short links
Copy the sound link,Copy the sound link
Copy the video link,Copy the video link
Copy user ID,Copy user ID
Copy username,Copy username
Copy video ID,Copy video ID
Couldn't add the older seen videos. Try again.,Couldn't add the older seen videos. Try again.
Couldn't change the Lab settings. Try again.,Couldn't change the Lab settings. Try again.
Couldn't clear seen videos. Try again.,Couldn't clear seen videos. Try again.
Couldn't clear the suggested accounts. Reopen the Inbox and try again.,Couldn't clear the suggested accounts. Reopen the Inbox and try again.
Couldn't confirm the block for %1$s. Open their profile to check.,Couldn't confirm the block for %1$s. Open their profile to check.
Couldn't confirm the unblock for %1$s. Open their profile to check.,Couldn't confirm the unblock for %1$s. Open their profile to check.
Couldn't copy the report. Use Save report instead.,Couldn't copy the report. Use Save report instead.
Couldn't forget the saved videos. Try again.,Couldn't forget the saved videos. Try again.
Couldn't import watch history. Your saved history is unchanged.,Couldn't import watch history. Your saved history is unchanged.
Couldn't open settings search. Reopen settings and try again.,Couldn't open settings search. Reopen settings and try again.
Couldn't open that settings section. Reopen settings and try again.,Couldn't open that settings section. Reopen settings and try again.
Couldn't open the file picker to export. Try again.,Couldn't open the file picker to export. Try again.
Couldn't open the file picker to import. Try again.,Couldn't open the file picker to import. Try again.
Couldn't put back the diagnostic data. Try again.,Couldn't put back the diagnostic data. Try again.
Couldn't put the saved videos back. Try again.,Couldn't put the saved videos back. Try again.
Couldn't reach the proxy at %1$s. TikTok may not load until it's back or you turn the proxy off.,Couldn't reach the proxy at %1$s. TikTok may not load until it's back or you turn the proxy off.
Couldn't read TikTok's current values (%1$s). Refresh values from the menu to try again.,Couldn't read TikTok's current values (%1$s). Refresh values from the menu to try again.
Couldn't read that file. Choose it again.,Couldn't read that file. Choose it again.
Couldn't read who posted this comment. Open their profile and block them there.,Couldn't read who posted this comment. Open their profile and block them there.
Couldn't record the screen's layout. Start again from Diagnostics.,Couldn't record the screen's layout. Start again from Diagnostics.
Couldn't reset the settings. Try again.,Couldn't reset the settings. Try again.
Couldn't reset this override. Try again.,Couldn't reset this override. Try again.
Couldn't restart TikTok. Close it and open it again.,Couldn't restart TikTok. Close it and open it again.
Couldn't restore seen history. Your saved history is unchanged.,Couldn't restore seen history. Your saved history is unchanged.
Couldn't restore the settings. Try again.,Couldn't restore the settings. Try again.
Couldn't save the change. Try again.,Couldn't save the change. Try again.
Couldn't save the seen-history file. Try again.,Couldn't save the seen-history file. Try again.
Couldn't save the settings backup. Try again.,Couldn't save the settings backup. Try again.
Couldn't save these choices. Try again.,Couldn't save these choices. Try again.
Couldn't save this override. Try again.,Couldn't save this override. Try again.
Couldn't send the feedback. Try again in a moment.,Couldn't send the feedback. Try again in a moment.
Couldn't start saving the feed capture. Try again in a moment.,Couldn't start saving the feed capture. Try again in a moment.
Couldn't start the Lab change. Try again in a moment.,Couldn't start the Lab change. Try again in a moment.
Couldn't start the export. Try again in a moment.,Couldn't start the export. Try again in a moment.
Couldn't start the import. Try again in a moment.,Couldn't start the import. Try again in a moment.
Couldn't start the report export. Try again in a moment.,Couldn't start the report export. Try again in a moment.
Couldn't start the settings change. Try again in a moment.,Couldn't start the settings change. Try again in a moment.
Couldn't tell which folder to update. Choose it again.,Couldn't tell which folder to update. Choose it again.
Couldn't undo that. Try again.,Couldn't undo that. Try again.
Couldn't undo the clear. Try again.,Couldn't undo the clear. Try again.
Couldn't undo the last change. Try again.,Couldn't undo the last change. Try again.
Count a video as seen after,Count a video as seen after
Country and network preferences,Country and network preferences
Country code,Country code
Country filters,Country filters
Counts under the buttons,Counts under the buttons
Cover saved to %1$s,Cover saved to %1$s
Create,Create
Creator exceptions,Creator exceptions
Creators and sounds,Creators and sounds
Creators hidden on this phone,Creators hidden on this phone
Creators you hid from a video. Search the list and remove one at a time.,Creators you hid from a video. Search the list and remove one at a time.
Crop the video until it covers the whole window. On a tall phone the black strip TikTok leaves under a video goes and so does a little of each side.,Crop the video until it covers the whole window. On a tall phone the black strip TikTok leaves under a video goes and so does a little of each side.
Current,Current
Current %1$s,Current %1$s
Current state,Current state
Current: %1$s,Current: %1$s
Custom SIM details,Custom SIM details
Custom value,Custom value
Custom value…,Custom value…
Customize,Customize
Cuts the tracking bits out of links you share.,Cuts the tracking bits out of links you share.
Daily budget,Daily budget
"Daily budgets, reminders and the hold","Daily budgets, reminders and the hold"
Daily time budget,Daily time budget
Daily video budget,Daily video budget
Dark,Dark
Days to remember a video. Zero removes the age limit. History keeps at most %1$s videos.,Days to remember a video. Zero removes the age limit. History keeps at most %1$s videos.
"Days. Zero keeps every age. Posts without a usable timestamp, including future posts, stay visible.","Days. Zero keeps every age. Posts without a usable timestamp, including future posts, stay visible."
Default,Default
Default playback speed,Default playback speed
Delivery unconfirmed: %1$d/%2$d chats. Remaining chats still need a message.,Delivery unconfirmed: %1$d/%2$d chats. Remaining chats still need a message.
Delivery unconfirmed: %1$d/%2$d chats. Those chats won't be retried today.,Delivery unconfirmed: %1$d/%2$d chats. Those chats won't be retried today.
Description text size,Description text size
Destination updated,Destination updated
Details: %1$s,Details: %1$s
Device access,Device access
"Device language, then original","Device language, then original"
Diagnostic data cleared. Tap again to put it back.,Diagnostic data cleared. Tap again to put it back.
Diagnostic data put back,Diagnostic data put back
Diagnostic report copied to the clipboard,Diagnostic report copied to the clipboard
Diagnostics,Diagnostics
Disable,Disable
Disabled,Disabled
Discard edits,Discard edits
Dismissed %1$s suggested accounts,Dismissed %1$s suggested accounts
Dismissed one suggested account,Dismissed one suggested account
Display name last changed,Display name last changed
Do nothing,Do nothing
Doesn't follow you back,Doesn't follow you back
Don't auto translate these languages,Don't auto translate these languages
Don't save new searches,Don't save new searches
Don't start the feed on returning,Don't start the feed on returning
Don't start the first video,Don't start the first video
Done,Done
Double tap,Double tap
Download original photos,Download original photos
Downloads,Downloads
Downloads & sharing,Downloads & sharing
"Drag to move, release to place","Drag to move, release to place"
Drag up or down along the left or right edge of a video to change what that edge strip is set to below. By default that's the screen brightness on the left and the volume on the right. Swiping anywhere else still scrolls the feed.,Drag up or down along the left or right edge of a video to change what that edge strip is set to below. By default that's the screen brightness on the left and the volume on the right. Swiping anywhere else still scrolls the feed.
Drama and Series,Drama and Series
Each area shows how many of the things Hushfeed looks for were found in this TikTok and how many are missing.,Each area shows how many of the things Hushfeed looks for were found in this TikTok and how many are missing.
Easier comment likes,Easier comment likes
Edge strip width,Edge strip width
Empty,Empty
"Empty the menu that opens when you press and hold TikTok's icon on the home screen. Turning this off asks TikTok to build them again. Tapping the icon still opens the app, and a shortcut you pinned yourself stays where you put it.","Empty the menu that opens when you press and hold TikTok's icon on the home screen. Turning this off asks TikTok to build them again. Tapping the icon still opens the app, and a shortcut you pinned yourself stays where you put it."
Enable,Enable
Enabled,Enabled
Enter a JSON object or array.,Enter a JSON object or array.
Enter a creator handle or id,Enter a creator handle or id
Enter a finite number.,Enter a finite number.
Enter a number.,Enter a number.
"Enter a server name or IP address, without http:// or a port number","Enter a server name or IP address, without http:// or a port number"
Enter a valid structured value.,Enter a valid structured value.
Enter a valid two-letter country code,Enter a valid two-letter country code
"Enter a whole number, or one like 20K, 1.5M or 2B","Enter a whole number, or one like 20K, 1.5M or 2B"
Enter a whole number.,Enter a whole number.
"Enter an hour, like 6 or 06:00.","Enter an hour, like 6 or 06:00."
Enter true or false.,Enter true or false.
Enter up to %1$d comma-separated speeds from %2$s to %3$s,Enter up to %1$d comma-separated speeds from %2$s to %3$s
Enter who to message below to start.,Enter who to message below to start.
Entry %1$d has a field with the wrong data type.,Entry %1$d has a field with the wrong data type.
Entry %1$d isn't an object.,Entry %1$d isn't an object.
Errors,Errors
Expand activity list,Expand activity list
Explore or Community,Explore or Community
Export CSV,Export CSV
Export JSON,Export JSON
Export comments,Export comments
Export diagnostic report,Export diagnostic report
Export loaded values,Export loaded values
Exported %1$d comments and %2$d replies,Exported %1$d comments and %2$d replies
Exported %1$d loaded values,Exported %1$d loaded values
Exported 1 loaded value,Exported 1 loaded value
"Fade the buttons, caption and tabs over the video to this level instead of hiding them. 100 leaves them as TikTok draws them. Faded controls still take taps. At 0 the buttons and caption are hidden, and the tabs stay at 10.","Fade the buttons, caption and tabs over the video to this level instead of hiding them. 100 leaves them as TikTok draws them. Faded controls still take taps. At 0 the buttons and caption are hidden, and the tabs stay at 10."
Fade the feed out before the hold,Fade the feed out before the hold
Fade the video controls,Fade the video controls
Fall back to the watermarked copy,Fall back to the watermarked copy
Favorites range,Favorites range
Feature Gate Lab,Feature Gate Lab
Feature gate override reset,Feature gate override reset
Feature gate override saved,Feature gate override saved
Feature gate report copied,Feature gate report copied
Feed & layout,Feed & layout
Feed and navigation,Feed and navigation
Feed button size,Feed button size
Feed capture saved to %1$s. Read it before you share it.,Feed capture saved to %1$s. Read it before you share it.
"Feed capture started. Scroll until the problem shows up, then come back here to stop.","Feed capture started. Scroll until the problem shows up, then come back here to stop."
Feed filter,Feed filter
Feed screen,Feed screen
Feed tabs,Feed tabs
Feed tabs to keep,Feed tabs to keep
"Field %1$s can't be changed on this build. Take it out of the override, or reset the override.","Field %1$s can't be changed on this build. Take it out of the override, or reset the override."
Field edits were discarded,Field edits were discarded
Field edits weren't saved,Field edits weren't saved
Files,Files
"Files, subtitles and share sheet","Files, subtitles and share sheet"
Fill the screen with the video,Fill the screen with the video
Filter TikTok's offline videos,Filter TikTok's offline videos
Filter bottom tabs,Filter bottom tabs
Filter comments by keyword,Filter comments by keyword
Filter feed tabs,Filter feed tabs
Filter location-tagged videos,Filter location-tagged videos
Filter settings,Filter settings
Filter the LIVE feed,Filter the LIVE feed
Filter the list,Filter the list
Filter: %1$s,Filter: %1$s
"Filters, tabs and on-screen controls","Filters, tabs and on-screen controls"
"Filters, translation and copy options","Filters, translation and copy options"
"Filters, translation and inbox controls","Filters, translation and inbox controls"
Find the sound on YouTube Music,Find the sound on YouTube Music
First caller,First caller
First rejection:,First rejection:
Fit the video to the screen,Fit the video to the screen
Focus,Focus
Follow probe,Follow probe
Following,Following
Follows you,Follows you
For You,For You
"For You, Following and the other feed tabs stay behind a calm panel and won't swipe. Messages, profiles and search work as usual, a link to one video still opens that video, and the app opens on Inbox instead of the feed.","For You, Following and the other feed tabs stay behind a calm panel and won't swipe. Messages, profiles and search work as usual, a link to one video still opens that video, and the app opens on Inbox instead of the feed."
Forced %1$d gates of %2$d. The rest don't take a true or false value. Restart TikTok to apply this.,Forced %1$d gates of %2$d. The rest don't take a true or false value. Restart TikTok to apply this.
Forced %1$d gates. Restart TikTok to apply this.,Forced %1$d gates. Restart TikTok to apply this.
Forced 1 gate of %2$d. The rest don't take a true or false value. Restart TikTok to apply this.,Forced 1 gate of %2$d. The rest don't take a true or false value. Restart TikTok to apply this.
Forced 1 gate. Restart TikTok to apply this.,Forced 1 gate. Restart TikTok to apply this.
Forced result,Forced result
Forget saved videos,Forget saved videos
Forget seen videos after,Forget seen videos after
Forget the %1$s seen videos.,Forget the %1$s seen videos.
Forget the %1$s videos @%2$s has seen.,Forget the %1$s videos @%2$s has seen.
Forget the seen video.,Forget the seen video.
Forget the video @%2$s has seen.,Forget the video @%2$s has seen.
Forget what has been counted today and end any hold. The budgets themselves are left alone.,Forget what has been counted today and end any hold. The budgets themselves are left alone.
"Forget which videos Hushfeed saved here, so the already-saved check starts over. The saved files and your settings stay. Turning the check off doesn't erase this record.","Forget which videos Hushfeed saved here, so the already-saved check starts over. The saved files and your settings stay. Turning the check off doesn't erase this record."
Forgetting saved videos,Forgetting saved videos
Forgotten. Tap to put them back.,Forgotten. Tap to put them back.
Found %1$s in your chats.,Found %1$s in your chats.
Frame saved to %1$s,Frame saved to %1$s
Friends,Friends
Friends tab name,Friends tab name
"Friends won't see a green dot or Active now while you're in TikTok. Needs Ghost mode on. Their status may stop updating for you, and your last status can linger.","Friends won't see a green dot or Active now while you're in TikTok. Needs Ghost mode on. Their status may stop updating for you, and your last status can linger."
Full comment sort options,Full comment sort options
Full license,Full license
Full link copied,Full link copied
Full report saved to %1$s,Full report saved to %1$s
GIF,GIF
Galaxy Store,Galaxy Store
Gate data unavailable,Gate data unavailable
Gate details,Gate details
Generated defaults,Generated defaults
Gestures,Gestures
Ghost mode,Ghost mode
Ghost mode diagnostics,Ghost mode diagnostics
Go to the screen now. Hushfeed records its layout in %1$d seconds.,Go to the screen now. Hushfeed records its layout in %1$d seconds.
Got it,Got it
"HDR videos light the screen extra bright. This plays the standard (SDR) version instead, so the screen doesn't jump to full brightness. Videos with no standard version still play in HDR.","HDR videos light the screen extra bright. This plays the standard (SDR) version instead, so the screen doesn't jump to full brightness. Videos with no standard version still play in HDR."
HTTP,HTTP
Hand-off,Hand-off
Handle or id,Handle or id
Hidden %1$s on this phone,Hidden %1$s on this phone
Hidden LIVE categories,Hidden LIVE categories
Hidden commenters,Hidden commenters
Hidden: %1$s,Hidden: %1$s
Hide,Hide
Hide AI-generated videos,Hide AI-generated videos
Hide Bulletin board,Hide Bulletin board
Hide CAPTCHA popups,Hide CAPTCHA popups
Hide Footnotes,Hide Footnotes
Hide LIVE replays,Hide LIVE replays
Hide LIVE videos,Hide LIVE videos
Hide LIVE videos from the feed.,Hide LIVE videos from the feed.
Hide LIVEs hosted by verified accounts.,Hide LIVEs hosted by verified accounts.
Hide LIVEs that TikTok labels as a paid partnership or promotional content.,Hide LIVEs that TikTok labels as a paid partnership or promotional content.
Hide LIVEs that TikTok tags with a game or a gaming category.,Hide LIVEs that TikTok tags with a game or a gaming category.
Hide LIVEs that sell products or carry a TikTok Shop tag.,Hide LIVEs that sell products or carry a TikTok Shop tag.
Hide Search this image prompts,Hide Search this image prompts
Hide Series,Hide Series
Hide Thoughts on profiles,Hide Thoughts on profiles
Hide TikTok Shop,Hide TikTok Shop
Hide TikTok Shop in search,Hide TikTok Shop in search
Hide TikTok Shop posts from the feed.,Hide TikTok Shop posts from the feed.
"Hide TikTok's ""Search: ..."" banner above the comment count. This doesn't hide the comments or Hushfeed's comment-search box.","Hide TikTok's ""Search: ..."" banner above the comment count. This doesn't hide the comments or Hushfeed's comment-search box."
Hide TikTok's Auto scroll button,Hide TikTok's Auto scroll button
Hide TikTok's short drama episodes and the cards that promote them.,Hide TikTok's short drama episodes and the cards that promote them.
Hide TikTok's wind-down screens,Hide TikTok's wind-down screens
Hide a VPN connection,Hide a VPN connection
Hide activity,Hide activity
Hide activity status,Hide activity status
"Hide ads, Shop posts, LIVE videos and replays, promotional music, and paid partnerships.","Hide ads, Shop posts, LIVE videos and replays, promotional music, and paid partnerships."
Hide archive,Hide archive
Hide bottom tabs TikTok adds later unless you allow them.,Hide bottom tabs TikTok adds later unless you allow them.
Hide buttons in the right column,Hide buttons in the right column
Hide call buttons,Hide call buttons
Hide comment box buttons,Hide comment box buttons
Hide comment polls,Hide comment polls
Hide comment popup ads,Hide comment popup ads
Hide comment surveys,Hide comment surveys
Hide comment typing suggestions,Hide comment typing suggestions
Hide comments made of an image or a sticker instead of words.,Hide comments made of an image or a sticker instead of words.
"Hide comments that contain any of the words below, or that come from the accounts below.","Hide comments that contain any of the words below, or that come from the accounts below."
Hide controls after each video starts. Tap to restore them.,Hide controls after each video starts. Tap to restore them.
Hide conversations,Hide conversations
Hide effect and template tags,Hide effect and template tags
Hide every direct message conversation. Leaves the Inbox empty apart from whatever else is still turned on.,Hide every direct message conversation. Leaves the Inbox empty apart from whatever else is still turned on.
"Hide feed videos with place badges, even when they aren't paid ads. To keep the video and hide only its badge, use Hide location labels in Feed screen.","Hide feed videos with place badges, even when they aren't paid ads. To keep the video and hide only its badge, use Hide location labels in Feed screen."
"Hide floating promotion badges, coins, and timer banners on the feed.","Hide floating promotion badges, coins, and timer banners on the feed."
Hide floating promotions,Hide floating promotions
Hide gaming LIVEs,Hide gaming LIVEs
Hide inserted cards,Hide inserted cards
Hide location labels,Hide location labels
Hide message requests,Hide message requests
Hide message streaks,Hide message streaks
Hide mini dramas,Hide mini dramas
Hide new follower notifications,Hide new follower notifications
Hide new followers,Hide new followers
Hide online status,Hide online status
Hide paid partnerships,Hide paid partnerships
Hide people and options by name,Hide people and options by name
Hide photo posts,Hide photo posts
Hide photo posts from the feed.,Hide photo posts from the feed.
Hide picture comments,Hide picture comments
"Hide place badges on videos, including cards with multiple places. Videos and your location permissions stay unchanged.","Hide place badges on videos, including cards with multiple places. Videos and your location permissions stay unchanged."
Hide playlist videos,Hide playlist videos
Hide profile shortcuts,Hide profile shortcuts
Hide profile shortcuts by name,Hide profile shortcuts by name
Hide promotional music,Hide promotional music
Hide recommended searches before you type on TikTok's search page. Your search history stays. This doesn't hide suggestions above comments.,Hide recommended searches before you type on TikTok's search page. Your search history stays. This doesn't hide suggestions above comments.
Hide recorded LIVE broadcasts from the feed.,Hide recorded LIVE broadcasts from the feed.
Hide rows by title,Hide rows by title
Hide search rewards,Hide search rewards
Hide search suggestions above comments,Hide search suggestions above comments
Hide share actions,Hide share actions
Hide sharing apps,Hide sharing apps
Hide shopping LIVEs,Hide shopping LIVEs
Hide sponsored LIVEs,Hide sponsored LIVEs
Hide sticker suggestions,Hide sticker suggestions
Hide stories,Hide stories
Hide stories from the feed.,Hide stories from the feed.
Hide stories tray,Hide stories tray
Hide suggested accounts,Hide suggested accounts
Hide suggested replies,Hide suggested replies
Hide suggestions on the search page,Hide suggestions on the search page
Hide surveys,Hide surveys
Hide tabs TikTok adds later unless you allow them.,Hide tabs TikTok adds later unless you allow them.
"Hide the ""Search this image"" prompt shown over videos. The feed search button and suggestions above comments are separate settings.","Hide the ""Search this image"" prompt shown over videos. The feed search button and suggestions above comments are separate settings."
"Hide the Check sources banner TikTok puts on videos it marks as unverified, and the warnings it shows when you share one.","Hide the Check sources banner TikTok puts on videos it marks as unverified, and the warnings it shows when you share one."
Hide the Clear display controls,Hide the Clear display controls
Hide the Footnotes banner TikTok shows on a video that has a note attached. The video and its comments stay as they are.,Hide the Footnotes banner TikTok shows on a video that has a note attached. The video and its comments stay as they are.
Hide the Full screen button,Hide the Full screen button
Hide the Full screen button over videos. Playback and automatic rotation keep working as before.,Hide the Full screen button over videos. Playback and automatic rotation keep working as before.
Hide the Inbox search button,Hide the Inbox search button
Hide the LIVE bubble,Hide the LIVE bubble
Hide the LIVE button,Hide the LIVE button
Hide the LIVE button in the top left corner of the feed.,Hide the LIVE button in the top left corner of the feed.
Hide the Products block and product cards in search results.,Hide the Products block and product cards in search results.
Hide the Report button on videos,Hide the Report button on videos
Hide the Send to row,Hide the Send to row
Hide the Share via row.,Hide the Share via row.
"Hide the Tako AI bubble above the profile button, the Ask bar under videos, the Ask Tako button on the search page, the Ask Tako tab on search results and the Tako bar above comments.","Hide the Tako AI bubble above the profile button, the Ask bar under videos, the Ask Tako button on the search page, the Ask Tako tab on search results and the Tako bar above comments."
Hide the Tako bubble,Hide the Tako bubble
Hide the Tako chat,Hide the Tako chat
"Hide the Thoughts bubble TikTok shows above a profile picture, and the prompt to share one on your own profile. Restart TikTok to apply this.","Hide the Thoughts bubble TikTok shows above a profile picture, and the prompt to share one on your own profile. Restart TikTok to apply this."
Hide the actions row of the share sheet.,Hide the actions row of the share sheet.
Hide the add people icon,Hide the add people icon
Hide the bottom tab names,Hide the bottom tab names
"Hide the button at the top left of the feed that opens TikTok's side menu, with Your orders, TikTok Minis and more.","Hide the button at the top left of the feed that opens TikTok's side menu, with Your orders, TikTok Minis and more."
Hide the caption,Hide the caption
Hide the comment bar on opened videos,Hide the comment bar on opened videos
Hide the description under the creator's name on the feed.,Hide the description under the creator's name on the feed.
Hide the event badge,Hide the event badge
"Hide the fill-in videos TikTok sends to For You without picking them for you. When a whole batch is fill-in, it stays so the feed doesn't run dry.","Hide the fill-in videos TikTok sends to For You without picking them for you. When a whole batch is fill-in, it stays so the feed doesn't run dry."
Hide the flag button TikTok puts above the creator's picture in some regions. You can still report a video from the share menu.,Hide the flag button TikTok puts above the creator's picture in some regions. You can still report a video from the share menu.
Hide the floating promotional badge over the feed.,Hide the floating promotional badge over the feed.
Hide the follow button on the feed,Hide the follow button on the feed
Hide the friend recommendation card and the other cards TikTok slots between videos.,Hide the friend recommendation card and the other cards TikTok slots between videos.
Hide the group chat prompt,Hide the group chat prompt
Hide the launcher shortcuts,Hide the launcher shortcuts
Hide the magnifying glass at the top of Inbox. Search on the feed and in comments is unchanged.,Hide the magnifying glass at the top of Inbox. Search on the feed and in comments is unchanged.
Hide the magnifying glass at the top right of the feed. Search in Inbox and suggestions above comments stay unchanged.,Hide the magnifying glass at the top right of the feed. Search in Inbox and suggestions above comments stay unchanged.
Hide the music line,Hide the music line
"Hide the notification saying somebody new followed you before it reaches the drawer. Every other notification is left alone, and the follower still appears in the Inbox.","Hide the notification saying somebody new followed you before it reaches the drawer. Every other notification is left alone, and the follower still appears in the Inbox."
"Hide the photo, @ and gift buttons in the box where you write a comment. Emoji and sending work as before.","Hide the photo, @ and gift buttons in the box where you write a comment. Emoji and sending work as before."
Hide the playlist bar,Hide the playlist bar
Hide the playlist bar along the bottom of videos that belong to a series.,Hide the playlist bar along the bottom of videos that belong to a series.
Hide the plus button under the creator's picture in the right column. Ticking Avatar and follow button above hides the picture with it.,Hide the plus button under the creator's picture in the right column. Ticking Avatar and follow button above hides the picture with it.
"Hide the points banner under the search box and the coin counter floating over search results, which TikTok shows in some regions. Searching works as before.","Hide the points banner under the search box and the coin counter floating over search results, which TikTok shows in some regions. Searching works as before."
Hide the purple rewards button beside Add friends on your profile.,Hide the purple rewards button beside Add friends on your profile.
Hide the question cards TikTok slides over a video near its end.,Hide the question cards TikTok slides over a video near its end.
Hide the question cards TikTok sometimes puts in a comment list to ask what you think.,Hide the question cards TikTok sometimes puts in a comment list to ask what you think.
Hide the quick emoji row and automatic sticker suggestions that appear while you type. The emoji and sticker buttons still work.,Hide the quick emoji row and automatic sticker suggestions that appear while you type. The emoji and sticker buttons still work.
"Hide the red counts and dots on every bottom tab, Inbox and Profile included. The inbox itself still shows what came in.","Hide the red counts and dots on every bottom tab, Inbox and Profile included. The inbox itself still shows what came in."
Hide the rewards shortcut,Hide the rewards shortcut
Hide the right column,Hide the right column
Hide the row of friends at the top of the share sheet.,Hide the row of friends at the top of the share sheet.
Hide the save button in the right column. Ticking Save in the list above hides it too.,Hide the save button in the right column. Ticking Save in the list above hides it too.
Hide the save button on the feed,Hide the save button on the feed
Hide the search bar below videos,Hide the search bar below videos
Hide the search button on the feed,Hide the search button on the feed
Hide the share prompt after a like,Hide the share prompt after a like
Hide the side menu button,Hide the side menu button
Hide the status bar,Hide the status bar
Hide the status bar in LIVE rooms,Hide the status bar in LIVE rooms
Hide the streak button in a chat and the reminder message that goes with it.,Hide the streak button in a chat and the reminder message that goes with it.
Hide the suggested-search strip above the bottom tabs and let video details and side controls use its space. The top search button and comments stay unchanged.,Hide the suggested-search strip above the bottom tabs and let video details and side controls use its space. The top search button and comments stay unchanged.
Hide the tab names above the feed,Hide the tab names above the feed
"Hide the tags above a video's description that invite you to try an effect, a template, CapCut or an AI style. Location labels and the music line have their own switches.","Hide the tags above a video's description that invite you to try an effect, a template, CapCut or an AI style. Location labels and the music line have their own switches."
Hide the track name beside the caption.,Hide the track name beside the caption.
Hide the unread badges on the bottom tabs,Hide the unread badges on the bottom tabs
"Hide the whole column on the right, from the avatar down to the music disc.","Hide the whole column on the right, from the avatar down to the music disc."
Hide this creator on this phone,Hide this creator on this phone
Hide unpersonalized For You videos,Hide unpersonalized For You videos
Hide unverified content notices,Hide unverified content notices
Hide verified accounts,Hide verified accounts
Hide verified creators' LIVEs,Hide verified creators' LIVEs
Hide video actions,Hide video actions
Hide videos marked as paid partnership or branded content.,Hide videos marked as paid partnership or branded content.
Hide videos marked as using promotional music.,Hide videos marked as using promotional music.
Hide videos posted as part of a playlist.,Hide videos posted as part of a playlist.
Hide videos posted by verified accounts.,Hide videos posted by verified accounts.
Hide videos that belong to a paid Series.,Hide videos that belong to a paid Series.
"Hide videos that use a sound blocked with the player's sound button, or named below.","Hide videos that use a sound blocked with the player's sound button, or named below."
"Hide videos with TikTok's AI-generated label, AI content credentials, a TikTok AI effect such as AI Alive, or a tag like #ai or #aigenerated.","Hide videos with TikTok's AI-generated label, AI content credentials, a TikTok AI effect such as AI Alive, or a tag like #ai or #aigenerated."
Hide videos with a lot of views and few comments. Works the same way as views per like. Zero turns it off.,Hide videos with a lot of views and few comments. Works the same way as views per like. Zero turns it off.
"Hide videos with a lot of views and few likes. Lower numbers are stricter, zero turns the rule off, and one video is kept back if everything the feed just sent would go.","Hide videos with a lot of views and few likes. Lower numbers are stricter, zero turns the rule off, and one video is kept back if everything the feed just sent would go."
Hide videos with blocked sounds,Hide videos with blocked sounds
Hide videos you have already seen,Hide videos you have already seen
"Hide voting cards and poll results above the comments, including polls that have ended.","Hide voting cards and poll results above the comments, including polls that have ended."
"Hides rooms in the LIVE feed you swipe through, using the rules below. Blocked creators, Creators hidden on this phone and Creator exceptions apply here too, and Blocked caption words are checked against each LIVE's title. The first room the LIVE button opens isn't filtered. If every room would be hidden, one gets through so the feed keeps loading.","Hides rooms in the LIVE feed you swipe through, using the rules below. Blocked creators, Creators hidden on this phone and Creator exceptions apply here too, and Blocked caption words are checked against each LIVE's title. The first room the LIVE button opens isn't filtered. If every room would be hidden, one gets through so the feed keeps loading."
"Hides the comment count, the sort and close buttons and the suggestions above them. Use Back or swipe down to close comments.","Hides the comment count, the sort and close buttons and the suggestions above them. Use Back or swipe down to close comments."
Hiding,Hiding
Highest,Highest
Historical,Historical
Historical values,Historical values
Hold a gate to choose several,Hold a gate to choose several
Hold a photo story,Hold a photo story
Hold speed on Comment,Hold speed on Comment
Hold speed on Favorites,Hold speed on Favorites
Hold speed on Share,Hold speed on Share
Hold the feed after the budget,Hold the feed after the budget
Home,Home
Home tab name,Home tab name
Hook status,Hook status
How far each edge press moves the video.,How far each edge press moves the video.
How long each photo stays on screen in a video made from a photo post.,How long each photo stays on screen in a video made from a photo post.
How much of a video you watch before it's hidden next time. Zero counts it after a few seconds.,How much of a video you watch before it's hidden next time. Zero counts it after a few seconds.
"How wide each edge strip is, as a percent of the screen width.","How wide each edge strip is, as a percent of the screen width."
Hushfeed blocked TikTok's reports here. It hasn't confirmed that you stay off viewer lists.,Hushfeed blocked TikTok's reports here. It hasn't confirmed that you stay off viewer lists.
Hushfeed can't read the creator pattern %1$s,Hushfeed can't read the creator pattern %1$s
Hushfeed hid a TikTok CAPTCHA. Turn off Hide CAPTCHA popups if something stops working.,Hushfeed hid a TikTok CAPTCHA. Turn off Hide CAPTCHA popups if something stops working.
Hushfeed is active,Hushfeed is active
Hushfeed is paused,Hushfeed is paused
Hushfeed is paused. Ghost mode isn't active.,Hushfeed is paused. Ghost mode isn't active.
Hushfeed runtime changes are paused. Your settings stay saved. Changes built into the APK remain.,Hushfeed runtime changes are paused. Your settings stay saved. Changes built into the APK remain.
Hushfeed turns back on when TikTok restarts.,Hushfeed turns back on when TikTok restarts.
"Hushfeed's downloader doesn't fill this in, so it's kept as typed: %1$s","Hushfeed's downloader doesn't fill this in, so it's kept as typed: %1$s"
Hushfeed's downloader: %1$s,Hushfeed's downloader: %1$s
"If that name is taken, Android adds a number to the new file.","If that name is taken, Android adds a number to the new file."
"If that name is taken, Hushfeed adds a number to the new file.","If that name is taken, Hushfeed adds a number to the new file."
Import finished,Import finished
Import loaded values,Import loaded values
Import watch history,Import watch history
Imported %1$d values,Imported %1$d values
Imported %1$d values. Undo last Lab change is in the menu.,Imported %1$d values. Undo last Lab change is in the menu.
Importing new history ended Undo for the earlier clear. You can clear the imported history.,Importing new history ended Undo for the earlier clear. You can clear the imported history.
Importing watch history,Importing watch history
In a chat,In a chat
Inbox,Inbox
Inbox tab name,Inbox tab name
Include diagnostic events,Include diagnostic events
Included diagnostics,Included diagnostics
Includes all diagnostic events.,Includes all diagnostic events.
Includes these events: %1$s,Includes these events: %1$s
Inserted cards,Inserted cards
"Install one, then come back here.","Install one, then come back here."
Joined,Joined
Keep For You on a Home tap,Keep For You on a Home tap
Keep For You on a pull down,Keep For You on a pull down
Keep a local record of what you have watched and hide those videos when the feed sends them again.,Keep a local record of what you have watched and hide those videos when the feed sends them again.
Keep a paused video paused,Keep a paused video paused
"Keep a photo story on screen until you tap or swipe, instead of moving on after a few seconds.","Keep a photo story on screen until you tap or swipe, instead of moving on after a few seconds."
Keep a streak going,Keep a streak going
Keep captions in clear display,Keep captions in clear display
Keep going,Keep going
Keep long press from quick sharing,Keep long press from quick sharing
Keep long press from reposting,Keep long press from reposting
Keep offline videos out of the feed,Keep offline videos out of the feed
Keep offline videos until you delete them,Keep offline videos until you delete them
Keep playing in the background,Keep playing in the background
"Keep playing in the background is on in Hushfeed's Playback settings, so TikTok gets 2 for this key and an override here has no effect until that switch is off.","Keep playing in the background is on in Hushfeed's Playback settings, so TikTok gets 2 for this key and an override here has no effect until that switch is off."
Keep the Favorites tab,Keep the Favorites tab
Keep the clock and status icons off the screen while TikTok is open. Swipe down from the top to peek at them.,Keep the clock and status icons off the screen while TikTok is open. Swipe down from the top to peek at them.
Keep the screen's refresh rate,Keep the screen's refresh rate
"Keep the speed you chose for the next video. Off, each new video starts at 1x and a manual choice lasts for that video only.","Keep the speed you chose for the next video. Off, each new video starts at 1x and a manual choice lasts for that video only."
Keep this string to %1$s characters or fewer.,Keep this string to %1$s characters or fewer.
Keep this structured value to %1$s KB or less.,Keep this structured value to %1$s KB or less.
Keep videos out of Watch history,Keep videos out of Watch history
Keep watching in a small window,Keep watching in a small window
"Keep what you search for out of the search history TikTok saves on this phone. Searches already there stay until you delete them, and TikTok's servers may still keep their own record.","Keep what you search for out of the search history TikTok saves on this phone. Searches already there stay until you delete them, and TikTok's servers may still keep their own record."
"Keeps logging until you turn it off, even after a restart. TikTok can feel slower while it's on.","Keeps logging until you turn it off, even after a restart. TikTok can feel slower while it's on."
"Kept to %1$s, the nearest value this row allows","Kept to %1$s, the nearest value this row allows"
Kinds of post,Kinds of post
LIVE,LIVE
LIVE feed,LIVE feed
LIVE followers range,LIVE followers range
LIVE replays,LIVE replays
LIVE settings,LIVE settings
LIVE share actions,LIVE share actions
LIVE videos,LIVE videos
LIVE viewers range,LIVE viewers range
Lab data reset. Undo last Lab change is in the menu. Restart TikTok to apply this.,Lab data reset. Undo last Lab change is in the menu. Restart TikTok to apply this.
"Lab data was over its rule limit, so it was cleared without an undo copy. Restart TikTok to apply this.","Lab data was over its rule limit, so it was cleared without an undo copy. Restart TikTok to apply this."
Lab overrides reset. Undo last Lab change is in the menu. Restart TikTok to apply this.,Lab overrides reset. Undo last Lab change is in the menu. Restart TikTok to apply this.
Lab settings put back. Restart TikTok to apply this.,Lab settings put back. Restart TikTok to apply this.
Language,Language
Larger (1.25x),Larger (1.25x)
Last change put back. Restart TikTok to apply all changes.,Last change put back. Restart TikTok to apply all changes.
Last change put back. The Feature Gate Lab rules were for another TikTok version and were left out. Restart TikTok to apply all changes.,Last change put back. The Feature Gate Lab rules were for another TikTok version and were left out. Restart TikTok to apply all changes.
Last original value,Last original value
Last recording: %1$d gates.,Last recording: %1$d gates.
Last recording: 1 gate.,Last recording: 1 gate.
Later,Later
Layout,Layout
"Layout, search, profile and system","Layout, search, profile and system"
Leave maximum empty to keep it unlimited.,Leave maximum empty to keep it unlimited.
"Leave out the interest picker, the language and gender questions, the creators to follow, the swipe up tutorial and TikTok's notification page when TikTok runs its setup. Consent, age and sign-in screens still show.","Leave out the interest picker, the language and gender questions, the creators to follow, the swipe up tutorial and TikTok's notification page when TikTok runs its setup. Consent, age and sign-in screens still show."
Leave the sound out of the saved video. Save the sound as well still writes the .m4a beside it if you want both.,Leave the sound out of the saved video. Save the sound as well still writes the .m4a beside it if you want both.
Leave when TikTok says time is up,Leave when TikTok says time is up
Left edge strip,Left edge strip
Length and views per like,Length and views per like
Less than a minute left,Less than a minute left
Let a LIVE fill the screen up to the top edge. The status bar comes back when you leave the LIVE. Swipe down from the top to peek at it.,Let a LIVE fill the screen up to the top edge. The status bar comes back when you leave the LIVE. Swipe down from the top to peek at it.
"Let comments, repost notes and your bio run past the length TikTok's app stops at. TikTok's servers can still turn down a long one.","Let comments, repost notes and your bio run past the length TikTok's app stops at. TikTok's servers can still turn down a long one."
"Let screenshots, screen recording and Circle to Search work on TikTok again. Restart TikTok to apply this.","Let screenshots, screen recording and Circle to Search work on TikTok again. Restart TikTok to apply this."
Let the Offline videos menu use your own limit instead of TikTok's fixed one. Restart TikTok to apply this.,Let the Offline videos menu use your own limit instead of TikTok's fixed one. Restart TikTok to apply this.
Let the last video finish,Let the last video finish
Licenses,Licenses
Lift text length limits,Lift text length limits
Like,Like
Liked videos,Liked videos
Likes range,Likes range
Limits,Limits
Link copied,Link copied
Links,Links
Links in comments open,Links in comments open
Live photo clip,Live photo clip
Live photo clip saved to %1$s,Live photo clip saved to %1$s
Live photo clips: %1$s,Live photo clips: %1$s
Loaded current values. Loading all known gates…,Loaded current values. Loading all known gates…
Loaded values are still being read. Try again in a moment.,Loaded values are still being read. Try again in a moment.
Loaded-value file export failed,Loaded-value file export failed
Loading gates…,Loading gates…
Loading the gate list and TikTok's current values…,Loading the gate list and TikTok's current values…
Location-tagged videos,Location-tagged videos
Lock TikTok,Lock TikTok
Lock again after,Lock again after
Lock the feed,Lock the feed
Lock the hold speed with a pull down,Lock the hold speed with a pull down
Lock today's budget,Lock today's budget
Log diagnostics,Log diagnostics
Log diagnostics for 15 minutes,Log diagnostics for 15 minutes
Logging diagnostics until %1$s,Logging diagnostics until %1$s
Logging until %1$s. Tap to stop now.,Logging until %1$s. Tap to stop now.
"Logging, hook status and reports","Logging, hook status and reports"
"Logs for 15 minutes, then stops on its own. Restarting TikTok doesn't move the end, and the switch above stays as you set it.","Logs for 15 minutes, then stops on its own. Restarting TikTok doesn't move the end, and the switch above stays as you set it."
Long press,Long press
Long-press Home for Hushfeed settings,Long-press Home for Hushfeed settings
"Long-press a bio to copy it. A profile's share sheet gets buttons that copy its username and user ID, and a video's share sheet one that copies the video ID.","Long-press a bio to copy it. A profile's share sheet gets buttons that copy its username and user ID, and a video's share sheet one that copies the video ID."
Long-press menu on every post,Long-press menu on every post
Looking for apps,Looking for apps
Loop a story,Loop a story
Lowest,Lowest
"Makes TikTok see the country and carrier you pick as your SIM. Your IP address, account history and language don't change, and any one of them can make TikTok keep your current region. Restart TikTok to see the change.","Makes TikTok see the country and carrier you pick as your SIM. Your IP address, account history and language don't change, and any one of them can make TikTok keep your current region. Restart TikTok to see the change."
"Makes TikTok see the country you pick as your SIM. Your IP address, account history and language don't change, and any one of them can make TikTok keep your current region. Restart TikTok to see the change.","Makes TikTok see the country you pick as your SIM. Your IP address, account history and language don't change, and any one of them can make TikTok keep your current region. Restart TikTok to see the change."
"Makes the heart easier to tap by using the empty space around it. The icon and spacing look the same, and Reply and other buttons keep their own space.","Makes the heart easier to tap by using the empty space around it. The icon and spacing look the same, and Reply and other buttons keep their own space."
Making a video of the photos,Making a video of the photos
Manage topics,Manage topics
Manager,Manager
Mark saved videos,Mark saved videos
Marked as not interested,Marked as not interested
Match locale and timezone to country,Match locale and timezone to country
Match region fields in requests,Match region fields in requests
Match text stickers too,Match text stickers too
Matches the rule: %1$s,Matches the rule: %1$s
Maximum,Maximum
Maximum post age,Maximum post age
Maximum video length,Maximum video length
Maximum views per comment,Maximum views per comment
Maximum views per like,Maximum views per like
Media,Media
Media config (VE),Media config (VE)
Media save,Media save
Message,Message
"Message bubble colors, Inbox archive and sharing to more chats","Message bubble colors, Inbox archive and sharing to more chats"
"Messages, profiles and search still work.","Messages, profiles and search still work."
Microphone in use,Microphone in use
Mini dramas,Mini dramas
Minimum,Minimum
More opens the comments,More opens the comments
More options,More options
"More than %1$d comments were loaded, so the rest aren't in the file.","More than %1$d comments were loaded, so the rest aren't in the file."
Move down,Move down
Move left,Move left
Move right,Move right
"Move to the next video when the current one ends. Pauses, open dialogs and screen-time holds stop it. Restart TikTok to apply this.","Move to the next video when the current one ends. Pauses, open dialogs and screen-time holds stop it. Restart TikTok to apply this."
Move up,Move up
Music disc,Music disc
Mute feed videos,Mute feed videos
Muted,Muted
Nearby,Nearby
Network proxy,Network proxy
Never from these countries,Never from these countries
New value,New value
Next message: today at %1$s.,Next message: today at %1$s.
Next message: tomorrow at %1$s.,Next message: tomorrow at %1$s.
No,No
No app on this phone opens that file,No app on this phone opens that file
No apps match this search,No apps match this search
"No chat with @%1$s turned up on this account. Open your chat with them once, then try again.","No chat with @%1$s turned up on this account. Open your chat with them once, then try again."
No cleared videos fit the current history limits.,No cleared videos fit the current history limits.
No comments are loaded to export yet.,No comments are loaded to export yet.
No creator to block on this video,No creator to block on this video
No creator to hide on this video,No creator to hide on this video
"No creators are hidden yet. Hide one from a video, or add a handle above.","No creators are hidden yet. Hide one from a video, or add a handle above."
No current value,No current value
No current value and no active override,No current value and no active override
No delay,No delay
No gate data is available. Refresh values from the menu to try again.,No gate data is available. Refresh values from the menu to try again.
No gate reads were recorded. Use a TikTok feature while recording.,No gate reads were recorded. Use a TikTok feature while recording.
No gates match this filter.,No gates match this filter.
No gates match this search and filter.,No gates match this search and filter.
No hidden creators match this search. Clear the search to see them all.,No hidden creators match this search. Clear the search to see them all.
No limit,No limit
"No matching comments. Try a different word, or clear the search with the X in the box.","No matching comments. Try a different word, or clear the search with the X in the box."
No matching countries. Try a country name or a two-letter code.,No matching countries. Try a country name or a two-letter code.
No matching diagnostics found,No matching diagnostics found
No matching settings,No matching settings
No other app takes shared text,No other app takes shared text
No popups have been seen yet,No popups have been seen yet
No preset selected. Choose a preset above.,No preset selected. Choose a preset above.
No presets have been reviewed for TikTok %1$s yet,No presets have been reviewed for TikTok %1$s yet
No profile shortcuts have been seen yet,No profile shortcuts have been seen yet
"No recording yet. Start one, use a feature, then return here.","No recording yet. Start one, use a feature, then return here."
No rule matches this text.,No rule matches this text.
"No rules yet, so nothing would match.","No rules yet, so nothing would match."
No seen videos recorded yet.,No seen videos recorded yet.
No share actions have been seen yet,No share actions have been seen yet
No share actions match this search,No share actions match this search
No sound to block on this video,No sound to block on this video
No suggested accounts to clear,No suggested accounts to clear
No video selected. Open a video first.,No video selected. Open a video first.
"Nobody was signed in to TikTok. Sign in, and it tries again at %1$s.","Nobody was signed in to TikTok. Sign in, and it tries again at %1$s."
None of the photos could be saved. Try again.,None of the photos could be saved. Try again.
None of these gates had an override to reset.,None of these gates had an override to reset.
None of these gates takes a true or false value.,None of these gates takes a true or false value.
None recorded,None recorded
Normal,Normal
"Not a handle or id, so ignored: %1$s","Not a handle or id, so ignored: %1$s"
"Not a part Hushfeed fills in, so it's kept as typed: %1$s","Not a part Hushfeed fills in, so it's kept as typed: %1$s"
Not blocked,Not blocked
Not interested in this video,Not interested in this video
Not read yet,Not read yet
Not requested in this process yet,Not requested in this process yet
Not saved yet,Not saved yet
Not seen,Not seen
Not seen yet,Not seen yet
Not sent,Not sent
"Nothing has been checked yet, so there's nothing to report.","Nothing has been checked yet, so there's nothing to report."
"Nothing has been looked up yet. Use the app for a moment, then come back.","Nothing has been looked up yet. Use the app for a moment, then come back."
Nothing hidden.,Nothing hidden.
Nothing is playing to seek,Nothing is playing to seek
"Nothing new was imported. %1$d already matched, %2$d unavailable, %3$d rejected.","Nothing new was imported. %1$d already matched, %2$d unavailable, %3$d rejected."
"Nothing new was imported. %1$d already matched, %2$d unavailable, %3$d rejected. First rejection: %4$s","Nothing new was imported. %1$d already matched, %2$d unavailable, %3$d rejected. First rejection: %4$s"
Nothing on this page changes what TikTok does until they are on.,Nothing on this page changes what TikTok does until they are on.
Nothing to undo yet.,Nothing to undo yet.
"Nothing was recorded because Hushfeed settings were still open. Start again, then leave settings.","Nothing was recorded because Hushfeed settings were still open. Start again, then leave settings."
Nothing was sent. Check the streak settings and try again.,Nothing was sent. Check the streak settings and try again.
Notices from this project and the ones it's built on,Notices from this project and the ones it's built on
OK,OK
Off,Off
"Off forces the value to false, on forces it to true. Reset lets TikTok decide again.","Off forces the value to false, on forces it to true. Reset lets TikTok decide again."
Off. TikTok can report views and typing.,Off. TikTok can report views and typing.
Offline videos,Offline videos
Offline videos limit,Offline videos limit
On,On
"On a one-photo post, Download video makes an MP4 with the post's sound and no TikTok logo or end card. On a post with several photos, Download asks if you want the originals or one video.","On a one-photo post, Download video makes an MP4 with the post's sound and no TikTok logo or end card. On a post with several photos, Download asks if you want the originals or one video."
On mobile data,On mobile data
On or off,On or off
"On the Friends tab, hide posts, reposts and LIVEs from accounts that aren't a mutual follow, suggested accounts included. Your own posts stay.","On the Friends tab, hide posts, reposts and LIVEs from accounts that aren't a mutual follow, suggested accounts included. Your own posts stay."
On. Hushfeed hasn't seen TikTok send any reports since it started.,On. Hushfeed hasn't seen TikTok send any reports since it started.
On. Restore puts back the feed setup you had before.,On. Restore puts back the feed setup you had before.
"Once today's budget runs out, the hold stays and can't be dismissed. The budget settings are locked until the day starts over. Turn this off any time before the budget runs out.","Once today's budget runs out, the hold stays and can't be dismissed. The budget settings are locked until the day starts over. Turn this off any time before the budget runs out."
One area was checked and everything it needs is here.,One area was checked and everything it needs is here.
One minute left,One minute left
One more save waiting,One more save waiting
"One of the quote marks in that list has nothing to close it, so the rest of the line reads as one phrase. Add the missing quote or take the stray one out.","One of the quote marks in that list has nothing to close it, so the rest of the line reads as one phrase. Add the missing quote or take the stray one out."
One value per line,One value per line
One video was recorded before each account kept its own list. It hides nothing until you add it here.,One video was recorded before each account kept its own list. It hides nothing until you add it here.
Only bottom tabs TikTok has loaded on this device are shown here. This doesn't force unavailable tabs to appear.,Only bottom tabs TikTok has loaded on this device are shown here. This doesn't force unavailable tabs to appear.
Only fields the Lab can check and copy safely are shown.,Only fields the Lab can check and copy safely are shown.
Only from these countries,Only from these countries
Only tabs TikTok has loaded on this device are shown here. This doesn't force unavailable tabs to appear.,Only tabs TikTok has loaded on this device are shown here. This doesn't force unavailable tabs to appear.
Only the first %1$s characters of the sample were checked.,Only the first %1$s characters of the sample were checked.
Only these caption languages,Only these caption languages
Open,Open
Open TikTok on,Open TikTok on
"Open a share sheet once, then return here to choose its actions.","Open a share sheet once, then return here to choose its actions."
Open and close TikTok's screens without their slide. Swipes inside a screen still follow your finger.,Open and close TikTok's screens without their slide. Swipes inside a screen still follow your finger.
Open comments,Open comments
Open external links directly,Open external links directly
Open messages,Open messages
Open profile and story website links in your system browser instead of TikTok's in-app browser.,Open profile and story website links in your system browser instead of TikTok's in-app browser.
Open shared videos alone,Open shared videos alone
Open the feed anyway,Open the feed anyway
"Open the feed anyway, %1$d left today","Open the feed anyway, %1$d left today"
"Open the feed anyway, the last time today","Open the feed anyway, the last time today"
Open the feed once so Hushfeed can see which bottom tabs TikTok loaded.,Open the feed once so Hushfeed can see which bottom tabs TikTok loaded.
Open the feed once so Hushfeed can see which tabs TikTok loaded.,Open the feed once so Hushfeed can see which tabs TikTok loaded.
Open the profile again and try once more,Open the profile again and try once more
Open the story again and try once more,Open the story again and try once more
"Open your profile once, then return here to choose its shortcuts.","Open your profile once, then return here to choose its shortcuts."
Opens github.com in your browser,Opens github.com in your browser
Operator code,Operator code
Operator name,Operator name
"Optional, used with the user name. It isn't shown, logged or put in a backup.","Optional, used with the user name. It isn't shown, logged or put in a backup."
"Optional. Only connections made by Android itself can sign in to a proxy, not TikTok's own. Leave empty for a proxy without a password.","Optional. Only connections made by Android itself can sign in to a proxy, not TikTok's own. Leave empty for a proxy without a password."
Original language,Original language
Original photos,Original photos
Original sound,Original sound
Other,Other
Other feed filters,Other feed filters
Overridden,Overridden
Override,Override
Override SIM details,Override SIM details
"Override set, not read yet","Override set, not read yet"
Override store region (experimental),Override store region (experimental)
Override this configuration,Override this configuration
Override this gate,Override this gate
Overrides are disabled in the Feature Gate Lab.,Overrides are disabled in the Feature Gate Lab.
Overrides disabled. Restart TikTok to apply this.,Overrides disabled. Restart TikTok to apply this.
Overrides enabled. Restart TikTok to apply this.,Overrides enabled. Restart TikTok to apply this.
Paid partnerships,Paid partnerships
Pass TikTok's install checks,Pass TikTok's install checks
Pause,Pause
Pause Hushfeed,Pause Hushfeed
Pause runtime changes after restarting TikTok. Your settings stay saved. Changes built into the APK remain.,Pause runtime changes after restarting TikTok. Your settings stay saved. Changes built into the APK remain.
Paused,Paused
Pauses the video behind the comment sheet while you read. It plays on from the same spot when the sheet closes.,Pauses the video behind the comment sheet while you read. It plays on from the same spot when the sheet closes.
"People, shortcuts and sending controls","People, shortcuts and sending controls"
Photo,Photo
Photo and image posts,Photo and image posts
Photo destination,Photo destination
Photo filename,Photo filename
Photos and stickers,Photos and stickers
"Photos can't be saved to the folder in that file, so your photo folder was kept","Photos can't be saved to the folder in that file, so your photo folder was kept"
"Pick apps to add to the Share via row, before More. Each gets the same link the other apps get.","Pick apps to add to the Share via row, before More. Each gets the same link the other apps get."
Pick the actions to remove from the share sheet. Names you typed by hand that TikTok hasn't shown yet stay in the list above.,Pick the actions to remove from the share sheet. Names you typed by hand that TikTok hasn't shown yet stay in the list above.
Pick the buttons to take off the column. The rest stay where they are.,Pick the buttons to take off the column. The rest stay where they are.
"Pick the popups to stop. The list holds the ones TikTok has tried to show on this phone, so a popup appears here after its first showing. CAPTCHA, verification, sign-in, age, ban and legal consent screens are never listed or blocked.","Pick the popups to stop. The list holds the ones TikTok has tried to show on this phone, so a popup appears here after its first showing. CAPTCHA, verification, sign-in, age, ban and legal consent screens are never listed or blocked."
"Pick the shortcuts to remove from the row under a profile's bio, such as TikTok Studio or Your orders. Restart TikTok to apply this.","Pick the shortcuts to remove from the row under a profile's bio, such as TikTok Studio or Your orders. Restart TikTok to apply this."
Picks the older H.264 video format when TikTok also offers a newer one (HEVC or ByteVC2). It helps phones that stutter or run hot. Videos without an H.264 version still play.,Picks the older H.264 video format when TikTok also offers a newer one (HEVC or ByteVC2). It helps phones that stutter or run hot. Videos without an H.264 version still play.
Play,Play
Play SDR instead of HDR,Play SDR instead of HDR
Play Store,Play Store
"Play feed videos without sound and leave the phone's volume alone. Music from another app keeps playing while it's on. DMs, stories and LIVE keep their sound.","Play feed videos without sound and leave the phone's volume alone. Music from another app keeps playing while it's on. DMs, stories and LIVE keep their sound."
Play sounds TikTok pulled,Play sounds TikTok pulled
Play the audio on videos TikTok silenced because their sound was pulled for copyright or in your region. TikTok may still say the sound isn't available.,Play the audio on videos TikTok silenced because their sound was pulled for copyright or in your region. TikTok may still say the sound isn't available.
Playback,Playback
Player,Player
Playlist posts,Playlist posts
Plays videos that TikTok covers with a content warning without asking you to tap through first.,Plays videos that TikTok covers with a content warning without asking you to tap through first.
Popular,Popular
Popups,Popups
Post age,Post age
Post dates in the feed,Post dates in the feed
Post every video as if you'd turned on TikTok's own HD upload on the post page. A clip TikTok doesn't count as high quality posts as before.,Post every video as if you'd turned on TikTok's own HD upload on the post page. A clip TikTok doesn't count as high quality posts as before.
Posting,Posting
Prefer H.264 video,Prefer H.264 video
Preset,Preset
Preset applied. Restart TikTok to use it.,Preset applied. Restart TikTok to use it.
Preset saved. Turn on overrides in the Lab to use it.,Preset saved. Turn on overrides in the Lab to use it.
Press and hold a profile picture to save the full size original to your photo destination.,Press and hold a profile picture to save the full size original to your photo destination.
"Press and hold a story to save it. Stories have no save button of their own, and holding one is how TikTok pauses it, so this takes that gesture over.","Press and hold a story to save it. Stories have no save button of their own, and holding one is how TikTok pauses it, so this takes that gesture over."
Press and hold the Home tab to open these settings. A tap on Home works as before.,Press and hold the Home tab to open these settings. A tap on Home works as before.
Press and hold the left or right third of the screen to jump back or forward. The middle third keeps the Long press action.,Press and hold the left or right third of the screen to jump back or forward. The middle third keeps the Long press action.
Preview shortened. Save report keeps the full report.,Preview shortened. Save report keeps the full report.
Preview with a made-up post:,Preview with a made-up post:
Privacy,Privacy
Private account,Private account
Problem detected.,Problem detected.
Problem detected. Story views may still be reported. Check Ghost mode diagnostics. The warning stays until TikTok restarts.,Problem detected. Story views may still be reported. Check Ghost mode diagnostics. The warning stays until TikTok restarts.
Profile,Profile
Profile banner and new profile layout,Profile banner and new profile layout
Profile picture,Profile picture
Profile picture saved to %1$s,Profile picture saved to %1$s
Profile share actions,Profile share actions
Profile tab name,Profile tab name
Promotional music,Promotional music
Proof,Proof
Protect external pages in TikTok's browser,Protect external pages in TikTok's browser
Proxy host,Proxy host
Proxy password,Proxy password
Proxy port,Proxy port
Proxy type,Proxy type
Proxy user name,Proxy user name
Public,Public
Pulling down at the top of For You no longer reloads it.,Pulling down at the top of For You no longer reloads it.
Put %1$s in %2$s first.,Put %1$s in %2$s first.
Put back the settings saved before the last restore or reset.,Put back the settings saved before the last restore or reset.
Put every setting back to its default straight away. Your current settings are kept for Undo.,Put every setting back to its default straight away. Your current settings are kept for Undo.
"Puts a ✓ by videos you saved with Hushfeed, on profile grids and next to the time in the feed. Works only while Check for already-saved videos is on. Photo posts aren't marked.","Puts a ✓ by videos you saved with Hushfeed, on profile grids and next to the time in the feed. Works only while Check for already-saved videos is on. Photo posts aren't marked."
Putting seen videos back,Putting seen videos back
Putting the saved videos back,Putting the saved videos back
Putting the settings back to their defaults,Putting the settings back to their defaults
Quality,Quality
"Quality, files, subtitles and hand-off","Quality, files, subtitles and hand-off"
"Quality, speed and auto-advance","Quality, speed and auto-advance"
Quick setup,Quick setup
Reading,Reading
Reading the seen-history file,Reading the seen-history file
Reading watch history,Reading watch history
Record a screen's layout,Record a screen's layout
Recorded gate reads (%1$d),Recorded gate reads (%1$d)
"Recording gate reads. Use a feature, then return here to stop.","Recording gate reads. Use a feature, then return here to stop."
Recording what the feed filters keep and hide. Tap to stop and save it in %1$s.,Recording what the feed filters keep and hide. Tap to stop and save it in %1$s.
Recovered an interrupted settings change. Restart TikTok to apply this.,Recovered an interrupted settings change. Restart TikTok to apply this.
Refresh values,Refresh values
Refreshing TikTok's current values…,Refreshing TikTok's current values…
Region,Region
"Region, backups and diagnostics","Region, backups and diagnostics"
Remember the last speed,Remember the last speed
"Remembers up to %1$s videos you saved here. If the file is still there, you get Open or Save again instead of a second copy.","Remembers up to %1$s videos you saved here. If the file is still there, you get Open or Save again instead of a second copy."
Remind me every,Remind me every
Remove,Remove
Remove %1$s,Remove %1$s
Remove all overrides,Remove all overrides
Remove feed ads,Remove feed ads
"Remove feed ads, creator commission posts, paid partnerships, and branded content.","Remove feed ads, creator commission posts, paid partnerships, and branded content."
Remove story rings,Remove story rings
Remove the LIVE ring,Remove the LIVE ring
Remove watermark,Remove watermark
Removed %1$s,Removed %1$s
"Reopen Hushfeed settings, then choose the file","Reopen Hushfeed settings, then choose the file"
Replace values when TikTok asks for them,Replace values when TikTok asks for them
Replay a story from the start when it ends instead of moving to the next one. Tap or swipe to move on.,Replay a story from the start when it ends instead of moving to the next one. Tap or swipe to move on.
Report saved to %1$s,Report saved to %1$s
Repost with a comment,Repost with a comment
Required,Required
Researched,Researched
Researched values,Researched values
Reset,Reset
Reset %1$d gates of %2$d. Restart TikTok to apply this.,Reset %1$d gates of %2$d. Restart TikTok to apply this.
Reset %1$d gates. Restart TikTok to apply this.,Reset %1$d gates. Restart TikTok to apply this.
Reset 1 gate of %2$d. Restart TikTok to apply this.,Reset 1 gate of %2$d. Restart TikTok to apply this.
Reset 1 gate. Restart TikTok to apply this.,Reset 1 gate. Restart TikTok to apply this.
Reset didn't finish. Some settings may still be changed.,Reset didn't finish. Some settings may still be changed.
Reset didn't finish. Some settings may still be changed. Use Undo to put them back.,Reset didn't finish. Some settings may still be changed. Use Undo to put them back.
Reset override,Reset override
Reset position,Reset position
Reset settings,Reset settings
Restart TikTok to apply %1$d changes,Restart TikTok to apply %1$d changes
Restart TikTok to apply this,Restart TikTok to apply this
Restart TikTok to apply this change,Restart TikTok to apply this change
Restart TikTok to apply this.,Restart TikTok to apply this.
Restart now,Restart now
Restart pending,Restart pending
Restore failed. Some settings may still be changed.,Restore failed. Some settings may still be changed.
Restore failed. Some settings may still be changed. Use Undo to put them back.,Restore failed. Some settings may still be changed. Use Undo to put them back.
Restore seen history from a file,Restore seen history from a file
Restore settings,Restore settings
Restore setup,Restore setup
Restoring seen history,Restoring seen history
Restoring setup,Restoring setup
Restoring your settings,Restoring your settings
Resume videos after scrolling,Resume videos after scrolling
Retry,Retry
Return a copy with the fields below changed,Return a copy with the fields below changed
Return after using a TikTok feature to see every gate read during the recording.,Return after using a TikTok feature to see every gate read during the recording.
Returns %1$s,Returns %1$s
Reviewed for TikTok %1$s,Reviewed for TikTok %1$s
Reviewed presets,Reviewed presets
Reviewed presets for TikTok %1$s,Reviewed presets for TikTok %1$s
Right away,Right away
Right column,Right column
Right edge strip,Right edge strip
Rows,Rows
SIM country preset,SIM country preset
SOCKS5,SOCKS5
STEM,STEM
Sample caption to test,Sample caption to test
Sample category to test,Sample category to test
Save,Save
Save a profile picture on a long press,Save a profile picture on a long press
Save a story on a long press,Save a story on a long press
Save again,Save again
Save as video,Save as video
Save build details,Save build details
Save cancelled. Nothing was saved.,Save cancelled. Nothing was saved.
Save comments to Favorites,Save comments to Favorites
Save details as JSON,Save details as JSON
Save details beside the video,Save details beside the video
"Save every photo in the post at full size as a JPEG, not as the screen shows it.","Save every photo in the post at full size as a JPEG, not as the screen shows it."
Save field values,Save field values
Save full report,Save full report
Save media,Save media
Save photo posts as a video,Save photo posts as a video
Save photos,Save photos
Save photos or a video?,Save photos or a video?
Save report,Save report
Save seen history to a file,Save seen history to a file
Save subtitles beside videos,Save subtitles beside videos
Save the cover as well,Save the cover as well
Save the feed capture,Save the feed capture
Save the frame on screen as a photo,Save the frame on screen as a photo
Save the original sound,Save the original sound
Save the sound as well,Save the sound as well
Save the video's cover,Save the video's cover
"Save the video's cover picture at the largest size TikTok has, each time you tap Download. It goes to your photo folder, named after the video.","Save the video's cover picture at the largest size TikTok has, each time you tap Download. It goes to your photo folder, named after the video."
"Save the videos @%1$s has seen, and when, to a JSON file. Anyone who opens the file can see that viewing history.","Save the videos @%1$s has seen, and when, to a JSON file. Anyone who opens the file can see that viewing history."
"Save this account's seen videos, and when they were watched, to a JSON file. Anyone who opens the file can see that viewing history.","Save this account's seen videos, and when they were watched, to a JSON file. Anyone who opens the file can see that viewing history."
Save videos without sound,Save videos without sound
"Save, restore, reset and undo your settings","Save, restore, reset and undo your settings"
Saved,Saved
Saved %1$s,Saved %1$s
Saved %1$s of %2$s photos before the story failed,Saved %1$s of %2$s photos before the story failed
"Saved %1$s of %2$s, %3$s skipped","Saved %1$s of %2$s, %3$s skipped"
"Saved %1$s of %2$s, %3$s skipped and the rest cancelled","Saved %1$s of %2$s, %3$s skipped and the rest cancelled"
"Saved %1$s of %2$s, the rest cancelled","Saved %1$s of %2$s, the rest cancelled"
"Saved %1$s of %2$s, the rest need more free space","Saved %1$s of %2$s, the rest need more free space"
"Saved %1$s of %2$s, the rest ran out of time","Saved %1$s of %2$s, the rest ran out of time"
Saved %1$s of %2$s. The server asked us to wait. Try again later.,Saved %1$s of %2$s. The server asked us to wait. Try again later.
Saved %1$s original photos,Saved %1$s original photos
Saved %1$s seen videos to the file,Saved %1$s seen videos to the file
Saved 1 seen video to the file,Saved 1 seen video to the file
Saved one original photo,Saved one original photo
Saved the photos as a video in %1$s,Saved the photos as a video in %1$s
"Saved the photos as a video in %1$s. The sound couldn't be added, so it's silent.","Saved the photos as a video in %1$s. The sound couldn't be added, so it's silent."
Saved videos forgotten. The files are still there.,Saved videos forgotten. The files are still there.
Saved videos put back,Saved videos put back
"Saved, override off","Saved, override off"
Saved. Restart TikTok to apply this.,Saved. Restart TikTok to apply this.
Saves TikTok's latest crash report on this phone so it can go in the diagnostic report.,Saves TikTok's latest crash report on this phone so it can go in the diagnostic report.
"Saves subtitle (SRT) files with the video. They go to Movies on Android 11 and newer, Download on Android 10, and your video folder on older versions. On Android 11 and newer with Save details on, the video moves to Download or Documents and the subtitles stay in Movies.","Saves subtitle (SRT) files with the video. They go to Movies on Android 11 and newer, Download on Android 10, and your video folder on older versions. On Android 11 and newer with Save details on, the video moves to Download or Documents and the subtitles stay in Movies."
"Saves the caption, creator, link and post date in a text file next to the video. On Android 10 and later, the pair goes in Download or Documents under the same folder name. Applies to saves made by Hushfeed.","Saves the caption, creator, link and post date in a text file next to the video. On Android 10 and later, the pair goes in Download or Documents under the same folder name. Applies to saves made by Hushfeed."
Saves the details file in JSON format instead of plain text. Useful if another tool will read it.,Saves the details file in JSON format instead of plain text. Useful if another tool will read it.
Saves your Hushfeed settings and Feature Gate Lab rules to a file.,Saves your Hushfeed settings and Feature Gate Lab rules to a file.
Saving,Saving
Saving %1$s of %2$s,Saving %1$s of %2$s
Saving %1$s of %2$s: %3$s,Saving %1$s of %2$s: %3$s
Saving %1$s original photos,Saving %1$s original photos
Saving a frame from this video needs Android 7 or newer,Saving a frame from this video needs Android 7 or newer
Saving one original photo,Saving one original photo
Saving seen history,Saving seen history
Saving settings backup,Saving settings backup
Saving the cover,Saving the cover
Saving the frame,Saving the frame
Saving the live photo's clip,Saving the live photo's clip
Saving the profile picture,Saving the profile picture
Saving the sound,Saving the sound
Saving the sticker,Saving the sticker
Saving the story,Saving the story
Saving video,Saving video
Saving video to %1$s,Saving video to %1$s
Saving video: %1$s,Saving video: %1$s
Screen layout recorded. Export the diagnostic report to send it.,Screen layout recorded. Export the diagnostic report to send it.
Screen time,Screen time
Search,Search
Search apps,Search apps
Search by name or gate key,Search by name or gate key
"Search by name, description or category.","Search by name, description or category."
Search countries or operators,Search countries or operators
Search hidden creators,Search hidden creators
Search settings,Search settings
Search share actions,Search share actions
Search these comments,Search these comments
"Search translated titles and descriptions, then open the original setting.","Search translated titles and descriptions, then open the original setting."
Search within comments,Search within comments
Seconds per photo,Seconds per photo
"Seconds. Zero keeps every length. If everything the feed just sent would be filtered out, the video closest to your limit is kept so the feed isn't empty.","Seconds. Zero keeps every length. If everything the feed just sent would be filtered out, the video closest to your limit is kept so the feed isn't empty."
Seek by,Seek by
Seek from the edges,Seek from the edges
Seen,Seen
Seen this session,Seen this session
Seen videos,Seen videos
Seen videos cleared. You can undo until TikTok closes.,Seen videos cleared. You can undo until TikTok closes.
Seen videos put back,Seen videos put back
Seen videos put back: %1$s of %2$s,Seen videos put back: %1$s of %2$s
Select,Select
Select at least one field.,Select at least one field.
Select every tab,Select every tab
Selected,Selected
Send TikTok through a proxy,Send TikTok through a proxy
Send it now,Send it now
Send links to another app,Send links to another app
Sending feedback,Sending feedback
Sending the message,Sending the message
"Sends TikTok's feed, search, comments and other app traffic through the proxy below. Videos and LIVE streams still connect directly. Other apps aren't affected.","Sends TikTok's feed, search, comments and other app traffic through the proxy below. Videos and LIVE streams still connect directly. Other apps aren't affected."
"Sends one message a day to each person below at the time below, so your streaks keep going on days you don't open TikTok.","Sends one message a day to each person below at the time below, so your streaks keep going on days you don't open TikTok."
Sends today's message right away. The daily one then waits for tomorrow.,Sends today's message right away. The daily one then waits for tomorrow.
Sent to %1$d/%2$d chats. The rest still need a message.,Sent to %1$d/%2$d chats. The rest still need a message.
Sent to %1$d/%2$d chats. They won't get another message today.,Sent to %1$d/%2$d chats. They won't get another message today.
"Separate account handles or user IDs with commas. Videos from these accounts are always hidden. An entry between slashes, like /^news_/, is a search pattern checked against the handle and display name.","Separate account handles or user IDs with commas. Videos from these accounts are always hidden. An entry between slashes, like /^news_/, is a search pattern checked against the handle and display name."
"Separate country codes with commas, like GB, IE. Videos posted from anywhere else are hidden. Leave empty for all countries.","Separate country codes with commas, like GB, IE. Videos posted from anywhere else are hidden. Leave empty for all countries."
"Separate country codes with commas. Videos posted from these are hidden, whatever the list above says.","Separate country codes with commas. Videos posted from these are hidden, whatever the list above says."
"Separate handles or user IDs with commas. Their videos stay when a filter on post type, labels, age, length or counts would hide them. Ads, blocked creators, words, sounds, countries, caption languages and seen videos still apply.","Separate handles or user IDs with commas. Their videos stay when a filter on post type, labels, age, length or counts would hide them. Ads, blocked creators, words, sounds, countries, caption languages and seen videos still apply."
"Separate language codes with commas, like en, es. A video whose original caption is in another language is hidden. Videos with no caption, or only translated ones, always stay.","Separate language codes with commas, like en, es. A video whose original caption is in another language is hidden. Videos with no caption, or only translated ones, always stay."
"Separate language codes with commas, like es, de. When TikTok translates for you, captions and comments in these languages stay as they were written. See translation still works when you tap it. TikTok's own Don't translate list stays the way it is.","Separate language codes with commas, like es, de. When TikTok translates for you, captions and comments in these languages stay as they were written. See translation still works when you tap it. TikTok's own Don't translate list stays the way it is."
"Separate names with commas, exactly as the share sheet shows them. These can be friends in the Send to row, apps such as Facebook, or actions such as Create group or Repost. The words copy, save and dislike also work before the sheet has opened.","Separate names with commas, exactly as the share sheet shows them. These can be friends in the Send to row, apps such as Facebook, or actions such as Create group or Repost. The words copy, save and dislike also work before the sheet has opened."
"Separate the titles of any other Inbox rows you want to hide with commas, spelled exactly. Use this for anything not listed above.","Separate the titles of any other Inbox rows you want to hide with commas, spelled exactly. Use this for anything not listed above."
Separate usernames or display names with commas. Their comments are hidden.,Separate usernames or display names with commas. Their comments are hidden.
"Separate words or phrases with commas. Videos whose caption matches are hidden. Capital letters don't matter. Write ""a"" & ""b"" to need both phrases, or ""a"" !& ""b"" to need the first without the second.","Separate words or phrases with commas. Videos whose caption matches are hidden. Capital letters don't matter. Write ""a"" & ""b"" to need both phrases, or ""a"" !& ""b"" to need the first without the second."
"Separate words with commas, like music, chat. A LIVE is hidden when its category, topic tags or game name contains one. Capital letters don't matter.","Separate words with commas, like music, chat. A LIVE is hidden when its category, topic tags or game name contains one. Capital letters don't matter."
"Separate words with commas, like saxophone, to match against sound names. Capital letters don't matter.","Separate words with commas, like saxophone, to match against sound names. Capital letters don't matter."
"Separate words with commas. A comment is hidden if it contains any of them. Capital letters don't matter. Write ""a"" & ""b"" to need both phrases, or ""a"" !& ""b"" to need the first without the second.","Separate words with commas. A comment is hidden if it contains any of them. Capital letters don't matter. Write ""a"" & ""b"" to need both phrases, or ""a"" !& ""b"" to need the first without the second."
Series posts,Series posts
Set a sleep timer that closes TikTok,Set a sleep timer that closes TikTok
Settings,Settings
Settings are back to their defaults. Restart TikTok to apply all changes.,Settings are back to their defaults. Restart TikTok to apply all changes.
Settings backup saved,Settings backup saved
Settings couldn't open,Settings couldn't open
Settings couldn't refresh completely. Reopen settings and try again.,Settings couldn't refresh completely. Reopen settings and try again.
Settings restored. Restart TikTok to apply all changes.,Settings restored. Restart TikTok to apply all changes.
Settings restored. The Feature Gate Lab rules were for another TikTok version and were left out. Restart TikTok to apply all changes.,Settings restored. The Feature Gate Lab rules were for another TikTok version and were left out. Restart TikTok to apply all changes.
Share,Share
Share sheet,Share sheet
Shares range,Shares range
Shop,Shop
Shop order updates and coupon messages no longer take up rows in the Inbox. Your orders are unchanged.,Shop order updates and coupon messages no longer take up rows in the Inbox. Your orders are unchanged.
Shop posts,Shop posts
Shop tab name,Shop tab name
Show,Show
Show @username beside a video instead of the display name the creator chose.,Show @username beside a video instead of the display name the creator chose.
Show See translation,Show See translation
Show TikTok's feed buttons,Show TikTok's feed buttons
Show TikTok's own progress bar on videos where it's normally hidden.,Show TikTok's own progress bar on videos where it's normally hidden.
Show a progress bar while a video saves.,Show a progress bar while a video saves.
Show a video preview thumbnail while dragging the progress bar.,Show a video preview thumbnail while dragging the progress bar.
"Show counts as full numbers, like 1,234,567 instead of 1.2M.","Show counts as full numbers, like 1,234,567 instead of 1.2M."
Show dates on profile grids,Show dates on profile grids
Show download progress,Show download progress
Show engagement rate,Show engagement rate
Show exact LIVE viewer counts,Show exact LIVE viewer counts
Show exact counts,Show exact counts
Show failures on screen,Show failures on screen
Show follow status,Show follow status
Show gates,Show gates
Show how many were filtered,Show how many were filtered
Show last report,Show last report
"Show likes, comments, shares and saves as a percentage of views, next to the creator's name and after the view count on profile grids.","Show likes, comments, shares and saves as a percentage of views, next to the creator's name and after the view count on profile grids."
Show only LIVEs from creators with this many followers.,Show only LIVEs from creators with this many followers.
Show only LIVEs with this many people watching.,Show only LIVEs with this many people watching.
Show only mutual friends on the Friends tab,Show only mutual friends on the Friends tab
Show only videos with this many comments.,Show only videos with this many comments.
Show only videos with this many favorites.,Show only videos with this many favorites.
Show only videos with this many likes.,Show only videos with this many likes.
Show only videos with this many shares.,Show only videos with this many shares.
Show only videos with this many views.,Show only videos with this many views.
Show poll results before voting,Show poll results before voting
Show search in LIVE,Show search in LIVE
Show the Not interested button,Show the Not interested button
Show the block button on videos,Show the block button on videos
Show the block sound button,Show the block sound button
Show the country a video was posted from next to the creator's name.,Show the country a video was posted from next to the creator's name.
Show the current spoken caption while the other controls are hidden.,Show the current spoken caption while the other controls are hidden.
Show the day each video was posted under its view count on profile grids.,Show the day each video was posted under its view count on profile grids.
Show the handle instead of the name,Show the handle instead of the name
Show the hide button on videos,Show the hide button on videos
Show the mute button on videos,Show the mute button on videos
Show the progress bar,Show the progress bar
Show the progress bar thumbnail,Show the progress bar thumbnail
"Show the search entry inside TikTok's LIVE drawer, where available. This doesn't add a search box to video comments.","Show the search entry inside TikTok's LIVE drawer, where available. This doesn't add a search box to video comments."
Show the switch,Show the switch
Show the time to the second,Show the time to the second
Show the whole Activity and New followers lists instead of stopping at a View all button.,Show the whole Activity and New followers lists instead of stopping at a View all button.
"Show the whole video instead of cropping it to the window. Nothing changes on a tall phone, where it already fits. On a folding phone opened up, a squarer screen or a split view the sides or the ends stop being cut off.","Show the whole video instead of cropping it to the window. Nothing changes on a tall phone, where it already fits. On a folding phone opened up, a squarer screen or a split view the sides or the ends stop being cut off."
Show what is left of the budget,Show what is left of the budget
"Show when a video was posted down to the second, with your time zone, in place of TikTok's short date by the creator's name.","Show when a video was posted down to the second, with your time zone, in place of TikTok's short date by the creator's name."
Show when the camera or microphone is in use,Show when the camera or microphone is in use
Show where a video was posted,Show where a video was posted
Showing %1$s again,Showing %1$s again
"Shows TikTok's full sort menu on every post, with hot, newest, media and creator options, instead of the shorter one your account got. Restart TikTok to see the change.","Shows TikTok's full sort menu on every post, with hot, newest, media and creator options, instead of the shorter one your account got. Restart TikTok to see the change."
"Shows TikTok's play, pause, previous and next buttons on the feed. TikTok normally shows them only to people who use a screen reader. TikTok can see when you use them.","Shows TikTok's play, pause, previous and next buttons on the feed. TikTok normally shows them only to people who use a screen reader. TikTok can see when you use them."
Shows TikTok's text in your phone's font instead of TikTok Sans. Icons and gift animations keep their own fonts. Restart TikTok to see the change.,Shows TikTok's text in your phone's font instead of TikTok Sans. Icons and gift animations keep their own fonts. Restart TikTok to see the change.
"Shows a small count under TikTok's top tabs of what the feed filter has removed since TikTok started. It shows only on the feed, and taps on it go through to the video under it.","Shows a small count under TikTok's top tabs of what the feed filter has removed since TikTok started. It shows only on the feed, and taps on it go through to the video under it."
Shows every emoji in your phone's own emoji font. The newest emoji your phone doesn't have yet may show as a box or in pieces.,Shows every emoji in your phone's own emoji font. The newest emoji your phone doesn't have yet may show as a box or in pieces.
Shows the Duet and Stitch options even when the creator turned them off. TikTok may still refuse to accept the result.,Shows the Duet and Stitch options even when the creator turned them off. TikTok may still refuse to accept the result.
Sign in to TikTok before importing watch history.,Sign in to TikTok before importing watch history.
Sign in to TikTok before saving or restoring seen history.,Sign in to TikTok before saving or restoring seen history.
Silence the feed while comments are open,Silence the feed while comments are open
Skip TikTok's setup screens,Skip TikTok's setup screens
Skip content warnings,Skip content warnings
"Skipped entries are invalid, expired, already recorded, or older than the newest %1$s videos.","Skipped entries are invalid, expired, already recorded, or older than the newest %1$s videos."
Skipping videos with %1$s,Skipping videos with %1$s
Sleep timer off,Sleep timer off
Some Calm feed settings changed. Restore still puts back your earlier setup.,Some Calm feed settings changed. Restore still puts back your earlier setup.
Some of these notes are in English.,Some of these notes are in English.
Something is missing from %1$s. Tap for the whole report.,Something is missing from %1$s. Tap for the whole report.
Sound,Sound
"Sound IDs saved by the player's sound button, separated by commas. Remove one to unblock it.","Sound IDs saved by the player's sound button, separated by commas. Remove one to unblock it."
Sound link copied,Sound link copied
Sound on,Sound on
Sound saved to %1$s,Sound saved to %1$s
Sound: %1$s,Sound: %1$s
Source,Source
Speed,Speed
Speed menu choices,Speed menu choices
Speed while you hold the video,Speed while you hold the video
Split comment minimum width,Split comment minimum width
Start each new video at your default. A manual choice lasts until the video changes.,Start each new video at your default. A manual choice lasts until the video changes.
Start feature gate recording,Start feature gate recording
Start recording,Start recording
Start the day at,Start the day at
Start today over,Start today over
Start typing,Start typing
Starts after %1$s other saves,Starts after %1$s other saves
Starts after one other save,Starts after one other save
Stay on the video in full screen,Stay on the video in full screen
Staying on a video,Staying on a video
Sticker,Sticker
Sticker destination,Sticker destination
Sticker saved to %1$s,Sticker saved to %1$s
"Stickers can't be saved to the folder in that file, so your sticker folder was kept","Stickers can't be saved to the folder in that file, so your sticker folder was kept"
Stickers: %1$s,Stickers: %1$s
Still here. Nothing is waiting.,Still here. Nothing is waiting.
Still reading the record. Tap again in a moment.,Still reading the record. Tap again in a moment.
Still saving the last one,Still saving the last one
Still waiting for the file app.,Still waiting for the file app.
Still waiting for the file app. Tap to stop waiting.,Still waiting for the file app. Tap to stop waiting.
Stop LIVE previews opening by themselves,Stop LIVE previews opening by themselves
Stop TikTok reading what you copied. Copying a link from TikTok still works.,Stop TikTok reading what you copied. Copying a link from TikTok still works.
Stop TikTok's speed tests,Stop TikTok's speed tests
Stop a long press on Like from opening TikTok's repost action.,Stop a long press on Like from opening TikTok's repost action.
Stop a long press on Share from opening TikTok's quick share action.,Stop a long press on Share from opening TikTok's quick share action.
Stop analytics and tracking,Stop analytics and tracking
Stop and save the feed capture,Stop and save the feed capture
Stop feature gate recording,Stop feature gate recording
Stop search results playing on their own,Stop search results playing on their own
Stop the brand animation that plays over the comments when what someone typed matches an advertiser's trigger.,Stop the brand animation that plays over the comments when what someone typed matches an advertiser's trigger.
Stop the bubble TikTok floats at the top of the feed to point you to a LIVE.,Stop the bubble TikTok floats at the top of the feed to point you to a LIVE.
Stop the bubble that asks you to share a video with friends after you like it.,Stop the bubble that asks you to share a video with friends after you like it.
"Stop the notifications TikTok sends about popular videos it picked for you. Messages, comments, likes, follows and videos from accounts you follow still come through.","Stop the notifications TikTok sends about popular videos it picked for you. Messages, comments, likes, follows and videos from accounts you follow still come through."
Stop the short vibrations TikTok plays on its own taps and gestures. Your keyboard and your phone's own haptics stay as they are.,Stop the short vibrations TikTok plays on its own taps and gestures. Your keyboard and your phone's own haptics stay as they are.
Stop video looping,Stop video looping
Stop videos at the end instead of replaying them.,Stop videos at the end instead of replaying them.
Stop waiting,Stop waiting
Stopped after dismissing %1$s suggested accounts,Stopped after dismissing %1$s suggested accounts
Stopped after dismissing one suggested account,Stopped after dismissing one suggested account
Stopped waiting for the file app. It hasn't said yet whether the backup was saved.,Stopped waiting for the file app. It hasn't said yet whether the backup was saved.
Stopped waiting for the file app. It hasn't said yet whether the export was saved.,Stopped waiting for the file app. It hasn't said yet whether the export was saved.
Stopped waiting for the file app. Nothing was changed.,Stopped waiting for the file app. Nothing was changed.
Stopped waiting for the file app. Nothing was exported.,Stopped waiting for the file app. Nothing was exported.
Stopped waiting for the file app. Nothing was imported.,Stopped waiting for the file app. Nothing was imported.
Stopping after this file,Stopping after this file
Stops TikTok from reading your phone's motion and compass sensors. Apps can use them to recognize your phone.,Stops TikTok from reading your phone's motion and compass sensors. Apps can use them to recognize your phone.
"Stops TikTok from reporting the videos you watch, so they don't get added to Watch history in Activity center. Your views won't count and For You learns less. Likes, follows and searches are still seen.","Stops TikTok from reporting the videos you watch, so they don't get added to Watch history in Activity center. Your views won't count and For You learns less. Likes, follows and searches are still seen."
"Stops TikTok from sending usage reports, ad tracking and crash reports. TikTok's own diagnostic tools go quiet too.","Stops TikTok from sending usage reports, ad tracking and crash reports. TikTok's own diagnostic tools go quiet too."
"Stops TikTok from slowing your screen to match each video's frame rate. On a 90 or 120 Hz phone, that request makes the whole app, scrolling too, run slower.","Stops TikTok from slowing your screen to match each video's frame rate. On a 90 or 120 Hz phone, that request makes the whole app, scrolling too, run slower."
"Stops the bedtime wind-down, the breathing exercise and the daily limit screen TikTok puts over the feed. Works only on accounts TikTok knows belong to adults. Teen accounts, and ones a parent links with Family Pairing, keep them. With Leave when TikTok says time is up on, the daily limit screen still shows so that switch can work.","Stops the bedtime wind-down, the breathing exercise and the daily limit screen TikTok puts over the feed. Works only on accounts TikTok knows belong to adults. Teen accounts, and ones a parent links with Family Pairing, keep them. With Leave when TikTok says time is up on, the daily limit screen still shows so that switch can work."
"Stops websites you open from inside TikTok from reaching back into the app. TikTok's own pages, such as Activity center, Watch history, shop checkout and CAPTCHA, keep working.","Stops websites you open from inside TikTok from reaching back into the app. TikTok's own pages, such as Activity center, Watch history, shop checkout and CAPTCHA, keep working."
Store TikTok thinks it came from,Store TikTok thinks it came from
"Stores the caption, creator, post date and link inside the video file, where media players can read them. Applies to saves made by Hushfeed.","Stores the caption, creator, post date and link inside the video file, where media players can read them. Applies to saves made by Hushfeed."
Stories,Stories
Story,Story
Story saved to %1$s,Story saved to %1$s
Streak,Streak
Structured value observed,Structured value observed
Subtitle language,Subtitle language
Subtitles,Subtitles
Subtitles: %1$s,Subtitles: %1$s
Swap the website in shared links,Swap the website in shared links
Swipe for brightness and volume,Swipe for brightness and volume
Swipe left,Swipe left
Swiping a message sideways no longer starts a reply to it. Taps and long presses work as before.,Swiping a message sideways no longer starts a reply to it. Taps and long presses work as before.
System,System
Tag saved videos with their details,Tag saved videos with their details
"Take the Add comment bar off videos you open from a profile, a hashtag, a sound or search, so the video fills the screen down to the bottom. The comment button on the right still opens comments.","Take the Add comment bar off videos you open from a profile, a hashtag, a sound or search, so the video fills the screen down to the bottom. The comment button on the right still opens comments."
Take the pulsing LIVE ring off profile pictures on the feed and in comments. Tapping the picture of a creator who's live opens their profile instead of the LIVE.,Take the pulsing LIVE ring off profile pictures on the feed and in comments. Tapping the picture of a creator who's live opens their profile instead of the LIVE.
"Take the story ring off profile pictures on the feed, in comments and on profiles. Tapping a picture opens the profile instead of the story.","Take the story ring off profile pictures on the feed, in comments and on profiles. Tapping a picture opens the profile instead of the story."
Takes TikTok's own Auto scroll action out of the video panel. Auto-advance keeps working.,Takes TikTok's own Auto scroll action out of the video panel. Auto-advance keeps working.
Tap Repost on the bar under a video twice within %1$d seconds. A repost with a note is left alone.,Tap Repost on the bar under a video twice within %1$d seconds. A repost with a note is left alone.
Tap a comment's heart twice within %1$d seconds. A double tap on the comment needs a second one too. Removing a like stays immediate.,Tap a comment's heart twice within %1$d seconds. A double tap on the comment needs a second one too. Removing a like stays immediate.
Tap a story's heart twice within %1$d seconds. Removing a like stays immediate.,Tap a story's heart twice within %1$d seconds. Removing a like stays immediate.
Tap again to follow,Tap again to follow
Tap again to like,Tap again to like
Tap again to repost,Tap again to repost
Tap the feed Follow button twice within %1$d seconds.,Tap the feed Follow button twice within %1$d seconds.
Tap the like heart twice within %1$d seconds. Removing a like stays immediate.,Tap the like heart twice within %1$d seconds. Removing a like stays immediate.
Tap to start the feed,Tap to start the feed
"Tap to start, then scroll until the feed problem shows up and come back here to save it. The file has no captions or names, and videos and creators appear only as short codes. Read it before you share it.","Tap to start, then scroll until the feed problem shows up and come back here to save it. The file has no captions or names, and videos and creators appear only as short codes. Read it before you share it."
"Tap, then go to the screen with what you want hidden. After %1$d seconds Hushfeed records how that screen is built, without any of its text, for the diagnostic report.","Tap, then go to the screen with what you want hidden. After %1$d seconds Hushfeed records how that screen is built, without any of its text, for the diagnostic report."
Tapping more under a video opens its comments with the whole caption at the top instead of spreading the caption over the video. A tap on the caption itself does the same. Photo posts keep TikTok's own page for this.,Tapping more under a video opens its comments with the whole caption at the top instead of spreading the caption over the video. A tap on the caption itself does the same. Photo posts keep TikTok's own page for this.
Technical details,Technical details
"Technical details, %1$s","Technical details, %1$s"
Text sticker words,Text sticker words
That JSON file doesn't contain the supported TikTok watch history.,That JSON file doesn't contain the supported TikTok watch history.
That backup was written by a newer Hushfeed than this one. Nothing was altered.,That backup was written by a newer Hushfeed than this one. Nothing was altered.
That creator is already in the list,That creator is already in the list
"That creator pattern could stall the feed, so it was skipped: %1$s","That creator pattern could stall the feed, so it was skipped: %1$s"
"That creator pattern could stall the feed, so it wasn't added: %1$s","That creator pattern could stall the feed, so it wasn't added: %1$s"
"That creator pattern is too long to use, so it was skipped: %1$s","That creator pattern is too long to use, so it was skipped: %1$s"
"That creator pattern is too long, so it wasn't added: %1$s","That creator pattern is too long, so it wasn't added: %1$s"
That file has more than %1$s watch-history entries.,That file has more than %1$s watch-history entries.
That file is larger than %1$s MB. Choose a seen-history file saved by Hushfeed.,That file is larger than %1$s MB. Choose a seen-history file saved by Hushfeed.
That file is larger than %1$s MB. Choose a smaller watch-history export.,That file is larger than %1$s MB. Choose a smaller watch-history export.
That file is too large to be a settings backup. Nothing was altered.,That file is too large to be a settings backup. Nothing was altered.
"That file isn't a loaded-values export, or it's larger than the Lab accepts","That file isn't a loaded-values export, or it's larger than the Lab accepts"
"That file isn't readable text, so it may have been damaged in transit. Nothing was altered.","That file isn't readable text, so it may have been damaged in transit. Nothing was altered."
That file lists more than %1$s videos. Nothing was restored.,That file lists more than %1$s videos. Nothing was restored.
"That file was saved by a newer Hushfeed. Update Hushfeed, then try again.","That file was saved by a newer Hushfeed. Update Hushfeed, then try again."
"That folder name has a character Android doesn't allow. Use letters, numbers, spaces or dashes.","That folder name has a character Android doesn't allow. Use letters, numbers, spaces or dashes."
That is %1$d minutes today,That is %1$d minutes today
That is %1$d videos today,That is %1$d videos today
That is one minute today,That is one minute today
That is one video today,That is one video today
That isn't a Hushfeed settings backup. Nothing was altered.,That isn't a Hushfeed settings backup. Nothing was altered.
"That isn't a seen-history file saved by Hushfeed. For TikTok's own data export, use Import watch history.","That isn't a seen-history file saved by Hushfeed. For TikTok's own data export, use Import watch history."
"That isn't an app name. Try something like com.example.downloader, or leave the box empty to keep saving in TikTok.","That isn't an app name. Try something like com.example.downloader, or leave the box empty to keep saving in TikTok."
That isn't valid JSON. Check the brackets and quotes.,That isn't valid JSON. Check the brackets and quotes.
That list has too many entries. Keep it to %1$s or fewer.,That list has too many entries. Keep it to %1$s or fewer.
That list is too large. Keep it to %1$s KB or less.,That list is too large. Keep it to %1$s KB or less.
That loosens the budget. It waits until %1$s.,That loosens the budget. It waits until %1$s.
That loosens the lock. It waits until %1$s.,That loosens the lock. It waits until %1$s.
That preset isn't recognized. Choose another.,That preset isn't recognized. Choose another.
That seen-history file is damaged or was edited. Nothing was restored.,That seen-history file is damaged or was edited. Nothing was restored.
That settings backup contains a feed rule list larger than Hushfeed accepts. Nothing was altered.,That settings backup contains a feed rule list larger than Hushfeed accepts. Nothing was altered.
That settings backup holds a value Hushfeed can't read. Nothing was altered.,That settings backup holds a value Hushfeed can't read. Nothing was altered.
That settings backup holds more Feature Gate Lab rules than the Lab takes. Nothing was altered.,That settings backup holds more Feature Gate Lab rules than the Lab takes. Nothing was altered.
That settings backup is damaged or only partly downloaded. Nothing was altered.,That settings backup is damaged or only partly downloaded. Nothing was altered.
"That settings backup is incomplete, so it may have been cut short. Nothing was altered.","That settings backup is incomplete, so it may have been cut short. Nothing was altered."
That settings change didn't go through. Nothing was altered.,That settings change didn't go through. Nothing was altered.
That sticker is in a format Hushfeed can't read,That sticker is in a format Hushfeed can't read
That watch-history file is damaged. Nothing was imported.,That watch-history file is damaged. Nothing was imported.
The Activity row of likes and comments on your posts leaves the Inbox. Notifications about them still arrive.,The Activity row of likes and comments on your posts leaves the Inbox. Notifications about them still arrive.
The Archive row leaves the Inbox. Archived chats are kept.,The Archive row leaves the Inbox. Archived chats are kept.
The Bulletin board rows TikTok adds to the Inbox leave the list. Chats and the other rows stay where they are.,The Bulletin board rows TikTok adds to the Inbox leave the list. Chats and the other rows stay where they are.
The Following and For You names above the feed go away. Swiping between the feeds and the search button stay as they are.,The Following and For You names above the feed go away. Swiping between the feeds and the search button stay as they are.
The Lab can't check this. TikTok gets it exactly as typed.,The Lab can't check this. TikTok gets it exactly as typed.
The Lab couldn't open. Go back and open it again.,The Lab couldn't open. Go back and open it again.
"The Lab keeps at most %1$s rules. This change would make %2$s, so nothing was changed.","The Lab keeps at most %1$s rules. This change would make %2$s, so nothing was changed."
The Message requests row leaves the Inbox. Requests keep arriving and wait there until you turn this off.,The Message requests row leaves the Inbox. Requests keep arriving and wait there until you turn this off.
The New followers row leaves the top of the Inbox. The accounts still follow you.,The New followers row leaves the top of the Inbox. The accounts still follow you.
The Tako assistant's conversation leaves the Inbox list. The Tako bubble on the feed has its own switch under Feed tabs.,The Tako assistant's conversation leaves the Inbox list. The Tako bubble on the feed has its own switch under Feed tabs.
The accounts TikTok suggests you follow no longer take up rows in the Inbox.,The accounts TikTok suggests you follow no longer take up rows in the Inbox.
The activity status control leaves the Inbox header. Whether others see you as active is unchanged.,The activity status control leaves the Inbox header. Whether others see you as active is unchanged.
"The add people icon leaves the Inbox header. Only the shortcut goes, so friend suggestions elsewhere are unchanged.","The add people icon leaves the Inbox header. Only the shortcut goes, so friend suggestions elsewhere are unchanged."
The already-saved check failed. Try again.,The already-saved check failed. Try again.
The backup didn't start and its partial file couldn't be removed. Delete it from the folder you chose.,The backup didn't start and its partial file couldn't be removed. Delete it from the folder you chose.
The backup wasn't saved. Back up again when the file app is ready.,The backup wasn't saved. Back up again when the file app is ready.
The banner at the top of the Inbox that invites you to start a group chat stops showing. Groups you're already in are unchanged.,The banner at the top of the Inbox that invites you to start a group chat stops showing. Groups you're already in are unchanged.
The catalog says this key is %1$s and this override is %2$s. Reset the override and make a new one.,The catalog says this key is %1$s and this override is %2$s. Reset the override and make a new one.
The comment button also opens a video's comments with its caption at the top. The caption over the video goes away while this is on.,The comment button also opens a video's comments with its caption at the top. The caption over the video goes away while this is on.
The cover couldn't be saved. Try again.,The cover couldn't be saved. Try again.
The diagnostic report couldn't be saved yet. Try again in a moment.,The diagnostic report couldn't be saved yet. Try again in a moment.
The diagnostic report couldn't be saved. Try again.,The diagnostic report couldn't be saved. Try again.
The downloader app you chose isn't installed. Check Send links to another app under Downloads.,The downloader app you chose isn't installed. Check Send links to another app under Downloads.
The export wasn't saved. Export again when the file app is ready.,The export wasn't saved. Export again when the file app is ready.
The feed capture couldn't be saved. Tap the row to try again.,The feed capture couldn't be saved. Tap the row to try again.
The feed capture is still being saved,The feed capture is still being saved
The feed doesn't end. This is a fine time to leave it.,The feed doesn't end. This is a fine time to leave it.
The feed is locked,The feed is locked
The feed is open again,The feed is open again
"The feed slowly dims during the last 45 seconds before the hold, so it doesn't come as a sudden stop. Needs a time budget and a hold.","The feed slowly dims during the last 45 seconds before the hold, so it doesn't come as a sudden stop. Needs a time budget and a hold."
The feed stops when this video ends.,The feed stops when this video ends.
"The feed waits for one tap before it starts playing again when you come back to the app. Messages, profiles and search are still one tap away.","The feed waits for one tap before it starts playing again when you come back to the app. Messages, profiles and search are still one tap away."
"The file app still has the last file. Try again once it lets go, or restart TikTok.","The file app still has the last file. Try again once it lets go, or restart TikTok."
The file hushfeed-safe-mode couldn't be removed. Delete it from TikTok's folder under Android/data to turn Hushfeed back on.,The file hushfeed-safe-mode couldn't be removed. Delete it from TikTok's folder under Android/data to turn Hushfeed back on.
The frame couldn't be read. Try again.,The frame couldn't be read. Try again.
The frame couldn't be saved. Try again.,The frame couldn't be saved. Try again.
"The hour both budgets reset, on a 24 hour clock. The default is 4 in the morning, so a late night still counts as the same day.","The hour both budgets reset, on a 24 hour clock. The default is 4 in the morning, so a late night still counts as the same day."
The last feed capture wasn't saved. Tap to try again.,The last feed capture wasn't saved. Tap to try again.
The last one is still waiting to start,The last one is still waiting to start
The last report is still being saved,The last report is still being saved
The live photo's clip couldn't be saved. Try again.,The live photo's clip couldn't be saved. Try again.
The loaded-values file you chose couldn't be read. Try again.,The loaded-values file you chose couldn't be read. Try again.
The message didn't go through. It tries again at %1$s.,The message didn't go through. It tries again at %1$s.
"The original photos aren't available, so TikTok's own save runs instead","The original photos aren't available, so TikTok's own save runs instead"
The original photos aren't available. No video was saved.,The original photos aren't available. No video was saved.
"The override changes no fields. Edit the field values, or reset the override.","The override changes no fields. Edit the field values, or reset the override."
"The override couldn't be applied: %1$s. Edit the field values, or reset the override.","The override couldn't be applied: %1$s. Edit the field values, or reset the override."
"The override doesn't say what list to return. Edit the field values, or reset the override.","The override doesn't say what list to return. Edit the field values, or reset the override."
The partial file couldn't be removed. Delete it from the folder you chose.,The partial file couldn't be removed. Delete it from the folder you chose.
"The port the proxy listens on, like 8080 or 1080.","The port the proxy listens on, like 8080 or 1080."
The presets couldn't load. Open the Lab again.,The presets couldn't load. Open the Lab again.
The profile picture couldn't be saved. Try again.,The profile picture couldn't be saved. Try again.
"The proxy at %1$s asks for a password, and TikTok can't send one. Use a proxy that doesn't need one.","The proxy at %1$s asks for a password, and TikTok can't send one. Use a proxy that doesn't need one."
"The proxy's address, like 192.168.1.20 or proxy.example.com.","The proxy's address, like 192.168.1.20 or proxy.example.com."
"The record of an interrupted settings change couldn't be read, so it was set aside. Check your settings.","The record of an interrupted settings change couldn't be read, so it was set aside. Check your settings."
The report couldn't be saved. Try again.,The report couldn't be saved. Try again.
The row of story avatars across the top of the Inbox goes. Stories still play from the feed and from profiles.,The row of story avatars across the top of the Inbox goes. Stories still play from the feed and from profiles.
The saved-video choice couldn't open. Try again.,The saved-video choice couldn't open. Try again.
The saved-video choice is still open,The saved-video choice is still open
The server asked us to wait. Try again later.,The server asked us to wait. Try again later.
The setting couldn't finish updating. Its saved value is shown.,The setting couldn't finish updating. Its saved value is shown.
The settings backup was rejected. Nothing was altered.,The settings backup was rejected. Nothing was altered.
The smallest value is above the largest,The smallest value is above the largest
The sound couldn't be saved. Try again.,The sound couldn't be saved. Try again.
The sticker couldn't be saved. Try again.,The sticker couldn't be saved. Try again.
The sticker suggestion banner stops showing in a chat. Your own stickers are still in the sticker picker.,The sticker suggestion banner stops showing in a chat. Your own stickers are still in the sticker picker.
The story couldn't be saved. Try again.,The story couldn't be saved. Try again.
"The thumbs down on each comment blocks the commenter instead of disliking. The comment dims, an undo banner follows, and a second tap unblocks.","The thumbs down on each comment blocks the commenter instead of disliking. The comment dims, an undo banner follows, and a second tap unblocks."
The time of day the message goes out.,The time of day the message goes out.
The video couldn't be made from these photos. Try again.,The video couldn't be made from these photos. Try again.
"The video couldn't be saved. Try again, or choose Automatic.","The video couldn't be saved. Try again, or choose Automatic."
"The video was saved, but its record couldn't be updated. A later save may make another copy.","The video was saved, but its record couldn't be updated. A later save may make another copy."
"The video without the watermark couldn't be fetched, so TikTok's watermarked copy was saved to %1$s. Try again later for the clean copy.","The video without the watermark couldn't be fetched, so TikTok's watermarked copy was saved to %1$s. Try again later for the clean copy."
"The video you're watching keeps playing to its end after you leave TikTok or turn the screen off, with TikTok's own media notification to pause it. TikTok's background play switch stays on while this is on. Restart TikTok to apply this.","The video you're watching keeps playing to its end after you leave TikTok or turn the screen off, with TikTok's own media notification to pause it. TikTok's background play switch stays on while this is on. Restart TikTok to apply this."
"The voice and video call buttons leave the top of a chat. Calls still ring, and the chat details button stays.","The voice and video call buttons leave the top of a chat. Calls still ring, and the chat details button stays."
"The words under the bottom tab icons go away. The icons stay, and each tab opens what it always did.","The words under the bottom tab icons go away. The icons stay, and each tab opens what it always did."
"Their usernames, separated by commas or new lines. Each person must already have a chat with you.","Their usernames, separated by commas or new lines. Each person must already have a chat with you."
There is no Lab change to undo.,There is no Lab change to undo.
There is no diagnostic data to clear,There is no diagnostic data to clear
There is no diagnostic data to put back,There is no diagnostic data to put back
There was nothing to put back,There was nothing to put back
There were no saved videos to forget,There were no saved videos to forget
There's no video on screen to save a frame from,There's no video on screen to save a frame from
These loaded values are for a different TikTok version.,These loaded values are for a different TikTok version.
These notes are in English.,These notes are in English.
This catalog entry is no longer available. Refresh the Lab and try again.,This catalog entry is no longer available. Refresh the Lab and try again.
This change couldn't be saved. Try again.,This change couldn't be saved. Try again.
This configuration has no fields that can be copied and changed safely on this build.,This configuration has no fields that can be copied and changed safely on this build.
This file has more loaded values than the Lab takes at once.,This file has more loaded values than the Lab takes at once.
This file has no loaded values in it.,This file has no loaded values in it.
This file isn't a loaded-values export from the Feature Gate Lab.,This file isn't a loaded-values export from the Feature Gate Lab.
This gate type isn't supported.,This gate type isn't supported.
"This is the video's own sound, so YouTube Music won't have it","This is the video's own sound, so YouTube Music won't have it"
"This key isn't in Hushfeed's list, so its type can't be checked. Reset the override.","This key isn't in Hushfeed's list, so its type can't be checked. Reset the override."
"This key touches account safety. Forcing it can change login, region, payment or security checks.","This key touches account safety. Forcing it can change login, region, payment or security checks."
"This line opens a rule and doesn't finish it: %1$s. Write two phrases as ""a"" & ""b"" for both, or ""a"" !& ""b"" for the first without the second.","This line opens a rule and doesn't finish it: %1$s. Write two phrases as ""a"" & ""b"" for both, or ""a"" !& ""b"" for the first without the second."
This list is too long to preview here. Saving still follows the usual limit.,This list is too long to preview here. Saving still follows the usual limit.
"This phone has no file picker, so there's no way to choose a file here","This phone has no file picker, so there's no way to choose a file here"
This phone has no folder picker. Type the folder into the row instead.,This phone has no folder picker. Type the folder into the row instead.
This preset doesn't match the installed gates. Nothing changed.,This preset doesn't match the installed gates. Nothing changed.
This preset isn't available for your installed TikTok version.,This preset isn't available for your installed TikTok version.
This profile picture isn't available to save,This profile picture isn't available to save
"This quality isn't available as a complete file, so TikTok's own save runs instead","This quality isn't available as a complete file, so TikTok's own save runs instead"
"This setting's value can't be copied on this build, so it can't be overridden. Reset the override.","This setting's value can't be copied on this build, so it can't be overridden. Reset the override."
This story isn't available to save,This story isn't available to save
This value is required.,This value is required.
This video has no cover to save,This video has no cover to save
This video has no link to copy,This video has no link to copy
"This video has no link to send, so TikTok's own save runs instead","This video has no link to send, so TikTok's own save runs instead"
This video has no original sound to save,This video has no original sound to save
This video has no sound of its own,This video has no sound of its own
This video is already saved,This video is already saved
This video is already saved. Open TikTok to save another copy.,This video is already saved. Open TikTok to save another copy.
This video isn't available as a complete file. Try again later.,This video isn't available as a complete file. Try again later.
This video's sound has no title to look for,This video's sound has no title to look for
Thumbs down blocks the commenter,Thumbs down blocks the commenter
TikTok account facts,TikTok account facts
TikTok can't tell you're using a VPN. Your other connections show as they really are. Leave this off if you need a feature that checks for a VPN.,TikTok can't tell you're using a VPN. Your other connections show as they really are. Leave this off if you need a feature that checks for a VPN.
"TikTok checks how it was signed and installed. This answers those checks the way the Play Store version would. Try it if follows or likes undo themselves after a refresh. It may not help, since TikTok has other checks.","TikTok checks how it was signed and installed. This answers those checks the way the Play Store version would. Try it if follows or likes undo themselves after a refresh. It may not help, since TikTok has other checks."
TikTok closed during these saves,TikTok closed during these saves
"TikTok closed three times within a minute of starting, so Hushfeed paused itself. Your settings stay as they are.","TikTok closed three times within a minute of starting, so Hushfeed paused itself. Your settings stay as they are."
TikTok closes at %1$s,TikTok closes at %1$s
TikTok default,TikTok default
"TikTok default (hold to speed up, quick share)","TikTok default (hold to speed up, quick share)"
TikTok default (open the creator's profile),TikTok default (open the creator's profile)
TikTok didn't accept the feedback. Try again later.,TikTok didn't accept the feedback. Try again later.
TikTok didn't block %1$s. Try again in a moment.,TikTok didn't block %1$s. Try again in a moment.
TikTok didn't unblock %1$s. Try again in a moment.,TikTok didn't unblock %1$s. Try again in a moment.
"TikTok gets a blank advertising ID, like the one Android gives after you reset yours. Apps can't use it to recognize your phone.","TikTok gets a blank advertising ID, like the one Android gives after you reset yours. Apps can't use it to recognize your phone."
TikTok gets no location from your phone. The Region settings change your country and time zone. This switch stops the exact position.,TikTok gets no location from your phone. The Region settings change your country and time zone. This switch stops the exact position.
"TikTok hasn't loaded this setting yet. Open the part of the app that uses it, then come back.","TikTok hasn't loaded this setting yet. Open the part of the app that uses it, then come back."
TikTok is locked,TikTok is locked
TikTok isn't locked because this phone has no screen lock,TikTok isn't locked because this phone has no screen lock
"TikTok may have taken this message. Delivery isn't confirmed, so it won't be retried today.","TikTok may have taken this message. Delivery isn't confirmed, so it won't be retried today."
TikTok read it,TikTok read it
"TikTok read it, but the override couldn't be applied. Reset it and save it again.","TikTok read it, but the override couldn't be applied. Reset it and save it again."
TikTok refused the follow with code %1$s,TikTok refused the follow with code %1$s
TikTok refused the follow with code %1$s. A hidden CAPTCHA may be the cause.,TikTok refused the follow with code %1$s. A hidden CAPTCHA may be the cause.
TikTok refused the follow: %1$s,TikTok refused the follow: %1$s
TikTok refused the follow: %1$s A hidden CAPTCHA may be the cause.,TikTok refused the follow: %1$s A hidden CAPTCHA may be the cause.
"TikTok removes videos saved for offline viewing after a set time, sometimes only two days, watched or not. With this on they stay until you delete them in TikTok's Offline videos settings. TikTok can still clear watched ones when your phone is low on space.","TikTok removes videos saved for offline viewing after a set time, sometimes only two days, watched or not. With this on they stay until you delete them in TikTok's Offline videos settings. TikTok can still clear watched ones when your phone is low on space."
TikTok sees an empty contact list instead of yours. Find Friends and People you may know can no longer use your contacts.,TikTok sees an empty contact list instead of yours. Find Friends and People you may know can no longer use your contacts.
"TikTok sees an empty list of apps instead of the apps on your phone. Checks for one specific app, such as when TikTok opens an app you tap, still work.","TikTok sees an empty list of apps instead of the apps on your phone. Checks for one specific app, such as when TikTok opens an app you tap, still work."
TikTok slips the videos it saved for offline viewing back into For You when it can't load enough new ones. This takes them all out. Your offline list stays as it is.,TikTok slips the videos it saved for offline viewing back into For You when it can't load enough new ones. This takes them all out. Your offline list stays as it is.
TikTok sometimes tests a change that empties the Favorites tab on your profile. This keeps the tab and your saved videos.,TikTok sometimes tests a change that empties the Favorites tab on your profile. This keeps the tab and your saved videos.
TikTok sometimes tests your phone's speed in a background process that can use a lot of memory. This stops that test from starting. One already running ends when TikTok restarts.,TikTok sometimes tests your phone's speed in a background process that can use a lot of memory. This stops that test from starting. One already running ends when TikTok restarts.
TikTok's background play and auto-scroll,TikTok's background play and auto-scroll
TikTok's downloader: %1$s,TikTok's downloader: %1$s
TikTok's hold to speed up,TikTok's hold to speed up
TikTok's messages didn't start in time. It tries again at %1$s.,TikTok's messages didn't start in time. It tries again at %1$s.
"TikTok's own daily screen-time reminder sends the app to the background instead of waiting to be dismissed. Coming straight back leaves the reminder on screen, so the limit stays reachable. Needs a daily limit set under TikTok's Settings and privacy, under Time and well-being.","TikTok's own daily screen-time reminder sends the app to the background instead of waiting to be dismissed. Coming straight back leaves the reminder on screen, so the limit stays reachable. Needs a daily limit set under TikTok's Settings and privacy, under Time and well-being."
TikTok's own name,TikTok's own name
TikTok's own value,TikTok's own value
TikTok's size,TikTok's size
TikTok's suggested reply cells and their intro banner stop showing in a chat. Messages you type or receive are untouched.,TikTok's suggested reply cells and their intro banner stop showing in a chat. Messages you type or receive are untouched.
Timed logging stopped,Timed logging stopped
Times you can open the feed anyway,Times you can open the feed anyway
Today can't start over while Wait a day to loosen the budget is on. The day starts over at %1$s.,Today can't start over while Wait a day to loosen the budget is on. The day starts over at %1$s.
"Today has moved on, so there's nothing to put back","Today has moved on, so there's nothing to put back"
Today is back where it was,Today is back where it was
Today started over. Tap again to put the counts back.,Today started over. Tap again to put the counts back.
Today starts again,Today starts again
Today's budget is locked. The day starts over at %1$s.,Today's budget is locked. The day starts over at %1$s.
"Today's budget is locked. The feed opens again at %1$s. Messages, profiles and search still work.","Today's budget is locked. The feed opens again at %1$s. Messages, profiles and search still work."
Today's budget is locked. This can be changed again at %1$s.,Today's budget is locked. This can be changed again at %1$s.
Today: %1$d minute,Today: %1$d minute
Today: %1$d minutes,Today: %1$d minutes
Today: %1$d video,Today: %1$d video
Today: %1$d videos,Today: %1$d videos
Too late to put the saved videos back,Too late to put the saved videos back
Too many media saves are already running. Try again in a moment.,Too many media saves are already running. Try again in a moment.
Tracking,Tracking
"Tracking, device access and links","Tracking, device access and links"
"Translate comments as they load, using TikTok's own translator.","Translate comments as they load, using TikTok's own translator."
Transparent,Transparent
Try a different word or clear the search.,Try a different word or clear the search.
Try a different word or clear the search. Switches from patches you didn't tick in Morphe Manager aren't listed.,Try a different word or clear the search. Switches from patches you didn't tick in Morphe Manager aren't listed.
"Try again, or go back to TikTok.","Try again, or go back to TikTok."
Turn Hushfeed back on,Turn Hushfeed back on
Turn off double tap to react,Turn off double tap to react
Turn off haptics,Turn off haptics
Turn off push notifications,Turn off push notifications
Turn off screen transitions,Turn off screen transitions
Turn off swipe to reply,Turn off swipe to reply
Turn off the timer (TikTok closes at %1$s),Turn off the timer (TikTok closes at %1$s)
Turn on %1$s first.,Turn on %1$s first.
Turn on Keep a streak going first,Turn on Keep a streak going first
Turn on overrides,Turn on overrides
Turned off %1$d gates of %2$d. The rest don't take a true or false value. Restart TikTok to apply this.,Turned off %1$d gates of %2$d. The rest don't take a true or false value. Restart TikTok to apply this.
Turned off %1$d gates. Restart TikTok to apply this.,Turned off %1$d gates. Restart TikTok to apply this.
Turned off 1 gate of %2$d. The rest don't take a true or false value. Restart TikTok to apply this.,Turned off 1 gate of %2$d. The rest don't take a true or false value. Restart TikTok to apply this.
Turned off 1 gate. Restart TikTok to apply this.,Turned off 1 gate. Restart TikTok to apply this.
"Turns off TikTok's notification service, so nothing it sends reaches your notification shade and it can't wake your phone. You won't hear about new messages until you open TikTok. Notifications hidden while this is on don't come back. Ongoing ones like media controls stay.","Turns off TikTok's notification service, so nothing it sends reaches your notification shade and it can't wake your phone. You won't hear about new messages until you open TikTok. Notifications hidden while this is on don't come back. Ongoing ones like media controls stay."
Turns off at %1$s,Turns off at %1$s
"Two letters, like us, gb or jp.","Two letters, like us, gb or jp."
Type,Type
"Type a website name to use instead of tiktok.com in links you share or copy, like vxtiktok.com. Leave empty to share TikTok's own links. Only TikTok links change, and only the website name.","Type a website name to use instead of tiktok.com in links you share or copy, like vxtiktok.com. Leave empty to share TikTok's own links. Only TikTok links change, and only the website name."
Type some sample text to see whether these rules match it.,Type some sample text to see whether these rules match it.
"Type the other app's ID, like com.dv.adm. The save button sends the video's link there instead of saving. Leave empty to save here.","Type the other app's ID, like com.dv.adm. The save button sends the video's link there instead of saving. Leave empty to save here."
Unavailable,Unavailable
Unavailable on these TikTok builds. All verification challenges stay visible.,Unavailable on these TikTok builds. All verification challenges stay visible.
Unblock,Unblock
Unblock this commenter,Unblock this commenter
Unblocked %1$s,Unblocked %1$s
"Under the @username on a profile, say whether it follows you or doesn't follow you back. Follower and following lists mark the accounts you follow that don't follow you back.","Under the @username on a profile, say whether it follows you or doesn't follow you back. Follower and following lists mark the accounts you follow that don't follow you back."
Undo,Undo
Undo clearing seen videos,Undo clearing seen videos
Undo didn't finish. Some settings may still be changed.,Undo didn't finish. Some settings may still be changed.
Undo didn't finish. Some settings may still be changed. Try Undo again.,Undo didn't finish. Some settings may still be changed. Try Undo again.
Undo forgetting saved videos,Undo forgetting saved videos
Undo last Lab change,Undo last Lab change
Undo last restore or reset,Undo last restore or reset
Undoing the last change,Undoing the last change
Unlock,Unlock
Unlock TikTok,Unlock TikTok
Unpersonalized For You videos,Unpersonalized For You videos
"Until you choose here, this sheet follows your choices under Hide share actions.","Until you choose here, this sheet follows your choices under Hide share actions."
"Up to %1$d speeds from %2$s to %3$s, separated by commas. Example: 0.5, 1, 1.5, 2, 2.5, 3. Leave empty for TikTok's list. Restart TikTok to apply this.","Up to %1$d speeds from %2$s to %3$s, separated by commas. Example: 0.5, 1, 1.5, 2, 2.5, 3. Leave empty for TikTok's list. Restart TikTok to apply this."
"Use 0 for TikTok's size, or %1$d to %2$d. Applies to the next caption.","Use 0 for TikTok's size, or %1$d to %2$d. Applies to the next caption."
"Use 0 for TikTok's size, or %1$d to %2$d. Sizes the author's name and keeps Android's font scaling.","Use 0 for TikTok's size, or %1$d to %2$d. Sizes the author's name and keeps Android's font scaling."
"Use 0 for TikTok's size, or %1$d to %2$d. Sizes the description below the author's name and keeps Android's font scaling.","Use 0 for TikTok's size, or %1$d to %2$d. Sizes the description below the author's name and keeps Android's font scaling."
Use Calm feed,Use Calm feed
Use Save report for this large report,Use Save report for this large report
Use TikTok for a while. A popup shows up here after TikTok first tries to show it.,Use TikTok for a while. A popup shows up here after TikTok first tries to show it.
"Use TikTok's own hold, pull down and release gesture to keep playing at the hold speed, 2x unless Playback sets another.","Use TikTok's own hold, pull down and release gesture to keep playing at the hold speed, 2x unless Playback sets another."
Use a default playback speed,Use a default playback speed
Use non-personalized search,Use non-personalized search
Use screen lock,Use screen lock
Use system emoji,Use system emoji
Use system font,Use system font
Use the preset for the region TikTok reports for your account and its shop too. May affect search.,Use the preset for the region TikTok reports for your account and its shop too. May affect search.
"Use the split layout on wider screens. Restart TikTok to apply this. If the old layout is still there, unfold again.","Use the split layout on wider screens. Restart TikTok to apply this. If the old layout is still there, unfold again."
"Use this account's TikTok JSON export, up to %1$s MB and %2$s entries. Dates without a time zone use this phone's time zone.","Use this account's TikTok JSON export, up to %1$s MB and %2$s entries. Dates without a time zone use this phone's time zone."
Use value,Use value
Use your own offline videos limit,Use your own offline videos limit
"Use {creator}, {date} and {video_id} to build the name. Start with {creator}/ to put each creator in a folder. The file ending is added for you.","Use {creator}, {date} and {video_id} to build the name. Start with {creator}/ to put each creator in a folder. The file ending is added for you."
"Use {creator}, {date}, {video_id} and {index} to build the name. {index} numbers the photos of a slideshow saved with Download original photos. TikTok's own save button numbers files by folder instead. The file ending is added for you.","Use {creator}, {date}, {video_id} and {index} to build the name. {index} numbers the photos of a slideshow saved with Download original photos. TikTok's own save button numbers files by folder instead. The file ending is added for you."
Use {date} and {media_id} to build the name. Works for image and video stickers.,Use {date} and {media_id} to build the name. Works for image and video stickers.
User ID copied,User ID copied
Username copied,Username copied
Username last changed,Username last changed
Using TikTok's value,Using TikTok's value
Value,Value
Value to return,Value to return
Value: %1$s to %2$s,Value: %1$s to %2$s
Verified accounts,Verified accounts
Version %1$s,Version %1$s
Version %1$s for TikTok %2$s,Version %1$s for TikTok %2$s
"Version, changes and licenses","Version, changes and licenses"
Video,Video
Video (MP4),Video (MP4)
Video ID copied,Video ID copied
Video and details saved to %1$s,Video and details saved to %1$s
Video destination,Video destination
Video download quality,Video download quality
Video filename,Video filename
Video frame,Video frame
Video info,Video info
Video of photos,Video of photos
Video playback quality,Video playback quality
Video player settings,Video player settings
Video saved,Video saved
"Video saved in %1$s, but only %2$s of %3$s subtitles came with it","Video saved in %1$s, but only %2$s of %3$s subtitles came with it"
Video saved with %1$s subtitles in %2$s,Video saved with %1$s subtitles in %2$s
"Videos can't be saved to the folder in that file, so your video folder was kept","Videos can't be saved to the folder in that file, so your video folder was kept"
Videos in search results show their cover and play when you open them. The feed and the videos you open play as usual.,Videos in search results show their cover and play when you open them. The feed and the videos you open play as usual.
Views range,Views range
Visual search,Visual search
Volume,Volume
Wait a day to loosen the budget,Wait a day to loosen the budget
"Wait a day to loosen the budget is on, so Hushfeed stays on","Wait a day to loosen the budget is on, so Hushfeed stays on"
Wait before hiding the controls.,Wait before hiding the controls.
Waiting for the file app to let go of the last file. Restart TikTok if it doesn't.,Waiting for the file app to let go of the last file. Restart TikTok if it doesn't.
Waiting to record. Go to the screen you want recorded.,Waiting to record. Go to the screen you want recorded.
Waiting to save %1$s files,Waiting to save %1$s files
Waiting to save one file,Waiting to save one file
Waiting to save video,Waiting to save video
Watch history was imported for the account that chose the file. Switch back to see it.,Watch history was imported for the account that chose the file. Switch back to see it.
"WebP, exactly as TikTok sent it","WebP, exactly as TikTok sent it"
What TikTok gets,What TikTok gets
What gets sent each day.,What gets sent each day.
What's new,What's new
"When Copy link gives a short vt.tiktok.com or vm.tiktok.com link, Hushfeed opens it once in the background to find the full video link and copies that instead. TikTok sees that visit. Links you send to another app go out as they were.","When Copy link gives a short vt.tiktok.com or vm.tiktok.com link, Hushfeed opens it once in the background to find the full video link and copies that instead. TikTok sees that visit. Links you send to another app go out as they were."
"When TikTok requests this key, return the selected value below","When TikTok requests this key, return the selected value below"
"When a video ends in full screen, stay on it instead of moving to the next one. Swiping still moves on.","When a video ends in full screen, stay on it instead of moving to the next one. Swiping still moves on."
"When the budget runs out, the video on screen plays to its end before the hold starts, and you can't swipe to another video meanwhile. If the fade already dimmed the feed, the hold starts right away. Needs a hold. It waits %1$d minutes at most.","When the budget runs out, the video on screen plays to its end before the hold starts, and you can't swipe to another video meanwhile. If the fade already dimmed the feed, the hold starts right away. Needs a hold. It waits %1$d minutes at most."
"When the video without the watermark can't be fetched, save TikTok's own watermarked copy instead and say so. It's the size TikTok's own save uses, so it may be smaller than the quality you picked.","When the video without the watermark can't be fetched, save TikTok's own watermarked copy instead and say so. It's the size TikTok's own save uses, so it may be smaller than the quality you picked."
When to send,When to send
"When you leave TikTok while a video plays, it keeps playing in a small window over your other apps, with a button to pause it. Works in the feed and on videos you open from a profile, search or a sound. Needs Android 8 or later.","When you leave TikTok while a video plays, it keeps playing in a small window over your other apps, with a button to pause it. Works in the feed and on videos you open from a profile, search or a sound. Needs Android 8 or later."
"When you open TikTok from its icon, the first video in the feed waits for one tap before it plays. A link, a notification or a shortcut opens as usual.","When you open TikTok from its icon, the first video in the feed waits for one tap before it plays. A link, a notification or a shortcut opens as usual."
"While Clear display is on, also hide the progress bar, the close button and the pause and speed buttons at the bottom. You can still drag along the bottom edge to move through the video. To leave Clear display, press and hold the video and tap Restore display, or pinch the screen.","While Clear display is on, also hide the progress bar, the close button and the pause and speed buttons at the bottom. You can still drag along the bottom edge to move through the video. To leave Clear display, press and hold the video and tap Restore display, or pinch the screen."
"While diagnostic logging is on, a message names the part of Hushfeed that failed. Off keeps failures in the report only.","While diagnostic logging is on, a message names the part of Hushfeed that failed. Off keeps failures in the report only."
Who to message,Who to message
Window width needed to enable the layout. Restart TikTok to apply this.,Window width needed to enable the layout. Restart TikTok to apply this.
"Word rules only, not every feed filter:","Word rules only, not every feed filter:"
"Words, countries and languages","Words, countries and languages"
Working,Working
Works only with YTDLnis (com.deniscerri.ytdl). Picks audio or video when the save button sends it a link.,Works only with YTDLnis (com.deniscerri.ytdl). Picks audio or video when the save button sends it a link.
Works only with YTDLnis (com.deniscerri.ytdl). Starts the download in the background without showing its download card.,Works only with YTDLnis (com.deniscerri.ytdl). Starts the download in the background without showing its download card.
"Write the video's sound beside it as an .m4a. Android 10 and later file audio separately, so it lands in Music under the same folder name as your videos.","Write the video's sound beside it as an .m4a. Android 10 and later file audio separately, so it lands in Music under the same folder name as your videos."
Writing,Writing
YTDLnis background mode,YTDLnis background mode
YTDLnis download type,YTDLnis download type
Yes,Yes
YouTube Music couldn't be opened. Open it yourself and search for the sound.,YouTube Music couldn't be opened. Open it yourself and search for the sound.
YouTube Music isn't installed,YouTube Music isn't installed
Your TikTok account changed. Choose the file again for this account.,Your TikTok account changed. Choose the file again for this account.
Your current settings already match Calm feed.,Your current settings already match Calm feed.
Your filters hid everything TikTok just sent. Most were %1$s.,Your filters hid everything TikTok just sent. Most were %1$s.
"Your filters hid everything TikTok sent, %1$d times in a row. Most were %2$s.","Your filters hid everything TikTok sent, %1$d times in a row. Most were %2$s."
"Your operator's name, like T-Mobile.","Your operator's name, like T-Mobile."
"Your operator's numeric code, like 310260.","Your operator's numeric code, like 310260."
Your previous feed setup couldn't be restored. Nothing was changed.,Your previous feed setup couldn't be restored. Nothing was changed.
Your previous feed setup is back.,Your previous feed setup is back.
Your previous feed setup is back. Restart TikTok to apply all changes.,Your previous feed setup is back. Restart TikTok to apply all changes.
Your seen history changed before the import finished. Choose the file again.,Your seen history changed before the import finished. Choose the file again.
"Zero means no limit. Counts the videos Hushfeed advanced past for you, not the ones you swiped yourself, and starts again when the feed is rebuilt or you change this number.","Zero means no limit. Counts the videos Hushfeed advanced past for you, not the ones you swiped yourself, and starts again when the feed is rebuilt or you change this number."
"Zero means the way out of the hold is always there. Any other number is how many times a day it works. Once they're used up, the hold stays until the day starts over. Ignored while the budget is locked, which removes the way out.","Zero means the way out of the hold is always there. Any other number is how many times a day it works. Once they're used up, the hold stays until the day starts over. Ignored while the budget is locked, which removes the way out."
"Zero shows the notice and leaves the feed alone. Anything else covers the feed for that many minutes once a budget is reached. Messages, profiles and search keep working, and nothing in the feed is thrown away.","Zero shows the notice and leaves the feed alone. Anything else covers the feed for that many minutes once a budget is reached. Messages, profiles and search keep working, and nothing in the feed is thrown away."
"Zero switches this off. A short reminder after that many minutes of watching, and again after the same again. Time on messages, a profile or search doesn't count, and nothing is shown while the feed is on hold.","Zero switches this off. A short reminder after that many minutes of watching, and again after the same again. Time on messages, a profile or search doesn't count, and nothing is shown while the feed is on hold."
"Zero switches this off. Count the minutes the player spends running in the feed. Time on messages, a profile or search doesn't count.","Zero switches this off. Count the minutes the player spends running in the feed. Time on messages, a profile or search doesn't count."
"Zero switches this off. Counts every video that comes up in the feed and tells you when you reach the limit. Separate from the auto-advance session limit under Playback, which counts only videos Hushfeed moved past for you.","Zero switches this off. Counts every video that comes up in the feed and tells you when you reach the limit. Separate from the auto-advance session limit under Playback, which counts only videos Hushfeed moved past for you."
collapsed,collapsed
debug debugging logs logging,debug debugging logs logging
expanded,expanded
this creator,this creator
