Importing new history ended Undo for the earlier clear. You can clear the imported history.	Importar un historial nuevo impide deshacer el borrado anterior. Puedes borrar el historial importado.
%1$d setting in that file can't be restored here and was skipped	%1$d ajuste del archivo no se puede restaurar aquí y se omitió
%1$d settings in that file can't be restored here and were skipped	%1$d ajustes del archivo no se pueden restaurar aquí y se omitieron
Import watch history	Importar historial de visualización
Use this account's TikTok JSON export, up to %1$s MB and %2$s entries. Dates without a time zone use this phone's time zone.	Usa la exportación JSON de TikTok de esta cuenta, con un máximo de %1$s MB y %2$s entradas. Las fechas sin zona horaria usan la de este teléfono.
Sign in to TikTok before importing watch history.	Inicia sesión en TikTok antes de importar el historial de visualización.
Your TikTok account changed. Choose the file again for this account.	Tu cuenta de TikTok cambió. Vuelve a elegir el archivo para esta cuenta.
Reading watch history	Leyendo el historial de visualización
Importing watch history	Importando el historial de visualización
Reopen Hushfeed settings, then choose the file	Vuelve a abrir los ajustes de Hushfeed y elige el archivo
Couldn't start the import. Try again in a moment.	No se pudo iniciar la importación. Inténtalo de nuevo en un momento.
Your seen history changed before the import finished. Choose the file again.	Tu historial cambió antes de terminar la importación. Vuelve a elegir el archivo.
Couldn't import watch history. Your saved history is unchanged.	No se pudo importar el historial de visualización. Tu historial guardado no ha cambiado.
%1$s watched video added.	Se añadió %1$s vídeo visto.
%1$s watched videos added.	Se añadieron %1$s vídeos vistos.
%1$s entry skipped.	Se omitió %1$s entrada.
%1$s entries skipped.	Se omitieron %1$s entradas.
Skipped entries are invalid, expired, already recorded, or older than the newest %1$s videos.	Las entradas omitidas no son válidas, han caducado, ya están guardadas o son más antiguas que los %1$s vídeos más recientes.
Watch history was imported for the account that chose the file. Switch back to see it.	El historial se importó para la cuenta que eligió el archivo. Vuelve a esa cuenta para verlo.
Couldn't read that file. Choose it again.	No se pudo leer el archivo. Vuelve a elegirlo.
That file is larger than %1$s MB. Choose a smaller watch-history export.	El archivo supera los %1$s MB. Elige una exportación del historial más pequeña.
That file has more than %1$s watch-history entries.	El archivo tiene más de %1$s entradas de historial.
That JSON file doesn't contain the supported TikTok watch history.	El archivo JSON no contiene el historial de TikTok compatible.
That watch-history file is damaged. Nothing was imported.	El archivo del historial está dañado. No se importó nada.
%1$d already matched	%1$d ya coincidían
%1$d areas were checked and everything they need is here.	Se comprobaron %1$d áreas y está todo lo que necesitan.
%1$d fields overridden	%1$d campos sobrescritos
%1$d fields will be overridden when requested	%1$d campos se sobrescribirán cuando se soliciten
%1$d gates selected	%1$d interruptores seleccionados
%1$d minutes left	Quedan %1$d minutos
%1$d overrides were turned off because the Lab couldn't confirm their gates are unchanged in TikTok %2$s. Review them before turning them back on.	Se desactivaron %1$d sustituciones porque el Lab no pudo confirmar que sus interruptores sigan igual en TikTok %2$s. Revísalas antes de volver a activarlas.
%1$d rejected	%1$d rechazados
%1$d results	%1$d resultados
%1$d results so far	%1$d resultados hasta ahora
%1$d results so far, and more not counted	%1$d resultados hasta ahora, y más sin contar
%1$d results, filtered to %2$s	%1$d resultados, filtrados por %2$s
%1$d setting wasn't in that file and was left as it is	%1$d ajuste no estaba en ese archivo y se dejó como estaba
%1$d settings weren't in that file and were left as they are	%1$d ajustes no estaban en ese archivo y se dejaron como estaban
%1$d unavailable	%1$d no disponibles
%1$s (%2$s)	%1$s (%2$s)
%1$s (TikTok value)	%1$s (valor de TikTok)
%1$s (custom, unverified)	%1$s (personalizado, sin verificar)
%1$s (override returned)	%1$s (se devolvió la sobrescritura)
%1$s (will be returned when requested)	%1$s (se devolverá cuando se solicite)
%1$s and above	%1$s y superior
%1$s appears more than once in this file.	%1$s aparece más de una vez en este archivo.
%1$s changed	%1$s cambiados
%1$s is already hidden	%1$s ya está oculto
%1$s destinations must start with %2$s	Los destinos de %1$s deben empezar por %2$s
%1$s is too long for a settings backup. Shorten it, then save the backup again.	%1$s es demasiado larga para una copia de seguridad de ajustes. Acórtala y vuelve a guardar la copia.
%1$s isn't a language code, so no video would ever match it. Use two letters, like en, es or de.	%1$s no es un código de idioma, así que ningún video coincidiría. Usa dos letras, como en, es o de.
%1$s needs fixing. %2$s	Hay que corregir %1$s. %2$s
%1$s is a kind of value the Lab can't override.	%1$s es un tipo de valor que el Lab no puede sustituir.
%1$s has type %2$s, but the file says %3$s.	%1$s tiene el tipo %2$s, pero el archivo indica %3$s.
%1$s isn't a country code, so no video would ever match it. Use two letters, like GB, IE or US.	%1$s no es un código de país, así que ningún vídeo coincidiría nunca. Usa dos letras, como GB, IE o US.
%1$s isn't in this Lab catalog.	%1$s no está en este catálogo del Lab.
%1$s isn't installed or doesn't take links	%1$s no está instalado o no acepta enlaces
%1$s left	Queda %1$s
%1$s min left	Quedan %1$s min
%1$s to %2$s	De %1$s a %2$s
%1$s videos left	Quedan %1$s videos
%1$s videos were recorded before each account kept its own list. They hide nothing until you add them here.	%1$s vídeos se registraron antes de que cada cuenta tuviera su propia lista. No ocultan nada hasta que los añadas aquí.
%1$s was rejected. %2$s	%1$s fue rechazado. %2$s
%1$s · Hushfeed's list only	%1$s · solo en la lista de Hushfeed
%1$s · current value only	%1$s · solo valor actual
%1$s · declared by TikTok	%1$s · declarado por TikTok
%1$s · declared by TikTok, with a current value	%1$s · declarado por TikTok, con un valor actual
%1$s%%	%1$s %%
%1$s, %2$s, %3$s, %4$s, %5$s	%1$s, %2$s, %3$s, %4$s, %5$s
%1$s, selected	%1$s, seleccionado
%1$s. %2$s	%1$s. %2$s
%1$s: %2$d found, %3$d missing	%1$s: %2$d encontrados, %3$d faltan
%1$s: %2$d found, %3$d missing, and more it stopped counting	%1$s: %2$d encontrados, %3$d faltan, y más que dejó de contar
%1$s: %2$d found, %3$d missing, and more it stopped counting. First missing: %4$s	%1$s: %2$d encontrados, %3$d faltan, y más que dejó de contar. El primero que faltó: %4$s
%1$s: %2$d found, %3$d missing. First missing: %4$s	%1$s: %2$d encontrados, %3$d faltan. El primero que faltó: %4$s
%1$s: %2$s	%1$s: %2$s
1 field overridden	1 campo sobrescrito
1 field will be overridden when requested	1 campo se sobrescribirá cuando se solicite
1 gate selected	1 interruptor seleccionado
1 min left	Queda 1 min
1 override was turned off because the Lab couldn't confirm its gate is unchanged in TikTok %2$s. Review it before turning it back on.	Se desactivó 1 sustitución porque el Lab no pudo confirmar que su interruptor siga igual en TikTok %2$s. Revísala antes de volver a activarla.
1 result	1 resultado
1 result so far	1 resultado hasta ahora
1 video left	Queda 1 video
A Lab change is already running	Ya se está ejecutando un cambio del Lab
A diagnostic report is already being saved	Ya se está guardando un informe de diagnóstico
A few seconds	Unos segundos
A field value couldn't be read. Check the values and try again.	No se pudo leer el valor de un campo. Revisa los valores e inténtalo de nuevo.
A good place to stop, if you want one.	Un buen momento para parar, si quieres uno.
A green square in the top corner while TikTok has the camera open, and an orange diamond while it records sound. They go when the access ends.	Un cuadrado verde en la esquina superior mientras TikTok tiene la cámara abierta, y un rombo naranja mientras graba sonido. Desaparecen cuando termina el acceso.
Type a website name to use instead of tiktok.com in links you share or copy, like vxtiktok.com. Leave empty to share TikTok's own links. Only TikTok links change, and only the website name.	Escribe un nombre de sitio web para usar en lugar de tiktok.com en los enlaces que compartes o copias, como vxtiktok.com. Déjalo vacío para compartir los enlaces propios de TikTok. Solo cambian los enlaces de TikTok, y solo el nombre del sitio.
A small label on the feed shows the minutes or videos left of today's budget, whichever is closer to running out.	Una pequeña etiqueta en el feed muestra los minutos o videos restantes del presupuesto de hoy.
A tap on Home or on the For You tab while For You is showing no longer reloads it. The video you're on stays.	Tocar Inicio o la pestaña Para ti mientras se muestra Para ti ya no lo recarga. El vídeo que estás viendo se queda.
A video you paused stays paused when you come back to the app instead of starting again. One you left playing starts as usual. It works on Android 10 and newer.	Un vídeo que pausaste sigue en pausa cuando vuelves a la app en lugar de empezar de nuevo. Uno que dejaste reproduciéndose empieza como siempre. Funciona a partir de Android 10.
A web address someone left in a comment can be tapped instead of copied out by hand. Tapping anywhere else in the comment still does what it did.	Una dirección web escrita en un comentario se puede tocar en lugar de copiarla a mano. Tocar en cualquier otra parte del comentario sigue haciendo lo de siempre.
AI-generated posts	Publicaciones generadas por IA
A forced value applies to this copy of TikTok whichever account is signed in. It can't get past a check the server makes.	Un valor forzado se aplica a esta copia de TikTok, sea cual sea la cuenta con sesión iniciada. No puede saltarse una comprobación que haga el servidor.
Add older seen videos to this account	Añadir vídeos vistos anteriores a esta cuenta
Added %1$s older seen videos to this account	Se añadieron %1$s vídeos vistos anteriores a esta cuenta
Added one older seen video to this account	Se añadió un vídeo visto anterior a esta cuenta
Added to this account.	Añadidos a esta cuenta.
Caption languages	Idiomas de subtítulos
Separate handles or user IDs with commas. Their videos stay when a filter on post type, labels, age, length or counts would hide them. Ads, blocked creators, words, sounds, countries, caption languages and seen videos still apply.	Separa los nombres de cuenta o los ID de usuario con comas. Sus videos se quedan aunque un filtro de tipo de publicación, etiquetas, antigüedad, duración o cifras los ocultaría. Los anuncios, los creadores bloqueados, las palabras, los sonidos, los países, los idiomas de descripción y los videos vistos se siguen aplicando.
Separate language codes with commas, like en, es. A video whose original caption is in another language is hidden. Videos with no caption, or only translated ones, always stay.	Separa los códigos de idioma con comas, como en, es. Un video cuya descripción original está en otro idioma se oculta. Los videos sin descripción, o solo con una traducida, siempre se quedan.
Comma separated names exactly as the row under a profile's bio shows them, such as TikTok Studio or Your orders. Restart TikTok to apply this.	Nombres separados por comas, tal como aparecen en la fila bajo la biografía de un perfil, como TikTok Studio o Tus pedidos. Reinicia TikTok para que se aplique.
Couldn't add the older seen videos. Try again.	No se pudieron añadir los vídeos vistos anteriores. Inténtalo de nuevo.
Couldn't copy the report. Use Save report instead.	No se pudo copiar el informe. Usa «Guardar informe».
Couldn't read TikTok's current values (%1$s). Refresh values from the menu to try again.	No se pudieron leer los valores actuales de TikTok (%1$s). Actualiza los valores desde el menú para volver a intentarlo.
Couldn't restart TikTok. Close it and open it again.	No se pudo reiniciar TikTok. Ciérralo y vuelve a abrirlo.
Couldn't undo that. Try again.	No se pudo deshacer. Inténtalo de nuevo.
Count a video as seen after	Contar un vídeo como visto después de
Forget the %1$s videos @%2$s has seen.	Olvidar los %1$s vídeos que ha visto @%2$s.
Forget the seen video.	Olvidar el vídeo visto.
Forget the video @%2$s has seen.	Olvidar el vídeo que ha visto @%2$s.
Got it	Entendido
Hide profile shortcuts	Ocultar accesos directos del perfil
Hide profile shortcuts by name	Ocultar accesos directos del perfil por nombre
Hide the status bar in LIVE rooms	Ocultar la barra de estado en los LIVE
How much of a video you watch before it's hidden next time. Zero counts it after a few seconds.	Cuánto de un vídeo ves antes de que se oculte la próxima vez. Con cero cuenta tras unos segundos.
Later	Más tarde
Leave when TikTok says time is up	Salir cuando TikTok diga que se acabó el tiempo
Let a LIVE fill the screen up to the top edge. The status bar comes back when you leave the LIVE. Swipe down from the top to peek at it.	Deja que un LIVE ocupe la pantalla hasta el borde superior. La barra de estado vuelve cuando sales del LIVE. Desliza hacia abajo desde arriba para verla un momento.
Loading the gate list and TikTok's current values…	Cargando la lista de gates y los valores actuales de TikTok…
New value	Nuevo valor
No app on this phone opens that file	Ninguna app de este teléfono abre ese archivo
No profile shortcuts have been seen yet	Todavía no se ha visto ningún acceso directo del perfil
One video was recorded before each account kept its own list. It hides nothing until you add it here.	Se registró un vídeo antes de que cada cuenta tuviera su propia lista. No oculta nada hasta que lo añadas aquí.
Only these caption languages	Solo estos idiomas de subtítulos
Open	Abrir
Open your profile once, then return here to choose its shortcuts.	Abre tu perfil una vez y vuelve aquí para elegir sus accesos directos.
Photos can't be saved to the folder in that file, so your photo folder was kept	Las fotos no se pueden guardar en la carpeta de ese archivo, así que se mantuvo tu carpeta de fotos
Pick the shortcuts to remove from the row under a profile's bio, such as TikTok Studio or Your orders. Restart TikTok to apply this.	Elige los accesos directos que quieres quitar de la fila bajo la biografía de un perfil, como TikTok Studio o Tus pedidos. Reinicia TikTok para que se aplique.
Preview shortened. Save report keeps the full report.	Vista previa acortada. «Guardar informe» conserva el informe completo.
Refreshing TikTok's current values…	Actualizando los valores actuales de TikTok…
Restart TikTok to apply this	Reinicia TikTok para que se aplique
Save report	Guardar informe
Stay on the video in full screen	Quedarse en el vídeo a pantalla completa
Stickers can't be saved to the folder in that file, so your sticker folder was kept	Los stickers no se pueden guardar en la carpeta de ese archivo, así que se mantuvo tu carpeta de stickers
Stop TikTok's speed tests	Detener las pruebas de velocidad de TikTok
That creator pattern could stall the feed, so it was skipped: %1$s	Ese patrón de creador podría trabar el feed, así que se omitió: %1$s
That creator pattern could stall the feed, so it wasn't added: %1$s	Ese patrón de creador podría trabar el feed, así que no se añadió: %1$s
This key isn't in Hushfeed's list, so its type can't be checked. Reset the override.	Esta clave no está en la lista de Hushfeed, así que no se puede comprobar su tipo. Restablece la anulación.
This key touches account safety. Forcing it can change login, region, payment or security checks.	Esta clave afecta a la protección de la cuenta. Forzarla puede cambiar las comprobaciones de inicio de sesión, región, pagos o seguridad.
Activity	Actividad
Activity center (PIA)	Centro de actividad (PIA)
Add	Añadir
Block the creator in one tap. Once TikTok confirms, skip to the next video. A small Unblock button appears at the top left for two seconds. You can also unblock later in TikTok's Privacy > Blocked accounts.	Bloquea al creador con un toque. Cuando TikTok lo confirme, pasa al siguiente video. Aparece un botón pequeño para desbloquear arriba a la izquierda durante dos segundos. También puedes desbloquear más tarde en Privacidad > Cuentas bloqueadas de TikTok.
TikTok sometimes tests your phone's speed in a background process that can use a lot of memory. This stops that test from starting. One already running ends when TikTok restarts.	A veces TikTok prueba la velocidad de tu teléfono en un proceso en segundo plano que puede usar mucha memoria. Esto evita que esa prueba empiece. La que ya esté en marcha termina cuando TikTok se reinicia.
TikTok's own daily screen-time reminder sends the app to the background instead of waiting to be dismissed. Coming straight back leaves the reminder on screen, so the limit stays reachable. Needs a daily limit set under TikTok's Settings and privacy, under Time and well-being.	El propio recordatorio diario de tiempo en pantalla de TikTok manda la app a segundo plano en vez de esperar a que lo cierres. Si vuelves enseguida, el recordatorio se queda en pantalla, para que el límite siga a tu alcance. Necesita un límite diario en Ajustes y privacidad de TikTok, en Tiempo y bienestar.
Try a different word or clear the search. Switches from patches you didn't tick in Morphe Manager aren't listed.	Prueba con otra palabra o borra la búsqueda. Los interruptores de parches que no marcaste en Morphe Manager no aparecen.
Unblock	Desbloquear
Add a button beside the block control to send feedback about the current video.	Añade un botón junto al control de bloqueo para enviar comentarios sobre el vídeo actual.
Add a creator	Añadir un creador
Add a button that hides the current creator on this phone without blocking them.	Añade un botón que oculta al creador actual en este dispositivo sin bloquearlo.
Add a separate button that skips videos using the current sound.	Añade un botón separado que omite los vídeos que usan el sonido actual.
Add hidden creator	Añadir creador oculto
Added %1$s	Se agrego %1$s
Ads	Anuncios
Auto-advance videos	Avanzar vídeos automáticamente
Advanced	Avanzado
Advanced JSON value	Valor JSON avanzado
All	Todos
All available languages	Todos los idiomas disponibles
All events	Todos los eventos
All loaded tabs	Todas las pestañas cargadas
Allow Duet and Stitch anyway	Permitir Dúo y Unir de todas formas
Allow screenshots and Circle to Search	Permitir capturas de pantalla y Círculo para buscar
Allow storage for TikTok in Android settings to save profile pictures	Hace falta permiso de almacenamiento para guardar una foto de perfil
Allow storage for TikTok in Android settings to save sounds	Hace falta permiso de almacenamiento para guardar un sonido
Allow storage for TikTok in Android settings to save stories	Hace falta permiso de almacenamiento para guardar una historia
Bottom tabs to keep	Pestañas inferiores que mantener
Already marked as not interested	Ya marcado como no me interesa
Also apply these filters to downloaded videos TikTok uses when the feed can't load enough new items.	Aplicar también estos filtros a los vídeos descargados que TikTok usa cuando el feed no consigue cargar suficientes elementos nuevos.
Also change the region TikTok reports internally. Keeps your interface language. Your IP address and your account's own rules still apply.	Cambia también la región que TikTok informa internamente. Mantiene el idioma de la interfaz. Tu dirección IP y las reglas de tu cuenta siguen aplicándose.
Always show publish date	Mostrar siempre la fecha de publicación
Always show the publish date in video author information. Restart TikTok to apply this.	Mostrar siempre la fecha de publicación en la información del autor del vídeo. Reinicia TikTok para que se aplique.
Type the other app's ID, like com.dv.adm. The save button sends the video's link there instead of saving. Leave empty to save here.	Escribe el ID de la otra app, como com.dv.adm. El botón de guardar le envía el enlace del video en lugar de guardarlo. Déjalo vacío para guardar aquí.
An interrupted settings change couldn't be recovered, so its record was set aside. Check your settings or restore a backup.	No se pudo recuperar un cambio de ajustes interrumpido, así que su registro se apartó. Revisa tus ajustes o restaura una copia de seguridad.
An operator code is five or six digits, like 310260	Un código de operador tiene cinco o seis dígitos, como 310260
An override changes the value TikTok reads from this gate. It doesn't change TikTok's saved copy or prove the named feature changed.	Una anulación cambia el valor que TikTok lee de esta puerta. No cambia la copia guardada de TikTok ni demuestra que la función indicada haya cambiado.
Animated sticker format	Formato de los stickers animados
TikTok gets no location from your phone. The Region settings change your country and time zone. This switch stops the exact position.	TikTok no recibe ninguna ubicación de tu teléfono. Los ajustes de Región cambian tu país y tu zona horaria. Este interruptor detiene la posición exacta.
TikTok sees an empty contact list instead of yours. Find Friends and People you may know can no longer use your contacts.	TikTok ve una lista de contactos vacía en lugar de la tuya. Buscar amigos y Personas que quizá conozcas ya no pueden usar tus contactos.
TikTok sees an empty list of apps instead of the apps on your phone. Checks for one specific app, such as when TikTok opens an app you tap, still work.	TikTok ve una lista de apps vacía en lugar de las apps de tu teléfono. Las comprobaciones de una app concreta, como cuando TikTok abre una app que tocas, siguen funcionando.
App	Aplicación
App AB	AB de la aplicación
Appearance	Apariencia
Applies to both video and photo downloads.	Se aplica tanto a las descargas de vídeo como a las de fotos.
Apply	Aplicar
Around the video	Alrededor del vídeo
Arrange your feed and bottom tabs	Organiza tu feed y las pestañas inferiores
Attention	Atención
Audio	Audio
Auto translate comments	Traducir comentarios automáticamente
Auto-advance session limit	Límite de avance automático por sesión
Automatic	Automático
Auto-advance	Avance automático
Staying on a video	Quedarse en un vídeo
Auto-advance stopped after %1$d videos	El avance automático se detuvo tras %1$d vídeos
Auto-advance stopped after one video	El avance automático se detuvo tras un vídeo
Automatic clear display	Ocultar controles automáticamente
Avatar and follow button	Avatar y botón de seguir
Back	Atrás
Back up settings	Copia de seguridad de los ajustes
Backup and restore	Copia de seguridad y restauración
Black	Negro
Block clipboard reads	Bloquear la lectura del portapapeles
Hide a VPN connection	Ocultar una conexión VPN
TikTok can't tell you're using a VPN. Your other connections show as they really are. Leave this off if you need a feature that checks for a VPN.	TikTok no puede saber que usas una VPN. Tus otras conexiones aparecen tal como son. Déjalo desactivado si necesitas una función que compruebe si hay una VPN.
Block the advertising ID	Bloquear el ID de publicidad
TikTok gets a blank advertising ID, like the one Android gives after you reset yours. Apps can't use it to recognize your phone.	TikTok recibe un ID de publicidad en blanco, como el que Android da después de restablecer el tuyo. Las apps no pueden usarlo para reconocer tu teléfono.
Block contact list access	Bloquear el acceso a los contactos
Block installed app scanning	Bloquear el escaneo de apps instaladas
Block location	Bloquear la ubicación
Block motion sensors	Bloquear los sensores de movimiento
Block new feed tabs	Bloquear pestañas nuevas del feed
Block new bottom tabs	Bloquear pestañas inferiores nuevas
Block this commenter	Bloquear a quien comenta
Block this creator	Bloquear a este creador
Block this sound	Bloquear este sonido
Blocked	Bloqueado
Blocked %1$s	%1$s bloqueado
Blocked %1$s. Unblock	%1$s bloqueado. Desbloquear
Couldn't confirm the block for %1$s. Open their profile to check.	No se pudo confirmar el bloqueo de %1$s. Abre su perfil para comprobarlo.
Blocked caption words	Palabras bloqueadas en las descripciones
Blocked comment words	Palabras bloqueadas en los comentarios
Blocked creators	Creadores bloqueados
Blocked sound ids	Ids de sonidos bloqueados
Blocked sound names	Nombres de sonidos bloqueados
Blocked sounds	Sonidos bloqueados
Blocking	Bloquear
On or off	Activado o desactivado
Browse	Explorar
Camera and microphone in use	Cámara y micrófono en uso
Camera in use	Cámara en uso
Cancel	Cancelar
Caption background	Fondo de los subtítulos
Caption text size	Tamaño del texto de los subtítulos
Description text size	Tamaño del texto de la descripción
Author text size	Tamaño del nombre del creador
Use 0 for TikTok's size, or %1$d to %2$d. Sizes the description below the author's name and keeps Android's font scaling.	Usa 0 para el tamaño de TikTok, o de %1$d a %2$d. Cambia el tamaño de la descripción bajo el nombre del creador y mantiene el ajuste de fuente de Android.
Use 0 for TikTok's size, or %1$d to %2$d. Sizes the author's name and keeps Android's font scaling.	Usa 0 para el tamaño de TikTok, o de %1$d a %2$d. Cambia el tamaño del nombre del creador y mantiene el ajuste de fuente de Android.
Captions	Subtítulos
Captions, gestures and on-screen controls	Subtítulos, gestos y controles en pantalla
Capture crash reports locally	Guardar los informes de fallo en el dispositivo
Choose %1$d to %2$d videos. Values outside this range use the nearest valid limit. Restart TikTok to apply this.	Elige entre %1$d y %2$d vídeos. Los valores fuera de ese rango usan el límite válido más cercano. Reinicia TikTok para que se aplique.
Choose a backup file. Your current settings are kept for Undo.	Elige un archivo de copia de seguridad. Tus ajustes actuales se guardan para Deshacer.
Choose a folder on internal storage. SD cards aren't supported.	Solo se admiten carpetas del almacenamiento interno.
Choose a preset to fill the SIM details.	Elige un ajuste preestablecido para rellenar los datos de la SIM.
Choose a subfolder under %1$s.	Elige una subcarpeta dentro de %1$s.
Pick the actions to remove from the share sheet. Names you typed by hand that TikTok hasn't shown yet stay in the list above.	Elige las acciones que quieres quitar de la hoja para compartir. Los nombres que escribiste a mano y que TikTok aún no ha mostrado se mantienen en la lista de arriba.
Choose what reaches your feed	Elige qué llega a tu feed
Choose which bottom tabs stay visible.	Elige qué pestañas inferiores siguen visibles.
Choose which feed tabs stay visible. If only For You is left, its tab name is hidden.	Elige qué pestañas del feed siguen visibles. Si solo queda For You, se oculta el nombre de su pestaña.
Choose which rows and controls appear	Elige qué filas y controles aparecen
Clear all	Borrar todo
Clear all Lab data (overrides, switch, recordings)	Borrar todos los datos del Lab (sustituciones, interruptor, grabaciones)
Clear all suggested accounts	Borrar todas las cuentas sugeridas
Clears the recent events, saved crash reports, a recorded screen layout and the Hook status results above.	Borra los eventos recientes, los informes de fallos guardados, un diseño de pantalla grabado y los resultados de Hook status de arriba.
Record a screen's layout	Grabar el diseño de una pantalla
Tap, then go to the screen with what you want hidden. After %1$d seconds Hushfeed records how that screen is built, without any of its text, for the diagnostic report.	Toca aquí y ve a la pantalla con lo que quieres ocultar. Después de %1$d segundos, Hushfeed graba cómo está construida esa pantalla, sin nada de su texto, para el informe de diagnóstico.
Waiting to record. Go to the screen you want recorded.	Esperando para grabar. Ve a la pantalla que quieres grabar.
A screen's layout is recorded. Export the diagnostic report to send it, or tap to record another.	Hay un diseño de pantalla grabado. Exporta el informe de diagnóstico para enviarlo, o toca para grabar otro.
Go to the screen now. Hushfeed records its layout in %1$d seconds.	Ve ahora a la pantalla. Hushfeed graba su diseño dentro de %1$d segundos.
Screen layout recorded. Export the diagnostic report to send it.	Diseño de pantalla grabado. Exporta el informe de diagnóstico para enviarlo.
Nothing was recorded because Hushfeed settings were still open. Start again, then leave settings.	No se grabó nada porque los ajustes de Hushfeed seguían abiertos. Empieza de nuevo y luego sal de los ajustes.
Couldn't record the screen's layout. Start again from Diagnostics.	No se pudo grabar el diseño de la pantalla. Empieza de nuevo desde Diagnóstico.
Clear diagnostic data	Borrar los datos de diagnóstico
Clear display	Controles ocultos
Clear display delay	Retardo para ocultar los controles
Clear preset	Quitar el preajuste
Clear search	Borrar la búsqueda
Clear seen videos	Borrar los vídeos vistos
Clear the search	Borrar la búsqueda
Cleared. Tap to undo before TikTok closes.	Borrados. Toca para deshacerlo antes de que se cierre TikTok.
Clearing	Borrando
Clearing suggested accounts	Borrando las cuentas sugeridas
Clearing, %1$d so far	Borrando, %1$d hasta ahora
Close	Cerrar
Separate account handles or user IDs with commas. Videos from these accounts are always hidden. An entry between slashes, like /^news_/, is a search pattern checked against the handle and display name.	Separa los nombres de cuenta o los ID de usuario con comas. Los videos de estas cuentas siempre se ocultan. Una entrada entre barras, como /^news_/, es un patrón de búsqueda que se compara con el nombre de usuario y el nombre visible.
Separate country codes with commas, like GB, IE. Videos posted from anywhere else are hidden. Leave empty for all countries.	Separa los códigos de país con comas, como GB, IE. Los videos publicados desde cualquier otro lugar se ocultan. Déjalo vacío para todos los países.
Separate country codes with commas. Videos posted from these are hidden, whatever the list above says.	Separa los códigos de país con comas. Los videos publicados desde estos países se ocultan, diga lo que diga la lista de arriba.
Separate the titles of any other Inbox rows you want to hide with commas, spelled exactly. Use this for anything not listed above.	Separa con comas los títulos de otras filas de la Bandeja de entrada que quieras ocultar, escritos exactamente. Úsalo para lo que no aparezca arriba.
Separate names with commas, exactly as the share sheet shows them. These can be friends in the Send to row, apps such as Facebook, or actions such as Create group or Repost. The words copy, save and dislike also work before the sheet has opened.	Separa los nombres con comas, exactamente como los muestra la hoja de compartir. Pueden ser amigos de la fila Enviar a, apps como Facebook o acciones como Crear grupo o Republicar. Las palabras copy, save y dislike también funcionan antes de abrir la hoja.
Sound IDs saved by the player's sound button, separated by commas. Remove one to unblock it.	ID de sonido guardados por el botón de sonido del reproductor, separados por comas. Quita uno para desbloquearlo.
Separate usernames or display names with commas. Their comments are hidden.	Separa con comas los nombres de usuario o nombres visibles. Sus comentarios se ocultan.
Separate words or phrases with commas. Videos whose caption matches are hidden. Capital letters don't matter. Write "a" & "b" to need both phrases, or "a" !& "b" to need the first without the second.	Separa las palabras o frases con comas. Se ocultan los videos cuya descripción coincide. Las mayúsculas no importan. Escribe "a" & "b" para exigir ambas frases, o "a" !& "b" para exigir la primera sin la segunda.
Separate words with commas, like saxophone, to match against sound names. Capital letters don't matter.	Separa con comas las palabras que se compararán con los nombres de sonido, como saxophone. Las mayúsculas no importan.
Separate words with commas. A comment is hidden if it contains any of them. Capital letters don't matter. Write "a" & "b" to need both phrases, or "a" !& "b" to need the first without the second.	Separa las palabras con comas. Un comentario se oculta si contiene alguna de ellas. Las mayúsculas no importan. Escribe "a" & "b" para exigir ambas frases, o "a" !& "b" para exigir la primera sin la segunda.
Comment media filename	Nombre de archivo del contenido de un comentario
Comments	Comentarios
Comments aren't available for this video	Los comentarios no están disponibles para este vídeo
Comments beside the video	Comentarios junto al vídeo
Compare gate reads with their previous values.	Compara las lecturas de los interruptores con sus valores anteriores.
Completed an interrupted settings change. Restart TikTok to apply this.	Se completó un cambio de ajustes interrumpido. Reinicia TikTok para que se aplique.
Config	Configuración
Config (Settings Manager)	Configuración (Settings Manager)
Confirm before a quick repost	Confirmar antes de un repost rápido
Confirm before following	Confirmar antes de seguir
Confirm before liking	Confirmar antes de dar me gusta
Confirm before liking a comment	Confirmar antes de dar me gusta a un comentario
Confirm before liking a story	Confirmar antes de dar me gusta a una historia
Continue supported videos from where you stopped when you scroll back to them.	Continuar los vídeos compatibles desde donde los dejaste cuando vuelvas a ellos.
Controls	Controles
Feature gate report copied	Informe de interruptores copiado
# context: Diagnostics, the feed capture row (its titles and summaries) and its toasts
Capture the feed	Grabar el feed
Tap to start, then scroll until the feed problem shows up and come back here to save it. The file has no captions or names, and videos and creators appear only as short codes. Read it before you share it.	Toca para empezar, desplázate hasta que aparezca el problema del feed y vuelve aquí para guardarlo. El archivo no incluye subtítulos ni nombres, y los videos y creadores aparecen solo como códigos cortos. Léelo antes de compartirlo.
Stop and save the feed capture	Detener y guardar la grabación del feed
Recording what the feed filters keep and hide. Tap to stop and save it in %1$s.	Grabando lo que los filtros del feed dejan y ocultan. Toca para detener y guardar en %1$s.
Save the feed capture	Guardar la grabación del feed
The last feed capture wasn't saved. Tap to try again.	La última grabación del feed no se guardó. Toca para intentarlo otra vez.
Feed capture started. Scroll until the problem shows up, then come back here to stop.	Grabación del feed iniciada. Desplázate hasta que aparezca el problema y luego vuelve aquí para detenerla.
The feed capture is still being saved	Todavía se está guardando la grabación del feed
Feed capture saved to %1$s. Read it before you share it.	Grabación del feed guardada en %1$s. Léela antes de compartirla.
The feed capture couldn't be saved. Tap the row to try again.	No se pudo guardar la grabación del feed. Toca la fila para intentarlo otra vez.
Couldn't start saving the feed capture. Try again in a moment.	No se pudo empezar a guardar la grabación del feed. Inténtalo de nuevo en breve.
Copy a quick report or save the full report as a file.	Copia un informe rápido o guarda el informe completo como archivo.
Copy comments without username	Copiar los comentarios sin el nombre de usuario
Copy only the comment text when using TikTok's copy comment action.	Copiar solo el texto del comentario al usar la acción de copiar comentario de TikTok.
Copy quick report	Copiar informe rápido
Copy report	Copiar el informe
Copy the sound link	Copiar el enlace del sonido
Copy the video link	Copiar el enlace del vídeo
Couldn't change the Lab settings. Try again.	No se pudieron cambiar los ajustes del Lab. Inténtalo de nuevo.
Couldn't clear the suggested accounts. Reopen the Inbox and try again.	No se pudieron borrar las cuentas sugeridas. Vuelve a abrir la bandeja de entrada e inténtalo de nuevo.
Couldn't open settings search. Reopen settings and try again.	No se pudo abrir la búsqueda de ajustes. Vuelve a abrir los ajustes e inténtalo de nuevo.
Couldn't open that settings section. Reopen settings and try again.	No se pudo abrir esa sección de ajustes. Vuelve a abrir los ajustes e inténtalo de nuevo.
Couldn't open the file picker to export. Try again.	No se pudo abrir el selector de archivos para exportar. Inténtalo de nuevo.
Couldn't open the file picker to import. Try again.	No se pudo abrir el selector de archivos para importar. Inténtalo de nuevo.
Couldn't put back the diagnostic data. Try again.	No se pudieron recuperar los datos de diagnóstico. Inténtalo de nuevo.
Couldn't read who posted this comment. Open their profile and block them there.	No se pudo leer quién publicó este comentario. Abre su perfil y bloquéalo desde allí.
Couldn't reset this override. Try again.	No se pudo restablecer esta sustitución. Inténtalo de nuevo.
Couldn't restore the settings. Try again.	No se pudieron restaurar los ajustes. Inténtalo de nuevo.
Couldn't reset the settings. Try again.	No se pudieron restablecer los ajustes. Inténtalo de nuevo.
Couldn't undo the last change. Try again.	No se pudo deshacer el último cambio. Inténtalo de nuevo.
Couldn't save the settings backup. Try again.	No se pudo guardar la copia de seguridad de los ajustes. Inténtalo de nuevo.
Couldn't save this override. Try again.	No se pudo guardar esta sustitución. Inténtalo de nuevo.
Couldn't send the feedback. Try again in a moment.	No se pudo enviar la valoración. Inténtalo de nuevo en un momento.
Couldn't start the Lab change. Try again in a moment.	No se pudo iniciar el cambio del Lab. Inténtalo de nuevo en breve.
Couldn't start the report export. Try again in a moment.	No se pudo iniciar la exportación del informe. Inténtalo de nuevo en breve.
Couldn't start the settings change. Try again in a moment.	No se pudo iniciar el cambio de ajustes. Inténtalo de nuevo en breve.
Couldn't tell which folder to update. Choose it again.	No se pudo saber qué carpeta actualizar. Vuelve a elegirla.
Couldn't undo the clear. Try again.	No se pudo deshacer el borrado. Inténtalo de nuevo.
Country code	Código de país
Country and network preferences	Preferencias de país y de red
Counts under the buttons	Cifras bajo los botones
Create	Crear
Creators and sounds	Creadores y sonidos
Creators you hid from a video. Search the list and remove one at a time.	Creadores que ocultaste desde un vídeo. Busca en la lista y quita las entradas de una en una.
Current	Actual
Current %1$s	Actual: %1$s
Current state	Estado actual
Current: %1$s	Ahora: %1$s
Custom SIM details	Datos de SIM personalizados
Custom value	Valor personalizado
Custom value…	Valor personalizado…
Protect external pages in TikTok's browser	Proteger páginas externas en el navegador de TikTok
Daily budget	Presupuesto diario
Daily budgets, reminders and the hold	Presupuestos diarios, recordatorios y la pausa
Daily time budget	Presupuesto diario de tiempo
Daily video budget	Presupuesto diario de vídeos
Dark	Oscuro
Days to remember a video. Zero removes the age limit. History keeps at most %1$s videos.	Días que se recuerda un vídeo. Cero quita el límite de antigüedad. El historial guarda como mucho %1$s vídeos.
Days. Zero keeps every age. Posts without a usable timestamp, including future posts, stay visible.	Días. Cero acepta cualquier antigüedad. Las publicaciones sin una fecha utilizable, incluidas las futuras, siguen visibles.
Default	Predeterminado
Default playback speed	Velocidad de reproducción predeterminada
Device access	Acceso al dispositivo
Device language, then original	Idioma del dispositivo, después el original
Diagnostic data cleared. Tap again to put it back.	Se borraron los datos de diagnóstico. Toca de nuevo para restaurarlos.
Diagnostic data put back	Se restauraron los datos de diagnóstico
Diagnostic report copied to the clipboard	Informe de diagnóstico copiado al portapapeles
Diagnostics	Diagnóstico
Disable	Desactivar
Stop analytics and tracking	Detener la analítica y el seguimiento
Long-press Home for Hushfeed settings	Mantener pulsado Inicio para abrir los ajustes de Hushfeed
Press and hold the Home tab to open these settings. A tap on Home works as before.	Mantén pulsada la pestaña Inicio para abrir estos ajustes. Tocar Inicio funciona como antes.
Keep For You on a Home tap	Mantener Para ti al tocar Inicio
Keep For You on a pull down	Mantener Para ti al deslizar hacia abajo
Keep long press from quick sharing	Que la pulsación larga no comparta rápido
Keep long press from reposting	Que la pulsación larga no haga repost
Disabled	Desactivados
Discard edits	Descartar los cambios
Dismissed %1$s suggested accounts	%1$s cuentas sugeridas descartadas
Dismissed one suggested account	Una cuenta sugerida descartada
Don't start the feed on returning	No poner el feed en marcha al volver
Do nothing	No hacer nada
Done	Listo
Double tap	Doble toque
Download original photos	Descargar las fotos originales
Destination updated	Destino actualizado
Downloads	Descargas
Drag to move, release to place	Arrastra para mover, suelta para colocar
Drama and Series	Drama y series
Shows TikTok's text in your phone's font instead of TikTok Sans. Icons and gift animations keep their own fonts. Restart TikTok to see the change.	Muestra el texto de TikTok con la fuente de tu teléfono en lugar de TikTok Sans. Los iconos y las animaciones de regalos conservan sus propias fuentes. Reinicia TikTok para ver el cambio.
Hide the notification saying somebody new followed you before it reaches the drawer. Every other notification is left alone, and the follower still appears in the Inbox.	Oculta la notificación que dice que alguien nuevo te ha seguido antes de que llegue al panel. Las demás notificaciones se quedan como están, y quien te siguió sigue apareciendo en la bandeja.
Each area shows how many of the things Hushfeed looks for were found in this TikTok and how many are missing.	Cada área muestra cuántas de las cosas que busca Hushfeed se encontraron en este TikTok y cuántas faltan.
Empty	Vacío
Empty the menu that opens when you press and hold TikTok's icon on the home screen. Turning this off asks TikTok to build them again. Tapping the icon still opens the app, and a shortcut you pinned yourself stays where you put it.	Vaciar el menú que se abre al mantener pulsado el icono de TikTok en la pantalla de inicio. Al desactivarlo se pide a TikTok que los vuelva a crear. Tocar el icono sigue abriendo la aplicación, y un acceso directo que hayas anclado permanece donde lo pusiste.
Enable	Activar
Log diagnostics	Registrar diagnósticos
Lock the hold speed with a pull down	Fijar la velocidad al mantener pulsado deslizando hacia abajo
Apply overrides	Aplicar las sustituciones
Enabled	Activados
Enter a JSON object or array.	Introduce un objeto o una matriz JSON.
Enter a creator handle or id	Escribe un nombre de usuario o un id de creador
Enter a finite number.	Introduce un número finito.
Enter a number.	Escribe un número.
Enter an hour, like 6 or 06:00.	Escribe una hora, como 6 o 06:00.
Enter a valid structured value.	Introduce un valor estructurado válido.
Enter a valid two-letter country code	Escribe un código de país válido de dos letras
Enter a whole number, or one like 20K, 1.5M or 2B	Escribe un número entero, o uno como 20K, 1.5M o 2B
Enter a whole number.	Ingresa un número entero.
Enter true or false.	Introduce true o false.
Enter up to %1$d comma-separated speeds from %2$s to %3$s	Escribe hasta %1$d velocidades separadas por comas, de %2$s a %3$s
That isn't valid JSON. Check the brackets and quotes.	Eso no es JSON válido. Revisa los corchetes y las comillas.
Entry %1$d has a field with the wrong data type.	La entrada %1$d tiene un campo con un tipo de datos incorrecto.
Entry %1$d isn't an object.	La entrada %1$d no es un objeto.
Errors	Errores
Expand activity list	Ampliar la lista de actividad
Explore or Community	Explorar o Comunidad
Export diagnostic report	Exportar el informe de diagnóstico
Export loaded values	Exportar los valores cargados
Exported %1$d loaded values	%1$d valores cargados exportados
Exported 1 loaded value	1 valor cargado exportado
Fade the feed out before the hold	Atenuar el feed antes de la pausa
Feature Gate Lab	Laboratorio de interruptores
Feature gate override reset	Sustitución del interruptor restablecida
Feature gate override saved	Sustitución del interruptor guardada
Feed and navigation	Feed y navegación
Feed button size	Tamaño de los botones del feed
Feed filter	Filtro del feed
Feed screen	Pantalla del feed
Feed tabs	Pestañas del feed
Field %1$s can't be changed on this build. Take it out of the override, or reset the override.	El campo %1$s no se puede cambiar en esta versión. Quítalo de la anulación o restablece la anulación.
Field edits were discarded	Se descartaron los cambios de los campos
Field edits weren't saved	Los cambios de los campos no se guardaron
Files	Archivos
Filter bottom tabs	Filtrar las pestañas inferiores
Filter comments by keyword	Filtrar los comentarios por palabra
Filter feed tabs	Filtrar las pestañas del feed
Filter TikTok's offline videos	Filtrar los vídeos sin conexión de TikTok
Filter settings	Ajustes de filtros
Filter the list	Filtrar la lista
Filter: %1$s	Filtro: %1$s
Filters, translation and copy options	Filtros, traducción y opciones de copia
First caller	Primera llamada
First rejection:	Primer rechazo:
Fit the video to the screen	Ajustar el vídeo a la pantalla
Fill the screen with the video	Llenar la pantalla con el video
Crop the video until it covers the whole window. On a tall phone the black strip TikTok leaves under a video goes and so does a little of each side.	Recorta el video hasta que cubra toda la ventana. En un teléfono alto desaparece la franja negra que TikTok deja debajo del video y con ella un poco de cada lado.
Focus	Enfoque
Follow probe	Comprobación de seguir
Following	Siguiendo
For You	Para ti
Works only with YTDLnis (com.deniscerri.ytdl). Picks audio or video when the save button sends it a link.	Solo funciona con YTDLnis (com.deniscerri.ytdl). Elige audio o video cuando el botón de guardar le envía un enlace.
Works only with YTDLnis (com.deniscerri.ytdl). Starts the download in the background without showing its download card.	Solo funciona con YTDLnis (com.deniscerri.ytdl). Inicia la descarga en segundo plano sin mostrar su tarjeta de descarga.
Forced %1$d gates of %2$d. The rest don't take a true or false value. Restart TikTok to apply this.	%1$d interruptores de %2$d forzados. Los demás no aceptan un valor true o false. Reinicia TikTok para aplicar esto.
Forced %1$d gates. Restart TikTok to apply this.	%1$d interruptores forzados. Reinicia TikTok para aplicar esto.
Forced 1 gate of %2$d. The rest don't take a true or false value. Restart TikTok to apply this.	1 interruptor de %2$d forzado. Los demás no aceptan un valor true o false. Reinicia TikTok para aplicar esto.
Forced 1 gate. Restart TikTok to apply this.	1 interruptor forzado. Reinicia TikTok para aplicar esto.
Forced result	Resultado forzado
Forget seen videos after	Olvidar los vídeos vistos después de
Forget the %1$s seen videos.	Olvidar los %1$s vídeos vistos.
Forget what has been counted today and end any hold. The budgets themselves are left alone.	Olvidar lo que se ha contado hoy y terminar cualquier pausa. Los presupuestos en sí se quedan como están.
Friends	Amigos
Full comment sort options	Opciones completas de orden de los comentarios
Full license	Licencia completa
Full report saved to %1$s	Informe completo guardado en %1$s
GIF	GIF
Gate data unavailable	Datos de los interruptores no disponibles
Gate details	Detalles del interruptor
Generated defaults	Valores predeterminados generados
Gestures	Gestos
Ghost mode	Modo fantasma
Hand-off	Traspaso
Handle or id	Nombre de usuario o id
Hidden %1$s on this phone	%1$s se ocultó en este dispositivo
Hidden commenters	Comentaristas ocultos
Blocked and hidden creators	Creadores bloqueados y ocultos
Hidden: %1$s	Ocultos: %1$s
Hide	Ocultar
Hide AI-generated videos	Ocultar los vídeos generados por IA
Hide CAPTCHA popups	Ocultar las ventanas de CAPTCHA
Hide LIVE replays	Ocultar las repeticiones de LIVE
Hide LIVE videos	Ocultar los vídeos LIVE
Hide Series	Ocultar Series
Hide the Tako bubble	Ocultar la burbuja de Tako
Hide TikTok Shop	Ocultar TikTok Shop
Hide TikTok Shop posts from the feed.	Ocultar las publicaciones de TikTok Shop en el feed.
Shop order updates and coupon messages no longer take up rows in the Inbox. Your orders are unchanged.	Las novedades de pedidos y los mensajes de cupones de la tienda ya no ocupan filas en la bandeja de entrada. Tus pedidos no cambian.
Hide the Tako chat	Ocultar el chat de Tako
Hide the quick emoji row and automatic sticker suggestions that appear while you type. The emoji and sticker buttons still work.	Oculta la fila de emojis rápidos y las sugerencias automáticas de stickers que aparecen mientras escribes. Los botones de emojis y stickers siguen funcionando.
Hide activity	Ocultar la actividad
Hide activity status	Ocultar el estado de actividad
Hide archive	Ocultar el archivo
Hide bottom tabs TikTok adds later unless you allow them.	Ocultar las pestañas inferiores que TikTok añada más adelante salvo que las permitas.
Unavailable on these TikTok builds. All verification challenges stay visible.	No disponible en estas versiones de TikTok. Todas las verificaciones siguen visibles.
Hide buttons in the right column	Ocultar botones de la columna derecha
Hide comment polls	Ocultar las encuestas en los comentarios
Show poll results before voting	Mostrar resultados de encuestas antes de votar
A comment poll shows how many picked each answer before you vote. Tapping an answer still votes.	Una encuesta de comentarios muestra cuántos eligieron cada respuesta antes de que votes. Tocar una respuesta sigue votando.
Hide comment popup ads	Ocultar los anuncios emergentes de los comentarios
Hide comments made of an image or a sticker instead of words.	Ocultar los comentarios hechos con una imagen o un sticker en vez de con palabras.
Hide comments that contain any of the words below, or that come from the accounts below.	Ocultar los comentarios que contengan cualquiera de las palabras de abajo, o que vengan de las cuentas de abajo.
Hide controls after each video starts. Tap to restore them.	Ocultar los controles después de que empiece cada vído. Toca para recuperarlos.
Hide conversations	Ocultar las conversaciones
Hide every direct message conversation. Leaves the Inbox empty apart from whatever else is still turned on.	Ocultar todas las conversaciones de mensajes directos. Deja la bandeja vacía salvo por lo que sigas teniendo activado.
Hide the save button on the feed	Ocultar el botón de guardar del feed
Hide the search button on the feed	Ocultar el botón de buscar del feed
Hide the tab names above the feed	Ocultar los nombres de las pestañas sobre el feed
The Following and For You names above the feed go away. Swiping between the feeds and the search button stay as they are.	Los nombres Siguiendo y Para ti sobre el feed desaparecen. Deslizar entre los feeds y el botón de búsqueda siguen igual.
Hide floating promotion badges, coins, and timer banners on the feed.	Ocultar las insignias promocionales flotantes, las monedas y los banners con cuenta atrás de la página de inicio.
Hide floating promotions	Ocultar las promociones flotantes
Hide inserted cards	Ocultar las tarjetas insertadas
Hide message requests	Ocultar las solicitudes de mensaje
Hide message streaks	Ocultar las rachas de mensajes
Hide new follower notifications	Ocultar las notificaciones de nuevos seguidores
Hide new followers	Ocultar los nuevos seguidores
Hide paid partnerships	Ocultar las colaboraciones pagadas
Hide people and options by name	Ocultar personas y opciones por nombre
Hide photo posts	Ocultar las publicaciones de fotos
Hide picture comments	Ocultar los comentarios con imagen
Hide playlist videos	Ocultar los vídeos de listas de reproducción
Hide promotional music	Ocultar la música promocional
Hide comment typing suggestions	Ocultar sugerencias al escribir comentarios
Hide rows by title	Ocultar filas por título
Hide the Inbox search button	Ocultar el botón de búsqueda de la bandeja de entrada
Hide suggestions on the search page	Ocultar sugerencias en la página de búsqueda
Hide sharing apps	Ocultar las apps para compartir
Hide stories tray	Ocultar la bandeja de historias
Hide stories	Ocultar las historias
The accounts TikTok suggests you follow no longer take up rows in the Inbox.	Las cuentas que TikTok te sugiere seguir ya no ocupan filas en la bandeja de entrada.
Hide suggested accounts	Ocultar las cuentas sugeridas
Hide surveys	Ocultar las encuestas
Hide tabs TikTok adds later unless you allow them.	Ocultar las pestañas que TikTok añada más adelante salvo que las permitas.
Hide the "Search this image" prompt shown over videos. The feed search button and suggestions above comments are separate settings.	Oculta el aviso «Buscar esta imagen» que aparece sobre los videos. El botón de búsqueda del feed y las sugerencias sobre los comentarios tienen ajustes independientes.
The Activity row of likes and comments on your posts leaves the Inbox. Notifications about them still arrive.	La fila Actividad, con los me gusta y comentarios en tus publicaciones, desaparece de la bandeja de entrada. Las notificaciones sobre ellos siguen llegando.
The Archive row leaves the Inbox. Archived chats are kept.	La fila Archivo desaparece de la bandeja de entrada. Los chats archivados se conservan.
Hide the LIVE button	Ocultar el botón de LIVE
Hide the LIVE button in the top left corner of the feed.	Ocultar el botón de LIVE en la esquina superior izquierda del feed.
Hide the side menu button	Ocultar el botón del menú lateral
Hide the button at the top left of the feed that opens TikTok's side menu, with Your orders, TikTok Minis and more.	Ocultar el botón de la esquina superior izquierda del feed que abre el menú lateral de TikTok, con Tus pedidos, TikTok Minis y más.
Hide LIVE videos from the feed.	Ocultar vídeos LIVE del feed.
The Message requests row leaves the Inbox. Requests keep arriving and wait there until you turn this off.	La fila Solicitudes de mensaje desaparece de la bandeja de entrada. Las solicitudes siguen llegando y esperan ahí hasta que desactives esto.
The New followers row leaves the top of the Inbox. The accounts still follow you.	La fila Nuevos seguidores desaparece de la parte superior de la bandeja de entrada. Las cuentas te siguen igual.
Hide the Send to row	Ocultar la fila Enviar a
Hide the Tako AI bubble above the profile button, the Ask bar under videos, the Ask Tako button on the search page, the Ask Tako tab on search results and the Tako bar above comments.	Ocultar la burbuja de Tako AI encima del botón de perfil, la barra de Tako debajo de los videos, el botón Preguntar a Tako en la página de búsqueda, la pestaña Preguntar a Tako en los resultados de búsqueda y la barra de Tako encima de los comentarios.
The Tako assistant's conversation leaves the Inbox list. The Tako bubble on the feed has its own switch under Feed tabs.	La conversación con el asistente Tako desaparece de la lista de la bandeja de entrada. La burbuja de Tako en el feed tiene su propio interruptor en Pestañas del feed.
The activity status control leaves the Inbox header. Whether others see you as active is unchanged.	El control del estado de actividad desaparece de la cabecera de la bandeja de entrada. Que otros te vean activo no cambia.
Hide the add people icon	Ocultar el icono de añadir personas
The add people icon leaves the Inbox header. Only the shortcut goes, so friend suggestions elsewhere are unchanged.	El icono de añadir personas desaparece de la cabecera de la bandeja de entrada. Solo se va el acceso directo, las sugerencias de amigos en otros sitios no cambian.
Hide the caption	Ocultar la descripción
Hide the description under the creator's name on the feed.	Ocultar la descripción bajo el nombre del creador en el feed.
Hide the event badge	Ocultar la insignia de evento
Hide the floating promotional badge over the feed.	Ocultar la insignia promocional flotante sobre el feed.
Hide the follow button on the feed	Ocultar el botón de seguir del feed
Hide the friend recommendation card and the other cards TikTok slots between videos.	Ocultar la tarjeta de amigos recomendados y las demás tarjetas que TikTok mete entre vídeos.
Hide the launcher shortcuts	Ocultar los accesos directos del lanzador
Hide the music line	Ocultar la línea de música
Hide photo posts from the feed.	Ocultar publicaciones de fotos del feed.
Hide the playlist bar	Ocultar la barra de la lista de reproducción
Hide the playlist bar along the bottom of videos that belong to a series.	Ocultar la barra de la lista de reproducción en la parte de abajo de los vídeos que pertenecen a una serie.
Hide the plus button under the creator's picture in the right column. Ticking Avatar and follow button above hides the picture with it.	Oculta el botón más bajo la foto del creador en la columna derecha. Si marcas Avatar y botón de seguir arriba, la foto desaparece también.
Hide the purple rewards button beside Add friends on your profile.	Oculta el botón morado de recompensas junto a Añadir amigos en tu perfil.
Hide the question cards TikTok slides over a video near its end.	Ocultar las tarjetas con preguntas que TikTok desliza sobre un vídeo cerca del final.
Hide the rewards shortcut	Ocultar el acceso a recompensas
Hide the right column	Ocultar la columna derecha
The row of story avatars across the top of the Inbox goes. Stories still play from the feed and from profiles.	La fila de fotos de historias de la parte de arriba de la bandeja de entrada desaparece. Las historias se siguen viendo en el feed y en los perfiles.
Hide the save button in the right column. Ticking Save in the list above hides it too.	Ocultar el botón de guardar de la columna derecha. Marcar Guardar en la lista de arriba también lo oculta.
Hide the magnifying glass at the top right of the feed. Search in Inbox and suggestions above comments stay unchanged.	Oculta la lupa de la esquina superior derecha del feed. La búsqueda en la bandeja de entrada y las sugerencias sobre los comentarios no cambian.
Hide the magnifying glass at the top of Inbox. Search on the feed and in comments is unchanged.	Ocultar la lupa de la parte superior de la bandeja de entrada. La búsqueda en el feed y en los comentarios no cambia.
Hide recommended searches before you type on TikTok's search page. Your search history stays. This doesn't hide suggestions above comments.	Oculta las búsquedas recomendadas antes de escribir en la página de búsqueda de TikTok. Tu historial de búsqueda se conserva. No oculta las sugerencias sobre los comentarios.
Hide the share prompt after a like	Ocultar la sugerencia de compartir tras un me gusta
Hide the track name beside the caption.	Ocultar el nombre de la pista junto a la descripción.
Hide the status bar	Ocultar la barra de estado
Hide stories from the feed.	Ocultar historias del feed.
Hide the whole column on the right, from the avatar down to the music disc.	Ocultar toda la columna derecha, desde la foto hasta el disco de música.
Hide this creator on this phone	Ocultar a este creador en este dispositivo
Hide verified accounts	Ocultar las cuentas verificadas
Hide video actions	Ocultar las acciones del vídeo
Hide videos with TikTok's AI-generated label, AI content credentials, a TikTok AI effect such as AI Alive, or a tag like #ai or #aigenerated.	Ocultar los vídeos con la etiqueta de IA de TikTok, credenciales de contenido de IA, un efecto de IA de TikTok como AI Alive o una etiqueta como #ai o #aigenerated.
Hide videos marked as paid partnership or branded content.	Ocultar los vídeos marcados como colaboración pagada o contenido de marca.
Hide videos posted as part of a playlist.	Ocultar los vídeos publicados dentro de una lista de reproducción.
Hide videos posted by verified accounts.	Ocultar los vídeos publicados por cuentas verificadas.
Hide videos that belong to a paid Series.	Ocultar los vídeos que pertenecen a una Serie de pago.
Hide videos with a lot of views and few comments. Works the same way as views per like. Zero turns it off.	Oculta los vídeos con muchas visualizaciones y pocos comentarios. Funciona igual que las visualizaciones por me gusta. Cero lo desactiva.
Hide videos with a lot of views and few likes. Lower numbers are stricter, zero turns the rule off, and one video is kept back if everything the feed just sent would go.	Ocultar los vídeos con muchas visualizaciones y pocos me gusta. Los números más bajos son más estrictos, cero desactiva la regla, y se deja un vídeo si se fuera a ir todo lo que el feed acaba de enviar.
Hide videos you have already seen	Ocultar los vídeos que ya has visto
Hide Search this image prompts	Ocultar avisos de Buscar esta imagen
Hiding	Ocultar
Highest	La más alta
Historical	Histórico
Historical values	Valores históricos
Hold a gate to choose several	Mantén pulsado un gate para elegir varios
Hold the feed after the budget	Pausar el feed después del presupuesto
Home	Inicio
Hook status	Comprobación de funciones
How far each edge press moves the video.	Cuánto avanza el vídeo con cada toque en el borde.
Hushfeed can't read the creator pattern %1$s	Hushfeed no puede leer el patrón de creador %1$s
Hushfeed hid a TikTok CAPTCHA. Turn off Hide CAPTCHA popups if something stops working.	Hushfeed ocultó un CAPTCHA de TikTok. Desactiva Ocultar las ventanas de CAPTCHA si algo deja de funcionar.
Hushfeed is active	Hushfeed está activo
Shows the Duet and Stitch options even when the creator turned them off. TikTok may still refuse to accept the result.	Muestra las opciones Dúo y Stitch aunque el creador las haya desactivado. TikTok aún puede rechazar el resultado.
Import finished	Importación finalizada
Import loaded values	Importar los valores cargados
Imported %1$d values	%1$d valores importados
Imported %1$d values. Undo last Lab change is in the menu.	%1$d valores importados. Deshacer el último cambio del Lab está en el menú.
Inbox	Bandeja de entrada
Include diagnostic events	Incluir eventos de diagnóstico
Included diagnostics	Diagnóstico incluido
Includes all diagnostic events.	Incluye todos los eventos de diagnóstico.
Includes these events: %1$s	Incluye estos eventos: %1$s
Inserted cards	Tarjetas insertadas
Keep a local record of what you have watched and hide those videos when the feed sends them again.	Guardar en el dispositivo un registro de lo que has visto y ocultar esos vídeos cuando el feed los vuelva a enviar.
Keep a paused video paused	Mantener en pausa un vídeo pausado
Move to the next video when the current one ends. Pauses, open dialogs and screen-time holds stop it. Restart TikTok to apply this.	Pasa al siguiente vídeo cuando termine el actual. Las pausas, los diálogos abiertos y los bloqueos de tiempo de pantalla lo detienen. Reinicia TikTok después de cambiar este ajuste.
Keep captions in clear display	Mantener los subtítulos con los controles ocultos
Keep going	Seguir
Keep the Favorites tab	Mantener la pestaña Favoritos
Keep the clock and status icons off the screen while TikTok is open. Swipe down from the top to peek at them.	Mantener el reloj y los iconos de estado fuera de la pantalla mientras TikTok está abierto. Desliza desde arriba para verlos.
Keep the screen's refresh rate	Mantener la tasa de refresco de la pantalla
Keep the speed you chose for the next video. Off, each new video starts at 1x and a manual choice lasts for that video only.	Mantiene la velocidad elegida para el siguiente video. Desactivado, cada video nuevo empieza a 1x y una elección manual dura solo ese video.
Keep this string to %1$s characters or fewer.	Mantén esta cadena en %1$s caracteres o menos.
Keep this structured value to %1$s KB or less.	Limita este valor estructurado a %1$s KB o menos.
Kept to %1$s, the nearest value this row allows	Ajustado a %1$s, el valor más cercano que permite esta fila
Kinds of post	Tipos de publicación
LIVE	LIVE
LIVE replays	Repeticiones de LIVE
LIVE settings	Ajustes de Live
LIVE share actions	Acciones de compartir de LIVE
LIVE videos	Vídeos LIVE
Lab data reset. Undo last Lab change is in the menu. Restart TikTok to apply this.	Datos del Lab restablecidos. Deshacer el último cambio del Lab está en el menú. Reinicia TikTok para que se aplique.
Lab data was over its rule limit, so it was cleared without an undo copy. Restart TikTok to apply this.	Los datos del Lab superaban el límite de reglas, así que se borraron sin una copia para deshacer. Reinicia TikTok para que se aplique.
Lab overrides reset. Undo last Lab change is in the menu. Restart TikTok to apply this.	Sustituciones del Lab restablecidas. Deshacer el último cambio del Lab está en el menú. Reinicia TikTok para que se aplique.
Larger (1.25x)	Más grande (1,25x)
Last original value	Último valor original
Last recording: %1$d gates.	Última grabación: %1$d interruptores.
Last recording: 1 gate.	Última grabación: 1 interruptor.
Layout	Diseño
Layout, search, profile and system	Diseño, búsqueda, perfil y sistema
Leave maximum empty to keep it unlimited.	Deja el máximo vacío para que no tenga límite.
Leave the sound out of the saved video. Save the sound as well still writes the .m4a beside it if you want both.	Dejar el sonido fuera del vídeo guardado. Guardar también el sonido sigue escribiendo el .m4a al lado si quieres los dos.
Length and views per like	Duración y visualizaciones por me gusta
Less than a minute left	Queda menos de un minuto
Let screenshots, screen recording and Circle to Search work on TikTok again. Restart TikTok to apply this.	Dejar que las capturas de pantalla, la grabación de pantalla y Círculo para buscar vuelvan a funcionar en TikTok. Reinicia TikTok para que se aplique.
Let the Offline videos menu use your own limit instead of TikTok's fixed one. Restart TikTok to apply this.	Dejar que el menú de Vídeos sin conexión use tu propio límite en vez del fijo de TikTok. Reinicia TikTok para que se aplique.
Licenses	Licencias
Like	Me gusta
Limits	Límites
Link copied	Enlace copiado
Links	Enlaces
Links in comments open	Los enlaces de los comentarios se abren
More opens the comments	Más abre los comentarios
Tapping more under a video opens its comments with the whole caption at the top instead of spreading the caption over the video. A tap on the caption itself does the same. Photo posts keep TikTok's own page for this.	Tocar más debajo de un video abre sus comentarios con la descripción completa arriba en lugar de extenderla sobre el video. Tocar la descripción hace lo mismo. Las publicaciones de fotos mantienen la página propia de TikTok para esto.
Caption above comments	Descripción sobre los comentarios
The comment button also opens a video's comments with its caption at the top. The caption over the video goes away while this is on.	El botón de comentarios también abre los comentarios de un video con su descripción arriba. La descripción sobre el video desaparece mientras esto esté activado.
Loaded current values. Loading all known gates…	Valores actuales cargados. Cargando todos los interruptores conocidos…
Loaded values are still being read. Try again in a moment.	Los valores cargados aún se están leyendo. Inténtalo de nuevo en un momento.
Loaded-value file export failed	Ha fallado la exportación de los valores cargados
Loading gates…	Cargando los interruptores…
Creators hidden on this phone	Creadores ocultos en este dispositivo
Lock today's budget	Bloquear el presupuesto de hoy
Logging, hook status and reports	Registros, estado de los hooks e informes
Long press	Pulsación larga
Hold speed on Comment	Velocidad al mantener en Comentarios
A long press on Comment plays the video at the hold speed instead of opening the emoji row. It needs Long press on TikTok default and Seek from the edges off.	Una pulsación larga en Comentarios reproduce el video a la velocidad al mantener en lugar de abrir la fila de emojis. Requiere Pulsación larga en Predeterminado de TikTok y Avanzar desde los bordes desactivado.
Hold speed on Share	Velocidad al mantener en Compartir
A long press on Share plays the video at the hold speed instead of opening the quick share row. It needs Long press on TikTok default and Seek from the edges off.	Una pulsación larga en Compartir reproduce el video a la velocidad al mantener en lugar de abrir la fila de compartir rápido. Requiere Pulsación larga en Predeterminado de TikTok y Avanzar desde los bordes desactivado.
Hold speed on Favorites	Velocidad al mantener en Favoritos
A long press on Favorites plays the video at the hold speed instead of offering a new collection. It needs Long press on TikTok default and Seek from the edges off.	Una pulsación larga en Favoritos reproduce el video a la velocidad al mantener en lugar de ofrecer una nueva colección. Requiere Pulsación larga en Predeterminado de TikTok y Avanzar desde los bordes desactivado.
Lowest	La más baja
Manager	Gestor
Marked as not interested	Marcado como no me interesa
Match locale and timezone to country	Ajustar el idioma y la zona horaria al país
Maximum	Máximo
Maximum post age	Antigüedad máxima de la publicación
Maximum video length	Duración máxima del vídeo
Maximum views per comment	Máximo de visualizaciones por comentario
Maximum views per like	Visualizaciones máximas por me gusta
Media	Contenido
Media config (VE)	Configuración de medios (VE)
Messages, profiles and search still work.	Los mensajes, los perfiles y la búsqueda siguen funcionando.
Microphone in use	Micrófono en uso
Comments range	Rango de comentarios
Favorites range	Rango de favoritos
Likes range	Rango de me gusta
Shares range	Rango de veces compartido
Use Save report for this large report	Usa «Guardar informe» para este informe grande
Video player settings	Ajustes del reproductor de vídeo
Videos can't be saved to the folder in that file, so your video folder was kept	Los vídeos no se pueden guardar en la carpeta de ese archivo, así que se mantuvo tu carpeta de vídeos
Views range	Rango de visualizaciones
Minimum	Mínimo
More options	Más opciones
Move down	Mover hacia abajo
Move left	Mover hacia la izquierda
Move right	Mover hacia la derecha
Move up	Mover hacia arriba
Music disc	Disco de música
Pauses the video behind the comment sheet while you read. It plays on from the same spot when the sheet closes.	Pausa el video detrás de los comentarios mientras lees. Sigue desde el mismo punto cuando se cierran.
Nearby	Cerca de ti
Never from these countries	Nunca desde estos países
No	No
No creator to block on this video	No hay creador para bloquear en este video
No creator to hide on this video	No hay creador para ocultar en este video
No creators are hidden yet. Hide one from a video, or add a handle above.	Todavia no hay creadores ocultos. Oculta uno desde un video o agrega un nombre arriba.
No current value	Sin valor actual
No current value and no active override	No hay ningún valor actual ni una sobrescritura activa
No delay	Sin retraso
No gate data is available. Refresh values from the menu to try again.	No hay datos de los interruptores. Actualiza los valores desde el menú para intentarlo otra vez.
No gate reads were recorded. Use a TikTok feature while recording.	No se registró ninguna lectura de interruptores. Usa una función de TikTok mientras grabas.
No gates match this filter.	Ningún interruptor coincide con este filtro.
No gates match this search and filter.	Ningún interruptor coincide con esta búsqueda y este filtro.
No hidden creators match this search. Clear the search to see them all.	Ningun creador oculto coincide con esta busqueda. Borra la busqueda para verlos todos.
No limit	Sin límite
No matching comments. Try a different word, or clear the search with the X in the box.	No hay comentarios que coincidan. Prueba otra palabra o borra la búsqueda con la X del campo.
No matching countries. Try a country name or a two-letter code.	No hay paises coincidentes. Prueba un nombre de pais o un codigo de dos letras.
No matching diagnostics found	No se encontraron diagnósticos que coincidan
No matching settings	Ningún ajuste coincide
No preset selected. Choose a preset above.	No hay preset seleccionado. Elige un preset arriba.
No recording yet. Start one, use a feature, then return here.	Todavía no hay ninguna grabación. Inicia una, usa una función y vuelve aquí.
No seen videos recorded yet.	Todavía no hay vídeos vistos registrados.
No share actions have been seen yet	Todavía no se ha visto ninguna acción de compartir
No share actions match this search	Ninguna acción de compartir coincide con esta búsqueda
No sound to block on this video	No hay ningún sonido que bloquear en este vídeo
No suggested accounts to clear	No hay cuentas sugeridas que borrar
No video selected. Open a video first.	No hay video seleccionado. Abre un video primero.
None of these gates had an override to reset.	Ninguno de estos interruptores tenía una sustitución que restablecer.
None of these gates takes a true or false value.	Ninguno de estos interruptores acepta un valor true o false.
None recorded	Nada registrado
Normal	Normal
Not blocked	Sin bloquear
Not interested in this video	No me interesa este vídeo
Not read yet	Aún sin leer
Not requested in this process yet	Aún no se ha pedido en este proceso
Not saved yet	Sin guardar todavía
Not seen	No vistos
Not seen yet	Aún no visto
Nothing has been checked yet, so there's nothing to report.	Todavía no se ha comprobado nada, así que no hay nada que contar.
Nothing has been looked up yet. Use the app for a moment, then come back.	Todavía no se ha buscado nada. Usa la app un momento y vuelve.
Nothing hidden.	Nada oculto.
Nothing is playing to seek	No hay nada reproduciéndose que avanzar
Nothing new was imported. %1$d already matched, %2$d unavailable, %3$d rejected.	No se importó nada nuevo. %1$d ya coincidían, %2$d no están disponibles, %3$d se rechazaron.
Nothing new was imported. %1$d already matched, %2$d unavailable, %3$d rejected. First rejection: %4$s	No se importó nada nuevo. %1$d ya coincidían, %2$d no estaban disponibles y %3$d fueron rechazados. Primer rechazo: %4$s
Nothing on this page changes what TikTok does until they are on.	Nada de esta página cambia lo que hace TikTok mientras estén desactivadas.
Nothing to undo yet.	Todavía no hay nada que deshacer.
Notices from this project and the ones it's built on	Avisos de este proyecto y de aquellos en los que se basa
OK	OK
Off	Desactivado
Off forces the value to false, on forces it to true. Reset lets TikTok decide again.	Desactivado fuerza el valor false, activado fuerza true. Restablecer deja que TikTok decida otra vez.
Offline videos	Vídeos sin conexión
Offline videos limit	Límite de vídeos sin conexión
On mobile data	Con datos móviles
Once today's budget runs out, the hold stays and can't be dismissed. The budget settings are locked until the day starts over. Turn this off any time before the budget runs out.	Una vez que se agote el presupuesto de hoy, la pausa se queda y no se puede cerrar. Los ajustes de presupuesto se bloquean hasta que comience el nuevo día. Desactiva esto en cualquier momento antes de que se agote.
One area was checked and everything it needs is here.	Se comprobó un área y está todo lo que necesita.
One minute left	Queda un minuto
One of the quote marks in that list has nothing to close it, so the rest of the line reads as one phrase. Add the missing quote or take the stray one out.	Una de las comillas de esa lista no tiene con qué cerrarse, así que el resto de la línea se lee como una sola frase. Añade la comilla que falta o quita la que sobra.
One value per line	Un valor por línea
Only bottom tabs TikTok has loaded on this device are shown here. This doesn't force unavailable tabs to appear.	Aquí solo están las pestañas inferiores que TikTok ha cargado en este dispositivo. Esto no hace aparecer las que no están disponibles.
Only fields the Lab can check and copy safely are shown.	Solo se muestran los campos que el Lab puede comprobar y copiar con seguridad.
Only from these countries	Solo desde estos países
Only tabs TikTok has loaded on this device are shown here. This doesn't force unavailable tabs to appear.	Aquí solo están las pestañas que TikTok ha cargado en este dispositivo. Esto no hace aparecer las que no están disponibles.
Open a share sheet once, then return here to choose its actions.	Abre una vez el panel de compartir y vuelve aquí para elegir sus acciones.
Open comments	Abrir los comentarios
Open external links directly	Abrir los enlaces externos directamente
Open messages	Abrir los mensajes
Open profile and story website links in your system browser instead of TikTok's in-app browser.	Abrir los enlaces web de perfiles e historias en tu navegador del sistema en vez de en el navegador interno de TikTok.
Open the feed anyway	Abrir el feed de todas formas
Open the feed anyway, %1$d left today	Abrir el feed de todas formas, quedan %1$d hoy
Open the feed anyway, the last time today	Abrir el feed de todas formas, por última vez hoy
Open the feed once so Hushfeed can see which bottom tabs TikTok loaded.	Abre el inicio de TikTok para detectar las pestañas inferiores cargadas.
Open the feed once so Hushfeed can see which tabs TikTok loaded.	Abre el feed de inicio de TikTok para detectar las pestañas cargadas.
Open the profile again and try once more	Abre el perfil otra vez e inténtalo de nuevo
Open the story again and try once more	Abre la historia otra vez e inténtalo de nuevo
Open TikTok on	Abrir TikTok en
Opens github.com in your browser	Abre github.com en tu navegador
Operator code	Código del operador
Operator name	Nombre del operador
Original language	Idioma original
Other	Otros
Other feed filters	Otros filtros del feed
Overridden	Sustituidos
Override	Sustitución
Override SIM details	Sustituir los datos de la SIM
Override set, not read yet	Sustitución fijada, aún sin leer
Override store region (experimental)	Sustituir la región de la tienda (experimental)
Override this configuration	Sustituir esta configuración
Override this gate	Sustituir este interruptor
Overrides are disabled in the Feature Gate Lab.	Las sustituciones están desactivadas en el Laboratorio de interruptores.
Overrides disabled. Restart TikTok to apply this.	Sustituciones desactivadas. Reinicia TikTok para que se aplique.
Overrides enabled. Restart TikTok to apply this.	Sustituciones activadas. Reinicia TikTok para que se aplique.
Paid partnerships	Colaboraciones pagadas
People, shortcuts and sending controls	Personas, atajos y controles de envío
Photo	Foto
Photo and image posts	Publicaciones de fotos e imágenes
Photo destination	Destino de las fotos
Photo filename	Nombre de archivo de la foto
Photos and stickers	Fotos y stickers
Pick the buttons to take off the column. The rest stay where they are.	Elige los botones que quieres quitar de la columna. El resto se queda donde está.
Plays videos that TikTok covers with a content warning without asking you to tap through first.	Reproduce los videos que TikTok cubre con un aviso de contenido sin pedirte que toques para continuar.
Playback	Reproducción
Player	Reproductor
Playlist posts	Publicaciones de listas de reproducción
Popular	Popular
Popups	Ventanas emergentes
Press and hold a profile picture to save the full size original to your photo destination.	Mantén pulsada una foto de perfil para guardar el original a tamaño completo en tu destino de fotos.
Press and hold a story to save it. Stories have no save button of their own, and holding one is how TikTok pauses it, so this takes that gesture over.	Mantén pulsada una historia para guardarla. Las historias no tienen botón de guardar propio, y mantenerlas pulsadas es como TikTok las pausa, así que esto se queda con ese gesto.
Press and hold the left or right third of the screen to jump back or forward. The middle third keeps the Long press action.	Mantén pulsado el tercio izquierdo o derecho de la pantalla para saltar atrás o adelante. El tercio central mantiene la acción de Pulsación larga.
Privacy	Privacidad
Profile	Perfil
Profile picture saved to %1$s	Foto de perfil guardada en %1$s
Profile share actions	Acciones de compartir del perfil
Promotional music	Música promocional
Proof	Prueba
Post age	Antigüedad de la publicación
Adds a search box that finds comments already loaded on this video, by words or username. It doesn't search all of TikTok.	Añade un cuadro de búsqueda que encuentra los comentarios ya cargados en este video, por palabras o nombre de usuario. No busca en todo TikTok.
Pulling down at the top of For You no longer reloads it.	Deslizar hacia abajo al principio de Para ti ya no lo recarga.
Putting the settings back to their defaults	Devolviendo los ajustes a sus valores de fábrica
Quality	Calidad
Quality, files, subtitles and hand-off	Calidad, archivos, subtítulos y traspaso
Quality, speed and auto-advance	Calidad, velocidad y avance automático
Silence the feed while comments are open	Silenciar el feed mientras los comentarios están abiertos
Reading	Lectura
Recorded gate reads (%1$d)	Lecturas de interruptores registradas (%1$d)
Recording gate reads. Use a feature, then return here to stop.	Registrando las lecturas de los interruptores. Usa una función y vuelve aquí para parar.
Put back the settings saved before the last restore or reset.	Recuperar los ajustes guardados antes de la última restauración o reinicio.
Recovered an interrupted settings change. Restart TikTok to apply this.	Se recuperó un cambio de ajustes interrumpido. Reinicia TikTok para que se aplique.
Refresh values	Actualizar los valores
Region	Región
Country filters	Filtros por país
Remember the last speed	Recordar la última velocidad
Remind me every	Recordármelo cada
Remove	Quitar
Remove %1$s	Quitar %1$s
Remove all overrides	Quitar todas las sustituciones
Remove feed ads	Quitar los anuncios del feed
Remove feed ads, creator commission posts, paid partnerships, and branded content.	Quita los anuncios del feed, las publicaciones con comisión para creadores, las colaboraciones pagadas y el contenido de marca.
Hide voting cards and poll results above the comments, including polls that have ended.	Oculta las tarjetas de votación y sus resultados sobre los comentarios, incluidas las encuestas finalizadas.
Hide the Share via row.	Ocultar la fila Compartir con.
Hide the actions row of the share sheet.	Ocultar la fila de acciones del panel de compartir.
Hide the row of friends at the top of the share sheet.	Ocultar la fila de amigos de la parte de arriba del panel de compartir.
Cuts the tracking bits out of links you share.	Quita las partes de seguimiento de los enlaces que compartes.
Remove watermark	Quitar la marca de agua
Removed %1$s	Se quitó %1$s
Replace values when TikTok asks for them	Reemplazar valores cuando TikTok los pide
Report saved to %1$s	Informe guardado en %1$s
Required	Obligatorio
Researched	Investigado
Researched values	Valores investigados
Reset	Restablecer
Reset %1$d gates of %2$d. Restart TikTok to apply this.	%1$d interruptores de %2$d restablecidos. Reinicia TikTok para aplicar esto.
Reset %1$d gates. Restart TikTok to apply this.	%1$d interruptores restablecidos. Reinicia TikTok para aplicar esto.
Reset 1 gate of %2$d. Restart TikTok to apply this.	1 interruptor de %2$d restablecido. Reinicia TikTok para aplicar esto.
Reset 1 gate. Restart TikTok to apply this.	1 interruptor restablecido. Reinicia TikTok para aplicar esto.
Reset override	Restablecer la sustitución
Reset position	Restablecer la posición
Reset settings	Reiniciar los ajustes
Restart now	Reiniciar ahora
Restart TikTok to apply %1$d changes	Reinicia TikTok para aplicar %1$d cambios
Restart TikTok to apply this change	Reinicia TikTok para aplicar este cambio
Restart TikTok to apply this.	Reinicia TikTok para que se aplique.
Restart pending	Reinicio pendiente
Put every setting back to its default straight away. Your current settings are kept for Undo.	Devolver cada ajuste a su valor de fábrica ahora mismo. Tus ajustes actuales se guardan para Deshacer.
Restore failed. Some settings may still be changed.	La restauración falló. Puede que algunos ajustes hayan cambiado igualmente.
Reset didn't finish. Some settings may still be changed. Use Undo to put them back.	El restablecimiento no terminó. Puede que algunos ajustes hayan cambiado igualmente. Usa Deshacer para recuperarlos.
Reset didn't finish. Some settings may still be changed.	El restablecimiento no terminó. Puede que algunos ajustes hayan cambiado igualmente.
Undo didn't finish. Some settings may still be changed. Try Undo again.	Deshacer no terminó. Puede que algunos ajustes hayan cambiado igualmente. Vuelve a probar Deshacer.
Undo didn't finish. Some settings may still be changed.	Deshacer no terminó. Puede que algunos ajustes hayan cambiado igualmente.
Restore failed. Some settings may still be changed. Use Undo to put them back.	La restauración falló. Puede que algunos ajustes hayan cambiado igualmente. Usa Deshacer para recuperarlos.
Restore settings	Restaurar los ajustes
Lab settings put back. Restart TikTok to apply this.	Ajustes del Lab recuperados. Reinicia TikTok para que se aplique.
Restoring your settings	Restaurando tus ajustes
Resume videos after scrolling	Continuar los vídeos después de desplazarte
Retry	Reintentar
Return a copy with the fields below changed	Devolver una copia con los campos de abajo cambiados
Return after using a TikTok feature to see every gate read during the recording.	Vuelve después de usar una función de TikTok para ver cada lectura de interruptor durante la grabación.
Returns %1$s	Devuelve %1$s
Right column	Columna derecha
Rows	Filas
SIM country preset	País preestablecido de la SIM
STEM	STEM
Clean up shared links	Limpiar los enlaces compartidos
Save	Guardar
Saves subtitle (SRT) files with the video. They go to Movies on Android 11 and newer, Download on Android 10, and your video folder on older versions. On Android 11 and newer with Save details on, the video moves to Download or Documents and the subtitles stay in Movies.	Guarda los archivos de subtítulos (SRT) junto con el video. Van a Movies en Android 11 y posteriores, a Download en Android 10 y a tu carpeta de videos en versiones anteriores. En Android 11 y posteriores con Guardar detalles activado, el video pasa a Download o Documents y los subtítulos se quedan en Movies.
Save a profile picture on a long press	Guardar una foto de perfil con una pulsación larga
Save a story on a long press	Guardar una historia con una pulsación larga
Save every photo in the post at full size as a JPEG, not as the screen shows it.	Guardar cada foto de la publicación a tamaño completo como JPEG, no como la muestra la pantalla.
Save field values	Guardar los valores de los campos
Save full report	Guardar informe completo
Save media	Guardar el contenido
Saves your Hushfeed settings and Feature Gate Lab rules to a file.	Guarda tus ajustes de Hushfeed y las reglas del Feature Gate Lab en un archivo.
Save subtitles beside videos	Guardar los subtítulos junto a los vídeos
Saves TikTok's latest crash report on this phone so it can go in the diagnostic report.	Guarda en este teléfono el último informe de fallos de TikTok para que pueda ir en el informe de diagnóstico.
Save the original sound	Guardar el sonido original
Save the sound as well	Guardar también el sonido
Save videos without sound	Guardar los vídeos sin sonido
Save, restore, reset and undo your settings	Guarda, restaura, restablece y deshaz tus ajustes
Saved	Guardado
Saved %1$s	Guardado: %1$s
Saved %1$s of %2$s photos before the story failed	Se guardaron %1$s de %2$s fotos antes de que la historia fallara
Saved %1$s original photos	%1$s fotos originales guardadas
Saved one original photo	Se guardó una foto original
Saved, override off	Guardado, sustitución desactivada
Saved. Restart TikTok to apply this.	Guardado. Reinicia TikTok para que se aplique.
Saving	Guardando
Saving %1$s original photos	Guardando %1$s fotos originales
Saving one original photo	Guardando una foto original
Saving settings backup	Guardando la copia de seguridad de los ajustes
Saving the sticker	Guardando el sticker
Saving the story	Guardando la historia
Saving the sound	Guardando el sonido
Saving the profile picture	Guardando la foto de perfil
Saving the live photo's clip	Guardando el clip de la foto en vivo
Screen time	Tiempo de pantalla
Search	Búsqueda
Search by name, description or category.	Busca por nombre, descripción o categoría.
Advanced. Find and force the hidden switches TikTok uses to test features.	Avanzado. Busca y fuerza los interruptores ocultos que TikTok usa para probar funciones.
Search countries or operators	Buscar países u operadores
Search hidden creators	Buscar creadores ocultos
Search settings	Buscar en los ajustes
Search share actions	Buscar acciones de compartir
Search within comments	Buscar en los comentarios
Search these comments	Buscar en estos comentarios
Search translated titles and descriptions, then open the original setting.	Buscar entre los títulos y las descripciones traducidos, y abrir después el ajuste original.
Ask TikTok for search results that aren't personalized to your account. This changes results, not search buttons or suggestions.	Pide a TikTok resultados de búsqueda que no estén personalizados para tu cuenta. Cambia los resultados, no los botones ni las sugerencias de búsqueda.
Search by name or gate key	Buscar por nombre o clave de gate
Seconds. Zero keeps every length. If everything the feed just sent would be filtered out, the video closest to your limit is kept so the feed isn't empty.	Segundos. Cero acepta cualquier duración. Si se fuera a filtrar todo lo que el feed acaba de enviar, se deja el vídeo más cercano a tu límite para que el feed no quede vacío.
Seek by	Avanzar
Seek from the edges	Avanzar desde los bordes
Seen	Vistos
Seen this session	Visto en esta sesión
Seen videos	Vídeos vistos
Seen videos cleared. You can undo until TikTok closes.	Se borraron los vídeos vistos. Puedes deshacerlo hasta que se cierre TikTok.
Seen videos put back	Vídeos vistos recuperados
Select	Seleccionar
Select at least one field.	Selecciona al menos un campo.
Select every tab	Seleccionar todas las pestañas
Selected	Seleccionado
Send links to another app	Enviar los enlaces a otra app
Sending feedback	Enviando comentarios
Series posts	Publicaciones de Series
Settings	Ajustes
Settings are back to their defaults. Restart TikTok to apply all changes.	Los ajustes han vuelto a sus valores de fábrica. Reinicia TikTok para aplicar todos los cambios.
Settings backup saved	Copia de seguridad de los ajustes guardada
Settings couldn't open	No se pudo abrir Ajustes
Settings couldn't refresh completely. Reopen settings and try again.	No se pudo actualizar Ajustes por completo. Vuelve a abrir Ajustes e inténtalo de nuevo.
Settings restored. Restart TikTok to apply all changes.	Ajustes restaurados. Reinicia TikTok para aplicar todos los cambios.
Settings restored. The Feature Gate Lab rules were for another TikTok version and were left out. Restart TikTok to apply all changes.	Ajustes restaurados. Las reglas del Laboratorio de interruptores eran de otra versión de TikTok y se dejaron fuera. Reinicia TikTok para aplicar todos los cambios.
Share	Compartir
Hide share actions	Ocultar acciones de compartir
Swap the website in shared links	Cambiar el sitio web en los enlaces compartidos
Share sheet	Panel de compartir
Shop	Tienda
Shop posts	Publicaciones de la tienda
Show	Mostrar
Show @username beside a video instead of the display name the creator chose.	Mostrar @usuario junto al vídeo en vez del nombre visible que eligió el creador.
Show search in LIVE	Mostrar búsqueda en LIVE
Show TikTok's feed buttons	Mostrar los botones del feed de TikTok
Show TikTok's own progress bar on videos where it's normally hidden.	Mostrar la barra de progreso de TikTok en los vídeos donde normalmente está oculta.
Shows TikTok's full sort menu on every post, with hot, newest, media and creator options, instead of the shorter one your account got. Restart TikTok to see the change.	Muestra el menú de orden completo de TikTok en cada publicación, con las opciones de populares, más recientes, multimedia y creador, en lugar del menú más corto que recibió tu cuenta. Reinicia TikTok para ver el cambio.
Show the search entry inside TikTok's LIVE drawer, where available. This doesn't add a search box to video comments.	Muestra la opción de búsqueda en el panel de LIVE de TikTok, si está disponible. No añade un cuadro de búsqueda a los comentarios de videos.
Show a video preview thumbnail while dragging the progress bar.	Mostrar una miniatura del vídeo mientras arrastras la barra de progreso.
Show the block button on videos	Mostrar el botón de bloquear en los vídeos
Show the block sound button	Mostrar el botón de bloquear sonido
Show failures on screen	Mostrar fallos en pantalla
Show gates	Mostrar interruptores
Show last report	Ver el último informe
Show the hide button on videos	Mostrar el botón de ocultar en los vídeos
Show the Not interested button	Mostrar el botón de No me interesa
Mute feed videos	Silenciar los videos del feed
Muted	Silenciado
Sound on	Sonido activado
Sound	Sonido
Play feed videos without sound and leave the phone's volume alone. Music from another app keeps playing while it's on. DMs, stories and LIVE keep their sound.	Reproduce los videos del feed sin sonido y no cambia el volumen del teléfono. La música de otra app sigue sonando mientras esté activado. Los mensajes directos, las historias y los LIVE conservan su sonido.
Show the mute button on videos	Mostrar el botón de silencio en los videos
Add a button beside the block control that turns the feed's sound off and on.	Añade un botón junto al control de bloqueo que apaga y enciende el sonido del feed.
Show the country a video was posted from next to the creator's name.	Mostrar el país desde el que se publicó un vídeo junto al nombre del creador.
Show the current spoken caption while the other controls are hidden.	Mostrar el subtítulo que se está diciendo mientras los demás controles están ocultos.
Show the handle instead of the name	Mostrar el nombre de usuario en vez del nombre
Show the progress bar	Mostrar la barra de progreso
Show the progress bar thumbnail	Mostrar la miniatura de la barra de progreso
Show the whole Activity and New followers lists instead of stopping at a View all button.	Mostrar las listas completas de Actividad y Nuevos seguidores en vez de pararse en un botón de Ver todo.
Show the whole video instead of cropping it to the window. Nothing changes on a tall phone, where it already fits. On a folding phone opened up, a squarer screen or a split view the sides or the ends stop being cut off.	Mostrar el vídeo entero en vez de recortarlo a la ventana. En un móvil alto no cambia nada, porque ya cabe. En un plegable abierto, en una pantalla más cuadrada o en vista dividida dejan de cortarse los lados o los extremos.
Show what is left of the budget	Mostrar lo que queda del límite
Show when the camera or microphone is in use	Mostrar cuando la cámara o el micrófono estén en uso
Show where a video was posted	Mostrar desde dónde se publicó un vídeo
Showing %1$s again	Mostrando %1$s otra vez
Hide videos with blocked sounds	Ocultar los vídeos con sonidos bloqueados
Skip content warnings	Saltar los avisos de contenido
Hide recorded LIVE broadcasts from the feed.	Ocultar del feed las emisiones LIVE grabadas.
Hide videos marked as using promotional music.	Ocultar los vídeos marcados como que usan música promocional.
Hide videos that use a sound blocked with the player's sound button, or named below.	Ocultar los vídeos que usen un sonido bloqueado con el botón de sonido del reproductor, o nombrado abajo.
Skipping videos with %1$s	Saltando los vídeos con %1$s
Something is missing from %1$s. Tap for the whole report.	Falta algo en %1$s. Toca para ver el informe completo.
Sound link copied	Enlace del sonido copiado
Sound saved to %1$s	Sonido guardado en %1$s
Source	Origen
Speed	Velocidad
Speed menu choices	Opciones del menú de velocidad
Split comment minimum width	Anchura mínima para los comentarios al lado
Start each new video at your default. A manual choice lasts until the video changes.	Empezar cada vídeo nuevo con tu velocidad predeterminada. Una elección manual dura hasta que cambia el vídeo.
Start feature gate recording	Empezar a grabar los interruptores
Start recording	Iniciar grabación
Start the day at	Empezar el día a las
Start today over	Empezar hoy de nuevo
Sticker	Sticker
Sticker destination	Destino de los stickers
Sticker saved to %1$s	Sticker guardado en %1$s
Still here. Nothing is waiting.	Sigues aquí. No hay nada esperando.
Still reading the record. Tap again in a moment.	Todavía se está leyendo el registro. Toca otra vez dentro de un momento.
Still saving the last one	Todavía se está guardando el anterior
The last one is still waiting to start	El anterior todavía está esperando para empezar
Stops TikTok from sending usage reports, ad tracking and crash reports. TikTok's own diagnostic tools go quiet too.	Evita que TikTok envíe informes de uso, seguimiento publicitario e informes de fallos. Las herramientas de diagnóstico de TikTok también se quedan en silencio.
Stops TikTok from slowing your screen to match each video's frame rate. On a 90 or 120 Hz phone, that request makes the whole app, scrolling too, run slower.	Evita que TikTok ralentice tu pantalla para igualar la tasa de fotogramas de cada video. En un teléfono de 90 o 120 Hz, esa petición hace que toda la app, el desplazamiento incluido, vaya más lenta.
Stops TikTok from reading your phone's motion and compass sensors. Apps can use them to recognize your phone.	Evita que TikTok lea los sensores de movimiento y de brújula de tu teléfono. Las apps pueden usarlos para reconocer tu teléfono.
Stop TikTok reading what you copied. Copying a link from TikTok still works.	Impide que TikTok lea lo que copiaste. Copiar un enlace desde TikTok sigue funcionando.
Stop a long press on Like from opening TikTok's repost action.	Impedir que mantener pulsado Me gusta abra la acción de republicar de TikTok.
Stop a long press on Share from opening TikTok's quick share action.	Impedir que mantener pulsado Compartir abra la acción de compartir rápido de TikTok.
Stop feature gate recording	Parar de grabar los interruptores
Stop the brand animation that plays over the comments when what someone typed matches an advertiser's trigger.	Parar la animación de marca que sale sobre los comentarios cuando lo que alguien escribió coincide con el disparador de un anunciante.
Stop the bubble that asks you to share a video with friends after you like it.	Detiene la burbuja que pide compartir un video con amigos tras darle me gusta.
Stops websites you open from inside TikTok from reaching back into the app. TikTok's own pages, such as Activity center, Watch history, shop checkout and CAPTCHA, keep working.	Evita que los sitios web que abres desde TikTok accedan de vuelta a la app. Las páginas propias de TikTok, como Activity center, el historial de visualización, el pago de la tienda y CAPTCHA, siguen funcionando.
Stop video looping	Parar la repetición de los vídeos
Stop videos at the end instead of replaying them.	Parar los vídeos al final en vez de volver a reproducirlos.
Stopped after dismissing %1$s suggested accounts	Se detuvo tras descartar %1$s cuentas sugeridas
Stopped after dismissing one suggested account	Se detuvo tras descartar una cuenta sugerida
Stories	Historias
Story saved to %1$s	Historia guardada en %1$s
Structured value observed	Valor estructurado observado
Subtitle language	Idioma de los subtítulos
Subtitles	Subtítulos
System	Sistema
Feed tabs to keep	Pestañas del feed que mantener
Hide the streak button in a chat and the reminder message that goes with it.	Ocultar el botón de racha de un chat y el mensaje recordatorio que lo acompaña.
Tap a comment's heart twice within %1$d seconds. A double tap on the comment needs a second one too. Removing a like stays immediate.	Toca el corazón de un comentario dos veces en menos de %1$d segundos. Un doble toque en el comentario también necesita un segundo. Quitar un me gusta sigue siendo inmediato.
Tap a story's heart twice within %1$d seconds. Removing a like stays immediate.	Toca el corazón de una historia dos veces en menos de %1$d segundos. Quitar un me gusta sigue siendo inmediato.
Tap Repost on the bar under a video twice within %1$d seconds. A repost with a note is left alone.	Toca Repost en la barra bajo un vídeo dos veces en menos de %1$d segundos. Un repost con nota no se toca.
Tap again to follow	Toca otra vez para seguir
Tap again to like	Toca otra vez para dar me gusta
Tap again to repost	Toca otra vez para hacer repost
Tap the feed Follow button twice within %1$d seconds.	Toca el botón Seguir del feed dos veces en menos de %1$d segundos.
Tap the like heart twice within %1$d seconds. Removing a like stays immediate.	Toca el corazón de me gusta dos veces en menos de %1$d segundos. Quitar un me gusta sigue siendo inmediato.
Tap to start the feed	Toca para poner el feed en marcha
Technical details	Detalles técnicos
Technical details, %1$s	Detalles técnicos, %1$s
That backup was written by a newer Hushfeed than this one. Nothing was altered.	Esa copia de seguridad la escribió un Hushfeed más nuevo que este. No se ha cambiado nada.
That creator is already in the list	Ese creador ya está en la lista
That creator pattern is too long to use, so it was skipped: %1$s	Ese patrón de creador es demasiado largo, así que se omitió: %1$s
That creator pattern is too long, so it wasn't added: %1$s	Ese patrón de creador es demasiado largo, así que no se añadió: %1$s
That file isn't a loaded-values export, or it's larger than the Lab accepts	Ese archivo no es una exportación de valores cargados, o es más grande de lo que acepta el Lab
That file isn't readable text, so it may have been damaged in transit. Nothing was altered.	Ese archivo no es texto legible, así que puede haberse dañado por el camino. No se ha cambiado nada.
That file is too large to be a settings backup. Nothing was altered.	Ese archivo es demasiado grande para ser una copia de seguridad de ajustes. No se ha cambiado nada.
That folder name has a character Android doesn't allow. Use letters, numbers, spaces or dashes.	El destino contiene un nombre de carpeta no válido.
That is %1$d minutes today	Eso son %1$d minutos hoy
That is %1$d videos today	Eso son %1$d vídeos hoy
That isn't a Hushfeed settings backup. Nothing was altered.	Eso no es una copia de seguridad de ajustes de Hushfeed. No se ha cambiado nada.
That isn't an app name. Try something like com.example.downloader, or leave the box empty to keep saving in TikTok.	Eso no es un nombre de app. Prueba con algo como com.example.downloader, o deja el campo vacío para seguir guardando en TikTok.
That is one minute today	Eso es un minuto hoy
That is one video today	Eso es un vídeo hoy
That list has too many entries. Keep it to %1$s or fewer.	Esa lista tiene demasiadas entradas. Limítala a %1$s o menos.
That list is too large. Keep it to %1$s KB or less.	Esa lista es demasiado grande. Limítala a %1$s KB o menos.
That preset isn't recognized. Choose another.	Ajuste preestablecido de SIM no válido.
That settings backup contains a feed rule list larger than Hushfeed accepts. Nothing was altered.	Esa copia de seguridad contiene una lista de reglas del feed mayor de lo que Hushfeed admite. No se ha cambiado nada.
That settings backup holds a value Hushfeed can't read. Nothing was altered.	Esa copia de seguridad contiene un valor que Hushfeed no puede leer. No se ha cambiado nada.
That settings backup holds more Feature Gate Lab rules than the Lab takes. Nothing was altered.	Esa copia de seguridad de ajustes tiene más reglas del Feature Gate Lab de las que el Lab acepta. No se ha cambiado nada.
That settings backup is damaged or only partly downloaded. Nothing was altered.	Esa copia de seguridad está dañada o solo se descargó en parte. No se ha cambiado nada.
That settings backup is incomplete, so it may have been cut short. Nothing was altered.	Esa copia de seguridad está incompleta, así que puede haberse cortado. No se ha cambiado nada.
That settings change didn't go through. Nothing was altered.	Ese cambio de ajustes no llegó a aplicarse. No se ha cambiado nada.
That sticker is in a format Hushfeed can't read	Ese sticker está en un formato que Hushfeed no puede leer
The Lab can't check this. TikTok gets it exactly as typed.	El Lab no puede verificar esto. TikTok lo recibe exactamente como lo escribes.
The Lab couldn't open. Go back and open it again.	El Lab no se pudo abrir. Vuelve atrás y ábrelo otra vez.
The Lab keeps at most %1$s rules. This change would make %2$s, so nothing was changed.	El Lab admite como máximo %1$s reglas. Este cambio daría un total de %2$s, así que no se cambió nada.
The catalog says this key is %1$s and this override is %2$s. Reset the override and make a new one.	El catálogo dice que esta clave es %1$s y esta anulación es %2$s. Restablece la anulación y crea una nueva.
The diagnostic report couldn't be saved yet. Try again in a moment.	Todavía no se pudo guardar el informe de diagnóstico. Inténtalo de nuevo en un momento.
The diagnostic report couldn't be saved. Try again.	No se pudo guardar el informe de diagnóstico. Inténtalo de nuevo.
The downloader app you chose isn't installed. Check Send links to another app under Downloads.	La aplicacion de descarga que elegiste no esta instalada. Revisa Enviar enlaces a otra aplicacion en Descargas.
The feed slowly dims during the last 45 seconds before the hold, so it doesn't come as a sudden stop. Needs a time budget and a hold.	El feed se atenúa poco a poco durante los últimos 45 segundos antes del bloqueo, para que no llegue como una parada brusca. Necesita un presupuesto de tiempo y un bloqueo.
The feed doesn't end. This is a fine time to leave it.	El feed no se acaba. Este es un buen momento para dejarlo.
The feed is open again	El feed está abierto otra vez
The feed waits for one tap before it starts playing again when you come back to the app. Messages, profiles and search are still one tap away.	El feed espera un toque antes de reproducirse de nuevo cuando vuelves a la app. Mensajes, perfiles y búsqueda siguen a un toque.
The hour both budgets reset, on a 24 hour clock. The default is 4 in the morning, so a late night still counts as the same day.	La hora a la que se reinician ambos presupuestos, en formato de 24 horas. Por defecto son las 4 de la mañana, así una noche larga cuenta como el mismo día.
Last change put back. Restart TikTok to apply all changes.	Último cambio recuperado. Reinicia TikTok para aplicar todos los cambios.
Last change put back. The Feature Gate Lab rules were for another TikTok version and were left out. Restart TikTok to apply all changes.	Último cambio recuperado. Las reglas del Laboratorio de interruptores eran de otra versión de TikTok y se dejaron fuera. Reinicia TikTok para aplicar todos los cambios.
Show only videos with this many comments.	Mostrar solo vídeos con este número de comentarios.
Show only videos with this many favorites.	Mostrar solo vídeos con este número de favoritos.
Show only videos with this many likes.	Mostrar solo vídeos con este número de me gusta.
Show only videos with this many shares.	Mostrar solo vídeos compartidos este número de veces.
Show only videos with this many views.	Mostrar solo vídeos con este número de visualizaciones.
The original photos aren't available, so TikTok's own save runs instead	Las fotos originales no están disponibles, así que se usa el guardado propio de TikTok
The original photos aren't available. No video was saved.	Las fotos originales no están disponibles. No se guardó ningún video.
The override changes no fields. Edit the field values, or reset the override.	La anulación no cambia ningún campo. Edita los valores de los campos o restablece la anulación.
The override couldn't be applied: %1$s. Edit the field values, or reset the override.	No se pudo aplicar la anulación: %1$s. Edita los valores de los campos o restablece la anulación.
The override doesn't say what list to return. Edit the field values, or reset the override.	La anulación no dice qué lista devolver. Edita los valores de los campos o restablece la anulación.
The profile picture couldn't be saved. Try again.	No se pudo guardar la foto de perfil.
The record of an interrupted settings change couldn't be read, so it was set aside. Check your settings.	No se pudo leer el registro de un cambio de ajustes interrumpido, así que se apartó. Revisa tus ajustes.
The report couldn't be saved. Try again.	No se pudo guardar el informe. Inténtalo otra vez.
The loaded-values file you chose couldn't be read. Try again.	No se pudo leer el archivo de valores cargados que elegiste. Inténtalo de nuevo.
The setting couldn't finish updating. Its saved value is shown.	No se pudo terminar de actualizar el ajuste. Se muestra el valor guardado.
The settings backup was rejected. Nothing was altered.	Se rechazó la copia de seguridad de los ajustes. No se ha cambiado nada.
The smallest value is above the largest	El valor mínimo es mayor que el máximo
The sound couldn't be saved. Try again.	No se pudo guardar el sonido. Inténtalo otra vez.
The sticker couldn't be saved. Try again.	No se pudo guardar el sticker. Inténtalo otra vez.
The story couldn't be saved. Try again.	No se pudo guardar la historia.
The thumbs down on each comment blocks the commenter instead of disliking. The comment dims, an undo banner follows, and a second tap unblocks.	El pulgar hacia abajo en cada comentario bloquea al comentarista en vez de dar No me gusta. El comentario se atenúa, un banner de deshacer sigue, y un segundo toque desbloquea.
The video couldn't be saved. Try again, or choose Automatic.	No se pudo guardar el vídeo. Inténtalo otra vez, o elige Automático.
There is no Lab change to undo.	No hay ningún cambio del Lab que deshacer.
There is no diagnostic data to clear	No hay datos de diagnóstico que borrar
There is no diagnostic data to put back	No hay datos de diagnóstico que restaurar
There was nothing to put back	No había nada que recuperar
These loaded values are for a different TikTok version.	Estos valores cargados son de otra versión de TikTok.
This catalog entry is no longer available. Refresh the Lab and try again.	Esta entrada del catálogo ya no está disponible. Actualiza el Laboratorio e inténtalo otra vez.
This change couldn't be saved. Try again.	No se pudo guardar este cambio. Inténtalo de nuevo.
This configuration has no fields that can be copied and changed safely on this build.	Esta configuración no tiene campos que se puedan copiar y cambiar con seguridad en esta compilación.
This file has more loaded values than the Lab takes at once.	Este archivo tiene más valores cargados de los que el Lab acepta de una vez.
This file has no loaded values in it.	Este archivo no contiene valores cargados.
This file isn't a loaded-values export from the Feature Gate Lab.	Este archivo no es una exportación de valores cargados del Feature Gate Lab.
This gate type isn't supported.	Este tipo de gate no es compatible.
This line opens a rule and doesn't finish it: %1$s. Write two phrases as "a" & "b" for both, or "a" !& "b" for the first without the second.	Esta línea abre una regla y no la termina: %1$s. Escribe dos frases como "a" & "b" para pedir las dos, o "a" !& "b" para la primera sin la segunda.
This phone has no file picker, so there's no way to choose a file here	Este teléfono no tiene selector de archivos, así que aquí no se puede elegir uno
This phone has no folder picker. Type the folder into the row instead.	Este teléfono no tiene selector de carpetas. Escribe la carpeta en la fila.
This profile picture isn't available to save	Esta foto de perfil no está disponible para guardarla
This quality isn't available as a complete file, so TikTok's own save runs instead	Esta calidad no está disponible como archivo completo, así que se usa el guardado propio de TikTok
This setting's value can't be copied on this build, so it can't be overridden. Reset the override.	El valor de este ajuste no se puede copiar en esta versión, así que no se puede anular. Restablece la anulación.
This story isn't available to save	Esta historia no está disponible para guardarla
This value is required.	Este valor es obligatorio.
This video has no link to copy	Este vídeo no tiene ningún enlace que copiar
This video has no link to send, so TikTok's own save runs instead	Este vídeo no tiene ningún enlace que enviar, así que se usa el guardado propio de TikTok
This video has no original sound to save	Este vídeo no tiene sonido original que guardar
This video has no sound of its own	Este vídeo no tiene sonido propio
Thumbs down blocks the commenter	El pulgar hacia abajo bloquea a quien comenta
TikTok default	Predeterminado de TikTok
TikTok default (hold to speed up, quick share)	Predeterminado de TikTok (mantener para acelerar, compartir rápido)
TikTok didn't block %1$s. Try again in a moment.	TikTok no bloqueó a %1$s. Inténtalo de nuevo en un momento.
TikTok didn't unblock %1$s. Try again in a moment.	TikTok no desbloqueó a %1$s. Inténtalo de nuevo en un momento.
TikTok didn't accept the feedback. Try again later.	TikTok no aceptó el comentario. Inténtalo más tarde.
TikTok hasn't loaded this setting yet. Open the part of the app that uses it, then come back.	TikTok aún no ha cargado este ajuste. Abre la parte de la app que lo usa y vuelve.
TikTok read it	TikTok lo leyó
TikTok read it, but the override couldn't be applied. Reset it and save it again.	TikTok la leyó, pero la sustitución no se pudo aplicar. Restablécela y guárdala de nuevo.
TikTok refused the follow: %1$s	TikTok rechazó el seguimiento: %1$s
TikTok's own value	Valor propio de TikTok
Shows TikTok's play, pause, previous and next buttons on the feed. TikTok normally shows them only to people who use a screen reader. TikTok can see when you use them.	Muestra en el feed los botones de reproducir, pausa, anterior y siguiente de TikTok. TikTok normalmente solo se los muestra a quienes usan un lector de pantalla. TikTok puede ver cuándo los usas.
TikTok sometimes tests a change that empties the Favorites tab on your profile. This keeps the tab and your saved videos.	A veces TikTok prueba un cambio que vacía la pestaña Favoritos de tu perfil. Esto conserva la pestaña y tus videos guardados.
TikTok's size	Tamano de TikTok
Times you can open the feed anyway	Veces que puedes abrir el feed de todas formas
Wait a day to loosen the budget	Esperar un día para aflojar el presupuesto
A change that makes your budget looser waits until the day starts over, and a stricter one applies at once. Looser means a higher or no budget, a shorter hold, more times to open the feed anyway, a new start hour, or turning this off. A restored backup follows the same rule, and Start today over is off while this is on.	Un cambio que hace tu presupuesto más holgado espera hasta que el día empiece de nuevo, y uno más estricto se aplica al instante. Más holgado significa un presupuesto mayor o ninguno, un bloqueo más corto, más veces para abrir el feed de todos modos, una nueva hora de inicio o desactivar esto. Una copia restaurada sigue la misma regla, y Empezar hoy de nuevo está desactivado mientras esto esté activado.
Changes to %1$s at %2$s	Cambia a %1$s a las %2$s
Turns off at %1$s	Se desactiva a las %1$s
That loosens the budget. It waits until %1$s.	Eso afloja el presupuesto. Espera hasta las %1$s.
That loosens the lock. It waits until %1$s.	Eso afloja el bloqueo. Espera hasta las %1$s.
Today can't start over while Wait a day to loosen the budget is on. The day starts over at %1$s.	Hoy no puede empezar de nuevo mientras Esperar un día para aflojar el presupuesto esté activado. El día vuelve a empezar a las %1$s.
Wait a day to loosen the budget is on, so Hushfeed stays on	Esperar un día para aflojar el presupuesto está activado, así que Hushfeed sigue activo
Today has moved on, so there's nothing to put back	El día ha avanzado, así que no hay nada que recuperar
Today is back where it was	Hoy está como estaba
Today started over. Tap again to put the counts back.	Hoy ha empezado de nuevo. Toca otra vez para recuperar las cuentas.
Today starts again	Hoy empieza otra vez
Today's budget is locked. The day starts over at %1$s.	El presupuesto de hoy está bloqueado. El día empieza de nuevo a las %1$s.
Today's budget is locked. The feed opens again at %1$s. Messages, profiles and search still work.	El presupuesto de hoy está bloqueado. El feed se abre otra vez a las %1$s. Los mensajes, los perfiles y la búsqueda siguen funcionando.
Today's budget is locked. This can be changed again at %1$s.	El presupuesto de hoy está bloqueado. Esto se podrá volver a cambiar a las %1$s.
Today: %1$d minute	Hoy: %1$d minuto
Today: %1$d minutes	Hoy: %1$d minutos
Today: %1$d video	Hoy: %1$d vídeo
Today: %1$d videos	Hoy: %1$d vídeos
Use {creator}, {date}, {video_id} and {index} to build the name. {index} numbers the photos of a slideshow saved with Download original photos. TikTok's own save button numbers files by folder instead. The file ending is added for you.	Usa {creator}, {date}, {video_id} e {index} para formar el nombre. {index} numera las fotos de una presentación guardada con «Descargar las fotos originales». El botón de guardar de TikTok numera los archivos por carpeta. La extensión del archivo se añade sola.
Use {date} and {media_id} to build the name. Works for image and video stickers.	Usa {date} y {media_id} para formar el nombre. Funciona con stickers de imagen y de video.
Too many media saves are already running. Try again in a moment.	Ya se están guardando demasiados archivos. Inténtalo dentro de un momento.
Tracking	Rastreo
Tracking, device access and links	Rastreo, acceso al dispositivo y enlaces
Translate comments as they load, using TikTok's own translator.	Traducir los comentarios a medida que se cargan, con el traductor propio de TikTok.
Transparent	Transparente
Try a different word or clear the search.	Prueba con otra palabra o borra la búsqueda.
Try again, or go back to TikTok.	Inténtalo de nuevo o vuelve a TikTok.
Turn on %1$s first.	Activa antes %1$s.
Put %1$s in %2$s first.	Escribe antes %1$s en %2$s.
Turn on overrides	Activar las sustituciones
Turned off %1$d gates of %2$d. The rest don't take a true or false value. Restart TikTok to apply this.	%1$d interruptores de %2$d apagados. Los demás no aceptan un valor true o false. Reinicia TikTok para aplicar esto.
Turned off %1$d gates. Restart TikTok to apply this.	%1$d interruptores apagados. Reinicia TikTok para aplicar esto.
Turned off 1 gate of %2$d. The rest don't take a true or false value. Restart TikTok to apply this.	1 interruptor de %2$d apagado. Los demás no aceptan un valor true o false. Reinicia TikTok para aplicar esto.
Turned off 1 gate. Restart TikTok to apply this.	1 interruptor apagado. Reinicia TikTok para aplicar esto.
Two letters, like us, gb or jp.	Dos letras, como us, gb o jp.
Type	Tipo
Start typing	Empieza a escribir
Unavailable	No disponible
Unblock this commenter	Desbloquear a quien comenta
Unblocked %1$s	%1$s desbloqueado
Couldn't confirm the unblock for %1$s. Open their profile to check.	No se pudo confirmar el desbloqueo de %1$s. Abre su perfil para comprobarlo.
Undo	Deshacer
Undo clearing seen videos	Deshacer el borrado de vídeos vistos
Undo last Lab change	Deshacer el último cambio del Lab
Undo last restore or reset	Deshacer la última restauración o reinicio
Undoing the last change	Deshaciendo el último cambio
Until you choose here, this sheet follows your choices under Hide share actions.	Hasta que elijas aquí, esta hoja sigue tus opciones en Ocultar acciones de compartir.
Up to %1$d speeds from %2$s to %3$s, separated by commas. Example: 0.5, 1, 1.5, 2, 2.5, 3. Leave empty for TikTok's list. Restart TikTok to apply this.	Hasta %1$d velocidades de %2$s a %3$s, separadas por comas. Por ejemplo: 0.5, 1, 1.5, 2, 2.5, 3. Déjalo vacío para la lista de TikTok. Reinicia TikTok para que se aplique.
Use 0 for TikTok's size, or %1$d to %2$d. Applies to the next caption.	Usa 0 para el tamaño de TikTok, o de %1$d a %2$d. Se aplica al siguiente subtítulo.
Use TikTok's own hold, pull down and release gesture to keep playing at the hold speed, 2x unless Playback sets another.	Usar el gesto propio de TikTok de mantener, deslizar hacia abajo y soltar para seguir a la velocidad de mantener pulsado, que es 2x salvo que elijas otra en Reproducción.
Use a default playback speed	Usar una velocidad de reproducción predeterminada
Use non-personalized search	Usar la búsqueda sin personalizar
Use system font	Usar la fuente del sistema
Use the preset for the region TikTok reports for your account and its shop too. May affect search.	Usar el preajuste también para la región que TikTok informa de tu cuenta y su tienda. Puede afectar a la búsqueda.
Makes TikTok see the country and carrier you pick as your SIM. Your IP address, account history and language don't change, and any one of them can make TikTok keep your current region. Restart TikTok to see the change.	Hace que TikTok vea el país y el operador que elijas como tu SIM. Tu dirección IP, el historial de tu cuenta y tu idioma no cambian, y cualquiera de ellos puede hacer que TikTok mantenga tu región actual. Reinicia TikTok para ver el cambio.
Makes TikTok see the country you pick as your SIM. Your IP address, account history and language don't change, and any one of them can make TikTok keep your current region. Restart TikTok to see the change.	Hace que TikTok vea el país que elijas como tu SIM. Tu dirección IP, el historial de tu cuenta y tu idioma no cambian, y cualquiera de ellos puede hacer que TikTok mantenga tu región actual. Reinicia TikTok para ver el cambio.
Use the split layout on wider screens. Restart TikTok to apply this. If the old layout is still there, unfold again.	Usar el diseño dividido en pantallas más anchas. Reinicia TikTok para que se aplique. Si sigue el diseño antiguo, vuelve a desplegar.
Use value	Usar el valor
Use your own offline videos limit	Usar tu propio límite de vídeos sin conexión
Using TikTok's value	Se usa el valor de TikTok
Value	Valor
Value to return	Valor que se devuelve
Verified accounts	Cuentas verificadas
Version %1$s	Versión %1$s
Version %1$s for TikTok %2$s	Versión %1$s para TikTok %2$s
Video	Vídeo
Video (MP4)	Vídeo (MP4)
Video destination	Destino de los vídeos
Video download quality	Calidad de descarga del vídeo
Video filename	Nombre de archivo del vídeo
Video info	Información del vídeo
Video playback quality	Calidad de reproducción del vídeo
Video saved	Vídeo guardado
Video saved in %1$s, but only %2$s of %3$s subtitles came with it	Vídeo guardado en %1$s, pero solo llegaron %2$s de %3$s subtítulos
Video saved with %1$s subtitles in %2$s	Vídeo guardado con %1$s subtítulos en %2$s
Wait before hiding the controls.	Esperar antes de ocultar los controles.
WebP, exactly as TikTok sent it	WebP, exactamente como lo envió TikTok
What TikTok gets	Lo que TikTok recibe
When TikTok requests this key, return the selected value below	Cuando TikTok pida esta clave, devolver el valor elegido abajo
When a video ends in full screen, stay on it instead of moving to the next one. Swiping still moves on.	Cuando un vídeo termina a pantalla completa, se queda en él en lugar de pasar al siguiente. Deslizar sigue avanzando.
While diagnostic logging is on, a message names the part of Hushfeed that failed. Off keeps failures in the report only.	Mientras el registro de diagnóstico está activado, un mensaje indica la parte de Hushfeed que falló. Desactivado, los fallos solo quedan en el informe.
Window width needed to enable the layout. Restart TikTok to apply this.	Anchura de ventana necesaria para activar el diseño. Reinicia TikTok para que se aplique.
Words, countries and languages	Palabras, países e idiomas
Write the video's sound beside it as an .m4a. Android 10 and later file audio separately, so it lands in Music under the same folder name as your videos.	Escribir el sonido del vídeo a su lado como un .m4a. Android 10 y posteriores archivan el audio por separado, así que acaba en Music, en una carpeta con el mismo nombre que la de tus vídeos.
YTDLnis background mode	Modo en segundo plano de YTDLnis
YTDLnis download type	Tipo de descarga de YTDLnis
Yes	Sí
Your filters hid everything TikTok just sent. Most were %1$s.	Tus filtros ocultaron todo lo que TikTok acaba de enviar. La mayoría era %1$s.
Your filters hid everything TikTok sent, %1$d times in a row. Most were %2$s.	Tus filtros ocultaron todo lo que TikTok envió, %1$d veces seguidas. La mayoría era %2$s.
Your operator's name, like T-Mobile.	El nombre de tu operador, como T-Mobile.
Your operator's numeric code, like 310260.	El código numérico de tu operador, como 310260.
Zero means the way out of the hold is always there. Any other number is how many times a day it works. Once they're used up, the hold stays until the day starts over. Ignored while the budget is locked, which removes the way out.	Cero significa que la salida del bloqueo siempre está disponible. Cualquier otro número es las veces al día que funciona. Cuando se agotan, el bloqueo sigue hasta que el día empiece de nuevo. Se ignora mientras el presupuesto esté bloqueado, porque eso quita la salida.
Zero means no limit. Counts the videos Hushfeed advanced past for you, not the ones you swiped yourself, and starts again when the feed is rebuilt or you change this number.	Cero significa sin límite. Cuenta los vídeos que Hushfeed pasó por ti, no los que deslizaste tú, y empieza de nuevo cuando el feed se reconstruye o cambias este número.
Zero shows the notice and leaves the feed alone. Anything else covers the feed for that many minutes once a budget is reached. Messages, profiles and search keep working, and nothing in the feed is thrown away.	Cero muestra el aviso y deja el feed en paz. Cualquier otro valor cubre el feed durante esos minutos en cuanto se alcanza un límite. Los mensajes, los perfiles y la búsqueda siguen funcionando, y no se descarta nada del feed.
Zero switches this off. A short reminder after that many minutes of watching, and again after the same again. Time on messages, a profile or search doesn't count, and nothing is shown while the feed is on hold.	Cero lo desactiva. Un aviso breve tras esos minutos de visionado, y otra vez después de los mismos. El tiempo en mensajes, un perfil o la búsqueda no cuenta, y no se muestra nada mientras el feed está en pausa.
Zero switches this off. Counts every video that comes up in the feed and tells you when you reach the limit. Separate from the auto-advance session limit under Playback, which counts only videos Hushfeed moved past for you.	Cero lo desactiva. Cuenta cada video que aparece en el feed y te avisa al llegar al límite. Es independiente del límite de sesión de avance automático de Reproducción, que solo cuenta los videos que Hushfeed pasó por ti.
Zero switches this off. Count the minutes the player spends running in the feed. Time on messages, a profile or search doesn't count.	Cero lo desactiva. Cuenta los minutos que el reproductor pasa funcionando en el feed. El tiempo en mensajes, un perfil o la búsqueda no cuenta.
collapsed	Contraído
expanded	Expandido
Already active	Ya está activo
Applying Calm feed	Aplicando Feed tranquilo
Calm feed	Feed tranquilo
Calm feed couldn't be applied. Nothing was changed.	No se pudo aplicar Feed tranquilo. No se cambió nada.
Calm feed couldn't start. Try again in a moment.	No se pudo iniciar Feed tranquilo. Vuelve a intentarlo en breve.
Calm feed is on. Restart TikTok to apply all changes.	Feed tranquilo está activado. Reinicia TikTok para aplicar todos los cambios.
Calm feed is on.	Feed tranquilo está activado.
Changed	Cambiado
Hide ads, Shop posts, LIVE videos and replays, promotional music, and paid partnerships.	Oculta anuncios, publicaciones de Tienda, vídeos LIVE y repeticiones, música promocional y colaboraciones pagadas.
On	Activado
On. Restore puts back the feed setup you had before.	Activado. Restaurar recupera la configuración del feed que tenías antes.
Preset	Preajuste
Quick setup	Configuración rápida
Restore setup	Restaurar configuración
Restoring setup	Restaurando configuración
Some Calm feed settings changed. Restore still puts back your earlier setup.	Algunos ajustes de Feed tranquilo han cambiado. Restaurar seguirá recuperando tu configuración anterior.
Use Calm feed	Usar Feed tranquilo
Working	En curso
Your current settings already match Calm feed.	Tus ajustes actuales ya coinciden con Feed tranquilo.
Your previous feed setup couldn't be restored. Nothing was changed.	No se pudo restaurar tu configuración anterior del feed. No se cambió nada.
Your previous feed setup is back. Restart TikTok to apply all changes.	Se ha recuperado tu configuración anterior del feed. Reinicia TikTok para aplicar todos los cambios.
Your previous feed setup is back.	Se ha recuperado tu configuración anterior del feed.
Hide search suggestions above comments	Ocultar sugerencias de búsqueda sobre los comentarios
Compact comment header	Cabecera de comentarios compacta
Easier comment likes	Dar me gusta con más facilidad
Hide the Full screen button	Ocultar el botón de pantalla completa
Hide the Full screen button over videos. Playback and automatic rotation keep working as before.	Oculta el botón de pantalla completa que aparece sobre los videos. La reproducción y la rotación automática siguen funcionando como antes.
Hide location labels	Ocultar etiquetas de ubicación
Hide the search bar below videos	Ocultar la barra de búsqueda bajo los videos
Hide the suggested-search strip above the bottom tabs and let video details and side controls use its space. The top search button and comments stay unchanged.	Oculta la barra de búsquedas sugeridas sobre las pestañas inferiores para que los detalles del video y los controles laterales usen ese espacio. El botón de búsqueda superior y los comentarios no cambian.
Hide place badges on videos, including cards with multiple places. Videos and your location permissions stay unchanged.	Oculta las etiquetas de ubicación de los videos, incluidas las tarjetas con varios lugares. Los videos y tus permisos de ubicación no cambian.
Hide effect and template tags	Ocultar etiquetas de efectos y plantillas
Hide the tags above a video's description that invite you to try an effect, a template, CapCut or an AI style. Location labels and the music line have their own switches.	Oculta las etiquetas sobre la descripción de un video que te invitan a probar un efecto, una plantilla, CapCut o un estilo de IA. Las etiquetas de ubicación y la línea de música tienen sus propios interruptores.
Filter location-tagged videos	Filtrar videos con ubicación
Hide feed videos with place badges, even when they aren't paid ads. To keep the video and hide only its badge, use Hide location labels in Feed screen.	Oculta los videos del feed con etiquetas de ubicación, aunque no sean anuncios pagados. Para conservar el video y ocultar solo su etiqueta, usa Ocultar etiquetas de ubicación en Pantalla del feed.
Location-tagged videos	Videos con ubicación
Makes the heart easier to tap by using the empty space around it. The icon and spacing look the same, and Reply and other buttons keep their own space.	Hace el corazón más fácil de tocar usando el espacio vacío que lo rodea. El icono y el espaciado se ven igual, y Responder y los demás botones conservan su propio espacio.
Hides the comment count, the sort and close buttons and the suggestions above them. Use Back or swipe down to close comments.	Oculta el número de comentarios, los botones de orden y de cerrar y las sugerencias que hay encima. Usa Atrás o desliza hacia abajo para cerrar los comentarios.
Hide TikTok's "Search: ..." banner above the comment count. This doesn't hide the comments or Hushfeed's comment-search box.	Oculta el banner «Buscar: ...» de TikTok sobre el número de comentarios. No oculta los comentarios ni el cuadro de búsqueda de comentarios de Hushfeed.
Hide the Report button on videos	Ocultar el botón Denunciar en los videos
Hide the flag button TikTok puts above the creator's picture in some regions. You can still report a video from the share menu.	Oculta el botón con la bandera que TikTok pone encima de la foto del creador en algunas regiones. Puedes seguir denunciando un video desde el menú de compartir.
Hide search rewards	Ocultar las recompensas de búsqueda
Hide the points banner under the search box and the coin counter floating over search results, which TikTok shows in some regions. Searching works as before.	Oculta el aviso de puntos debajo del cuadro de búsqueda y el contador de monedas que flota sobre los resultados, que TikTok muestra en algunas regiones. La búsqueda funciona como antes.
%1$s hid everything TikTok sent, %2$d times in a row. Turn it off if that's not what you wanted.	%1$s ocultó todo lo que TikTok envió, %2$d veces seguidas. Desactívalo si no era lo que querías.
Show the switch	Mostrar el ajuste


this creator	este creador

%1$s day	%1$s día
%1$s days	%1$s días
%1$s dp	%1$s dp
%1$s millisecond	%1$s milisegundo
%1$s milliseconds	%1$s milisegundos
%1$s minute	%1$s minuto
%1$s minutes	%1$s minutos
%1$s point	%1$s punto
%1$s points	%1$s puntos
%1$s s	%1$s s
%1$s second	%1$s segundo
%1$s seconds	%1$s segundos
%1$s time	%1$s vez
%1$s times	%1$s veces
%1$s video	%1$s vídeo
%1$s videos	%1$s vídeos
%1$s view per comment	%1$s visualización por comentario
%1$s views per comment	%1$s visualizaciones por comentario
%1$s view per like	%1$s visualización por me gusta
%1$s views per like	%1$s visualizaciones por me gusta
%1$s, %2$s, %3$s or %4$s	%1$s, %2$s, %3$s o %4$s
%1$s, %2$s or %3$s	%1$s, %2$s o %3$s
TikTok refused the follow with code %1$s	TikTok rechazó el seguimiento con el código %1$s
TikTok refused the follow with code %1$s. A hidden CAPTCHA may be the cause.	TikTok rechazó el seguimiento con el código %1$s. Puede que la causa sea un CAPTCHA oculto.
TikTok refused the follow: %1$s A hidden CAPTCHA may be the cause.	TikTok rechazó el seguimiento: %1$s Puede que la causa sea un CAPTCHA oculto.
Hushfeed is paused	Hushfeed está en pausa
Hushfeed runtime changes are paused. Your settings stay saved. Changes built into the APK remain.	Los cambios de Hushfeed que se aplican durante la ejecución están en pausa. Tus ajustes siguen guardados. Los cambios integrados en el APK permanecen.
TikTok closed three times within a minute of starting, so Hushfeed paused itself. Your settings stay as they are.	TikTok se cerró tres veces en el primer minuto después de abrirse, así que Hushfeed se pausó solo. Tus ajustes se quedan como están.
A file named hushfeed-safe-mode in TikTok's folder under Android/data paused Hushfeed. Your settings stay as they are.	Un archivo llamado hushfeed-safe-mode en la carpeta de TikTok dentro de Android/data pausó Hushfeed. Tus ajustes se quedan como están.
Turn Hushfeed back on	Volver a activar Hushfeed
Pause Hushfeed	Pausar Hushfeed
Pause runtime changes after restarting TikTok. Your settings stay saved. Changes built into the APK remain.	Pausa los cambios que se aplican durante la ejecución después de reiniciar TikTok. Tus ajustes siguen guardados. Los cambios integrados en el APK permanecen.
Hushfeed turns back on when TikTok restarts.	Hushfeed vuelve a activarse cuando TikTok se reinicie.
The file hushfeed-safe-mode couldn't be removed. Delete it from TikTok's folder under Android/data to turn Hushfeed back on.	No se pudo quitar el archivo hushfeed-safe-mode. Bórralo de la carpeta de TikTok dentro de Android/data para volver a activar Hushfeed.
Hide TikTok Shop in search	Ocultar TikTok Shop en la búsqueda
Hide the Products block and product cards in search results.	Ocultar el bloque de Productos y las tarjetas de producto en los resultados de búsqueda.
Hide TikTok's Auto scroll button	Ocultar el botón Auto scroll de TikTok
Takes TikTok's own Auto scroll action out of the video panel. Auto-advance keeps working.	Quita la acción Auto scroll de TikTok del panel del vídeo. Los vídeos siguen avanzando automáticamente.
Hide the unread badges on the bottom tabs	Ocultar las insignias de no leídos en las pestañas inferiores
Hide the red counts and dots on every bottom tab, Inbox and Profile included. The inbox itself still shows what came in.	Oculta los contadores y puntos rojos de todas las pestañas inferiores, incluidas Bandeja de entrada y Perfil. La bandeja de entrada sigue mostrando lo que ha llegado.
Speed while you hold the video	Velocidad mientras mantienes pulsado el vídeo
Hide mini dramas	Ocultar minidramas
Hide TikTok's short drama episodes and the cards that promote them.	Ocultar los episodios de dramas cortos de TikTok y las tarjetas que los promocionan.
Mini dramas	Minidramas
Swipe left	Deslizar a la izquierda
TikTok default (open the creator's profile)	Predeterminado de TikTok (abrir el perfil del creador)
Saving %1$s of %2$s	Guardando %1$s de %2$s
Stopping after this file	Se detendrá después de este archivo
Waiting to save %1$s files	Esperando para guardar %1$s archivos
Waiting to save one file	Esperando para guardar un archivo
Save cancelled. Nothing was saved.	Guardado cancelado. No se guardó nada.
The server asked us to wait. Try again later.	El servidor nos pidió que esperáramos. Inténtalo más tarde.
Saved %1$s of %2$s. The server asked us to wait. Try again later.	Se guardaron %1$s de %2$s. El servidor nos pidió que esperáramos. Inténtalo más tarde.
One more save waiting	Un guardado más en espera
%1$s more saves waiting	%1$s guardados más en espera
Starts after one other save	Empieza después de otro guardado
Starts after %1$s other saves	Empieza después de otros %1$s guardados
# context: the banner the next start shows when TikTok closed before some saves ended. A heading, then one line per save: the kind of save, a colon, and how many of its files didn't finish. It must not promise the save will carry on by itself.
TikTok closed during these saves	TikTok se cerró durante estos guardados
%1$s: didn't finish	%1$s: no terminó
%1$s: one of %3$s files didn't finish	%1$s: uno de %3$s archivos no terminó
%1$s: %2$s of %3$s files didn't finish	%1$s: %2$s de %3$s archivos no terminaron
%1$s: might not have finished	%1$s: puede que no haya terminado
%1$s: one of %3$s files might not have finished	%1$s: puede que uno de %3$s archivos no haya terminado
%1$s: %2$s of %3$s files might not have finished	%1$s: puede que %2$s de %3$s archivos no hayan terminado
And one more save	Y otro guardado
And %1$s more saves	Y otros %1$s guardados
Original photos	Fotos originales
Story	Historia
Original sound	Sonido original
Profile picture	Foto de perfil
Live photo clip	Clip de la foto en vivo
Media save	Guardado de contenido
Saved %1$s of %2$s, the rest cancelled	Se guardaron %1$s de %2$s, el resto se canceló
Saved %1$s of %2$s, %3$s skipped	Se guardaron %1$s de %2$s, %3$s omitidos
Saved %1$s of %2$s, %3$s skipped and the rest cancelled	Se guardaron %1$s de %2$s, %3$s omitidos y el resto cancelado
None of the photos could be saved. Try again.	No se pudo guardar ninguna de las fotos. Inténtalo de nuevo.
Saved %1$s of %2$s, the rest need more free space	Se guardaron %1$s de %2$s, el resto necesita más espacio libre
Saved %1$s of %2$s, the rest ran out of time	Se guardaron %1$s de %2$s, al resto se le acabó el tiempo
Live photo clip saved to %1$s	Clip de la foto en vivo guardado en %1$s
The live photo's clip couldn't be saved. Try again.	No se pudo guardar el clip de la foto en vivo. Inténtalo de nuevo.
Creator exceptions	Excepciones de creadores
An exception names one creator, so a pattern can't be one: %1$s	Una excepción nombra a un creador, así que un patrón no puede serlo: %1$s
An exception takes a handle or id, not a display name: %1$s	Una excepción toma un nombre de cuenta o un id, no un nombre para mostrar: %1$s
Also on a block list, so still hidden: %1$s	También está en una lista de bloqueo, así que sigue oculto: %1$s
Find the sound on YouTube Music	Buscar el sonido en YouTube Music
YouTube Music isn't installed	YouTube Music no está instalado
This video's sound has no title to look for	El sonido de este video no tiene título que buscar
YouTube Music couldn't be opened. Open it yourself and search for the sound.	No se pudo abrir YouTube Music. Ábrelo tú mismo y busca el sonido.
Allow storage for TikTok in Android settings to save the live photo's clip	Permite el almacenamiento para TikTok en los ajustes de Android para guardar el clip de la foto en vivo
This is the video's own sound, so YouTube Music won't have it	Este es el sonido propio del video, así que YouTube Music no lo tendrá
Not a handle or id, so ignored: %1$s	No es un nombre de cuenta ni un id, así que se ignora: %1$s
What's new	Novedades
Changes in Hushfeed %1$s	Cambios en Hushfeed %1$s
Reviewed presets	Ajustes verificados
Show See translation	Mostrar la opción de traducir
Reviewed for TikTok %1$s	Verificado para TikTok %1$s
Value: %1$s to %2$s	Valor: de %1$s a %2$s
The presets couldn't load. Open the Lab again.	No se pudieron cargar los ajustes. Abre el laboratorio de nuevo.
Apply enables these overrides. Undo last Lab change puts your previous rules back until you change anything else in the Lab.	Aplicar activa estas modificaciones. Deshacer el último cambio del Lab recupera tus reglas anteriores hasta que cambies otra cosa en el Lab.
Apply saves these overrides. Turn on overrides in the Lab to use them. Turning them on is a Lab change too, so after that Undo turns them off rather than putting your previous rules back.	Aplicar guarda estas modificaciones. Actívalas en el Lab para usarlas. Activarlas también es un cambio del Lab, así que después Deshacer las desactiva en vez de recuperar tus reglas anteriores.
This preset isn't available for your installed TikTok version.	Este ajuste no está disponible para tu versión instalada de TikTok.
Preset applied. Restart TikTok to use it.	Ajuste aplicado. Reinicia TikTok para usarlo.
Preset saved. Turn on overrides in the Lab to use it.	Ajuste guardado. Activa las modificaciones en el laboratorio para usarlo.
This preset doesn't match the installed gates. Nothing changed.	Este ajuste no coincide con las opciones instaladas. No se cambió nada.
About overrides	Acerca de las sustituciones
Use {creator}, {date} and {video_id} to build the name. Start with {creator}/ to put each creator in a folder. The file ending is added for you.	Usa {creator}, {date} y {video_id} para formar el nombre. Empieza con {creator}/ para poner a cada creador en su propia carpeta. La extensión del archivo se añade sola.
Save details beside the video	Guardar detalles junto al video
Saves the caption, creator, link and post date in a text file next to the video. On Android 10 and later, the pair goes in Download or Documents under the same folder name. Applies to saves made by Hushfeed.	Guarda la descripción, el creador, el enlace y la fecha de publicación en un archivo de texto junto al video. En Android 10 y posteriores, el par va a Download o Documents con el mismo nombre de carpeta. Se aplica a los guardados hechos por Hushfeed.
Check for already-saved videos	Comprobar videos ya guardados
Forget saved videos	Olvidar los vídeos guardados
Undo forgetting saved videos	Deshacer el olvido de los vídeos guardados
Forget which videos Hushfeed saved here, so the already-saved check starts over. The saved files and your settings stay. Turning the check off doesn't erase this record.	Olvida qué vídeos guardó Hushfeed aquí, para que la comprobación de vídeos ya guardados empiece de nuevo. Los archivos guardados y tus ajustes se quedan. Desactivar la comprobación no borra este registro.
Forgetting saved videos	Olvidando los vídeos guardados
Putting the saved videos back	Recuperando los vídeos guardados
Forgotten. Tap to put them back.	Olvidados. Toca para recuperarlos.
Saved videos forgotten. The files are still there.	Vídeos guardados olvidados. Los archivos siguen ahí.
There were no saved videos to forget	No había vídeos guardados que olvidar
Couldn't forget the saved videos. Try again.	No se pudieron olvidar los vídeos guardados. Inténtalo de nuevo.
Saved videos put back	Vídeos guardados recuperados
Couldn't put the saved videos back. Try again.	No se pudieron recuperar los vídeos guardados. Inténtalo de nuevo.
Too late to put the saved videos back	Ya es tarde para recuperar los vídeos guardados
Remembers up to %1$s videos you saved here. If the file is still there, you get Open or Save again instead of a second copy.	Recuerda hasta %1$s videos que guardaste aquí. Si el archivo sigue ahí, ves Abrir o Guardar de nuevo en lugar de una segunda copia.
This video is already saved. Open TikTok to save another copy.	Este video ya está guardado. Abre TikTok para guardar otra copia.
This video is already saved	Este video ya está guardado
Save again	Guardar de nuevo
The saved-video choice couldn't open. Try again.	No se pudieron abrir las opciones del video guardado. Inténtalo de nuevo.
The saved-video choice is still open	Las opciones del video guardado siguen abiertas
This video isn't available as a complete file. Try again later.	Este video no está disponible como archivo completo. Inténtalo más tarde.
Saving video to %1$s	Guardando video en %1$s
Video and details saved to %1$s	Video y detalles guardados en %1$s
The video was saved, but its record couldn't be updated. A later save may make another copy.	El video se guardó, pero no se pudo actualizar su registro. Si lo guardas de nuevo, puede crearse otra copia.
The already-saved check failed. Try again.	No se pudieron comprobar los videos ya guardados. Inténtalo de nuevo.
Show download progress	Mostrar progreso de descarga
Show a progress bar while a video saves.	Muestra una barra de progreso mientras se guarda un vídeo.
Saving video	Guardando vídeo
Waiting to save video	Esperando para guardar el vídeo
Saving video: %1$s	Guardando vídeo: %1$s
Saving %1$s of %2$s: %3$s	Guardando %1$s de %2$s: %3$s
Couldn't save the change. Try again.	No se pudo guardar el cambio. Inténtalo de nuevo.
Off. TikTok can report views and typing.	Desactivado. TikTok puede informar de las visualizaciones y de que estás escribiendo.
Hushfeed is paused. Ghost mode isn't active.	Hushfeed está en pausa. El modo fantasma no está activo.
Problem detected. Story views may still be reported. Check Ghost mode diagnostics. The warning stays until TikTok restarts.	Se detectó un problema. Las visualizaciones de historias podrían seguir notificándose. Consulta el diagnóstico del modo fantasma. La advertencia se mantiene hasta reiniciar TikTok.
Hushfeed blocked TikTok's reports here. It hasn't confirmed that you stay off viewer lists.	Hushfeed bloqueó aquí los informes de TikTok. Aún no ha confirmado que no apareces en las listas de espectadores.
On. Hushfeed hasn't seen TikTok send any reports since it started.	Activado. Hushfeed no ha visto que TikTok envíe ningún informe desde que se inició.
Ghost mode diagnostics	Diagnóstico del modo fantasma
The partial file couldn't be removed. Delete it from the folder you chose.	No se pudo eliminar el archivo incompleto. Bórralo de la carpeta que elegiste.
The backup didn't start and its partial file couldn't be removed. Delete it from the folder you chose.	La copia de seguridad no se inició y no se pudo eliminar el archivo incompleto. Bórralo de la carpeta que elegiste.
Problem detected.	Se detectó un problema.
Couldn't save these choices. Try again.	No se pudieron guardar estas opciones. Inténtalo de nuevo.
Clearing seen videos	Borrando los vídeos vistos
Couldn't clear seen videos. Try again.	No se pudieron borrar los vídeos vistos. Inténtalo de nuevo.
Keep playing in the background	Seguir reproduciendo en segundo plano
The video you're watching keeps playing to its end after you leave TikTok or turn the screen off, with TikTok's own media notification to pause it. TikTok's background play switch stays on while this is on. Restart TikTok to apply this.	El video que estás viendo sigue reproduciéndose hasta el final cuando sales de TikTok o apagas la pantalla, y puedes pausarlo desde la notificación multimedia de TikTok. El interruptor de reproducción en segundo plano de TikTok sigue activado mientras esto esté activado. Reinicia TikTok para que se aplique.
Keep playing in the background is on in Hushfeed's Playback settings, so TikTok gets 2 for this key and an override here has no effect until that switch is off.	Seguir reproduciendo en segundo plano está activado en los ajustes de Reproducción de Hushfeed, así que TikTok recibe 2 para esta clave y una sustitución aquí no tiene efecto hasta que desactives ese interruptor.
2, from Keep playing in the background	2, por Seguir reproduciendo en segundo plano
Let the last video finish	Dejar terminar el último vídeo
When the budget runs out, the video on screen plays to its end before the hold starts, and you can't swipe to another video meanwhile. If the fade already dimmed the feed, the hold starts right away. Needs a hold. It waits %1$d minutes at most.	Cuando se acaba el presupuesto, el video en pantalla se reproduce hasta el final antes de que empiece el bloqueo, y mientras tanto no puedes deslizar a otro video. Si el desvanecimiento ya atenuó el feed, el bloqueo empieza enseguida. Necesita un bloqueo. Espera %1$d minutos como máximo.
The feed stops when this video ends.	El feed se detiene cuando termine este vídeo.
Streak	Racha
Keep a streak going	Mantener una racha
Who to message	A quién escribir
When to send	Cuándo enviar
The time of day the message goes out.	La hora del día a la que sale el mensaje.
Message	Mensaje
What gets sent each day.	Lo que se envía cada día.
Send it now	Enviar ahora
Sends today's message right away. The daily one then waits for tomorrow.	Envía el mensaje de hoy ahora mismo. El diario espera entonces a mañana.
Turn on Keep a streak going first	Activa primero Mantener una racha
Sending the message	Enviando el mensaje
A message is already on its way	Ya hay un mensaje en camino
Enter who to message below to start.	Escribe abajo a quién enviar para empezar.
Next message: today at %1$s.	Próximo mensaje: hoy a las %1$s.
Next message: tomorrow at %1$s.	Próximo mensaje: mañana a las %1$s.
No chat with @%1$s turned up on this account. Open your chat with them once, then try again.	No apareció ningún chat con @%1$s en esta cuenta. Abre tu chat con esa persona una vez y vuelve a intentarlo.
Nobody was signed in to TikTok. Sign in, and it tries again at %1$s.	No había nadie con la sesión iniciada en TikTok. Inicia sesión y se vuelve a intentar a las %1$s.
A different account is signed in. Switch back to the one you set this up on, or enter who to message again.	Hay otra cuenta con la sesión iniciada. Vuelve a la cuenta en la que lo configuraste o escribe de nuevo a quién enviar.
TikTok's messages didn't start in time. It tries again at %1$s.	Los mensajes de TikTok no arrancaron a tiempo. Se vuelve a intentar a las %1$s.
The message didn't go through. It tries again at %1$s.	El mensaje no se envió. Se vuelve a intentar a las %1$s.
Found %1$s in your chats.	%1$s está en tus chats.
Pass TikTok's install checks	Pasar las comprobaciones de instalación de TikTok
TikTok checks how it was signed and installed. This answers those checks the way the Play Store version would. Try it if follows or likes undo themselves after a refresh. It may not help, since TikTok has other checks.	TikTok comprueba cómo se firmó y se instaló. Esto responde a esas comprobaciones como lo haría la versión de Play Store. Pruébalo si los seguimientos o los me gusta se deshacen solos tras actualizar. Puede que no ayude, porque TikTok tiene otras comprobaciones.
Add apps to Share via	Añadir apps a Compartir con
Pick apps to add to the Share via row, before More. Each gets the same link the other apps get.	Elige apps para añadir a la fila Compartir con, antes de Más. Cada una recibe el mismo enlace que las demás apps.
Search apps	Buscar apps
Looking for apps	Buscando apps
No other app takes shared text	Ninguna otra app acepta texto compartido
Install one, then come back here.	Instala una y vuelve aquí.
No apps match this search	Ninguna app coincide con esta búsqueda
LIVE feed	Feed de LIVE
Filter the LIVE feed	Filtrar el feed de LIVE
Hides rooms in the LIVE feed you swipe through, using the rules below. Blocked creators, Creators hidden on this phone and Creator exceptions apply here too, and Blocked caption words are checked against each LIVE's title. The first room the LIVE button opens isn't filtered. If every room would be hidden, one gets through so the feed keeps loading.	Oculta salas del feed de LIVE por el que deslizas, según las reglas de abajo. Los «Creadores bloqueados», los «Creadores ocultos en este dispositivo» y las «Excepciones de creadores» también se aplican aquí, y las «Palabras bloqueadas en las descripciones» se comparan con el título de cada LIVE. La primera sala que abre el botón LIVE no se filtra. Si se ocultaran todas las salas, una pasa para que el feed siga cargando.
Hide gaming LIVEs	Ocultar LIVE de videojuegos
Hide LIVEs that TikTok tags with a game or a gaming category.	Ocultar los LIVE que TikTok marca con un juego o una categoría de videojuegos.
Hide shopping LIVEs	Ocultar LIVE de compras
Hide LIVEs that sell products or carry a TikTok Shop tag.	Ocultar los LIVE que venden productos o llevan una etiqueta de TikTok Shop.
Hide sponsored LIVEs	Ocultar LIVE patrocinados
Hide LIVEs that TikTok labels as a paid partnership or promotional content.	Ocultar los LIVE que TikTok marca como colaboración pagada o contenido promocional.
Hide verified creators' LIVEs	Ocultar LIVE de creadores verificados
Hide LIVEs hosted by verified accounts.	Ocultar los LIVE de cuentas verificadas.
Hidden LIVE categories	Categorías de LIVE ocultas
Separate words with commas, like music, chat. A LIVE is hidden when its category, topic tags or game name contains one. Capital letters don't matter.	Separa las palabras con comas, como music, chat. Un LIVE se oculta cuando su categoría, sus etiquetas de tema o el nombre del juego contienen una. Las mayúsculas no importan.
LIVE viewers range	Rango de espectadores de LIVE
Show only LIVEs with this many people watching.	Mostrar solo los LIVE con este número de espectadores.
LIVE followers range	Rango de seguidores de LIVE
Show only LIVEs from creators with this many followers.	Mostrar solo los LIVE de creadores con este número de seguidores.
Hide the comment bar on opened videos	Ocultar la barra de comentarios en los videos abiertos
Hide the Clear display controls	Ocultar también los controles que quedan en Controles ocultos
While Clear display is on, also hide the progress bar, the close button and the pause and speed buttons at the bottom. You can still drag along the bottom edge to move through the video. To leave Clear display, press and hold the video and tap Restore display, or pinch the screen.	Con Controles ocultos activado, oculta también la barra de progreso, el botón de cerrar y los botones de pausa y velocidad de abajo. Aún puedes arrastrar por el borde inferior para moverte por el video. Para salir de Controles ocultos, mantén presionado el video y toca Restaurar pantalla, o pellizca la pantalla.
Take the Add comment bar off videos you open from a profile, a hashtag, a sound or search, so the video fills the screen down to the bottom. The comment button on the right still opens comments.	Quita la barra para escribir un comentario de los videos que abres desde un perfil, un hashtag, un sonido o la búsqueda, para que el video ocupe la pantalla hasta abajo. El botón de comentarios de la derecha sigue abriendo los comentarios.
Build details	Detalles de la compilación
Copy or save which patches and options this Hushfeed was built with.	Copia o guarda con qué parches y opciones se creó este Hushfeed.
Copy build details	Copiar detalles de la compilación
Save build details	Guardar detalles de la compilación
Build details copied to the clipboard	Detalles de la compilación copiados al portapapeles
Sends one message a day to each person below at the time below, so your streaks keep going on days you don't open TikTok.	Envía un mensaje al día a cada persona de abajo a la hora indicada, para mantener tus rachas los días que no abres TikTok.
Their usernames, separated by commas or new lines. Each person must already have a chat with you.	Sus nombres de usuario, separados por comas o saltos de línea. Ya debes tener un chat con cada persona.
Delivery unconfirmed: %1$d/%2$d chats. Those chats won't be retried today.	Entrega sin confirmar: %1$d/%2$d chats. No se volverá a intentar en esos chats hoy.
Delivery unconfirmed: %1$d/%2$d chats. Remaining chats still need a message.	Entrega sin confirmar: %1$d/%2$d chats. Los demás chats todavía necesitan un mensaje.
Sent to %1$d/%2$d chats. They won't get another message today.	Enviado a %1$d/%2$d chats. Hoy no recibirán otro mensaje.
Sent to %1$d/%2$d chats. The rest still need a message.	Enviado a %1$d/%2$d chats. Los demás chats todavía necesitan un mensaje.
TikTok may have taken this message. Delivery isn't confirmed, so it won't be retried today.	Es posible que TikTok haya aceptado este mensaje. La entrega no está confirmada, así que no se volverá a intentar hoy.
Nothing was sent. Check the streak settings and try again.	No se envió nada. Revisa los ajustes de rachas e inténtalo de nuevo.
Don't save new searches	No guardar búsquedas nuevas
Keep what you search for out of the search history TikTok saves on this phone. Searches already there stay until you delete them, and TikTok's servers may still keep their own record.	Evita que lo que buscas se añada al historial de búsqueda que TikTok guarda en este teléfono. Las búsquedas que ya están se conservan hasta que las borres, y los servidores de TikTok pueden seguir guardando su propio registro.
Block suggested video notifications	Bloquear las notificaciones de videos sugeridos
Stop the notifications TikTok sends about popular videos it picked for you. Messages, comments, likes, follows and videos from accounts you follow still come through.	Detiene las notificaciones que TikTok envía sobre videos populares que eligió para ti. Los mensajes, comentarios, Me gusta, nuevos seguidores y videos de las cuentas que sigues siguen llegando.
Buttons on videos	Botones en los videos

Seen videos put back: %1$s of %2$s	Vídeos vistos recuperados: %1$s de %2$s
No cleared videos fit the current history limits.	Ningún vídeo borrado cabe dentro de los límites actuales del historial.
Putting seen videos back	Recuperando vídeos vistos
# context: a line above the What's new release notes, which come from the English changelog and are not translated.
These notes are in English.	Estas notas están en inglés.
Still waiting for the file app. Tap to stop waiting.	Todavía esperando a la app de archivos. Toca para dejar de esperar.
Stopped waiting for the file app. Nothing was changed.	Se dejó de esperar a la app de archivos. No se cambió nada.
Stopped waiting for the file app. It hasn't said yet whether the backup was saved.	Se dejó de esperar a la app de archivos. Todavía no ha dicho si la copia de seguridad se guardó.
The backup wasn't saved. Back up again when the file app is ready.	La copia de seguridad no se guardó. Vuelve a hacerla cuando la app de archivos esté lista.
The file app still has the last file. Try again once it lets go, or restart TikTok.	La app de archivos todavía tiene el último archivo. Inténtalo de nuevo cuando lo suelte o reinicia TikTok.
Waiting for the file app to let go of the last file. Restart TikTok if it doesn't.	Esperando a que la app de archivos suelte el último archivo. Reinicia TikTok si no lo hace.
Stopped waiting for the file app. Nothing was imported.	Se dejó de esperar a la app de archivos. No se importó nada.
The last report is still being saved	Todavía se está guardando el último informe
Still waiting for the file app.	Todavía esperando a la app de archivos.
Stop waiting	Dejar de esperar
Stopped waiting for the file app. Nothing was exported.	Se dejó de esperar a la app de archivos. No se exportó nada.
Stopped waiting for the file app. It hasn't said yet whether the export was saved.	Se dejó de esperar a la app de archivos. Todavía no ha dicho si la exportación se guardó.
The export wasn't saved. Export again when the file app is ready.	La exportación no se guardó. Vuelve a exportar cuando la app de archivos esté lista.
Hide unpersonalized For You videos	Ocultar vídeos de Para ti no personalizados
Hide the fill-in videos TikTok sends to For You without picking them for you. When a whole batch is fill-in, it stays so the feed doesn't run dry.	Ocultar los vídeos de relleno que TikTok manda a Para ti sin elegirlos para ti. Si todo un lote es de relleno, se queda para que el feed no se quede vacío.
Unpersonalized For You videos	Vídeos de Para ti no personalizados
Reviewed presets for TikTok %1$s	Ajustes verificados para TikTok %1$s
No presets have been reviewed for TikTok %1$s yet	Todavía no hay ajustes verificados para TikTok %1$s
Repost with a comment	Republicar con un comentario
Profile banner and new profile layout	Banner de perfil y nuevo diseño de perfil
Comment with live photos, the camera or audio	Comentar con fotos en vivo, la cámara o audio
Save comments to Favorites	Guardar comentarios en Favoritos
Comment sort and dislike styles	Orden de comentarios y estilos de No me gusta
Message bubble colors, Inbox archive and sharing to more chats	Colores de las burbujas de mensajes, archivo de la Bandeja de entrada y compartir con más chats
Manage topics	Gestionar temas
Visual search	Búsqueda visual
AI Self	AI Self
Long-press menu on every post	Menú de pulsación larga en cada publicación
TikTok's hold to speed up	Mantener pulsado para acelerar de TikTok
TikTok's background play and auto-scroll	Reproducción en segundo plano y desplazamiento automático de TikTok
Post dates in the feed	Fechas de publicación en el feed
Show exact counts	Mostrar cifras exactas
Show counts as full numbers, like 1,234,567 instead of 1.2M.	Muestra las cifras completas, como 1.234.567 en lugar de 1.2M.
Play SDR instead of HDR	Reproducir SDR en lugar de HDR
HDR videos light the screen extra bright. This plays the standard (SDR) version instead, so the screen doesn't jump to full brightness. Videos with no standard version still play in HDR.	Los videos HDR iluminan la pantalla de más. Esto reproduce en su lugar la versión estándar (SDR), para que la pantalla no salte al brillo máximo. Los videos sin versión estándar se siguen reproduciendo en HDR.
Remove story rings	Quitar los anillos de historias
Take the story ring off profile pictures on the feed, in comments and on profiles. Tapping a picture opens the profile instead of the story.	Quitar el anillo de historia de las fotos de perfil en el feed, en los comentarios y en los perfiles. Al tocar una foto se abre el perfil en vez de la historia.
Remove the LIVE ring	Quitar el anillo de LIVE
Take the pulsing LIVE ring off profile pictures on the feed and in comments. Tapping the picture of a creator who's live opens their profile instead of the LIVE.	Quitar el anillo pulsante de LIVE de las fotos de perfil en el feed y en los comentarios. Al tocar la foto de alguien que está en directo se abre su perfil en vez del LIVE.
Writing	Escribir
Lift text length limits	Quitar los límites de longitud del texto
Let comments, repost notes and your bio run past the length TikTok's app stops at. TikTok's servers can still turn down a long one.	Deja que los comentarios, las notas de reposts y tu biografía pasen del largo en el que se detiene la app de TikTok. Los servidores de TikTok aún pueden rechazar uno largo.
Show only mutual friends on the Friends tab	Mostrar solo amigos mutuos en la pestaña Amigos
On the Friends tab, hide posts, reposts and LIVEs from accounts that aren't a mutual follow, suggested accounts included. Your own posts stay.	En la pestaña Amigos, ocultar publicaciones, reposts y LIVE de cuentas con las que no os seguís mutuamente, incluidas las sugeridas. Tus propias publicaciones se quedan.
Show follow status	Mostrar el estado de seguimiento
Under the @username on a profile, say whether it follows you or doesn't follow you back. Follower and following lists mark the accounts you follow that don't follow you back.	Bajo el @usuario de un perfil, indicar si te sigue o no te sigue de vuelta. Las listas de seguidores y seguidos marcan las cuentas que sigues que no te siguen de vuelta.
Follows you	Te sigue
Doesn't follow you back	No te sigue de vuelta
Copy bio and IDs	Copiar biografía e ID
Long-press a bio to copy it. A profile's share sheet gets buttons that copy its username and user ID, and a video's share sheet one that copies the video ID.	Mantén pulsada una biografía para copiarla. El menú de compartir de un perfil recibe botones que copian su nombre de usuario y su ID de usuario, y el de un video uno que copia el ID del video.
Bio copied	Biografía copiada
Username copied	Nombre de usuario copiado
User ID copied	ID de usuario copiado
Video ID copied	ID del video copiado
Copy username	Copiar nombre de usuario
Copy user ID	Copiar ID de usuario
Copy video ID	Copiar ID del video
Prefer H.264 video	Preferir vídeo H.264
Picks the older H.264 video format when TikTok also offers a newer one (HEVC or ByteVC2). It helps phones that stutter or run hot. Videos without an H.264 version still play.	Elige el formato de video H.264, más antiguo, cuando TikTok también ofrece uno más nuevo (HEVC o ByteVC2). Ayuda a los teléfonos que se traban o se calientan. Los videos sin versión H.264 se siguen reproduciendo.
Show engagement rate	Mostrar la tasa de interacción
Show likes, comments, shares and saves as a percentage of views, next to the creator's name and after the view count on profile grids.	Mostrar los me gusta, comentarios, compartidos y guardados como porcentaje de las visualizaciones, junto al nombre del creador y tras el número de visualizaciones en la cuadrícula del perfil.
App lock	Bloqueo de la app
Lock TikTok	Bloquear TikTok
Ask for the unlock your phone uses, like a fingerprint or a PIN, when TikTok starts and when you come back to it. A link you open from another app still goes to its video once you unlock. While this is on, TikTok's preview in recent apps stays blank. Needs a screen lock on the phone.	Pide el desbloqueo que usa tu teléfono, como la huella o un PIN, cuando TikTok se inicia y cuando vuelves a él. Un enlace que abras desde otra app sigue llevando a su video después de desbloquear. Mientras esto esté activado, la vista previa de TikTok en las apps recientes queda en blanco. Necesita un bloqueo de pantalla en el teléfono.
Lock again after	Volver a bloquear después de
Right away	De inmediato
After 1 minute	Después de 1 minuto
After 5 minutes	Después de 5 minutos
After 15 minutes	Después de 15 minutos
Unlock TikTok	Desbloquear TikTok
Use screen lock	Usar bloqueo de pantalla
TikTok is locked	TikTok está bloqueado
Unlock	Desbloquear
TikTok isn't locked because this phone has no screen lock	TikTok no está bloqueado porque este teléfono no tiene bloqueo de pantalla
Save photo posts as a video	Guardar publicaciones de fotos como vídeo
On a one-photo post, Download video makes an MP4 with the post's sound and no TikTok logo or end card. On a post with several photos, Download asks if you want the originals or one video.	En una publicación con una foto, Descargar video crea un MP4 con el sonido de la publicación y sin logo de TikTok ni tarjeta final. En una publicación con varias fotos, Descargar pregunta si quieres los originales o un solo video.
Seconds per photo	Segundos por foto
How long each photo stays on screen in a video made from a photo post.	Cuánto tiempo se ve cada foto en un vídeo hecho a partir de una publicación de fotos.
Save photos or a video?	¿Guardar fotos o un vídeo?
Save photos	Guardar fotos
Save as video	Guardar como vídeo
Making a video of the photos	Creando un vídeo con las fotos
Saved the photos as a video in %1$s	Fotos guardadas como vídeo en %1$s
Saved the photos as a video in %1$s. The sound couldn't be added, so it's silent.	Fotos guardadas como vídeo en %1$s. No se pudo añadir el sonido, así que no tiene audio.
The video couldn't be made from these photos. Try again.	No se pudo crear el vídeo con estas fotos. Inténtalo de nuevo.
Video of photos	Vídeo de fotos
# context: search words for the Log diagnostics switch. Never shown, only matched when someone searches settings. Give the words people type for debug logging in this language, separated by spaces.
debug debugging logs logging	depurar depuración registros logs
Export comments	Exportar comentarios
Adds Export CSV and Export JSON buttons under the search box, so Search within comments must be on. They save the comments and replies loaded so far to a file you pick. Open the reply threads you want first.	Añade los botones Export CSV y Export JSON bajo el cuadro de búsqueda, así que Buscar en los comentarios debe estar activado. Guardan en un archivo que elijas los comentarios y respuestas cargados hasta ahora. Abre antes los hilos de respuestas que quieras.
Export CSV	Exportar CSV
Export JSON	Exportar JSON
1 comment or reply loaded	1 comentario o respuesta cargado
%1$d comments and replies loaded	%1$d comentarios y respuestas cargados
No comments are loaded to export yet.	Aún no hay comentarios cargados para exportar.
Exported %1$d comments and %2$d replies	Se exportaron %1$d comentarios y %2$d respuestas
Comment export failed	No se pudo exportar los comentarios
Some of these notes are in English.	Algunas de estas notas están en inglés.
More than %1$d comments were loaded, so the rest aren't in the file.	Había más de %1$d comentarios cargados, así que el resto no está en el archivo.
Lock the feed	Bloquear el feed
For You, Following and the other feed tabs stay behind a calm panel and won't swipe. Messages, profiles and search work as usual, a link to one video still opens that video, and the app opens on Inbox instead of the feed.	Para ti, Siguiendo y las demás pestañas del feed quedan tras un panel tranquilo y no se deslizan. Los mensajes, los perfiles y la búsqueda funcionan como siempre, un enlace a un vídeo sigue abriendo ese vídeo, y la app se abre en la bandeja de entrada en lugar de en el feed.
The feed is locked	El feed está bloqueado
Block popups	Bloquear ventanas emergentes
Pick the popups to stop. The list holds the ones TikTok has tried to show on this phone, so a popup appears here after its first showing. CAPTCHA, verification, sign-in, age, ban and legal consent screens are never listed or blocked.	Elige las ventanas emergentes que quieres detener. La lista incluye las que TikTok ha intentado mostrar en este teléfono, así que una aparece aquí tras su primera aparición. Las pantallas de CAPTCHA, verificación, inicio de sesión, edad, bloqueo y consentimiento legal nunca se enumeran ni se bloquean.
No popups have been seen yet	Aún no se ha visto ninguna ventana emergente
Use TikTok for a while. A popup shows up here after TikTok first tries to show it.	Usa TikTok un rato. Una ventana emergente aparece aquí cuando TikTok intenta mostrarla por primera vez.
Fade the video controls	Atenuar los controles del vídeo
Fade the buttons, caption and tabs over the video to this level instead of hiding them. 100 leaves them as TikTok draws them. Faded controls still take taps. At 0 the buttons and caption are hidden, and the tabs stay at 10.	Atenúa los botones, la descripción y las pestañas sobre el vídeo hasta este nivel en lugar de ocultarlos. Con 100 quedan como los dibuja TikTok. Los controles atenuados siguen respondiendo al toque. Con 0 los botones y la descripción se ocultan, y las pestañas se quedan en 10.
Loop a story	Repetir una historia
Replay a story from the start when it ends instead of moving to the next one. Tap or swipe to move on.	Repite una historia desde el principio al terminar en lugar de pasar a la siguiente. Toca o desliza para avanzar.
Hold a photo story	Mantener una historia con foto
Keep a photo story on screen until you tap or swipe, instead of moving on after a few seconds.	Mantiene una historia con foto en pantalla hasta que toques o deslices, en lugar de avanzar tras unos segundos.
Store TikTok thinks it came from	Tienda de la que TikTok cree que viene
Play Store	Play Store
Galaxy Store	Galaxy Store
AppGallery	AppGallery
Amazon Appstore	Amazon Appstore
Swipe for brightness and volume	Deslizar para el brillo y el volumen
Drag up or down along the left or right edge of a video to change what that edge strip is set to below. By default that's the screen brightness on the left and the volume on the right. Swiping anywhere else still scrolls the feed.	Desliza hacia arriba o abajo por el borde izquierdo o derecho de un vídeo para cambiar lo que tenga asignado esa franja lateral más abajo. De forma predeterminada es el brillo de la pantalla a la izquierda y el volumen a la derecha. En cualquier otro sitio el feed sigue desplazándose igual.
Edge strip width	Ancho de las franjas laterales
How wide each edge strip is, as a percent of the screen width.	Ancho de cada franja lateral, como porcentaje del ancho de la pantalla.
Brightness	Brillo
Volume	Volumen
Left edge strip	Franja lateral izquierda
Right edge strip	Franja lateral derecha
Stop search results playing on their own	Que los resultados de búsqueda no se reproduzcan solos
Videos in search results show their cover and play when you open them. The feed and the videos you open play as usual.	Los videos de los resultados de búsqueda muestran su portada y se reproducen cuando los abres. El feed y los videos que abres se reproducen como siempre.
In a chat	En un chat
Hide call buttons	Ocultar los botones de llamada
The voice and video call buttons leave the top of a chat. Calls still ring, and the chat details button stays.	Los botones de llamada de voz y de video salen de la parte superior de un chat. Las llamadas siguen sonando y el botón de detalles del chat se queda.
Hide sticker suggestions	Ocultar las sugerencias de stickers
The sticker suggestion banner stops showing in a chat. Your own stickers are still in the sticker picker.	El banner de sugerencias de stickers deja de aparecer en un chat. Tus propios stickers siguen en el selector de stickers.
Hide suggested replies	Ocultar las respuestas sugeridas
TikTok's suggested reply cells and their intro banner stop showing in a chat. Messages you type or receive are untouched.	Las respuestas sugeridas de TikTok y su banner de presentación dejan de aparecer en un chat. Los mensajes que escribes o recibes no se tocan.
Hide online status	Ocultar el estado en línea
Friends won't see a green dot or Active now while you're in TikTok. Needs Ghost mode on. Their status may stop updating for you, and your last status can linger.	Tus amigos no verán un punto verde ni Active now mientras estés en TikTok. Necesita el modo Ghost activado. Es posible que el estado de ellos deje de actualizarse para ti, y tu último estado puede seguir visible un tiempo.
Stop LIVE previews opening by themselves	Evitar que las vistas previas de LIVE se abran solas
A LIVE in the feed can count down and take you into the room on its own. This keeps you in the feed until you tap it.	Un LIVE en el feed puede hacer una cuenta atrás y llevarte a la sala por sí solo. Con esto te quedas en el feed hasta que lo toques.
Play sounds TikTok pulled	Reproducir sonidos que TikTok retiró
Play the audio on videos TikTok silenced because their sound was pulled for copyright or in your region. TikTok may still say the sound isn't available.	Reproduce el audio de los videos que TikTok silenció porque su sonido se retiró por derechos de autor o en tu región. Es posible que TikTok siga indicando que el sonido no está disponible.
Match region fields in requests	Igualar los campos de región de las solicitudes
Show exact LIVE viewer counts	Mostrar el número exacto de espectadores en LIVE
A LIVE room shows how many people are watching as a rounded number like 1.2K. This shows the exact count instead.	Una sala LIVE muestra cuánta gente la ve con un número redondeado como 1,2K. Esto muestra el número exacto.
Keep watching in a small window	Seguir viendo en una ventana pequeña
When you leave TikTok while a video plays, it keeps playing in a small window over your other apps, with a button to pause it. Works in the feed and on videos you open from a profile, search or a sound. Needs Android 8 or later.	Cuando sales de TikTok mientras se reproduce un video, sigue reproduciéndose en una ventana pequeña sobre tus otras apps, con un botón para pausarlo. Funciona en el feed y en los videos que abres desde un perfil, la búsqueda o un sonido. Requiere Android 8 o posterior.
Play	Reproducir
Pause	Pausar
Posting	Publicar
Always upload in HD	Subir siempre en HD
Post every video as if you'd turned on TikTok's own HD upload on the post page. A clip TikTok doesn't count as high quality posts as before.	Publica cada video como si hubieras activado la subida en HD de TikTok en la página de publicación. Un clip que TikTok no considera de alta calidad se publica como antes.
Keeps logging until you turn it off, even after a restart. TikTok can feel slower while it's on.	Sigue registrando hasta que lo apagues, incluso después de reiniciar. Mientras esté activado, TikTok puede ir más lento.
Log diagnostics for 15 minutes	Registrar diagnósticos durante 15 minutos
Logs for 15 minutes, then stops on its own. Restarting TikTok doesn't move the end, and the switch above stays as you set it.	Registra durante 15 minutos y luego se detiene solo. Reiniciar TikTok no cambia el final, y el interruptor de arriba se queda como lo dejaste.
Logging until %1$s. Tap to stop now.	Registrando hasta las %1$s. Toca para detenerlo ahora.
Logging diagnostics until %1$s	Registrando diagnósticos hasta las %1$s
Timed logging stopped	Registro temporal detenido
Preview with a made-up post:	Vista previa con una publicación inventada:
Hushfeed's downloader: %1$s	Descargador de Hushfeed: %1$s
TikTok's downloader: %1$s	Descargador de TikTok: %1$s
Sound: %1$s	Sonido: %1$s
Details: %1$s	Detalles: %1$s
Subtitles: %1$s	Subtítulos: %1$s
Stickers: %1$s	Stickers: %1$s
Live photo clips: %1$s	Clips de fotos en vivo: %1$s
TikTok's own name	El nombre propio de TikTok
Not a part Hushfeed fills in, so it's kept as typed: %1$s	No es una parte que Hushfeed rellene, así que se deja tal como lo escribiste: %1$s
Hushfeed's downloader doesn't fill this in, so it's kept as typed: %1$s	El descargador de Hushfeed no rellena esto, así que se deja tal como lo escribiste: %1$s
If that name is taken, Android adds a number to the new file.	Si ese nombre ya existe, Android añade un número al archivo nuevo.
If that name is taken, Hushfeed adds a number to the new file.	Si ese nombre ya existe, Hushfeed añade un número al archivo nuevo.
Don't start the first video	No poner en marcha el primer video
When you open TikTok from its icon, the first video in the feed waits for one tap before it plays. A link, a notification or a shortcut opens as usual.	Cuando abres TikTok desde su icono, el primer video del feed espera un toque antes de reproducirse. Un enlace, una notificación o un acceso directo se abren como siempre.
Network proxy	Proxy de red
Send TikTok through a proxy	Enviar TikTok por un proxy
Sends TikTok's feed, search, comments and other app traffic through the proxy below. Videos and LIVE streams still connect directly. Other apps aren't affected.	Envía el feed, la búsqueda, los comentarios y el resto del tráfico de TikTok a través del proxy de abajo. Los videos y las transmisiones LIVE siguen conectándose directamente. Las demás apps no se ven afectadas.
Proxy type	Tipo de proxy
HTTP	HTTP
SOCKS5	SOCKS5
Proxy host	Host del proxy
The proxy's address, like 192.168.1.20 or proxy.example.com.	La dirección del proxy, como 192.168.1.20 o proxy.example.com.
Proxy port	Puerto del proxy
The port the proxy listens on, like 8080 or 1080.	El puerto en el que escucha el proxy, como 8080 o 1080.
Proxy user name	Usuario del proxy
Optional. Only connections made by Android itself can sign in to a proxy, not TikTok's own. Leave empty for a proxy without a password.	Opcional. Solo las conexiones que hace Android mismo pueden iniciar sesión en un proxy, no las de TikTok. Déjalo vacío para un proxy sin contraseña.
Proxy password	Contraseña del proxy
Optional, used with the user name. It isn't shown, logged or put in a backup.	Opcional, se usa con el usuario. No se muestra, no se registra ni se guarda en una copia de seguridad.
Enter a server name or IP address, without http:// or a port number	Introduce un nombre de servidor o una dirección IP, sin http:// ni número de puerto
A port is a whole number from 1 to 65535	Un puerto es un número entero del 1 al 65535
The proxy at %1$s asks for a password, and TikTok can't send one. Use a proxy that doesn't need one.	El proxy en %1$s pide una contraseña y TikTok no puede enviarla. Usa un proxy que no la necesite.
Couldn't reach the proxy at %1$s. TikTok may not load until it's back or you turn the proxy off.	No se pudo conectar con el proxy en %1$s. Puede que TikTok no cargue hasta que vuelva o desactives el proxy.
Word rules only, not every feed filter:	Solo reglas de palabras, no todos los filtros del feed:
This list is too long to preview here. Saving still follows the usual limit.	Esta lista es demasiado larga para previsualizarla aquí. Al guardar sigue valiendo el límite de siempre.
Can't check yet: %1$s	Aún no se puede comprobar: %1$s
No rules yet, so nothing would match.	Todavía no hay reglas, así que nada coincidiría.
Type some sample text to see whether these rules match it.	Escribe un texto de ejemplo para ver si estas reglas coinciden.
No rule matches this text.	Ninguna regla coincide con este texto.
Matches the rule: %1$s	Coincide con la regla: %1$s
Only the first %1$s characters of the sample were checked.	Solo se comprobaron los primeros %1$s caracteres del ejemplo.
Sample caption to test	Descripción de ejemplo para probar
Sample category to test	Categoría de ejemplo para probar
Keep videos out of Watch history	Dejar los videos fuera del historial de visualización
Stops TikTok from reporting the videos you watch, so they don't get added to Watch history in Activity center. Your views won't count and For You learns less. Likes, follows and searches are still seen.	Evita que TikTok informe de los videos que ves, así que no se añaden al historial de visualización del Activity center. Tus vistas no cuentan y For You aprende menos. TikTok sigue viendo los me gusta, los seguimientos y las búsquedas.
Set a sleep timer that closes TikTok	Poner un temporizador que cierra TikTok
Close TikTok after	Cerrar TikTok después de
Turn off the timer (TikTok closes at %1$s)	Apagar el temporizador (TikTok se cierra a las %1$s)
TikTok closes at %1$s	TikTok se cierra a las %1$s
Sleep timer off	Temporizador apagado
Keep offline videos out of the feed	Dejar los videos sin conexión fuera del feed
TikTok slips the videos it saved for offline viewing back into For You when it can't load enough new ones. This takes them all out. Your offline list stays as it is.	TikTok vuelve a meter en Para ti los videos que guardó para ver sin conexión cuando no puede cargar suficientes nuevos. Esto los quita todos. Tu lista sin conexión se queda como está.
About %1$s of storage at this limit	Unos %1$s de almacenamiento con este límite
Save seen history to a file	Guardar el historial de vídeos vistos en un archivo
Restore seen history from a file	Restaurar el historial de vídeos vistos desde un archivo
Save the videos @%1$s has seen, and when, to a JSON file. Anyone who opens the file can see that viewing history.	Guardar en un archivo JSON los vídeos que ha visto @%1$s y cuándo los vio. Quien abra el archivo podrá ver ese historial de visualización.
Save this account's seen videos, and when they were watched, to a JSON file. Anyone who opens the file can see that viewing history.	Guardar en un archivo JSON los vídeos vistos de esta cuenta y cuándo se vieron. Quien abra el archivo podrá ver ese historial de visualización.
Add a seen-history file saved by Hushfeed to the videos @%1$s has seen. A video in both keeps the newer date.	Añadir un archivo de historial guardado por Hushfeed a los vídeos que ha visto @%1$s. Si un vídeo está en ambos, se queda la fecha más reciente.
Add a seen-history file saved by Hushfeed to this account's seen videos. A video in both keeps the newer date.	Añadir un archivo de historial guardado por Hushfeed a los vídeos vistos de esta cuenta. Si un vídeo está en ambos, se queda la fecha más reciente.
Sign in to TikTok before saving or restoring seen history.	Inicia sesión en TikTok antes de guardar o restaurar el historial de vídeos vistos.
Saving seen history	Guardando el historial de vídeos vistos
Reading the seen-history file	Leyendo el archivo de historial
Restoring seen history	Restaurando el historial de vídeos vistos
Saved 1 seen video to the file	Se guardó 1 vídeo visto en el archivo
Saved %1$s seen videos to the file	Se guardaron %1$s vídeos vistos en el archivo
Couldn't save the seen-history file. Try again.	No se pudo guardar el archivo de historial. Inténtalo de nuevo.
Couldn't start the export. Try again in a moment.	No se pudo iniciar la exportación. Inténtalo de nuevo en un momento.
Added 1 seen video	Se añadió 1 vídeo visto
Added %1$s seen videos	Se añadieron %1$s vídeos vistos
Added 1 seen video.	Se añadió 1 vídeo visto.
Added %1$s seen videos.	Se añadieron %1$s vídeos vistos.
%1$s video was already recorded.	%1$s vídeo ya estaba registrado.
%1$s videos were already recorded.	%1$s vídeos ya estaban registrados.
%1$s video was older than Forget seen videos after allows.	%1$s vídeo era más antiguo de lo que permite Olvidar los vídeos vistos después de.
%1$s videos were older than Forget seen videos after allows.	%1$s vídeos eran más antiguos de lo que permite Olvidar los vídeos vistos después de.
%1$s video had a date later than this phone's clock.	%1$s vídeo tenía una fecha posterior a la hora de este teléfono.
%1$s videos had dates later than this phone's clock.	%1$s vídeos tenían fechas posteriores a la hora de este teléfono.
%1$s video didn't fit in the newest %2$s.	%1$s vídeo no cupo entre los %2$s más recientes.
%1$s videos didn't fit in the newest %2$s.	%1$s vídeos no cupieron entre los %2$s más recientes.
%1$s older seen video was dropped to keep the newest %2$s.	Se quitó %1$s vídeo visto más antiguo para conservar los %2$s más recientes.
%1$s older seen videos were dropped to keep the newest %2$s.	Se quitaron %1$s vídeos vistos más antiguos para conservar los %2$s más recientes.
Couldn't restore seen history. Your saved history is unchanged.	No se pudo restaurar el historial de vídeos vistos. Tu historial guardado no cambió.
That file is larger than %1$s MB. Choose a seen-history file saved by Hushfeed.	Ese archivo pesa más de %1$s MB. Elige un archivo de historial guardado por Hushfeed.
That file lists more than %1$s videos. Nothing was restored.	Ese archivo incluye más de %1$s vídeos. No se restauró nada.
That isn't a seen-history file saved by Hushfeed. For TikTok's own data export, use Import watch history.	Ese no es un archivo de historial guardado por Hushfeed. Para la exportación de datos del propio TikTok, usa Importar historial de visualización.
That file was saved by a newer Hushfeed. Update Hushfeed, then try again.	Ese archivo lo guardó una versión más nueva de Hushfeed. Actualiza Hushfeed y vuelve a intentarlo.
That seen-history file is damaged or was edited. Nothing was restored.	Ese archivo de historial está dañado o fue editado. No se restauró nada.
Turn off haptics	Desactivar la respuesta háptica
Stop the short vibrations TikTok plays on its own taps and gestures. Your keyboard and your phone's own haptics stay as they are.	Detiene las vibraciones cortas que TikTok reproduce en sus propios toques y gestos. Tu teclado y la respuesta háptica de tu teléfono se quedan como están.
Turn off screen transitions	Desactivar las transiciones de pantalla
Open and close TikTok's screens without their slide. Swipes inside a screen still follow your finger.	Abre y cierra las pantallas de TikTok sin su deslizamiento. Los deslizamientos dentro de una pantalla siguen tu dedo.
Save the frame on screen as a photo	Guardar el fotograma en pantalla como foto
There's no video on screen to save a frame from	No hay ningún vídeo en pantalla del que guardar un fotograma
Saving a frame from this video needs Android 7 or newer	Guardar un fotograma de este vídeo requiere Android 7 o posterior
Allow storage for TikTok in Android settings to save frames	Hace falta permiso de almacenamiento para guardar un fotograma
The frame couldn't be read. Try again.	No se pudo leer el fotograma. Inténtalo otra vez.
Saving the frame	Guardando el fotograma
Frame saved to %1$s	Fotograma guardado en %1$s
The frame couldn't be saved. Try again.	No se pudo guardar el fotograma. Inténtalo otra vez.
Video frame	Fotograma de vídeo
Hide the LIVE bubble	Ocultar la burbuja de LIVE
Stop the bubble TikTok floats at the top of the feed to point you to a LIVE.	Detiene la burbuja que TikTok muestra arriba del feed para llevarte a un LIVE.
Auto-advance in search results	Avance automático en los resultados de búsqueda
Also turns on TikTok's own auto scroll for videos opened from search. Restart TikTok to apply this.	También activa el desplazamiento automático propio de TikTok en los videos abiertos desde la búsqueda. Reinicia TikTok para aplicarlo.
Use system emoji	Usar los emojis del sistema
Shows every emoji in your phone's own emoji font. The newest emoji your phone doesn't have yet may show as a box or in pieces.	Muestra todos los emojis con la fuente de emojis de tu teléfono. Los emojis más nuevos que tu teléfono aún no tiene pueden verse como un cuadro o en partes.
Open shared videos alone	Abrir vídeos compartidos por sí solos
A link to one video opens just that video, and the feed won't swipe past it. It swipes again once another video plays, like after a refresh or a tap on Following, or when you come back to TikTok after %1$d minutes or more away. Auto-advance doesn't move on from it either.	Un enlace a un vídeo abre solo ese vídeo, y el feed no se desliza más allá de él. Vuelve a deslizarse en cuanto se reproduce otro vídeo, por ejemplo tras actualizar o tocar Siguiendo, o cuando vuelves a TikTok tras %1$d minutos o más fuera. El avance automático tampoco pasa de él.
Hide comment surveys	Ocultar las encuestas de opinión en los comentarios
Hide the question cards TikTok sometimes puts in a comment list to ask what you think.	Oculta las tarjetas de preguntas que TikTok pone a veces en la lista de comentarios para pedir tu opinión.
Hide comment box buttons	Ocultar los botones del cuadro de comentarios
Hide the photo, @ and gift buttons in the box where you write a comment. Emoji and sending work as before.	Oculta los botones de foto, @ y regalo del cuadro donde escribes un comentario. Los emojis y el envío funcionan como siempre.
Turn off push notifications	Desactivar las notificaciones push
Turns off TikTok's notification service, so nothing it sends reaches your notification shade and it can't wake your phone. You won't hear about new messages until you open TikTok. Notifications hidden while this is on don't come back. Ongoing ones like media controls stay.	Apaga el servicio de notificaciones de TikTok, así que nada de lo que envía llega a tu panel de notificaciones y no puede despertar tu teléfono. No sabrás de mensajes nuevos hasta que abras TikTok. Las notificaciones ocultadas mientras esto está activado no vuelven. Las permanentes, como los controles multimedia, se quedan.
Save details as JSON	Guardar los detalles como JSON
Saves the details file in JSON format instead of plain text. Useful if another tool will read it.	Guarda el archivo de detalles en formato JSON en lugar de texto simple. Útil si otra herramienta lo va a leer.
Tag saved videos with their details	Etiquetar los vídeos guardados con sus detalles
Stores the caption, creator, post date and link inside the video file, where media players can read them. Applies to saves made by Hushfeed.	Guarda la descripción, el creador, la fecha de publicación y el enlace dentro del propio archivo de video, donde los reproductores pueden leerlos. Se aplica a los guardados hechos por Hushfeed.
Save the video's cover	Guardar la portada del vídeo
Save the cover as well	Guardar también la portada
Save the video's cover picture at the largest size TikTok has, each time you tap Download. It goes to your photo folder, named after the video.	Guarda la imagen de portada del vídeo en el tamaño más grande que tenga TikTok, cada vez que toques Descargar. Va a tu carpeta de fotos, con el nombre del vídeo.
This video has no cover to save	Este vídeo no tiene portada que guardar
Allow storage for TikTok in Android settings to save covers	Hace falta permiso de almacenamiento para guardar una portada
The cover couldn't be saved. Try again.	No se pudo guardar la portada. Inténtalo otra vez.
Cover saved to %1$s	Portada guardada en %1$s
Saving the cover	Guardando la portada
Show the time to the second	Mostrar la hora al segundo
Show when a video was posted down to the second, with your time zone, in place of TikTok's short date by the creator's name.	Mostrar cuándo se publicó un vídeo, al segundo y con tu zona horaria, en lugar de la fecha corta de TikTok junto al nombre del creador.
Show dates on profile grids	Mostrar fechas en la cuadrícula del perfil
Show the day each video was posted under its view count on profile grids.	Mostrar el día en que se publicó cada vídeo bajo su número de visualizaciones en la cuadrícula del perfil.
Fall back to the watermarked copy	Usar la copia con marca de agua si hace falta
When the video without the watermark can't be fetched, save TikTok's own watermarked copy instead and say so. It's the size TikTok's own save uses, so it may be smaller than the quality you picked.	Si no se puede descargar el vídeo sin marca de agua, guarda la copia con marca de agua de TikTok y avisa. Tiene el tamaño que usa el guardado de TikTok, así que puede ser más pequeña que la calidad que elegiste.
The video without the watermark couldn't be fetched, so TikTok's watermarked copy was saved to %1$s. Try again later for the clean copy.	No se pudo descargar el vídeo sin marca de agua, así que la copia con marca de agua de TikTok se guardó en %1$s. Inténtalo de nuevo más tarde para obtener la copia limpia.
Match text stickers too	Revisar también los stickers de texto
Also hide videos whose text stickers match a blocked caption word. Text stickers are the words a creator types over the video in TikTok's editor. Text that's part of the picture itself can't be read.	Oculta también los vídeos cuyos stickers de texto coinciden con una palabra bloqueada en las descripciones. Los stickers de texto son las palabras que alguien escribe sobre el vídeo en el editor de TikTok. El texto que forma parte de la propia imagen no se puede leer.
Text sticker words	Palabras en stickers de texto
Show how many were filtered	Mostrar cuántos se filtraron
Shows a small count under TikTok's top tabs of what the feed filter has removed since TikTok started. It shows only on the feed, and taps on it go through to the video under it.	Muestra bajo las pestañas superiores de TikTok un pequeño recuento de lo que el filtro del feed ha quitado desde que TikTok empezó. Solo aparece en el feed, y los toques sobre él pasan al video que hay debajo.
1 filtered out	1 filtrado
%1$d filtered out	%1$d filtrados
Account facts on profiles	Datos de la cuenta en los perfiles
A profile's share sheet gets an Account facts button. It shows what TikTok already sent about the account: when it joined, its region and language, when its username and display name last changed, whether it's private and whether its liked videos are public. Nothing extra is fetched.	El menú de compartir de un perfil recibe un botón Datos de la cuenta. Muestra lo que TikTok ya envió sobre la cuenta: cuándo se unió, su región e idioma, cuándo cambiaron por última vez su nombre de usuario y su nombre visible, si es privada y si los vídeos que le gustaron son públicos. No se descarga nada más.
Account facts	Datos de la cuenta
TikTok account facts	Datos de la cuenta de TikTok
Account facts copied	Datos de la cuenta copiados
Not sent	No enviado
Joined	Se unió
Account region	Región de la cuenta
Language	Idioma
Username last changed	Último cambio de nombre de usuario
Display name last changed	Último cambio de nombre visible
Private account	Cuenta privada
Liked videos	Vídeos que le gustaron
Public	Públicos
Copy	Copiar
Copy the full link for short links	Copiar el enlace completo en los enlaces cortos
When Copy link gives a short vt.tiktok.com or vm.tiktok.com link, Hushfeed opens it once in the background to find the full video link and copies that instead. TikTok sees that visit. Links you send to another app go out as they were.	Cuando Copiar enlace da un enlace corto de vt.tiktok.com o vm.tiktok.com, Hushfeed lo abre una vez en segundo plano para encontrar el enlace completo del video y copia ese. TikTok ve esa visita. Los enlaces que envías a otra app salen tal cual.
Full link copied	Enlace completo copiado
Mark saved videos	Marcar los vídeos guardados
Puts a ✓ by videos you saved with Hushfeed, on profile grids and next to the time in the feed. Works only while Check for already-saved videos is on. Photo posts aren't marked.	Pone un ✓ en los videos que guardaste con Hushfeed, en las cuadrículas de perfil y junto a la hora en el feed. Solo funciona mientras Comprobar videos ya guardados esté activado. Las publicaciones de fotos no se marcan.
Also replaces the saved region and country code TikTok sends with every request. Signing in still sends your real region. Your IP address and your account's own rules still apply.	También reemplaza la región guardada y el código de país que TikTok envía con cada solicitud. Al iniciar sesión se sigue enviando tu región real. Tu dirección IP y las reglas propias de tu cuenta siguen aplicándose.
Turn off double tap to react	Desactivar doble toque para reaccionar
A double tap on a message no longer adds a heart to it. A single tap and a long press work as before.	Un doble toque en un mensaje ya no le añade un corazón. Un toque y una pulsación larga funcionan como antes.
Turn off swipe to reply	Desactivar deslizar para responder
Swiping a message sideways no longer starts a reply to it. Taps and long presses work as before.	Deslizar un mensaje hacia un lado ya no empieza una respuesta. Los toques y las pulsaciones largas funcionan como antes.
Hide the bottom tab names	Ocultar los nombres de las pestañas inferiores
The words under the bottom tab icons go away. The icons stay, and each tab opens what it always did.	Las palabras bajo los iconos de las pestañas inferiores desaparecen. Los iconos se quedan y cada pestaña abre lo mismo de siempre.
Home tab name	Nombre de la pestaña Inicio
Friends tab name	Nombre de la pestaña Amigos
Inbox tab name	Nombre de la pestaña Bandeja de entrada
Profile tab name	Nombre de la pestaña Perfil
Shop tab name	Nombre de la pestaña Tienda
A name of your own under this tab's icon. Leave it empty to keep TikTok's.	Un nombre propio bajo el icono de esta pestaña. Déjalo vacío para mantener el de TikTok.
Hide TikTok's wind-down screens	Ocultar las pantallas de desconexión de TikTok
Stops the bedtime wind-down, the breathing exercise and the daily limit screen TikTok puts over the feed. Works only on accounts TikTok knows belong to adults. Teen accounts, and ones a parent links with Family Pairing, keep them. With Leave when TikTok says time is up on, the daily limit screen still shows so that switch can work.	Detiene la pausa antes de dormir, el ejercicio de respiración y la pantalla de límite diario que TikTok pone sobre el feed. Solo funciona en cuentas que TikTok sabe que son de adultos. Las cuentas de adolescentes, y las que un padre o madre vincula con Family Pairing, las conservan. Con Salir cuando TikTok diga que se acabó el tiempo activado, la pantalla de límite diario sigue apareciendo para que ese interruptor pueda actuar.
Hide Footnotes	Ocultar Footnotes
Hide the Footnotes banner TikTok shows on a video that has a note attached. The video and its comments stay as they are.	Oculta el banner de Footnotes que TikTok muestra en un video con una nota adjunta. El video y sus comentarios se quedan como están.
Hide Bulletin board	Ocultar Bulletin board
The Bulletin board rows TikTok adds to the Inbox leave the list. Chats and the other rows stay where they are.	Las filas de Bulletin board que TikTok añade a la bandeja de entrada desaparecen de la lista. Los chats y las demás filas se quedan donde están.
Hide the group chat prompt	Ocultar la sugerencia de chat de grupo
The banner at the top of the Inbox that invites you to start a group chat stops showing. Groups you're already in are unchanged.	El banner de la parte superior de la bandeja de entrada que te invita a crear un chat de grupo deja de mostrarse. Los grupos en los que ya estás no cambian.
Skip TikTok's setup screens	Saltar las pantallas de configuración de TikTok
Leave out the interest picker, the language and gender questions, the creators to follow, the swipe up tutorial and TikTok's notification page when TikTok runs its setup. Consent, age and sign-in screens still show.	Omite el selector de intereses, las preguntas de idioma y género, los creadores sugeridos para seguir, el tutorial de deslizar hacia arriba y la página de notificaciones de TikTok cuando TikTok hace su configuración inicial. Las pantallas de consentimiento, edad e inicio de sesión se siguen mostrando.
Hide unverified content notices	Ocultar avisos de contenido no verificado
Hide the Check sources banner TikTok puts on videos it marks as unverified, and the warnings it shows when you share one.	Oculta el banner Comprueba las fuentes que TikTok pone en los vídeos que marca como no verificados y las advertencias que muestra al compartir uno.
Keep offline videos until you delete them	Conservar los videos sin conexión hasta que los borres
TikTok removes videos saved for offline viewing after a set time, sometimes only two days, watched or not. With this on they stay until you delete them in TikTok's Offline videos settings. TikTok can still clear watched ones when your phone is low on space.	TikTok elimina los videos guardados para ver sin conexión pasado un tiempo, a veces solo dos días, los hayas visto o no. Con esto activado se quedan hasta que los borres en los ajustes de videos sin conexión de TikTok. TikTok aún puede borrar los ya vistos cuando tu teléfono tiene poco espacio.
Hide Thoughts on profiles	Ocultar Thoughts en los perfiles
Hide the Thoughts bubble TikTok shows above a profile picture, and the prompt to share one on your own profile. Restart TikTok to apply this.	Oculta la burbuja de Thoughts que TikTok muestra sobre la foto de un perfil y, en tu propio perfil, la invitación a compartir uno. Reinicia TikTok para que se aplique.

# context: Quiet Index settings categories and compact runtime status.
Feed & layout	Feed y diseño
Filters, tabs and on-screen controls	Filtros, pestañas y controles en pantalla
Comments & inbox	Comentarios y bandeja de entrada
Filters, translation and inbox controls	Filtros, traducción y controles de la bandeja
Downloads & sharing	Descargas y compartir
Files, subtitles and share sheet	Archivos, subtítulos y menú para compartir
App & advanced	App y opciones avanzadas
Region, backups and diagnostics	Región, copias de seguridad y diagnóstico
About Hushfeed	Acerca de Hushfeed
Version, changes and licenses	Versión, cambios y licencias
Customize	Personalizar
Active	Activo
Paused	En pausa
Budgets and reminders	Límites y recordatorios
%1$s, %2$s	%1$s, %2$s
Don't auto translate these languages	No traducir automáticamente estos idiomas
Separate language codes with commas, like es, de. When TikTok translates for you, captions and comments in these languages stay as they were written. See translation still works when you tap it. TikTok's own Don't translate list stays the way it is.	Separa los códigos de idioma con comas, como es, de. Cuando TikTok traduce por ti, las descripciones y los comentarios en estos idiomas se quedan como se escribieron. Ver traducción sigue funcionando cuando lo tocas. La lista propia de TikTok de idiomas que no se traducen se queda como está.
