source,target
Importing new history ended Undo for the earlier clear. You can clear the imported history.,Impor riwayat baru mengakhiri opsi Urungkan untuk penghapusan sebelumnya. Anda dapat menghapus riwayat yang diimpor.
%1$d setting in that file can't be restored here and was skipped,%1$d pengaturan dalam berkas tidak dapat dipulihkan di sini dan dilewati
%1$d settings in that file can't be restored here and were skipped,%1$d pengaturan dalam berkas tidak dapat dipulihkan di sini dan dilewati
"Import watch history","Impor riwayat tontonan"
"Use this account's TikTok JSON export, up to %1$s MB and %2$s entries. Dates without a time zone use this phone's time zone.","Gunakan ekspor JSON TikTok akun ini, maksimal %1$s MB dan %2$s entri. Tanggal tanpa zona waktu memakai zona waktu ponsel ini."
"Sign in to TikTok before importing watch history.","Masuk ke TikTok sebelum mengimpor riwayat tontonan."
"Your TikTok account changed. Choose the file again for this account.","Akun TikTok Anda berubah. Pilih kembali berkas untuk akun ini."
"Reading watch history","Membaca riwayat tontonan"
"Importing watch history","Mengimpor riwayat tontonan"
"Reopen Hushfeed settings, then choose the file","Buka kembali pengaturan Hushfeed, lalu pilih berkas"
"Couldn't start the import. Try again in a moment.","Impor tidak dapat dimulai. Coba lagi sebentar."
"Your seen history changed before the import finished. Choose the file again.","Riwayat tontonan berubah sebelum impor selesai. Pilih kembali berkas."
"Couldn't import watch history. Your saved history is unchanged.","Riwayat tontonan tidak dapat diimpor. Riwayat tersimpan tidak berubah."
"%1$s watched video added.","%1$s video yang ditonton ditambahkan."
"%1$s watched videos added.","%1$s video yang ditonton ditambahkan."
"%1$s entry skipped.","%1$s entri dilewati."
"%1$s entries skipped.","%1$s entri dilewati."
"Skipped entries are invalid, expired, already recorded, or older than the newest %1$s videos.","Entri yang dilewati tidak valid, kedaluwarsa, sudah tersimpan, atau lebih lama dari %1$s video terbaru."
"Watch history was imported for the account that chose the file. Switch back to see it.","Riwayat diimpor untuk akun yang memilih berkas. Kembali ke akun itu untuk melihatnya."
"Couldn't read that file. Choose it again.","Berkas tidak dapat dibaca. Pilih kembali."
That file is larger than %1$s MB. Choose a smaller watch-history export.,Berkas lebih besar dari %1$s MB. Pilih ekspor riwayat yang lebih kecil.
That file has more than %1$s watch-history entries.,Berkas berisi lebih dari %1$s entri riwayat tontonan.
"That JSON file doesn't contain the supported TikTok watch history.","Berkas JSON ini tidak berisi riwayat tontonan TikTok yang didukung."
"That watch-history file is damaged. Nothing was imported.","Berkas riwayat tontonan rusak. Tidak ada yang diimpor."
%1$d already matched,%1$d sudah cocok
%1$d areas were checked and everything they need is here.,%1$d area diperiksa dan semua yang dibutuhkan ada.
%1$d fields overridden,%1$d kolom ditimpa
%1$d fields will be overridden when requested,%1$d kolom akan ditimpa saat diminta
%1$d gates selected,%1$d gate dipilih
%1$d minutes left,%1$d menit lagi
%1$d overrides were turned off because the Lab couldn't confirm their gates are unchanged in TikTok %2$s. Review them before turning them back on.,%1$d penggantian dimatikan karena Lab tidak dapat memastikan gate-nya tidak berubah di TikTok %2$s. Periksa sebelum menyalakannya lagi.
%1$d rejected,%1$d ditolak
%1$d results,%1$d hasil
%1$d results so far,%1$d hasil sejauh ini
"%1$d results so far, and more not counted","%1$d hasil sejauh ini, lainnya tidak dihitung"
"%1$d results, filtered to %2$s","%1$d hasil, difilter menurut %2$s"
%1$d setting wasn't in that file and was left as it is,%1$d pengaturan tidak ada di berkas itu dan dibiarkan apa adanya
%1$d settings weren't in that file and were left as they are,%1$d pengaturan tidak ada di berkas itu dan dibiarkan apa adanya
%1$d unavailable,%1$d tidak tersedia
%1$s (%2$s),%1$s (%2$s)
%1$s (TikTok value),%1$s (nilai TikTok)
"%1$s (custom, unverified)","%1$s (khusus, belum diverifikasi)"
%1$s (override returned),%1$s (penimpaan dikembalikan)
%1$s (will be returned when requested),%1$s (akan dikembalikan saat diminta)
%1$s and above,%1$s ke atas
%1$s appears more than once in this file.,%1$s muncul lebih dari sekali dalam file ini.
%1$s changed,%1$s diubah
%1$s is already hidden,%1$s sudah disembunyikan
%1$s destinations must start with %2$s,Tujuan %1$s harus diawali %2$s
"%1$s is too long for a settings backup. Shorten it, then save the backup again.","%1$s terlalu panjang untuk cadangan pengaturan. Persingkat, lalu simpan cadangan lagi."
"%1$s isn't a language code, so no video would ever match it. Use two letters, like en, es or de.","%1$s bukan kode bahasa, jadi tidak ada video yang akan cocok. Gunakan dua huruf, seperti en, es, atau de."
%1$s needs fixing. %2$s,Nilai %1$s perlu diperbaiki. %2$s
%1$s is a kind of value the Lab can't override.,%1$s adalah jenis nilai yang tidak bisa ditimpa Lab.
"%1$s has type %2$s, but the file says %3$s.","%1$s bertipe %2$s, tetapi file menyebutkan %3$s."
"%1$s isn't a country code, so no video would ever match it. Use two letters, like GB, IE or US.","%1$s bukan kode negara, jadi tidak ada video yang akan cocok. Gunakan dua huruf, seperti GB, IE, atau US."
%1$s isn't in this Lab catalog.,%1$s tidak ada dalam katalog Lab ini.
%1$s isn't installed or doesn't take links,%1$s tidak terpasang atau tidak menerima tautan
%1$s left,%1$s lagi
%1$s min left,Sisa %1$s mnt
%1$s to %2$s,%1$s sampai %2$s
%1$s videos left,Sisa %1$s video
%1$s videos were recorded before each account kept its own list. They hide nothing until you add them here.,%1$s video tercatat sebelum setiap akun menyimpan daftarnya sendiri. Video itu tidak menyembunyikan apa pun sampai kamu menambahkannya di sini.
%1$s was rejected. %2$s,%1$s ditolak. %2$s
%1$s · Hushfeed's list only,%1$s · hanya di daftar Hushfeed
%1$s · current value only,%1$s · hanya nilai saat ini
%1$s · declared by TikTok,%1$s · dideklarasikan TikTok
"%1$s · declared by TikTok, with a current value","%1$s · dideklarasikan TikTok, dengan nilai saat ini"
%1$s%%,%1$s%%
"%1$s, %2$s, %3$s, %4$s, %5$s","%1$s, %2$s, %3$s, %4$s, %5$s"
"%1$s, selected","%1$s, dipilih"
%1$s. %2$s,%1$s. %2$s
"%1$s: %2$d found, %3$d missing","%1$s: %2$d ditemukan, %3$d hilang"
"%1$s: %2$d found, %3$d missing, and more it stopped counting","%1$s: %2$d ditemukan, %3$d hilang, dan sisanya berhenti dihitung"
"%1$s: %2$d found, %3$d missing, and more it stopped counting. First missing: %4$s","%1$s: %2$d ditemukan, %3$d hilang, dan sisanya berhenti dihitung. Yang pertama hilang: %4$s"
"%1$s: %2$d found, %3$d missing. First missing: %4$s","%1$s: %2$d ditemukan, %3$d hilang. Yang pertama hilang: %4$s"
%1$s: %2$s,%1$s: %2$s
1 field overridden,1 kolom ditimpa
1 field will be overridden when requested,1 kolom akan ditimpa saat diminta
1 gate selected,1 gate dipilih
1 min left,Sisa 1 mnt
1 override was turned off because the Lab couldn't confirm its gate is unchanged in TikTok %2$s. Review it before turning it back on.,1 penggantian dimatikan karena Lab tidak dapat memastikan gate-nya tidak berubah di TikTok %2$s. Periksa sebelum menyalakannya lagi.
1 result,1 hasil
1 result so far,1 hasil sejauh ini
1 video left,Sisa 1 video
A Lab change is already running,Perubahan Lab sedang berjalan
A diagnostic report is already being saved,Laporan diagnostik sedang disimpan
A few seconds,Beberapa detik
A field value couldn't be read. Check the values and try again.,Nilai kolom tidak dapat dibaca. Periksa nilainya lalu coba lagi.
"A good place to stop, if you want one.","Tempat yang bagus untuk berhenti, kalau kamu mencarinya."
"A green square in the top corner while TikTok has the camera open, and an orange diamond while it records sound. They go when the access ends.","Kotak hijau di pojok atas saat TikTok membuka kamera, dan belah ketupat oranye saat merekam suara. Keduanya hilang saat akses berakhir."
"Type a website name to use instead of tiktok.com in links you share or copy, like vxtiktok.com. Leave empty to share TikTok's own links. Only TikTok links change, and only the website name.","Ketik nama situs untuk dipakai sebagai pengganti tiktok.com di tautan yang kamu bagikan atau salin, misalnya vxtiktok.com. Kosongkan untuk membagikan tautan asli TikTok. Hanya tautan TikTok yang berubah, dan hanya nama situsnya."
"A small label on the feed shows the minutes or videos left of today's budget, whichever is closer to running out.",Label kecil di feed menunjukkan menit atau video yang tersisa dari anggaran hari ini.
A tap on Home or on the For You tab while For You is showing no longer reloads it. The video you're on stays.,Mengetuk Beranda atau tab Untuk Kamu saat Untuk Kamu sedang tampil tidak lagi memuat ulang feed. Video yang sedang kamu tonton tetap.
A video you paused stays paused when you come back to the app instead of starting again. One you left playing starts as usual. It works on Android 10 and newer.,Video yang kamu jeda tetap dijeda saat kamu kembali ke aplikasi alih-alih diputar lagi. Video yang kamu tinggalkan saat diputar mulai seperti biasa. Berfungsi mulai Android 10.
A web address someone left in a comment can be tapped instead of copied out by hand. Tapping anywhere else in the comment still does what it did.,"Alamat web yang ditulis seseorang di komentar bisa diketuk, bukan disalin manual. Mengetuk bagian lain dari komentar tetap seperti sebelumnya."
AI-generated posts,Kiriman buatan AI
A forced value applies to this copy of TikTok whichever account is signed in. It can't get past a check the server makes.,"Nilai yang dipaksa berlaku untuk salinan TikTok ini, akun mana pun yang masuk. Nilai itu tidak bisa melewati pemeriksaan yang dilakukan server."
Add older seen videos to this account,Tambahkan video lama yang dilihat ke akun ini
Added %1$s older seen videos to this account,%1$s video lama yang dilihat ditambahkan ke akun ini
Added one older seen video to this account,Satu video lama yang telah dilihat ditambahkan ke akun ini
Added to this account.,Ditambahkan ke akun ini.
Caption languages,Bahasa takarir
"Separate handles or user IDs with commas. Their videos stay when a filter on post type, labels, age, length or counts would hide them. Ads, blocked creators, words, sounds, countries, caption languages and seen videos still apply.","Pisahkan handle atau ID pengguna dengan koma. Videonya tetap tampil meski filter jenis kiriman, label, usia, durasi, atau jumlah akan menyembunyikannya. Iklan, kreator yang diblokir, kata, suara, negara, bahasa keterangan, dan video yang sudah dilihat tetap berlaku."
"Separate language codes with commas, like en, es. A video whose original caption is in another language is hidden. Videos with no caption, or only translated ones, always stay.","Pisahkan kode bahasa dengan koma, misalnya en, es. Video yang keterangan aslinya berbahasa lain disembunyikan. Video tanpa keterangan, atau hanya dengan keterangan terjemahan, selalu tetap tampil."
"Comma separated names exactly as the row under a profile's bio shows them, such as TikTok Studio or Your orders. Restart TikTok to apply this.","Nama dipisahkan koma, persis seperti yang ditampilkan baris di bawah bio profil, seperti TikTok Studio atau Pesananmu. Mulai ulang TikTok agar berlaku."
Couldn't add the older seen videos. Try again.,Tidak dapat menambahkan video lama yang dilihat. Coba lagi.
Couldn't copy the report. Use Save report instead.,Laporan tidak bisa disalin. Gunakan Simpan laporan.
Couldn't read TikTok's current values (%1$s). Refresh values from the menu to try again.,Tidak bisa membaca nilai TikTok saat ini (%1$s). Perbarui nilai dari menu untuk mencoba lagi.
Couldn't restart TikTok. Close it and open it again.,Tidak bisa memulai ulang TikTok. Tutup lalu buka lagi.
Couldn't undo that. Try again.,Tidak bisa dibatalkan. Coba lagi.
Count a video as seen after,Anggap video sudah dilihat setelah
Forget the %1$s videos @%2$s has seen.,Lupakan %1$s video yang telah dilihat @%2$s.
Forget the seen video.,Lupakan video yang telah dilihat.
Forget the video @%2$s has seen.,Lupakan video yang telah dilihat @%2$s.
Got it,Mengerti
Hide profile shortcuts,Sembunyikan pintasan profil
Hide profile shortcuts by name,Sembunyikan pintasan profil berdasarkan nama
Hide the status bar in LIVE rooms,Sembunyikan bilah status di ruang LIVE
How much of a video you watch before it's hidden next time. Zero counts it after a few seconds.,Berapa banyak video yang kamu tonton sebelum video itu disembunyikan lain kali. Nol menghitungnya setelah beberapa detik.
Later,Nanti
Let a LIVE fill the screen up to the top edge. The status bar comes back when you leave the LIVE. Swipe down from the top to peek at it.,Biarkan LIVE memenuhi layar sampai tepi atas. Bilah status kembali saat kamu keluar dari LIVE. Geser ke bawah dari atas untuk melihatnya sebentar.
Loading the gate list and TikTok's current values…,Memuat daftar gate dan nilai TikTok saat ini…
New value,Nilai baru
No profile shortcuts have been seen yet,Belum ada pintasan profil yang terlihat
One video was recorded before each account kept its own list. It hides nothing until you add it here.,Satu video direkam sebelum setiap akun punya daftarnya sendiri. Video itu tidak menyembunyikan apa pun sampai kamu menambahkannya di sini.
Only these caption languages,Hanya bahasa takarir ini
"Open your profile once, then return here to choose its shortcuts.","Buka profilmu sekali, lalu kembali ke sini untuk memilih pintasannya."
"Photos can't be saved to the folder in that file, so your photo folder was kept","Foto tidak bisa disimpan ke folder di file itu, jadi folder fotomu tetap dipakai"
"Pick the shortcuts to remove from the row under a profile's bio, such as TikTok Studio or Your orders. Restart TikTok to apply this.","Pilih pintasan yang dihapus dari baris di bawah bio profil, seperti TikTok Studio atau Pesananmu. Mulai ulang TikTok agar berlaku."
Preview shortened. Save report keeps the full report.,Pratinjau dipersingkat. Simpan laporan menyimpan laporan lengkap.
Refreshing TikTok's current values…,Memperbarui nilai TikTok saat ini…
Restart TikTok to apply this,Mulai ulang TikTok agar berlaku
Save report,Simpan laporan
Stay on the video in full screen,Tetap di video saat layar penuh
"Stickers can't be saved to the folder in that file, so your sticker folder was kept","Stiker tidak bisa disimpan ke folder di file itu, jadi folder stikermu tetap dipakai"
Stop TikTok's speed tests,Hentikan tes kecepatan TikTok
"That creator pattern could stall the feed, so it was skipped: %1$s","Pola kreator itu bisa membuat feed macet, jadi dilewati: %1$s"
"That creator pattern could stall the feed, so it wasn't added: %1$s","Pola kreator itu bisa membuat feed macet, jadi tidak ditambahkan: %1$s"
"This key isn't in Hushfeed's list, so its type can't be checked. Reset the override.","Kunci ini tidak ada di daftar Hushfeed, jadi jenisnya tidak bisa diperiksa. Setel ulang penggantian."
"This key touches account safety. Forcing it can change login, region, payment or security checks.","Kunci ini menyangkut keselamatan akun. Memaksanya bisa mengubah pemeriksaan login, wilayah, pembayaran, atau keamanan."
Activity,Aktivitas
Activity center (PIA),Pusat aktivitas (PIA)
Add,Tambah
"Block the creator in one tap. Once TikTok confirms, skip to the next video. A small Unblock button appears at the top left for two seconds. You can also unblock later in TikTok's Privacy > Blocked accounts.","Blokir kreator dengan satu ketukan. Setelah TikTok mengonfirmasi, lanjut ke video berikutnya. Tombol Buka blokir kecil muncul di kiri atas selama dua detik. Kamu juga bisa membuka blokir nanti di Privasi > Akun yang diblokir di TikTok."
No app on this phone opens that file,Tidak ada aplikasi di ponsel ini yang bisa membuka file itu
Open,Buka
TikTok sometimes tests your phone's speed in a background process that can use a lot of memory. This stops that test from starting. One already running ends when TikTok restarts.,TikTok kadang menguji kecepatan ponselmu di proses latar belakang yang bisa memakai banyak memori. Ini mencegah tes itu mulai. Tes yang sudah berjalan berakhir saat TikTok dimulai ulang.
Try a different word or clear the search. Switches from patches you didn't tick in Morphe Manager aren't listed.,Coba kata lain atau hapus pencarian. Sakelar dari patch yang tidak kamu centang di Morphe Manager tidak muncul.
Unblock,Buka blokir
Add a button beside the block control to send feedback about the current video.,Tambahkan tombol di samping kontrol blokir untuk mengirim masukan tentang video ini.
Add a creator,Tambah kreator
Add a button that hides the current creator on this phone without blocking them.,Tambahkan tombol yang menyembunyikan kreator saat ini di ponsel ini tanpa memblokirnya.
Add a separate button that skips videos using the current sound.,Tambahkan tombol terpisah yang melewati video yang menggunakan suara saat ini.
Add hidden creator,Tambah kreator tersembunyi
Added %1$s,%1$s ditambahkan
Ads,Iklan
Auto-advance videos,Lanjutkan video secara otomatis
Advanced,Lanjutan
Advanced JSON value,Nilai JSON lanjutan
All,Semua
All available languages,Semua bahasa yang tersedia
All events,Semua peristiwa
All loaded tabs,Semua tab yang dimuat
Allow Duet and Stitch anyway,Tetap izinkan Duet dan Stitch
Allow screenshots and Circle to Search,Izinkan tangkapan layar dan Circle to Search
Allow storage for TikTok in Android settings to save profile pictures,Izin penyimpanan dibutuhkan untuk menyimpan foto profil
Allow storage for TikTok in Android settings to save sounds,Izin penyimpanan dibutuhkan untuk menyimpan suara
Allow storage for TikTok in Android settings to save stories,Izin penyimpanan dibutuhkan untuk menyimpan Story
Bottom tabs to keep,Tab bawah yang dipertahankan
Already marked as not interested,Sudah ditandai sebagai tidak tertarik
Also apply these filters to downloaded videos TikTok uses when the feed can't load enough new items.,Terapkan filter ini juga ke video terunduh yang TikTok pakai saat feed tidak bisa memuat cukup konten baru.
Also change the region TikTok reports internally. Keeps your interface language. Your IP address and your account's own rules still apply.,Juga mengubah wilayah yang dilaporkan TikTok secara internal. Bahasa antarmuka tetap. Alamat IP dan aturan akun kamu tetap berlaku.
Always show publish date,Selalu tampilkan tanggal unggah
Always show the publish date in video author information. Restart TikTok to apply this.,Selalu tampilkan tanggal publikasi di informasi penulis video. Mulai ulang TikTok agar berlaku.
"Type the other app's ID, like com.dv.adm. The save button sends the video's link there instead of saving. Leave empty to save here.","Ketik ID aplikasi lain, misalnya com.dv.adm. Tombol simpan mengirim tautan video ke sana, bukan menyimpannya. Kosongkan untuk menyimpan di sini."
"An interrupted settings change couldn't be recovered, so its record was set aside. Check your settings or restore a backup.","Perubahan pengaturan yang terputus tidak bisa dipulihkan, jadi catatannya disisihkan. Periksa pengaturan kamu atau pulihkan cadangan."
"An operator code is five or six digits, like 310260","Kode operator itu lima atau enam angka, misalnya 310260"
An override changes the value TikTok reads from this gate. It doesn't change TikTok's saved copy or prove the named feature changed.,Penimpaan mengubah nilai yang dibaca TikTok dari gate ini. Penimpaan tidak mengubah salinan tersimpan TikTok dan tidak membuktikan fitur yang disebut berubah.
Animated sticker format,Format stiker animasi
TikTok gets no location from your phone. The Region settings change your country and time zone. This switch stops the exact position.,TikTok tidak mendapat lokasi dari ponselmu. Pengaturan Wilayah mengubah negara dan zona waktumu. Sakelar ini menghentikan posisi yang tepat.
TikTok sees an empty contact list instead of yours. Find Friends and People you may know can no longer use your contacts.,"TikTok melihat daftar kontak kosong, bukan daftar kontakmu. Find Friends dan People you may know tidak bisa lagi memakai kontakmu."
"TikTok sees an empty list of apps instead of the apps on your phone. Checks for one specific app, such as when TikTok opens an app you tap, still work.","TikTok melihat daftar aplikasi kosong, bukan aplikasi di ponselmu. Pengecekan satu aplikasi tertentu, misalnya saat TikTok membuka aplikasi yang kamu ketuk, tetap berfungsi."
App,Aplikasi
App AB,AB aplikasi
Appearance,Tampilan
Applies to both video and photo downloads.,Berlaku untuk unduhan video dan foto.
Apply,Terapkan
Around the video,Di sekitar video
Arrange your feed and bottom tabs,Atur feed dan tab bawahmu
Attention,Perhatian
Audio,Audio
Auto translate comments,Terjemahkan komentar otomatis
Auto-advance session limit,Batas lanjut otomatis per sesi
Automatic,Otomatis
Auto-advance,Lanjut otomatis
Staying on a video,Tetap di video
Auto-advance stopped after %1$d videos,Lanjut otomatis dihentikan setelah %1$d video
Auto-advance stopped after one video,Lanjut otomatis dihentikan setelah satu video
Automatic clear display,Tampilan bersih otomatis
Avatar and follow button,Avatar dan tombol ikuti
Back,Kembali
Back up settings,Cadangkan pengaturan
Backup and restore,Cadangkan dan pulihkan
Black,Hitam
Block clipboard reads,Blokir pembacaan papan klip
Hide a VPN connection,Sembunyikan koneksi VPN
TikTok can't tell you're using a VPN. Your other connections show as they really are. Leave this off if you need a feature that checks for a VPN.,TikTok tidak bisa tahu kamu memakai VPN. Koneksimu yang lain tampak seperti aslinya. Biarkan mati jika kamu butuh fitur yang memeriksa VPN.
Block the advertising ID,Blokir ID iklan
"TikTok gets a blank advertising ID, like the one Android gives after you reset yours. Apps can't use it to recognize your phone.","TikTok mendapat ID iklan kosong, seperti yang diberikan Android setelah kamu meresetnya. Aplikasi tidak bisa memakainya untuk mengenali ponselmu."
Block contact list access,Blokir akses ke daftar kontak
Block installed app scanning,Blokir pemindaian aplikasi terpasang
Block location,Blokir lokasi
Block motion sensors,Blokir sensor gerak
Block new feed tabs,Blokir tab feed baru
Block new bottom tabs,Blokir tab bawah yang baru
Block this commenter,Blokir pengomentar ini
Block this creator,Blokir kreator ini
Block this sound,Blokir suara ini
Blocked,Diblokir
Blocked %1$s,%1$s diblokir
Blocked %1$s. Unblock,%1$s diblokir. Buka blokir
Couldn't confirm the block for %1$s. Open their profile to check.,Pemblokiran %1$s tidak dapat dikonfirmasi. Buka profilnya untuk memeriksa.
Blocked caption words,Kata yang diblokir di keterangan
Blocked comment words,Kata komentar yang diblokir
Blocked creators,Kreator yang diblokir
Blocked sound ids,Id suara yang diblokir
Blocked sound names,Nama suara yang diblokir
Blocked sounds,Suara yang diblokir
Blocking,Memblokir
On or off,Aktif atau nonaktif
Browse,Telusuri
Camera and microphone in use,Kamera dan mikrofon sedang dipakai
Camera in use,Kamera sedang dipakai
Cancel,Batal
Caption background,Latar keterangan
Caption text size,Ukuran teks keterangan
Description text size,Ukuran teks deskripsi
Author text size,Ukuran nama kreator
"Use 0 for TikTok's size, or %1$d to %2$d. Sizes the description below the author's name and keeps Android's font scaling.","Gunakan 0 untuk ukuran TikTok, atau %1$d hingga %2$d. Mengatur ukuran deskripsi di bawah nama kreator dan tetap mengikuti skala font Android."
"Use 0 for TikTok's size, or %1$d to %2$d. Sizes the author's name and keeps Android's font scaling.","Gunakan 0 untuk ukuran TikTok, atau %1$d hingga %2$d. Mengatur ukuran nama kreator dan tetap mengikuti skala font Android."
Captions,Teks
"Captions, gestures and on-screen controls","Keterangan, gestur, dan kontrol di layar"
Capture crash reports locally,Rekam laporan mogok di perangkat
Choose %1$d to %2$d videos. Values outside this range use the nearest valid limit. Restart TikTok to apply this.,Pilih %1$d sampai %2$d video. Nilai di luar rentang ini memakai batas valid terdekat. Mulai ulang TikTok agar berlaku.
Choose a backup file. Your current settings are kept for Undo.,Pilih berkas cadangan. Pengaturanmu yang sekarang disimpan untuk Urungkan.
Choose a folder on internal storage. SD cards aren't supported.,Hanya folder penyimpanan internal yang didukung.
Choose a preset to fill the SIM details.,Pilih preset untuk mengisi detail SIM.
Choose a subfolder under %1$s.,Pilih subfolder di %1$s.
Pick the actions to remove from the share sheet. Names you typed by hand that TikTok hasn't shown yet stay in the list above.,Pilih tindakan yang ingin dihapus dari lembar berbagi. Nama yang kamu ketik sendiri dan belum ditampilkan TikTok tetap ada di daftar di atas.
Choose what reaches your feed,Pilih apa yang sampai ke feed-mu
Choose which bottom tabs stay visible.,Pilih tab bawah mana yang tetap terlihat.
"Choose which feed tabs stay visible. If only For You is left, its tab name is hidden.","Pilih tab feed mana yang tetap terlihat. Jika hanya For You yang tersisa, nama tabnya disembunyikan."
Choose which rows and controls appear,Pilih baris dan kontrol yang muncul
Clear all,Hapus semua
"Clear all Lab data (overrides, switch, recordings)","Hapus semua data Lab (penggantian, sakelar, rekaman)"
Clear all suggested accounts,Hapus semua akun yang disarankan
"Clears the recent events, saved crash reports, a recorded screen layout and the Hook status results above.","Menghapus peristiwa terbaru, laporan error tersimpan, tata letak layar yang direkam, dan hasil Hook status di atas."
Record a screen's layout,Rekam tata letak layar
"Tap, then go to the screen with what you want hidden. After %1$d seconds Hushfeed records how that screen is built, without any of its text, for the diagnostic report.","Ketuk, lalu buka layar yang berisi hal yang ingin kamu sembunyikan. Setelah %1$d detik Hushfeed merekam susunan layar itu, tanpa teksnya sama sekali, untuk laporan diagnostik."
Waiting to record. Go to the screen you want recorded.,Menunggu untuk merekam. Buka layar yang ingin kamu rekam.
"A screen's layout is recorded. Export the diagnostic report to send it, or tap to record another.","Tata letak sebuah layar sudah direkam. Ekspor laporan diagnostik untuk mengirimnya, atau ketuk untuk merekam yang lain."
Go to the screen now. Hushfeed records its layout in %1$d seconds.,Buka layarnya sekarang. Hushfeed merekam tata letaknya dalam %1$d detik.
Screen layout recorded. Export the diagnostic report to send it.,Tata letak layar direkam. Ekspor laporan diagnostik untuk mengirimnya.
"Nothing was recorded because Hushfeed settings were still open. Start again, then leave settings.","Tidak ada yang direkam karena pengaturan Hushfeed masih terbuka. Mulai lagi, lalu keluar dari pengaturan."
Couldn't record the screen's layout. Start again from Diagnostics.,Tata letak layar tidak dapat direkam. Mulai lagi dari Diagnostik.
Clear diagnostic data,Hapus data diagnostik
Clear display,Tampilan bersih
Clear display delay,Jeda tampilan bersih
Clear preset,Hapus preset
Clear search,Hapus pencarian
Clear seen videos,Hapus video yang dilihat
Clear the search,Hapus pencarian
Cleared. Tap to undo before TikTok closes.,Sudah dihapus. Ketuk untuk mengurungkan sebelum TikTok ditutup.
Clearing,Menghapus
Clearing suggested accounts,Menghapus akun yang disarankan
"Clearing, %1$d so far","Membersihkan, %1$d sejauh ini"
Close,Tutup
"Separate account handles or user IDs with commas. Videos from these accounts are always hidden. An entry between slashes, like /^news_/, is a search pattern checked against the handle and display name.","Pisahkan nama akun (handle) atau ID pengguna dengan koma. Video dari akun ini selalu disembunyikan. Entri di antara garis miring, seperti /^news_/, adalah pola pencarian yang dicocokkan dengan handle dan nama tampilan."
"Separate country codes with commas, like GB, IE. Videos posted from anywhere else are hidden. Leave empty for all countries.","Pisahkan kode negara dengan koma, misalnya GB, IE. Video yang diunggah dari tempat lain disembunyikan. Kosongkan untuk semua negara."
"Separate country codes with commas. Videos posted from these are hidden, whatever the list above says.","Pisahkan kode negara dengan koma. Video yang diunggah dari negara ini disembunyikan, apa pun isi daftar di atas."
"Separate the titles of any other Inbox rows you want to hide with commas, spelled exactly. Use this for anything not listed above.","Pisahkan dengan koma judul baris Kotak masuk lain yang ingin disembunyikan, ditulis persis. Pakai untuk apa pun yang tidak ada di daftar di atas."
"Separate names with commas, exactly as the share sheet shows them. These can be friends in the Send to row, apps such as Facebook, or actions such as Create group or Repost. The words copy, save and dislike also work before the sheet has opened.","Pisahkan nama dengan koma, persis seperti yang ditampilkan lembar bagikan. Bisa berupa teman di baris Kirim ke, aplikasi seperti Facebook, atau tindakan seperti Buat grup atau Posting ulang. Kata copy, save, dan dislike juga berfungsi sebelum lembar dibuka."
"Sound IDs saved by the player's sound button, separated by commas. Remove one to unblock it.","ID suara yang disimpan tombol suara pemutar, dipisahkan koma. Hapus satu untuk membuka blokirnya."
Separate usernames or display names with commas. Their comments are hidden.,Pisahkan nama pengguna atau nama tampilan dengan koma. Komentar mereka disembunyikan.
"Separate words or phrases with commas. Videos whose caption matches are hidden. Capital letters don't matter. Write ""a"" & ""b"" to need both phrases, or ""a"" !& ""b"" to need the first without the second.","Pisahkan kata atau frasa dengan koma. Video yang keterangannya cocok akan disembunyikan. Huruf besar atau kecil tidak berpengaruh. Tulis ""a"" & ""b"" agar kedua frasa harus ada, atau ""a"" !& ""b"" agar frasa pertama ada tanpa yang kedua."
"Separate words with commas, like saxophone, to match against sound names. Capital letters don't matter.","Pisahkan kata dengan koma, misalnya saxophone, untuk dicocokkan dengan nama suara. Huruf besar atau kecil tidak berpengaruh."
"Separate words with commas. A comment is hidden if it contains any of them. Capital letters don't matter. Write ""a"" & ""b"" to need both phrases, or ""a"" !& ""b"" to need the first without the second.","Pisahkan kata dengan koma. Komentar disembunyikan jika berisi salah satunya. Huruf besar atau kecil tidak berpengaruh. Tulis ""a"" & ""b"" agar kedua frasa harus ada, atau ""a"" !& ""b"" agar frasa pertama ada tanpa yang kedua."
Comment media filename,Nama berkas media komentar
Comments,Komentar
Comments aren't available for this video,Komentar tidak tersedia untuk video ini
Comments beside the video,Komentar di samping video
Compare gate reads with their previous values.,Bandingkan pembacaan gate dengan nilai sebelumnya.
Completed an interrupted settings change. Restart TikTok to apply this.,Perubahan pengaturan yang terhenti telah diselesaikan. Mulai ulang TikTok agar berlaku.
Config,Konfigurasi
Config (Settings Manager),Konfigurasi (Settings Manager)
Confirm before a quick repost,Konfirmasi sebelum repost cepat
Confirm before following,Konfirmasi sebelum mengikuti
Confirm before liking,Konfirmasi sebelum menyukai
Confirm before liking a comment,Konfirmasi sebelum menyukai komentar
Confirm before liking a story,Konfirmasi sebelum menyukai Story
Continue supported videos from where you stopped when you scroll back to them.,Lanjutkan video yang didukung dari titik terakhir saat kamu menggulir kembali ke video itu.
Controls,Kontrol
Feature gate report copied,Laporan gate disalin
Capture the feed,Rekam feed
"Tap to start, then scroll until the feed problem shows up and come back here to save it. The file has no captions or names, and videos and creators appear only as short codes. Read it before you share it.","Ketuk untuk mulai, lalu gulir sampai masalah feed muncul dan kembali ke sini untuk menyimpannya. File ini tidak berisi takarir atau nama, dan video serta kreator hanya muncul sebagai kode pendek. Baca dulu sebelum kamu membagikannya."
Stop and save the feed capture,Hentikan dan simpan rekaman feed
Recording what the feed filters keep and hide. Tap to stop and save it in %1$s.,Merekam apa yang dipertahankan dan disembunyikan filter feed. Ketuk untuk berhenti dan menyimpannya di %1$s.
Save the feed capture,Simpan rekaman feed
The last feed capture wasn't saved. Tap to try again.,Rekaman feed terakhir tidak tersimpan. Ketuk untuk mencoba lagi.
"Feed capture started. Scroll until the problem shows up, then come back here to stop.","Rekaman feed dimulai. Gulir sampai masalahnya muncul, lalu kembali ke sini untuk berhenti."
The feed capture is still being saved,Rekaman feed masih disimpan
Feed capture saved to %1$s. Read it before you share it.,Rekaman feed disimpan di %1$s. Baca dulu sebelum kamu membagikannya.
The feed capture couldn't be saved. Tap the row to try again.,Rekaman feed tidak bisa disimpan. Ketuk barisnya untuk mencoba lagi.
Couldn't start saving the feed capture. Try again in a moment.,Penyimpanan rekaman feed tidak bisa dimulai. Coba lagi sebentar.
Copy a quick report or save the full report as a file.,Salin laporan ringkas atau simpan laporan lengkap sebagai berkas.
Copy comments without username,Salin komentar tanpa nama pengguna
Copy only the comment text when using TikTok's copy comment action.,Salin teks komentarnya saja saat memakai aksi salin komentar milik TikTok.
Copy quick report,Salin laporan singkat
Copy report,Salin laporan
Copy the sound link,Salin tautan suara
Copy the video link,Salin tautan video
Couldn't change the Lab settings. Try again.,Pengaturan Lab tidak bisa diubah. Coba lagi.
Couldn't clear the suggested accounts. Reopen the Inbox and try again.,Akun yang disarankan tidak bisa dihapus. Buka lagi Kotak Masuk lalu coba lagi.
Couldn't open settings search. Reopen settings and try again.,Pencarian pengaturan tidak bisa dibuka. Buka lagi pengaturan lalu coba lagi.
Couldn't open that settings section. Reopen settings and try again.,Bagian pengaturan itu tidak bisa dibuka. Buka lagi pengaturan lalu coba lagi.
Couldn't open the file picker to export. Try again.,Pemilih berkas untuk ekspor tidak bisa dibuka. Coba lagi.
Couldn't open the file picker to import. Try again.,Pemilih berkas untuk impor tidak bisa dibuka. Coba lagi.
Couldn't put back the diagnostic data. Try again.,Data diagnostik tidak bisa dikembalikan. Coba lagi.
Couldn't read who posted this comment. Open their profile and block them there.,Tidak bisa membaca siapa yang menulis komentar ini. Buka profilnya dan blokir dari sana.
Couldn't reset this override. Try again.,Penggantian ini tidak bisa diatur ulang. Coba lagi.
Couldn't restore the settings. Try again.,Pengaturan tidak bisa dipulihkan. Coba lagi.
Couldn't reset the settings. Try again.,Pengaturan tidak bisa diatur ulang. Coba lagi.
Couldn't undo the last change. Try again.,Perubahan terakhir tidak bisa diurungkan. Coba lagi.
Couldn't save the settings backup. Try again.,Cadangan pengaturan tidak bisa disimpan. Coba lagi.
Couldn't save this override. Try again.,Penggantian ini tidak bisa disimpan. Coba lagi.
Couldn't send the feedback. Try again in a moment.,Masukan tidak dapat dikirim. Coba lagi sebentar lagi.
Couldn't start the Lab change. Try again in a moment.,Perubahan Lab tidak bisa dimulai. Coba lagi sebentar.
Couldn't start the report export. Try again in a moment.,Ekspor laporan tidak bisa dimulai. Coba lagi sebentar.
Couldn't start the settings change. Try again in a moment.,Perubahan pengaturan tidak bisa dimulai. Coba lagi sebentar.
Couldn't tell which folder to update. Choose it again.,Tidak diketahui folder mana yang harus diubah. Pilih lagi.
Couldn't undo the clear. Try again.,Penghapusan tidak bisa diurungkan. Coba lagi.
Country code,Kode negara
Country and network preferences,Preferensi negara dan jaringan
Counts under the buttons,Angka di bawah tombol
Create,Buat
Creators and sounds,Kreator dan suara
Creators you hid from a video. Search the list and remove one at a time.,Kreator yang kamu sembunyikan dari video. Cari di daftar dan hapus satu per satu.
Current,Saat ini
Current %1$s,Saat ini %1$s
Current state,Kondisi saat ini
Current: %1$s,Saat ini: %1$s
Custom SIM details,Detail SIM khusus
Custom value,Nilai kustom
Custom value…,Nilai khusus…
Protect external pages in TikTok's browser,Lindungi halaman eksternal di browser TikTok
Daily budget,Anggaran harian
"Daily budgets, reminders and the hold","Anggaran harian, pengingat, dan jeda"
Daily time budget,Anggaran waktu harian
Daily video budget,Anggaran video harian
Dark,Gelap
Days to remember a video. Zero removes the age limit. History keeps at most %1$s videos.,Jumlah hari sebuah video diingat. Nol menghapus batas usia. Riwayat menyimpan paling banyak %1$s video.
"Days. Zero keeps every age. Posts without a usable timestamp, including future posts, stay visible.","Hari. Nol menampilkan semua umur. Kiriman tanpa stempel waktu yang bisa dipakai, termasuk kiriman mendatang, tetap ditampilkan."
Default,Bawaan
Default playback speed,Kecepatan pemutaran bawaan
Device access,Akses perangkat
"Device language, then original","Bahasa perangkat, lalu bahasa asli"
Diagnostic data cleared. Tap again to put it back.,Data diagnostik dihapus. Ketuk lagi untuk mengembalikannya.
Diagnostic data put back,Data diagnostik dikembalikan
Diagnostic report copied to the clipboard,Laporan diagnostik disalin ke papan klip
Diagnostics,Diagnostik
Disable,Matikan
Stop analytics and tracking,Hentikan analitik dan pelacakan
Long-press Home for Hushfeed settings,Tekan lama Beranda untuk pengaturan Hushfeed
Press and hold the Home tab to open these settings. A tap on Home works as before.,Tekan lama tab Beranda untuk membuka pengaturan ini. Mengetuk Beranda tetap berfungsi seperti biasa.
Keep For You on a Home tap,Pertahankan Untuk Kamu saat mengetuk Beranda
Keep For You on a pull down,Pertahankan Untuk Kamu saat tarik ke bawah
Keep long press from quick sharing,Jangan biarkan tekan lama membagikan cepat
Keep long press from reposting,Jangan biarkan tekan lama me-repost
Disabled,Nonaktif
Discard edits,Buang perubahan
Dismissed %1$s suggested accounts,%1$s akun saran dihapus
Dismissed one suggested account,Satu akun saran dihapus
Don't start the feed on returning,Jangan mulai feed saat kembali
Do nothing,Tidak melakukan apa pun
Done,Selesai
Double tap,Ketuk dua kali
Download original photos,Unduh foto asli
Destination updated,Tujuan diperbarui
Downloads,Unduhan
"Drag to move, release to place","Seret untuk memindahkan, lepaskan untuk menempatkan"
Drama and Series,Drama dan Serial
Shows TikTok's text in your phone's font instead of TikTok Sans. Icons and gift animations keep their own fonts. Restart TikTok to see the change.,"Menampilkan teks TikTok dengan font ponselmu, bukan TikTok Sans. Ikon dan animasi hadiah tetap memakai font sendiri. Mulai ulang TikTok untuk melihat perubahannya."
"Hide the notification saying somebody new followed you before it reaches the drawer. Every other notification is left alone, and the follower still appears in the Inbox.","Sembunyikan notifikasi yang memberi tahu ada orang baru yang mengikutimu sebelum masuk ke laci notifikasi. Notifikasi lain tidak terpengaruh, dan pengikutnya tetap muncul di Kotak Masuk."
Each area shows how many of the things Hushfeed looks for were found in this TikTok and how many are missing.,Setiap area menunjukkan berapa banyak hal yang dicari Hushfeed yang ditemukan di TikTok ini dan berapa yang hilang.
Empty,Kosong
"Empty the menu that opens when you press and hold TikTok's icon on the home screen. Turning this off asks TikTok to build them again. Tapping the icon still opens the app, and a shortcut you pinned yourself stays where you put it.","Kosongkan menu yang terbuka saat ikon TikTok di layar beranda ditekan dan ditahan. Menonaktifkannya akan meminta TikTok membuatnya kembali. Mengetuk ikon tetap membuka aplikasi, dan pintasan yang kamu sematkan sendiri tetap berada di tempatnya."
Enable,Hidupkan
Log diagnostics,Catat diagnostik
Lock the hold speed with a pull down,Kunci kecepatan tahan dengan tarik ke bawah
Apply overrides,Terapkan penggantian
Enabled,Aktif
Enter a JSON object or array.,Masukkan objek atau larik JSON.
Enter a creator handle or id,Masukkan handle atau ID kreator
Enter a finite number.,Masukkan angka terbatas.
Enter a number.,Masukkan angka.
"Enter an hour, like 6 or 06:00.","Masukkan jam, misalnya 6 atau 06:00."
Enter a valid structured value.,Masukkan nilai terstruktur yang valid.
Enter a valid two-letter country code,Masukkan kode negara dua huruf yang sah
"Enter a whole number, or one like 20K, 1.5M or 2B","Masukkan bilangan bulat, atau seperti 20K, 1.5M atau 2B"
Enter a whole number.,Masukkan bilangan bulat.
Enter true or false.,Masukkan true atau false.
Enter up to %1$d comma-separated speeds from %2$s to %3$s,"Masukkan sampai %1$d kecepatan dari %2$s hingga %3$s, dipisahkan koma"
That isn't valid JSON. Check the brackets and quotes.,Itu bukan JSON yang valid. Periksa tanda kurung dan tanda kutip.
Entry %1$d has a field with the wrong data type.,Entri %1$d memiliki kolom dengan tipe data yang salah.
Entry %1$d isn't an object.,Entri %1$d bukan objek.
Errors,Kesalahan
Expand activity list,Bentangkan daftar aktivitas
Explore or Community,Jelajahi atau Komunitas
Export diagnostic report,Ekspor laporan diagnostik
Export loaded values,Ekspor nilai yang dimuat
Exported %1$d loaded values,%1$d nilai yang dimuat diekspor
Exported 1 loaded value,1 nilai yang dimuat diekspor
Fade the feed out before the hold,Redupkan feed sebelum feed ditahan
Feature Gate Lab,Feature Gate Lab
Feature gate override reset,Penggantian gate diatur ulang
Feature gate override saved,Penggantian gate disimpan
Feed and navigation,Feed dan navigasi
Feed button size,Ukuran tombol feed
Feed filter,Filter feed
Feed screen,Layar feed
Feed tabs,Tab feed
"Field %1$s can't be changed on this build. Take it out of the override, or reset the override.","Field %1$s tidak bisa diubah di build ini. Keluarkan dari penimpaan, atau setel ulang penimpaan."
Field edits were discarded,Perubahan bidang dibuang
Field edits weren't saved,Perubahan bidang tidak disimpan
Files,Berkas
Filter bottom tabs,Filter tab bawah
Filter comments by keyword,Filter komentar berdasarkan kata kunci
Filter feed tabs,Filter tab feed
Filter TikTok's offline videos,Filter video offline TikTok
Filter settings,Pengaturan filter
Filter the list,Saring daftar
Filter: %1$s,Filter: %1$s
"Filters, translation and copy options","Filter, terjemahan, dan opsi salin"
First caller,Pemanggil pertama
First rejection:,Penolakan pertama:
Fit the video to the screen,Sesuaikan video dengan layar
Fill the screen with the video,Penuhi layar dengan video
Crop the video until it covers the whole window. On a tall phone the black strip TikTok leaves under a video goes and so does a little of each side.,Memotong video sampai menutupi seluruh jendela. Di ponsel yang tinggi garis hitam yang ditinggalkan TikTok di bawah video hilang dan sedikit dari tiap sisi ikut hilang.
Focus,Fokus
Follow probe,Uji ikuti
Following,Mengikuti
For You,Untuk Kamu
Works only with YTDLnis (com.deniscerri.ytdl). Picks audio or video when the save button sends it a link.,Hanya berfungsi dengan YTDLnis (com.deniscerri.ytdl). Memilih audio atau video saat tombol simpan mengirimkan tautan ke sana.
Works only with YTDLnis (com.deniscerri.ytdl). Starts the download in the background without showing its download card.,Hanya berfungsi dengan YTDLnis (com.deniscerri.ytdl). Memulai unduhan di latar belakang tanpa menampilkan kartu unduhannya.
Forced %1$d gates of %2$d. The rest don't take a true or false value. Restart TikTok to apply this.,%1$d dari %2$d gate dipaksakan. Sisanya tidak menerima nilai true atau false. Mulai ulang TikTok agar berlaku.
Forced %1$d gates. Restart TikTok to apply this.,%1$d gate dipaksakan. Mulai ulang TikTok agar berlaku.
Forced 1 gate of %2$d. The rest don't take a true or false value. Restart TikTok to apply this.,1 dari %2$d gate dipaksakan. Sisanya tidak menerima nilai true atau false. Mulai ulang TikTok agar berlaku.
Forced 1 gate. Restart TikTok to apply this.,1 gate dipaksakan. Mulai ulang TikTok agar berlaku.
Forced result,Hasil yang dipaksakan
Forget seen videos after,Lupakan video yang sudah ditonton setelah
Forget the %1$s seen videos.,Lupakan %1$s video yang dilihat.
Forget what has been counted today and end any hold. The budgets themselves are left alone.,Lupakan yang sudah dihitung hari ini dan akhiri penahanan apa pun. Anggarannya sendiri tidak diubah.
Friends,Teman
Full comment sort options,Opsi urutan komentar lengkap
Full license,Lisensi lengkap
Full report saved to %1$s,Laporan lengkap disimpan ke %1$s
GIF,GIF
Gate data unavailable,Data gate tidak tersedia
Gate details,Detail gate
Generated defaults,Nilai bawaan yang dihasilkan
Gestures,Gerakan
Ghost mode,Mode siluman
Hand-off,Penerusan
Handle or id,Nama pengguna atau id
Hidden %1$s on this phone,%1$s disembunyikan di ponsel ini
Hidden commenters,Pengomentar yang disembunyikan
Blocked and hidden creators,Kreator yang diblokir dan disembunyikan
Hidden: %1$s,Disembunyikan: %1$s
Hide,Sembunyikan
Hide AI-generated videos,Sembunyikan video buatan AI
Hide CAPTCHA popups,Sembunyikan popup CAPTCHA
Hide LIVE replays,Sembunyikan tayangan ulang LIVE
Hide LIVE videos,Sembunyikan video LIVE
Hide Series,Sembunyikan Series
Hide the Tako bubble,Sembunyikan gelembung Tako
Hide TikTok Shop,Sembunyikan TikTok Shop
Hide TikTok Shop posts from the feed.,Sembunyikan kiriman TikTok Shop dari feed.
Shop order updates and coupon messages no longer take up rows in the Inbox. Your orders are unchanged.,Kabar pesanan dan pesan kupon dari Shop tidak lagi memakai baris di Kotak Masuk. Pesananmu tidak berubah.
Hide the Tako chat,Sembunyikan chat Tako
Hide the quick emoji row and automatic sticker suggestions that appear while you type. The emoji and sticker buttons still work.,Sembunyikan baris emoji cepat dan saran stiker otomatis yang muncul saat kamu mengetik. Tombol emoji dan stiker tetap berfungsi.
Hide activity,Sembunyikan aktivitas
Hide activity status,Sembunyikan status aktivitas
Hide archive,Sembunyikan arsip
Hide bottom tabs TikTok adds later unless you allow them.,"Sembunyikan tab bawah yang TikTok tambahkan kemudian, kecuali kamu mengizinkannya."
Unavailable on these TikTok builds. All verification challenges stay visible.,Tidak tersedia pada versi TikTok ini. Semua verifikasi tetap terlihat.
Hide buttons in the right column,Sembunyikan tombol di kolom kanan
Hide comment polls,Sembunyikan jajak pendapat komentar
Show poll results before voting,Tampilkan hasil polling sebelum memilih
A comment poll shows how many picked each answer before you vote. Tapping an answer still votes.,Polling komentar menampilkan berapa orang memilih tiap jawaban sebelum kamu memilih. Mengetuk jawaban tetap memberi suara.
Hide comment popup ads,Sembunyikan iklan popup di komentar
Hide comments made of an image or a sticker instead of words.,"Sembunyikan komentar yang berupa gambar atau stiker, bukan kata-kata."
"Hide comments that contain any of the words below, or that come from the accounts below.","Sembunyikan komentar yang memuat salah satu kata di bawah, atau yang berasal dari akun di bawah."
Hide controls after each video starts. Tap to restore them.,Sembunyikan kontrol setelah tiap video mulai. Ketuk untuk memunculkannya lagi.
Hide conversations,Sembunyikan percakapan
Hide every direct message conversation. Leaves the Inbox empty apart from whatever else is still turned on.,Sembunyikan semua percakapan pesan langsung. Kotak Masuk jadi kosong kecuali apa pun yang masih kamu aktifkan.
Hide the save button on the feed,Sembunyikan tombol simpan di feed
Hide the search button on the feed,Sembunyikan tombol cari di feed
Hide the tab names above the feed,Sembunyikan nama tab di atas feed
The Following and For You names above the feed go away. Swiping between the feeds and the search button stay as they are.,Nama Mengikuti dan Untuk Anda di atas feed hilang. Menggeser antar feed dan tombol pencarian tetap seperti semula.
"Hide floating promotion badges, coins, and timer banners on the feed.","Sembunyikan lencana promosi mengambang, koin, dan spanduk penghitung waktu di beranda."
Hide floating promotions,Sembunyikan promosi mengambang
Hide inserted cards,Sembunyikan kartu sisipan
Hide message requests,Sembunyikan permintaan pesan
Hide message streaks,Sembunyikan rentetan pesan
Hide new follower notifications,Sembunyikan notifikasi pengikut baru
Hide new followers,Sembunyikan pengikut baru
Hide paid partnerships,Sembunyikan kemitraan berbayar
Hide people and options by name,Sembunyikan orang dan opsi berdasarkan nama
Hide photo posts,Sembunyikan publikasi foto
Hide picture comments,Sembunyikan komentar bergambar
Hide playlist videos,Sembunyikan video playlist
Hide promotional music,Sembunyikan musik promosi
Hide comment typing suggestions,Sembunyikan saran saat mengetik komentar
Hide rows by title,Sembunyikan baris berdasarkan judul
Hide the Inbox search button,Sembunyikan tombol pencarian Kotak Masuk
Hide suggestions on the search page,Sembunyikan saran di halaman pencarian
Hide sharing apps,Sembunyikan aplikasi berbagi
Hide stories tray,Sembunyikan deret Story
Hide stories,Sembunyikan Story
The accounts TikTok suggests you follow no longer take up rows in the Inbox.,Akun yang disarankan TikTok untuk kamu ikuti tidak lagi memakai baris di Kotak Masuk.
Hide suggested accounts,Sembunyikan akun yang disarankan
Hide surveys,Sembunyikan survei
Hide tabs TikTok adds later unless you allow them.,"Sembunyikan tab yang TikTok tambahkan kemudian, kecuali kamu mengizinkannya."
"Hide the ""Search this image"" prompt shown over videos. The feed search button and suggestions above comments are separate settings.","Sembunyikan ajakan ""Cari gambar ini"" yang muncul di atas video. Tombol pencarian feed dan saran di atas komentar memiliki pengaturan terpisah."
The Activity row of likes and comments on your posts leaves the Inbox. Notifications about them still arrive.,Baris Aktivitas berisi suka dan komentar di postinganmu hilang dari Kotak Masuk. Notifikasinya tetap masuk.
The Archive row leaves the Inbox. Archived chats are kept.,Baris Arsip hilang dari Kotak Masuk. Obrolan yang diarsipkan tetap tersimpan.
Hide the LIVE button,Sembunyikan tombol LIVE
Hide the LIVE button in the top left corner of the feed.,Sembunyikan tombol LIVE di pojok kiri atas feed.
Hide the side menu button,Sembunyikan tombol menu samping
"Hide the button at the top left of the feed that opens TikTok's side menu, with Your orders, TikTok Minis and more.","Sembunyikan tombol di pojok kiri atas feed yang membuka menu samping TikTok, berisi Pesananmu, TikTok Minis, dan lainnya."
Hide LIVE videos from the feed.,Sembunyikan video LIVE dari feed.
The Message requests row leaves the Inbox. Requests keep arriving and wait there until you turn this off.,Baris Permintaan pesan hilang dari Kotak Masuk. Permintaan tetap masuk dan menunggu di sana sampai kamu mematikan ini.
The New followers row leaves the top of the Inbox. The accounts still follow you.,Baris Pengikut baru hilang dari bagian atas Kotak Masuk. Akun-akun itu tetap mengikutimu.
Hide the Send to row,Sembunyikan baris Kirim ke
"Hide the Tako AI bubble above the profile button, the Ask bar under videos, the Ask Tako button on the search page, the Ask Tako tab on search results and the Tako bar above comments.","Sembunyikan gelembung Tako AI di atas tombol profil, bilah Tako di bawah video, tombol Tanya Tako di halaman pencarian, tab Tanya Tako di hasil pencarian, dan bilah Tako di atas komentar."
The Tako assistant's conversation leaves the Inbox list. The Tako bubble on the feed has its own switch under Feed tabs.,Percakapan dengan asisten Tako hilang dari daftar Kotak Masuk. Gelembung Tako di feed punya sakelar sendiri di Tab feed.
The activity status control leaves the Inbox header. Whether others see you as active is unchanged.,Kontrol status aktivitas hilang dari bagian atas Kotak Masuk. Apakah orang lain melihatmu aktif tidak berubah.
Hide the add people icon,Sembunyikan ikon tambah orang
"The add people icon leaves the Inbox header. Only the shortcut goes, so friend suggestions elsewhere are unchanged.","Ikon tambah orang hilang dari bagian atas Kotak Masuk. Hanya pintasannya yang hilang, saran teman di tempat lain tidak berubah."
Hide the caption,Sembunyikan keterangan
Hide the description under the creator's name on the feed.,Sembunyikan deskripsi di bawah nama kreator pada feed.
Hide the event badge,Sembunyikan lencana acara
Hide the floating promotional badge over the feed.,Sembunyikan lencana promosi yang mengambang di atas feed.
Hide the follow button on the feed,Sembunyikan tombol ikuti di feed
Hide the friend recommendation card and the other cards TikTok slots between videos.,Sembunyikan kartu rekomendasi teman dan kartu lain yang TikTok selipkan di antara video.
Hide the launcher shortcuts,Sembunyikan pintasan peluncur
Hide the music line,Sembunyikan baris musik
Hide photo posts from the feed.,Sembunyikan postingan foto dari feed.
Hide the playlist bar,Sembunyikan bilah playlist
Hide the playlist bar along the bottom of videos that belong to a series.,Sembunyikan bilah playlist di bagian bawah video yang termasuk sebuah seri.
Hide the plus button under the creator's picture in the right column. Ticking Avatar and follow button above hides the picture with it.,Sembunyikan tombol plus di bawah foto kreator di kolom kanan. Mencentang Avatar dan tombol ikuti di atas ikut menyembunyikan fotonya.
Hide the purple rewards button beside Add friends on your profile.,Sembunyikan tombol hadiah ungu di samping Tambah teman di profilmu.
Hide the question cards TikTok slides over a video near its end.,Sembunyikan kartu pertanyaan yang TikTok munculkan menjelang akhir video.
Hide the rewards shortcut,Sembunyikan pintasan hadiah
Hide the right column,Sembunyikan kolom kanan
The row of story avatars across the top of the Inbox goes. Stories still play from the feed and from profiles.,Baris foto profil Story di bagian atas Kotak Masuk hilang. Story tetap bisa diputar dari feed dan dari profil.
Hide the save button in the right column. Ticking Save in the list above hides it too.,Sembunyikan tombol simpan di kolom kanan. Mencentang Simpan di daftar di atas juga menyembunyikannya.
Hide the magnifying glass at the top right of the feed. Search in Inbox and suggestions above comments stay unchanged.,Sembunyikan ikon kaca pembesar di kanan atas feed. Pencarian di Kotak Masuk dan saran di atas komentar tetap sama.
Hide the magnifying glass at the top of Inbox. Search on the feed and in comments is unchanged.,Sembunyikan ikon kaca pembesar di bagian atas Kotak Masuk. Pencarian di feed dan di komentar tidak berubah.
Hide recommended searches before you type on TikTok's search page. Your search history stays. This doesn't hide suggestions above comments.,Sembunyikan pencarian yang direkomendasikan sebelum mengetik di halaman pencarian TikTok. Riwayat pencarian tetap ada. Ini tidak menyembunyikan saran di atas komentar.
Hide the share prompt after a like,Sembunyikan ajakan berbagi setelah suka
Hide the track name beside the caption.,Sembunyikan nama lagu di samping keterangan.
Hide the status bar,Sembunyikan bilah status
Hide stories from the feed.,Sembunyikan Story dari feed.
"Hide the whole column on the right, from the avatar down to the music disc.","Sembunyikan seluruh kolom kanan, dari avatar sampai piringan musik."
Hide this creator on this phone,Sembunyikan kreator ini di ponsel ini
Hide verified accounts,Sembunyikan akun terverifikasi
Hide video actions,Sembunyikan aksi video
"Hide videos with TikTok's AI-generated label, AI content credentials, a TikTok AI effect such as AI Alive, or a tag like #ai or #aigenerated.","Sembunyikan video dengan label AI dari TikTok, kredensial konten AI, efek AI TikTok seperti AI Alive, atau tagar seperti #ai atau #aigenerated."
Hide videos marked as paid partnership or branded content.,Sembunyikan video yang ditandai sebagai kemitraan berbayar atau konten bermerek.
Hide videos posted as part of a playlist.,Sembunyikan video yang diunggah sebagai bagian dari playlist.
Hide videos posted by verified accounts.,Sembunyikan video yang diunggah akun terverifikasi.
Hide videos that belong to a paid Series.,Sembunyikan video yang termasuk Series berbayar.
Hide videos with a lot of views and few comments. Works the same way as views per like. Zero turns it off.,Sembunyikan video dengan banyak tayangan dan sedikit komentar. Bekerja sama seperti tayangan per suka. Nol mematikannya.
"Hide videos with a lot of views and few likes. Lower numbers are stricter, zero turns the rule off, and one video is kept back if everything the feed just sent would go.","Sembunyikan video dengan banyak penayangan dan sedikit suka. Angka lebih kecil lebih ketat, nol mematikan aturannya, dan satu video disisakan kalau semua yang baru dikirim feed akan hilang."
Hide videos you have already seen,Sembunyikan video yang sudah kamu tonton
Hide Search this image prompts,Sembunyikan ajakan Cari gambar ini
Hiding,Menyembunyikan
Highest,Tertinggi
Historical,Historis
Historical values,Nilai historis
Hold a gate to choose several,Tahan sebuah gate untuk memilih beberapa
Hold the feed after the budget,Tahan feed setelah anggaran habis
Home,Beranda
Hook status,Pemeriksaan fitur
How far each edge press moves the video.,Seberapa jauh setiap tekanan di tepi memindahkan video.
Hushfeed can't read the creator pattern %1$s,Hushfeed tidak bisa membaca pola kreator %1$s
Hushfeed hid a TikTok CAPTCHA. Turn off Hide CAPTCHA popups if something stops working.,Hushfeed menyembunyikan satu CAPTCHA TikTok. Matikan Sembunyikan popup CAPTCHA kalau ada yang berhenti berfungsi.
Hushfeed is active,Hushfeed aktif
Shows the Duet and Stitch options even when the creator turned them off. TikTok may still refuse to accept the result.,Menampilkan opsi Duet dan Stitch meskipun kreator mematikannya. TikTok masih bisa menolak hasilnya.
Import finished,Impor selesai
Import loaded values,Impor nilai yang dimuat
Imported %1$d values,%1$d nilai diimpor
Imported %1$d values. Undo last Lab change is in the menu.,%1$d nilai diimpor. Batalkan perubahan Lab terakhir ada di menu.
Inbox,Kotak Masuk
Include diagnostic events,Sertakan peristiwa diagnostik
Included diagnostics,Diagnostik yang disertakan
Includes all diagnostic events.,Termasuk semua peristiwa diagnostik.
Includes these events: %1$s,Termasuk peristiwa berikut: %1$s
Inserted cards,Kartu yang disisipkan
Keep a local record of what you have watched and hide those videos when the feed sends them again.,Simpan catatan tontonanmu di perangkat dan sembunyikan video itu saat feed mengirimnya lagi.
Keep a paused video paused,Biarkan video yang dijeda tetap dijeda
"Move to the next video when the current one ends. Pauses, open dialogs and screen-time holds stop it. Restart TikTok to apply this.","Pindah ke video berikutnya saat video saat ini berakhir. Jeda, dialog terbuka, dan batas waktu layar akan menghentikannya. Mulai ulang TikTok setelah mengubah setelan ini."
Keep captions in clear display,Pertahankan keterangan saat tampilan bersih
Keep going,Lanjutkan
Keep the Favorites tab,Pertahankan tab Favorit
Keep the clock and status icons off the screen while TikTok is open. Swipe down from the top to peek at them.,Sembunyikan jam dan ikon status selama TikTok terbuka. Geser dari atas untuk mengintipnya.
Keep the screen's refresh rate,Pertahankan laju penyegaran layar
"Keep the speed you chose for the next video. Off, each new video starts at 1x and a manual choice lasts for that video only.","Menyimpan kecepatan yang dipilih untuk video berikutnya. Mati, setiap video baru dimulai dari 1x dan pilihan manual hanya berlaku untuk video itu."
Keep this string to %1$s characters or fewer.,Jaga string ini %1$s karakter atau kurang.
Keep this structured value to %1$s KB or less.,Batasi nilai terstruktur ini hingga %1$s KB atau kurang.
"Kept to %1$s, the nearest value this row allows","Disetel ke %1$s, nilai terdekat yang diizinkan baris ini"
Kinds of post,Jenis postingan
LIVE,LIVE
LIVE replays,Putar ulang LIVE
LIVE settings,Pengaturan Live
LIVE share actions,Tindakan berbagi LIVE
LIVE videos,Video LIVE
Lab data reset. Undo last Lab change is in the menu. Restart TikTok to apply this.,Data Lab disetel ulang. Batalkan perubahan Lab terakhir ada di menu. Mulai ulang TikTok agar berlaku.
"Lab data was over its rule limit, so it was cleared without an undo copy. Restart TikTok to apply this.","Data Lab melebihi batas aturan, jadi data dihapus tanpa salinan untuk dibatalkan. Mulai ulang TikTok agar berlaku."
Lab overrides reset. Undo last Lab change is in the menu. Restart TikTok to apply this.,Penggantian Lab disetel ulang. Batalkan perubahan Lab terakhir ada di menu. Mulai ulang TikTok agar berlaku.
Larger (1.25x),"Lebih besar (1,25x)"
Last original value,Nilai asli terakhir
Last recording: %1$d gates.,Rekaman terakhir: %1$d gate.
Last recording: 1 gate.,Rekaman terakhir: 1 gate.
Layout,Tata letak
"Layout, search, profile and system","Tata letak, pencarian, profil, dan sistem"
Leave when TikTok says time is up,Keluar saat TikTok bilang waktunya habis
Leave maximum empty to keep it unlimited.,Kosongkan nilai maksimum agar tetap tanpa batas.
Leave the sound out of the saved video. Save the sound as well still writes the .m4a beside it if you want both.,Hilangkan suara dari video yang disimpan. Simpan suaranya juga tetap menulis berkas .m4a di sebelahnya kalau kamu mau keduanya.
Length and views per like,Durasi dan penayangan per suka
Less than a minute left,Kurang dari satu menit lagi
"Let screenshots, screen recording and Circle to Search work on TikTok again. Restart TikTok to apply this.","Izinkan lagi tangkapan layar, perekaman layar dan Circle to Search di TikTok. Mulai ulang TikTok agar berlaku."
Let the Offline videos menu use your own limit instead of TikTok's fixed one. Restart TikTok to apply this.,"Biarkan menu Video offline memakai batas kamu sendiri, bukan batas tetap TikTok. Mulai ulang TikTok agar berlaku."
Licenses,Lisensi
Like,Suka
Limits,Batas
Link copied,Tautan disalin
Links,Tautan
Links in comments open,Tautan di komentar bisa dibuka
More opens the comments,Selengkapnya membuka komentar
Tapping more under a video opens its comments with the whole caption at the top instead of spreading the caption over the video. A tap on the caption itself does the same. Photo posts keep TikTok's own page for this.,Mengetuk selengkapnya di bawah video membuka komentarnya dengan seluruh keterangan di atas alih-alih membentangkan keterangan di atas video. Mengetuk keterangan itu sendiri melakukan hal yang sama. Postingan foto tetap memakai halaman TikTok sendiri untuk ini.
Caption above comments,Keterangan di atas komentar
The comment button also opens a video's comments with its caption at the top. The caption over the video goes away while this is on.,Tombol komentar juga membuka komentar video dengan keterangannya di atas. Keterangan di atas video disembunyikan selama ini aktif.
Loaded current values. Loading all known gates…,Nilai saat ini dimuat. Memuat semua gate yang diketahui…
Loaded values are still being read. Try again in a moment.,Nilai yang dimuat masih dibaca. Coba lagi sebentar lagi.
Loaded-value file export failed,Ekspor berkas nilai yang dimuat gagal
Loading gates…,Memuat gate…
Creators hidden on this phone,Kreator yang disembunyikan di ponsel ini
Lock today's budget,Kunci anggaran hari ini
"Logging, hook status and reports","Log, status hook, dan laporan"
Long press,Tekan lama
Hold speed on Comment,Kecepatan tahan di Komentar
A long press on Comment plays the video at the hold speed instead of opening the emoji row. It needs Long press on TikTok default and Seek from the edges off.,Tekan lama pada Komentar memutar video dengan kecepatan tahan alih-alih membuka baris emoji. Perlu Tekan lama pada bawaan TikTok dan Lompat dari tepi layar mati.
Hold speed on Share,Kecepatan tahan di Bagikan
A long press on Share plays the video at the hold speed instead of opening the quick share row. It needs Long press on TikTok default and Seek from the edges off.,Tekan lama pada Bagikan memutar video dengan kecepatan tahan alih-alih membuka baris bagikan cepat. Perlu Tekan lama pada bawaan TikTok dan Lompat dari tepi layar mati.
Hold speed on Favorites,Kecepatan tahan di Favorit
A long press on Favorites plays the video at the hold speed instead of offering a new collection. It needs Long press on TikTok default and Seek from the edges off.,Tekan lama pada Favorit memutar video dengan kecepatan tahan alih-alih menawarkan koleksi baru. Perlu Tekan lama pada bawaan TikTok dan Lompat dari tepi layar mati.
Lowest,Terendah
Manager,Manajer
Marked as not interested,Ditandai tidak tertarik
Match locale and timezone to country,Samakan lokal dan zona waktu dengan negara
Maximum,Maksimum
Maximum post age,Usia maksimum kiriman
Maximum video length,Durasi video maksimum
Maximum views per comment,Maksimum tayangan per komentar
Maximum views per like,Tayangan maksimum per suka
Media,Media
Media config (VE),Konfigurasi media (VE)
"Messages, profiles and search still work.","Pesan, profil dan pencarian masih berfungsi."
Microphone in use,Mikrofon sedang dipakai
Comments range,Rentang komentar
Favorites range,Rentang favorit
Likes range,Rentang suka
Shares range,Rentang bagikan
Use Save report for this large report,Gunakan Simpan laporan untuk laporan besar ini
Video player settings,Setelan pemutar video
"Videos can't be saved to the folder in that file, so your video folder was kept","Video tidak bisa disimpan ke folder di file itu, jadi folder videomu tetap dipakai"
Views range,Rentang tayangan
Minimum,Minimum
More options,Opsi lainnya
Move down,Pindahkan ke bawah
Move left,Pindahkan ke kiri
Move right,Pindahkan ke kanan
Move up,Pindahkan ke atas
Music disc,Piringan musik
Pauses the video behind the comment sheet while you read. It plays on from the same spot when the sheet closes.,Menjeda video di balik komentar saat kamu membaca. Video lanjut dari titik yang sama saat komentar ditutup.
Nearby,Terdekat
Never from these countries,Tidak pernah dari negara ini
No,Tidak
No creator to block on this video,Tidak ada kreator untuk diblokir di video ini
No creator to hide on this video,Tidak ada kreator untuk disembunyikan di video ini
"No creators are hidden yet. Hide one from a video, or add a handle above.","Belum ada kreator yang disembunyikan. Sembunyikan dari video, atau tambahkan handle di atas."
No current value,Tidak ada nilai saat ini
No current value and no active override,Tidak ada nilai saat ini dan tidak ada penimpaan aktif
No delay,Tanpa jeda
No gate data is available. Refresh values from the menu to try again.,Tidak ada data gate. Segarkan nilai dari menu untuk mencoba lagi.
No gate reads were recorded. Use a TikTok feature while recording.,Tidak ada pembacaan gate yang terekam. Pakai fitur TikTok saat merekam.
No gates match this filter.,Tidak ada gate yang cocok dengan filter ini.
No gates match this search and filter.,Tidak ada gate yang cocok dengan pencarian dan filter ini.
No hidden creators match this search. Clear the search to see them all.,Tidak ada kreator tersembunyi yang cocok. Hapus pencarian untuk melihat semuanya.
No limit,Tanpa batas
"No matching comments. Try a different word, or clear the search with the X in the box.",Tidak ada komentar yang cocok. Coba kata lain atau hapus pencarian dengan X di kotak.
No matching countries. Try a country name or a two-letter code.,Tidak ada negara yang cocok. Coba nama negara atau kode dua huruf.
No matching diagnostics found,Tidak ada diagnostik yang cocok
No matching settings,Tidak ada setelan yang cocok
No preset selected. Choose a preset above.,Tidak ada preset yang dipilih. Pilih preset di atas.
"No recording yet. Start one, use a feature, then return here.","Belum ada rekaman. Mulai satu, pakai sebuah fitur, lalu kembali ke sini."
No seen videos recorded yet.,Belum ada video yang dilihat tercatat.
No share actions have been seen yet,Belum ada tindakan berbagi yang terlihat
No share actions match this search,Tidak ada tindakan berbagi yang cocok dengan pencarian ini
No sound to block on this video,Tidak ada suara untuk diblokir di video ini
No suggested accounts to clear,Tidak ada akun saran yang bisa dihapus
No video selected. Open a video first.,Tidak ada video yang dipilih. Buka video terlebih dahulu.
None of these gates had an override to reset.,Tidak satu pun gate ini punya penggantian untuk diatur ulang.
None of these gates takes a true or false value.,Tidak satu pun gate ini menerima nilai true atau false.
None recorded,Tidak ada yang tercatat
Normal,Normal
Not blocked,Tidak diblokir
Not interested in this video,Tidak tertarik dengan video ini
Not read yet,Belum dibaca
Not requested in this process yet,Belum diminta dalam proses ini
Not saved yet,Belum disimpan
Not seen,Belum terlihat
Not seen yet,Belum terlihat
"Nothing has been checked yet, so there's nothing to report.","Belum ada yang diperiksa, jadi tidak ada yang bisa dilaporkan."
"Nothing has been looked up yet. Use the app for a moment, then come back.","Belum ada yang dicari. Gunakan aplikasi sebentar, lalu kembali ke sini."
Nothing hidden.,Tidak ada yang disembunyikan.
Nothing is playing to seek,Tidak ada yang diputar untuk dilompati
"Nothing new was imported. %1$d already matched, %2$d unavailable, %3$d rejected.","Tidak ada yang baru diimpor. %1$d sudah cocok, %2$d tidak tersedia, %3$d ditolak."
"Nothing new was imported. %1$d already matched, %2$d unavailable, %3$d rejected. First rejection: %4$s","Tidak ada hal baru yang diimpor. %1$d sudah cocok, %2$d tidak tersedia, %3$d ditolak. Penolakan pertama: %4$s"
Nothing on this page changes what TikTok does until they are on.,Tidak ada di halaman ini yang mengubah perilaku TikTok selama itu mati.
Nothing to undo yet.,Belum ada yang bisa dibatalkan.
Notices from this project and the ones it's built on,Pemberitahuan dari proyek ini dan proyek yang menjadinya
OK,OK
Off,Mati
"Off forces the value to false, on forces it to true. Reset lets TikTok decide again.","Mati memaksa nilai false, nyala memaksa true. Reset mengembalikan keputusan ke TikTok."
Offline videos,Video offline
Offline videos limit,Batas video offline
On mobile data,Saat memakai data seluler
"Once today's budget runs out, the hold stays and can't be dismissed. The budget settings are locked until the day starts over. Turn this off any time before the budget runs out.","Setelah anggaran hari ini habis, jeda tetap ada dan tidak bisa ditutup. Pengaturan anggaran dikunci sampai hari baru dimulai. Matikan ini kapan saja sebelum anggaranmu habis."
One area was checked and everything it needs is here.,Satu area diperiksa dan semua yang dibutuhkannya ada.
One minute left,Satu menit lagi
"One of the quote marks in that list has nothing to close it, so the rest of the line reads as one phrase. Add the missing quote or take the stray one out.","Salah satu tanda kutip dalam daftar itu tidak ditutup, sehingga sisa barisnya terbaca sebagai satu frasa. Tambahkan tanda kutip yang hilang atau hapus yang berlebih."
One value per line,Satu nilai per baris
Only bottom tabs TikTok has loaded on this device are shown here. This doesn't force unavailable tabs to appear.,Hanya tab bawah yang sudah dimuat TikTok di perangkat ini yang muncul di sini. Ini tidak memaksa tab yang tidak tersedia untuk muncul.
Only fields the Lab can check and copy safely are shown.,Hanya bidang yang bisa diperiksa dan disalin dengan aman oleh Lab yang ditampilkan.
Only from these countries,Hanya dari negara ini
Only tabs TikTok has loaded on this device are shown here. This doesn't force unavailable tabs to appear.,Hanya tab yang sudah dimuat TikTok di perangkat ini yang muncul di sini. Ini tidak memaksa tab yang tidak tersedia untuk muncul.
"Open a share sheet once, then return here to choose its actions.","Buka lembar berbagi sekali, lalu kembali ke sini untuk memilih tindakannya."
Open comments,Buka komentar
Open external links directly,Buka tautan luar secara langsung
Open messages,Buka pesan
Open profile and story website links in your system browser instead of TikTok's in-app browser.,"Buka tautan situs di profil dan Story lewat peramban sistemmu, bukan peramban dalam aplikasi TikTok."
Open the feed anyway,Tetap buka feed
"Open the feed anyway, %1$d left today","Tetap buka feed, sisa %1$d hari ini"
"Open the feed anyway, the last time today","Tetap buka feed, terakhir kali hari ini"
Open the feed once so Hushfeed can see which bottom tabs TikTok loaded.,Buka beranda TikTok untuk mendeteksi tab bawah yang dimuat.
Open the feed once so Hushfeed can see which tabs TikTok loaded.,Buka feed beranda TikTok untuk mendeteksi tab yang dimuat.
Open the profile again and try once more,Buka lagi profilnya dan coba sekali lagi
Open the story again and try once more,Buka lagi Story-nya dan coba sekali lagi
Open TikTok on,Buka TikTok di
Opens github.com in your browser,Membuka github.com di browser kamu
Operator code,Kode operator
Operator name,Nama operator
Original language,Bahasa asli
Other,Lainnya
Other feed filters,Filter feed lainnya
Overridden,Diganti
Override,Penggantian
Override SIM details,Timpa detail SIM
"Override set, not read yet","Penggantian diatur, belum dibaca"
Override store region (experimental),Timpa wilayah toko (eksperimental)
Override this configuration,Ganti konfigurasi ini
Override this gate,Ganti gate ini
Overrides are disabled in the Feature Gate Lab.,Penggantian dimatikan di Feature Gate Lab.
Overrides disabled. Restart TikTok to apply this.,Penggantian dinonaktifkan. Mulai ulang TikTok agar berlaku.
Overrides enabled. Restart TikTok to apply this.,Penggantian diaktifkan. Mulai ulang TikTok agar berlaku.
Paid partnerships,Kemitraan berbayar
"People, shortcuts and sending controls","Orang, pintasan, dan kontrol pengiriman"
Photo,Foto
Photo and image posts,Kiriman foto dan gambar
Photo destination,Lokasi simpan foto
Photo filename,Nama berkas foto
Photos and stickers,Foto dan stiker
Pick the buttons to take off the column. The rest stay where they are.,Pilih tombol yang mau dihilangkan dari kolom. Sisanya tetap di tempat.
Plays videos that TikTok covers with a content warning without asking you to tap through first.,Memutar video yang ditutupi TikTok dengan peringatan konten tanpa meminta kamu mengetuk dulu.
Playback,Pemutaran
Player,Pemutar
Playlist posts,Kiriman playlist
Popular,Populer
Popups,Pop-up
Press and hold a profile picture to save the full size original to your photo destination.,Tekan dan tahan foto profil untuk menyimpan aslinya dalam ukuran penuh ke lokasi simpan fotomu.
"Press and hold a story to save it. Stories have no save button of their own, and holding one is how TikTok pauses it, so this takes that gesture over.","Tekan dan tahan Story untuk menyimpannya. Story tidak punya tombol simpan sendiri, dan menahannya adalah cara TikTok menjeda, jadi gestur itu diambil alih."
Press and hold the left or right third of the screen to jump back or forward. The middle third keeps the Long press action.,Tekan dan tahan sepertiga kiri atau kanan layar untuk melompat mundur atau maju. Sepertiga bagian tengah tetap memakai aksi Tekan lama.
Privacy,Privasi
Profile,Profil
Profile picture saved to %1$s,Foto profil disimpan ke %1$s
Profile share actions,Tindakan berbagi profil
Promotional music,Musik promosi
Proof,Bukti
Post age,Usia kiriman
"Adds a search box that finds comments already loaded on this video, by words or username. It doesn't search all of TikTok.","Menambahkan kotak pencarian yang menemukan komentar yang sudah dimuat di video ini, berdasarkan kata atau nama pengguna. Tidak mencari di seluruh TikTok."
Pulling down at the top of For You no longer reloads it.,Menarik ke bawah di bagian atas Untuk Kamu tidak lagi memuat ulang feed.
Putting the settings back to their defaults,Mengembalikan pengaturan ke bawaan
Quality,Kualitas
"Quality, files, subtitles and hand-off","Kualitas, berkas, subtitel, dan penerusan"
"Quality, speed and auto-advance","Kualitas, kecepatan, dan lanjut otomatis"
Silence the feed while comments are open,Senyapkan feed saat komentar terbuka
Reading,Membaca
Recorded gate reads (%1$d),Pembacaan gate yang terekam (%1$d)
"Recording gate reads. Use a feature, then return here to stop.","Merekam pembacaan gate. Pakai sebuah fitur, lalu kembali ke sini untuk berhenti."
Put back the settings saved before the last restore or reset.,Kembalikan pengaturan yang tersimpan sebelum pemulihan atau penyetelan ulang terakhir.
Recovered an interrupted settings change. Restart TikTok to apply this.,Perubahan pengaturan yang terhenti telah dipulihkan. Mulai ulang TikTok agar berlaku.
Refresh values,Segarkan nilai
Region,Wilayah
Country filters,Filter negara
Remember the last speed,Ingat kecepatan terakhir
Remind me every,Ingatkan saya setiap
Remove,Hapus
Remove %1$s,Hapus %1$s
Remove all overrides,Hapus semua penggantian
Remove feed ads,Hapus iklan di feed
"Remove feed ads, creator commission posts, paid partnerships, and branded content.","Hapus iklan di feed, postingan komisi kreator, kemitraan berbayar, dan konten bermerek."
"Hide voting cards and poll results above the comments, including polls that have ended.","Sembunyikan kartu jajak pendapat dan hasilnya di atas komentar, termasuk jajak pendapat yang sudah berakhir."
Hide the Share via row.,Sembunyikan baris Bagikan lewat.
Hide the actions row of the share sheet.,Sembunyikan baris aksi di menu bagikan.
Hide the row of friends at the top of the share sheet.,Sembunyikan baris teman di bagian atas menu bagikan.
Cuts the tracking bits out of links you share.,Menghapus bagian pelacak dari tautan yang kamu bagikan.
Remove watermark,Hapus tanda air
Removed %1$s,%1$s dihapus
Replace values when TikTok asks for them,Ganti nilai saat TikTok memintanya
Report saved to %1$s,Laporan disimpan di %1$s
Required,Wajib
Researched,Hasil riset
Researched values,Nilai hasil riset
Reset,Atur ulang
Reset %1$d gates of %2$d. Restart TikTok to apply this.,%1$d dari %2$d gate diatur ulang. Mulai ulang TikTok agar berlaku.
Reset %1$d gates. Restart TikTok to apply this.,%1$d gate diatur ulang. Mulai ulang TikTok agar berlaku.
Reset 1 gate of %2$d. Restart TikTok to apply this.,1 dari %2$d gate diatur ulang. Mulai ulang TikTok agar berlaku.
Reset 1 gate. Restart TikTok to apply this.,1 gate diatur ulang. Mulai ulang TikTok agar berlaku.
Reset override,Setel ulang penggantian
Reset position,Atur ulang posisi
Reset settings,Setel ulang pengaturan
Restart now,Mulai ulang sekarang
Restart TikTok to apply %1$d changes,Mulai ulang TikTok untuk menerapkan %1$d perubahan
Restart TikTok to apply this change,Mulai ulang TikTok untuk menerapkan perubahan ini
Restart TikTok to apply this.,Mulai ulang TikTok agar berlaku.
Restart pending,Menunggu mulai ulang
Put every setting back to its default straight away. Your current settings are kept for Undo.,Kembalikan setiap pengaturan ke bawaannya sekarang juga. Pengaturanmu yang sekarang disimpan untuk Urungkan.
Restore failed. Some settings may still be changed.,Pemulihan gagal. Beberapa pengaturan mungkin masih berubah.
Reset didn't finish. Some settings may still be changed. Use Undo to put them back.,Atur ulang tidak selesai. Beberapa pengaturan mungkin masih berubah. Gunakan Urungkan untuk mengembalikannya.
Reset didn't finish. Some settings may still be changed.,Atur ulang tidak selesai. Beberapa pengaturan mungkin masih berubah.
Undo didn't finish. Some settings may still be changed. Try Undo again.,Urungkan tidak selesai. Beberapa pengaturan mungkin masih berubah. Coba Urungkan lagi.
Undo didn't finish. Some settings may still be changed.,Urungkan tidak selesai. Beberapa pengaturan mungkin masih berubah.
Restore failed. Some settings may still be changed. Use Undo to put them back.,Pemulihan gagal. Beberapa pengaturan mungkin masih berubah. Gunakan Urungkan untuk mengembalikannya.
Restore settings,Pulihkan pengaturan
Lab settings put back. Restart TikTok to apply this.,Pengaturan Lab dikembalikan. Mulai ulang TikTok agar berlaku.
Restoring your settings,Memulihkan pengaturan kamu
Resume videos after scrolling,Lanjutkan video setelah menggulir
Retry,Coba lagi
Return a copy with the fields below changed,Kembalikan salinan dengan bidang di bawah ini yang diubah
Return after using a TikTok feature to see every gate read during the recording.,Kembali ke sini setelah memakai fitur TikTok untuk melihat semua gate yang dibaca selama perekaman.
Returns %1$s,Mengembalikan %1$s
Right column,Kolom kanan
Rows,Baris
SIM country preset,Praset negara SIM
STEM,STEM
Clean up shared links,Bersihkan tautan yang dibagikan
Save,Simpan
"Saves subtitle (SRT) files with the video. They go to Movies on Android 11 and newer, Download on Android 10, and your video folder on older versions. On Android 11 and newer with Save details on, the video moves to Download or Documents and the subtitles stay in Movies.","Menyimpan file subtitel (SRT) bersama video. File itu masuk ke Movies di Android 11 ke atas, Download di Android 10, dan folder videomu di versi yang lebih lama. Di Android 11 ke atas dengan Simpan detail menyala, video pindah ke Download atau Documents dan subtitel tetap di Movies."
Save a profile picture on a long press,Simpan foto profil dengan tekan lama
Save a story on a long press,Simpan Story dengan tekan lama
"Save every photo in the post at full size as a JPEG, not as the screen shows it.","Simpan setiap foto dalam unggahan dalam ukuran penuh sebagai JPEG, bukan seperti yang ditampilkan layar."
Save field values,Simpan nilai bidang
Save full report,Simpan laporan lengkap
Save media,Simpan media
Saves your Hushfeed settings and Feature Gate Lab rules to a file.,Menyimpan pengaturan Hushfeed dan aturan Feature Gate Lab ke satu file.
Save subtitles beside videos,Simpan subtitle bersama video
Saves TikTok's latest crash report on this phone so it can go in the diagnostic report.,Menyimpan laporan error TikTok terbaru di ponsel ini agar bisa dimasukkan ke laporan diagnostik.
Save the original sound,Simpan suara asli
Save the sound as well,Simpan suaranya juga
Save videos without sound,Simpan video tanpa suara
"Save, restore, reset and undo your settings","Simpan, pulihkan, atur ulang, dan batalkan pengaturanmu"
Saved,Tersimpan
Saved %1$s,Tersimpan: %1$s
Saved %1$s of %2$s photos before the story failed,%1$s dari %2$s foto tersimpan sebelum Story gagal
Saved %1$s original photos,%1$s foto asli tersimpan
Saved one original photo,Satu foto asli disimpan
"Saved, override off","Disimpan, penggantian mati"
Saved. Restart TikTok to apply this.,Tersimpan. Mulai ulang TikTok agar berlaku.
Saving,Menyimpan
Saving %1$s original photos,Menyimpan %1$s foto asli
Saving one original photo,Menyimpan satu foto asli
Saving settings backup,Menyimpan cadangan pengaturan
Saving the sticker,Menyimpan stiker
Saving the story,Menyimpan Story
Saving the sound,Menyimpan suara
Saving the profile picture,Menyimpan foto profil
Saving the live photo's clip,Menyimpan klip foto langsung
Screen time,Waktu layar
Search,Pencarian
"Search by name, description or category.","Cari berdasarkan nama, deskripsi, atau kategori."
Advanced. Find and force the hidden switches TikTok uses to test features.,Lanjutan. Cari dan paksa sakelar tersembunyi yang dipakai TikTok untuk menguji fitur.
Search countries or operators,Cari negara atau operator
Search hidden creators,Cari kreator tersembunyi
Search settings,Cari setelan
Search share actions,Cari tindakan berbagi
Search within comments,Cari dalam komentar
Search these comments,Cari di komentar ini
"Search translated titles and descriptions, then open the original setting.","Cari judul dan deskripsi terjemahan, lalu buka setelan asli."
"Ask TikTok for search results that aren't personalized to your account. This changes results, not search buttons or suggestions.","Minta hasil pencarian TikTok yang tidak dipersonalisasi untuk akunmu. Ini mengubah hasil, bukan tombol atau saran pencarian."
Search by name or gate key,Cari berdasarkan nama atau kunci gate
"Seconds. Zero keeps every length. If everything the feed just sent would be filtered out, the video closest to your limit is kept so the feed isn't empty.","Detik. Nol menyimpan semua durasi. Kalau semua yang baru dikirim feed akan tersaring habis, video yang paling dekat dengan batasmu tetap ada agar feed tidak kosong."
Seek by,Jarak lompatan
Seek from the edges,Lompat dari tepi layar
Seen,Terlihat
Seen this session,Terlihat di sesi ini
Seen videos,Video yang sudah dilihat
Seen videos cleared. You can undo until TikTok closes.,Video yang dilihat sudah dihapus. Kamu bisa mengurungkannya sampai TikTok ditutup.
Seen videos put back,Video yang dilihat dikembalikan
Select,Pilih
Select at least one field.,Pilih setidaknya satu kolom.
Select every tab,Pilih semua tab
Selected,Dipilih
Send links to another app,Kirim tautan ke aplikasi lain
Sending feedback,Mengirim masukan
Series posts,Kiriman serial
Settings,Pengaturan
Settings are back to their defaults. Restart TikTok to apply all changes.,Pengaturan sudah kembali ke bawaan. Mulai ulang TikTok untuk menerapkan semua perubahan.
Settings backup saved,Cadangan pengaturan disimpan
Settings couldn't open,Pengaturan tidak dapat dibuka
Settings couldn't refresh completely. Reopen settings and try again.,Pengaturan tidak dapat dimuat ulang sepenuhnya. Buka kembali pengaturan lalu coba lagi.
Settings restored. Restart TikTok to apply all changes.,Pengaturan dipulihkan. Mulai ulang TikTok untuk menerapkan semua perubahan.
Settings restored. The Feature Gate Lab rules were for another TikTok version and were left out. Restart TikTok to apply all changes.,Pengaturan dipulihkan. Aturan Feature Gate Lab dibuat untuk versi TikTok lain dan tidak disertakan. Mulai ulang TikTok untuk menerapkan semua perubahan.
Share,Bagikan
Hide share actions,Sembunyikan tindakan berbagi
Swap the website in shared links,Ganti situs di tautan yang dibagikan
Share sheet,Menu bagikan
Shop,Toko
Shop posts,Kiriman Shop
Show,Tampilkan
Show @username beside a video instead of the display name the creator chose.,"Tampilkan @namapengguna di samping video, bukan nama tampilan pilihan kreator."
Show search in LIVE,Tampilkan pencarian di LIVE
Show TikTok's feed buttons,Tampilkan tombol feed TikTok
Show TikTok's own progress bar on videos where it's normally hidden.,Tampilkan bilah progres TikTok pada video yang biasanya menyembunyikannya.
"Shows TikTok's full sort menu on every post, with hot, newest, media and creator options, instead of the shorter one your account got. Restart TikTok to see the change.","Menampilkan menu urutan lengkap TikTok di setiap kiriman, dengan opsi populer, terbaru, media, dan kreator, bukan menu lebih pendek yang diberikan ke akunmu. Mulai ulang TikTok untuk melihat perubahannya."
"Show the search entry inside TikTok's LIVE drawer, where available. This doesn't add a search box to video comments.",Tampilkan opsi pencarian di panel LIVE TikTok jika tersedia. Ini tidak menambahkan kotak pencarian ke komentar video.
Show a video preview thumbnail while dragging the progress bar.,Tampilkan pratinjau video saat menggeser bilah progres.
Show the block button on videos,Tampilkan tombol blokir di video
Show the block sound button,Tampilkan tombol blokir suara
Show failures on screen,Tampilkan kegagalan di layar
Show gates,Tampilkan gate
Show last report,Tampilkan laporan terakhir
Show the hide button on videos,Tampilkan tombol sembunyikan di video
Show the Not interested button,Tampilkan tombol Tidak tertarik
Mute feed videos,Senyapkan video feed
Muted,Senyap
Sound on,Suara aktif
Sound,Suara
"Play feed videos without sound and leave the phone's volume alone. Music from another app keeps playing while it's on. DMs, stories and LIVE keep their sound.","Putar video feed tanpa suara dan biarkan volume ponsel tetap. Musik dari aplikasi lain tetap diputar selama ini aktif. DM, cerita, dan LIVE tetap bersuara."
Show the mute button on videos,Tampilkan tombol senyap di video
Add a button beside the block control that turns the feed's sound off and on.,Tambahkan tombol di samping kontrol blokir yang mematikan dan menyalakan suara feed.
Show the country a video was posted from next to the creator's name.,Tampilkan negara asal unggahan video di sebelah nama kreator.
Show the current spoken caption while the other controls are hidden.,Tampilkan teks ucapan yang sedang berjalan meski kontrol lain disembunyikan.
Show the handle instead of the name,"Tampilkan nama pengguna, bukan nama tampilan"
Show the progress bar,Tampilkan bilah progres
Show the progress bar thumbnail,Tampilkan miniatur bilah progres
Show the whole Activity and New followers lists instead of stopping at a View all button.,"Tampilkan seluruh daftar Aktivitas dan Pengikut baru, bukan berhenti di tombol Lihat semua."
"Show the whole video instead of cropping it to the window. Nothing changes on a tall phone, where it already fits. On a folding phone opened up, a squarer screen or a split view the sides or the ends stop being cut off.","Tampilkan video secara utuh, bukan dipotong mengikuti jendela. Di ponsel yang tinggi tidak ada yang berubah karena videonya memang sudah pas. Di ponsel lipat yang dibuka, layar yang lebih persegi, atau mode layar terbagi, sisi atau ujung videonya tidak lagi terpotong."
Show what is left of the budget,Tampilkan sisa batas harian
Show when the camera or microphone is in use,Tampilkan saat kamera atau mikrofon dipakai
Show where a video was posted,Tampilkan asal unggahan video
Showing %1$s again,Tampilkan %1$s lagi
Hide videos with blocked sounds,Sembunyikan video dengan suara yang diblokir
Skip content warnings,Lewati peringatan konten
Hide recorded LIVE broadcasts from the feed.,Sembunyikan rekaman siaran LIVE dari feed.
Hide videos marked as using promotional music.,Sembunyikan video yang ditandai memakai musik promosi.
"Hide videos that use a sound blocked with the player's sound button, or named below.","Sembunyikan video yang memakai suara yang diblokir lewat tombol suara di pemutar, atau yang namanya ada di bawah."
Skipping videos with %1$s,Melewati video dengan %1$s
Something is missing from %1$s. Tap for the whole report.,Ada yang hilang dari %1$s. Ketuk untuk laporan lengkapnya.
Sound link copied,Tautan suara disalin
Sound saved to %1$s,Suara disimpan di %1$s
Source,Sumber
Speed,Kecepatan
Speed menu choices,Pilihan di menu kecepatan
Split comment minimum width,Lebar minimum tata letak terbagi
Start each new video at your default. A manual choice lasts until the video changes.,Mulai tiap video baru pada kecepatan pilihanmu. Pilihan manual bertahan sampai videonya berganti.
Start feature gate recording,Mulai merekam feature gate
Start recording,Mulai merekam
Start the day at,Hari dimulai pukul
Start today over,Mulai ulang hari ini
Sticker,Stiker
Sticker destination,Lokasi simpan stiker
Sticker saved to %1$s,Stiker disimpan ke %1$s
Still here. Nothing is waiting.,Masih di sini. Tidak ada yang menunggu.
Still reading the record. Tap again in a moment.,Catatannya masih dibaca. Ketuk lagi sebentar lagi.
Still saving the last one,Yang sebelumnya masih disimpan
The last one is still waiting to start,Yang sebelumnya masih menunggu untuk dimulai
"Stops TikTok from sending usage reports, ad tracking and crash reports. TikTok's own diagnostic tools go quiet too.","Menghentikan TikTok mengirim laporan penggunaan, pelacakan iklan, dan laporan error. Alat diagnostik TikTok sendiri juga ikut diam."
"Stops TikTok from slowing your screen to match each video's frame rate. On a 90 or 120 Hz phone, that request makes the whole app, scrolling too, run slower.","Menghentikan TikTok memperlambat layarmu agar sesuai frame rate tiap video. Di ponsel 90 atau 120 Hz, permintaan itu membuat seluruh aplikasi, termasuk menggulir, berjalan lebih lambat."
Stops TikTok from reading your phone's motion and compass sensors. Apps can use them to recognize your phone.,Menghentikan TikTok membaca sensor gerak dan kompas ponselmu. Aplikasi bisa memakainya untuk mengenali ponselmu.
Stop TikTok reading what you copied. Copying a link from TikTok still works.,Mencegah TikTok membaca apa yang kamu salin. Menyalin tautan dari TikTok tetap berfungsi.
Stop a long press on Like from opening TikTok's repost action.,Cegah tekan lama pada Suka membuka aksi posting ulang TikTok.
Stop a long press on Share from opening TikTok's quick share action.,Cegah tekan lama pada Bagikan membuka aksi bagikan cepat TikTok.
Stop feature gate recording,Hentikan rekaman feature gate
Stop the brand animation that plays over the comments when what someone typed matches an advertiser's trigger.,Hentikan animasi merek yang muncul di atas komentar saat ketikan seseorang cocok dengan pemicu pengiklan.
Stop the bubble that asks you to share a video with friends after you like it.,Menghentikan gelembung yang meminta kamu berbagi video dengan teman setelah menyukainya.
"Stops websites you open from inside TikTok from reaching back into the app. TikTok's own pages, such as Activity center, Watch history, shop checkout and CAPTCHA, keep working.","Mencegah situs yang kamu buka dari dalam TikTok mengakses balik ke aplikasi. Halaman TikTok sendiri, seperti Activity center, Riwayat tontonan, pembayaran toko, dan CAPTCHA, tetap berfungsi."
Stop video looping,Hentikan pengulangan video
Stop videos at the end instead of replaying them.,"Hentikan video di akhir, bukan memutarnya ulang."
Stopped after dismissing %1$s suggested accounts,Berhenti setelah menutup %1$s akun yang disarankan
Stopped after dismissing one suggested account,Berhenti setelah menutup satu akun yang disarankan
Stories,Cerita
Story saved to %1$s,Story disimpan ke %1$s
Structured value observed,Nilai terstruktur teramati
Subtitle language,Bahasa subtitle
Subtitles,Subtitel
System,Sistem
Feed tabs to keep,Tab feed yang dipertahankan
Hide the streak button in a chat and the reminder message that goes with it.,Sembunyikan tombol rentetan di obrolan beserta pesan pengingatnya.
Tap a comment's heart twice within %1$d seconds. A double tap on the comment needs a second one too. Removing a like stays immediate.,Ketuk ikon hati komentar dua kali dalam %1$d detik. Ketuk dua kali pada komentar juga perlu diulang. Membatalkan suka tetap langsung berlaku.
Tap a story's heart twice within %1$d seconds. Removing a like stays immediate.,Ketuk ikon hati Story dua kali dalam %1$d detik. Membatalkan suka tetap langsung berlaku.
Tap Repost on the bar under a video twice within %1$d seconds. A repost with a note is left alone.,Ketuk Repost di bilah bawah video dua kali dalam %1$d detik. Repost dengan catatan dibiarkan.
Tap again to follow,Ketuk lagi untuk mengikuti
Tap again to like,Ketuk lagi untuk menyukai
Tap again to repost,Ketuk lagi untuk me-repost
Tap the feed Follow button twice within %1$d seconds.,Ketuk tombol Ikuti di feed dua kali dalam %1$d detik.
Tap the like heart twice within %1$d seconds. Removing a like stays immediate.,Ketuk ikon hati dua kali dalam %1$d detik. Membatalkan suka tetap langsung berlaku.
Tap to start the feed,Ketuk untuk memulai feed
Technical details,Detail teknis
"Technical details, %1$s","Detail teknis, %1$s"
That backup was written by a newer Hushfeed than this one. Nothing was altered.,Cadangan itu dibuat oleh Hushfeed yang lebih baru dari ini. Tidak ada yang diubah.
That creator is already in the list,Kreator itu sudah ada di daftar
"That creator pattern is too long to use, so it was skipped: %1$s","Pola kreator itu terlalu panjang, jadi dilewati: %1$s"
"That creator pattern is too long, so it wasn't added: %1$s","Pola kreator itu terlalu panjang, jadi tidak ditambahkan: %1$s"
"That file isn't a loaded-values export, or it's larger than the Lab accepts","Berkas itu bukan ekspor nilai yang dimuat, atau lebih besar dari yang diterima Lab"
"That file isn't readable text, so it may have been damaged in transit. Nothing was altered.","Berkas itu bukan teks yang dapat dibaca, jadi mungkin rusak saat dikirim. Tidak ada yang diubah."
That file is too large to be a settings backup. Nothing was altered.,Berkas itu terlalu besar untuk sebuah cadangan pengaturan. Tidak ada yang diubah.
"That folder name has a character Android doesn't allow. Use letters, numbers, spaces or dashes.",Ada nama folder yang tidak sah di tujuannya.
That is %1$d minutes today,Itu %1$d menit hari ini
That is %1$d videos today,Itu %1$d video hari ini
That isn't a Hushfeed settings backup. Nothing was altered.,Itu bukan cadangan pengaturan Hushfeed. Tidak ada yang diubah.
"That isn't an app name. Try something like com.example.downloader, or leave the box empty to keep saving in TikTok.","Itu bukan nama aplikasi. Coba seperti com.example.downloader, atau kosongkan saja biar tetap disimpan di TikTok."
That is one minute today,Itu satu menit hari ini
That is one video today,Itu satu video hari ini
That list has too many entries. Keep it to %1$s or fewer.,Daftar itu memiliki terlalu banyak entri. Batasi hingga %1$s entri atau kurang.
That list is too large. Keep it to %1$s KB or less.,Daftar itu terlalu besar. Batasi ukurannya hingga %1$s KB atau kurang.
That preset isn't recognized. Choose another.,Pratata SIM tidak sah.
That settings backup contains a feed rule list larger than Hushfeed accepts. Nothing was altered.,Cadangan pengaturan itu berisi daftar aturan feed yang lebih besar dari batas Hushfeed. Tidak ada yang diubah.
That settings backup holds a value Hushfeed can't read. Nothing was altered.,Cadangan pengaturan itu memuat nilai yang tidak dapat dibaca Hushfeed. Tidak ada yang diubah.
That settings backup holds more Feature Gate Lab rules than the Lab takes. Nothing was altered.,Cadangan pengaturan itu berisi lebih banyak aturan Feature Gate Lab daripada yang bisa diterima Lab. Tidak ada yang diubah.
That settings backup is damaged or only partly downloaded. Nothing was altered.,Cadangan pengaturan itu rusak atau hanya terunduh sebagian. Tidak ada yang diubah.
"That settings backup is incomplete, so it may have been cut short. Nothing was altered.","Cadangan pengaturan itu tidak lengkap, jadi mungkin terpotong. Tidak ada yang diubah."
That settings change didn't go through. Nothing was altered.,Perubahan itu tidak berhasil. Tidak ada yang diubah.
That sticker is in a format Hushfeed can't read,Stiker itu formatnya tidak bisa dibaca Hushfeed
The Lab can't check this. TikTok gets it exactly as typed.,Lab tidak bisa memeriksa ini. TikTok menerimanya persis seperti yang kamu ketik.
The Lab couldn't open. Go back and open it again.,Lab tidak bisa dibuka. Kembali lalu buka lagi.
"The Lab keeps at most %1$s rules. This change would make %2$s, so nothing was changed.","Lab menyimpan paling banyak %1$s aturan. Perubahan ini akan membuat jumlahnya %2$s, jadi tidak ada yang diubah."
The catalog says this key is %1$s and this override is %2$s. Reset the override and make a new one.,Katalog menyebut kunci ini %1$s dan penimpaan ini %2$s. Setel ulang penimpaan lalu buat yang baru.
The diagnostic report couldn't be saved yet. Try again in a moment.,Laporan diagnostik belum bisa disimpan. Coba lagi sebentar.
The diagnostic report couldn't be saved. Try again.,Laporan diagnostik tidak bisa disimpan. Coba lagi.
The downloader app you chose isn't installed. Check Send links to another app under Downloads.,Aplikasi pengunduh yang kamu pilih tidak terpasang. Periksa Kirim tautan ke aplikasi lain di Unduhan.
"The feed slowly dims during the last 45 seconds before the hold, so it doesn't come as a sudden stop. Needs a time budget and a hold.","Feed meredup perlahan selama 45 detik terakhir sebelum penahanan, jadi tidak datang sebagai henti mendadak. Perlu anggaran waktu dan penahanan."
The feed doesn't end. This is a fine time to leave it.,Feed tidak ada habisnya. Ini saat yang baik untuk berhenti.
The feed is open again,Feed terbuka lagi
"The feed waits for one tap before it starts playing again when you come back to the app. Messages, profiles and search are still one tap away.","Feed menunggu satu ketukan sebelum mulai memutar lagi saat kamu kembali ke aplikasi. Pesan, profil, dan pencarian tetap satu ketukan."
"The hour both budgets reset, on a 24 hour clock. The default is 4 in the morning, so a late night still counts as the same day.","Jam saat kedua anggaran direset, dalam format 24 jam. Bawaannya pukul 4 pagi, jadi malam yang larut masih dihitung sebagai hari yang sama."
Last change put back. Restart TikTok to apply all changes.,Perubahan terakhir dikembalikan. Mulai ulang TikTok untuk menerapkan semua perubahan.
Last change put back. The Feature Gate Lab rules were for another TikTok version and were left out. Restart TikTok to apply all changes.,Perubahan terakhir dikembalikan. Aturan Feature Gate Lab dibuat untuk versi TikTok lain dan tidak disertakan. Mulai ulang TikTok untuk menerapkan semua perubahan.
Show only videos with this many comments.,Hanya tampilkan video dengan jumlah komentar sebanyak ini.
Show only videos with this many favorites.,Hanya tampilkan video dengan jumlah favorit sebanyak ini.
Show only videos with this many likes.,Hanya tampilkan video dengan jumlah suka sebanyak ini.
Show only videos with this many shares.,Hanya tampilkan video dengan jumlah bagikan sebanyak ini.
Show only videos with this many views.,Hanya tampilkan video dengan jumlah tayangan sebanyak ini.
"The original photos aren't available, so TikTok's own save runs instead","Foto aslinya tidak tersedia, jadi TikTok yang menyimpannya"
The original photos aren't available. No video was saved.,Foto aslinya tidak tersedia. Tidak ada video yang disimpan.
"The override changes no fields. Edit the field values, or reset the override.","Penimpaan tidak mengubah field apa pun. Ubah nilai field, atau setel ulang penimpaan."
"The override couldn't be applied: %1$s. Edit the field values, or reset the override.","Penimpaan tidak bisa diterapkan: %1$s. Ubah nilai field, atau setel ulang penimpaan."
"The override doesn't say what list to return. Edit the field values, or reset the override.","Penimpaan tidak menyebutkan daftar mana yang harus dikembalikan. Ubah nilai field, atau setel ulang penimpaan."
The profile picture couldn't be saved. Try again.,Foto profilnya tidak bisa disimpan.
"The record of an interrupted settings change couldn't be read, so it was set aside. Check your settings.","Catatan perubahan pengaturan yang terputus tidak bisa dibaca, jadi disisihkan. Periksa pengaturan kamu."
The report couldn't be saved. Try again.,Laporan tidak bisa disimpan. Coba lagi.
The loaded-values file you chose couldn't be read. Try again.,Berkas nilai yang dimuat yang kamu pilih tidak bisa dibaca. Coba lagi.
The setting couldn't finish updating. Its saved value is shown.,Pengaturan ini tidak dapat selesai diperbarui. Nilai yang tersimpan ditampilkan.
The settings backup was rejected. Nothing was altered.,Cadangan pengaturan ditolak. Tidak ada yang diubah.
The smallest value is above the largest,Nilai terkecil lebih besar daripada yang terbesar
The sound couldn't be saved. Try again.,Suara tidak bisa disimpan. Coba lagi.
The sticker couldn't be saved. Try again.,Sticker tidak bisa disimpan. Coba lagi.
The story couldn't be saved. Try again.,Story-nya tidak bisa disimpan.
"The thumbs down on each comment blocks the commenter instead of disliking. The comment dims, an undo banner follows, and a second tap unblocks.","Tombol tidak suka di setiap komentar memblokir komentator alih-alih tidak menyukai. Komentar meredup, banner batalkan mengikuti, dan ketukan kedua membuka blokir."
"The video couldn't be saved. Try again, or choose Automatic.","Videonya tidak bisa disimpan. Coba lagi, atau pilih Otomatis."
There is no Lab change to undo.,Tidak ada perubahan Lab yang bisa dibatalkan.
There is no diagnostic data to clear,Tidak ada data diagnostik yang perlu dihapus
There is no diagnostic data to put back,Tidak ada data diagnostik yang dapat dikembalikan
There was nothing to put back,Tidak ada yang bisa dikembalikan
These loaded values are for a different TikTok version.,Nilai yang dimuat ini untuk versi TikTok yang berbeda.
This catalog entry is no longer available. Refresh the Lab and try again.,Entri katalog ini sudah tidak tersedia. Segarkan Lab dan coba lagi.
This change couldn't be saved. Try again.,Perubahan ini tidak dapat disimpan. Coba lagi.
This configuration has no fields that can be copied and changed safely on this build.,Konfigurasi ini tidak punya bidang yang bisa disalin dan diubah dengan aman di build ini.
This file has more loaded values than the Lab takes at once.,Berkas ini berisi lebih banyak nilai yang dimuat daripada yang bisa diterima Lab sekaligus.
This file has no loaded values in it.,Berkas ini tidak berisi nilai yang dimuat.
This file isn't a loaded-values export from the Feature Gate Lab.,Berkas ini bukan ekspor nilai yang dimuat dari Feature Gate Lab.
This gate type isn't supported.,Tipe gate ini tidak didukung.
"This line opens a rule and doesn't finish it: %1$s. Write two phrases as ""a"" & ""b"" for both, or ""a"" !& ""b"" for the first without the second.","Baris ini memulai sebuah aturan dan tidak menyelesaikannya: %1$s. Tulis dua frasa sebagai ""a"" & ""b"" untuk keduanya, atau ""a"" !& ""b"" untuk yang pertama tanpa yang kedua."
"This phone has no file picker, so there's no way to choose a file here","Ponsel ini tidak punya pemilih berkas, jadi tidak ada cara memilih berkas di sini"
This phone has no folder picker. Type the folder into the row instead.,Ponsel ini tidak punya pemilih folder. Ketik saja foldernya di baris itu.
This profile picture isn't available to save,Foto profil ini tidak bisa disimpan
"This quality isn't available as a complete file, so TikTok's own save runs instead","Kualitas ini tidak tersedia sebagai berkas utuh, jadi TikTok yang menyimpannya"
"This setting's value can't be copied on this build, so it can't be overridden. Reset the override.","Nilai setelan ini tidak bisa disalin di build ini, jadi tidak bisa ditimpa. Setel ulang penimpaan."
This story isn't available to save,Story ini tidak bisa disimpan
This value is required.,Nilai ini wajib diisi.
This video has no link to copy,Video ini tidak punya tautan untuk disalin
"This video has no link to send, so TikTok's own save runs instead","Video ini tidak punya tautan untuk dikirim, jadi TikTok yang menyimpannya"
This video has no original sound to save,Video ini tidak punya suara asli untuk disimpan
This video has no sound of its own,Video ini tidak punya suara sendiri
Thumbs down blocks the commenter,Jempol ke bawah memblokir pengomentar
TikTok default,Bawaan TikTok
"TikTok default (hold to speed up, quick share)","Bawaan TikTok (tahan untuk mempercepat, bagikan cepat)"
TikTok didn't block %1$s. Try again in a moment.,TikTok tidak memblokir %1$s. Coba lagi sebentar lagi.
TikTok didn't unblock %1$s. Try again in a moment.,TikTok tidak membuka blokir %1$s. Coba lagi sebentar lagi.
TikTok didn't accept the feedback. Try again later.,TikTok tidak menerima masukannya. Coba lagi nanti.
"TikTok hasn't loaded this setting yet. Open the part of the app that uses it, then come back.","TikTok belum memuat pengaturan ini. Buka bagian aplikasi yang memakainya, lalu kembali."
TikTok read it,TikTok sudah membacanya
"TikTok read it, but the override couldn't be applied. Reset it and save it again.","TikTok sudah membacanya, tapi penggantian tidak bisa diterapkan. Atur ulang lalu simpan lagi."
TikTok refused the follow: %1$s,TikTok menolak permintaan mengikuti: %1$s
"TikTok's own daily screen-time reminder sends the app to the background instead of waiting to be dismissed. Coming straight back leaves the reminder on screen, so the limit stays reachable. Needs a daily limit set under TikTok's Settings and privacy, under Time and well-being.","Pengingat waktu layar harian milik TikTok sendiri mengirim aplikasi ke latar belakang, bukan menunggu ditutup. Kalau kamu langsung kembali, pengingatnya tetap di layar, jadi batasnya tetap bisa dijangkau. Perlu batas harian di Pengaturan dan privasi TikTok, di bagian Waktu dan kesehatan."
TikTok's own value,Nilai milik TikTok
"Shows TikTok's play, pause, previous and next buttons on the feed. TikTok normally shows them only to people who use a screen reader. TikTok can see when you use them.","Menampilkan tombol putar, jeda, sebelumnya, dan berikutnya milik TikTok di feed. TikTok biasanya menampilkannya hanya untuk pengguna pembaca layar. TikTok bisa melihat saat kamu memakainya."
TikTok sometimes tests a change that empties the Favorites tab on your profile. This keeps the tab and your saved videos.,TikTok kadang menguji perubahan yang mengosongkan tab Favorit di profilmu. Ini menjaga tab itu dan video tersimpanmu.
TikTok's size,Ukuran TikTok
Times you can open the feed anyway,Berapa kali kamu bisa tetap membuka feed
Wait a day to loosen the budget,Tunggu sehari untuk melonggarkan anggaran
"A change that makes your budget looser waits until the day starts over, and a stricter one applies at once. Looser means a higher or no budget, a shorter hold, more times to open the feed anyway, a new start hour, or turning this off. A restored backup follows the same rule, and Start today over is off while this is on.","Perubahan yang membuat anggaranmu lebih longgar menunggu sampai hari dimulai ulang, sedangkan yang lebih ketat berlaku langsung. Lebih longgar berarti anggaran lebih tinggi atau tanpa anggaran, penahanan lebih pendek, lebih banyak kesempatan membuka feed, jam mulai baru, atau mematikan ini. Cadangan yang dipulihkan mengikuti aturan yang sama, dan Mulai hari ini dari awal nonaktif selama ini menyala."
Changes to %1$s at %2$s,Berubah menjadi %1$s pukul %2$s
Turns off at %1$s,Mati pukul %1$s
That loosens the budget. It waits until %1$s.,Itu melonggarkan anggaran. Menunggu sampai pukul %1$s.
That loosens the lock. It waits until %1$s.,Itu melonggarkan kunci. Menunggu sampai pukul %1$s.
Today can't start over while Wait a day to loosen the budget is on. The day starts over at %1$s.,Hari ini tidak bisa dimulai ulang selama Tunggu sehari untuk melonggarkan anggaran aktif. Hari dimulai ulang pukul %1$s.
"Wait a day to loosen the budget is on, so Hushfeed stays on","Tunggu sehari untuk melonggarkan anggaran aktif, jadi Hushfeed tetap aktif"
"Today has moved on, so there's nothing to put back","Hari sudah berganti, jadi tidak ada yang bisa dikembalikan"
Today is back where it was,Hari ini kembali seperti semula
Today started over. Tap again to put the counts back.,Hari ini dimulai ulang. Ketuk lagi untuk mengembalikan hitungannya.
Today starts again,Hari ini dimulai lagi
Today's budget is locked. The day starts over at %1$s.,Anggaran hari ini terkunci. Hari dimulai ulang pada %1$s.
"Today's budget is locked. The feed opens again at %1$s. Messages, profiles and search still work.","Anggaran hari ini terkunci. Feed terbuka lagi pada %1$s. Pesan, profil dan pencarian tetap berfungsi."
Today's budget is locked. This can be changed again at %1$s.,Anggaran hari ini terkunci. Ini bisa diubah lagi pada %1$s.
Today: %1$d minute,Hari ini: %1$d menit
Today: %1$d minutes,Hari ini: %1$d menit
Today: %1$d video,Hari ini: %1$d video
Today: %1$d videos,Hari ini: %1$d video
"Use {creator}, {date}, {video_id} and {index} to build the name. {index} numbers the photos of a slideshow saved with Download original photos. TikTok's own save button numbers files by folder instead. The file ending is added for you.","Pakai {creator}, {date}, {video_id}, dan {index} untuk menyusun nama. {index} menomori foto slideshow yang disimpan dengan Unduh foto asli. Tombol simpan bawaan TikTok menomori file berdasarkan folder. Ekstensi file ditambahkan otomatis."
Use {date} and {media_id} to build the name. Works for image and video stickers.,Pakai {date} dan {media_id} untuk menyusun nama. Berlaku untuk stiker gambar dan video.
Too many media saves are already running. Try again in a moment.,Terlalu banyak penyimpanan media yang sedang berjalan. Coba lagi sebentar.
Tracking,Pelacakan
"Tracking, device access and links","Pelacakan, akses perangkat, dan tautan"
"Translate comments as they load, using TikTok's own translator.","Terjemahkan komentar saat dimuat, memakai penerjemah TikTok sendiri."
Transparent,Transparan
Try a different word or clear the search.,Coba kata lain atau hapus pencarian.
"Try again, or go back to TikTok.","Coba lagi, atau kembali ke TikTok."
Turn on %1$s first.,Nyalakan %1$s dulu.
Put %1$s in %2$s first.,Isi %2$s dengan %1$s dulu.
Turn on overrides,Nyalakan penimpaan
Turned off %1$d gates of %2$d. The rest don't take a true or false value. Restart TikTok to apply this.,%1$d dari %2$d gate dimatikan. Sisanya tidak menerima nilai true atau false. Mulai ulang TikTok agar berlaku.
Turned off %1$d gates. Restart TikTok to apply this.,%1$d gate dimatikan. Mulai ulang TikTok agar berlaku.
Turned off 1 gate of %2$d. The rest don't take a true or false value. Restart TikTok to apply this.,1 dari %2$d gate dimatikan. Sisanya tidak menerima nilai true atau false. Mulai ulang TikTok agar berlaku.
Turned off 1 gate. Restart TikTok to apply this.,1 gate dimatikan. Mulai ulang TikTok agar berlaku.
"Two letters, like us, gb or jp.","Dua huruf, misalnya us, gb atau jp."
Type,Tipe
Start typing,Mulai mengetik
Unavailable,Tidak tersedia
Unblock this commenter,Buka blokir pengomentar ini
Unblocked %1$s,%1$s dibuka blokirnya
Couldn't confirm the unblock for %1$s. Open their profile to check.,Pembukaan blokir %1$s tidak dapat dikonfirmasi. Buka profilnya untuk memeriksa.
Undo,Urungkan
Undo clearing seen videos,Urungkan penghapusan video yang dilihat
Undo last Lab change,Batalkan perubahan Lab terakhir
Undo last restore or reset,Urungkan pemulihan atau reset terakhir
Undoing the last change,Membatalkan perubahan terakhir
"Until you choose here, this sheet follows your choices under Hide share actions.","Sampai kamu memilih di sini, lembar ini mengikuti pilihan kamu di Sembunyikan tindakan berbagi."
"Up to %1$d speeds from %2$s to %3$s, separated by commas. Example: 0.5, 1, 1.5, 2, 2.5, 3. Leave empty for TikTok's list. Restart TikTok to apply this.","Sampai %1$d kecepatan dari %2$s hingga %3$s, dipisah koma. Contoh: 0.5, 1, 1.5, 2, 2.5, 3. Kosongkan untuk daftar TikTok. Mulai ulang TikTok agar berlaku."
"Use 0 for TikTok's size, or %1$d to %2$d. Applies to the next caption.","Gunakan 0 untuk ukuran TikTok, atau %1$d sampai %2$d. Berlaku untuk teks berikutnya."
"Use TikTok's own hold, pull down and release gesture to keep playing at the hold speed, 2x unless Playback sets another.","Pakai gestur bawaan TikTok, tahan lalu tarik ke bawah dan lepas, untuk tetap di kecepatan tahan, yaitu 2x kecuali kamu memilih yang lain di Pemutaran."
Use a default playback speed,Pakai kecepatan pemutaran bawaan
Use non-personalized search,Pakai pencarian nonpersonal
Use system font,Gunakan font sistem
Use the preset for the region TikTok reports for your account and its shop too. May affect search.,Gunakan preset juga untuk wilayah yang dilaporkan TikTok untuk akun kamu dan tokonya. Bisa memengaruhi pencarian.
"Makes TikTok see the country and carrier you pick as your SIM. Your IP address, account history and language don't change, and any one of them can make TikTok keep your current region. Restart TikTok to see the change.","Membuat TikTok melihat negara dan operator yang kamu pilih sebagai SIM-mu. Alamat IP, riwayat akun, dan bahasamu tidak berubah, dan salah satunya saja bisa membuat TikTok mempertahankan wilayahmu saat ini. Mulai ulang TikTok untuk melihat perubahannya."
"Makes TikTok see the country you pick as your SIM. Your IP address, account history and language don't change, and any one of them can make TikTok keep your current region. Restart TikTok to see the change.","Membuat TikTok melihat negara yang kamu pilih sebagai SIM-mu. Alamat IP, riwayat akun, dan bahasamu tidak berubah, dan salah satunya saja bisa membuat TikTok mempertahankan wilayahmu saat ini. Mulai ulang TikTok untuk melihat perubahannya."
"Use the split layout on wider screens. Restart TikTok to apply this. If the old layout is still there, unfold again.","Gunakan tata letak terbagi di layar yang lebih lebar. Mulai ulang TikTok agar berlaku. Jika tata letak lama masih muncul, buka lipatan lagi."
Use value,Gunakan nilai
Use your own offline videos limit,Gunakan batas video offline kamu sendiri
Using TikTok's value,Memakai nilai TikTok
Value,Nilai
Value to return,Nilai yang dikembalikan
Verified accounts,Akun terverifikasi
Version %1$s,Versi %1$s
Version %1$s for TikTok %2$s,Versi %1$s untuk TikTok %2$s
Video,Video
Video (MP4),Video (MP4)
Video destination,Lokasi simpan video
Video download quality,Kualitas unduhan video
Video filename,Nama berkas video
Video info,Info video
Video playback quality,Kualitas pemutaran video
Video saved,Video disimpan
"Video saved in %1$s, but only %2$s of %3$s subtitles came with it","Video disimpan di %1$s, tapi cuma %2$s dari %3$s subtitel yang ikut"
Video saved with %1$s subtitles in %2$s,Video disimpan dengan %1$s subtitel di %2$s
Wait before hiding the controls.,Tunggu sebelum kontrol disembunyikan.
"WebP, exactly as TikTok sent it","WebP, persis seperti yang dikirim TikTok"
What TikTok gets,Yang didapat TikTok
"When TikTok requests this key, return the selected value below","Saat TikTok meminta kunci ini, kembalikan nilai yang dipilih di bawah"
"When a video ends in full screen, stay on it instead of moving to the next one. Swiping still moves on.","Saat video selesai dalam layar penuh, tetap di video itu alih-alih pindah ke berikutnya. Menggeser tetap berpindah."
"While diagnostic logging is on, a message names the part of Hushfeed that failed. Off keeps failures in the report only.","Selama pencatatan diagnostik aktif, sebuah pesan menyebutkan bagian Hushfeed yang gagal. Jika nonaktif, kegagalan hanya tercatat di laporan."
Window width needed to enable the layout. Restart TikTok to apply this.,Lebar jendela yang dibutuhkan agar tata letaknya aktif. Mulai ulang TikTok agar berlaku.
"Words, countries and languages","Kata, negara, dan bahasa"
"Write the video's sound beside it as an .m4a. Android 10 and later file audio separately, so it lands in Music under the same folder name as your videos.","Simpan suara video di sebelahnya sebagai .m4a. Android 10 ke atas menyimpan audio secara terpisah, jadi berkasnya masuk ke Music dengan nama folder yang sama seperti folder videomu."
YTDLnis background mode,Mode latar belakang YTDLnis
YTDLnis download type,Jenis unduhan YTDLnis
Yes,Ya
Your filters hid everything TikTok just sent. Most were %1$s.,Filtermu menyembunyikan semua yang baru dikirim TikTok. Sebagian besar %1$s.
"Your filters hid everything TikTok sent, %1$d times in a row. Most were %2$s.","Filtermu menyembunyikan semua yang dikirim TikTok, %1$d kali berturut-turut. Sebagian besar %2$s."
"Your operator's name, like T-Mobile.","Nama operatormu, misalnya T-Mobile."
"Your operator's numeric code, like 310260.","Kode angka operatormu, misalnya 310260."
"Zero means the way out of the hold is always there. Any other number is how many times a day it works. Once they're used up, the hold stays until the day starts over. Ignored while the budget is locked, which removes the way out.","Nol berarti jalan keluar dari penahanan selalu tersedia. Angka lain adalah berapa kali sehari jalan keluar itu bisa dipakai. Setelah habis, penahanan tetap sampai hari dimulai ulang. Diabaikan saat anggaran terkunci, karena itu menghilangkan jalan keluar."
"Zero means no limit. Counts the videos Hushfeed advanced past for you, not the ones you swiped yourself, and starts again when the feed is rebuilt or you change this number.","Nol berarti tanpa batas. Menghitung video yang dilewati Hushfeed untuk kamu, bukan yang kamu geser sendiri, dan mulai lagi saat feed dibangun ulang atau angka ini diubah."
"Zero shows the notice and leaves the feed alone. Anything else covers the feed for that many minutes once a budget is reached. Messages, profiles and search keep working, and nothing in the feed is thrown away.","Nol menampilkan pemberitahuan dan membiarkan feed apa adanya. Nilai lain menutupi feed selama sekian menit begitu batas tercapai. Pesan, profil, dan pencarian tetap berjalan, dan tidak ada isi feed yang dibuang."
"Zero switches this off. A short reminder after that many minutes of watching, and again after the same again. Time on messages, a profile or search doesn't count, and nothing is shown while the feed is on hold.","Nol mematikan ini. Pengingat singkat setelah sekian menit menonton, lalu lagi setelah selang yang sama. Waktu di pesan, profil, atau pencarian tidak dihitung, dan tidak ada yang muncul selama feed ditahan."
"Zero switches this off. Counts every video that comes up in the feed and tells you when you reach the limit. Separate from the auto-advance session limit under Playback, which counts only videos Hushfeed moved past for you.","Nol mematikan ini. Menghitung setiap video yang muncul di feed dan memberitahumu saat batas tercapai. Terpisah dari batas sesi maju otomatis di Pemutaran, yang hanya menghitung video yang dilewati Hushfeed untukmu."
"Zero switches this off. Count the minutes the player spends running in the feed. Time on messages, a profile or search doesn't count.","Nol mematikan ini. Menghitung menit saat pemutar berjalan di feed. Waktu di pesan, profil, atau pencarian tidak dihitung."
collapsed,Diciutkan
expanded,Diperluas
Already active,Sudah aktif
Applying Calm feed,Menerapkan Feed tenang
Calm feed,Feed tenang
Calm feed couldn't be applied. Nothing was changed.,Feed tenang tidak dapat diterapkan. Tidak ada yang diubah.
Calm feed couldn't start. Try again in a moment.,Feed tenang tidak dapat dimulai. Coba lagi sebentar lagi.
Calm feed is on. Restart TikTok to apply all changes.,Feed tenang aktif. Mulai ulang TikTok untuk menerapkan semua perubahan.
Calm feed is on.,Feed tenang aktif.
Changed,Diubah
"Hide ads, Shop posts, LIVE videos and replays, promotional music, and paid partnerships.","Sembunyikan iklan, postingan Toko, video LIVE dan tayangan ulang, musik promosi, serta kemitraan berbayar."
On,Aktif
On. Restore puts back the feed setup you had before.,Aktif. Pulihkan akan mengembalikan pengaturan feed kamu sebelumnya.
Preset,Preset
Quick setup,Penyiapan cepat
Restore setup,Pulihkan pengaturan
Restoring setup,Memulihkan pengaturan
Some Calm feed settings changed. Restore still puts back your earlier setup.,Beberapa pengaturan Feed tenang berubah. Pulihkan tetap akan mengembalikan pengaturan kamu sebelumnya.
Use Calm feed,Gunakan Feed tenang
Working,Sedang bekerja
Your current settings already match Calm feed.,Pengaturan kamu saat ini sudah cocok dengan Feed tenang.
Your previous feed setup couldn't be restored. Nothing was changed.,Pengaturan feed kamu sebelumnya tidak dapat dipulihkan. Tidak ada yang diubah.
Your previous feed setup is back. Restart TikTok to apply all changes.,Pengaturan feed kamu sebelumnya sudah dipulihkan. Mulai ulang TikTok untuk menerapkan semua perubahan.
Your previous feed setup is back.,Pengaturan feed kamu sebelumnya sudah dipulihkan.
Hide search suggestions above comments,Sembunyikan saran pencarian di atas komentar
Compact comment header,Header komentar ringkas
Easier comment likes,Lebih mudah menyukai komentar
Hide the Full screen button,Sembunyikan tombol layar penuh
Hide the Full screen button over videos. Playback and automatic rotation keep working as before.,Sembunyikan tombol layar penuh di atas video. Pemutaran dan rotasi otomatis tetap berfungsi seperti sebelumnya.
Hide location labels,Sembunyikan label lokasi
Hide the search bar below videos,Sembunyikan bilah pencarian di bawah video
Hide the suggested-search strip above the bottom tabs and let video details and side controls use its space. The top search button and comments stay unchanged.,Sembunyikan bilah saran pencarian di atas tab bawah agar detail video dan kontrol samping dapat menggunakan ruangnya. Tombol pencarian di atas dan komentar tidak berubah.
"Hide place badges on videos, including cards with multiple places. Videos and your location permissions stay unchanged.","Sembunyikan label lokasi pada video, termasuk kartu dengan beberapa tempat. Video dan izin lokasi kamu tidak berubah."
Hide effect and template tags,Sembunyikan tag efek dan template
"Hide the tags above a video's description that invite you to try an effect, a template, CapCut or an AI style. Location labels and the music line have their own switches.","Sembunyikan tag di atas deskripsi video yang mengajak kamu mencoba efek, template, CapCut, atau gaya AI. Label lokasi dan baris musik punya tombolnya sendiri."
Filter location-tagged videos,Filter video berlabel lokasi
"Hide feed videos with place badges, even when they aren't paid ads. To keep the video and hide only its badge, use Hide location labels in Feed screen.","Sembunyikan video feed berlabel lokasi, meskipun bukan iklan berbayar. Untuk tetap menampilkan video dan hanya menyembunyikan labelnya, gunakan Sembunyikan label lokasi di Tampilan feed."
Location-tagged videos,Video berlabel lokasi
"Makes the heart easier to tap by using the empty space around it. The icon and spacing look the same, and Reply and other buttons keep their own space.","Membuat ikon hati lebih mudah diketuk dengan memakai ruang kosong di sekitarnya. Ikon dan jaraknya tampak sama, dan Balas serta tombol lain tetap punya ruangnya sendiri."
"Hides the comment count, the sort and close buttons and the suggestions above them. Use Back or swipe down to close comments.","Menyembunyikan jumlah komentar, tombol urutkan dan tutup, serta saran di atasnya. Pakai Kembali atau geser ke bawah untuk menutup komentar."
"Hide TikTok's ""Search: ..."" banner above the comment count. This doesn't hide the comments or Hushfeed's comment-search box.","Sembunyikan banner ""Cari: ..."" TikTok di atas jumlah komentar. Ini tidak menyembunyikan komentar atau kotak pencarian komentar Hushfeed."
Hide the Report button on videos,Sembunyikan tombol Laporkan di video
Hide the flag button TikTok puts above the creator's picture in some regions. You can still report a video from the share menu.,Sembunyikan tombol bendera yang ditaruh TikTok di atas foto kreator di beberapa wilayah. Kamu tetap bisa melaporkan video dari menu bagikan.
Hide search rewards,Sembunyikan hadiah pencarian
"Hide the points banner under the search box and the coin counter floating over search results, which TikTok shows in some regions. Searching works as before.","Sembunyikan banner poin di bawah kotak pencarian dan penghitung koin yang melayang di atas hasil pencarian, yang ditampilkan TikTok di beberapa wilayah. Pencarian tetap berfungsi seperti biasa."
"%1$s hid everything TikTok sent, %2$d times in a row. Turn it off if that's not what you wanted.","%1$s menyembunyikan semua yang dikirim TikTok, %2$d kali berturut-turut. Matikan jika bukan itu yang kamu inginkan."
Show the switch,Tampilkan sakelarnya
this creator,kreator ini
%1$s day,%1$s hari
%1$s days,%1$s hari
%1$s dp,%1$s dp
%1$s millisecond,%1$s milidetik
%1$s milliseconds,%1$s milidetik
%1$s minute,%1$s menit
%1$s minutes,%1$s menit
%1$s point,%1$s poin
%1$s points,%1$s poin
%1$s s,%1$s d
%1$s second,%1$s detik
%1$s seconds,%1$s detik
%1$s time,%1$s kali
%1$s times,%1$s kali
%1$s video,%1$s video
%1$s videos,%1$s video
%1$s view per comment,%1$s tayangan per komentar
%1$s views per comment,%1$s tayangan per komentar
%1$s view per like,%1$s tayangan per like
%1$s views per like,%1$s tayangan per like
"%1$s, %2$s, %3$s or %4$s","%1$s, %2$s, %3$s, atau %4$s"
"%1$s, %2$s or %3$s","%1$s, %2$s, atau %3$s"
TikTok refused the follow with code %1$s,TikTok menolak permintaan mengikuti dengan kode %1$s
TikTok refused the follow with code %1$s. A hidden CAPTCHA may be the cause.,TikTok menolak permintaan mengikuti dengan kode %1$s. CAPTCHA yang disembunyikan bisa jadi penyebabnya.
TikTok refused the follow: %1$s A hidden CAPTCHA may be the cause.,TikTok menolak permintaan mengikuti: %1$s CAPTCHA yang disembunyikan bisa jadi penyebabnya.
Hushfeed is paused,Hushfeed dijeda
Hushfeed runtime changes are paused. Your settings stay saved. Changes built into the APK remain.,Perubahan Hushfeed yang diterapkan saat aplikasi berjalan sedang dijeda. Pengaturanmu tetap tersimpan. Perubahan yang tertanam dalam APK tetap ada.
"TikTok closed three times within a minute of starting, so Hushfeed paused itself. Your settings stay as they are.","TikTok tertutup tiga kali dalam satu menit setelah dibuka, jadi Hushfeed menjeda dirinya sendiri. Pengaturanmu tetap seperti semula."
A file named hushfeed-safe-mode in TikTok's folder under Android/data paused Hushfeed. Your settings stay as they are.,File bernama hushfeed-safe-mode di folder TikTok di dalam Android/data menjeda Hushfeed. Pengaturanmu tetap seperti semula.
Turn Hushfeed back on,Aktifkan Hushfeed lagi
Pause Hushfeed,Jeda Hushfeed
Pause runtime changes after restarting TikTok. Your settings stay saved. Changes built into the APK remain.,Jeda perubahan yang diterapkan saat aplikasi berjalan setelah TikTok dimulai ulang. Pengaturanmu tetap tersimpan. Perubahan yang tertanam dalam APK tetap ada.
Hushfeed turns back on when TikTok restarts.,Hushfeed aktif lagi saat TikTok dimulai ulang.
The file hushfeed-safe-mode couldn't be removed. Delete it from TikTok's folder under Android/data to turn Hushfeed back on.,File hushfeed-safe-mode tidak bisa dihapus. Hapus dari folder TikTok di dalam Android/data untuk mengaktifkan Hushfeed lagi.
Hide TikTok Shop in search,Sembunyikan TikTok Shop di pencarian
Hide the Products block and product cards in search results.,Sembunyikan blok Produk dan kartu produk di hasil pencarian.
Hide TikTok's Auto scroll button,Sembunyikan tombol Auto scroll TikTok
Takes TikTok's own Auto scroll action out of the video panel. Auto-advance keeps working.,Menghapus aksi Auto scroll milik TikTok dari panel video. Video tetap dilanjutkan secara otomatis.
Hide the unread badges on the bottom tabs,Sembunyikan lencana belum dibaca di tab bawah
"Hide the red counts and dots on every bottom tab, Inbox and Profile included. The inbox itself still shows what came in.","Menyembunyikan angka dan titik merah di semua tab bawah, termasuk Kotak Masuk dan Profil. Kotak masuk sendiri tetap menampilkan yang masuk."
Speed while you hold the video,Kecepatan saat video ditahan
Hide mini dramas,Sembunyikan drama mini
Hide TikTok's short drama episodes and the cards that promote them.,Sembunyikan episode drama pendek TikTok dan kartu yang mempromosikannya.
Mini dramas,Drama mini
Swipe left,Geser ke kiri
TikTok default (open the creator's profile),Bawaan TikTok (buka profil kreator)
Saving %1$s of %2$s,Menyimpan %1$s dari %2$s
Stopping after this file,Berhenti setelah berkas ini
Waiting to save %1$s files,Menunggu untuk menyimpan %1$s berkas
Waiting to save one file,Menunggu untuk menyimpan satu berkas
Save cancelled. Nothing was saved.,Penyimpanan dibatalkan. Tidak ada yang disimpan.
The server asked us to wait. Try again later.,Server meminta kita menunggu. Coba lagi nanti.
Saved %1$s of %2$s. The server asked us to wait. Try again later.,%1$s dari %2$s tersimpan. Server meminta kita menunggu. Coba lagi nanti.
One more save waiting,Satu penyimpanan lagi menunggu
%1$s more saves waiting,%1$s penyimpanan lagi menunggu
Starts after one other save,Dimulai setelah satu penyimpanan lain
Starts after %1$s other saves,Dimulai setelah %1$s penyimpanan lain
TikTok closed during these saves,TikTok tertutup saat penyimpanan ini berjalan
%1$s: didn't finish,%1$s: tidak selesai
%1$s: one of %3$s files didn't finish,%1$s: satu dari %3$s berkas tidak selesai
%1$s: %2$s of %3$s files didn't finish,%1$s: %2$s dari %3$s berkas tidak selesai
%1$s: might not have finished,%1$s: mungkin tidak selesai
%1$s: one of %3$s files might not have finished,%1$s: satu dari %3$s berkas mungkin tidak selesai
%1$s: %2$s of %3$s files might not have finished,%1$s: %2$s dari %3$s berkas mungkin tidak selesai
And one more save,Dan satu penyimpanan lain
And %1$s more saves,Dan %1$s penyimpanan lain
Original photos,Foto asli
Story,Story
Original sound,Suara asli
Profile picture,Foto profil
Live photo clip,Klip foto langsung
Media save,Penyimpanan media
"Saved %1$s of %2$s, the rest cancelled","%1$s dari %2$s tersimpan, sisanya dibatalkan"
"Saved %1$s of %2$s, %3$s skipped","%1$s dari %2$s tersimpan, %3$s dilewati"
"Saved %1$s of %2$s, %3$s skipped and the rest cancelled","%1$s dari %2$s tersimpan, %3$s dilewati, dan sisanya dibatalkan"
None of the photos could be saved. Try again.,Tidak ada foto yang bisa disimpan. Coba lagi.
"Saved %1$s of %2$s, the rest need more free space","%1$s dari %2$s tersimpan, sisanya butuh ruang kosong lebih"
"Saved %1$s of %2$s, the rest ran out of time","%1$s dari %2$s tersimpan, sisanya kehabisan waktu"
Live photo clip saved to %1$s,Klip foto langsung disimpan ke %1$s
The live photo's clip couldn't be saved. Try again.,Klip foto langsung tidak bisa disimpan. Coba lagi.
Creator exceptions,Pengecualian kreator
"An exception names one creator, so a pattern can't be one: %1$s","Pengecualian menyebut satu kreator, jadi pola tidak bisa menjadi pengecualian: %1$s"
"An exception takes a handle or id, not a display name: %1$s","Pengecualian memakai nama akun atau id, bukan nama tampilan: %1$s"
"Also on a block list, so still hidden: %1$s","Juga ada di daftar blokir, jadi tetap disembunyikan: %1$s"
Find the sound on YouTube Music,Cari suaranya di YouTube Music
YouTube Music isn't installed,YouTube Music belum terpasang
This video's sound has no title to look for,Suara video ini tidak punya judul untuk dicari
YouTube Music couldn't be opened. Open it yourself and search for the sound.,YouTube Music tidak bisa dibuka. Buka sendiri lalu cari suaranya.
Allow storage for TikTok in Android settings to save the live photo's clip,Izinkan penyimpanan untuk TikTok di pengaturan Android untuk menyimpan klip foto langsung
"This is the video's own sound, so YouTube Music won't have it","Ini suara asli video itu sendiri, jadi YouTube Music tidak akan memilikinya"
"Not a handle or id, so ignored: %1$s","Bukan nama akun atau id, jadi diabaikan: %1$s"
What's new,Yang baru
Changes in Hushfeed %1$s,Perubahan di Hushfeed %1$s
Reviewed presets,Preset teruji
Show See translation,Tampilkan Lihat terjemahan
Reviewed for TikTok %1$s,Diuji untuk TikTok %1$s
Value: %1$s to %2$s,Nilai: %1$s menjadi %2$s
The presets couldn't load. Open the Lab again.,Preset tidak dapat dimuat. Buka Lab lagi.
Apply enables these overrides. Undo last Lab change puts your previous rules back until you change anything else in the Lab.,Terapkan mengaktifkan penggantian ini. Batalkan perubahan Lab terakhir mengembalikan aturan sebelumnya sampai kamu mengubah hal lain di Lab.
"Apply saves these overrides. Turn on overrides in the Lab to use them. Turning them on is a Lab change too, so after that Undo turns them off rather than putting your previous rules back.","Terapkan menyimpan penggantian ini. Aktifkan penggantian di Lab untuk menggunakannya. Mengaktifkannya juga perubahan Lab, jadi setelah itu Urungkan mematikannya, bukan mengembalikan aturan sebelumnya."
This preset isn't available for your installed TikTok version.,Preset ini tidak tersedia untuk versi TikTok yang terpasang.
Preset applied. Restart TikTok to use it.,Preset diterapkan. Mulai ulang TikTok untuk menggunakannya.
Preset saved. Turn on overrides in the Lab to use it.,Preset disimpan. Aktifkan penggantian di Lab untuk menggunakannya.
This preset doesn't match the installed gates. Nothing changed.,Preset ini tidak cocok dengan gate yang terpasang. Tidak ada perubahan.
About overrides,Tentang penggantian
"Use {creator}, {date} and {video_id} to build the name. Start with {creator}/ to put each creator in a folder. The file ending is added for you.","Pakai {creator}, {date}, dan {video_id} untuk menyusun nama. Awali dengan {creator}/ agar setiap kreator masuk ke foldernya sendiri. Ekstensi file ditambahkan otomatis."
Save details beside the video,Simpan detail di samping video
"Saves the caption, creator, link and post date in a text file next to the video. On Android 10 and later, the pair goes in Download or Documents under the same folder name. Applies to saves made by Hushfeed.","Menyimpan keterangan, kreator, tautan, dan tanggal unggah dalam file teks di samping video. Di Android 10 ke atas, pasangan file itu masuk ke Download atau Documents dengan nama folder yang sama. Berlaku untuk penyimpanan yang dilakukan Hushfeed."
Check for already-saved videos,Periksa video yang sudah disimpan
Forget saved videos,Lupakan video tersimpan
Undo forgetting saved videos,Batalkan melupakan video tersimpan
"Forget which videos Hushfeed saved here, so the already-saved check starts over. The saved files and your settings stay. Turning the check off doesn't erase this record.","Melupakan video mana saja yang disimpan Hushfeed di sini, sehingga pemeriksaan video yang sudah disimpan dimulai lagi. File tersimpan dan pengaturanmu tetap ada. Mematikan pemeriksaan tidak menghapus catatan ini."
Forgetting saved videos,Melupakan video tersimpan
Putting the saved videos back,Mengembalikan video tersimpan
Forgotten. Tap to put them back.,Sudah dilupakan. Ketuk untuk mengembalikannya.
Saved videos forgotten. The files are still there.,Video tersimpan dilupakan. File-nya masih ada.
There were no saved videos to forget,Tidak ada video tersimpan untuk dilupakan
Couldn't forget the saved videos. Try again.,Video tersimpan tidak dapat dilupakan. Coba lagi.
Saved videos put back,Video tersimpan dikembalikan
Couldn't put the saved videos back. Try again.,Video tersimpan tidak dapat dikembalikan. Coba lagi.
Too late to put the saved videos back,Sudah terlambat untuk mengembalikan video tersimpan
"Remembers up to %1$s videos you saved here. If the file is still there, you get Open or Save again instead of a second copy.","Mengingat hingga %1$s video yang kamu simpan di sini. Jika filenya masih ada, kamu melihat Buka atau Simpan lagi, bukan salinan kedua."
This video is already saved. Open TikTok to save another copy.,Video ini sudah disimpan. Buka TikTok untuk menyimpan salinan lain.
This video is already saved,Video ini sudah disimpan
Save again,Simpan lagi
The saved-video choice couldn't open. Try again.,Pilihan untuk video tersimpan tidak dapat dibuka. Coba lagi.
The saved-video choice is still open,Pilihan untuk video tersimpan masih terbuka
This video isn't available as a complete file. Try again later.,Video ini belum tersedia sebagai file lengkap. Coba lagi nanti.
Saving video to %1$s,Menyimpan video ke %1$s
Video and details saved to %1$s,Video dan detail disimpan ke %1$s
"The video was saved, but its record couldn't be updated. A later save may make another copy.","Video telah disimpan, tetapi catatannya tidak dapat diperbarui. Penyimpanan berikutnya mungkin membuat salinan lain."
The already-saved check failed. Try again.,Pemeriksaan video tersimpan gagal. Coba lagi.
Show download progress,Tampilkan progres unduhan
Show a progress bar while a video saves.,Tampilkan bilah progres saat video disimpan.
Saving video,Menyimpan video
Waiting to save video,Menunggu untuk menyimpan video
Saving video: %1$s,Menyimpan video: %1$s
Saving %1$s of %2$s: %3$s,Menyimpan %1$s dari %2$s: %3$s
Couldn't save the change. Try again.,Perubahan tidak dapat disimpan. Coba lagi.
Off. TikTok can report views and typing.,Nonaktif. TikTok dapat melaporkan tayangan dan aktivitas mengetik.
Hushfeed is paused. Ghost mode isn't active.,Hushfeed dijeda. Mode hantu tidak aktif.
Problem detected. Story views may still be reported. Check Ghost mode diagnostics. The warning stays until TikTok restarts.,Masalah terdeteksi. Tayangan cerita mungkin masih dilaporkan. Periksa diagnostik mode hantu. Peringatan tetap muncul sampai TikTok dimulai ulang.
Hushfeed blocked TikTok's reports here. It hasn't confirmed that you stay off viewer lists.,Hushfeed memblokir laporan TikTok di sini. Belum ada konfirmasi bahwa kamu tidak muncul di daftar penonton.
On. Hushfeed hasn't seen TikTok send any reports since it started.,Nyala. Hushfeed belum melihat TikTok mengirim laporan apa pun sejak TikTok dimulai.
Ghost mode diagnostics,Diagnostik mode hantu
The partial file couldn't be removed. Delete it from the folder you chose.,File yang belum lengkap tidak dapat dihapus. Hapus dari folder yang kamu pilih.
The backup didn't start and its partial file couldn't be removed. Delete it from the folder you chose.,Pencadangan tidak dimulai dan file yang belum lengkap tidak dapat dihapus. Hapus dari folder yang kamu pilih.
Problem detected.,Masalah terdeteksi.
Couldn't save these choices. Try again.,Pilihan ini tidak dapat disimpan. Coba lagi.
Clearing seen videos,Menghapus video yang sudah ditonton
Couldn't clear seen videos. Try again.,Video yang sudah ditonton tidak dapat dihapus. Coba lagi.
Keep playing in the background,Tetap putar di latar belakang
"The video you're watching keeps playing to its end after you leave TikTok or turn the screen off, with TikTok's own media notification to pause it. TikTok's background play switch stays on while this is on. Restart TikTok to apply this.","Video yang sedang kamu tonton tetap diputar sampai selesai setelah kamu keluar dari TikTok atau mematikan layar, dengan notifikasi media TikTok sendiri untuk menjedanya. Tombol putar di latar belakang milik TikTok tetap aktif selama ini aktif. Mulai ulang TikTok agar berlaku."
"Keep playing in the background is on in Hushfeed's Playback settings, so TikTok gets 2 for this key and an override here has no effect until that switch is off.","Tetap putar di latar belakang aktif di pengaturan Pemutaran Hushfeed, jadi TikTok mendapat 2 untuk kunci ini dan penggantian di sini tidak berpengaruh sampai tombol itu dimatikan."
"2, from Keep playing in the background","2, dari Tetap putar di latar belakang"
Let the last video finish,Biarkan video terakhir selesai
"When the budget runs out, the video on screen plays to its end before the hold starts, and you can't swipe to another video meanwhile. If the fade already dimmed the feed, the hold starts right away. Needs a hold. It waits %1$d minutes at most.","Saat anggaran habis, video di layar diputar sampai selesai sebelum penahanan dimulai, dan kamu tidak bisa menggeser ke video lain selama itu. Jika peredupan sudah meredupkan feed, penahanan langsung dimulai. Perlu penahanan. Menunggu paling lama %1$d menit."
The feed stops when this video ends.,Feed berhenti saat video ini selesai.
Streak,Rentetan
Keep a streak going,Pertahankan rentetan
Who to message,Kirim ke siapa
When to send,Kapan dikirim
The time of day the message goes out.,Jam berapa pesan dikirim setiap hari.
Message,Pesan
What gets sent each day.,Yang dikirim setiap hari.
Send it now,Kirim sekarang
Sends today's message right away. The daily one then waits for tomorrow.,Mengirim pesan hari ini sekarang juga. Pesan harian lalu menunggu besok.
Turn on Keep a streak going first,Nyalakan Pertahankan rentetan dulu
Sending the message,Mengirim pesan
A message is already on its way,Sudah ada pesan yang sedang dikirim
Enter who to message below to start.,Isi siapa yang dikirimi pesan di bawah untuk mulai.
Next message: today at %1$s.,Pesan berikutnya: hari ini pukul %1$s.
Next message: tomorrow at %1$s.,Pesan berikutnya: besok pukul %1$s.
"No chat with @%1$s turned up on this account. Open your chat with them once, then try again.","Tidak ada obrolan dengan @%1$s di akun ini. Buka obrolanmu dengannya sekali, lalu coba lagi."
"Nobody was signed in to TikTok. Sign in, and it tries again at %1$s.","Tidak ada yang masuk ke TikTok. Masuklah, dan akan dicoba lagi pukul %1$s."
"A different account is signed in. Switch back to the one you set this up on, or enter who to message again.","Akun lain sedang masuk. Kembali ke akun tempat kamu mengatur ini, atau isi lagi siapa yang dikirimi pesan."
TikTok's messages didn't start in time. It tries again at %1$s.,Pesan TikTok tidak mulai tepat waktu. Akan dicoba lagi pukul %1$s.
The message didn't go through. It tries again at %1$s.,Pesan tidak terkirim. Akan dicoba lagi pukul %1$s.
Found %1$s in your chats.,%1$s ditemukan di obrolanmu.
Pass TikTok's install checks,Lolos pemeriksaan instalasi TikTok
"TikTok checks how it was signed and installed. This answers those checks the way the Play Store version would. Try it if follows or likes undo themselves after a refresh. It may not help, since TikTok has other checks.",TikTok memeriksa bagaimana aplikasinya ditandatangani dan dipasang. Ini menjawab pemeriksaan itu seperti versi Play Store. Coba jika ikuti atau suka membatal sendiri setelah dimuat ulang. Mungkin tidak membantu karena TikTok punya pemeriksaan lain.
Add apps to Share via,Tambahkan aplikasi ke Bagikan via
"Pick apps to add to the Share via row, before More. Each gets the same link the other apps get.","Pilih aplikasi untuk ditambahkan ke baris Bagikan via, sebelum Lainnya. Masing-masing mendapat tautan yang sama dengan aplikasi lain."
Search apps,Cari aplikasi
Looking for apps,Mencari aplikasi
No other app takes shared text,Tidak ada aplikasi lain yang menerima teks yang dibagikan
"Install one, then come back here.","Pasang satu, lalu kembali ke sini."
No apps match this search,Tidak ada aplikasi yang cocok dengan pencarian ini
LIVE feed,Feed LIVE
Filter the LIVE feed,Filter feed LIVE
"Hides rooms in the LIVE feed you swipe through, using the rules below. Blocked creators, Creators hidden on this phone and Creator exceptions apply here too, and Blocked caption words are checked against each LIVE's title. The first room the LIVE button opens isn't filtered. If every room would be hidden, one gets through so the feed keeps loading.","Menyembunyikan ruang di feed LIVE yang kamu geser, memakai aturan di bawah. Kreator yang diblokir, Kreator yang disembunyikan di ponsel ini, dan Pengecualian kreator berlaku di sini juga, dan “Kata yang diblokir di keterangan” dicocokkan dengan judul tiap LIVE. Ruang pertama yang dibuka tombol LIVE tidak difilter. Jika semua ruang akan disembunyikan, satu dibiarkan lolos agar feed tetap memuat."
Hide gaming LIVEs,Sembunyikan LIVE game
Hide LIVEs that TikTok tags with a game or a gaming category.,Sembunyikan LIVE yang ditandai TikTok dengan game atau kategori game.
Hide shopping LIVEs,Sembunyikan LIVE belanja
Hide LIVEs that sell products or carry a TikTok Shop tag.,Sembunyikan LIVE yang menjual produk atau punya tag TikTok Shop.
Hide sponsored LIVEs,Sembunyikan LIVE bersponsor
Hide LIVEs that TikTok labels as a paid partnership or promotional content.,Sembunyikan LIVE yang ditandai TikTok sebagai kemitraan berbayar atau konten promosi.
Hide verified creators' LIVEs,Sembunyikan LIVE kreator terverifikasi
Hide LIVEs hosted by verified accounts.,Sembunyikan LIVE dari akun terverifikasi.
Hidden LIVE categories,Kategori LIVE yang disembunyikan
"Separate words with commas, like music, chat. A LIVE is hidden when its category, topic tags or game name contains one. Capital letters don't matter.","Pisahkan kata dengan koma, misalnya music, chat. LIVE disembunyikan jika kategori, tag topik, atau nama gimnya memuat salah satunya. Huruf besar atau kecil tidak berpengaruh."
LIVE viewers range,Rentang penonton LIVE
Show only LIVEs with this many people watching.,Hanya tampilkan LIVE dengan jumlah penonton sebanyak ini.
LIVE followers range,Rentang pengikut LIVE
Show only LIVEs from creators with this many followers.,Hanya tampilkan LIVE dari kreator dengan jumlah pengikut sebanyak ini.
Hide the comment bar on opened videos,Sembunyikan bilah komentar di video yang dibuka
Hide the Clear display controls,Sembunyikan kontrol Tampilan bersih
"While Clear display is on, also hide the progress bar, the close button and the pause and speed buttons at the bottom. You can still drag along the bottom edge to move through the video. To leave Clear display, press and hold the video and tap Restore display, or pinch the screen.","Saat Tampilan bersih aktif, sembunyikan juga bilah progres, tombol tutup, serta tombol jeda dan kecepatan di bagian bawah. Kamu tetap bisa menggeser di sepanjang tepi bawah untuk berpindah di dalam video. Untuk keluar dari Tampilan bersih, tekan lama video lalu ketuk Pulihkan tampilan, atau cubit layar."
"Take the Add comment bar off videos you open from a profile, a hashtag, a sound or search, so the video fills the screen down to the bottom. The comment button on the right still opens comments.","Sembunyikan bilah untuk menulis komentar di video yang kamu buka dari profil, hashtag, suara, atau pencarian, agar video memenuhi layar sampai ke bawah. Tombol komentar di kanan tetap membuka komentar."
Build details,Detail build
Copy or save which patches and options this Hushfeed was built with.,Salin atau simpan patch dan opsi apa saja yang dipakai untuk membuat Hushfeed ini.
Copy build details,Salin detail build
Save build details,Simpan detail build
Build details copied to the clipboard,Detail build disalin ke papan klip
"Sends one message a day to each person below at the time below, so your streaks keep going on days you don't open TikTok.",Mengirim satu pesan per hari ke setiap orang di bawah pada waktu yang ditentukan agar streak tetap berjalan saat kamu tidak membuka TikTok.
"Their usernames, separated by commas or new lines. Each person must already have a chat with you.","Nama pengguna mereka, dipisahkan dengan koma atau baris baru. Kamu harus sudah memiliki chat dengan setiap orang."
Delivery unconfirmed: %1$d/%2$d chats. Those chats won't be retried today.,Pengiriman belum terkonfirmasi: %1$d/%2$d chat. Chat tersebut tidak akan dicoba lagi hari ini.
Delivery unconfirmed: %1$d/%2$d chats. Remaining chats still need a message.,Pengiriman belum terkonfirmasi: %1$d/%2$d chat. Chat lainnya masih memerlukan pesan.
Sent to %1$d/%2$d chats. They won't get another message today.,Terkirim ke %1$d/%2$d chat. Hari ini tidak akan ada pesan lain.
Sent to %1$d/%2$d chats. The rest still need a message.,Terkirim ke %1$d/%2$d chat. Chat lainnya masih memerlukan pesan.
"TikTok may have taken this message. Delivery isn't confirmed, so it won't be retried today.","TikTok mungkin telah menerima pesan ini. Pengirimannya belum terkonfirmasi, jadi tidak akan dicoba lagi hari ini."
Nothing was sent. Check the streak settings and try again.,Tidak ada yang dikirim. Periksa pengaturan streak dan coba lagi.
Don't save new searches,Jangan simpan pencarian baru
"Keep what you search for out of the search history TikTok saves on this phone. Searches already there stay until you delete them, and TikTok's servers may still keep their own record.","Jangan masukkan apa yang kamu cari ke riwayat pencarian yang disimpan TikTok di ponsel ini. Pencarian yang sudah ada tetap tersimpan sampai kamu menghapusnya, dan server TikTok mungkin tetap menyimpan catatannya sendiri."
Block suggested video notifications,Blokir notifikasi video yang disarankan
"Stop the notifications TikTok sends about popular videos it picked for you. Messages, comments, likes, follows and videos from accounts you follow still come through.","Hentikan notifikasi yang dikirim TikTok tentang video populer yang dipilihkan untukmu. Pesan, komentar, suka, pengikut baru, dan video dari akun yang kamu ikuti tetap masuk."
Buttons on videos,Tombol di video
Seen videos put back: %1$s of %2$s,Video ditonton yang dipulihkan: %1$s dari %2$s
No cleared videos fit the current history limits.,Tidak ada video yang dihapus yang memenuhi batas riwayat saat ini.
Putting seen videos back,Memulihkan video yang ditonton
These notes are in English.,Catatan ini dalam bahasa Inggris.
Still waiting for the file app. Tap to stop waiting.,Masih menunggu aplikasi file. Ketuk untuk berhenti menunggu.
Stopped waiting for the file app. Nothing was changed.,Berhenti menunggu aplikasi file. Tidak ada yang diubah.
Stopped waiting for the file app. It hasn't said yet whether the backup was saved.,Berhenti menunggu aplikasi file. Aplikasi itu belum memberi tahu apakah cadangan sudah tersimpan.
The backup wasn't saved. Back up again when the file app is ready.,Cadangan tidak tersimpan. Cadangkan lagi saat aplikasi file sudah siap.
"The file app still has the last file. Try again once it lets go, or restart TikTok.","Aplikasi file masih memegang file terakhir. Coba lagi setelah dilepas, atau mulai ulang TikTok."
Waiting for the file app to let go of the last file. Restart TikTok if it doesn't.,Menunggu aplikasi file melepas file terakhir. Mulai ulang TikTok jika tidak dilepas.
Stopped waiting for the file app. Nothing was imported.,Berhenti menunggu aplikasi file. Tidak ada yang diimpor.
The last report is still being saved,Laporan terakhir masih disimpan
Still waiting for the file app.,Masih menunggu aplikasi file.
Stop waiting,Berhenti menunggu
Stopped waiting for the file app. Nothing was exported.,Berhenti menunggu aplikasi file. Tidak ada yang diekspor.
Stopped waiting for the file app. It hasn't said yet whether the export was saved.,Berhenti menunggu aplikasi file. Aplikasi itu belum memberi tahu apakah ekspor sudah tersimpan.
The export wasn't saved. Export again when the file app is ready.,Ekspor tidak tersimpan. Ekspor lagi saat aplikasi file sudah siap.
Hide unpersonalized For You videos,Sembunyikan video Untuk Kamu yang tidak dipersonalisasi
"Hide the fill-in videos TikTok sends to For You without picking them for you. When a whole batch is fill-in, it stays so the feed doesn't run dry.","Sembunyikan video pengisi yang dikirim TikTok ke Untuk Kamu tanpa dipilih untukmu. Jika satu kumpulan isinya pengisi semua, kumpulan itu tetap ditampilkan agar feed tidak kosong."
Unpersonalized For You videos,Video Untuk Kamu yang tidak dipersonalisasi
Reviewed presets for TikTok %1$s,Preset teruji untuk TikTok %1$s
No presets have been reviewed for TikTok %1$s yet,Belum ada preset yang diuji untuk TikTok %1$s
Repost with a comment,Posting ulang dengan komentar
Profile banner and new profile layout,Banner profil dan tata letak profil baru
"Comment with live photos, the camera or audio","Berkomentar dengan foto live, kamera, atau audio"
Save comments to Favorites,Simpan komentar ke Favorit
Comment sort and dislike styles,Urutan komentar dan gaya tidak suka
"Message bubble colors, Inbox archive and sharing to more chats","Warna gelembung pesan, arsip Kotak Masuk, dan berbagi ke lebih banyak chat"
Manage topics,Kelola topik
Visual search,Pencarian visual
AI Self,AI Self
Long-press menu on every post,Menu tekan lama di setiap postingan
TikTok's hold to speed up,Tahan untuk mempercepat dari TikTok
TikTok's background play and auto-scroll,Putar di latar belakang dan gulir otomatis dari TikTok
Post dates in the feed,Tanggal postingan di feed
Show exact counts,Tampilkan angka persis
"Show counts as full numbers, like 1,234,567 instead of 1.2M.","Tampilkan angka secara lengkap, misalnya 1.234.567, bukan 1.2M."
Play SDR instead of HDR,"Putar SDR, bukan HDR"
"HDR videos light the screen extra bright. This plays the standard (SDR) version instead, so the screen doesn't jump to full brightness. Videos with no standard version still play in HDR.","Video HDR membuat layar ekstra terang. Ini memutar versi standar (SDR) sebagai gantinya, sehingga layar tidak melonjak ke kecerahan penuh. Video tanpa versi standar tetap diputar dalam HDR."
Remove story rings,Hapus cincin cerita
"Take the story ring off profile pictures on the feed, in comments and on profiles. Tapping a picture opens the profile instead of the story.","Hapus cincin cerita dari foto profil di feed, di komentar, dan di profil. Mengetuk foto akan membuka profil, bukan ceritanya."
Remove the LIVE ring,Hapus cincin LIVE
Take the pulsing LIVE ring off profile pictures on the feed and in comments. Tapping the picture of a creator who's live opens their profile instead of the LIVE.,"Hapus cincin LIVE yang berdenyut dari foto profil di feed dan di komentar. Mengetuk foto kreator yang sedang live akan membuka profilnya, bukan LIVE-nya."
Writing,Menulis
Lift text length limits,Lepas batas panjang teks
"Let comments, repost notes and your bio run past the length TikTok's app stops at. TikTok's servers can still turn down a long one.","Biarkan komentar, catatan repost, dan bio kamu melewati panjang yang dibatasi aplikasi TikTok. Server TikTok tetap bisa menolak teks yang panjang."
Show only mutual friends on the Friends tab,Hanya tampilkan teman yang saling mengikuti di tab Teman
"On the Friends tab, hide posts, reposts and LIVEs from accounts that aren't a mutual follow, suggested accounts included. Your own posts stay.","Di tab Teman, sembunyikan postingan, repost, dan LIVE dari akun yang tidak saling mengikuti dengan Anda, termasuk akun yang disarankan. Postingan Anda sendiri tetap ada."
Show follow status,Tampilkan status mengikuti
"Under the @username on a profile, say whether it follows you or doesn't follow you back. Follower and following lists mark the accounts you follow that don't follow you back.","Di bawah @nama pengguna pada profil, tampilkan apakah akun itu mengikuti Anda atau tidak mengikuti balik. Daftar pengikut dan yang diikuti menandai akun yang Anda ikuti tetapi tidak mengikuti balik."
Follows you,Mengikuti Anda
Doesn't follow you back,Tidak mengikuti balik
Copy bio and IDs,Salin bio dan ID
"Long-press a bio to copy it. A profile's share sheet gets buttons that copy its username and user ID, and a video's share sheet one that copies the video ID.","Tekan lama bio untuk menyalinnya. Lembar bagikan profil mendapat tombol untuk menyalin nama pengguna dan ID penggunanya, dan lembar bagikan video mendapat tombol untuk menyalin ID video."
Bio copied,Bio disalin
Username copied,Nama pengguna disalin
User ID copied,ID pengguna disalin
Video ID copied,ID video disalin
Copy username,Salin nama pengguna
Copy user ID,Salin ID pengguna
Copy video ID,Salin ID video
Prefer H.264 video,Utamakan video H.264
Picks the older H.264 video format when TikTok also offers a newer one (HEVC or ByteVC2). It helps phones that stutter or run hot. Videos without an H.264 version still play.,Memilih format video H.264 yang lebih lama saat TikTok juga menawarkan yang lebih baru (HEVC atau ByteVC2). Membantu ponsel yang patah-patah atau panas. Video tanpa versi H.264 tetap diputar.
Show engagement rate,Tampilkan tingkat interaksi
"Show likes, comments, shares and saves as a percentage of views, next to the creator's name and after the view count on profile grids.","Tampilkan suka, komentar, bagikan, dan simpanan sebagai persentase dari tayangan, di sebelah nama kreator dan setelah jumlah tayangan di kisi profil."
App lock,Kunci aplikasi
Lock TikTok,Kunci TikTok
"Ask for the unlock your phone uses, like a fingerprint or a PIN, when TikTok starts and when you come back to it. A link you open from another app still goes to its video once you unlock. While this is on, TikTok's preview in recent apps stays blank. Needs a screen lock on the phone.","Minta buka kunci yang dipakai ponsel Anda, seperti sidik jari atau PIN, saat TikTok dibuka dan saat Anda kembali ke sana. Tautan yang Anda buka dari aplikasi lain tetap menuju videonya setelah kunci dibuka. Selama ini aktif, pratinjau TikTok di aplikasi terbaru tetap kosong. Memerlukan kunci layar di ponsel."
Lock again after,Kunci lagi setelah
Right away,Segera
After 1 minute,Setelah 1 menit
After 5 minutes,Setelah 5 menit
After 15 minutes,Setelah 15 menit
Unlock TikTok,Buka kunci TikTok
Use screen lock,Gunakan kunci layar
TikTok is locked,TikTok terkunci
Unlock,Buka kunci
TikTok isn't locked because this phone has no screen lock,TikTok tidak terkunci karena ponsel ini tidak punya kunci layar
Save photo posts as a video,Simpan unggahan foto sebagai video
"On a one-photo post, Download video makes an MP4 with the post's sound and no TikTok logo or end card. On a post with several photos, Download asks if you want the originals or one video.","Pada kiriman satu foto, Unduh video membuat MP4 dengan suara kiriman tanpa logo TikTok dan kartu penutup. Pada kiriman dengan beberapa foto, Unduh menanyakan apakah kamu mau foto asli atau satu video."
Seconds per photo,Detik per foto
How long each photo stays on screen in a video made from a photo post.,Berapa lama setiap foto tampil di layar dalam video yang dibuat dari unggahan foto.
Save photos or a video?,Simpan foto atau video?
Save photos,Simpan foto
Save as video,Simpan sebagai video
Making a video of the photos,Membuat video dari foto
Saved the photos as a video in %1$s,Foto disimpan sebagai video di %1$s
"Saved the photos as a video in %1$s. The sound couldn't be added, so it's silent.","Foto disimpan sebagai video di %1$s. Suara tidak dapat ditambahkan, jadi videonya tanpa suara."
The video couldn't be made from these photos. Try again.,Video tidak dapat dibuat dari foto ini. Coba lagi.
Video of photos,Video dari foto
debug debugging logs logging,debug debugging log catatan
Export comments,Ekspor komentar
"Adds Export CSV and Export JSON buttons under the search box, so Search within comments must be on. They save the comments and replies loaded so far to a file you pick. Open the reply threads you want first.","Menambahkan tombol Export CSV dan Export JSON di bawah kotak pencarian, jadi “Cari dalam komentar” harus menyala. Tombol itu menyimpan komentar dan balasan yang sudah dimuat ke file pilihanmu. Buka dulu utas balasan yang kamu mau."
Export CSV,Ekspor CSV
Export JSON,Ekspor JSON
1 comment or reply loaded,1 komentar atau balasan dimuat
%1$d comments and replies loaded,%1$d komentar dan balasan dimuat
No comments are loaded to export yet.,Belum ada komentar yang dimuat untuk diekspor.
Exported %1$d comments and %2$d replies,%1$d komentar dan %2$d balasan diekspor
Comment export failed,Ekspor komentar gagal
Some of these notes are in English.,Sebagian catatan ini dalam bahasa Inggris.
"More than %1$d comments were loaded, so the rest aren't in the file.","Lebih dari %1$d komentar dimuat, jadi sisanya tidak ada di berkas."
Lock the feed,Kunci feed
"For You, Following and the other feed tabs stay behind a calm panel and won't swipe. Messages, profiles and search work as usual, a link to one video still opens that video, and the app opens on Inbox instead of the feed.","For You, Mengikuti, dan tab feed lainnya tetap di balik panel yang tenang dan tidak bisa digeser. Pesan, profil, dan pencarian berfungsi seperti biasa, tautan ke satu video tetap membuka video itu, dan aplikasi terbuka di Kotak Masuk, bukan di feed."
The feed is locked,Feed terkunci
Block popups,Blokir popup
"Pick the popups to stop. The list holds the ones TikTok has tried to show on this phone, so a popup appears here after its first showing. CAPTCHA, verification, sign-in, age, ban and legal consent screens are never listed or blocked.","Pilih popup yang ingin dihentikan. Daftar ini berisi popup yang pernah coba ditampilkan TikTok di ponsel ini, jadi sebuah popup muncul di sini setelah tampil pertama kali. Layar CAPTCHA, verifikasi, masuk, usia, pemblokiran, dan persetujuan hukum tidak pernah ditampilkan di daftar atau diblokir."
No popups have been seen yet,Belum ada popup yang terlihat
Use TikTok for a while. A popup shows up here after TikTok first tries to show it.,Pakai TikTok sebentar. Sebuah popup muncul di sini setelah TikTok pertama kali mencoba menampilkannya.
Fade the video controls,Pudarkan kontrol video
"Fade the buttons, caption and tabs over the video to this level instead of hiding them. 100 leaves them as TikTok draws them. Faded controls still take taps. At 0 the buttons and caption are hidden, and the tabs stay at 10.","Memudarkan tombol, keterangan, dan tab di atas video sampai tingkat ini, bukan menyembunyikannya. Pada 100, semuanya tampil seperti gambar TikTok. Kontrol yang pudar tetap menerima ketukan. Pada 0 tombol dan keterangan disembunyikan, dan tab tetap di 10."
Loop a story,Ulangi story
Replay a story from the start when it ends instead of moving to the next one. Tap or swipe to move on.,"Memutar ulang story dari awal saat selesai, bukan pindah ke story berikutnya. Ketuk atau geser untuk lanjut."
Hold a photo story,Tahan story foto
"Keep a photo story on screen until you tap or swipe, instead of moving on after a few seconds.","Menahan story foto di layar sampai Anda mengetuk atau menggeser, bukan pindah setelah beberapa detik."
Store TikTok thinks it came from,Toko tempat TikTok mengira berasal
Play Store,Play Store
Galaxy Store,Galaxy Store
AppGallery,AppGallery
Amazon Appstore,Amazon Appstore
Swipe for brightness and volume,Geser untuk kecerahan dan volume
Drag up or down along the left or right edge of a video to change what that edge strip is set to below. By default that's the screen brightness on the left and the volume on the right. Swiping anywhere else still scrolls the feed.,"Geser ke atas atau bawah di tepi kiri atau kanan video untuk mengubah apa yang diatur untuk strip tepi itu di bawah. Secara bawaan, kiri untuk kecerahan layar dan kanan untuk volume. Di tempat lain, feed tetap bergulir seperti biasa."
Edge strip width,Lebar strip tepi
"How wide each edge strip is, as a percent of the screen width.","Lebar setiap strip tepi, dalam persen dari lebar layar."
Brightness,Kecerahan
Volume,Volume
Left edge strip,Strip tepi kiri
Right edge strip,Strip tepi kanan
Stop search results playing on their own,Hentikan hasil pencarian diputar sendiri
Videos in search results show their cover and play when you open them. The feed and the videos you open play as usual.,Video di hasil pencarian menampilkan sampulnya dan diputar saat kamu membukanya. Feed dan video yang kamu buka diputar seperti biasa.
In a chat,Di obrolan
Hide call buttons,Sembunyikan tombol panggilan
"The voice and video call buttons leave the top of a chat. Calls still ring, and the chat details button stays.","Tombol panggilan suara dan video hilang dari bagian atas obrolan. Panggilan tetap berdering, dan tombol detail obrolan tetap ada."
Hide sticker suggestions,Sembunyikan saran stiker
The sticker suggestion banner stops showing in a chat. Your own stickers are still in the sticker picker.,Banner saran stiker tidak lagi muncul di obrolan. Stiker Anda sendiri tetap ada di pemilih stiker.
Hide suggested replies,Sembunyikan balasan yang disarankan
TikTok's suggested reply cells and their intro banner stop showing in a chat. Messages you type or receive are untouched.,Balasan yang disarankan TikTok dan banner pengantarnya tidak lagi muncul di obrolan. Pesan yang Anda ketik atau terima tidak diubah.
Hide online status,Sembunyikan status online
"Friends won't see a green dot or Active now while you're in TikTok. Needs Ghost mode on. Their status may stop updating for you, and your last status can linger.","Teman tidak akan melihat titik hijau atau Active now saat kamu ada di TikTok. Mode Ghost harus menyala. Status teman mungkin berhenti diperbarui untukmu, dan status terakhirmu bisa tetap terlihat beberapa saat."
Stop LIVE previews opening by themselves,Hentikan pratinjau LIVE terbuka sendiri
A LIVE in the feed can count down and take you into the room on its own. This keeps you in the feed until you tap it.,LIVE di feed bisa menghitung mundur dan membawa Anda masuk ke ruangannya sendiri. Ini membuat Anda tetap di feed sampai Anda mengetuknya.
Play sounds TikTok pulled,Putar suara yang ditarik TikTok
Play the audio on videos TikTok silenced because their sound was pulled for copyright or in your region. TikTok may still say the sound isn't available.,Putar audio pada video yang dibisukan TikTok karena suaranya ditarik akibat hak cipta atau di wilayah Anda. TikTok mungkin tetap menyebut suaranya tidak tersedia.
Match region fields in requests,Samakan kolom wilayah dalam permintaan
Show exact LIVE viewer counts,Tampilkan jumlah penonton LIVE yang tepat
A LIVE room shows how many people are watching as a rounded number like 1.2K. This shows the exact count instead.,"Ruang LIVE menampilkan jumlah penonton sebagai angka dibulatkan seperti 1,2K. Ini menampilkan jumlah yang tepat."
Keep watching in a small window,Tetap menonton di jendela kecil
"When you leave TikTok while a video plays, it keeps playing in a small window over your other apps, with a button to pause it. Works in the feed and on videos you open from a profile, search or a sound. Needs Android 8 or later.","Saat Anda meninggalkan TikTok ketika video sedang diputar, video tetap diputar di jendela kecil di atas aplikasi lain, dengan tombol untuk menjedanya. Berfungsi di feed dan pada video yang Anda buka dari profil, pencarian, atau suara. Memerlukan Android 8 atau yang lebih baru."
Play,Putar
Pause,Jeda
Posting,Memposting
Always upload in HD,Selalu unggah dalam HD
Post every video as if you'd turned on TikTok's own HD upload on the post page. A clip TikTok doesn't count as high quality posts as before.,Posting setiap video seolah kamu menyalakan unggahan HD milik TikTok sendiri di halaman posting. Klip yang tidak dianggap TikTok berkualitas tinggi diposting seperti sebelumnya.
"Keeps logging until you turn it off, even after a restart. TikTok can feel slower while it's on.","Terus mencatat sampai Anda mematikannya, bahkan setelah dimulai ulang. TikTok bisa terasa lebih lambat selama menyala."
Log diagnostics for 15 minutes,Catat diagnostik selama 15 menit
"Logs for 15 minutes, then stops on its own. Restarting TikTok doesn't move the end, and the switch above stays as you set it.","Mencatat selama 15 menit, lalu berhenti sendiri. Memulai ulang TikTok tidak menggeser waktu berakhirnya, dan sakelar di atas tetap seperti yang Anda atur."
Logging until %1$s. Tap to stop now.,Mencatat sampai %1$s. Ketuk untuk berhenti sekarang.
Logging diagnostics until %1$s,Mencatat diagnostik sampai %1$s
Timed logging stopped,Pencatatan berwaktu dihentikan
Preview with a made-up post:,Pratinjau dengan postingan contoh:
Hushfeed's downloader: %1$s,Pengunduh Hushfeed: %1$s
TikTok's downloader: %1$s,Pengunduh TikTok: %1$s
Sound: %1$s,Suara: %1$s
Details: %1$s,Detail: %1$s
Subtitles: %1$s,Subtitel: %1$s
Stickers: %1$s,Stiker: %1$s
Live photo clips: %1$s,Klip foto live: %1$s
TikTok's own name,Nama bawaan TikTok
"Not a part Hushfeed fills in, so it's kept as typed: %1$s","Bukan bagian yang diisi Hushfeed, jadi tetap seperti yang diketik: %1$s"
"Hushfeed's downloader doesn't fill this in, so it's kept as typed: %1$s","Pengunduh Hushfeed tidak mengisi bagian ini, jadi tetap seperti yang diketik: %1$s"
"If that name is taken, Android adds a number to the new file.","Jika nama itu sudah dipakai, Android menambahkan angka pada file baru."
"If that name is taken, Hushfeed adds a number to the new file.","Jika nama itu sudah dipakai, Hushfeed menambahkan angka pada file baru."
Don't start the first video,Jangan mulai video pertama
"When you open TikTok from its icon, the first video in the feed waits for one tap before it plays. A link, a notification or a shortcut opens as usual.","Saat kamu membuka TikTok dari ikonnya, video pertama di feed menunggu satu ketukan sebelum diputar. Tautan, notifikasi, atau pintasan tetap terbuka seperti biasa."
Network proxy,Proksi jaringan
Send TikTok through a proxy,Kirim TikTok lewat proksi
"Sends TikTok's feed, search, comments and other app traffic through the proxy below. Videos and LIVE streams still connect directly. Other apps aren't affected.","Mengirim feed, pencarian, komentar, dan lalu lintas aplikasi TikTok lainnya lewat proxy di bawah. Video dan siaran LIVE tetap terhubung langsung. Aplikasi lain tidak terpengaruh."
Proxy type,Jenis proksi
HTTP,HTTP
SOCKS5,SOCKS5
Proxy host,Host proksi
"The proxy's address, like 192.168.1.20 or proxy.example.com.","Alamat proksi, seperti 192.168.1.20 atau proxy.example.com."
Proxy port,Port proksi
"The port the proxy listens on, like 8080 or 1080.","Port yang didengarkan proksi, seperti 8080 atau 1080."
Proxy user name,Nama pengguna proksi
"Optional. Only connections made by Android itself can sign in to a proxy, not TikTok's own. Leave empty for a proxy without a password.","Opsional. Hanya koneksi yang dibuat Android sendiri yang bisa masuk ke proxy, bukan koneksi TikTok. Kosongkan untuk proxy tanpa kata sandi."
Proxy password,Kata sandi proksi
"Optional, used with the user name. It isn't shown, logged or put in a backup.","Opsional, dipakai bersama nama pengguna. Tidak ditampilkan, dicatat, atau dimasukkan ke cadangan."
"Enter a server name or IP address, without http:// or a port number","Masukkan nama server atau alamat IP, tanpa http:// dan tanpa nomor port"
A port is a whole number from 1 to 65535,Port adalah bilangan bulat dari 1 sampai 65535
"The proxy at %1$s asks for a password, and TikTok can't send one. Use a proxy that doesn't need one.","Proxy di %1$s meminta kata sandi, dan TikTok tidak bisa mengirimkannya. Pakai proxy yang tidak memerlukannya."
Couldn't reach the proxy at %1$s. TikTok may not load until it's back or you turn the proxy off.,Tidak bisa menjangkau proksi di %1$s. TikTok mungkin tidak memuat sampai proksi kembali atau kamu mematikannya.
"Word rules only, not every feed filter:","Hanya aturan kata, bukan semua filter feed:"
This list is too long to preview here. Saving still follows the usual limit.,"Daftar ini terlalu panjang untuk dipratinjau di sini. Saat disimpan, batas yang biasa tetap berlaku."
Can't check yet: %1$s,Belum bisa diperiksa: %1$s
"No rules yet, so nothing would match.","Belum ada aturan, jadi tidak ada yang cocok."
Type some sample text to see whether these rules match it.,Ketik teks contoh untuk melihat apakah aturan ini cocok.
No rule matches this text.,Tidak ada aturan yang cocok dengan teks ini.
Matches the rule: %1$s,Cocok dengan aturan: %1$s
Only the first %1$s characters of the sample were checked.,Hanya %1$s karakter pertama dari contoh yang diperiksa.
Sample caption to test,Keterangan contoh untuk dicoba
Sample category to test,Kategori contoh untuk dicoba
Keep videos out of Watch history,Jauhkan video dari Riwayat tontonan
"Stops TikTok from reporting the videos you watch, so they don't get added to Watch history in Activity center. Your views won't count and For You learns less. Likes, follows and searches are still seen.","Menghentikan TikTok melaporkan video yang kamu tonton, jadi tidak masuk ke Riwayat tontonan di Activity center. Tontonanmu tidak dihitung dan For You belajar lebih sedikit. Suka, ikuti, dan pencarian tetap terlihat."
Set a sleep timer that closes TikTok,Atur pengatur waktu tidur yang menutup TikTok
Close TikTok after,Tutup TikTok setelah
Turn off the timer (TikTok closes at %1$s),Matikan pengatur waktu (TikTok tutup pukul %1$s)
TikTok closes at %1$s,TikTok tutup pukul %1$s
Sleep timer off,Pengatur waktu tidur mati
Keep offline videos out of the feed,Jauhkan video offline dari feed
TikTok slips the videos it saved for offline viewing back into For You when it can't load enough new ones. This takes them all out. Your offline list stays as it is.,TikTok menyelipkan video yang disimpannya untuk ditonton offline kembali ke For You saat tidak bisa memuat cukup video baru. Ini mengeluarkan semuanya. Daftar offline-mu tetap seperti semula.
About %1$s of storage at this limit,Sekitar %1$s penyimpanan pada batas ini
Save seen history to a file,Simpan riwayat video yang dilihat ke file
Restore seen history from a file,Pulihkan riwayat video yang dilihat dari file
"Save the videos @%1$s has seen, and when, to a JSON file. Anyone who opens the file can see that viewing history.",Simpan video yang telah dilihat @%1$s beserta waktunya ke file JSON. Siapa pun yang membuka file ini dapat melihat riwayat tontonan tersebut.
"Save this account's seen videos, and when they were watched, to a JSON file. Anyone who opens the file can see that viewing history.",Simpan video yang telah dilihat akun ini beserta waktunya ke file JSON. Siapa pun yang membuka file ini dapat melihat riwayat tontonan tersebut.
Add a seen-history file saved by Hushfeed to the videos @%1$s has seen. A video in both keeps the newer date.,Tambahkan file riwayat yang disimpan Hushfeed ke video yang telah dilihat @%1$s. Video yang ada di keduanya memakai tanggal yang lebih baru.
Add a seen-history file saved by Hushfeed to this account's seen videos. A video in both keeps the newer date.,Tambahkan file riwayat yang disimpan Hushfeed ke video yang telah dilihat akun ini. Video yang ada di keduanya memakai tanggal yang lebih baru.
Sign in to TikTok before saving or restoring seen history.,Masuk ke TikTok sebelum menyimpan atau memulihkan riwayat video yang dilihat.
Saving seen history,Menyimpan riwayat video yang dilihat
Reading the seen-history file,Membaca file riwayat
Restoring seen history,Memulihkan riwayat video yang dilihat
Saved 1 seen video to the file,1 video yang dilihat disimpan ke file
Saved %1$s seen videos to the file,%1$s video yang dilihat disimpan ke file
Couldn't save the seen-history file. Try again.,Tidak dapat menyimpan file riwayat. Coba lagi.
Couldn't start the export. Try again in a moment.,Tidak dapat memulai ekspor. Coba lagi sebentar lagi.
Added 1 seen video,1 video yang dilihat ditambahkan
Added %1$s seen videos,%1$s video yang dilihat ditambahkan
Added 1 seen video.,1 video yang dilihat ditambahkan.
Added %1$s seen videos.,%1$s video yang dilihat ditambahkan.
%1$s video was already recorded.,%1$s video sudah tercatat.
%1$s videos were already recorded.,%1$s video sudah tercatat.
%1$s video was older than Forget seen videos after allows.,%1$s video lebih lama dari batas Lupakan video yang sudah ditonton setelah.
%1$s videos were older than Forget seen videos after allows.,%1$s video lebih lama dari batas Lupakan video yang sudah ditonton setelah.
%1$s video had a date later than this phone's clock.,%1$s video bertanggal lebih lambat dari jam ponsel ini.
%1$s videos had dates later than this phone's clock.,%1$s video bertanggal lebih lambat dari jam ponsel ini.
%1$s video didn't fit in the newest %2$s.,%1$s video tidak muat di %2$s video terbaru.
%1$s videos didn't fit in the newest %2$s.,%1$s video tidak muat di %2$s video terbaru.
%1$s older seen video was dropped to keep the newest %2$s.,%1$s video lama yang dilihat dihapus agar %2$s video terbaru tetap tersimpan.
%1$s older seen videos were dropped to keep the newest %2$s.,%1$s video lama yang dilihat dihapus agar %2$s video terbaru tetap tersimpan.
Couldn't restore seen history. Your saved history is unchanged.,Tidak dapat memulihkan riwayat video yang dilihat. Riwayat yang tersimpan tidak berubah.
That file is larger than %1$s MB. Choose a seen-history file saved by Hushfeed.,File itu lebih besar dari %1$s MB. Pilih file riwayat yang disimpan Hushfeed.
That file lists more than %1$s videos. Nothing was restored.,File itu berisi lebih dari %1$s video. Tidak ada yang dipulihkan.
"That isn't a seen-history file saved by Hushfeed. For TikTok's own data export, use Import watch history.","Itu bukan file riwayat yang disimpan Hushfeed. Untuk ekspor data TikTok sendiri, gunakan Impor riwayat tontonan."
"That file was saved by a newer Hushfeed. Update Hushfeed, then try again.","File itu disimpan oleh Hushfeed versi lebih baru. Perbarui Hushfeed, lalu coba lagi."
That seen-history file is damaged or was edited. Nothing was restored.,File riwayat itu rusak atau telah diedit. Tidak ada yang dipulihkan.
Turn off haptics,Matikan getaran haptik
Stop the short vibrations TikTok plays on its own taps and gestures. Your keyboard and your phone's own haptics stay as they are.,Hentikan getaran singkat yang dimainkan TikTok pada ketukan dan gesturnya sendiri. Keyboard dan haptik bawaan ponselmu tetap seperti semula.
Turn off screen transitions,Matikan transisi layar
Open and close TikTok's screens without their slide. Swipes inside a screen still follow your finger.,Buka dan tutup layar TikTok tanpa animasi gesernya. Usapan di dalam layar tetap mengikuti jarimu.
Save the frame on screen as a photo,Simpan bingkai di layar sebagai foto
There's no video on screen to save a frame from,Tidak ada video di layar untuk disimpan bingkainya
Saving a frame from this video needs Android 7 or newer,Menyimpan bingkai dari video ini butuh Android 7 atau yang lebih baru
Allow storage for TikTok in Android settings to save frames,Izin penyimpanan dibutuhkan untuk menyimpan bingkai
The frame couldn't be read. Try again.,Bingkai tidak bisa dibaca. Coba lagi.
Saving the frame,Menyimpan bingkai
Frame saved to %1$s,Bingkai disimpan ke %1$s
The frame couldn't be saved. Try again.,Bingkai tidak bisa disimpan. Coba lagi.
Video frame,Bingkai video
Hide the LIVE bubble,Sembunyikan gelembung LIVE
Stop the bubble TikTok floats at the top of the feed to point you to a LIVE.,Hentikan gelembung yang dimunculkan TikTok di atas feed untuk mengarahkanmu ke sebuah LIVE.
Auto-advance in search results,Maju otomatis di hasil pencarian
Also turns on TikTok's own auto scroll for videos opened from search. Restart TikTok to apply this.,Juga menyalakan gulir otomatis TikTok sendiri untuk video yang dibuka dari pencarian. Mulai ulang TikTok untuk menerapkannya.
Use system emoji,Gunakan emoji sistem
Shows every emoji in your phone's own emoji font. The newest emoji your phone doesn't have yet may show as a box or in pieces.,Menampilkan semua emoji dengan font emoji ponselmu sendiri. Emoji terbaru yang belum ada di ponselmu bisa tampil sebagai kotak atau terpecah.
Open shared videos alone,Buka video yang dibagikan secara terpisah
"A link to one video opens just that video, and the feed won't swipe past it. It swipes again once another video plays, like after a refresh or a tap on Following, or when you come back to TikTok after %1$d minutes or more away. Auto-advance doesn't move on from it either.","Tautan ke satu video hanya membuka video itu, dan feed tidak bisa digeser melewatinya. Feed bisa digeser lagi begitu video lain diputar, misalnya setelah memuat ulang atau mengetuk Mengikuti, atau saat kamu kembali ke TikTok setelah pergi %1$d menit atau lebih. Lanjut otomatis juga tidak pindah dari video itu."
Hide comment surveys,Sembunyikan survei komentar
Hide the question cards TikTok sometimes puts in a comment list to ask what you think.,Sembunyikan kartu pertanyaan yang kadang dipasang TikTok di daftar komentar untuk menanyakan pendapat Anda.
Hide comment box buttons,Sembunyikan tombol di kotak komentar
"Hide the photo, @ and gift buttons in the box where you write a comment. Emoji and sending work as before.","Sembunyikan tombol foto, @ dan hadiah di kotak tempat Anda menulis komentar. Emoji dan pengiriman tetap berfungsi seperti biasa."
Turn off push notifications,Matikan notifikasi push
"Turns off TikTok's notification service, so nothing it sends reaches your notification shade and it can't wake your phone. You won't hear about new messages until you open TikTok. Notifications hidden while this is on don't come back. Ongoing ones like media controls stay.","Mematikan layanan notifikasi TikTok, jadi tidak ada kiriman darinya yang sampai ke panel notifikasi dan ia tidak bisa membangunkan ponselmu. Kamu baru tahu ada pesan baru setelah membuka TikTok. Notifikasi yang disembunyikan saat ini menyala tidak akan kembali. Notifikasi yang terus berjalan seperti kontrol media tetap ada."
Save details as JSON,Simpan detail sebagai JSON
Saves the details file in JSON format instead of plain text. Useful if another tool will read it.,"Menyimpan file detail dalam format JSON, bukan teks biasa. Berguna jika file akan dibaca oleh alat lain."
Tag saved videos with their details,Beri tag detail pada video yang disimpan
"Stores the caption, creator, post date and link inside the video file, where media players can read them. Applies to saves made by Hushfeed.","Menyimpan keterangan, kreator, tanggal unggah, dan tautan di dalam file video itu sendiri, tempat pemutar media bisa membacanya. Berlaku untuk penyimpanan yang dilakukan Hushfeed."
Save the video's cover,Simpan sampul video
Save the cover as well,Simpan sampulnya juga
"Save the video's cover picture at the largest size TikTok has, each time you tap Download. It goes to your photo folder, named after the video.","Simpan gambar sampul video dengan ukuran terbesar yang dimiliki TikTok, setiap kali kamu mengetuk Unduh. Gambar masuk ke folder fotomu, dinamai sesuai videonya."
This video has no cover to save,Video ini tidak punya sampul untuk disimpan
Allow storage for TikTok in Android settings to save covers,Izin penyimpanan dibutuhkan untuk menyimpan sampul
The cover couldn't be saved. Try again.,Sampul tidak bisa disimpan. Coba lagi.
Cover saved to %1$s,Sampul disimpan di %1$s
Saving the cover,Menyimpan sampul
Show the time to the second,Tampilkan waktu hingga detik
"Show when a video was posted down to the second, with your time zone, in place of TikTok's short date by the creator's name.","Tampilkan kapan video diposting hingga detiknya, beserta zona waktumu, sebagai ganti tanggal singkat TikTok di samping nama kreator."
Show dates on profile grids,Tampilkan tanggal di kisi profil
Show the day each video was posted under its view count on profile grids.,Tampilkan hari setiap video diposting di bawah jumlah tayangannya di kisi profil.
Fall back to the watermarked copy,Gunakan salinan bertanda air sebagai cadangan
"When the video without the watermark can't be fetched, save TikTok's own watermarked copy instead and say so. It's the size TikTok's own save uses, so it may be smaller than the quality you picked.","Jika video tanpa tanda air tidak bisa diambil, simpan salinan bertanda air milik TikTok sebagai gantinya dan beri tahu. Ukurannya sama dengan yang dipakai penyimpanan TikTok sendiri, jadi bisa lebih kecil dari kualitas yang kamu pilih."
"The video without the watermark couldn't be fetched, so TikTok's watermarked copy was saved to %1$s. Try again later for the clean copy.","Video tanpa tanda air tidak bisa diambil, jadi salinan bertanda air TikTok disimpan di %1$s. Coba lagi nanti untuk mendapatkan salinan yang bersih."
Match text stickers too,Cocokkan stiker teks juga
Also hide videos whose text stickers match a blocked caption word. Text stickers are the words a creator types over the video in TikTok's editor. Text that's part of the picture itself can't be read.,Sembunyikan juga video yang stiker teksnya cocok dengan kata yang diblokir di keterangan. Stiker teks adalah kata-kata yang diketik kreator di atas video di editor TikTok. Teks yang menjadi bagian dari gambarnya sendiri tidak bisa dibaca.
Text sticker words,Kata di stiker teks
Show how many were filtered,Tampilkan jumlah yang disaring
"Shows a small count under TikTok's top tabs of what the feed filter has removed since TikTok started. It shows only on the feed, and taps on it go through to the video under it.","Menampilkan hitungan kecil di bawah tab atas TikTok tentang apa yang dihapus filter feed sejak TikTok dimulai. Hanya muncul di feed, dan ketukan padanya diteruskan ke video di bawahnya."
1 filtered out,1 disaring
%1$d filtered out,%1$d disaring
Account facts on profiles,Fakta akun di profil
"A profile's share sheet gets an Account facts button. It shows what TikTok already sent about the account: when it joined, its region and language, when its username and display name last changed, whether it's private and whether its liked videos are public. Nothing extra is fetched.","Lembar bagikan profil mendapat tombol Fakta akun. Tombol ini menampilkan apa yang sudah dikirim TikTok tentang akun itu: kapan bergabung, wilayah dan bahasanya, kapan nama pengguna dan nama tampilannya terakhir diubah, apakah akunnya privat, dan apakah video yang disukainya publik. Tidak ada data tambahan yang diambil."
Account facts,Fakta akun
TikTok account facts,Fakta akun TikTok
Account facts copied,Fakta akun disalin
Not sent,Tidak dikirim
Joined,Bergabung
Account region,Wilayah akun
Language,Bahasa
Username last changed,Nama pengguna terakhir diubah
Display name last changed,Nama tampilan terakhir diubah
Private account,Akun privat
Liked videos,Video yang disukai
Public,Publik
Copy,Salin
Copy the full link for short links,Salin tautan lengkap untuk tautan pendek
"When Copy link gives a short vt.tiktok.com or vm.tiktok.com link, Hushfeed opens it once in the background to find the full video link and copies that instead. TikTok sees that visit. Links you send to another app go out as they were.","Saat Salin tautan memberi tautan pendek vt.tiktok.com atau vm.tiktok.com, Hushfeed membukanya sekali di latar belakang untuk menemukan tautan video lengkap, lalu menyalin yang itu. TikTok melihat kunjungan itu. Tautan yang kamu kirim ke aplikasi lain tetap seperti semula."
Full link copied,Tautan lengkap disalin
Mark saved videos,Tandai video tersimpan
"Puts a ✓ by videos you saved with Hushfeed, on profile grids and next to the time in the feed. Works only while Check for already-saved videos is on. Photo posts aren't marked.","Menaruh ✓ pada video yang kamu simpan dengan Hushfeed, di grid profil dan di samping waktu di feed. Hanya berfungsi saat Periksa video yang sudah disimpan menyala. Kiriman foto tidak ditandai."
Also replaces the saved region and country code TikTok sends with every request. Signing in still sends your real region. Your IP address and your account's own rules still apply.,"Juga mengganti wilayah tersimpan dan kode negara yang dikirim TikTok di setiap permintaan. Saat masuk, wilayah aslimu tetap dikirim. Alamat IP dan aturan akunmu sendiri tetap berlaku."
Turn off double tap to react,Matikan ketuk dua kali untuk bereaksi
A double tap on a message no longer adds a heart to it. A single tap and a long press work as before.,Ketuk dua kali pada pesan tidak lagi menambahkan hati ke pesan itu. Ketuk sekali dan tekan lama tetap berfungsi seperti biasa.
Turn off swipe to reply,Matikan geser untuk membalas
Swiping a message sideways no longer starts a reply to it. Taps and long presses work as before.,Menggeser pesan ke samping tidak lagi memulai balasan. Ketukan dan tekan lama tetap berfungsi seperti biasa.
Hide the bottom tab names,Sembunyikan nama tab bawah
"The words under the bottom tab icons go away. The icons stay, and each tab opens what it always did.","Tulisan di bawah ikon tab bawah hilang. Ikonnya tetap ada, dan setiap tab membuka hal yang sama seperti biasa."
Home tab name,Nama tab Beranda
Friends tab name,Nama tab Teman
Inbox tab name,Nama tab Kotak masuk
Profile tab name,Nama tab Profil
Shop tab name,Nama tab Toko
A name of your own under this tab's icon. Leave it empty to keep TikTok's.,Nama pilihan Anda sendiri di bawah ikon tab ini. Biarkan kosong untuk memakai nama dari TikTok.
Hide TikTok's wind-down screens,Sembunyikan layar penenang TikTok
"Stops the bedtime wind-down, the breathing exercise and the daily limit screen TikTok puts over the feed. Works only on accounts TikTok knows belong to adults. Teen accounts, and ones a parent links with Family Pairing, keep them. With Leave when TikTok says time is up on, the daily limit screen still shows so that switch can work.","Menghentikan jeda sebelum tidur, latihan napas, dan layar batas harian yang ditaruh TikTok di atas feed. Hanya berfungsi di akun yang TikTok tahu milik orang dewasa. Akun remaja, dan akun yang dihubungkan orang tua lewat Family Pairing, tetap memilikinya. Saat “Keluar saat TikTok bilang waktunya habis” menyala, layar batas harian tetap muncul agar sakelar itu bisa bekerja."
Hide Footnotes,Sembunyikan Footnotes
Hide the Footnotes banner TikTok shows on a video that has a note attached. The video and its comments stay as they are.,Sembunyikan banner Footnotes yang TikTok tampilkan pada video yang memiliki catatan. Video dan komentarnya tetap seperti semula.
Hide Bulletin board,Sembunyikan Bulletin board
The Bulletin board rows TikTok adds to the Inbox leave the list. Chats and the other rows stay where they are.,Baris Bulletin board yang ditambahkan TikTok ke Kotak Masuk hilang dari daftar. Obrolan dan baris lainnya tetap di tempatnya.
Hide the group chat prompt,Sembunyikan ajakan obrolan grup
The banner at the top of the Inbox that invites you to start a group chat stops showing. Groups you're already in are unchanged.,Banner di bagian atas Kotak Masuk yang mengajak kamu membuat obrolan grup tidak lagi muncul. Grup yang sudah kamu ikuti tidak berubah.
Skip TikTok's setup screens,Lewati layar penyiapan TikTok
"Leave out the interest picker, the language and gender questions, the creators to follow, the swipe up tutorial and TikTok's notification page when TikTok runs its setup. Consent, age and sign-in screens still show.","Lewati pemilih minat, pertanyaan bahasa dan gender, kreator yang disarankan untuk diikuti, tutorial geser ke atas, dan halaman notifikasi TikTok saat TikTok menjalankan penyiapannya. Layar persetujuan, usia, dan masuk tetap ditampilkan."
Hide unverified content notices,Sembunyikan pemberitahuan konten yang belum diverifikasi
"Hide the Check sources banner TikTok puts on videos it marks as unverified, and the warnings it shows when you share one.","Sembunyikan spanduk Periksa sumber yang dipasang TikTok pada video yang ditandai belum diverifikasi, dan peringatan yang muncul saat kamu membagikannya."
Keep offline videos until you delete them,Simpan video offline sampai kamu menghapusnya
"TikTok removes videos saved for offline viewing after a set time, sometimes only two days, watched or not. With this on they stay until you delete them in TikTok's Offline videos settings. TikTok can still clear watched ones when your phone is low on space.","TikTok menghapus video yang disimpan untuk ditonton offline setelah waktu tertentu, kadang hanya dua hari, sudah ditonton atau belum. Saat ini menyala, video tetap ada sampai kamu menghapusnya di pengaturan Video offline TikTok. TikTok masih bisa menghapus yang sudah ditonton saat ruang ponselmu menipis."
Hide Thoughts on profiles,Sembunyikan Thoughts di profil
"Hide the Thoughts bubble TikTok shows above a profile picture, and the prompt to share one on your own profile. Restart TikTok to apply this.","Sembunyikan gelembung Thoughts yang TikTok tampilkan di atas foto profil, dan ajakan untuk membagikannya di profilmu sendiri. Mulai ulang TikTok agar berlaku."
Feed & layout,Feed & tata letak
"Filters, tabs and on-screen controls","Filter, tab, dan kontrol di layar"
Comments & inbox,Komentar & kotak masuk
"Filters, translation and inbox controls","Filter, terjemahan, dan kontrol kotak masuk"
Downloads & sharing,Unduhan & berbagi
"Files, subtitles and share sheet","Berkas, subtitel, dan menu berbagi"
App & advanced,Aplikasi & pengaturan lanjutan
"Region, backups and diagnostics","Wilayah, cadangan, dan diagnostik"
About Hushfeed,Tentang Hushfeed
"Version, changes and licenses","Versi, perubahan, dan lisensi"
Customize,Sesuaikan
Active,Aktif
Paused,Dijeda
Budgets and reminders,Batas dan pengingat
"%1$s, %2$s","%1$s, %2$s"
Don't auto translate these languages,Jangan terjemahkan otomatis bahasa ini
"Separate language codes with commas, like es, de. When TikTok translates for you, captions and comments in these languages stay as they were written. See translation still works when you tap it. TikTok's own Don't translate list stays the way it is.","Pisahkan kode bahasa dengan koma, misalnya es, de. Saat TikTok menerjemahkan untukmu, keterangan dan komentar dalam bahasa ini tetap seperti saat ditulis. Lihat terjemahan tetap berfungsi saat kamu mengetuknya. Daftar Jangan terjemahkan milik TikTok sendiri tetap seperti semula."
