%1$d already matched	%1$d já coincidiam
%1$d areas were checked and everything they need is here.	%1$d áreas foram verificadas e tudo de que precisam está aqui.
%1$d fields overridden	%1$d campos substituídos
%1$d fields will be overridden when requested	%1$d campos serão substituídos quando solicitados
%1$d gates selected	%1$d gates selecionados
%1$d minutes left	Restam %1$d minutos
%1$d rejected	%1$d rejeitados
%1$d results	%1$d resultados
%1$d results so far	%1$d resultados até agora
%1$d results so far, and more not counted	%1$d resultados até agora, e mais não contados
%1$d results, filtered to %2$s	%1$d resultados, filtrados por %2$s
%1$d setting was not in that file and was left as it is	%1$d configuração não estava nesse arquivo e ficou como estava
%1$d settings were not in that file and were left as they are	%1$d configurações não estavam nesse arquivo e ficaram como estavam
%1$d unavailable	%1$d indisponíveis
%1$s (%2$s)	%1$s (%2$s)
%1$s (TikTok value)	%1$s (valor do TikTok)
%1$s (custom, unverified)	%1$s (personalizado, não verificado)
%1$s (override returned)	%1$s (substituição retornada)
%1$s (will be returned when requested)	%1$s (será retornado quando solicitado)
%1$s / current cache only	%1$s / somente cache atual
%1$s / generated registry	%1$s / registro gerado
%1$s / generated registry and current cache	%1$s / registro gerado e cache atual
%1$s / local catalog	%1$s / catálogo local
%1$s and above	%1$s ou superior
%1$s appears more than once in this file.	%1$s aparece mais de uma vez neste arquivo.
%1$s changed	%1$s alterados
%1$s is already hidden	%1$s já está escondido
%1$s destinations must start with %2$s	Os destinos de %1$s precisam começar com %2$s
%1$s has an invalid value. %2$s	%1$s tem um valor inválido. %2$s
%1$s is a kind of value the Lab cannot override.	%1$s é um tipo de valor que o Lab não consegue substituir.
%1$s has type %2$s, but the file says %3$s.	%1$s tem o tipo %2$s, mas o arquivo informa %3$s.
%1$s is not a country code, so no video would ever match it. Use two letters, like GB, IE or US.	%1$s não é um código de país, então nenhum vídeo combinaria com ele. Use duas letras, como GB, IE ou US.
%1$s is not in this Lab catalog.	%1$s não está neste catálogo do Lab.
%1$s isn't installed or doesn't take links	%1$s não está instalado ou não aceita links
%1$s left	Resta %1$s
%1$s min left	Restam %1$s min
%1$s to %2$s	De %1$s a %2$s
%1$s videos left	Restam %1$s vídeos
%1$s was rejected. %2$s	%1$s foi rejeitado. %2$s
%1$s, %2$s, %3$s, %4$s, %5$s	%1$s, %2$s, %3$s, %4$s, %5$s
%1$s, selected	%1$s, selecionado
%1$s. %2$s	%1$s. %2$s
%1$s: %2$d found, %3$d missing	%1$s: %2$d encontrados, %3$d faltando
%1$s: %2$d found, %3$d missing, and more it stopped counting	%1$s: %2$d encontrados, %3$d faltando, e mais que parou de contar
%1$s: %2$d found, %3$d missing, and more it stopped counting. First missing: %4$s	%1$s: %2$d encontrados, %3$d faltando, e mais que parou de contar. O primeiro que faltou: %4$s
%1$s: %2$d found, %3$d missing. First missing: %4$s	%1$s: %2$d encontrados, %3$d faltando. O primeiro que faltou: %4$s
%1$s: %2$s	%1$s: %2$s
1 field overridden	1 campo substituído
1 field will be overridden when requested	1 campo será substituído quando solicitado
1 gate selected	1 gate selecionado
1 min left	Resta 1 min
1 result	1 resultado
1 result so far	1 resultado até agora
1 video left	Resta 1 vídeo
A Lab change is already running	Já há uma mudança do Lab em andamento
A creator pattern is taking too long and was turned off: %1$s	Um padrão de criador está demorando demais e foi desligado: %1$s
A diagnostic report is already being saved	Um relatório de diagnóstico já está sendo salvo
A field value couldn't be read. Check the values and try again.	Não foi possível ler o valor de um campo. Verifique os valores e tente novamente.
A good place to stop, if you want one.	Uma boa hora para parar, se você quiser uma.
A green dot in the top corner while TikTok has the camera open and an orange one while it records sound. They go when the access ends.	Um ponto verde no canto superior enquanto o TikTok está com a câmera aberta e um laranja enquanto grava som. Eles somem quando o acesso termina.
A host to put in place of tiktok.com when you share or copy a link, like vxtiktok.com. Leave it empty to share TikTok's own links. Only TikTok links are changed, and only the host: nothing is sent anywhere new.	Um host para colocar no lugar de tiktok.com ao compartilhar ou copiar um link, como vxtiktok.com. Deixe vazio para compartilhar os links do próprio TikTok. Só os links do TikTok mudam, e só o host: nada é enviado para nenhum lugar novo.
A newer clear replaced that undo. Tap the row again to undo.	Uma limpeza mais recente substituiu esse desfazer. Toque na linha de novo para desfazer.
A small label on the feed shows the minutes or videos left of today's budget, whichever is closer to running out.	Um rótulo pequeno no feed mostra os minutos ou vídeos restantes do orçamento de hoje.
A tap on Home or on the For You tab while For You is showing no longer reloads it. The video you're on stays.	Tocar em Início ou na aba Para você enquanto Para você está aberto não recarrega mais o feed. O vídeo que você está vendo continua.
A tap on a person in the Send to row only selects them. A second tap on the same person within %1$d seconds sends the video.	Tocar em alguém na linha Enviar para apenas seleciona a pessoa. Um segundo toque na mesma pessoa dentro de %1$d segundos envia o vídeo.
A video you paused stays paused when you come back to the app instead of starting again. One you left playing starts as usual. It works on Android 10 and newer.	Um vídeo que você pausou continua pausado quando você volta ao app em vez de recomeçar. Um que ficou tocando começa como sempre. Funciona a partir do Android 10.
A web address someone left in a comment can be tapped instead of copied out by hand. Tapping anywhere else in the comment still does what it did.	Um endereço da web deixado em um comentário pode ser tocado em vez de copiado na mão. Tocar em qualquer outra parte do comentário continua fazendo o de sempre.
AI-generated posts	Publicações geradas por IA
About	Sobre
A forced value applies to this copy of TikTok whichever account is signed in. It cannot get past a check the server makes.	Um valor forçado vale para esta cópia do TikTok, seja qual for a conta conectada. Ele não passa por cima de uma verificação feita pelo servidor.
Leave when TikTok says time is up	Sair quando o TikTok disser que o tempo acabou
No app on this phone opens that file	Nenhum app neste celular abre esse arquivo
Open	Abrir
This key touches account safety. Forcing it can change login, region, payment or security checks.	Esta chave mexe com a proteção da conta. Forçá-la pode mudar as verificações de login, região, pagamento ou segurança.
Activity	Atividade
Activity center (PIA)	Centro de atividade (PIA)
Add	Adicionar
Block the creator in one tap. Once TikTok confirms, skip to the next video. A small Unblock button appears at the top left for two seconds. You can also unblock later in TikTok's Privacy > Blocked accounts.	Bloqueie o criador com um toque. Quando o TikTok confirmar, vá para o próximo vídeo. Um pequeno botão Desbloquear aparece no canto superior esquerdo por dois segundos. Você também pode desbloquear depois em Privacidade > Contas bloqueadas do TikTok.
TikTok's own daily screen-time reminder sends the app to the background instead of waiting to be dismissed. Coming straight back leaves the reminder on screen, so the limit stays reachable. Needs a daily limit set under TikTok's Settings and privacy, under Time and well-being.	O próprio lembrete diário de tempo de tela do TikTok manda o app para o segundo plano em vez de esperar ser dispensado. Se você voltar logo em seguida, o lembrete fica na tela, para o limite continuar ao alcance. Precisa de um limite diário em Configurações e privacidade do TikTok, em Tempo e bem-estar.
Unblock	Desbloquear
Add a button beside the block control to send feedback about the current video.	Adiciona um botão ao lado do controle de bloqueio para enviar feedback sobre o vídeo atual.
Add a creator	Adicionar um criador
Add a button that hides the current creator on this phone without blocking them.	Adiciona um botão que esconde o criador atual neste aparelho sem bloqueá-lo.
Add a separate button that skips videos using the current sound.	Adiciona um botão separado que ignora vídeos que usam o som atual.
Add hidden creator	Adicionar criador oculto
Added %1$s	%1$s adicionado
Ads	Anúncios
Auto-advance videos	Avançar vídeos automaticamente
Advanced	Avançado
Advanced JSON value	Valor JSON avançado
All	Todos
All available languages	Todos os idiomas disponíveis
All events	Todos os eventos
All loaded tabs	Todas as abas carregadas
Allow Duet and Stitch anyway	Permitir Dueto e Costura mesmo assim
Allow screenshots and Circle to Search	Permitir capturas de tela e Círculo para pesquisar
Allow storage for TikTok in Android settings to save profile pictures	É preciso permissão de armazenamento para salvar uma foto de perfil
Allow storage for TikTok in Android settings to save sounds	É preciso permissão de armazenamento para salvar um som
Allow storage for TikTok in Android settings to save stories	É preciso permissão de armazenamento para salvar um story
Bottom tabs to keep	Abas inferiores para manter
Already marked as not interested	Já marcado como não tenho interesse
Also apply these filters to downloaded videos TikTok uses when the feed cannot load enough new items.	Aplicar esses filtros também aos vídeos baixados que o TikTok usa quando o feed não consegue carregar itens novos suficientes.
Also change the region TikTok reports internally. Keeps your interface language. Your IP address and your account's own rules still apply.	Também muda a região que o TikTok informa internamente. Mantém o idioma da interface. Seu endereço IP e as regras da sua conta continuam valendo.
Always show publish date	Sempre mostrar a data de publicação
Always show the publish date in video author information. Restart TikTok to apply this.	Sempre mostrar a data de publicação nas informações do autor do vídeo. Reinicie o TikTok para aplicar.
An app's package name, like com.dv.adm. The save button sends the video's link there instead of saving it here. Leave it empty to save here.	O nome de pacote de um app, como com.dv.adm. O botão de salvar manda o link do vídeo para lá em vez de salvar aqui. Deixe vazio para salvar aqui.
An interrupted settings change couldn't be recovered, so its record was set aside. Check your settings or restore a backup.	Uma alteração de configurações interrompida não pôde ser recuperada, então seu registro foi posto de lado. Confira suas configurações ou restaure um backup.
An operator code is five or six digits, like 310260	Um código de operadora tem cinco ou seis dígitos, como 310260
An override changes the value TikTok reads from this gate. It does not rewrite TikTok's cached value or prove the named feature changed.	Uma substituição muda o valor que o TikTok lê deste gate. Ela não reescreve o valor que o TikTok tem em cache nem prova que o recurso citado mudou.
Animated sticker format	Formato dos stickers animados
Answer TikTok's location requests with nothing. The region settings change the locale and timezone; this stops the coordinates.	Responde aos pedidos de localização do TikTok com nada. As configurações de região mudam o local e o fuso horário; isto barra as coordenadas.
Answer TikTok's reads of your contacts with an empty list. Find Friends and People you may know lose access to your contact list.	Responde às leituras dos seus contatos pelo TikTok com uma lista vazia. Encontrar amigos e Pessoas que você talvez conheça perdem o acesso à sua lista de contatos.
Answer TikTok's scan of the apps on this phone with an empty list. A check for one named app, which TikTok also uses to open an app you tap, is left alone.	Responde à varredura dos apps deste telefone pelo TikTok com uma lista vazia. A verificação de um app específico, que o TikTok também usa para abrir um app que você toca, é deixada em paz.
App	Aplicativo
App AB	AB do app
Appearance	Aparência
Applies to both video and photo downloads.	Vale tanto para os downloads de vídeo quanto para os de fotos.
Apply	Aplicar
Around the video	Ao redor do vídeo
Arrange your feed and bottom tabs	Organize seu feed e as abas de baixo
Attention	Atenção
Audio	Áudio
Auto translate comments	Traduzir comentários automaticamente
Auto-advance session limit	Limite de avanço automático por sessão
Automatic	Automático
Auto-advance	Avanço automático
Auto-advance stopped after %1$d videos	O avanço automático parou depois de %1$d vídeos
Auto-advance stopped after one video	O avanço automático parou depois de um vídeo
Automatic clear display	Limpar a tela automaticamente
Avatar and follow button	Avatar e botão de seguir
Back	Voltar
Back up settings	Backup das configurações
Backup and restore	Backup e restauração
Black	Preto
Block clipboard reads	Bloquear a leitura da área de transferência
Block contact list access	Bloquear o acesso à lista de contatos
Block installed app scanning	Bloquear a varredura de apps instalados
Block location	Bloquear a localização
Block motion sensors	Bloquear os sensores de movimento
Block new feed tabs	Bloquear novas abas do feed
Block new bottom tabs	Bloquear novas abas de baixo
Block this commenter	Bloquear quem comentou
Block this creator	Bloquear este criador
Block this sound	Bloquear este som
Blocked	Bloqueado
Blocked %1$s	%1$s bloqueado
Blocked %1$s. Unblock	%1$s bloqueado. Desbloquear
Couldn't confirm the block for %1$s. Open their profile to check.	Não foi possível confirmar o bloqueio de %1$s. Abra o perfil para conferir.
Blocked caption words	Palavras bloqueadas nas legendas
Blocked comment words	Palavras bloqueadas nos comentários
Blocked creators	Criadores bloqueados
Blocked sound ids	Ids de sons bloqueados
Blocked sound names	Nomes de sons bloqueados
Blocked sounds	Sons bloqueados
Blocking	Bloquear
Boolean	Booleano
Browse	Procurar
Camera and microphone in use	Câmera e microfone em uso
Camera in use	Câmera em uso
Cancel	Cancelar
Caption background	Fundo das legendas
Caption text size	Tamanho do texto das legendas
Captions	Legendas
Captions, gestures and on-screen controls	Legendas, gestos e controles na tela
Capture crash reports locally	Guardar os relatórios de falha no aparelho
Choose %1$d to %2$d videos. Values outside this range use the nearest valid limit. Restart TikTok to apply this.	Escolha entre %1$d e %2$d vídeos. Valores fora dessa faixa usam o limite válido mais próximo. Reinicie o TikTok para aplicar.
Choose a backup file. Your current settings are kept for Undo.	Escolha um arquivo de backup. Suas configurações atuais ficam guardadas para Desfazer.
Choose a folder on internal storage. SD cards are not supported.	Só há suporte para pastas do armazenamento interno.
Choose a preset to fill the SIM details.	Escolha uma predefinição para preencher os dados do SIM.
Choose a subfolder under %1$s.	Escolha uma subpasta dentro de %1$s.
Pick the actions to remove from the share sheet. Names you typed by hand that TikTok hasn't shown yet stay in the list above.	Escolha as ações que quer remover da lista de compartilhamento. Os nomes digitados manualmente que o TikTok ainda não mostrou continuam na lista acima.
Choose what reaches your feed	Escolha o que chega ao seu feed
Choose which loaded TikTok bottom navigation tabs should stay visible.	Escolha quais abas de navegação de baixo carregadas pelo TikTok devem continuar visíveis.
Choose which loaded TikTok feed tabs should stay visible. If only For You remains, its redundant header is hidden.	Escolha quais abas do feed carregadas pelo TikTok devem continuar visíveis. Se só Para você restar, o cabeçalho redundante será ocultado.
Choose which rows and controls appear	Escolha quais linhas e controles aparecem
Clear all	Limpar tudo
Clear all Lab data (overrides, switch, recordings)	Limpar todos os dados do Lab (substituições, interruptor, gravações)
Clear all suggested accounts	Limpar todas as contas sugeridas
Clear the recent events, saved crash reports and the hook status above.	Limpa os eventos recentes, os relatórios de falha salvos e o estado dos ganchos acima.
Clear diagnostic data	Limpar os dados de diagnóstico
Clear display	Tela limpa
Clear display delay	Espera para limpar a tela
Clear preset	Limpar predefinição
Clear search	Limpar a busca
Clear seen videos	Limpar os vídeos vistos
Clear the search	Limpar a pesquisa
Cleared. Tap to undo before TikTok closes.	Apagados. Toque para desfazer antes de o TikTok fechar.
Clearing	Limpando
Clearing suggested accounts	Limpando as contas sugeridas
Clearing, %1$d so far	Limpando, %1$d até agora
Close	Fechar
Comma separated account handles or user ids. Videos from these accounts are always hidden. An entry between slashes, like /^news_/, is a pattern matched against the handle and the display name.	Nomes de usuário ou ids separados por vírgula. Os vídeos dessas contas são sempre escondidos. Uma entrada entre barras, como /^news_/, é um padrão comparado com o nome de usuário e com o nome de exibição.
Comma separated country codes, like GB, IE. Videos posted from anywhere else are hidden. Leave empty for all countries.	Códigos de país separados por vírgula, como GB, IE. Vídeos publicados de qualquer outro lugar ficam escondidos. Deixe vazio para todos os países.
Comma separated country codes. Videos posted from these are hidden, whatever the list above says.	Códigos de país separados por vírgula. Vídeos publicados a partir deles ficam escondidos, não importa o que a lista acima diga.
Comma separated list of any other Inbox row titles to hide, matched exactly. Use this for anything not listed above.	Lista separada por vírgula de outros títulos de linha da caixa de entrada para esconder, com correspondência exata. Use para o que não estiver acima.
Comma separated names exactly as the share sheet shows them: friends in the Send to row, share targets such as Facebook, and actions such as Create group or Repost. Stable keys such as copy, save and dislike also work before the sheet opens.	Nomes separados por vírgula, exatamente como a folha de compartilhamento mostra: amigos da linha Enviar para, destinos como Facebook e ações como Criar grupo ou Repostar. Chaves estáveis como copy, save e dislike também funcionam antes de a folha abrir.
Comma separated sound ids recorded by the player's sound button. Remove one to unblock it.	Ids de som separados por vírgula, registrados pelo botão de som do player. Tire um para desbloquear.
Comma separated usernames or display names whose comments are hidden.	Nomes de usuário ou nomes de exibição separados por vírgula cujos comentários ficam escondidos.
Comma separated words or phrases. Videos whose caption matches are hidden. Case does not matter. Two phrases in quotes can be joined: "a" & "b" needs both, "a" !& "b" needs the first without the second.	Palavras ou frases separadas por vírgula. Vídeos cuja legenda combinar são escondidos. Maiúsculas e minúsculas não importam. Duas frases entre aspas podem ser juntadas: "a" & "b" pede as duas, "a" !& "b" pede a primeira sem a segunda.
Comma separated words to match against a sound's name, like saxophone. Case does not matter.	Palavras separadas por vírgula para comparar com o nome de um som, como saxofone. Maiúsculas e minúsculas não importam.
Comma separated. A comment is hidden if its text contains any of them. Case does not matter. Two phrases in quotes can be joined: "a" & "b" needs both, "a" !& "b" needs the first without the second.	Separadas por vírgula. Um comentário fica escondido se o texto tiver qualquer uma delas. Maiúsculas e minúsculas não importam. Duas frases entre aspas podem ser juntadas: "a" & "b" pede as duas, "a" !& "b" pede a primeira sem a segunda.
Comment media filename	Nome do arquivo da mídia do comentário
Comments	Comentários
Comments aren't available for this video	Os comentários não estão disponíveis para este vídeo
Comments beside the video	Comentários ao lado do vídeo
Compare gate reads with their previous values.	Compara as leituras dos gates com os valores anteriores.
Completed an interrupted settings change. Restart TikTok to apply this.	Uma mudança de configuração interrompida foi concluída. Reinicie o TikTok para aplicar.
Config	Configuração
Config (Settings Manager)	Configuração (Settings Manager)
Confirm before a quick repost	Confirmar antes de um repost rápido
Confirm before following	Confirmar antes de seguir
Confirm before liking	Confirmar antes de curtir
Confirm before liking a comment	Confirmar antes de curtir um comentário
Confirm before liking a story	Confirmar antes de curtir um story
Confirm before sending to a friend	Confirmar antes de enviar para um amigo
Continue supported videos from where you stopped when you scroll back to them.	Continuar os vídeos compatíveis de onde você parou quando voltar a eles.
Controls	Controles
Copied feature gate report	Relatório de gates copiado
Copy a quick report or save the full report as a file.	Copie um relatório rápido ou salve o relatório completo como arquivo.
Copy comments without username	Copiar comentários sem o nome de usuário
Copy only the comment text when using TikTok's copy comment action.	Copiar só o texto do comentário ao usar a ação de copiar comentário do TikTok.
Copy quick report	Copiar relatório rápido
Copy report	Copiar relatório
Copy the sound link	Copiar o link do som
Copy the video link	Copiar o link do vídeo
Couldn't change the Lab settings. Try again.	Não foi possível alterar as configurações do Lab. Tente de novo.
Couldn't clear the suggested accounts. Reopen the Inbox and try again.	Não foi possível limpar as contas sugeridas. Abra a caixa de entrada de novo e tente outra vez.
Couldn't copy the report. Use Save JSON instead.	Não foi possível copiar o relatório. Use Salvar JSON no lugar.
Couldn't open settings search. Reopen settings and try again.	Não foi possível abrir a busca de configurações. Abra as configurações de novo e tente outra vez.
Couldn't open that settings section. Reopen settings and try again.	Não foi possível abrir essa seção de configurações. Abra as configurações de novo e tente outra vez.
Couldn't open the file picker to export. Try again.	Não foi possível abrir o seletor de arquivos para exportar. Tente de novo.
Couldn't open the file picker to import. Try again.	Não foi possível abrir o seletor de arquivos para importar. Tente de novo.
Couldn't put back the diagnostic data. Try again.	Não foi possível trazer de volta os dados de diagnóstico. Tente de novo.
Couldn't read who posted this comment. Open their profile and block them there.	Não foi possível ler quem publicou este comentário. Abra o perfil da pessoa e bloqueie por lá.
Couldn't reset this override. Try again.	Não foi possível redefinir esta substituição. Tente de novo.
Couldn't restore the settings. Try again.	Não foi possível restaurar as configurações. Tente de novo.
Couldn't save the settings backup. Try again.	Não foi possível salvar o backup das configurações. Tente de novo.
Couldn't save this override. Try again.	Não foi possível salvar esta substituição. Tente de novo.
Couldn't send the feedback. Try again shortly.	Não foi possível enviar o comentário. Tente de novo em instantes.
Couldn't start the Lab change. Try again shortly.	Não foi possível iniciar a mudança do Lab. Tente de novo em breve.
Couldn't start the report export. Try again shortly.	Não foi possível iniciar a exportação do relatório. Tente de novo em breve.
Couldn't start the settings change. Try again shortly.	Não foi possível iniciar a mudança de configurações. Tente de novo em breve.
Couldn't tell which folder to update. Choose it again.	Não deu para saber qual pasta atualizar. Escolha de novo.
Couldn't undo the clear. Try again.	Não foi possível desfazer a limpeza. Tente de novo.
Country code	Código do país
Country and network preferences	Preferências de país e de rede
Counts under the buttons	Números sob os botões
Create	Criar
Creators and sounds	Criadores e sons
Creators you hid from a video. Search the list and remove one at a time.	Criadores que você escondeu em um vídeo. Busque na lista e remova um de cada vez.
Current	Atual
Current %1$s	Atual: %1$s
Current cache unavailable: %1$s	O cache atual não está disponível: %1$s
Current state	Estado atual
Current: %1$s	Agora: %1$s
Custom SIM details	Dados de SIM personalizados
Custom value	Valor personalizado
Custom value...	Valor personalizado...
Protect external pages in TikTok's browser	Proteger páginas externas no navegador do TikTok
Daily budget	Limite diário
Daily budgets, reminders and the hold	Limites diários, lembretes e a pausa
Daily time budget	Limite diário de tempo
Daily video budget	Limite diário de vídeos
Dark	Escuro
Days to remember a video. Zero removes the age limit. History keeps at most %1$s videos.	Dias para lembrar de um vídeo. Zero tira o limite de idade. O histórico guarda no máximo %1$s vídeos.
Days. Zero keeps every age. Posts without a usable timestamp, including future posts, stay visible.	Dias. Zero aceita qualquer idade. Publicações sem uma data utilizável, inclusive as futuras, continuam visíveis.
Default	Padrão
Default playback speed	Velocidade de reprodução padrão
Device access	Acesso ao dispositivo
Device language, then original	Idioma do aparelho, depois o original
Diagnostic data cleared. Tap again to put it back.	Dados de diagnóstico apagados. Toque novamente para restaurá-los.
Diagnostic data put back	Dados de diagnóstico restaurados
Diagnostic report copied to the clipboard	Relatório de diagnóstico copiado para a área de transferência
Diagnostics	Diagnóstico
Disable	Desligar
Stop analytics and tracking	Parar a análise de uso e o rastreamento
Keep For You on a Home tap	Manter Para você ao tocar em Início
Keep For You on a pull down	Manter Para você ao puxar para baixo
Keep long press from quick sharing	Não deixar o toque longo compartilhar rápido
Keep long press from reposting	Não deixar o toque longo repostar
Disabled	Desligados
Discard edits	Descartar as edições
Dismissed %1$s suggested accounts	%1$s contas sugeridas dispensadas
Dismissed one suggested account	Uma conta sugerida dispensada
Do not start the feed on returning	Não iniciar o feed ao voltar
Do nothing	Não fazer nada
Done	Concluído
Double tap	Toque duplo
Download original photos	Baixar as fotos originais
Destination updated	Destino atualizado
Downloads	Downloads
Drag to move, release to place	Arraste para mover, solte para posicionar
Drama and Series	Drama e séries
Draw TikTok's text in your device's font instead of TikTok Sans. Icons, gift animations and the @ and # glyphs keep their own fonts. Restart TikTok to apply this.	Mostra o texto do TikTok na fonte do seu aparelho em vez da TikTok Sans. Os ícones, as animações de presentes e os símbolos @ e # mantêm a própria fonte. Reinicie o TikTok para aplicar.
Hide the notification saying somebody new followed you before it reaches the drawer. Every other notification is left alone, and the follower still appears in the Inbox.	Esconde a notificação que diz que alguém novo passou a seguir você antes de ela chegar à gaveta. As outras notificações ficam como estão, e o seguidor continua aparecendo na caixa de entrada.
Each area, how many of the things it looks for are in this build and how many are not.	Cada área, quantas das coisas que ela procura estão nesta build e quantas não estão.
Empty	Vazio
Empty the menu that opens when you press and hold TikTok's icon on the home screen. Turning this off asks TikTok to build them again. Tapping the icon still opens the app, and a shortcut you pinned yourself stays where you put it.	Esvaziar o menu que abre ao manter pressionado o ícone do TikTok na tela inicial. Ao desativar, o TikTok é solicitado a criá-los novamente. Tocar no ícone continua abrindo o app, e um atalho fixado por você permanece onde foi colocado.
Enable	Ligar
Log diagnostics	Registrar diagnósticos
Lock the hold speed with a pull down	Travar a velocidade de segurar puxando para baixo
Apply overrides	Aplicar as substituições
Enabled	Ligados
Enter a JSON object or array.	Digite um objeto ou uma matriz JSON.
Enter a creator handle or id	Digite um nome de usuário ou id de criador
Enter a finite number.	Digite um número finito.
Enter a number	Digite um número
Enter a number.	Digite um número.
Enter a valid structured value.	Digite um valor estruturado válido.
Enter a valid two-letter country code	Digite um código de país válido de duas letras
Enter a whole number, or one like 20K, 1.5M or 2B	Digite um número inteiro, ou um como 20K, 1.5M ou 2B
Enter a whole number.	Insira um número inteiro.
Enter true or false.	Digite true ou false.
Enter up to %1$d comma-separated speeds from %2$s to %3$s	Digite até %1$d velocidades separadas por vírgula, de %2$s a %3$s
Enter valid JSON.	Digite um JSON válido.
Entry %1$d has a field with the wrong data type.	A entrada %1$d tem um campo com o tipo de dados incorreto.
Entry %1$d is not an object.	A entrada %1$d não é um objeto.
Errors	Erros
Expand activity list	Expandir a lista de atividades
Explore	Explorar
Export diagnostic report	Exportar o relatório de diagnóstico
Export loaded values	Exportar os valores carregados
Exported %1$d loaded values	%1$d valores carregados exportados
Exported 1 loaded value	1 valor carregado exportado
Fade the feed out before the hold	Escurecer o feed antes da pausa
Feature Gate Lab	Laboratório de gates
Feature gate override reset	Substituição do gate redefinida
Feature gate override saved	Substituição do gate salva
Feed and navigation	Feed e navegação
Feed button size	Tamanho dos botões do feed
Feed filter	Filtro do feed
Feed screen	Tela do feed
Feed tabs	Abas do feed
Field %1$s can't be changed on this build. Take it out of the override, or reset the override.	O campo %1$s não pode ser alterado nesta versão. Tire-o da substituição ou redefina a substituição.
Field edits were discarded	As edições dos campos foram descartadas
Field edits were not saved	As edições dos campos não foram salvas
Files	Arquivos
Filter bottom tabs	Filtrar as abas de baixo
Filter comments by keyword	Filtrar comentários por palavra
Filter feed tabs	Filtrar as abas do feed
Filter TikTok's offline videos	Filtrar os vídeos offline do TikTok
Filter settings	Ajustes de filtros
Filter the list	Filtrar a lista
Filter: %1$s	Filtro: %1$s
Filters, translation and copy options	Filtros, tradução e opções de cópia
Find a setting by name or description	Ache uma configuração por nome ou descrição
First caller	Primeira chamada
First rejection:	Primeira rejeição:
Fit the video to the screen	Ajustar o vídeo à tela
Focus	Foco
Follow probe	Verificação de seguir
Following	Seguindo
For You	Para você
For com.deniscerri.ytdl only. Ask YTDLnis for audio or video when the save button hands it a link.	Só para com.deniscerri.ytdl. Pedir áudio ou vídeo ao YTDLnis quando o botão de salvar passar um link.
For com.deniscerri.ytdl only. Hide its download card and start the handoff in the background.	Só para com.deniscerri.ytdl. Esconder o card de download dele e começar a passagem em segundo plano.
Forced %1$d gates of %2$d. The rest do not take a true or false value. Restart TikTok to apply this.	%1$d de %2$d gates forçados. Os demais não aceitam um valor true ou false. Reinicie o TikTok para aplicar.
Forced %1$d gates. Restart TikTok to apply this.	%1$d gates forçados. Reinicie o TikTok para aplicar.
Forced 1 gate of %2$d. The rest do not take a true or false value. Restart TikTok to apply this.	1 de %2$d gates forçado. Os demais não aceitam um valor true ou false. Reinicie o TikTok para aplicar.
Forced 1 gate. Restart TikTok to apply this.	1 gate forçado. Reinicie o TikTok para aplicar.
Forced result	Resultado forçado
Forget seen videos after	Esquecer os vídeos vistos depois de
Forget the %1$s seen videos.	Esquecer os %1$s vídeos vistos.
Forget what has been counted today and end any hold. The budgets themselves are left alone.	Esquecer o que foi contado hoje e encerrar qualquer pausa. Os limites em si ficam como estão.
Friends	Amigos
Full comment sort options	Opções completas de ordenação dos comentários
Full license	Licença completa
Full report saved to %1$s	Relatório completo salvo em %1$s
GIF	GIF
Gate data unavailable	Dados dos gates não disponíveis
Gate details	Detalhes do gate
Generated defaults	Padrões gerados
Gestures	Gestos
Ghost mode	Modo fantasma
Hand-off	Passagem
Handle or id	Nome de usuário ou id
Hidden %1$s on this phone	%1$s escondido neste aparelho
Hidden commenters	Comentaristas escondidos
Blocked and hidden creators	Criadores bloqueados e escondidos
Hidden: %1$s	Ocultos: %1$s
Hide	Esconder
Hide AI-generated videos	Esconder vídeos gerados por IA
Hide CAPTCHA popups	Esconder as janelas de CAPTCHA
Hide LIVE replays	Esconder as reprises de LIVE
Hide LIVE videos	Esconder os vídeos LIVE
Hide Series	Esconder Séries
Hide the Tako bubble	Esconder a bolha do Tako
Hide TikTok Shop	Esconder o TikTok Shop
Hide TikTok Shop posts from the feed.	Esconder as publicações do TikTok Shop no feed.
Shop order updates and coupon messages no longer take up rows in the Inbox. Your orders are unchanged.	As atualizações de pedidos e as mensagens de cupom da loja deixam de ocupar linhas na caixa de entrada. Seus pedidos não mudam.
Hide the Tako chat	Esconder o chat do Tako
Hide the quick emoji row and automatic sticker suggestions that appear while you type. The emoji and sticker buttons still work.	Oculte a fileira de emojis rápidos e as sugestões automáticas de figurinhas que aparecem enquanto você digita. Os botões de emoji e figurinha continuam funcionando.
Hide activity	Esconder a atividade
Hide activity status	Esconder o status de atividade
Hide archive	Esconder o arquivo
Hide bottom tabs TikTok adds later unless you allow them.	Esconder as abas de baixo que o TikTok adicionar depois, a menos que você as permita.
Hide the CAPTCHA dialogs raised while you browse or watch LIVE. Login, account verification and any CAPTCHA raised over a follow, like, comment or repost stay visible.	Esconder os CAPTCHAs que aparecem enquanto você navega ou assiste a um LIVE. Os de login, os de verificação de conta e qualquer um que apareça ao seguir, curtir, comentar ou repostar continuam visíveis.
Hide buttons in the right column	Ocultar botões da coluna da direita
Hide comment polls	Esconder enquetes nos comentários
Show poll results before voting	Mostrar resultados das enquetes antes de votar
A comment poll shows how many picked each answer before you vote. Tapping an answer still votes.	Uma enquete nos comentários mostra quantos escolheram cada resposta antes de você votar. Tocar em uma resposta ainda vota.
Hide comment popup ads	Esconder os anúncios pop-up dos comentários
Hide comments made of an image or a sticker instead of words.	Esconder os comentários feitos com imagem ou sticker em vez de palavras.
Hide comments that contain any of the words below, or that come from the accounts below.	Esconder os comentários que tenham qualquer uma das palavras abaixo, ou que venham das contas abaixo.
Hide controls after each video starts. Tap to restore them.	Esconder os controles depois que cada vídeo começa. Toque para trazê-los de volta.
Hide conversations	Esconder as conversas
Hide every direct message conversation. Leaves the Inbox empty apart from whatever else is still turned on.	Esconder todas as conversas de mensagens diretas. Deixa a caixa de entrada vazia, tirando o que você ainda tiver ligado.
Hide the save button on the feed	Esconder o botão de salvar do feed
Hide the search button on the feed	Esconder o botão de busca do feed
Hide floating promotion badges, coins, and timer banners on the feed.	Esconder os selos promocionais flutuantes, as moedas e os banners com contagem regressiva da página inicial.
Hide floating promotions	Esconder as promoções flutuantes
Hide inserted cards	Esconder os cards inseridos
Hide message requests	Esconder as solicitações de mensagem
Hide message streaks	Esconder as sequências de mensagens
Hide new follower notifications	Esconder as notificações de novos seguidores
Hide new followers	Esconder os novos seguidores
Hide paid partnerships	Esconder as parcerias pagas
Hide people and options by name	Esconder pessoas e opções por nome
Hide photo posts	Esconder as publicações de fotos
Hide picture comments	Esconder os comentários com imagem
Hide playlist videos	Esconder os vídeos de playlists
Hide promotional music	Esconder a música promocional
Hide comment typing suggestions	Ocultar sugestões ao digitar comentários
Hide rows by title	Esconder linhas por título
Hide the Inbox search button	Ocultar o botão de pesquisa da Caixa de entrada
Hide suggestions on the search page	Ocultar sugestões na página de pesquisa
Hide sharing apps	Esconder os apps de compartilhamento
Hide stories tray	Esconder a bandeja de stories
Hide stories	Esconder os stories
The accounts TikTok suggests you follow no longer take up rows in the Inbox.	As contas que o TikTok sugere que você siga deixam de ocupar linhas na caixa de entrada.
Hide suggested accounts	Esconder as contas sugeridas
Hide surveys	Esconder as enquetes
Hide tabs TikTok adds later unless you allow them.	Esconder as abas que o TikTok adicionar depois, a menos que você as permita.
Hide the "Search this image" prompt shown over videos. The feed search button and suggestions above comments are separate settings.	Oculte o aviso "Pesquisar esta imagem" mostrado sobre os vídeos. O botão de pesquisa do feed e as sugestões acima dos comentários têm configurações separadas.
The Activity row of likes and comments on your posts leaves the Inbox. Notifications about them still arrive.	A linha Atividade, com curtidas e comentários nas suas publicações, some da caixa de entrada. As notificações sobre eles continuam chegando.
The Archive row leaves the Inbox. Archived chats are kept.	A linha Arquivo some da caixa de entrada. As conversas arquivadas são mantidas.
Hide the LIVE button	Esconder o botão de LIVE
Hide the LIVE button in the top left corner of the feed.	Esconder o botão de LIVE no canto superior esquerdo do feed.
Hide LIVE videos from the feed.	Esconder vídeos LIVE do feed.
The Message requests row leaves the Inbox. Requests keep arriving and wait there until you turn this off.	A linha Solicitações de mensagem some da caixa de entrada. As solicitações continuam chegando e ficam esperando lá até você desligar isto.
The New followers row leaves the top of the Inbox. The accounts still follow you.	A linha Novos seguidores some do topo da caixa de entrada. As contas continuam seguindo você.
Hide the Send to row	Esconder a linha Enviar para
Hide the Tako AI bubble above the profile button, the Ask bar under videos, the Ask Tako button on the search page, the Ask Tako tab on search results and the Tako bar above comments.	Esconder a bolha do Tako AI acima do botão de perfil, a barra do Tako abaixo dos vídeos, o botão Perguntar ao Tako na página de busca, a aba Perguntar ao Tako nos resultados da busca e a barra do Tako acima dos comentários.
The Tako assistant's conversation leaves the Inbox list. The Tako bubble on the feed has its own switch under Feed tabs.	A conversa com o assistente Tako some da lista da caixa de entrada. A bolha do Tako no feed tem um interruptor próprio em Abas do feed.
The activity status control leaves the Inbox header. Whether others see you as active is unchanged.	O controle de status de atividade some do cabeçalho da caixa de entrada. Se os outros veem você como ativo não muda.
Hide the add people icon	Esconder o ícone de adicionar pessoas
The add people icon leaves the Inbox header. Only the shortcut goes, so friend suggestions elsewhere are unchanged.	O ícone de adicionar pessoas some do cabeçalho da caixa de entrada. Só o atalho vai embora, as sugestões de amigos em outros lugares não mudam.
Hide the caption	Esconder a legenda
Hide the description under the creator's name on the feed.	Esconder a descrição embaixo do nome do criador no feed.
Hide the event badge	Esconder o selo de evento
Hide the floating promotional badge over the feed.	Esconder o selo promocional flutuante sobre o feed.
Hide the follow button on the feed	Esconder o botão de seguir do feed
Hide the friend recommendation card and the other cards TikTok slots between videos.	Esconder o card de amigos recomendados e os outros cards que o TikTok encaixa entre os vídeos.
Hide the launcher shortcuts	Ocultar os atalhos do inicializador
Hide the music line	Esconder a linha da música
Hide photo posts from the feed.	Esconder publicações de fotos do feed.
Hide the playlist bar	Esconder a barra da playlist
Hide the playlist bar along the bottom of videos that belong to a series.	Esconder a barra da playlist na parte de baixo dos vídeos que fazem parte de uma série.
Hide the plus button under the creator's picture in the right column. Ticking Avatar and follow button above hides the picture with it.	Oculta o botão de mais sob a foto do criador na coluna da direita. Marcar Avatar e botão de seguir acima esconde a foto junto.
Hide the purple rewards button beside Add friends on your profile.	Ocultar o botão roxo de recompensas ao lado de Adicionar amigos no seu perfil.
Hide the question cards TikTok slides over a video near its end.	Esconder os cards com perguntas que o TikTok desliza sobre o vídeo perto do fim.
Hide the rewards shortcut	Ocultar o atalho de recompensas
Hide the right column	Esconder a coluna da direita
The row of story avatars across the top of the Inbox goes. Stories still play from the feed and from profiles.	A linha de fotos de stories no topo da caixa de entrada some. Os stories continuam abrindo no feed e nos perfis.
Hide the save button in the right column. Ticking Save in the list above hides it too.	Esconder o botão de salvar da coluna direita. Marcar Salvar na lista acima também o esconde.
Hide the magnifying glass at the top right of the feed. Search in Inbox and suggestions above comments stay unchanged.	Oculte a lupa no canto superior direito do feed. A pesquisa na Caixa de entrada e as sugestões acima dos comentários não mudam.
Hide the magnifying glass at the top of Inbox. Search on the feed and in comments is unchanged.	Esconder a lupa na parte superior da caixa de entrada. A pesquisa no feed e nos comentários não muda.
Hide recommended searches before you type on TikTok's search page. Your search history stays. This doesn't hide suggestions above comments.	Oculte as pesquisas recomendadas antes de digitar na página de pesquisa do TikTok. Seu histórico de pesquisa é mantido. Isso não oculta as sugestões acima dos comentários.
Hide the share prompt after a like	Ocultar o pedido de compartilhar depois de curtir
Hide the spinning music cover and the track name beside the caption.	Esconder a capa giratória da música e o nome da faixa ao lado da legenda.
Hide the status bar	Esconder a barra de status
Hide stories from the feed.	Esconder stories do feed.
Hide the whole column on the right, from the avatar down to the music disc.	Esconder a coluna da direita inteira, da foto até o disco de música.
Hide this creator on this phone	Esconder este criador neste aparelho
Hide verified accounts	Esconder as contas verificadas
Hide video actions	Esconder as ações do vídeo
Hide videos carrying TikTok's AI-generated label.	Esconder os vídeos com o rótulo de conteúdo gerado por IA do TikTok.
Hide videos marked as paid partnership or branded content.	Esconder os vídeos marcados como parceria paga ou conteúdo de marca.
Hide videos posted as part of a playlist.	Esconder os vídeos publicados dentro de uma playlist.
Hide videos posted by verified accounts.	Esconder os vídeos publicados por contas verificadas.
Hide videos that belong to a paid Series.	Esconder os vídeos que fazem parte de uma Série paga.
Hide videos with a lot of views and few comments. Works the same way as views per like. Zero turns it off.	Oculta vídeos com muitas visualizações e poucos comentários. Funciona do mesmo jeito que visualizações por curtida. Zero desliga.
Hide videos with a lot of views and few likes. Lower numbers are stricter, zero turns the rule off, and one video is kept back if everything the feed just sent would go.	Esconder os vídeos com muitas visualizações e poucas curtidas. Números mais baixos são mais rígidos, zero desliga a regra, e um vídeo é guardado se tudo o que o feed acabou de enviar fosse embora.
Hide videos you have already seen	Esconder os vídeos que você já viu
Hide Search this image prompts	Ocultar avisos de Pesquisar esta imagem
Hiding	Ocultar
Highest	A mais alta
Historical	Histórico
Historical values	Valores históricos
Hold a gate to choose several	Segure um gate para escolher vários
Hold the feed after the budget	Pausar o feed depois do limite
Home	Início
Hook status	Verificação de recursos
How far each edge press moves the video.	Quanto o vídeo anda a cada toque na borda.
Hushfeed cannot read the creator pattern %1$s	O Hushfeed não consegue ler o padrão de criador %1$s
Hushfeed hid a TikTok CAPTCHA. Turn off Hide CAPTCHA popups if something stops working.	O Hushfeed escondeu um CAPTCHA do TikTok. Desligue Esconder as janelas de CAPTCHA se alguma coisa parar de funcionar.
Hushfeed is active	O Hushfeed está ativo
Ignore the creator's choice so the Duet and Stitch entries appear. Everything else the app checks still applies, and whether the upload is accepted is the server's decision.	Ignorar a escolha do criador para que as entradas de Dueto e Costura apareçam. Todo o resto que o app verifica continua valendo, e se o envio é aceito quem decide é o servidor.
Import finished	Importação concluída
Import loaded values	Importar os valores carregados
Imported %1$d values	%1$d valores importados
Imported %1$d values. Undo last Lab change is in the menu.	%1$d valores importados. Desfazer a última alteração do Lab está no menu.
Inbox	Caixa de entrada
Include diagnostic events	Incluir eventos de diagnóstico
Included diagnostics	Diagnóstico incluído
Includes all diagnostic events.	Inclui todos os eventos de diagnóstico.
Includes these events: %1$s	Inclui estes eventos: %1$s
Inserted cards	Cards inseridos
Keep a local record of what you have watched and hide those videos when the feed sends them again.	Guardar no aparelho um registro do que você viu e esconder esses vídeos quando o feed os enviar de novo.
Keep a paused video paused	Manter pausado um vídeo pausado
Move to the next video when the current one ends. Pauses, open dialogs and screen-time holds stop it. Restart TikTok after changing this.	Avance para o próximo vídeo quando o atual terminar. Pausas, caixas de diálogo abertas e bloqueios de tempo de tela interrompem o avanço. Reinicie o TikTok depois de mudar esta configuração.
Keep captions in clear display	Manter as legendas com a tela limpa
Keep going	Continuar
Keep the Favorites tab	Manter a aba Favoritos
Keep the clock and status icons off the screen while TikTok is open. Swipe down from the top to peek at them.	Manter o relógio e os ícones de status fora da tela enquanto o TikTok está aberto. Deslize de cima para dar uma olhada.
Keep the screen's refresh rate	Manter a taxa de atualização da tela
Keep the speed you chose for the next video. Off, each new video starts at 1x and a manual choice lasts for that video only.	Mantém a velocidade escolhida para o próximo vídeo. Desligado, cada vídeo novo começa em 1x e uma escolha manual vale só para aquele vídeo.
Keep this string to %1$s characters or fewer.	Mantenha esta string com %1$s caracteres ou menos.
Keep this structured value to %1$s KB or less.	Limite este valor estruturado a %1$s KB ou menos.
Kept to %1$s, the nearest value this row allows	Ajustado para %1$s, o valor mais próximo que esta linha aceita
Kinds of post	Tipos de post
LIVE	LIVE
LIVE replays	Reprises de LIVE
LIVE settings	Configurações de Live
LIVE share actions	Ações de compartilhamento de LIVE
LIVE videos	Vídeos LIVE
Lab data reset. Undo last Lab change is in the menu. Restart TikTok to apply this.	Dados do Lab redefinidos. Desfazer a última alteração do Lab está no menu. Reinicie o TikTok para aplicar.
Lab data was over its rule limit, so it was cleared without an undo copy. Restart TikTok to apply this.	Os dados do Lab ultrapassavam o limite de regras, então foram apagados sem uma cópia para desfazer. Reinicie o TikTok para aplicar.
Lab overrides reset. Undo last Lab change is in the menu. Restart TikTok to apply this.	Substituições do Lab redefinidas. Desfazer a última alteração do Lab está no menu. Reinicie o TikTok para aplicar.
Larger (1.25x)	Maior (1,25x)
Last original value	Último valor original
Last recording: %1$d gates.	Última gravação: %1$d gates.
Last recording: 1 gate.	Última gravação: 1 gate.
Layout	Layout
Layout, player, search and system	Layout, player, pesquisa e sistema
Leave maximum empty to keep it unlimited.	Deixe o máximo vazio para ficar sem limite.
Leave the sound out of the saved video. Save the sound as well still writes the .m4a beside it if you want both.	Deixar o som fora do vídeo salvo. Salvar o som também continua escrevendo o .m4a ao lado se você quiser os dois.
Length and views per like	Duração e visualizações por curtida
Less than a minute left	Resta menos de um minuto
Let screenshots, screen recording and Circle to Search work on TikTok again. Restart TikTok to apply this.	Deixar as capturas de tela, a gravação de tela e o Círculo para pesquisar voltarem a funcionar no TikTok. Reinicie o TikTok para aplicar.
Let the Offline videos menu use your own limit instead of TikTok's fixed one. Restart TikTok to apply this.	Deixar o menu de Vídeos offline usar o seu próprio limite em vez do fixo do TikTok. Reinicie o TikTok para aplicar.
Licenses	Licenças
Like	Curtir
Limits	Limites
Link copied	Link copiado
Links	Links
Links in comments open	Os links nos comentários abrem
More opens the comments	Mais abre os comentários
Tapping more under a video opens its comments with the whole caption at the top instead of spreading the caption over the video. A tap on the caption itself does the same. Photo posts keep TikTok's own page for this.	Tocar em mais abaixo de um vídeo abre os comentários com a legenda inteira no topo em vez de espalhá-la sobre o vídeo. Tocar na própria legenda faz o mesmo. Posts de fotos mantêm a página do próprio TikTok para isso.
Caption above comments	Legenda acima dos comentários
The comment button also opens a video's comments with its caption at the top.	O botão de comentários também abre os comentários de um vídeo com a legenda no topo.
Loaded current values. Loading all known gates...	Valores atuais carregados. Carregando todos os gates conhecidos...
Loaded values are still being read. Try again in a moment.	Os valores carregados ainda estão sendo lidos. Tente novamente em instantes.
Loaded-value file export failed	A exportação do arquivo de valores carregados falhou
Loading gates...	Carregando os gates...
Loading local catalog and current TikTok cache...	Carregando o catálogo local e o cache atual do TikTok...
Creators hidden on this phone	Criadores escondidos neste aparelho
Lock today's budget	Travar o limite de hoje
Logging, hook status and reports	Registros, status dos hooks e relatórios
Long press	Toque longo
Hold speed on Comment	Velocidade de segurar em Comentários
A long press on Comment plays the video at the hold speed instead of opening the emoji row. It needs Long press on TikTok default and Seek from the edges off.	Um toque longo em Comentários reproduz o vídeo na velocidade de segurar em vez de abrir a fileira de emojis. Requer Toque longo no Padrão do TikTok e Avançar pelas bordas desligado.
Hold speed on Share	Velocidade de segurar em Compartilhar
A long press on Share plays the video at the hold speed instead of opening the quick share row. It needs Long press on TikTok default and Seek from the edges off.	Um toque longo em Compartilhar reproduz o vídeo na velocidade de segurar em vez de abrir a fileira de compartilhamento rápido. Requer Toque longo no Padrão do TikTok e Avançar pelas bordas desligado.
Hold speed on Favorites	Velocidade de segurar em Favoritos
A long press on Favorites plays the video at the hold speed instead of offering a new collection. It needs Long press on TikTok default and Seek from the edges off.	Um toque longo em Favoritos reproduz o vídeo na velocidade de segurar em vez de oferecer uma nova coleção. Requer Toque longo no Padrão do TikTok e Avançar pelas bordas desligado.
Lowest	A mais baixa
Make TikTok yours.	Deixe o TikTok do seu jeito.
Manager	Gerenciador
Marked as not interested	Marcado como não tenho interesse
Match locale and timezone to country	Ajustar o idioma e o fuso horário ao país
Maximum	Máximo
Maximum post age	Idade máxima da publicação
Maximum video length	Duração máxima do vídeo
Maximum views per comment	Máximo de visualizações por comentário
Maximum views per like	Visualizações máximas por curtida
Media	Mídia
Media config (VE)	Configuração de mídia (VE)
Messages, profiles and search still work.	As mensagens, os perfis e a busca continuam funcionando.
Microphone in use	Microfone em uso
Comments range	Faixa de comentários
Favorites range	Faixa de favoritos
Likes range	Faixa de curtidas
Shares range	Faixa de compartilhamentos
Views range	Faixa de visualizações
Minimum	Mínimo
More options	Mais opções
Move down	Mover para baixo
Move left	Mover para a esquerda
Move right	Mover para a direita
Move up	Mover para cima
Music disc	Disco de música
Pauses the video behind the comment sheet while you read. It plays on from the same spot when the sheet closes.	Pausa o vídeo atrás dos comentários enquanto você lê. Ele continua do mesmo ponto quando os comentários fecham.
Nearby	Por perto
Never from these countries	Nunca destes países
No	Não
No creator to block on this video	Nenhum criador para bloquear neste video
No creator to hide on this video	Nenhum criador para esconder neste video
No creators are hidden yet. Hide one from a video, or add a handle above.	Nenhum criador escondido ainda. Esconda um de um video, ou adicione um handle acima.
No current value	Sem valor atual
No current value and no active override	Não há valor atual nem substituição ativa
No delay	Sem atraso
No gate data is available. Refresh values from the menu to try again.	Não há dados dos gates. Atualize os valores pelo menu para tentar de novo.
No gate reads were recorded. Use a TikTok feature while recording.	Nenhuma leitura de gate foi gravada. Use um recurso do TikTok durante a gravação.
No gates match this filter.	Nenhum gate combina com este filtro.
No gates match this search and filter.	Nenhum gate combina com esta busca e este filtro.
No hidden creators match this search. Clear the search to see them all.	Nenhum criador escondido corresponde a essa busca. Limpe a busca para ver todos.
No limit	Sem limite
No matching comments. Try a different word, or clear the search with the X in the box.	Nenhum comentário encontrado. Tente outra palavra ou limpe a pesquisa com o X no campo.
No matching countries. Try a country name or a two-letter code.	Nenhum pais corresponde. Tente um nome de pais ou um codigo de duas letras.
No matching diagnostics found	Nenhum diagnóstico correspondente foi encontrado
No matching settings	Nenhuma configuração combina
No preset selected. Choose a preset above.	Nenhum preset selecionado. Escolha um preset acima.
No recording yet. Start one, use a feature, then return here.	Nenhuma gravação ainda. Inicie uma, use um recurso e volte aqui.
No seen videos recorded yet.	Nenhum vídeo visto registrado ainda.
No share actions have been seen yet	Nenhuma ação de compartilhamento foi vista ainda
No share actions match this search	Nenhuma ação de compartilhamento combina com esta busca
No sound to block on this video	Não há som para bloquear neste vídeo
No suggested accounts to clear	Não há contas sugeridas para limpar
No video selected. Open a video first.	Nenhum video selecionado. Abra um video primeiro.
None of these gates had an override to reset.	Nenhum destes gates tinha uma substituição para redefinir.
None of these gates takes a true or false value.	Nenhum destes gates aceita um valor true ou false.
None recorded	Nada registrado
Normal	Normal
Not blocked	Não bloqueado
Not interested in this video	Não tenho interesse neste vídeo
Not read yet	Ainda não lido
Not requested in this process yet	Ainda não foi pedido neste processo
Not saved yet	Ainda não salvo
Not seen	Não vistos
Not seen yet	Ainda não visto
Nothing has been checked yet, so there is nothing to report.	Nada foi verificado ainda, então não há o que contar.
Nothing has been looked up yet. Use the app for a moment, then come back.	Nada foi procurado ainda. Use o app um pouco e volte.
Nothing hidden.	Nada oculto.
Nothing is playing to seek	Não há nada tocando para avançar
Nothing new was imported. %1$d already matched, %2$d unavailable, %3$d rejected.	Nada de novo foi importado. %1$d já coincidiam, %2$d não estão disponíveis, %3$d foram rejeitados.
Nothing new was imported. %1$d already matched, %2$d unavailable, %3$d rejected. First rejection: %4$s	Nada novo foi importado. %1$d já correspondiam, %2$d estavam indisponíveis e %3$d foram rejeitados. Primeira rejeição: %4$s
Nothing on this page changes what TikTok does until they are on.	Nada nesta página muda o que o TikTok faz enquanto elas estiverem desligadas.
Nothing to undo yet.	Ainda não há nada para desfazer.
Notices from this project and the ones it is built on	Avisos deste projeto e daqueles em que ele se baseia
OK	OK
Off	Desligado
Off forces false, on forces true. Reset hands the choice back to TikTok.	Desligado força false e ligado força true. Redefinir devolve a decisão ao TikTok.
Offline videos	Vídeos offline
Offline videos limit	Limite de vídeos offline
Older overrides were kept disabled. Review their values before enabling them on TikTok %1$s.	As substituições antigas ficaram desligadas. Confira os valores antes de ligá-las no TikTok %1$s.
On mobile data	Nos dados móveis
Once today's budget runs out, the hold stays and cannot be dismissed. The budget settings are locked until the day starts over. Turn this off any time before the budget runs out.	Quando o orçamento de hoje acaba, a pausa fica e não pode ser fechada. As configurações de orçamento ficam bloqueadas até o dia recomeçar. Desative isso a qualquer momento antes do orçamento acabar.
One area was checked and everything it needs is here.	Uma área foi verificada e tudo de que ela precisa está aqui.
One minute left	Resta um minuto
One of the quote marks in that list has nothing to close it, so the rest of the line reads as one phrase. Add the missing quote or take the stray one out.	Uma das aspas dessa lista não tem com o que fechar, então o resto da linha é lido como uma frase só. Adicione a aspa que falta ou tire a que sobrou.
One value per line	Um valor por linha
Only bottom tabs TikTok has loaded on this device are shown here. This does not force unavailable tabs to appear.	Aqui só aparecem as abas de baixo que o TikTok carregou neste aparelho. Isto não faz aparecer as que não estão disponíveis.
Turn this on while you record logs for a bug report, then turn it off again. While it is on, TikTok can feel slower and may crash.	Ligue enquanto grava registros para relatar um problema e depois desligue de novo. Enquanto estiver ligado, o TikTok pode ficar mais lento e travar.
Only fields the Lab can check and copy safely are shown.	Só aparecem os campos que o Lab consegue verificar e copiar com segurança.
Only from these countries	Só destes países
Only tabs TikTok has loaded on this device are shown here. This does not force unavailable tabs to appear.	Aqui só aparecem as abas que o TikTok carregou neste aparelho. Isto não faz aparecer as que não estão disponíveis.
Open a share sheet once, then return here to choose its actions.	Abra uma vez a folha de compartilhamento e volte aqui para escolher as ações dela.
Open comments	Abrir os comentários
Open external links directly	Abrir os links externos direto
Open messages	Abrir as mensagens
Open profile and story website links in your system browser instead of TikTok's in-app browser.	Abrir os links de sites de perfis e stories no navegador do sistema em vez do navegador interno do TikTok.
Open the feed anyway	Abrir o feed mesmo assim
Open the feed anyway, %1$d left today	Abrir o feed mesmo assim, restam %1$d hoje
Open the feed anyway, the last time today	Abrir o feed mesmo assim, pela última vez hoje
Open the feed once so Hushfeed can see which bottom tabs TikTok loaded.	Abra o início do TikTok para detectar as abas de baixo carregadas.
Open the feed once so Hushfeed can see which tabs TikTok loaded.	Abra o feed inicial do TikTok para detectar as abas carregadas.
Open the profile again and try once more	Abra o perfil de novo e tente mais uma vez
Open the story again and try once more	Abra o story de novo e tente mais uma vez
Open TikTok on	Abrir o TikTok em
Opens github.com in your browser	Abre github.com no seu navegador
Operator code	Código da operadora
Operator name	Nome da operadora
Original language	Idioma original
Other	Outros
Other feed filters	Outros filtros do feed
Overridden	Substituídos
Override	Substituição
Override SIM details	Substituir os dados do SIM
Override set, not read yet	Substituição definida, ainda não lido
Override store region (experimental)	Substituir a região da loja (experimental)
Override this configuration	Substituir esta configuração
Override this gate	Substituir este gate
Overrides are disabled in the Feature Gate Lab.	As substituições estão desligadas no Laboratório de gates.
Overrides disabled. Restart TikTok to apply this.	Substituições desativadas. Reinicie o TikTok para aplicar.
Overrides enabled. Restart TikTok to apply this.	Substituições ativadas. Reinicie o TikTok para aplicar.
Paid partnerships	Parcerias pagas
People, shortcuts and sending controls	Pessoas, atalhos e controles de envio
Photo	Foto
Photo and image posts	Publicações de fotos e imagens
Photo destination	Destino das fotos
Photo filename	Nome do arquivo da foto
Photos and stickers	Fotos e figurinhas
Pick the buttons to take off the column. The rest stay where they are.	Escolha os botões para tirar da coluna. O resto fica onde está.
Play videos TikTok has classified without the overlay asking to be tapped through first.	Tocar os vídeos que o TikTok classificou sem a camada que pede um toque para passar.
Playback	Reprodução
Player	Reprodutor
Player config	Configuração do player
Playlist posts	Publicações de playlists
Popular	Populares
Popups	Pop-ups
Press and hold a profile picture to save the full size original to your photo destination.	Segure uma foto de perfil para salvar o original em tamanho cheio no seu destino de fotos.
Press and hold a story to save it. Stories have no save button of their own, and holding one is how TikTok pauses it, so this takes that gesture over.	Segure um story para salvá-lo. Os stories não têm botão de salvar próprio, e segurar é como o TikTok os pausa, então isto assume esse gesto.
Press and hold the left or right third of the screen to jump back or forward. The middle third keeps the Long press action.	Segure o terço esquerdo ou direito da tela para pular para trás ou para frente. O terço do meio mantém a ação de Toque longo.
Preview shortened. Save JSON includes the full report.	Prévia encurtada. Salvar JSON traz o relatório inteiro.
Privacy	Privacidade
Privacy and system	Privacidade e sistema
Profile	Perfil
Profile picture saved to %1$s	Foto de perfil salva em %1$s
Profile share actions	Ações de compartilhamento do perfil
Promotional music	Música promocional
Proof	Comprovação
Post age	Idade da publicação
Add a search box that filters comments already loaded on this video by text or username. It doesn't search all of TikTok or remove TikTok's suggested-search banner.	Adicione uma caixa de pesquisa que filtra os comentários já carregados neste vídeo por texto ou nome de usuário. Ela não pesquisa em todo o TikTok nem remove o banner de sugestões de pesquisa.
Pulling down at the top of For You no longer reloads it.	Puxar para baixo no topo de Para você não recarrega mais o feed.
Putting the settings back to their defaults	Voltando as configurações para os padrões
Quality	Qualidade
Quality, files, subtitles and hand-off	Qualidade, arquivos, legendas e passagem
Quality, speed and auto-advance	Qualidade, velocidade e avanço automático
Silence the feed while comments are open	Silenciar o feed enquanto os comentários estão abertos
Reading	Leitura
Recorded gate reads (%1$d)	Leituras de gates registradas (%1$d)
Recording gate reads. Use a feature, then return here to stop.	Gravando as leituras dos gates. Use um recurso e volte aqui para parar.
Put back the settings saved before the last restore or reset.	Trazer de volta as configurações salvas antes da última restauração ou redefinição.
Recovered an interrupted settings change. Restart TikTok to apply this.	Uma mudança de configuração interrompida foi recuperada. Reinicie o TikTok para aplicar.
Refresh values	Atualizar os valores
Refreshing current TikTok cache...	Atualizando o cache atual do TikTok...
Region	Região
Country filters	Filtros por país
Remember the last speed	Lembrar a última velocidade
Remind me every	Me lembrar a cada
Remove	Remover
Remove %1$s	Remover %1$s
Remove all overrides	Remover todas as substituições
Remove feed ads	Remover os anúncios do feed
Remove feed ads, creator commission posts, paid partnerships, and branded content.	Remover anúncios do feed, posts com comissão do criador, parcerias pagas e conteúdo de marca.
Hide voting cards and poll results above the comments, including polls that have ended.	Oculte os cartões de votação e os resultados acima dos comentários, incluindo enquetes encerradas.
Hide the Share via row.	Esconder a linha Compartilhar via.
Hide the actions row of the share sheet.	Esconder a linha de ações da folha de compartilhamento.
Hide the row of friends at the top of the share sheet.	Esconder a linha de amigos no topo da folha de compartilhamento.
Remove tracking parameters from shared links.	Remover os parâmetros de rastreamento dos links compartilhados.
Remove watermark	Remover a marca d'água
Removed %1$s	%1$s removido
Replace values when TikTok asks for them	Substituir valores quando o TikTok os pede
Report saved to %1$s	Relatório salvo em %1$s
Required	Obrigatório
Researched	Pesquisado
Researched values	Valores pesquisados
Reset	Redefinir
Reset %1$d gates of %2$d. Restart TikTok to apply this.	%1$d de %2$d gates redefinidos. Reinicie o TikTok para aplicar.
Reset %1$d gates. Restart TikTok to apply this.	%1$d gates redefinidos. Reinicie o TikTok para aplicar.
Reset 1 gate of %2$d. Restart TikTok to apply this.	1 de %2$d gates redefinido. Reinicie o TikTok para aplicar.
Reset 1 gate. Restart TikTok to apply this.	1 gate redefinido. Reinicie o TikTok para aplicar.
Reset override	Redefinir a substituição
Reset position	Redefinir a posição
Reset settings	Redefinir as configurações
Restart now	Reiniciar agora
Restart TikTok to apply %1$d changes	Reinicie o TikTok para aplicar %1$d alterações
Restart TikTok to apply this change	Reinicie o TikTok para aplicar esta alteração
Restart TikTok to apply this.	Reinicie o TikTok para aplicar.
Restart pending	Reinício pendente
Put every setting back to its default straight away. Your current settings are kept for Undo.	Voltar cada configuração ao padrão agora mesmo. Suas configurações atuais ficam guardadas para Desfazer.
Restore failed. Some settings may still be changed.	A restauração falhou. Algumas configurações podem ter mudado mesmo assim.
Restore failed. Some settings may still be changed. Use Undo to put them back.	A restauração falhou. Algumas configurações podem ter mudado mesmo assim. Use Desfazer para trazê-las de volta.
Restore settings	Restaurar as configurações
Lab settings put back. Restart TikTok to apply this.	Configurações do Lab trazidas de volta. Reinicie o TikTok para aplicar.
Restoring your settings	Restaurando suas configurações
Resume videos after scrolling	Continuar os vídeos depois de rolar
Retry	Tentar novamente
Return a copy with the fields below changed	Devolver uma cópia com os campos abaixo alterados
Return after using a TikTok feature to see every gate read during the recording.	Volte depois de usar um recurso do TikTok para ver cada leitura de gate durante a gravação.
Returns %1$s	Retorna %1$s
Right column	Coluna da direita
Rows	Linhas
SIM country preset	País predefinido do SIM
STEM	STEM
Sanitize sharing links	Limpar os links ao compartilhar
Save	Salvar
Save JSON	Salvar JSON
Save SRT files with the video. Paired saves use Movies on Android 11+, Download on Android 10, and your video folder on older versions.	Salvar os arquivos SRT junto com o vídeo. Os salvamentos em par usam Movies no Android 11 ou superior, Download no Android 10, e sua pasta de vídeos em versões mais antigas.
Save a profile picture on a long press	Salvar uma foto de perfil com um toque longo
Save a story on a long press	Salvar um story com um toque longo
Save every photo in the post as TikTok received it, not as the screen shows it.	Salvar cada foto da publicação como o TikTok a recebeu, não como a tela a mostra.
Save field values	Salvar os valores dos campos
Save full report	Salvar relatório completo
Save media	Salvar a mídia
Save Hushfeed settings and Feature Gate Lab rules to a JSON file.	Salvar as configurações do Hushfeed e as regras do Laboratório de gates em um arquivo JSON.
Save subtitles beside videos	Salvar as legendas junto com os vídeos
Save the latest available TikTok crash report for diagnostic export.	Guardar o último relatório de falha do TikTok disponível para exportar com o diagnóstico.
Save the original sound	Salvar o som original
Save the sound as well	Salvar o som também
Save videos without sound	Salvar os vídeos sem som
Save, restore, reset and undo your settings	Salve, restaure, redefina e desfaça suas configurações
Saved	Salvo
Saved %1$s	Salvo: %1$s
Saved %1$s of %2$s photos before the story failed	Foram salvas %1$s de %2$s fotos antes de o story falhar
Saved %1$s original photos	%1$s fotos originais salvas
Saved one original photo	Uma foto original foi salva
Saved, override off	Salvo, substituição desligada
Saved. Restart TikTok to apply this.	Salvo. Reinicie o TikTok para aplicar.
Saving	Salvando
Saving %1$s original photos	Salvando %1$s fotos originais
Saving one original photo	Salvando uma foto original
Saving settings backup	Salvando o backup das configurações
Saving sticker	Salvando o sticker
Saving the selected video quality	Salvando a qualidade de vídeo escolhida
Saving the selected video quality without sound	Salvando a qualidade de vídeo escolhida sem som
Saving the story	Salvando o story
Saving video and subtitles to %1$s	Salvando o vídeo e as legendas em %1$s
Screen	Tela
Screen time	Tempo de tela
Search	Pesquisa
Search by name, description or category.	Busque por nome, descrição ou categoria.
Search and override gates	Buscar e substituir gates
Search countries or operators	Buscar países ou operadoras
Search hidden creators	Buscar criadores escondidos
Search settings	Buscar nas configurações
Search share actions	Buscar ações de compartilhamento
Search within comments	Pesquisar nos comentários
Search these comments	Buscar nestes comentários
Search translated titles and descriptions, then open the original setting.	Buscar entre os títulos e descrições traduzidos e depois abrir a configuração original.
Ask TikTok for search results that aren't personalized to your account. This changes results, not search buttons or suggestions.	Peça ao TikTok resultados de pesquisa que não sejam personalizados para sua conta. Isso muda os resultados, não os botões nem as sugestões de pesquisa.
Search by name or gate key	Buscar por nome ou chave do gate
Seconds. Zero keeps every length. If everything the feed just sent would be filtered out, the video closest to your limit is kept so the feed is not empty.	Segundos. Zero aceita qualquer duração. Se tudo o que o feed acabou de enviar fosse filtrado, o vídeo mais perto do seu limite fica para o feed não ficar vazio.
Seek by	Avançar
Seek from the edges	Avançar pelas bordas
Seen	Vistos
Seen this session	Visto nesta sessão
Seen videos	Vídeos vistos
Seen videos cleared. You can undo until TikTok closes.	Os vídeos vistos foram apagados. Você pode desfazer até o TikTok fechar.
Seen videos put back	Vídeos vistos trazidos de volta
Select	Selecionar
Select at least one field.	Selecione pelo menos um campo.
Select every tab	Selecionar todas as abas
Selected	Selecionado
Send links to another app	Mandar os links para outro app
Sending feedback	Enviando feedback
Series posts	Publicações de Séries
Settings	Configurações
Settings are back to their defaults. Restart TikTok to apply all changes.	As configurações voltaram para os padrões. Reinicie o TikTok para aplicar todas as mudanças.
Settings backup saved	Backup das configurações salvo
Settings couldn't open	Não foi possível abrir as configurações
Settings couldn't refresh completely. Reopen settings and try again.	Não foi possível atualizar todas as configurações. Abra as configurações novamente e tente de novo.
Settings restored. Restart TikTok to apply all changes.	Configurações restauradas. Reinicie o TikTok para aplicar todas as mudanças.
Settings restored. The Feature Gate Lab rules were for another TikTok version and were left out. Restart TikTok to apply all changes.	Configurações restauradas. As regras do Laboratório de gates eram de outra versão do TikTok e ficaram de fora. Reinicie o TikTok para aplicar todas as mudanças.
Share	Compartilhar
Hide share actions	Esconder ações de compartilhamento
Share links through another host	Compartilhar os links por outro host
Share sheet	Folha de compartilhamento
Shop	Loja
Shop posts	Publicações da loja
Show	Mostrar
Show @username beside a video instead of the display name the creator chose.	Mostrar @usuário ao lado do vídeo em vez do nome de exibição que o criador escolheu.
Show search in LIVE	Mostrar pesquisa no LIVE
Show TikTok's feed buttons	Mostrar os botões do feed do TikTok
Show TikTok's own progress bar on videos where it is normally hidden.	Mostrar a barra de progresso do TikTok nos vídeos onde ela normalmente fica escondida.
Show TikTok's own sort sheet on every post, with its hot, newest, media and creator options, instead of whichever cut-down row your account was given. Restart TikTok to apply this. It reads the style once per run and remembers it.	Mostrar a folha de ordenação do TikTok em todas as publicações, com as opções de populares, mais recentes, mídia e criador, em vez da linha reduzida que a sua conta recebeu. Reinicie o TikTok para aplicar. Ele lê o estilo uma vez por execução e guarda.
Show the search entry inside TikTok's LIVE drawer, where available. This doesn't add a search box to video comments.	Mostre a opção de pesquisa no painel LIVE do TikTok, quando disponível. Isso não adiciona uma caixa de pesquisa aos comentários de vídeos.
Show a video preview thumbnail while dragging the progress bar.	Mostrar uma miniatura do vídeo enquanto você arrasta a barra de progresso.
Show the block button on videos	Mostrar o botão de bloquear nos vídeos
Show the block sound button	Mostrar o botão de bloquear som
Show failures on screen	Mostrar falhas na tela
Show gates	Mostrar gates
Show last report	Mostrar último relatório
Show the hide button on videos	Mostrar o botão de esconder nos vídeos
Show the Not interested button	Mostrar o botão de Não tenho interesse
Show the country a video was posted from next to the creator's name.	Mostrar o país de onde o vídeo foi publicado ao lado do nome do criador.
Show the current spoken caption while the other controls are hidden.	Mostrar a legenda que está sendo falada enquanto os outros controles estão escondidos.
Show the handle instead of the name	Mostrar o nome de usuário em vez do nome
Show the progress bar	Mostrar a barra de progresso
Show the progress bar thumbnail	Mostrar a miniatura da barra de progresso
Show the whole Activity and New followers lists instead of stopping at a View all button.	Mostrar as listas completas de Atividade e Novos seguidores em vez de parar num botão de Ver tudo.
Show the whole video instead of cropping it to the window. Nothing changes on a tall phone, where it already fits. On a folding phone opened up, a squarer screen or a split view the sides or the ends stop being cut off.	Mostrar o vídeo inteiro em vez de cortá-lo para a janela. Num celular alto nada muda, porque já cabe. Num dobrável aberto, numa tela mais quadrada ou numa tela dividida, as laterais ou as pontas deixam de ser cortadas.
Show what is left of the budget	Mostrar o que resta do limite
Show when the camera or microphone is in use	Mostrar quando a câmera ou o microfone estiver em uso
Show where a video was posted	Mostrar de onde o vídeo foi publicado
Showing %1$s again	Mostrando %1$s de novo
Hide videos with blocked sounds	Esconder os vídeos com sons bloqueados
Skip content warnings	Pular os avisos de conteúdo
Hide recorded LIVE broadcasts from the feed.	Esconder do feed as transmissões LIVE gravadas.
Hide videos marked as using promotional music.	Esconder os vídeos marcados como usando música promocional.
Hide videos that use a sound blocked with the player's sound button, or named below.	Esconder os vídeos que usam um som bloqueado pelo botão de som do player, ou citado abaixo.
Skipping videos with %1$s	Pulando os vídeos com %1$s
Something is missing from %1$s. Tap for the whole report.	Falta alguma coisa em %1$s. Toque para ver o relatório inteiro.
Sound link copied	Link do som copiado
Sound saved to %1$s	Som salvo em %1$s
Source	Origem
Speed	Velocidade
Speed menu choices	Opções do menu de velocidade
Split comment minimum width	Largura mínima para os comentários ao lado
Start each new video at your default. A manual choice lasts until the video changes.	Começar cada vídeo novo na sua velocidade padrão. Uma escolha manual dura até o vídeo mudar.
Start feature gate recording	Começar a gravar os gates
Start recording	Iniciar gravação
Start the day at	Começar o dia às
Start today over	Recomeçar o dia de hoje
Sticker	Sticker
Sticker destination	Destino dos stickers
Sticker saved to %1$s	Sticker salvo em %1$s
Still here. Nothing is waiting.	Você ainda está aqui. Nada está esperando.
Still reading the record. Tap again in a moment.	O registro ainda está sendo lido. Toque de novo daqui a pouco.
Still saving the last one	O anterior ainda está sendo salvo
Stop ByteDance AppLog events, AppsFlyer attribution, explicit Firebase screen reports and crash reporting from being sent. TikTok's own diagnostics go quiet with them.	Impedir o envio dos eventos AppLog da ByteDance, da atribuição do AppsFlyer, dos relatórios explícitos de tela do Firebase e dos relatórios de falha. Os diagnósticos do próprio TikTok se calam junto.
Stop TikTok asking the screen to run at the frame rate of the video it is playing. On a 90 or 120 Hz phone that ask slows the whole app down to the video's rate, scrolling included.	Impedir que o TikTok peça à tela para rodar na taxa de quadros do vídeo que está tocando. Num celular de 90 ou 120 Hz esse pedido derruba o app inteiro para a taxa do vídeo, inclusive a rolagem.
Stop TikTok listening to the accelerometer, gyroscope, magnetometer and the other motion sensors it uses to fingerprint the phone. Saves the battery they wake.	Impede que o TikTok escute o acelerômetro, o giroscópio, o magnetômetro e os outros sensores de movimento que usa para identificar o telefone. Poupa a bateria que eles gastam.
Stop TikTok reading what you copied. Copying a link from TikTok still works.	Impede que o TikTok leia o que você copiou. Copiar um link do TikTok continua funcionando.
Stop TikTok reporting that you viewed a story or a profile, or that you are typing. Online status is unchanged. It cannot undo what the server has already recorded.	Impede que o TikTok informe que você viu um story ou um perfil, ou que está digitando. O status on-line não muda. Não dá para desfazer o que o servidor já registrou.
Stop a long press on Like from opening TikTok's repost action.	Impedir que segurar Curtir abra a ação de repostar do TikTok.
Stop a long press on Share from opening TikTok's quick share action.	Impedir que segurar Compartilhar abra a ação de compartilhamento rápido do TikTok.
Stop feature gate recording	Parar de gravar os gates
Stop the brand animation that plays over the comments when what someone typed matches an advertiser's trigger.	Parar a animação de marca que aparece sobre os comentários quando o que alguém escreveu bate com o gatilho de um anunciante.
Stop the bubble that asks you to share a video with friends after you like it.	Para a bolha que pede para compartilhar um vídeo com amigos depois de curtir.
Keep websites outside TikTok from using its connection back into the app. TikTok pages such as Activity center, Watch history, shop checkout and CAPTCHA keep working.	Impeça sites de fora do TikTok de usar a conexão dele com o app. As páginas do TikTok, como a Central de atividades, o Histórico de exibição, o checkout da loja e o CAPTCHA, continuam funcionando.
Stop video looping	Parar a repetição dos vídeos
Stop videos at the end instead of replaying them.	Parar os vídeos no fim em vez de tocá-los de novo.
Stopped after dismissing %1$s suggested accounts	Parou após dispensar %1$s contas sugeridas
Stopped after dismissing one suggested account	Parou após dispensar uma conta sugerida
Stories	Stories
Story saved to %1$s	Story salvo em %1$s
Structured value observed	Valor estruturado observado
Subtitle language	Idioma das legendas
Subtitles	Legendas
System	Sistema
Feed tabs to keep	Abas do feed para manter
Hide the streak button in a chat and the reminder message that goes with it.	Esconder o botão de sequência de um chat e a mensagem de lembrete que vem com ele.
Tap %1$s again to send	Toque em %1$s de novo para enviar
Tap a comment's heart twice within %1$d seconds. A double tap on the comment needs a second one too. Removing a like stays immediate.	Toque no coração de um comentário duas vezes dentro de %1$d segundos. Um toque duplo no comentário também precisa de um segundo. Tirar uma curtida continua sendo imediato.
Tap a story's heart twice within %1$d seconds. Removing a like stays immediate.	Toque no coração de um story duas vezes dentro de %1$d segundos. Tirar uma curtida continua sendo imediato.
Tap Repost on the bar under a video twice within %1$d seconds. A repost with a note is left alone.	Toque em Repostar na barra abaixo de um vídeo duas vezes dentro de %1$d segundos. Um repost com nota fica como está.
Tap again to follow	Toque de novo para seguir
Tap again to like	Toque de novo para curtir
Tap again to repost	Toque de novo para repostar
Tap again to send	Toque de novo para enviar
Tap the feed Follow button twice within %1$d seconds.	Toque no botão Seguir do feed duas vezes dentro de %1$d segundos.
Tap the like heart twice within %1$d seconds. Removing a like stays immediate.	Toque no coração de curtir duas vezes dentro de %1$d segundos. Tirar uma curtida continua sendo imediato.
Tap to start the feed	Toque para iniciar o feed
Technical details	Detalhes técnicos
Technical details, %1$s	Detalhes técnicos, %1$s
That backup was written by a newer Hushfeed than this one. Nothing was altered.	Esse backup foi escrito por um Hushfeed mais novo que este. Nada foi alterado.
That creator is already in the list	Esse criador já está na lista
That creator pattern is too long to use, so it was skipped: %1$s	Esse padrão de criador é longo demais, então foi ignorado: %1$s
That creator pattern is too long, so it was not added: %1$s	Esse padrão de criador é longo demais, então não foi adicionado: %1$s
That file is not a loaded-values export, or it is larger than the Lab accepts	Esse arquivo não é uma exportação de valores carregados, ou é maior do que o Lab aceita
That file is not readable text, so it may have been damaged in transit. Nothing was altered.	Esse arquivo não é texto legível, então pode ter se danificado no caminho. Nada foi alterado.
That file is too large to be a settings backup. Nothing was altered.	Esse arquivo é grande demais para ser um backup de configurações. Nada foi alterado.
That folder name has a character Android does not allow. Use letters, numbers, spaces or dashes.	O destino tem um nome de pasta inválido.
That is %1$d minutes today	Isso dá %1$d minutos hoje
That is %1$d videos today	Isso dá %1$d vídeos hoje
That is not a Hushfeed settings backup. Nothing was altered.	Isso não é um backup de configurações do Hushfeed. Nada foi alterado.
That is not an app name. Try something like com.example.downloader, or leave the box empty to keep saving in TikTok.	Isso não é um nome de app. Tente algo como com.example.downloader, ou deixe o campo vazio para continuar salvando no TikTok.
That is one minute today	Isso dá um minuto hoje
That is one video today	Isso dá um vídeo hoje
That list has too many entries. Keep it to %1$s or fewer.	Essa lista tem entradas demais. Limite-a a %1$s ou menos.
That list is too large. Keep it to %1$s KB or less.	Essa lista é grande demais. Limite-a a %1$s KB ou menos.
That preset is not recognized. Choose another.	Predefinição de SIM inválida.
That settings backup contains a feed rule list larger than Hushfeed accepts. Nothing was altered.	Esse backup de configurações contém uma lista de regras do feed maior do que o Hushfeed aceita. Nada foi alterado.
That settings backup holds a value Hushfeed cannot read. Nothing was altered.	Esse backup tem um valor que o Hushfeed não consegue ler. Nada foi alterado.
That settings backup holds more Feature Gate Lab rules than the Lab takes. Nothing was altered.	Esse backup de configurações tem mais regras do Feature Gate Lab do que o Lab aceita. Nada foi alterado.
That settings backup is damaged or only partly downloaded. Nothing was altered.	Esse backup está danificado ou só foi baixado em parte. Nada foi alterado.
That settings backup is incomplete, so it may have been cut short. Nothing was altered.	Esse backup está incompleto, então pode ter sido cortado. Nada foi alterado.
That settings change did not go through. Nothing was altered.	Essa mudança de configuração não chegou a valer. Nada foi alterado.
That sticker is in a format Hushfeed cannot read	Esse sticker está num formato que o Hushfeed não consegue ler
The Lab can't check this. TikTok gets it exactly as typed.	O Lab não consegue verificar isso. O TikTok recebe exatamente como você digitou.
The Lab couldn't open. Go back and open it again.	O Lab não abriu. Volte e abra de novo.
The Lab keeps at most %1$s rules. This change would make %2$s, so nothing was changed.	O Lab mantém no máximo %1$s regras. Esta alteração resultaria em %2$s, então nada foi alterado.
The catalog says this key is %1$s and this override is %2$s. Reset the override and make a new one.	O catálogo diz que esta chave é %1$s e esta substituição é %2$s. Redefina a substituição e crie uma nova.
The diagnostic report couldn't be saved yet. Try again in a moment.	O relatório de diagnóstico ainda não pôde ser salvo. Tente de novo em instantes.
The diagnostic report couldn't be saved. Try again.	Não foi possível salvar o relatório de diagnóstico. Tente de novo.
The downloader app you chose isn't installed. Check Send links to another app under Downloads.	O aplicativo de download que voce escolheu nao esta instalado. Verifique Enviar links para outro aplicativo em Downloads.
The export failed and the partial file couldn't be removed. Delete it from your Downloads folder.	A exportação falhou e o arquivo incompleto não pôde ser removido. Apague-o da sua pasta Downloads.
The feed dims over the last three quarters of a minute before the hold, so you arrive at it rather than land on it. Needs a time budget and a hold to arrive at.	O feed escurece nos últimos três quartos de minuto antes da pausa, para que você chegue a ela em vez de cair nela. Precisa de um orçamento de tempo e uma pausa.
The feed does not end. This is a fine time to leave it.	O feed não acaba. Esta é uma boa hora para largá-lo.
The feed is open again	O feed está aberto de novo
The feed waits for one tap before it starts playing again when you come back to the app. Messages, profiles and search are still one tap away.	O feed espera um toque antes de reproduzir de novo quando você volta ao app. Mensagens, perfis e busca continuam a um toque.
The hour both budgets reset, on a 24 hour clock. Four in the morning by default, because someone still scrolling at one is having last night.	A hora em que os dois limites zeram, no relógio de 24 horas. Quatro da manhã por padrão, porque quem ainda está rolando à uma continua na noite anterior.
Last change put back. Restart TikTok to apply all changes.	Última mudança trazida de volta. Reinicie o TikTok para aplicar todas as mudanças.
Last change put back. The Feature Gate Lab rules were for another TikTok version and were left out. Restart TikTok to apply all changes.	Última mudança trazida de volta. As regras do Laboratório de gates eram de outra versão do TikTok e ficaram de fora. Reinicie o TikTok para aplicar todas as mudanças.
Show only videos with this many comments.	Mostrar só vídeos com essa quantidade de comentários.
Show only videos with this many favorites.	Mostrar só vídeos com essa quantidade de favoritos.
Show only videos with this many likes.	Mostrar só vídeos com essa quantidade de curtidas.
Show only videos with this many shares.	Mostrar só vídeos com essa quantidade de compartilhamentos.
Show only videos with this many views.	Mostrar só vídeos com essa quantidade de visualizações.
The original photos aren't available, so TikTok's own save runs instead	As fotos originais não estão disponíveis, então o salvamento do próprio TikTok é usado
The override changes no fields. Edit the field values, or reset the override.	A substituição não altera nenhum campo. Edite os valores dos campos ou redefina a substituição.
The override couldn't be applied: %1$s. Edit the field values, or reset the override.	Não foi possível aplicar a substituição: %1$s. Edite os valores dos campos ou redefina a substituição.
The override doesn't say what list to return. Edit the field values, or reset the override.	A substituição não diz qual lista devolver. Edite os valores dos campos ou redefina a substituição.
The profile picture couldn't be saved. Try again.	Não foi possível salvar a foto de perfil.
The record of an interrupted settings change couldn't be read, so it was set aside. Check your settings.	O registro de uma alteração de configurações interrompida não pôde ser lido, então foi posto de lado. Confira suas configurações.
The report couldn't be saved. Try again.	Não foi possível salvar o relatório. Tente de novo.
The loaded-values file you chose couldn't be read. Try again.	Não foi possível ler o arquivo de valores carregados que você escolheu. Tente de novo.
The setting couldn't finish updating. Its saved value is shown.	Não foi possível concluir a atualização da configuração. O valor salvo está sendo exibido.
The settings backup was rejected. Nothing was altered.	O backup das configurações foi recusado. Nada foi alterado.
The smallest value is above the largest	O valor mínimo está acima do máximo
The sound couldn't be saved. Try again.	Não foi possível salvar o som. Tente de novo.
The sticker couldn't be saved. Try again.	Não foi possível salvar o sticker. Tente de novo.
The story couldn't be saved. Try again.	Não foi possível salvar o story.
The thumbs down on each comment blocks the commenter instead of disliking. The comment dims, an undo banner follows, and a second tap unblocks.	O polegar para baixo em cada comentário bloqueia o comentarista em vez de dar Não gostei. O comentário escurece, um banner de desfazer segue, e um segundo toque desbloqueia.
The video couldn't be saved. Try again, or choose Automatic.	Não foi possível salvar o vídeo. Tente de novo, ou escolha Automático.
There is no Lab change to undo.	Não há nenhuma alteração do Lab para desfazer.
There is no diagnostic data to clear	Não há dados de diagnóstico para apagar
There is no diagnostic data to put back	Não há dados de diagnóstico para restaurar
There was nothing to put back	Não havia nada para trazer de volta
These loaded values are for a different TikTok version.	Estes valores carregados são de outra versão do TikTok.
This catalog entry is no longer available. Refresh the Lab and try again.	Esta entrada do catálogo não está mais disponível. Atualize o Laboratório e tente de novo.
This change couldn't be saved. Try again.	Não foi possível salvar esta alteração. Tente novamente.
This configuration has no fields that can be copied and changed safely on this build.	Esta configuração não tem campos que dê para copiar e mudar com segurança nesta build.
This file has more loaded values than the Lab takes at once.	Este arquivo tem mais valores carregados do que o Lab aceita de uma vez.
This file has no loaded values in it.	Este arquivo não contém valores carregados.
This file isn't a loaded-values export from the Feature Gate Lab.	Este arquivo não é uma exportação de valores carregados do Feature Gate Lab.
This gate type is not supported.	Este tipo de gate não é compatível.
This key isn't in the local catalog, so its type can't be checked. Reset the override.	Esta chave não está no catálogo local, então o tipo dela não pode ser conferido. Redefina a substituição.
This line opens a rule and does not finish it: %1$s. Write two phrases as "a" & "b" for both, or "a" !& "b" for the first without the second.	Esta linha abre uma regra e não a fecha: %1$s. Escreva duas frases como "a" & "b" para pedir as duas, ou "a" !& "b" para a primeira sem a segunda.
This phone has no file picker, so there is no way to choose a file here	Este celular não tem seletor de arquivos, então não dá para escolher um aqui
This phone has no folder picker. Type the folder into the row instead.	Este celular não tem seletor de pastas. Digite a pasta na linha.
This profile picture isn't available to save	Esta foto de perfil não está disponível para salvar
This quality isn't available as a complete file, so TikTok's own save runs instead	Esta qualidade não está disponível como arquivo completo, então o salvamento do próprio TikTok é usado
This setting's value can't be copied on this build, so it can't be overridden. Reset the override.	O valor desta configuração não pode ser copiado nesta versão, então não dá para substituí-lo. Redefina a substituição.
This story isn't available to save	Este story não está disponível para salvar
This value is required.	Este valor é obrigatório.
This video has no link to copy	Este vídeo não tem link para copiar
This video has no link to send, so TikTok's own save runs instead	Este vídeo não tem link para mandar, então o salvamento do próprio TikTok é usado
This video has no original sound to save	Este vídeo não tem som original para salvar
This video has no sound of its own	Este vídeo não tem som próprio
Thumbs down blocks the commenter	O joinha para baixo bloqueia quem comentou
TikTok default	Padrão do TikTok
TikTok default (hold to speed up, quick share)	Padrão do TikTok (segurar para acelerar, compartilhamento rápido)
TikTok did not block %1$s. Try again in a moment.	O TikTok não bloqueou %1$s. Tente de novo daqui a pouco.
TikTok did not unblock %1$s. Try again in a moment.	O TikTok não desbloqueou %1$s. Tente de novo daqui a pouco.
TikTok didn't accept the feedback. Try again later.	O TikTok não aceitou o feedback. Tente mais tarde.
TikTok hasn't handed this setting an object to change yet. Open the part of the app that uses it, then come back.	O TikTok ainda não entregou a esta configuração um objeto para alterar. Abra a parte do app que a usa e volte aqui.
TikTok read it	O TikTok leu
TikTok read it, but the override couldn't be applied. Reset it and save it again.	O TikTok leu, mas a substituição não pôde ser aplicada. Redefina-a e salve de novo.
TikTok refused the follow: %1$s	O TikTok recusou o seguir: %1$s
TikTok's own value	Valor do próprio TikTok
TikTok's play and pause button and its previous and next buttons appear on the feed. TikTok otherwise shows them only to people who use a screen reader. TikTok's analytics note the row and each press on it.	O botão de reproduzir e pausar do TikTok e os botões de anterior e próximo aparecem no feed. Fora isso, o TikTok só os mostra para quem usa um leitor de tela. As análises do TikTok registram a fileira e cada toque nela.
TikTok's server can put an account into an experiment that empties the Favorites tab on your profile. Keep the tab and its saved videos.	O servidor do TikTok pode colocar uma conta em um experimento que esvazia a aba Favoritos do seu perfil. Mantém a aba e os vídeos salvos nela.
TikTok's size	Tamanho do TikTok
Times you can open the feed anyway	Vezes que você pode abrir o feed mesmo assim
Today has moved on, so there is nothing to put back	O dia já andou, então não há nada para trazer de volta
Today is back where it was	Hoje está como estava
Today started over. Tap again to put the counts back.	Hoje recomeçou. Toque de novo para trazer as contagens de volta.
Today starts again	Hoje começa de novo
Today's budget is locked. The day starts over at %1$s.	O limite de hoje está travado. O dia recomeça às %1$s.
Today's budget is locked. The feed opens again at %1$s. Messages, profiles and search still work.	O limite de hoje está travado. O feed abre de novo às %1$s. As mensagens, os perfis e a busca continuam funcionando.
Today's budget is locked. This can be changed again at %1$s.	O limite de hoje está travado. Isto poderá ser mudado de novo às %1$s.
Today: %1$d minute	Hoje: %1$d minuto
Today: %1$d minutes	Hoje: %1$d minutos
Today: %1$d video	Hoje: %1$d vídeo
Today: %1$d videos	Hoje: %1$d vídeos
Tokens: {creator}, {date}, {video_id}, {index}. {index} numbers the photos of a slideshow you save with Download original photos; anything saved through TikTok's own button is numbered by the folder instead. The file extension is kept automatically.	Curingas: {creator}, {date}, {video_id}, {index}. {index} numera as fotos de uma apresentação salva com Baixar as fotos originais; o que for salvo pelo botão do próprio TikTok é numerado pela pasta. A extensão do arquivo é mantida automaticamente.
Tokens: {creator}, {date}, {video_id}. The file extension is kept automatically.	Curingas: {creator}, {date}, {video_id}. A extensão do arquivo é mantida automaticamente.
Tokens: {date}, {media_id}. Works for image and video stickers.	Curingas: {date}, {media_id}. Serve para os stickers de imagem e de vídeo.
Too many media saves are already running. Try again shortly.	Muitos salvamentos de mídia já estão em andamento. Tente daqui a pouco.
Tracking	Rastreamento
Tracking, device access and links	Rastreamento, acesso ao dispositivo e links
Translate comments as they load, using TikTok's own translator.	Traduzir os comentários conforme eles carregam, com o tradutor do próprio TikTok.
Transparent	Transparente
Try a different word or clear the search.	Tente outra palavra ou limpe a busca.
Try again, or go back to TikTok.	Tente novamente ou volte ao TikTok.
Turn on %1$s first.	Ative %1$s primeiro.
Turn on overrides	Ativar as substituições
Turned off %1$d gates of %2$d. The rest do not take a true or false value. Restart TikTok to apply this.	%1$d de %2$d gates desligados. Os demais não aceitam um valor true ou false. Reinicie o TikTok para aplicar.
Turned off %1$d gates. Restart TikTok to apply this.	%1$d gates desligados. Reinicie o TikTok para aplicar.
Turned off 1 gate of %2$d. The rest do not take a true or false value. Restart TikTok to apply this.	1 de %2$d gates desligado. Os demais não aceitam um valor true ou false. Reinicie o TikTok para aplicar.
Turned off 1 gate. Restart TikTok to apply this.	1 gate desligado. Reinicie o TikTok para aplicar.
Two letters, like us, gb or jp.	Duas letras, como us, gb ou jp.
Type	Tipo
Start typing	Comece a digitar
Unavailable	Indisponível
Unblock this commenter	Desbloquear quem comentou
Unblocked %1$s	%1$s desbloqueado
Couldn't confirm the unblock for %1$s. Open their profile to check.	Não foi possível confirmar o desbloqueio de %1$s. Abra o perfil para conferir.
Undo	Desfazer
Undo clearing seen videos	Desfazer a limpeza dos vídeos vistos
Undo last Lab change	Desfazer a última mudança do Lab
Undo last restore or reset	Desfazer a última restauração ou redefinição
Undoing the last change	Desfazendo a última mudança
Until you choose here, this sheet follows your choices under Hide share actions.	Até você escolher aqui, este menu segue suas escolhas em Esconder ações de compartilhamento.
Up to %1$d speeds from %2$s to %3$s, separated by commas. Example: 0.5, 1, 1.5, 2, 2.5, 3. Leave empty for TikTok's list. Restart TikTok to apply this.	Até %1$d velocidades de %2$s a %3$s, separadas por vírgula. Por exemplo: 0.5, 1, 1.5, 2, 2.5, 3. Deixe vazio para a lista do TikTok. Reinicie o TikTok para aplicar.
Use 0 for TikTok's size, or %1$d to %2$d. Applies to the next caption.	Use 0 para o tamanho do TikTok, ou de %1$d a %2$d. Vale para a próxima legenda.
Use Save JSON for this large report	Use Salvar JSON para este relatório grande
Use TikTok's own hold, pull down and release gesture to keep playing at the hold speed, 2x unless Playback sets another.	Usar o gesto do próprio TikTok de segurar, puxar para baixo e soltar para continuar na velocidade de segurar, que é 2x a menos que você escolha outra em Reprodução.
Use a default playback speed	Usar uma velocidade de reprodução padrão
Use non-personalized search	Usar a busca sem personalização
Use system font	Usar a fonte do sistema
Use the preset for the region TikTok reports for your account and its shop too. May affect search.	Usar a predefinição também para a região que o TikTok informa para a sua conta e a loja dela. Pode afetar a busca.
Use the selected country and operator values. This changes what the SIM says and nothing else: your IP address, your account's history and the language you read in are all unchanged, and any one of them is enough for TikTok to keep the region it already chose. Restart TikTok to apply this.	Usar o país e os valores de operadora selecionados. Isso muda só o que o SIM informa: seu endereço IP, o histórico da sua conta e o idioma em que você lê continuam os mesmos, e qualquer um deles já basta para o TikTok manter a região que já escolheu. Reinicie o TikTok para aplicar.
Use the selected country. This changes what the SIM says and nothing else: your IP address, your account's history and the language you read in are all unchanged, and any one of them is enough for TikTok to keep the region it already chose. Restart TikTok to apply this.	Usar o país selecionado. Isso muda só o que o SIM informa: seu endereço IP, o histórico da sua conta e o idioma em que você lê continuam os mesmos, e qualquer um deles já basta para o TikTok manter a região que já escolheu. Reinicie o TikTok para aplicar.
Use the split layout on wider screens. Restart TikTok to apply this. If the old layout is still there, unfold again.	Usar o layout dividido em telas mais largas. Reinicie o TikTok para aplicar. Se o layout antigo ainda estiver lá, desdobre de novo.
Use value	Usar o valor
Use your own offline videos limit	Usar o seu próprio limite de vídeos offline
Using TikTok's value	Usando o valor do TikTok
Value	Valor
Value to return	Valor devolvido
Verified accounts	Contas verificadas
Version %1$s	Versão %1$s
Version %1$s for TikTok %2$s	Versão %1$s para TikTok %2$s
Video	Vídeo
Video (MP4)	Vídeo (MP4)
Video destination	Destino dos vídeos
Video download quality	Qualidade de download do vídeo
Video filename	Nome do arquivo do vídeo
Video info	Informações do vídeo
Video playback quality	Qualidade de reprodução do vídeo
Video saved	Vídeo salvo
Video saved in %1$s, but only %2$s of %3$s subtitles came with it	Vídeo salvo em %1$s, mas só vieram %2$s de %3$s legendas
Video saved with %1$s subtitles in %2$s	Vídeo salvo com %1$s legendas em %2$s
Wait before hiding the controls.	Esperar antes de limpar a tela.
Watching and sharing	Assistir e compartilhar
WebP, exactly as TikTok sent it	WebP, exatamente como o TikTok mandou
What TikTok gets	O que o TikTok recebe
When TikTok requests this key, return the selected value below	Quando o TikTok pedir esta chave, devolver o valor escolhido abaixo
While diagnostic logging is on, a message names the part of Hushfeed that failed. Off keeps failures in the report only.	Enquanto o registro de diagnóstico estiver ligado, uma mensagem indica a parte do Hushfeed que falhou. Desligado, as falhas ficam só no relatório.
Window width needed to enable the layout. Restart TikTok to apply this.	Largura de janela necessária para ligar o layout. Reinicie o TikTok para aplicar.
Words and countries	Palavras e países
Write the video's sound beside it as an .m4a. Android 10 and later file audio separately, so it lands in Music under the same folder name as your videos.	Escrever o som do vídeo ao lado dele como um .m4a. O Android 10 e posteriores arquivam o áudio à parte, então ele vai para Music, numa pasta com o mesmo nome da dos seus vídeos.
YTDLnis background mode	Modo em segundo plano do YTDLnis
YTDLnis download type	Tipo de download do YTDLnis
Yes	Sim
Your feed	Seu feed
Your filters hid everything TikTok just sent. Most were %1$s.	Seus filtros esconderam tudo o que o TikTok acabou de enviar. A maior parte era %1$s.
Your filters hid everything TikTok sent, %1$d times in a row. Most were %2$s.	Seus filtros esconderam tudo o que o TikTok enviou, %1$d vezes seguidas. A maior parte era %2$s.
Your operator's name, like T-Mobile.	O nome da sua operadora, como T-Mobile.
Your operator's numeric code, like 310260.	O código numérico da sua operadora, como 310260.
Zero leaves the way out of the hold there every time, which is what it has always done. Anything else is how many times a day it works, and once they are gone the hold stays up until the day starts over. Ignored while the budget is locked, which takes the way out away entirely.	Zero deixa a saída da espera disponível sempre, como sempre foi. Qualquer outro valor é quantas vezes por dia ela funciona, e quando acabam a espera continua até o dia recomeçar. Ignorado enquanto o limite está travado, porque isso tira a saída por completo.
Zero means no limit. Counts the videos Hushfeed advanced past for you, not the ones you swiped yourself, and starts again when the feed is rebuilt or you change this number.	Zero quer dizer sem limite. Conta os vídeos que o Hushfeed passou por você, não os que você deslizou, e começa de novo quando o feed é reconstruído ou você muda este número.
Zero shows the notice and leaves the feed alone. Anything else covers the feed for that many minutes once a budget is reached. Messages, profiles and search keep working, and nothing in the feed is thrown away.	Zero mostra o aviso e deixa o feed em paz. Qualquer outro valor cobre o feed por esses minutos assim que um limite é atingido. Mensagens, perfis e busca continuam funcionando, e nada do feed é descartado.
Zero switches this off. A short reminder after that many minutes of watching, and again after the same again. Time on messages, a profile or search does not count, and nothing is shown while the feed is on hold.	Zero desliga isso. Um lembrete curto depois desses minutos assistindo, e de novo após o mesmo intervalo. Tempo em mensagens, num perfil ou na busca não conta, e nada aparece enquanto o feed está em espera.
Zero switches this off. Count every video that comes up in the feed, however you got to it, and say so once the count is reached. This is separate from the auto-advance session limit under Playback, which only counts videos Hushfeed itself advanced past.	Zero desliga isso. Conta cada vídeo que aparece no feed, não importa como você chegou nele, e avisa assim que a contagem for atingida. É separado do limite de sessão do avanço automático, em Reprodução, que só conta os vídeos que o Hushfeed passou por você.
Zero switches this off. Count the minutes the player spends running in the feed. Time on messages, a profile or search does not count.	Zero desliga isso. Conta os minutos que o player passa rodando no feed. Tempo em mensagens, num perfil ou na busca não conta.
collapsed	Recolhido
expanded	Expandido
Already active	Já está ativo
Applying Calm feed	Aplicando Feed tranquilo
Calm feed	Feed tranquilo
Calm feed couldn't be applied. Nothing was changed.	Não foi possível aplicar o Feed tranquilo. Nada foi alterado.
Calm feed couldn't start. Try again shortly.	Não foi possível iniciar o Feed tranquilo. Tente novamente em instantes.
Calm feed is on. Restart TikTok to apply every change.	O Feed tranquilo está ativado. Reinicie o TikTok para aplicar todas as mudanças.
Calm feed is on.	O Feed tranquilo está ativado.
Changed	Alterado
Hide ads, Shop posts, LIVE videos and replays, promotional music, and paid partnerships.	Oculta anúncios, publicações da Loja, vídeos LIVE e reprises, músicas promocionais e parcerias pagas.
On	Ativado
On. Restore puts back the feed setup you had before.	Ativado. Restaurar recupera a configuração de feed que você usava antes.
Preset	Predefinição
Quick setup	Configuração rápida
Restore setup	Restaurar configuração
Restoring setup	Restaurando configuração
Some Calm feed settings changed. Restore still puts back your earlier setup.	Algumas configurações do Feed tranquilo mudaram. Restaurar ainda recupera a configuração anterior.
Use Calm feed	Usar Feed tranquilo
Working	Em andamento
Your current settings already match Calm feed.	Suas configurações atuais já correspondem ao Feed tranquilo.
Your previous feed setup couldn't be restored. Nothing was changed.	Não foi possível restaurar sua configuração anterior do feed. Nada foi alterado.
Your previous feed setup is back. Restart TikTok to apply every change.	Sua configuração anterior do feed foi restaurada. Reinicie o TikTok para aplicar todas as mudanças.
Your previous feed setup is back.	Sua configuração anterior do feed foi restaurada.
Hide search suggestions above comments	Ocultar sugestões de pesquisa acima dos comentários
Compact comment header	Cabeçalho de comentários compacto
Easier comment likes	Curtir comentários com mais facilidade
Hide the Full screen button	Ocultar o botão de tela cheia
Hide the Full screen button over videos. Playback and automatic rotation keep working as before.	Oculte o botão de tela cheia sobre os vídeos. A reprodução e a rotação automática continuam funcionando como antes.
Hide location labels	Ocultar etiquetas de localização
Hide the search bar below videos	Ocultar a barra de pesquisa abaixo dos vídeos
Hide the suggested-search strip above the bottom tabs and let video details and side controls use its space. The top search button and comments stay unchanged.	Esconda a barra de pesquisas sugeridas acima das abas inferiores para que os detalhes do vídeo e os controles laterais usem esse espaço. O botão de pesquisa no topo e os comentários não mudam.
Hide place badges on videos, including cards with multiple places. Videos and your location permissions stay unchanged.	Oculte etiquetas de localização nos vídeos, incluindo cartões com vários lugares. Os vídeos e suas permissões de localização não mudam.
Filter location-tagged videos	Filtrar vídeos com localização
Hide feed videos with place badges, even when they aren't paid ads. To keep the video and hide only its badge, use Hide location labels in Feed screen.	Esconda vídeos do feed com etiquetas de localização, mesmo que não sejam anúncios pagos. Para manter o vídeo e ocultar só a etiqueta, use Ocultar etiquetas de localização em Tela do feed.
Location-tagged videos	Vídeos com localização
Extend the heart's touch area into nearby blank space. The icon and row spacing stay the same. Text, Reply and other controls keep their own space.	Amplie a área de toque do coração para o espaço vazio ao redor. O ícone e o espaçamento entre as linhas não mudam. O texto, Responder e os outros controles mantêm sua própria área.
Start with comments. Hide the comment count, sort and close buttons, plus the suggestion area above them. Use Back or swipe down to close comments.	Comece direto nos comentários. Oculte a contagem, os botões de ordenar e fechar e a área de sugestões acima deles. Use Voltar ou deslize para baixo para fechar os comentários.
Hide TikTok's "Search: ..." banner above the comment count. This doesn't hide the comments or Hushfeed's comment-search box.	Oculte o banner "Pesquisar: ..." do TikTok acima da contagem de comentários. Isso não oculta os comentários nem a caixa de pesquisa de comentários do Hushfeed.
Hide the Report button on videos	Esconder o botão Denunciar nos vídeos
Hide the flag button TikTok puts above the creator's picture in some regions. You can still report a video from the share menu.	Esconde o botão de bandeira que o TikTok coloca acima da foto do criador em algumas regiões. Você ainda pode denunciar um vídeo pelo menu de compartilhar.
Hide search rewards	Esconder as recompensas de busca
Hide the points banner under the search box and the coin counter floating over search results, which TikTok shows in some regions. Searching works as before.	Esconde o aviso de pontos abaixo da caixa de busca e o contador de moedas que flutua sobre os resultados, que o TikTok mostra em algumas regiões. A busca funciona como antes.
%1$s hid everything TikTok sent, %2$d times in a row. Turn it off if that's not what you wanted.	%1$s escondeu tudo o que o TikTok enviou, %2$d vezes seguidas. Desative se não era isso que você queria.
Show the switch	Mostrar a opção

Restart TikTok to apply this	Reinicie o TikTok para aplicar

this creator	este criador

%1$s day	%1$s dia
%1$s days	%1$s dias
%1$s dp	%1$s dp
%1$s millisecond	%1$s milissegundo
%1$s milliseconds	%1$s milissegundos
%1$s minute	%1$s minuto
%1$s minutes	%1$s minutos
%1$s point	%1$s ponto
%1$s points	%1$s pontos
%1$s s	%1$s s
%1$s second	%1$s segundo
%1$s seconds	%1$s segundos
%1$s time	%1$s vez
%1$s times	%1$s vezes
%1$s video	%1$s vídeo
%1$s videos	%1$s vídeos
%1$s view per comment	%1$s visualização por comentário
%1$s views per comment	%1$s visualizações por comentário
%1$s view per like	%1$s visualização por curtida
%1$s views per like	%1$s visualizações por curtida
%1$s, %2$s, %3$s or %4$s	%1$s, %2$s, %3$s ou %4$s
%1$s, %2$s or %3$s	%1$s, %2$s ou %3$s
TikTok refused the follow with code %1$s	O TikTok recusou o seguir com o código %1$s
TikTok refused the follow with code %1$s. A hidden CAPTCHA may be the cause.	O TikTok recusou o seguir com o código %1$s. Talvez a causa seja um CAPTCHA escondido.
TikTok refused the follow: %1$s A hidden CAPTCHA may be the cause.	O TikTok recusou o seguir: %1$s Talvez a causa seja um CAPTCHA escondido.
Hushfeed is paused	O Hushfeed está pausado
TikTok runs as if it were not patched. Your settings stay as they are.	O TikTok funciona como se não tivesse patches. Suas configurações continuam como estão.
TikTok closed three times within a minute of starting, so Hushfeed paused itself. Your settings stay as they are.	O TikTok fechou três vezes no primeiro minuto depois de abrir, então o Hushfeed se pausou sozinho. Suas configurações continuam como estão.
A file named hushfeed-safe-mode in TikTok's folder under Android/data paused Hushfeed. Your settings stay as they are.	Um arquivo chamado hushfeed-safe-mode na pasta do TikTok em Android/data pausou o Hushfeed. Suas configurações continuam como estão.
Turn Hushfeed back on	Ativar o Hushfeed de novo
Pause Hushfeed	Pausar o Hushfeed
From the next start TikTok runs as if it were not patched, so you can tell whether a problem comes from Hushfeed. Your settings stay as they are.	A partir da próxima abertura, o TikTok funciona como se não tivesse patches, para você saber se um problema vem do Hushfeed. Suas configurações continuam como estão.
Hushfeed turns back on when TikTok restarts.	O Hushfeed volta a funcionar quando o TikTok reiniciar.
The file hushfeed-safe-mode couldn't be removed. Delete it from TikTok's folder under Android/data to turn Hushfeed back on.	Não foi possível remover o arquivo hushfeed-safe-mode. Apague-o da pasta do TikTok em Android/data para ativar o Hushfeed de novo.
Hide TikTok Shop in search	Esconder o TikTok Shop na busca
Hide the Products block and product cards in search results.	Esconder o bloco de Produtos e os cartões de produto nos resultados da busca.
Hide TikTok's Auto scroll button	Esconder o botão Auto scroll do TikTok
Takes TikTok's own Auto scroll action out of the video panel. Auto-advance keeps working.	Remove a ação Auto scroll do TikTok do painel do vídeo. Os vídeos continuam avançando automaticamente.
Hide the unread badges on the bottom tabs	Esconder os selos de não lidos nas abas inferiores
Hide the red counts and dots on every bottom tab, Inbox and Profile included. The inbox itself still shows what came in.	Esconde os contadores e pontos vermelhos de todas as abas inferiores, incluindo Caixa de entrada e Perfil. A caixa de entrada continua mostrando o que chegou.
Speed while you hold the video	Velocidade enquanto você segura o vídeo
Hide mini dramas	Esconder minidramas
Hide TikTok's short drama episodes and the cards that promote them.	Esconder os episódios de dramas curtos do TikTok e os cartões que os promovem.
Mini dramas	Minidramas
Swipe left	Deslizar para a esquerda
TikTok default (open the creator's profile)	Padrão do TikTok (abrir o perfil do criador)
Saving %1$s of %2$s	Salvando %1$s de %2$s
Stopping after this file	Parando depois deste arquivo
Saved %1$s of %2$s, the rest cancelled	%1$s de %2$s salvos, o restante cancelado
Saved %1$s of %2$s, %3$s skipped	%1$s de %2$s salvos, %3$s ignorados
Saved %1$s of %2$s, %3$s skipped and the rest cancelled	%1$s de %2$s salvos, %3$s ignorados e o restante cancelado
None of the photos could be saved. Try again.	Nenhuma das fotos pôde ser salva. Tente novamente.
Saved %1$s of %2$s, the rest need more free space	%1$s de %2$s salvos, o restante precisa de mais espaço livre
Saved %1$s of %2$s, the rest ran out of time	%1$s de %2$s salvos, o restante ficou sem tempo
Live photo clip saved to %1$s	Clipe da foto ao vivo salvo em %1$s
The live photo's clip couldn't be saved. Try again.	O clipe da foto ao vivo não pôde ser salvo. Tente novamente.
Creator exceptions	Exceções de criadores
Comma separated account handles or user ids. Their videos stay when only a filter on the kind of post, its labels, age, length or counts would hide them. Ads, blocked creators, words, sounds and countries, and seen videos still apply.	Nomes de conta ou ids de usuário separados por vírgula. Os vídeos deles ficam quando só um filtro por tipo de publicação, rótulos, idade, duração ou números os esconderia. Anúncios, criadores, palavras, sons e países bloqueados e vídeos já vistos continuam valendo.
An exception names one creator, so a pattern can't be one: %1$s	Uma exceção nomeia um criador, então um padrão não pode ser uma: %1$s
An exception takes a handle or id, not a display name: %1$s	Uma exceção recebe um nome de conta ou id, não um nome de exibição: %1$s
Also on a block list, so still hidden: %1$s	Também está numa lista de bloqueio, então continua escondido: %1$s
Find the sound on YouTube Music	Procurar o som no YouTube Music
YouTube Music isn't installed	O YouTube Music não está instalado
This video's sound has no title to look for	O som deste vídeo não tem título para procurar
YouTube Music couldn't be opened. Open it yourself and search for the sound.	O YouTube Music não pôde ser aberto. Abra você mesmo e procure o som.
Allow storage for TikTok in Android settings to save the live photo's clip	Permita o armazenamento para o TikTok nas configurações do Android para salvar o clipe da foto ao vivo
This is the video's own sound, so YouTube Music won't have it	Este é o som do próprio vídeo, então o YouTube Music não vai tê-lo
Not a handle or id, so ignored: %1$s	Não é um nome de conta nem um id, então foi ignorado: %1$s
