Importing new history ended Undo for the earlier clear. You can clear the imported history.	После импорта новой истории нельзя отменить предыдущую очистку. Вы можете очистить импортированную историю.
%1$d setting in that file can't be restored here and was skipped	%1$d настройку из файла нельзя восстановить здесь, и она пропущена
%1$d settings in that file can't be restored here and were skipped	%1$d настроек из файла нельзя восстановить здесь, и они пропущены
%1$d settings in that file can't be restored here and were skipped|one	%1$d настройку из файла нельзя восстановить здесь, и она пропущена
%1$d settings in that file can't be restored here and were skipped|few	%1$d настройки из файла нельзя восстановить здесь, и они пропущены
%1$d settings in that file can't be restored here and were skipped|many	%1$d настроек из файла нельзя восстановить здесь, и они пропущены
Import watch history	Импортировать историю просмотров
Use this account's TikTok JSON export, up to %1$s MB and %2$s entries. Dates without a time zone use this phone's time zone.	Выберите экспорт JSON из TikTok для этого аккаунта, до %1$s МБ и %2$s записей. Для дат без часового пояса используется часовой пояс этого телефона.
Sign in to TikTok before importing watch history.	Войдите в TikTok перед импортом истории просмотров.
Your TikTok account changed. Choose the file again for this account.	Аккаунт TikTok изменился. Выберите файл заново для этого аккаунта.
Reading watch history	Чтение истории просмотров
Importing watch history	Импорт истории просмотров
Reopen Hushfeed settings, then choose the file	Снова откройте настройки Hushfeed и выберите файл
Couldn't start the import. Try again in a moment.	Не удалось начать импорт. Попробуйте ещё раз через некоторое время.
Your seen history changed before the import finished. Choose the file again.	История просмотров изменилась до завершения импорта. Выберите файл заново.
Couldn't import watch history. Your saved history is unchanged.	Не удалось импортировать историю просмотров. Сохранённая история не изменилась.
%1$s watched video added.	Добавлено %1$s просмотренное видео.
%1$s watched videos added.	Добавлено %1$s просмотренных видео.
%1$s entry skipped.	Пропущена %1$s запись.
%1$s entries skipped.	Пропущено %1$s записей.
Skipped entries are invalid, expired, already recorded, or older than the newest %1$s videos.	Пропущенные записи недействительны, устарели, уже сохранены или старше последних %1$s видео.
Watch history was imported for the account that chose the file. Switch back to see it.	История импортирована для аккаунта, который выбрал файл. Вернитесь в него, чтобы её увидеть.
Couldn't read that file. Choose it again.	Не удалось прочитать файл. Выберите его заново.
That file is larger than %1$s MB. Choose a smaller watch-history export.	Файл больше %1$s МБ. Выберите экспорт истории меньшего размера.
That file has more than %1$s watch-history entries.	В файле больше %1$s записей истории просмотров.
That JSON file doesn't contain the supported TikTok watch history.	В этом файле JSON нет поддерживаемой истории просмотров TikTok.
That watch-history file is damaged. Nothing was imported.	Файл истории просмотров повреждён. Ничего не импортировано.
%1$s watched videos added.|one	Добавлено %1$s просмотренное видео.
%1$s watched videos added.|few	Добавлено %1$s просмотренных видео.
%1$s watched videos added.|many	Добавлено %1$s просмотренных видео.
%1$s entries skipped.|one	Пропущена %1$s запись.
%1$s entries skipped.|few	Пропущено %1$s записи.
%1$s entries skipped.|many	Пропущено %1$s записей.
# Settings text, English on the left, Russian on the right, one entry per line, tab separated.
# Keep %s and %d placeholders, {tokens} and product names as they are.
# scripts/gen-l10n.py turns this into a table inside L10nTranslations.java.
%1$d already matched	Совпало: %1$d
%1$d areas were checked and everything they need is here.	Проверено %1$d разделов: всё необходимое на месте.
%1$d areas were checked and everything they need is here.|one	%1$d раздел проверен, и всё необходимое на месте.
%1$d areas were checked and everything they need is here.|few	%1$d раздела проверено, и всё необходимое на месте.
%1$d areas were checked and everything they need is here.|many	%1$d разделов проверено, и всё необходимое на месте.
%1$d fields overridden	Переопределено полей: %1$d
%1$d fields will be overridden when requested	При запросе будет переопределено полей: %1$d
%1$d gates selected	%1$d переключателей выбрано
%1$d gates selected|one	%1$d переключатель выбран
%1$d gates selected|few	%1$d переключателя выбрано
%1$d gates selected|many	%1$d переключателей выбрано
%1$d minutes left	Осталось %1$d минут
%1$d minutes left|one	Осталась %1$d минута
%1$d minutes left|few	Осталось %1$d минуты
%1$d minutes left|many	Осталось %1$d минут
%1$d overrides were turned off because the Lab couldn't confirm their gates are unchanged in TikTok %2$s. Review them before turning them back on.	%1$d переопределений было отключено, потому что Lab не удалось подтвердить, что их переключатели не изменились в TikTok %2$s. Проверьте их, прежде чем включать снова.
%1$d overrides were turned off because the Lab couldn't confirm their gates are unchanged in TikTok %2$s. Review them before turning them back on.|one	%1$d переопределение было отключено, потому что Lab не удалось подтвердить, что его переключатель не изменился в TikTok %2$s. Проверьте его, прежде чем включать снова.
%1$d overrides were turned off because the Lab couldn't confirm their gates are unchanged in TikTok %2$s. Review them before turning them back on.|few	%1$d переопределения были отключены, потому что Lab не удалось подтвердить, что их переключатели не изменились в TikTok %2$s. Проверьте их, прежде чем включать снова.
%1$d overrides were turned off because the Lab couldn't confirm their gates are unchanged in TikTok %2$s. Review them before turning them back on.|many	%1$d переопределений было отключено, потому что Lab не удалось подтвердить, что их переключатели не изменились в TikTok %2$s. Проверьте их, прежде чем включать снова.
%1$d rejected	Отклонено: %1$d
%1$d results	%1$d результатов
%1$d results|one	%1$d результат
%1$d results|few	%1$d результата
%1$d results|many	%1$d результатов
%1$d results so far	Пока %1$d результатов
%1$d results so far|one	Пока %1$d результат
%1$d results so far|few	Пока %1$d результата
%1$d results so far|many	Пока %1$d результатов
%1$d results so far, and more not counted	Результатов пока: %1$d, остальные не учтены
%1$d results, filtered to %2$s	Результатов: %1$d, фильтр: %2$s
%1$d setting wasn't in that file and was left as it is	Не найдено в файле и оставлено без изменений: %1$d
%1$d settings weren't in that file and were left as they are	Не найдено в файле и оставлено без изменений: %1$d
%1$d unavailable	Недоступно: %1$d
%1$s (%2$s)	%1$s (%2$s)
%1$s (TikTok value)	%1$s (значение TikTok)
%1$s (custom, unverified)	%1$s (своё, непроверенное)
%1$s (override returned)	%1$s (переопределено)
%1$s (will be returned when requested)	%1$s (будет возвращено по запросу)
%1$s and above	%1$s и выше
%1$s appears more than once in this file.	%1$s встречается в этом файле больше одного раза.
%1$s changed	%1$s изменено
%1$s is already hidden	%1$s уже скрыт
%1$s destinations must start with %2$s	Места назначения %1$s должны начинаться с %2$s
%1$s is too long for a settings backup. Shorten it, then save the backup again.	%1$s слишком длинный для резервной копии настроек. Сократите его и сохраните копию снова.
%1$s isn't a language code, so no video would ever match it. Use two letters, like en, es or de.	%1$s не является кодом языка, поэтому ни одно видео никогда не будет ему соответствовать. Используйте две буквы, например en, es или de.
%1$s needs fixing. %2$s	%1$s нужно исправить. %2$s
%1$s is a kind of value the Lab can't override.	Lab не может переопределять значения типа %1$s.
%1$s has type %2$s, but the file says %3$s.	%1$s имеет тип %2$s, но в файле указано %3$s.
%1$s isn't a country code, so no video would ever match it. Use two letters, like GB, IE or US.	%1$s не является кодом страны, поэтому ни одно видео никогда не будет ему соответствовать. Используйте две буквы, например GB, IE или US.
%1$s isn't in this Lab catalog.	%1$s отсутствует в этом каталоге Lab.
%1$s isn't installed or doesn't take links	%1$s не установлен или не принимает ссылки
%1$s left	Ещё %1$s
%1$s min left	Ещё %1$s мин.
%1$s min left|one	Ещё %1$s мин.
%1$s min left|few	Ещё %1$s мин.
%1$s min left|many	Ещё %1$s мин.
%1$s to %2$s	от %1$s до %2$s
%1$s videos left	Ещё %1$s видео
%1$s videos left|one	Ещё %1$s видео
%1$s videos left|few	Ещё %1$s видео
%1$s videos left|many	Ещё %1$s видео
%1$s videos were recorded before each account kept its own list. They hide nothing until you add them here.	%1$s видео было записано до того, как у каждого аккаунта появился свой список. Они ничего не скрывают, пока вы их сюда не добавите.
%1$s videos were recorded before each account kept its own list. They hide nothing until you add them here.|one	%1$s видео было записано до того, как у каждого аккаунта появился свой список. Они ничего не скрывают, пока вы их сюда не добавите.
%1$s videos were recorded before each account kept its own list. They hide nothing until you add them here.|few	%1$s видео были записаны до того, как у каждого аккаунта появился свой список. Они ничего не скрывают, пока вы их сюда не добавите.
%1$s videos were recorded before each account kept its own list. They hide nothing until you add them here.|many	%1$s видео было записано до того, как у каждого аккаунта появился свой список. Они ничего не скрывают, пока вы их сюда не добавите.
%1$s was rejected. %2$s	%1$s отклонено. %2$s
%1$s · Hushfeed's list only	%1$s · только список Hushfeed
%1$s · current value only	%1$s · только текущее значение
%1$s · declared by TikTok	%1$s · объявлено TikTok
%1$s · declared by TikTok, with a current value	%1$s · объявлено TikTok, с текущим значением
%1$s%%	%1$s%%
%1$s, %2$s, %3$s, %4$s, %5$s	%1$s, %2$s, %3$s, %4$s, %5$s
%1$s, selected	%1$s, выбрано
%1$s. %2$s	%1$s. %2$s
%1$s: %2$d found, %3$d missing	%1$s: найдено %2$d, отсутствует %3$d
%1$s: %2$d found, %3$d missing, and more it stopped counting	%1$s: найдено %2$d, отсутствует %3$d, остальные не подсчитаны
%1$s: %2$d found, %3$d missing, and more it stopped counting. First missing: %4$s	%1$s: найдено %2$d, отсутствует %3$d, остальные не подсчитаны. Первое отсутствующее: %4$s
%1$s: %2$d found, %3$d missing. First missing: %4$s	%1$s: найдено %2$d, отсутствует %3$d. Первое отсутствующее: %4$s
%1$s: %2$s	%1$s: %2$s
1 field overridden	1 поле переопределено
1 field will be overridden when requested	1 поле будет переопределено при запросе
1 gate selected	1 переключатель выбран
1 min left	Ещё 1 мин.
1 override was turned off because the Lab couldn't confirm its gate is unchanged in TikTok %2$s. Review it before turning it back on.	1 переопределение было отключено, потому что Lab не удалось подтвердить, что его переключатель не изменился в TikTok %2$s. Проверьте его, прежде чем включать снова.
1 result	1 результат
1 result so far	Пока 1 результат
1 video left	Ещё 1 видео
A Lab change is already running	Изменение в Lab уже выполняется
A diagnostic report is already being saved	Диагностический отчёт уже сохраняется
A few seconds	Несколько секунд
A field value couldn't be read. Check the values and try again.	Не удалось прочитать значение поля. Проверьте значения и попробуйте снова.
A good place to stop, if you want one.	Хороший момент, чтобы остановиться, если вам нужен повод.
A green square in the top corner while TikTok has the camera open, and an orange diamond while it records sound. They go when the access ends.	Зелёный квадрат в верхнем углу, пока у TikTok открыта камера, и оранжевый ромб, пока идёт запись звука. Они исчезают, когда доступ заканчивается.
A host to put in place of tiktok.com when you share or copy a link, like vxtiktok.com. Leave it empty to share TikTok's own links. Only TikTok links are changed, and only the host: nothing is sent anywhere new.	Хост, который подставляется вместо tiktok.com при отправке или копировании ссылки, например vxtiktok.com. Оставьте пустым, чтобы делиться обычными ссылками TikTok. Меняются только ссылки TikTok, и только хост: никуда ничего дополнительно не отправляется.
A small label on the feed shows the minutes or videos left of today's budget, whichever is closer to running out.	Небольшая метка в ленте показывает оставшиеся минуты или видео дневного бюджета, в зависимости от того, что ближе к концу.
A tap on Home or on the For You tab while For You is showing no longer reloads it. The video you're on stays.	Нажатие на Главная или на вкладку Рекомендации, когда Рекомендации уже открыты, больше не перезагружает ленту. Видео, на котором вы остановились, никуда не денется.
A video you paused stays paused when you come back to the app instead of starting again. One you left playing starts as usual. It works on Android 10 and newer.	Видео, которое вы поставили на паузу, останется на паузе, когда вы вернётесь в приложение, вместо того чтобы начаться заново. Видео, которое проигрывалось, продолжится как обычно. Это работает на Android 10 и новее.
A web address someone left in a comment can be tapped instead of copied out by hand. Tapping anywhere else in the comment still does what it did.	По веб-адресу, оставленному кем-то в комментарии, можно нажать, вместо того чтобы копировать его вручную. Нажатие в любом другом месте комментария работает как раньше.
AI-generated posts	Публикации, созданные ИИ
About	О программе
A forced value applies to this copy of TikTok whichever account is signed in. It can't get past a check the server makes.	Принудительное значение действует для этой копии TikTok независимо от того, какой аккаунт выполнил вход. Проверку на стороне сервера оно обойти не может.
Add older seen videos to this account	Добавить старые просмотренные видео к этому аккаунту
Added %1$s older seen videos to this account	Добавлено %1$s старых просмотренных видео к этому аккаунту
Added %1$s older seen videos to this account|one	Добавлено %1$s старое просмотренное видео к этому аккаунту
Added %1$s older seen videos to this account|few	Добавлено %1$s старых просмотренных видео к этому аккаунту
Added %1$s older seen videos to this account|many	Добавлено %1$s старых просмотренных видео к этому аккаунту
Added one older seen video to this account	Добавлено одно старое просмотренное видео к этому аккаунту
Added to this account.	Добавлено к этому аккаунту.
Caption languages	Языки субтитров
Comma separated account handles or user ids. Their videos stay when only a filter on the kind of post, its labels, age, length or counts would hide them. Ads, blocked creators, words, sounds, countries and caption languages, and seen videos still apply.	Через запятую: имена аккаунтов или ID пользователей. Их видео остаются, если скрыть их может только фильтр по типу публикации, её меткам, возрасту, длительности или числовым показателям. Реклама, заблокированные авторы, слова, звуки, страны, языки субтитров и просмотренные видео по-прежнему учитываются.
Comma separated language codes, like en, es. A video whose original caption is in another language is hidden. Videos with no caption, or only translated ones, always stay.	Через запятую: коды языков, например en, es. Видео, чьи исходные субтитры на другом языке, скрываются. Видео без субтитров или только с переведёнными всегда остаются.
Comma separated names exactly as the row under a profile's bio shows them, such as TikTok Studio or Your orders. Restart TikTok to apply this.	Названия через запятую, точно как в строке под описанием профиля, например TikTok Studio или «Ваши заказы». Перезапустите TikTok, чтобы это применить.
Couldn't add the older seen videos. Try again.	Не удалось добавить старые просмотренные видео. Попробуйте снова.
Couldn't copy the report. Use Save report instead.	Не удалось скопировать отчёт. Используйте вместо этого «Сохранить отчёт».
Couldn't read TikTok's current values (%1$s). Refresh values from the menu to try again.	Не удалось прочитать текущие значения TikTok (%1$s). Обновите значения через меню, чтобы попробовать снова.
Couldn't restart TikTok. Close it and open it again.	Не удалось перезапустить TikTok. Закройте приложение и откройте его снова.
Couldn't undo that. Try again.	Не удалось отменить это действие. Попробуйте снова.
Count a video as seen after	Считать видео просмотренным после
Forget the %1$s videos @%2$s has seen.	Забыть %1$s видео, просмотренных аккаунтом @%2$s.
Forget the %1$s videos @%2$s has seen.|one	Забыть %1$s видео, просмотренное аккаунтом @%2$s.
Forget the %1$s videos @%2$s has seen.|few	Забыть %1$s видео, просмотренных аккаунтом @%2$s.
Forget the %1$s videos @%2$s has seen.|many	Забыть %1$s видео, просмотренных аккаунтом @%2$s.
Forget the seen video.	Забыть просмотренное видео.
Forget the video @%2$s has seen.	Забыть видео, просмотренное аккаунтом @%2$s.
Got it	Понятно
Hide profile shortcuts	Скрыть ярлыки профиля
Hide profile shortcuts by name	Скрыть ярлыки профиля по названию
Hide the status bar in LIVE rooms	Скрывать строку состояния в LIVE-трансляциях
How much of a video you watch before it's hidden next time. Zero counts it after a few seconds.	Какую часть видео нужно посмотреть, чтобы оно в следующий раз считалось просмотренным. При значении «0» оно засчитывается уже через несколько секунд.
Later	Позже
Leave when TikTok says time is up	Выходить, когда TikTok сообщает об окончании времени
Let a LIVE fill the screen up to the top edge. The status bar comes back when you leave the LIVE. Swipe down from the top to peek at it.	Разрешить LIVE занимать экран до самого верхнего края. Строка состояния возвращается, когда вы выходите из LIVE. Проведите вниз от верхнего края, чтобы увидеть её на миг.
Loading the gate list and TikTok's current values…	Загрузка списка переключателей и текущих значений TikTok…
New value	Новое значение
No app on this phone opens that file	Ни одно приложение на этом телефоне не открывает такой файл
No profile shortcuts have been seen yet	Ярлыки профиля пока не встречались
One video was recorded before each account kept its own list. It hides nothing until you add it here.	Одно видео было записано до того, как у каждого аккаунта появился свой список. Оно ничего не скрывает, пока вы не добавите его сюда.
Only these caption languages	Только эти языки субтитров
Open	Открыть
Open your profile once, then return here to choose its shortcuts.	Откройте свой профиль один раз, затем вернитесь сюда, чтобы выбрать ярлыки.
Photos can't be saved to the folder in that file, so your photo folder was kept	Фото нельзя сохранить в папку из этого файла, поэтому ваша папка для фото осталась прежней
Pick the shortcuts to remove from the row under a profile's bio, such as TikTok Studio or Your orders. Restart TikTok to apply this.	Выберите ярлыки, которые нужно убрать из строки под описанием профиля, например TikTok Studio или «Ваши заказы». Перезапустите TikTok, чтобы это применить.
Preview shortened. Save report keeps the full report.	Превью сокращено. «Сохранить отчёт» сохраняет отчёт полностью.
Refreshing TikTok's current values…	Обновление текущих значений TikTok…
Restart TikTok to apply this	Перезапустите TikTok, чтобы это применить
Save report	Сохранить отчёт
Stay on the video in full screen	Оставаться на видео в полноэкранном режиме
Stickers can't be saved to the folder in that file, so your sticker folder was kept	Стикеры нельзя сохранить в папку из этого файла, поэтому ваша папка для стикеров осталась прежней
Stop TikTok's benchmark runs	Остановить тесты производительности TikTok
That creator pattern could stall the feed, so it was skipped: %1$s	Этот шаблон автора мог замедлить ленту, поэтому он был пропущен: %1$s
That creator pattern could stall the feed, so it wasn't added: %1$s	Этот шаблон автора мог замедлить ленту, поэтому он не был добавлен: %1$s
This key isn't in Hushfeed's list, so its type can't be checked. Reset the override.	Этого ключа нет в списке Hushfeed, поэтому его тип нельзя проверить. Сбросьте переопределение.
This key touches account safety. Forcing it can change login, region, payment or security checks.	Этот ключ связан с безопасностью аккаунта. Принудительное значение может изменить проверки входа, региона, оплаты или безопасности.
Activity	Активность
Activity center (PIA)	Центр активности (PIA)
Add	Добавить
Block the creator in one tap. Once TikTok confirms, skip to the next video. A small Unblock button appears at the top left for two seconds. You can also unblock later in TikTok's Privacy > Blocked accounts.	Заблокировать автора одним нажатием. После подтверждения TikTok произойдёт переход к следующему видео. Слева вверху на две секунды появится небольшая кнопка «Разблокировать». Разблокировать можно и позже, в TikTok: Конфиденциальность > Заблокированные аккаунты.
TikTok sometimes tests how fast your phone is in a background process of its own, which can hold a lot of memory. This keeps that process from starting. One that's already running stops when TikTok restarts.	TikTok иногда проверяет скорость телефона в отдельном фоновом процессе, который может занимать много памяти. Этот переключатель не даёт ему запуститься. Уже запущенный процесс остановится после перезапуска TikTok.
TikTok's own daily screen-time reminder sends the app to the background instead of waiting to be dismissed. Coming straight back leaves the reminder on screen, so the limit stays reachable. Needs a daily limit set under TikTok's Settings and privacy, under Time and well-being.	Собственное дневное напоминание TikTok об экранном времени сворачивает приложение в фон, вместо того чтобы ждать, пока его закроют. Если сразу вернуться, напоминание останется на экране, поэтому лимит по-прежнему можно достичь. Требует дневного лимита, заданного в TikTok в разделе Настройки и конфиденциальность > Время в соцсетях.
Try a different word or clear the search. Switches from patches you didn't tick in Morphe Manager aren't listed.	Попробуйте другое слово или очистите поиск. Переключатели из патчей, которые вы не отметили в Morphe Manager, здесь не показаны.
Unblock	Разблокировать
Add a button beside the block control to send feedback about the current video.	Добавить рядом с кнопкой блокировки кнопку отправки отзыва о текущем видео.
Add a creator	Добавить автора
Add a button that hides the current creator on this phone without blocking them.	Добавить кнопку, которая скрывает текущего автора на этом телефоне без блокировки.
Add a separate button that skips videos using the current sound.	Добавить отдельную кнопку, которая пропускает видео с текущим звуком.
Add hidden creator	Добавить скрытого автора
Added %1$s	Добавлено: %1$s
Ads	Реклама
Auto-advance videos	Автоматически переключать видео
Advanced	Дополнительно
Advanced JSON value	Расширенное значение JSON
All	Все
All available languages	Все доступные языки
All events	Все события
All loaded tabs	Все загруженные вкладки
Allow Duet and Stitch anyway	Всё равно разрешить Дуэт и Stitch
Allow screenshots and Circle to Search	Разрешить скриншоты и Circle to Search
Allow storage for TikTok in Android settings to save profile pictures	Разрешите TikTok доступ к хранилищу в настройках Android, чтобы сохранять фото профиля
Allow storage for TikTok in Android settings to save sounds	Разрешите TikTok доступ к хранилищу в настройках Android, чтобы сохранять звуки
Allow storage for TikTok in Android settings to save stories	Разрешите TikTok доступ к хранилищу в настройках Android, чтобы сохранять истории
Bottom tabs to keep	Нижние вкладки, которые нужно оставить
Already marked as not interested	Уже отмечено как «не интересно»
Also apply these filters to downloaded videos TikTok uses when the feed can't load enough new items.	Также применять эти фильтры к загруженным видео, которые TikTok использует, когда ленте не хватает новых материалов.
Also change the region TikTok reports internally. Keeps your interface language. Your IP address and your account's own rules still apply.	Также изменять регион, который TikTok сообщает внутри себя. Язык интерфейса остаётся прежним. Ваш IP-адрес и правила вашего аккаунта по-прежнему действуют.
Always show publish date	Всегда показывать дату публикации
Always show the publish date in video author information. Restart TikTok to apply this.	Всегда показывать дату публикации в информации об авторе видео. Перезапустите TikTok, чтобы это применить.
An app's package name, like com.dv.adm. The save button sends the video's link there instead of saving it here. Leave it empty to save here.	Имя пакета приложения, например com.dv.adm. Кнопка сохранения будет отправлять туда ссылку на видео вместо сохранения здесь. Оставьте пустым, чтобы сохранять здесь.
An interrupted settings change couldn't be recovered, so its record was set aside. Check your settings or restore a backup.	Прерванное изменение настроек не удалось восстановить, поэтому его запись была отложена. Проверьте свои настройки или восстановите резервную копию.
An operator code is five or six digits, like 310260	Код оператора состоит из пяти или шести цифр, например 310260
An override changes the value TikTok reads from this gate. It doesn't rewrite TikTok's cached value or prove the named feature changed.	Переопределение изменяет значение, которое TikTok считывает из этого переключателя. Оно не переписывает закэшированное значение TikTok и не доказывает, что указанная функция действительно изменилась.
Animated sticker format	Формат анимированных стикеров
Answer TikTok's location requests with nothing. The region settings change the locale and timezone. This switch stops the coordinates.	Отвечать на запросы местоположения от TikTok пустыми данными. Региональные настройки меняют язык и часовой пояс. Этот переключатель останавливает только координаты.
Answer TikTok's reads of your contacts with an empty list. Find Friends and People you may know lose access to your contact list.	Отвечать на чтение контактов TikTok пустым списком. «Найти друзей» и «Возможно, вы знакомы» теряют доступ к списку контактов.
Answer TikTok's scan of the apps on this phone with an empty list. A check for one named app, which TikTok also uses to open an app you tap, is left alone.	Отвечать на сканирование TikTok установленных на телефоне приложений пустым списком. Проверка одного конкретного приложения, которое TikTok также использует для его открытия по нажатию, не затрагивается.
App	Приложение
App AB	Приложение AB
Appearance	Внешний вид
Applies to both video and photo downloads.	Применяется к загрузке и видео, и фото.
Apply	Применить
Around the video	Вокруг видео
Arrange your feed and bottom tabs	Упорядочьте вкладки ленты и нижние вкладки
Attention	Внимание
Audio	Аудио
Auto translate comments	Автоперевод комментариев
Auto-advance session limit	Лимит автоматического переключения за сеанс
Automatic	Автоматически
Auto-advance	Автоматическое переключение
Staying on a video	Пребывание на видео
Auto-advance stopped after %1$d videos	Автопереключение остановлено после %1$d видео
Auto-advance stopped after %1$d videos|one	Автопереключение остановлено после %1$d видео
Auto-advance stopped after %1$d videos|few	Автопереключение остановлено после %1$d видео
Auto-advance stopped after %1$d videos|many	Автопереключение остановлено после %1$d видео
Auto-advance stopped after one video	Автопереключение остановлено после одного видео
Automatic clear display	Автоматический чистый вид
Avatar and follow button	Аватар и кнопка «Подписаться»
Back	Назад
Back up settings	Создать резервную копию настроек
Backup and restore	Резервное копирование и восстановление
Black	Чёрный
Block clipboard reads	Блокировать чтение буфера обмена
Block contact list access	Блокировать доступ к списку контактов
Block installed app scanning	Блокировать сканирование установленных приложений
Block location	Блокировать местоположение
Block motion sensors	Блокировать датчики движения
Block new feed tabs	Блокировать новые вкладки ленты
Block new bottom tabs	Блокировать новые нижние вкладки
Block this commenter	Заблокировать этого комментирующего
Block this creator	Заблокировать этого автора
Block this sound	Заблокировать этот звук
Blocked	Заблокировано
Blocked %1$s	Заблокировано: %1$s
Blocked %1$s. Unblock	Заблокировано: %1$s. Разблокировать
Couldn't confirm the block for %1$s. Open their profile to check.	Не удалось подтвердить блокировку %1$s. Откройте профиль, чтобы проверить.
Blocked caption words	Заблокированные слова в подписях
Blocked comment words	Заблокированные слова в комментариях
Blocked creators	Заблокированные авторы
Blocked sound ids	ID заблокированных звуков
Blocked sound names	Названия заблокированных звуков
Blocked sounds	Заблокированные звуки
Blocking	Блокировка
On or off	Вкл. или выкл.
Browse	Обзор
Camera and microphone in use	Камера и микрофон используются
Camera in use	Камера используется
Cancel	Отмена
Caption background	Фон субтитров
Caption text size	Размер текста субтитров
Description text size	Размер текста описания
Author text size	Размер имени автора
Use 0 for TikTok's size, or %1$d to %2$d. Sizes the description below the author's name and keeps Android's font scaling.	Используйте 0 для размера TikTok или значение от %1$d до %2$d. Меняет размер описания под именем автора и сохраняет масштаб шрифта Android.
Use 0 for TikTok's size, or %1$d to %2$d. Sizes the author's name and keeps Android's font scaling.	Используйте 0 для размера TikTok или значение от %1$d до %2$d. Меняет размер имени автора и сохраняет масштаб шрифта Android.
Captions	Субтитры
Captions, gestures and on-screen controls	Субтитры, жесты и элементы на экране
Capture crash reports locally	Сохранять отчёты о сбоях локально
Choose %1$d to %2$d videos. Values outside this range use the nearest valid limit. Restart TikTok to apply this.	Выберите значение от %1$d до %2$d видео. Значения вне этого диапазона округляются до ближайшей допустимой границы. Перезапустите TikTok, чтобы это применить.
Choose a backup file. Your current settings are kept for Undo.	Выберите файл резервной копии. Текущие настройки сохраняются для отмены.
Choose a folder on internal storage. SD cards aren't supported.	Выберите папку на внутреннем накопителе. Карты памяти не поддерживаются.
Choose a preset to fill the SIM details.	Выберите пресет, чтобы заполнить данные SIM.
Choose a subfolder under %1$s.	Выберите подпапку в %1$s.
Pick the actions to remove from the share sheet. Names you typed by hand that TikTok hasn't shown yet stay in the list above.	Выберите действия, которые нужно убрать из меню «Поделиться». Введённые вручную названия, которые TikTok ещё не показывал, остаются в списке выше.
Choose what reaches your feed	Выберите, что попадает в вашу ленту
Choose which loaded TikTok bottom navigation tabs should stay visible.	Выберите, какие загруженные нижние вкладки навигации TikTok должны оставаться видимыми.
Choose which loaded TikTok feed tabs should stay visible. If only For You remains, its redundant header is hidden.	Выберите, какие загруженные вкладки ленты TikTok должны оставаться видимыми. Если остаются только Рекомендации, их лишний заголовок скрывается.
Choose which rows and controls appear	Выберите, какие строки и элементы управления отображаются
Clear all	Очистить всё
Clear all Lab data (overrides, switch, recordings)	Очистить все данные Lab (переопределения, переключатель, записи)
Clear all suggested accounts	Очистить все предложенные аккаунты
Clear the recent events, saved crash reports, a recorded screen layout and the hook status above.	Очистить недавние события, сохранённые отчёты о сбоях, записанную раскладку экрана и статус перехвата выше.
Record a screen's layout	Записать раскладку экрана
Tap, then go to the screen with what you want hidden. After %1$d seconds Hushfeed records how that screen is built, without any of its text, for the diagnostic report.	Нажмите, затем перейдите к экрану с тем, что нужно скрыть. Через %1$d секунд Hushfeed запишет, как устроен этот экран, без какого-либо его текста, для диагностического отчёта.
Waiting to record. Go to the screen you want recorded.	Ожидание записи. Перейдите к экрану, который нужно записать.
A screen's layout is recorded. Export the diagnostic report to send it, or tap to record another.	Раскладка экрана записана. Экспортируйте диагностический отчёт, чтобы отправить её, или нажмите, чтобы записать другую.
Go to the screen now. Hushfeed records its layout in %1$d seconds.	Перейдите к экрану сейчас. Hushfeed запишет его раскладку через %1$d секунд.
Screen layout recorded. Export the diagnostic report to send it.	Раскладка экрана записана. Экспортируйте диагностический отчёт, чтобы отправить её.
Nothing was recorded because Hushfeed settings were still open. Start again, then leave settings.	Ничего не было записано, потому что настройки Hushfeed были ещё открыты. Начните заново и закройте настройки.
Couldn't record the screen's layout. Start again from Diagnostics.	Не удалось записать раскладку экрана. Начните заново в разделе «Диагностика».
Clear diagnostic data	Очистить диагностические данные
Clear display	Чистый вид
Clear display delay	Задержка чистого вида
Clear preset	Очистить пресет
Clear search	Очистить поиск
Clear seen videos	Очистить просмотренные видео
Clear the search	Очистить поиск
Cleared. Tap to undo before TikTok closes.	Очищено. Нажмите, чтобы отменить, пока TikTok не закрылся.
Clearing	Очистка
Clearing suggested accounts	Очистка предложенных аккаунтов
Clearing, %1$d so far	Очистка, пока %1$d
Close	Закрыть
Comma separated account handles or user ids. Videos from these accounts are always hidden. An entry between slashes, like /^news_/, is a pattern matched against the handle and the display name.	Через запятую: имена аккаунтов или ID пользователей. Видео этих аккаунтов всегда скрываются. Запись между слэшами, например /^news_/, считается шаблоном, который сравнивается с именем аккаунта и отображаемым именем.
Comma separated country codes, like GB, IE. Videos posted from anywhere else are hidden. Leave empty for all countries.	Через запятую: коды стран, например GB, IE. Видео, опубликованные откуда-либо ещё, скрываются. Оставьте пустым для всех стран.
Comma separated country codes. Videos posted from these are hidden, whatever the list above says.	Через запятую: коды стран. Видео, опубликованные из них, скрываются независимо от того, что указано в списке выше.
Comma separated list of any other Inbox row titles to hide, matched exactly. Use this for anything not listed above.	Через запятую: заголовки других строк Входящих, которые нужно скрыть, при точном совпадении. Используйте это для всего, что не перечислено выше.
Comma separated names exactly as the share sheet shows them: friends in the Send to row, share targets such as Facebook, and actions such as Create group or Repost. Stable keys such as copy, save and dislike also work before the sheet opens.	Через запятую: названия ровно в том виде, в каком их показывает меню «Поделиться»: друзья в строке «Отправить», получатели вроде Facebook и действия вроде «Создать группу» или «Репост». Устойчивые ключи вроде copy, save и dislike также работают ещё до открытия меню.
Comma separated sound ids recorded by the player's sound button. Remove one to unblock it.	Через запятую: ID звуков, записанные кнопкой звука в плеере. Удалите один, чтобы разблокировать его.
Comma separated usernames or display names whose comments are hidden.	Через запятую: имена пользователей или отображаемые имена, чьи комментарии скрываются.
Comma separated words or phrases. Videos whose caption matches are hidden. Case doesn't matter. Two phrases in quotes can be joined: "a" & "b" needs both, "a" !& "b" needs the first without the second.	Через запятую: слова или фразы. Видео, чья подпись совпадает, скрываются. Регистр не важен. Две фразы в кавычках можно объединить: "a" & "b" требует обе, "a" !& "b" требует первую без второй.
Comma separated words to match against a sound's name, like saxophone. Case doesn't matter.	Через запятую: слова для сравнения с названием звука, например saxophone. Регистр не важен.
Comma separated. A comment is hidden if its text contains any of them. Case doesn't matter. Two phrases in quotes can be joined: "a" & "b" needs both, "a" !& "b" needs the first without the second.	Через запятую. Комментарий скрывается, если его текст содержит что-либо из списка. Регистр не важен. Две фразы в кавычках можно объединить: "a" & "b" требует обе, "a" !& "b" требует первую без второй.
Comment media filename	Имя файла медиа комментария
Comments	Комментарии
Comments aren't available for this video	Комментарии недоступны для этого видео
Comments beside the video	Комментарии рядом с видео
Compare gate reads with their previous values.	Сравнивать считанные значения переключателей с их предыдущими значениями.
Completed an interrupted settings change. Restart TikTok to apply this.	Прерванное изменение настроек завершено. Перезапустите TikTok, чтобы это применить.
Config	Конфигурация
Config (Settings Manager)	Конфигурация (Settings Manager)
Confirm before a quick repost	Подтверждать перед быстрым репостом
Confirm before following	Подтверждать перед подпиской
Confirm before liking	Подтверждать перед лайком
Confirm before liking a comment	Подтверждать перед лайком комментария
Confirm before liking a story	Подтверждать перед лайком истории
Continue supported videos from where you stopped when you scroll back to them.	Продолжать поддерживаемые видео с того места, где вы остановились, когда вы пролистываете назад к ним.
Controls	Элементы управления
Feature gate report copied	Отчёт о переключателях скопирован
Copy a quick report or save the full report as a file.	Скопируйте краткий отчёт или сохраните полный отчёт в файл.
Copy comments without username	Копировать комментарии без имени пользователя
Copy only the comment text when using TikTok's copy comment action.	Копировать только текст комментария при использовании функции TikTok «Копировать комментарий».
Copy quick report	Скопировать краткий отчёт
Copy report	Скопировать отчёт
Copy the sound link	Скопировать ссылку на звук
Copy the video link	Скопировать ссылку на видео
Couldn't change the Lab settings. Try again.	Не удалось изменить настройки Lab. Попробуйте снова.
Couldn't clear the suggested accounts. Reopen the Inbox and try again.	Не удалось очистить предложенные аккаунты. Откройте Входящие заново и попробуйте снова.
Couldn't open settings search. Reopen settings and try again.	Не удалось открыть поиск по настройкам. Откройте настройки заново и попробуйте снова.
Couldn't open that settings section. Reopen settings and try again.	Не удалось открыть этот раздел настроек. Откройте настройки заново и попробуйте снова.
Couldn't open the file picker to export. Try again.	Не удалось открыть выбор файла для экспорта. Попробуйте снова.
Couldn't open the file picker to import. Try again.	Не удалось открыть выбор файла для импорта. Попробуйте снова.
Couldn't put back the diagnostic data. Try again.	Не удалось восстановить диагностические данные. Попробуйте снова.
Couldn't read who posted this comment. Open their profile and block them there.	Не удалось определить, кто оставил этот комментарий. Откройте профиль и заблокируйте там.
Couldn't reset this override. Try again.	Не удалось сбросить это переопределение. Попробуйте снова.
Couldn't restore the settings. Try again.	Не удалось восстановить настройки. Попробуйте снова.
Couldn't reset the settings. Try again.	Не удалось сбросить настройки. Попробуйте снова.
Couldn't undo the last change. Try again.	Не удалось отменить последнее изменение. Попробуйте снова.
Couldn't save the settings backup. Try again.	Не удалось сохранить резервную копию настроек. Попробуйте снова.
Couldn't save this override. Try again.	Не удалось сохранить это переопределение. Попробуйте снова.
Couldn't send the feedback. Try again in a moment.	Не удалось отправить отзыв. Попробуйте снова через минуту.
Couldn't start the Lab change. Try again in a moment.	Не удалось начать изменение в Lab. Попробуйте снова через минуту.
Couldn't start the report export. Try again in a moment.	Не удалось начать экспорт отчёта. Попробуйте снова через минуту.
Couldn't start the settings change. Try again in a moment.	Не удалось начать изменение настроек. Попробуйте снова через минуту.
Couldn't tell which folder to update. Choose it again.	Не удалось определить, какую папку обновлять. Выберите её снова.
Couldn't undo the clear. Try again.	Не удалось отменить очистку. Попробуйте снова.
Country code	Код страны
Country and network preferences	Настройки страны и сети
Counts under the buttons	Счётчики под кнопками
Create	Создать
Creators and sounds	Авторы и звуки
Creators you hid from a video. Search the list and remove one at a time.	Авторы, которых вы скрыли из видео. Используйте поиск по списку и удаляйте по одному.
Current	Текущее
Current %1$s	Текущее: %1$s
Current state	Текущее состояние
Current: %1$s	Текущее: %1$s
Custom SIM details	Свои данные SIM
Custom value	Своё значение
Custom value…	Своё значение…
Protect external pages in TikTok's browser	Защищать внешние страницы в браузере TikTok
Daily budget	Дневной бюджет
Daily budgets, reminders and the hold	Дневные бюджеты, напоминания и пауза
Daily time budget	Дневной бюджет времени
Daily video budget	Дневной бюджет видео
Dark	Тёмный
Days to remember a video. Zero removes the age limit. History keeps at most %1$s videos.	Сколько дней помнить видео. Ноль снимает ограничение по возрасту. История хранит не более %1$s видео.
Days. Zero keeps every age. Posts without a usable timestamp, including future posts, stay visible.	Дни. Ноль сохраняет любой возраст. Публикации без пригодной метки времени, включая будущие, остаются видимыми.
Default	По умолчанию
Default playback speed	Скорость воспроизведения по умолчанию
Device access	Доступ к устройству
Device language, then original	Язык устройства, затем оригинал
Diagnostic data cleared. Tap again to put it back.	Диагностические данные очищены. Нажмите ещё раз, чтобы вернуть их.
Diagnostic data put back	Диагностические данные восстановлены
Diagnostic report copied to the clipboard	Диагностический отчёт скопирован в буфер обмена
Diagnostics	Диагностика
Disable	Отключить
Stop analytics and tracking	Останавливать аналитику и трекинг
Long-press Home for Hushfeed settings	Долгое нажатие на Главная открывает настройки Hushfeed
Press and hold the Home tab to open these settings. A tap on Home works as before.	Нажмите и удерживайте вкладку Главная, чтобы открыть эти настройки. Обычное нажатие на Главная работает как раньше.
Keep For You on a Home tap	Оставлять Рекомендации при нажатии на Главная
Keep For You on a pull down	Оставлять Рекомендации при свайпе вниз
Keep long press from quick sharing	Отключить быстрое «Поделиться» по долгому нажатию
Keep long press from reposting	Отключить репост по долгому нажатию
Disabled	Отключено
Discard edits	Отменить изменения
Dismissed %1$s suggested accounts	Отклонено предложенных аккаунтов: %1$s
Dismissed one suggested account	Отклонён один предложенный аккаунт
Don't start the feed on returning	Не запускать ленту заново при возврате
Do nothing	Ничего не делать
Done	Готово
Double tap	Двойное нажатие
Download original photos	Загружать оригиналы фото
Destination updated	Место назначения обновлено
Downloads	Загрузки
Drag to move, release to place	Перетащите, чтобы переместить, отпустите, чтобы разместить
Drama and Series	Драма и сериалы
Draw TikTok's text in your device's font instead of TikTok Sans. Icons, gift animations and the @ and # glyphs keep their own fonts. Restart TikTok to apply this.	Отображать текст TikTok шрифтом вашего устройства вместо TikTok Sans. Значки, анимации подарков и символы @ и # сохраняют свои шрифты. Перезапустите TikTok, чтобы это применить.
Hide the notification saying somebody new followed you before it reaches the drawer. Every other notification is left alone, and the follower still appears in the Inbox.	Скрывать уведомление о новом подписчике до того, как оно попадёт в шторку. Остальные уведомления не затрагиваются, а подписчик по-прежнему появляется во Входящих.
Each area, how many of the things it looks for are in this build and how many aren't.	По каждому разделу: сколько из того, что он ищет, есть в этой сборке, а сколько нет.
Empty	Пусто
Empty the menu that opens when you press and hold TikTok's icon on the home screen. Turning this off asks TikTok to build them again. Tapping the icon still opens the app, and a shortcut you pinned yourself stays where you put it.	Очищать меню, которое открывается при долгом нажатии на значок TikTok на главном экране. Выключение этой настройки просит TikTok создать их заново. Нажатие на значок по-прежнему открывает приложение, а закреплённый вами вручную ярлык остаётся на месте.
Enable	Включить
Log diagnostics	Записывать диагностику
Lock the hold speed with a pull down	Закреплять скорость удержания свайпом вниз
Apply overrides	Применять переопределения
Enabled	Включено
Enter a JSON object or array.	Введите объект или массив JSON.
Enter a creator handle or id	Введите имя автора или ID
Enter a finite number.	Введите конечное число.
Enter a number.	Введите число.
Enter an hour, like 6 or 06:00.	Введите час, например 6 или 06:00.
Enter a valid structured value.	Введите корректное структурированное значение.
Enter a valid two-letter country code	Введите корректный двухбуквенный код страны
Enter a whole number, or one like 20K, 1.5M or 2B	Введите целое число или число вида 20K, 1.5M или 2B
Enter a whole number.	Введите целое число.
Enter true or false.	Введите true или false.
Enter up to %1$d comma-separated speeds from %2$s to %3$s	Введите до %1$d значений скорости через запятую, от %2$s до %3$s
That isn't valid JSON. Check the brackets and quotes.	Это некорректный JSON. Проверьте скобки и кавычки.
Entry %1$d has a field with the wrong data type.	В записи %1$d поле имеет неверный тип данных.
Entry %1$d isn't an object.	Запись %1$d не является объектом.
Errors	Ошибки
Expand activity list	Развернуть список активности
Explore or Community	Обзор или Сообщество
Export diagnostic report	Экспортировать диагностический отчёт
Export loaded values	Экспортировать загруженные значения
Exported %1$d loaded values	Экспортировано %1$d загруженных значений
Exported %1$d loaded values|one	Экспортировано %1$d загруженное значение
Exported %1$d loaded values|few	Экспортировано %1$d загруженных значения
Exported %1$d loaded values|many	Экспортировано %1$d загруженных значений
Exported 1 loaded value	Экспортировано 1 загруженное значение
Fade the feed out before the hold	Плавно скрывать ленту перед паузой
Feature Gate Lab	Feature Gate Lab
Feature gate override reset	Переопределение переключателя сброшено
Feature gate override saved	Переопределение переключателя сохранено
Feed and navigation	Лента и навигация
Feed button size	Размер кнопок в ленте
Feed filter	Фильтр ленты
Feed screen	Экран ленты
Feed tabs	Вкладки ленты
Field %1$s can't be changed on this build. Take it out of the override, or reset the override.	Поле %1$s нельзя изменить в этой сборке. Уберите его из переопределения или сбросьте переопределение.
Field edits were discarded	Изменения полей отменены
Field edits weren't saved	Изменения полей не сохранены
Files	Файлы
Filter bottom tabs	Фильтровать нижние вкладки
Filter comments by keyword	Фильтровать комментарии по ключевому слову
Filter feed tabs	Фильтровать вкладки ленты
Filter TikTok's offline videos	Фильтровать офлайн-видео TikTok
Filter settings	Настройки фильтра
Filter the list	Отфильтровать список
Filter: %1$s	Фильтр: %1$s
Filters, translation and copy options	Фильтры, перевод и параметры копирования
Find a setting by name or description	Найти настройку по названию или описанию
First caller	Первый вызывающий
First rejection:	Первое отклонение:
Fit the video to the screen	Вписывать видео в экран
Fill the screen with the video	Заполнять экран видео
Crop the video until it covers the whole window. On a tall phone the black strip TikTok leaves under a video goes and so does a little of each side.	Обрезать видео, пока оно не займёт всё окно. На вытянутом телефоне чёрная полоса, которую TikTok оставляет под видео, исчезает, как и немного с каждой стороны.
Focus	Фокус
Follow probe	Проверка подписки
Following	Подписки
For You	Рекомендации
For com.deniscerri.ytdl only. Ask YTDLnis for audio or video when the save button hands it a link.	Только для com.deniscerri.ytdl. Запрашивать у YTDLnis аудио или видео, когда кнопка сохранения передаёт ему ссылку.
For com.deniscerri.ytdl only. Hide its download card and start the handoff in the background.	Только для com.deniscerri.ytdl. Скрывать его карточку загрузки и запускать передачу в фоне.
Forced %1$d gates of %2$d. The rest don't take a true or false value. Restart TikTok to apply this.	Принудительно задано %1$d переключателей из %2$d. Остальные не принимают значение true или false. Перезапустите TikTok, чтобы это применить.
Forced %1$d gates of %2$d. The rest don't take a true or false value. Restart TikTok to apply this.|one	Принудительно задан %1$d переключатель из %2$d. Остальные не принимают значение true или false. Перезапустите TikTok, чтобы это применить.
Forced %1$d gates of %2$d. The rest don't take a true or false value. Restart TikTok to apply this.|few	Принудительно заданы %1$d переключателя из %2$d. Остальные не принимают значение true или false. Перезапустите TikTok, чтобы это применить.
Forced %1$d gates of %2$d. The rest don't take a true or false value. Restart TikTok to apply this.|many	Принудительно задано %1$d переключателей из %2$d. Остальные не принимают значение true или false. Перезапустите TikTok, чтобы это применить.
Forced %1$d gates. Restart TikTok to apply this.	Принудительно задано %1$d переключателей. Перезапустите TikTok, чтобы это применить.
Forced %1$d gates. Restart TikTok to apply this.|one	Принудительно задан %1$d переключатель. Перезапустите TikTok, чтобы это применить.
Forced %1$d gates. Restart TikTok to apply this.|few	Принудительно заданы %1$d переключателя. Перезапустите TikTok, чтобы это применить.
Forced %1$d gates. Restart TikTok to apply this.|many	Принудительно задано %1$d переключателей. Перезапустите TikTok, чтобы это применить.
Forced 1 gate of %2$d. The rest don't take a true or false value. Restart TikTok to apply this.	Принудительно задан 1 переключатель из %2$d. Остальные не принимают значение true или false. Перезапустите TikTok, чтобы это применить.
Forced 1 gate. Restart TikTok to apply this.	Принудительно задан 1 переключатель. Перезапустите TikTok, чтобы это применить.
Forced result	Принудительный результат
Forget seen videos after	Забывать просмотренные видео через
Forget the %1$s seen videos.	Забыть %1$s просмотренных видео.
Forget the %1$s seen videos.|one	Забыть %1$s просмотренное видео.
Forget the %1$s seen videos.|few	Забыть %1$s просмотренных видео.
Forget the %1$s seen videos.|many	Забыть %1$s просмотренных видео.
Forget what has been counted today and end any hold. The budgets themselves are left alone.	Забыть то, что было засчитано сегодня, и снять любую паузу. Сами бюджеты не изменяются.
Friends	Друзья
Full comment sort options	Полный набор вариантов сортировки комментариев
Full license	Полная лицензия
Full report saved to %1$s	Полный отчёт сохранён в %1$s
GIF	GIF
Gate data unavailable	Данные о переключателях недоступны
Gate details	Сведения о переключателе
Generated defaults	Сгенерированные значения по умолчанию
Gestures	Жесты
Ghost mode	Режим призрака
Hand-off	Передача
Handle or id	Имя или ID
Hidden %1$s on this phone	%1$s скрыт на этом телефоне
Hidden commenters	Скрытые комментирующие
Blocked and hidden creators	Заблокированные и скрытые авторы
Hidden: %1$s	Скрыто: %1$s
Hide	Скрыть
Hide AI-generated videos	Скрывать видео, созданные ИИ
Hide CAPTCHA popups	Скрывать всплывающие окна CAPTCHA
Hide LIVE replays	Скрывать повторы LIVE
Hide LIVE videos	Скрывать видео LIVE
Hide Series	Скрывать сериалы
Hide the Tako bubble	Скрывать значок Tako
Hide TikTok Shop	Скрывать TikTok Shop
Hide TikTok Shop posts from the feed.	Скрывать публикации TikTok Shop из ленты.
Shop order updates and coupon messages no longer take up rows in the Inbox. Your orders are unchanged.	Обновления заказов магазина и сообщения о купонах больше не занимают строки во Входящих. Ваши заказы не меняются.
Hide the Tako chat	Скрывать чат Tako
Hide the quick emoji row and automatic sticker suggestions that appear while you type. The emoji and sticker buttons still work.	Скрывать строку быстрых эмодзи и автоматические предложения стикеров, которые появляются при наборе текста. Кнопки эмодзи и стикеров продолжают работать.
Hide activity	Скрывать активность
Hide activity status	Скрывать статус активности
Hide archive	Скрывать архив
Hide bottom tabs TikTok adds later unless you allow them.	Скрывать нижние вкладки, которые TikTok добавляет позже, если вы их не разрешили.
Unavailable on these TikTok builds. All verification challenges stay visible.	Недоступно в этих версиях TikTok. Все проверки остаются видимыми.
Hide buttons in the right column	Скрывать кнопки в правой колонке
Hide comment polls	Скрывать опросы в комментариях
Show poll results before voting	Показывать результаты опроса до голосования
A comment poll shows how many picked each answer before you vote. Tapping an answer still votes.	Опрос в комментарии показывает, сколько человек выбрали каждый ответ, ещё до вашего голоса. Нажатие на ответ по-прежнему засчитывается как голос.
Hide comment popup ads	Скрывать всплывающую рекламу в комментариях
Hide comments made of an image or a sticker instead of words.	Скрывать комментарии в виде картинки или стикера вместо слов.
Hide comments that contain any of the words below, or that come from the accounts below.	Скрывать комментарии, содержащие любое из слов ниже, или оставленные указанными ниже аккаунтами.
Hide controls after each video starts. Tap to restore them.	Скрывать элементы управления после начала каждого видео. Нажмите, чтобы вернуть их.
Hide conversations	Скрывать переписки
Hide every direct message conversation. Leaves the Inbox empty apart from whatever else is still turned on.	Скрывать все переписки в личных сообщениях. Входящие останутся пустыми, если не включено что-то ещё.
Hide the save button on the feed	Скрывать кнопку сохранения в ленте
Hide the search button on the feed	Скрывать кнопку поиска в ленте
Hide the tab names above the feed	Скрывать названия вкладок над лентой
The Following and For You names above the feed go away. Swiping between the feeds and the search button stay as they are.	Названия Подписки и Рекомендации над лентой исчезают. Переключение между лентами свайпом и кнопка поиска остаются как есть.
Hide floating promotion badges, coins, and timer banners on the feed.	Скрывать плавающие рекламные значки, монеты и баннеры таймера в ленте.
Hide floating promotions	Скрывать плавающую рекламу
Hide inserted cards	Скрывать вставленные карточки
Hide message requests	Скрывать запросы на сообщения
Hide message streaks	Скрывать серии сообщений
Hide new follower notifications	Скрывать уведомления о новых подписчиках
Hide new followers	Скрывать новых подписчиков
Hide paid partnerships	Скрывать платные партнёрства
Hide people and options by name	Скрывать людей и варианты по названию
Hide photo posts	Скрывать фотопубликации
Hide picture comments	Скрывать комментарии-картинки
Hide playlist videos	Скрывать видео из плейлистов
Hide promotional music	Скрывать рекламную музыку
Hide comment typing suggestions	Скрывать подсказки при наборе комментария
Hide rows by title	Скрывать строки по названию
Hide the Inbox search button	Скрывать кнопку поиска во Входящих
Hide suggestions on the search page	Скрывать подсказки на странице поиска
Hide sharing apps	Скрывать приложения для «Поделиться»
Hide stories tray	Скрывать панель историй
Hide stories	Скрывать истории
The accounts TikTok suggests you follow no longer take up rows in the Inbox.	Аккаунты, на которые TikTok предлагает подписаться, больше не занимают строки во Входящих.
Hide suggested accounts	Скрывать предложенные аккаунты
Hide surveys	Скрывать опросы
Hide tabs TikTok adds later unless you allow them.	Скрывать вкладки, которые TikTok добавляет позже, если вы их не разрешили.
Hide the "Search this image" prompt shown over videos. The feed search button and suggestions above comments are separate settings.	Скрывать подсказку «Искать по этому изображению» поверх видео. Для кнопки поиска в ленте и подсказок над комментариями есть отдельные настройки.
The Activity row of likes and comments on your posts leaves the Inbox. Notifications about them still arrive.	Строка «Активность» с лайками и комментариями к вашим публикациям исчезает из Входящих. Уведомления о них по-прежнему приходят.
The Archive row leaves the Inbox. Archived chats are kept.	Строка «Архив» исчезает из Входящих. Архивные чаты сохраняются.
Hide the LIVE button	Скрывать кнопку LIVE
Hide the LIVE button in the top left corner of the feed.	Скрывать кнопку LIVE в левом верхнем углу ленты.
Hide LIVE videos from the feed.	Скрывать видео LIVE из ленты.
The Message requests row leaves the Inbox. Requests keep arriving and wait there until you turn this off.	Строка «Запросы на сообщения» исчезает из Входящих. Запросы продолжают поступать и ждут там, пока вы не выключите это.
The New followers row leaves the top of the Inbox. The accounts still follow you.	Строка «Новые подписчики» исчезает сверху Входящих. Аккаунты по-прежнему подписаны на вас.
Hide the Send to row	Скрывать строку «Отправить»
Hide the Tako AI bubble above the profile button, the Ask bar under videos, the Ask Tako button on the search page, the Ask Tako tab on search results and the Tako bar above comments.	Скрывать значок ИИ Tako над кнопкой профиля, строку «Спросить» под видео, кнопку «Спросить Tako» на странице поиска, вкладку «Спросить Tako» в результатах поиска и строку Tako над комментариями.
The Tako assistant's conversation leaves the Inbox list. The Tako bubble on the feed has its own switch under Feed tabs.	Переписка с ассистентом Tako исчезает из списка Входящих. У значка Tako в ленте есть свой переключатель в разделе «Вкладки ленты».
The activity status control leaves the Inbox header. Whether others see you as active is unchanged.	Элемент управления статусом активности исчезает из шапки Входящих. То, видят ли вас другие активным, не меняется.
Hide the add people icon	Скрывать значок добавления людей
The add people icon leaves the Inbox header. Only the shortcut goes, so friend suggestions elsewhere are unchanged.	Значок добавления людей исчезает из шапки Входящих. Пропадает только ярлык, поэтому предложения друзей в других местах не меняются.
Hide the caption	Скрывать подпись
Hide the description under the creator's name on the feed.	Скрывать описание под именем автора в ленте.
Hide the event badge	Скрывать значок события
Hide the floating promotional badge over the feed.	Скрывать плавающий рекламный значок поверх ленты.
Hide the follow button on the feed	Скрывать кнопку «Подписаться» в ленте
Hide the friend recommendation card and the other cards TikTok slots between videos.	Скрывать карточку рекомендации друзей и другие карточки, которые TikTok вставляет между видео.
Hide the launcher shortcuts	Скрывать ярлыки лаунчера
Hide the music line	Скрывать строку музыки
Hide photo posts from the feed.	Скрывать фотопубликации из ленты.
Hide the playlist bar	Скрывать панель плейлиста
Hide the playlist bar along the bottom of videos that belong to a series.	Скрывать панель плейлиста внизу видео, которые относятся к сериалу.
Hide the plus button under the creator's picture in the right column. Ticking Avatar and follow button above hides the picture with it.	Скрывать кнопку «плюс» под фото автора в правой колонке. Если выше отмечен пункт Аватар и кнопка «Подписаться», фото скрывается вместе с ней.
Hide the purple rewards button beside Add friends on your profile.	Скрывать фиолетовую кнопку наград рядом с «Добавить друзей» в вашем профиле.
Hide the question cards TikTok slides over a video near its end.	Скрывать карточки с вопросами, которые TikTok показывает поверх видео ближе к концу.
Hide the rewards shortcut	Скрывать ярлык наград
Hide the right column	Скрывать правую колонку
The row of story avatars across the top of the Inbox goes. Stories still play from the feed and from profiles.	Строка аватаров историй вверху Входящих исчезает. Истории по-прежнему можно смотреть из ленты и с профилей.
Hide the save button in the right column. Ticking Save in the list above hides it too.	Скрывать кнопку сохранения в правой колонке. Если отметить пункт «Сохранить» в списке выше, она тоже скрывается.
Hide the magnifying glass at the top right of the feed. Search in Inbox and suggestions above comments stay unchanged.	Скрывать значок лупы в правом верхнем углу ленты. Поиск во Входящих и подсказки над комментариями не меняются.
Hide the magnifying glass at the top of Inbox. Search on the feed and in comments is unchanged.	Скрывать значок лупы вверху Входящих. Поиск в ленте и в комментариях не меняется.
Hide recommended searches before you type on TikTok's search page. Your search history stays. This doesn't hide suggestions above comments.	Скрывать рекомендованные запросы на странице поиска TikTok, пока вы ничего не ввели. История поиска сохраняется. Это не скрывает подсказки над комментариями.
Hide the share prompt after a like	Скрывать предложение поделиться после лайка
Hide the track name beside the caption.	Скрывать название композиции рядом с подписью.
Hide the status bar	Скрывать строку состояния
Hide stories from the feed.	Скрывать истории из ленты.
Hide the whole column on the right, from the avatar down to the music disc.	Скрывать всю колонку справа, от аватара до музыкального диска.
Hide this creator on this phone	Скрывать этого автора на этом телефоне
Hide verified accounts	Скрывать верифицированные аккаунты
Hide video actions	Скрывать действия под видео
Hide videos with TikTok's AI-generated label, AI content credentials, a TikTok AI effect such as AI Alive, or a tag like #ai or #aigenerated.	Скрывать видео с пометкой TikTok о создании ИИ, ИИ-метаданными C2PA, ИИ-эффектом TikTok вроде AI Alive или хештегом вроде #ai или #aigenerated.
Hide videos marked as paid partnership or branded content.	Скрывать видео с пометкой «платное партнёрство» или «контент от бренда».
Hide videos posted as part of a playlist.	Скрывать видео, опубликованные в составе плейлиста.
Hide videos posted by verified accounts.	Скрывать видео от верифицированных аккаунтов.
Hide videos that belong to a paid Series.	Скрывать видео, которые относятся к платному сериалу.
Hide videos with a lot of views and few comments. Works the same way as views per like. Zero turns it off.	Скрывать видео с большим числом просмотров и малым числом комментариев. Работает так же, как «Просмотров на лайк». Ноль отключает это.
Hide videos with a lot of views and few likes. Lower numbers are stricter, zero turns the rule off, and one video is kept back if everything the feed just sent would go.	Скрывать видео с большим числом просмотров и малым числом лайков. Чем меньше число, тем строже правило; ноль отключает его, а одно видео всегда остаётся, если под правило попадает всё, что только что прислала лента.
Hide videos you have already seen	Скрывать видео, которые вы уже видели
Hide Search this image prompts	Скрывать подсказки «Искать по этому изображению»
Hiding	Скрытие
Highest	Самое высокое
Historical	История
Historical values	Исторические значения
Hold a gate to choose several	Удерживайте переключатель, чтобы выбрать несколько
Hold the feed after the budget	Останавливать ленту после бюджета
Home	Главная
Hook status	Статус перехвата
How far each edge press moves the video.	На сколько каждое нажатие у края сдвигает видео.
Hushfeed can't read the creator pattern %1$s	Hushfeed не может прочитать шаблон автора %1$s
Hushfeed hid a TikTok CAPTCHA. Turn off Hide CAPTCHA popups if something stops working.	Hushfeed скрыл CAPTCHA TikTok. Выключите «Скрывать всплывающие окна CAPTCHA», если что-то перестало работать.
Hushfeed is active	Hushfeed активен
Ignore the creator's choice so the Duet and Stitch entries appear. Everything else the app checks still applies, and whether the upload is accepted is the server's decision.	Игнорировать выбор автора, чтобы пункты Дуэт и Stitch появлялись. Все остальные проверки приложения по-прежнему действуют, а решение о принятии публикации остаётся за сервером.
Import finished	Импорт завершён
Import loaded values	Импортировать загруженные значения
Imported %1$d values	Импортировано значений: %1$d
Imported %1$d values. Undo last Lab change is in the menu.	Импортировано значений: %1$d. Пункт «Отменить последнее изменение Lab» находится в меню.
Inbox	Входящие
Include diagnostic events	Включать диагностические события
Included diagnostics	Включённая диагностика
Includes all diagnostic events.	Включает все диагностические события.
Includes these events: %1$s	Включает следующие события: %1$s
Inserted cards	Вставленные карточки
Keep a local record of what you have watched and hide those videos when the feed sends them again.	Вести локальную запись просмотренного и скрывать эти видео, когда лента присылает их снова.
Keep a paused video paused	Оставлять видео на паузе
Move to the next video when the current one ends. Pauses, open dialogs and screen-time holds stop it. Restart TikTok to apply this.	Переходить к следующему видео, когда текущее заканчивается. Паузы, открытые диалоги и ограничения экранного времени останавливают это. Перезапустите TikTok, чтобы это применить.
Keep captions in clear display	Оставлять субтитры в чистом виде
Keep going	Продолжить
Keep the Favorites tab	Оставлять вкладку Избранное
Keep the clock and status icons off the screen while TikTok is open. Swipe down from the top to peek at them.	Держать часы и значки статуса скрытыми, пока открыт TikTok. Проведите вниз от верхнего края, чтобы увидеть их.
Keep the screen's refresh rate	Сохранять частоту обновления экрана
Keep the speed you chose for the next video. Off, each new video starts at 1x and a manual choice lasts for that video only.	Сохранять выбранную скорость для следующего видео. При выключении каждое новое видео начинается на 1x, а ручной выбор действует только для текущего видео.
Keep this string to %1$s characters or fewer.	Сократите эту строку до %1$s символов или меньше.
Keep this structured value to %1$s KB or less.	Сократите это структурированное значение до %1$s КБ или меньше.
Kept to %1$s, the nearest value this row allows	Ограничено значением %1$s, ближайшим из допустимых для этой строки
Kinds of post	Типы публикаций
LIVE	LIVE
LIVE replays	Повторы LIVE
LIVE settings	Настройки LIVE
LIVE share actions	Действия «Поделиться» в LIVE
LIVE videos	Видео LIVE
Lab data reset. Undo last Lab change is in the menu. Restart TikTok to apply this.	Данные Lab сброшены. Пункт «Отменить последнее изменение Lab» находится в меню. Перезапустите TikTok, чтобы это применить.
Lab data was over its rule limit, so it was cleared without an undo copy. Restart TikTok to apply this.	Данные Lab превысили лимит правил, поэтому они были очищены без копии для отмены. Перезапустите TikTok, чтобы это применить.
Lab overrides reset. Undo last Lab change is in the menu. Restart TikTok to apply this.	Переопределения Lab сброшены. Пункт «Отменить последнее изменение Lab» находится в меню. Перезапустите TikTok, чтобы это применить.
Larger (1.25x)	Крупнее (1,25x)
Last original value	Последнее исходное значение
Last recording: %1$d gates.	Последняя запись: %1$d переключателей.
Last recording: %1$d gates.|one	Последняя запись: %1$d переключатель.
Last recording: %1$d gates.|few	Последняя запись: %1$d переключателя.
Last recording: %1$d gates.|many	Последняя запись: %1$d переключателей.
Last recording: 1 gate.	Последняя запись: 1 переключатель.
Layout	Раскладка
Layout, search, profile and system	Раскладка, поиск, профиль и система
Leave maximum empty to keep it unlimited.	Оставьте максимум пустым, чтобы снять ограничение.
Leave the sound out of the saved video. Save the sound as well still writes the .m4a beside it if you want both.	Не включать звук в сохранённое видео. «Сохранять звук тоже» по-прежнему запишет .m4a рядом, если нужно и то, и другое.
Length and views per like	Длительность и просмотры на лайк
Less than a minute left	Осталось меньше минуты
Let screenshots, screen recording and Circle to Search work on TikTok again. Restart TikTok to apply this.	Снова разрешить скриншоты, запись экрана и Circle to Search в TikTok. Перезапустите TikTok, чтобы это применить.
Let the Offline videos menu use your own limit instead of TikTok's fixed one. Restart TikTok to apply this.	Разрешить меню «Офлайн-видео» использовать ваш собственный лимит вместо фиксированного лимита TikTok. Перезапустите TikTok, чтобы это применить.
Licenses	Лицензии
Like	Лайк
Limits	Лимиты
Link copied	Ссылка скопирована
Links	Ссылки
Links in comments open	Ссылки в комментариях открываются
More opens the comments	«Ещё» открывает комментарии
Tapping more under a video opens its comments with the whole caption at the top instead of spreading the caption over the video. A tap on the caption itself does the same. Photo posts keep TikTok's own page for this.	Нажатие «Ещё» под видео открывает его комментарии с полной подписью сверху, вместо того чтобы растягивать подпись поверх видео. Нажатие на саму подпись делает то же самое. Для фотопубликаций сохраняется собственная страница TikTok.
Caption above comments	Подпись над комментариями
The comment button also opens a video's comments with its caption at the top. The caption over the video goes away while this is on.	Кнопка комментариев тоже открывает комментарии видео с подписью сверху. Подпись поверх видео исчезает, пока это включено.
Loaded current values. Loading all known gates…	Текущие значения загружены. Загрузка всех известных переключателей…
Loaded values are still being read. Try again in a moment.	Загруженные значения всё ещё считываются. Попробуйте снова через минуту.
Loaded-value file export failed	Не удалось экспортировать файл загруженных значений
Loading gates…	Загрузка переключателей…
Creators hidden on this phone	Авторы, скрытые на этом телефоне
Lock today's budget	Зафиксировать сегодняшний бюджет
Logging, hook status and reports	Логирование, статус перехвата и отчёты
Long press	Долгое нажатие
Hold speed on Comment	Скорость удержания на «Комментарии»
A long press on Comment plays the video at the hold speed instead of opening the emoji row. It needs Long press on TikTok default and Seek from the edges off.	Долгое нажатие на «Комментарии» воспроизводит видео на скорости удержания вместо открытия строки эмодзи. Для этого в настройке «Долгое нажатие» должно быть выбрано «Стандарт TikTok», а настройка «Перематывать от краёв экрана» должна быть выключена.
Hold speed on Share	Скорость удержания на «Поделиться»
A long press on Share plays the video at the hold speed instead of opening the quick share row. It needs Long press on TikTok default and Seek from the edges off.	Долгое нажатие на «Поделиться» воспроизводит видео на скорости удержания вместо открытия строки быстрого «Поделиться». Для этого в настройке «Долгое нажатие» должно быть выбрано «Стандарт TikTok», а настройка «Перематывать от краёв экрана» должна быть выключена.
Hold speed on Favorites	Скорость удержания на «Избранное»
A long press on Favorites plays the video at the hold speed instead of offering a new collection. It needs Long press on TikTok default and Seek from the edges off.	Долгое нажатие на «Избранное» воспроизводит видео на скорости удержания вместо предложения новой коллекции. Для этого в настройке «Долгое нажатие» должно быть выбрано «Стандарт TikTok», а настройка «Перематывать от краёв экрана» должна быть выключена.
Lowest	Самое низкое
Make TikTok yours.	Сделайте TikTok своим.
Manager	Менеджер
Marked as not interested	Отмечено как «не интересно»
Match locale and timezone to country	Подстраивать язык и часовой пояс под страну
Maximum	Максимум
Maximum post age	Максимальный возраст публикации
Maximum video length	Максимальная длительность видео
Maximum views per comment	Максимум просмотров на комментарий
Maximum views per like	Максимум просмотров на лайк
Media	Медиа
Media config (VE)	Конфигурация медиа (VE)
Messages, profiles and search still work.	Сообщения, профили и поиск по-прежнему работают.
Microphone in use	Микрофон используется
Comments range	Диапазон комментариев
Favorites range	Диапазон избранного
Likes range	Диапазон лайков
Shares range	Диапазон репостов
Use Save report for this large report	Используйте «Сохранить отчёт» для этого большого отчёта
Video player settings	Настройки видеоплеера
Videos can't be saved to the folder in that file, so your video folder was kept	Видео нельзя сохранить в папку из этого файла, поэтому ваша папка для видео осталась прежней
Views range	Диапазон просмотров
Minimum	Минимум
More options	Дополнительные параметры
Move down	Переместить вниз
Move left	Переместить влево
Move right	Переместить вправо
Move up	Переместить вверх
Music disc	Музыкальный диск
Pauses the video behind the comment sheet while you read. It plays on from the same spot when the sheet closes.	Приостанавливает видео за листом комментариев, пока вы читаете. Оно продолжает воспроизведение с того же места, когда лист закрывается.
Nearby	Рядом
Never from these countries	Никогда из этих стран
No	Нет
No creator to block on this video	В этом видео нет автора для блокировки
No creator to hide on this video	В этом видео нет автора для скрытия
No creators are hidden yet. Hide one from a video, or add a handle above.	Пока нет скрытых авторов. Скройте кого-нибудь из видео или добавьте имя выше.
No current value	Нет текущего значения
No current value and no active override	Нет текущего значения и активного переопределения
No delay	Без задержки
No gate data is available. Refresh values from the menu to try again.	Данные о переключателях недоступны. Обновите значения через меню, чтобы попробовать снова.
No gate reads were recorded. Use a TikTok feature while recording.	Не записано ни одного обращения к переключателям. Используйте функцию TikTok во время записи.
No gates match this filter.	Ни один переключатель не соответствует этому фильтру.
No gates match this search and filter.	Ни один переключатель не соответствует этому поиску и фильтру.
No hidden creators match this search. Clear the search to see them all.	Ни один скрытый автор не соответствует этому поиску. Очистите поиск, чтобы увидеть всех.
No limit	Без ограничений
No matching comments. Try a different word, or clear the search with the X in the box.	Нет подходящих комментариев. Попробуйте другое слово или очистите поиск крестиком в поле.
No matching countries. Try a country name or a two-letter code.	Нет подходящих стран. Попробуйте название страны или двухбуквенный код.
No matching diagnostics found	Подходящая диагностика не найдена
No matching settings	Нет подходящих настроек
No preset selected. Choose a preset above.	Пресет не выбран. Выберите пресет выше.
No recording yet. Start one, use a feature, then return here.	Пока нет записи. Начните её, воспользуйтесь функцией, затем вернитесь сюда.
No seen videos recorded yet.	Пока не записано ни одного просмотренного видео.
No share actions have been seen yet	Пока не замечено ни одного действия «Поделиться»
No share actions match this search	Ни одно действие «Поделиться» не соответствует этому поиску
No sound to block on this video	В этом видео нет звука для блокировки
No suggested accounts to clear	Нет предложенных аккаунтов для очистки
No video selected. Open a video first.	Видео не выбрано. Сначала откройте видео.
None of these gates had an override to reset.	Ни у одного из этих переключателей не было переопределения для сброса.
None of these gates takes a true or false value.	Ни один из этих переключателей не принимает значение true или false.
None recorded	Ничего не записано
Normal	Обычная
Not blocked	Не заблокирован
Not interested in this video	Не интересно
Not read yet	Ещё не прочитано
Not requested in this process yet	Ещё не запрошено в этом процессе
Not saved yet	Ещё не сохранено
Not seen	Не просмотрено
Not seen yet	Ещё не просмотрено
Nothing has been checked yet, so there's nothing to report.	Пока ничего не проверено, поэтому нечего показать в отчёте.
Nothing has been looked up yet. Use the app for a moment, then come back.	Пока ничего не найдено. Воспользуйтесь приложением немного, затем возвращайтесь.
Nothing hidden.	Ничего не скрыто.
Nothing is playing to seek	Нет воспроизведения для перемотки
Nothing new was imported. %1$d already matched, %2$d unavailable, %3$d rejected.	Ничего нового не импортировано. Совпало: %1$d, недоступно: %2$d, отклонено: %3$d.
Nothing new was imported. %1$d already matched, %2$d unavailable, %3$d rejected. First rejection: %4$s	Ничего нового не импортировано. Совпало: %1$d, недоступно: %2$d, отклонено: %3$d. Первое отклонение: %4$s
Nothing on this page changes what TikTok does until they are on.	Ничего на этой странице не влияет на поведение TikTok, пока это не включено.
Nothing to undo yet.	Пока нечего отменять.
Notices from this project and the ones it's built on	Уведомления этого проекта и проектов, на которых он основан
OK	ОК
Off	Выключено
Off forces false, on forces true. Reset hands the choice back to TikTok.	«Выключено» принудительно задаёт false, а «включено» задаёт true. «Сбросить» возвращает выбор TikTok.
Offline videos	Офлайн-видео
Offline videos limit	Лимит офлайн-видео
On mobile data	При мобильном интернете
Once today's budget runs out, the hold stays and can't be dismissed. The budget settings are locked until the day starts over. Turn this off any time before the budget runs out.	Как только сегодняшний бюджет заканчивается, пауза остаётся и её нельзя закрыть. Настройки бюджета заблокированы до начала нового дня. Выключите это в любой момент до исчерпания бюджета.
One area was checked and everything it needs is here.	Один раздел проверен, и всё необходимое на месте.
One minute left	Осталась одна минута
One of the quote marks in that list has nothing to close it, so the rest of the line reads as one phrase. Add the missing quote or take the stray one out.	У одной из кавычек в этом списке нет пары, поэтому остаток строки читается как единая фраза. Добавьте недостающую кавычку или уберите лишнюю.
One value per line	По одному значению в строке
Only bottom tabs TikTok has loaded on this device are shown here. This doesn't force unavailable tabs to appear.	Здесь показаны только нижние вкладки, которые TikTok загрузил на этом устройстве. Это не заставляет появляться недоступные вкладки.
Turn this on while you record logs for a bug report, then turn it off again. While it's on, TikTok can feel slower and may crash.	Включайте это, пока записываете логи для отчёта об ошибке, а затем выключайте снова. Пока это включено, TikTok может работать медленнее и иногда вылетать.
Only fields the Lab can check and copy safely are shown.	Показаны только поля, которые Lab может безопасно проверить и скопировать.
Only from these countries	Только из этих стран
Only tabs TikTok has loaded on this device are shown here. This doesn't force unavailable tabs to appear.	Здесь показаны только вкладки, которые TikTok загрузил на этом устройстве. Это не заставляет появляться недоступные вкладки.
Open a share sheet once, then return here to choose its actions.	Откройте один раз меню «Поделиться», затем вернитесь сюда, чтобы выбрать его действия.
Open comments	Открыть комментарии
Open external links directly	Открывать внешние ссылки напрямую
Open messages	Открыть сообщения
Open profile and story website links in your system browser instead of TikTok's in-app browser.	Открывать веб-ссылки из профилей и историй в системном браузере вместо встроенного браузера TikTok.
Open the feed anyway	Всё равно открыть ленту
Open the feed anyway, %1$d left today	Всё равно открыть ленту, сегодня ещё %1$d
Open the feed anyway, the last time today	Всё равно открыть ленту, сегодня в последний раз
Open the feed once so Hushfeed can see which bottom tabs TikTok loaded.	Откройте ленту один раз, чтобы Hushfeed увидел, какие нижние вкладки загрузил TikTok.
Open the feed once so Hushfeed can see which tabs TikTok loaded.	Откройте ленту один раз, чтобы Hushfeed увидел, какие вкладки загрузил TikTok.
Open the profile again and try once more	Откройте профиль ещё раз и повторите попытку
Open the story again and try once more	Откройте историю ещё раз и повторите попытку
Open TikTok on	Открыть TikTok на
Opens github.com in your browser	Открывает github.com в вашем браузере
Operator code	Код оператора
Operator name	Название оператора
Original language	Язык оригинала
Other	Другое
Other feed filters	Другие фильтры ленты
Overridden	Переопределено
Override	Переопределение
Override SIM details	Переопределять данные SIM
Override set, not read yet	Переопределение задано, ещё не прочитано
Override store region (experimental)	Переопределять регион магазина (экспериментально)
Override this configuration	Переопределить эту конфигурацию
Override this gate	Переопределить этот переключатель
Overrides are disabled in the Feature Gate Lab.	Переопределения отключены в Feature Gate Lab.
Overrides disabled. Restart TikTok to apply this.	Переопределения отключены. Перезапустите TikTok, чтобы это применить.
Overrides enabled. Restart TikTok to apply this.	Переопределения включены. Перезапустите TikTok, чтобы это применить.
Paid partnerships	Платные партнёрства
People, shortcuts and sending controls	Люди, ярлыки и настройки отправки
Photo	Фото
Photo and image posts	Публикации с фото и изображениями
Photo destination	Папка для фото
Photo filename	Имя файла фото
Photos and stickers	Фото и стикеры
Pick the buttons to take off the column. The rest stay where they are.	Выберите кнопки, которые нужно убрать из колонки. Остальные останутся на месте.
Play videos TikTok has classified without the overlay asking to be tapped through first.	Воспроизводить видео, которые TikTok относит к особой категории, без плашки с просьбой сначала подтвердить просмотр.
Playback	Воспроизведение
Player	Плеер
Playlist posts	Публикации из плейлиста
Popular	Популярное
Popups	Всплывающие окна
Press and hold a profile picture to save the full size original to your photo destination.	Нажмите и удерживайте фото профиля, чтобы сохранить оригинал в полном размере в папку для фото.
Press and hold a story to save it. Stories have no save button of their own, and holding one is how TikTok pauses it, so this takes that gesture over.	Нажмите и удерживайте историю, чтобы сохранить её. У историй нет собственной кнопки сохранения, а удержание в TikTok обычно ставит их на паузу, поэтому это действие использует тот же жест.
Press and hold the left or right third of the screen to jump back or forward. The middle third keeps the Long press action.	Нажмите и удерживайте левую или правую треть экрана, чтобы перемотать назад или вперёд. Средняя треть сохраняет действие долгого нажатия.
Privacy	Конфиденциальность
Privacy and system	Конфиденциальность и система
Profile	Профиль
Profile picture saved to %1$s	Фото профиля сохранено в %1$s
Profile share actions	Действия «Поделиться» в профиле
Promotional music	Рекламная музыка
Proof	Подтверждение
Post age	Возраст публикации
Add a search box that filters comments already loaded on this video by text or username. It doesn't search all of TikTok or remove TikTok's suggested-search banner.	Добавляет строку поиска, которая фильтрует уже загруженные комментарии к этому видео по тексту или имени пользователя. Поиск не затрагивает весь TikTok и не убирает баннер TikTok с предложенными запросами.
Pulling down at the top of For You no longer reloads it.	Потягивание вниз наверху «Рекомендаций» больше не обновляет ленту.
Putting the settings back to their defaults	Настройки возвращаются к значениям по умолчанию
Quality	Качество
Quality, files, subtitles and hand-off	Качество, файлы, субтитры и передача
Quality, speed and auto-advance	Качество, скорость и автопереход
Silence the feed while comments are open	Отключать звук ленты, пока открыты комментарии
Reading	Чтение
Recorded gate reads (%1$d)	Зафиксированные обращения к переключателям (%1$d)
Recording gate reads. Use a feature, then return here to stop.	Запись обращений к переключателям идёт. Воспользуйтесь функцией, затем вернитесь сюда, чтобы остановить.
Put back the settings saved before the last restore or reset.	Вернуть настройки, сохранённые перед последним восстановлением или сбросом.
Recovered an interrupted settings change. Restart TikTok to apply this.	Восстановлено прерванное изменение настроек. Перезапустите TikTok, чтобы это применить.
Refresh values	Обновить значения
Region	Регион
Country filters	Фильтры по странам
Remember the last speed	Запоминать последнюю скорость
Remind me every	Напоминать мне каждые
Remove	Удалить
Remove %1$s	Удалить %1$s
Remove all overrides	Удалить все переопределения
Remove feed ads	Убирать рекламу из ленты
Remove feed ads, creator commission posts, paid partnerships, and branded content.	Убирать рекламу из ленты, публикации с комиссией автора, платные партнёрства и брендированный контент.
Hide voting cards and poll results above the comments, including polls that have ended.	Скрывать карточки голосования и результаты опросов над комментариями, включая уже завершённые опросы.
Hide the Share via row.	Скрывать строку «Поделиться через».
Hide the actions row of the share sheet.	Скрывать строку действий в меню «Поделиться».
Hide the row of friends at the top of the share sheet.	Скрывать строку друзей вверху меню «Поделиться».
Remove tracking parameters from shared links.	Удалять параметры отслеживания из ссылок, которыми вы делитесь.
Remove watermark	Убирать водяной знак
Removed %1$s	Удалено: %1$s
Replace values when TikTok asks for them	Подставлять значения, когда их запрашивает TikTok
Report saved to %1$s	Отчёт сохранён в %1$s
Required	Обязательно
Researched	Исследовано
Researched values	Исследованные значения
Reset	Сбросить
Reset %1$d gates of %2$d. Restart TikTok to apply this.	Сброшено %1$d переключателей из %2$d. Перезапустите TikTok, чтобы это применить.
Reset %1$d gates of %2$d. Restart TikTok to apply this.|one	Сброшен %1$d переключатель из %2$d. Перезапустите TikTok, чтобы это применить.
Reset %1$d gates of %2$d. Restart TikTok to apply this.|few	Сброшено %1$d переключателя из %2$d. Перезапустите TikTok, чтобы это применить.
Reset %1$d gates of %2$d. Restart TikTok to apply this.|many	Сброшено %1$d переключателей из %2$d. Перезапустите TikTok, чтобы это применить.
Reset %1$d gates. Restart TikTok to apply this.	Сброшено %1$d переключателей. Перезапустите TikTok, чтобы это применить.
Reset %1$d gates. Restart TikTok to apply this.|one	Сброшен %1$d переключатель. Перезапустите TikTok, чтобы это применить.
Reset %1$d gates. Restart TikTok to apply this.|few	Сброшено %1$d переключателя. Перезапустите TikTok, чтобы это применить.
Reset %1$d gates. Restart TikTok to apply this.|many	Сброшено %1$d переключателей. Перезапустите TikTok, чтобы это применить.
Reset 1 gate of %2$d. Restart TikTok to apply this.	Сброшен 1 переключатель из %2$d. Перезапустите TikTok, чтобы это применить.
Reset 1 gate. Restart TikTok to apply this.	Сброшен 1 переключатель. Перезапустите TikTok, чтобы это применить.
Reset override	Сбросить переопределение
Reset position	Сбросить положение
Reset settings	Сбросить настройки
Restart now	Перезапустить сейчас
Restart TikTok to apply %1$d changes	Перезапустите TikTok, чтобы применить %1$d изменений
Restart TikTok to apply %1$d changes|one	Перезапустите TikTok, чтобы применить %1$d изменение
Restart TikTok to apply %1$d changes|few	Перезапустите TikTok, чтобы применить %1$d изменения
Restart TikTok to apply %1$d changes|many	Перезапустите TikTok, чтобы применить %1$d изменений
Restart TikTok to apply this change	Перезапустите TikTok, чтобы применить это изменение
Restart TikTok to apply this.	Перезапустите TikTok, чтобы это применить.
Restart pending	Перезапуск ожидается
Put every setting back to its default straight away. Your current settings are kept for Undo.	Сразу вернуть все настройки к значениям по умолчанию. Текущие настройки сохраняются для отмены действия.
Restore failed. Some settings may still be changed.	Восстановление не удалось. Некоторые настройки могут остаться изменёнными.
Reset didn't finish. Some settings may still be changed. Use Undo to put them back.	Сброс не завершился. Некоторые настройки могут остаться изменёнными. Используйте «Отменить», чтобы вернуть их обратно.
Reset didn't finish. Some settings may still be changed.	Сброс не завершился. Некоторые настройки могут остаться изменёнными.
Undo didn't finish. Some settings may still be changed. Try Undo again.	Отмена не завершилась. Некоторые настройки могут остаться изменёнными. Повторите отмену ещё раз.
Undo didn't finish. Some settings may still be changed.	Отмена не завершилась. Некоторые настройки могут остаться изменёнными.
Restore failed. Some settings may still be changed. Use Undo to put them back.	Восстановление не удалось. Некоторые настройки могут остаться изменёнными. Используйте «Отменить», чтобы вернуть их обратно.
Restore settings	Восстановить настройки
Lab settings put back. Restart TikTok to apply this.	Настройки Lab возвращены. Перезапустите TikTok, чтобы это применить.
Restoring your settings	Настройки восстанавливаются
Resume videos after scrolling	Возобновлять видео после прокрутки
Retry	Повторить
Return a copy with the fields below changed	Вернуть копию с изменёнными ниже полями
Return after using a TikTok feature to see every gate read during the recording.	Вернитесь сюда после использования функции TikTok, чтобы увидеть все обращения к переключателям за время записи.
Returns %1$s	Возвращает %1$s
Right column	Правая колонка
Rows	Строки
SIM country preset	Предустановка страны SIM
STEM	STEM
Sanitize sharing links	Очищать ссылки при отправке
Save	Сохранить
Save SRT files with the video. They go to Movies on Android 11+, Download on Android 10, and your video folder on older versions. On Android 11+ with Save details on, the video moves to Download or Documents and the SRT files stay in Movies.	Сохранять файлы SRT вместе с видео. Они сохраняются в Movies на Android 11+, в Download на Android 10 и в папку с видео на более старых версиях. На Android 11+ при включённой функции «Сохранять детали рядом с видео» видео перемещается в Download или Documents, а файлы SRT остаются в Movies.
Save a profile picture on a long press	Сохранять фото профиля долгим нажатием
Save a story on a long press	Сохранять историю долгим нажатием
Save every photo in the post at full size as a JPEG, not as the screen shows it.	Сохранять каждое фото публикации в полном размере в формате JPEG, а не как оно показано на экране.
Save field values	Сохранить значения полей
Save full report	Сохранить полный отчёт
Save media	Сохранение медиафайлов
Save Hushfeed settings and Feature Gate Lab rules to a JSON file.	Сохранить настройки Hushfeed и правила Feature Gate Lab в файл JSON.
Save subtitles beside videos	Сохранять субтитры рядом с видео
Save the latest available TikTok crash report for diagnostic export.	Сохранить последний доступный отчёт о сбое TikTok для диагностического экспорта.
Save the original sound	Сохранять оригинальный звук
Save the sound as well	Сохранять звук тоже
Save videos without sound	Сохранять видео без звука
Save, restore, reset and undo your settings	Сохранение, восстановление, сброс и отмена настроек
Saved	Сохранено
Saved %1$s	Сохранено: %1$s
Saved %1$s of %2$s photos before the story failed	Сохранено %1$s из %2$s фото, прежде чем история завершилась с ошибкой
Saved %1$s original photos	Сохранено %1$s оригинальных фото
Saved %1$s original photos|one	Сохранено %1$s оригинальное фото
Saved %1$s original photos|few	Сохранено %1$s оригинальных фото
Saved %1$s original photos|many	Сохранено %1$s оригинальных фото
Saved one original photo	Сохранено одно оригинальное фото
Saved, override off	Сохранено, переопределение выключено
Saved. Restart TikTok to apply this.	Сохранено. Перезапустите TikTok, чтобы это применить.
Saving	Сохранение
Saving %1$s original photos	Сохраняется %1$s оригинальных фото
Saving %1$s original photos|one	Сохраняется %1$s оригинальное фото
Saving %1$s original photos|few	Сохраняются %1$s оригинальных фото
Saving %1$s original photos|many	Сохраняется %1$s оригинальных фото
Saving one original photo	Сохраняется одно оригинальное фото
Saving settings backup	Сохранение резервной копии настроек
Saving the sticker	Стикер сохраняется
Saving the story	История сохраняется
Saving the sound	Звук сохраняется
Saving the profile picture	Фото профиля сохраняется
Saving the live photo's clip	Клип live-фото сохраняется
Screen time	Экранное время
Search	Поиск
Search by name, description or category.	Поиск по имени, описанию или категории.
Search and override gates	Поиск и переопределение переключателей
Search countries or operators	Поиск по странам или операторам
Search hidden creators	Поиск по скрытым авторам
Search settings	Поиск по настройкам
Search share actions	Поиск по действиям «Поделиться»
Search within comments	Поиск по комментариям
Search these comments	Поиск по этим комментариям
Search translated titles and descriptions, then open the original setting.	Искать по переведённым заголовкам и описаниям, а затем открывать нужную настройку.
Ask TikTok for search results that aren't personalized to your account. This changes results, not search buttons or suggestions.	Запрашивать у TikTok результаты поиска, не персонализированные под ваш аккаунт. Это меняет результаты, а не кнопки поиска или подсказки.
Search by name or gate key	Поиск по названию или ключу переключателя
Seconds. Zero keeps every length. If everything the feed just sent would be filtered out, the video closest to your limit is kept so the feed isn't empty.	Секунды. Ноль сохраняет любую длину. Если бы всё, что лента только что прислала, оказалось отфильтровано, остаётся видео, ближе всего подходящее к вашему лимиту, чтобы лента не была пустой.
Seek by	Перемотка на
Seek from the edges	Перематывать от краёв экрана
Seen	Просмотрено
Seen this session	Просмотрено в этом сеансе
Seen videos	Просмотренные видео
Seen videos cleared. You can undo until TikTok closes.	Просмотренные видео очищены. Вы можете отменить это, пока TikTok не закрыт.
Seen videos put back	Просмотренные видео возвращены
Select	Выбрать
Select at least one field.	Выберите хотя бы одно поле.
Select every tab	Выбрать все вкладки
Selected	Выбрано
Send links to another app	Отправлять ссылки в другое приложение
Sending feedback	Отправка отзыва
Series posts	Публикации из сериала
Settings	Настройки
Settings are back to their defaults. Restart TikTok to apply all changes.	Настройки возвращены к значениям по умолчанию. Перезапустите TikTok, чтобы применить все изменения.
Settings backup saved	Резервная копия настроек сохранена
Settings couldn't open	Не удалось открыть настройки
Settings couldn't refresh completely. Reopen settings and try again.	Не удалось полностью обновить настройки. Откройте настройки заново и повторите попытку.
Settings restored. Restart TikTok to apply all changes.	Настройки восстановлены. Перезапустите TikTok, чтобы применить все изменения.
Settings restored. The Feature Gate Lab rules were for another TikTok version and were left out. Restart TikTok to apply all changes.	Настройки восстановлены. Правила Feature Gate Lab относились к другой версии TikTok и были пропущены. Перезапустите TikTok, чтобы применить все изменения.
Share	Поделиться
Hide share actions	Скрывать действия «Поделиться»
Share links through another host	Делиться ссылками через другой хост
Share sheet	Меню «Поделиться»
Shop	Shop
Shop posts	Публикации Shop
Show	Отображение
Show @username beside a video instead of the display name the creator chose.	Показывать @имя_пользователя рядом с видео вместо отображаемого имени, которое выбрал автор.
Show search in LIVE	Показывать поиск в LIVE
Show TikTok's feed buttons	Показывать кнопки ленты TikTok
Show TikTok's own progress bar on videos where it's normally hidden.	Показывать собственную полосу прогресса TikTok на видео, где она обычно скрыта.
Show TikTok's own sort sheet on every post, with its hot, newest, media and creator options, instead of whichever cut-down row your account was given. Restart TikTok to apply this. It reads the style once per run and remembers it.	Показывать собственное меню сортировки TikTok на каждой публикации, с вариантами «Популярное», «Новое», «Медиа» и «Автор», вместо урезанной строки, которую получил ваш аккаунт. Перезапустите TikTok, чтобы это применить. Стиль считывается один раз за сеанс и запоминается.
Show the search entry inside TikTok's LIVE drawer, where available. This doesn't add a search box to video comments.	Показывать поле поиска в шторке LIVE от TikTok, где это доступно. Это не добавляет поле поиска в комментарии к видео.
Show a video preview thumbnail while dragging the progress bar.	Показывать превью видео при перетаскивании полосы прогресса.
Show the block button on videos	Показывать кнопку блокировки на видео
Show the block sound button	Показывать кнопку блокировки звука
Show failures on screen	Показывать ошибки на экране
Show gates	Показывать переключатели
Show last report	Показать последний отчёт
Show the hide button on videos	Показывать кнопку скрытия на видео
Show the Not interested button	Показывать кнопку «Не интересно»
Mute feed videos	Отключать звук видео в ленте
Muted	Звук выключен
Sound on	Звук включён
Sound	Звук
Play feed videos without sound and leave the phone's volume alone. Music from another app keeps playing while it's on. DMs, stories and LIVE keep their sound.	Воспроизводить видео в ленте без звука, не трогая громкость телефона. Музыка из другого приложения продолжает играть, пока это включено. Личные сообщения, истории и LIVE сохраняют свой звук.
Show the mute button on videos	Показывать кнопку отключения звука на видео
Add a button beside the block control that turns the feed's sound off and on.	Добавлять рядом с кнопкой блокировки кнопку, включающую и выключающую звук ленты.
Show the country a video was posted from next to the creator's name.	Показывать страну, откуда опубликовано видео, рядом с именем автора.
Show the current spoken caption while the other controls are hidden.	Показывать текущую произносимую строку субтитров, пока остальные элементы управления скрыты.
Show the handle instead of the name	Показывать @имя вместо отображаемого имени
Show the progress bar	Показывать полосу прогресса
Show the progress bar thumbnail	Показывать превью на полосе прогресса
Show the whole Activity and New followers lists instead of stopping at a View all button.	Показывать списки «Активность» и «Новые подписчики» целиком, не останавливаясь на кнопке «Смотреть все».
Show the whole video instead of cropping it to the window. Nothing changes on a tall phone, where it already fits. On a folding phone opened up, a squarer screen or a split view the sides or the ends stop being cut off.	Показывать видео целиком, не обрезая его по размеру окна. На вытянутом телефоне, где оно и так помещается, ничего не меняется. На развёрнутом складном телефоне, более квадратном экране или в режиме разделённого экрана края или концы видео перестают обрезаться.
Show what is left of the budget	Показывать остаток бюджета
Show when the camera or microphone is in use	Показывать, когда используется камера или микрофон
Show where a video was posted	Показывать, откуда опубликовано видео
Showing %1$s again	%1$s снова показывается
Hide videos with blocked sounds	Скрывать видео с заблокированными звуками
Skip content warnings	Пропускать предупреждения о контенте
Hide recorded LIVE broadcasts from the feed.	Скрывать записанные трансляции LIVE из ленты.
Hide videos marked as using promotional music.	Скрывать видео, помеченные как использующие рекламную музыку.
Hide videos that use a sound blocked with the player's sound button, or named below.	Скрывать видео, использующие звук, заблокированный кнопкой звука в плеере, или указанный ниже.
Skipping videos with %1$s	Пропуск видео с %1$s
Something is missing from %1$s. Tap for the whole report.	В %1$s чего-то не хватает. Нажмите, чтобы увидеть полный отчёт.
Sound link copied	Ссылка на звук скопирована
Sound saved to %1$s	Звук сохранён в %1$s
Source	Источник
Speed	Скорость
Speed menu choices	Варианты в меню скорости
Split comment minimum width	Минимальная ширина для разделения комментариев
Start each new video at your default. A manual choice lasts until the video changes.	Начинать каждое новое видео со значения по умолчанию. Выбор вручную действует до смены видео.
Start feature gate recording	Начать запись переключателей
Start recording	Начать запись
Start the day at	День начинается в
Start today over	Начать сегодняшний день заново
Sticker	Стикер
Sticker destination	Папка для стикеров
Sticker saved to %1$s	Стикер сохранён в %1$s
Still here. Nothing is waiting.	Всё ещё здесь. Ничего не ожидает.
Still reading the record. Tap again in a moment.	Запись всё ещё читается. Нажмите ещё раз через момент.
Still saving the last one	Последнее всё ещё сохраняется
The last one is still waiting to start	Последнее всё ещё ожидает начала
Stop ByteDance AppLog events, AppsFlyer attribution, explicit Firebase screen reports and crash reporting from being sent. TikTok's own diagnostics go quiet with them.	Останавливать отправку событий ByteDance AppLog, атрибуции AppsFlyer, явных отчётов об экранах Firebase и отчётов о сбоях. Вместе с ними замолкает и собственная диагностика TikTok.
Stop TikTok asking the screen to run at the frame rate of the video it's playing. On a 90 or 120 Hz phone that ask slows the whole app down to the video's rate, scrolling included.	Не позволять TikTok запрашивать у экрана частоту обновления видео, которое воспроизводится. На телефоне с экраном 90 или 120 Гц такой запрос замедляет всё приложение до частоты видео, включая прокрутку.
Stop TikTok listening to the accelerometer, gyroscope, magnetometer and the other motion sensors it uses to fingerprint the phone.	Не позволять TikTok слушать акселерометр, гироскоп, магнитометр и другие датчики движения, которые он использует для идентификации телефона.
Stop TikTok reading what you copied. Copying a link from TikTok still works.	Не позволять TikTok читать то, что вы скопировали. Копирование ссылки из TikTok по-прежнему работает.
Stop a long press on Like from opening TikTok's repost action.	Не позволять долгому нажатию на «Нравится» открывать репост TikTok.
Stop a long press on Share from opening TikTok's quick share action.	Не позволять долгому нажатию на «Поделиться» открывать быструю отправку TikTok.
Stop feature gate recording	Остановить запись переключателей
Stop the brand animation that plays over the comments when what someone typed matches an advertiser's trigger.	Останавливать анимацию бренда, которая проигрывается поверх комментариев, когда написанное кем-то совпадает с триггерной фразой рекламодателя.
Stop the bubble that asks you to share a video with friends after you like it.	Останавливать всплывающую подсказку, которая предлагает поделиться видео с друзьями после того, как вы его лайкнули.
Keep websites outside TikTok from using its connection back into the app. TikTok pages such as Activity center, Watch history, shop checkout and CAPTCHA keep working.	Запрещать сайтам за пределами TikTok использовать его обратное подключение к приложению. Такие страницы TikTok, как центр активности, история просмотров, оформление заказа в Shop и CAPTCHA, продолжают работать.
Stop video looping	Останавливать зацикливание видео
Stop videos at the end instead of replaying them.	Останавливать видео в конце вместо повторного воспроизведения.
Stopped after dismissing %1$s suggested accounts	Остановлено после %1$s отклонённых предложенных аккаунтов
Stopped after dismissing one suggested account	Остановлено после одного отклонённого предложенного аккаунта
Stories	Истории
Story saved to %1$s	История сохранена в %1$s
Structured value observed	Обнаружено структурированное значение
Subtitle language	Язык субтитров
Subtitles	Субтитры
System	Система
Feed tabs to keep	Вкладки ленты, которые нужно оставить
Hide the streak button in a chat and the reminder message that goes with it.	Скрывать кнопку серии в чате и напоминание, которое к ней прилагается.
Tap a comment's heart twice within %1$d seconds. A double tap on the comment needs a second one too. Removing a like stays immediate.	Дважды нажмите на сердечко комментария в течение %1$d секунд. Двойное нажатие на сам комментарий тоже потребует повтора. Снятие лайка остаётся мгновенным.
Tap a story's heart twice within %1$d seconds. Removing a like stays immediate.	Дважды нажмите на сердечко истории в течение %1$d секунд. Снятие лайка остаётся мгновенным.
Tap Repost on the bar under a video twice within %1$d seconds. A repost with a note is left alone.	Дважды нажмите «Репост» на панели под видео в течение %1$d секунд. Репоста с подписью это не касается.
Tap again to follow	Нажмите ещё раз, чтобы подписаться
Tap again to like	Нажмите ещё раз, чтобы лайкнуть
Tap again to repost	Нажмите ещё раз, чтобы сделать репост
Tap the feed Follow button twice within %1$d seconds.	Дважды нажмите кнопку «Подписаться» в ленте в течение %1$d секунд.
Tap the like heart twice within %1$d seconds. Removing a like stays immediate.	Дважды нажмите на сердечко лайка в течение %1$d секунд. Снятие лайка остаётся мгновенным.
Tap to start the feed	Нажмите, чтобы запустить ленту
Technical details	Технические сведения
Technical details, %1$s	Технические сведения, %1$s
That backup was written by a newer Hushfeed than this one. Nothing was altered.	Эта резервная копия создана более новой версией Hushfeed, чем эта. Ничего не изменено.
That creator is already in the list	Этот автор уже есть в списке
That creator pattern is too long to use, so it was skipped: %1$s	Этот шаблон автора слишком длинный, поэтому он пропущен: %1$s
That creator pattern is too long, so it wasn't added: %1$s	Этот шаблон автора слишком длинный, поэтому он не добавлен: %1$s
That file isn't a loaded-values export, or it's larger than the Lab accepts	Этот файл не является экспортом загруженных значений или превышает размер, который принимает Lab
That file isn't readable text, so it may have been damaged in transit. Nothing was altered.	Этот файл не является читаемым текстом и мог быть повреждён при передаче. Ничего не изменено.
That file is too large to be a settings backup. Nothing was altered.	Этот файл слишком большой для резервной копии настроек. Ничего не изменено.
That folder name has a character Android doesn't allow. Use letters, numbers, spaces or dashes.	В названии папки есть символ, который не разрешён в Android. Используйте буквы, цифры, пробелы или дефисы.
That is %1$d minutes today	Это %1$d минут сегодня
That is %1$d minutes today|one	Это %1$d минута сегодня
That is %1$d minutes today|few	Это %1$d минуты сегодня
That is %1$d minutes today|many	Это %1$d минут сегодня
That is %1$d videos today	Это %1$d видео сегодня
That is %1$d videos today|one	Это %1$d видео сегодня
That is %1$d videos today|few	Это %1$d видео сегодня
That is %1$d videos today|many	Это %1$d видео сегодня
That isn't a Hushfeed settings backup. Nothing was altered.	Это не резервная копия настроек Hushfeed. Ничего не изменено.
That isn't an app name. Try something like com.example.downloader, or leave the box empty to keep saving in TikTok.	Это не имя приложения. Попробуйте что-то вроде com.example.downloader или оставьте поле пустым, чтобы сохранение продолжало идти в TikTok.
That is one minute today	Это одна минута сегодня
That is one video today	Это одно видео сегодня
That list has too many entries. Keep it to %1$s or fewer.	В этом списке слишком много записей. Ограничьте его %1$s или меньше.
That list is too large. Keep it to %1$s KB or less.	Этот список слишком большой. Ограничьте его %1$s КБ или меньше.
That preset isn't recognized. Choose another.	Эта предустановка не распознана. Выберите другую.
That settings backup contains a feed rule list larger than Hushfeed accepts. Nothing was altered.	Эта резервная копия настроек содержит список правил ленты, превышающий размер, который принимает Hushfeed. Ничего не изменено.
That settings backup holds a value Hushfeed can't read. Nothing was altered.	Эта резервная копия настроек содержит значение, которое Hushfeed не может прочитать. Ничего не изменено.
That settings backup holds more Feature Gate Lab rules than the Lab takes. Nothing was altered.	Эта резервная копия настроек содержит больше правил Feature Gate Lab, чем принимает Lab. Ничего не изменено.
That settings backup is damaged or only partly downloaded. Nothing was altered.	Эта резервная копия настроек повреждена или загружена только частично. Ничего не изменено.
That settings backup is incomplete, so it may have been cut short. Nothing was altered.	Эта резервная копия настроек неполная и могла быть обрезана. Ничего не изменено.
That settings change didn't go through. Nothing was altered.	Это изменение настроек не прошло. Ничего не изменено.
That sticker is in a format Hushfeed can't read	Этот стикер в формате, который Hushfeed не может прочитать
The Lab can't check this. TikTok gets it exactly as typed.	Lab не может это проверить. TikTok получает именно то, что вы ввели.
The Lab couldn't open. Go back and open it again.	Не удалось открыть Lab. Вернитесь назад и откройте его ещё раз.
The Lab keeps at most %1$s rules. This change would make %2$s, so nothing was changed.	Lab хранит не более %1$s правил. После этого изменения их стало бы %2$s, поэтому ничего не изменено.
The catalog says this key is %1$s and this override is %2$s. Reset the override and make a new one.	Каталог указывает для этого ключа значение %1$s, а для этого переопределения значение %2$s. Сбросьте переопределение и создайте новое.
The diagnostic report couldn't be saved yet. Try again in a moment.	Диагностический отчёт пока не удалось сохранить. Повторите попытку через момент.
The diagnostic report couldn't be saved. Try again.	Не удалось сохранить диагностический отчёт. Повторите попытку.
The downloader app you chose isn't installed. Check Send links to another app under Downloads.	Выбранное приложение-загрузчик не установлено. Проверьте «Отправлять ссылки в другое приложение» в разделе «Загрузки».
The feed dims over the last three quarters of a minute before the hold, so you arrive at it rather than land on it. Needs a time budget and a hold to arrive at.	Лента гаснет в последние три четверти минуты перед паузой, чтобы вы пришли к ней, а не упёрлись в неё внезапно. Нужны лимит времени и пауза, до которой можно дойти.
The feed doesn't end. This is a fine time to leave it.	Лента не заканчивается. Сейчас как раз подходящий момент, чтобы её покинуть.
The feed is open again	Лента снова открыта
The feed waits for one tap before it starts playing again when you come back to the app. Messages, profiles and search are still one tap away.	Лента ждёт одного нажатия, прежде чем снова начать воспроизведение, когда вы возвращаетесь в приложение. Сообщения, профили и поиск по-прежнему в одном нажатии от вас.
The hour both budgets reset, on a 24 hour clock. Four in the morning by default, because someone still scrolling at one is having last night.	Час, когда сбрасываются оба лимита, по 24-часовому формату. По умолчанию четыре утра, потому что тот, кто всё ещё листает ленту в час ночи, всё ещё живёт вчерашним вечером.
Last change put back. Restart TikTok to apply all changes.	Последнее изменение возвращено. Перезапустите TikTok, чтобы применить все изменения.
Last change put back. The Feature Gate Lab rules were for another TikTok version and were left out. Restart TikTok to apply all changes.	Последнее изменение возвращено. Правила Feature Gate Lab относились к другой версии TikTok и были пропущены. Перезапустите TikTok, чтобы применить все изменения.
Show only videos with this many comments.	Показывать только видео с таким количеством комментариев.
Show only videos with this many favorites.	Показывать только видео с таким количеством добавлений в избранное.
Show only videos with this many likes.	Показывать только видео с таким количеством лайков.
Show only videos with this many shares.	Показывать только видео, которыми поделились столько раз.
Show only videos with this many views.	Показывать только видео с таким количеством просмотров.
The original photos aren't available, so TikTok's own save runs instead	Оригинальные фото недоступны, поэтому вместо этого используется сохранение средствами TikTok
The original photos aren't available. No video was saved.	Оригинальные фото недоступны. Видео не было сохранено.
The override changes no fields. Edit the field values, or reset the override.	Это переопределение не меняет ни одного поля. Измените значения полей или сбросьте переопределение.
The override couldn't be applied: %1$s. Edit the field values, or reset the override.	Не удалось применить переопределение: %1$s. Измените значения полей или сбросьте переопределение.
The override doesn't say what list to return. Edit the field values, or reset the override.	Переопределение не указывает, какой список возвращать. Измените значения полей или сбросьте переопределение.
The profile picture couldn't be saved. Try again.	Не удалось сохранить фото профиля. Повторите попытку.
The record of an interrupted settings change couldn't be read, so it was set aside. Check your settings.	Запись о прерванном изменении настроек не удалось прочитать, поэтому она отложена. Проверьте свои настройки.
The report couldn't be saved. Try again.	Не удалось сохранить отчёт. Повторите попытку.
The loaded-values file you chose couldn't be read. Try again.	Не удалось прочитать выбранный файл загруженных значений. Повторите попытку.
The setting couldn't finish updating. Its saved value is shown.	Настройка не смогла полностью обновиться. Показано её сохранённое значение.
The settings backup was rejected. Nothing was altered.	Резервная копия настроек отклонена. Ничего не изменено.
The smallest value is above the largest	Наименьшее значение больше наибольшего
The sound couldn't be saved. Try again.	Не удалось сохранить звук. Повторите попытку.
The sticker couldn't be saved. Try again.	Не удалось сохранить стикер. Повторите попытку.
The story couldn't be saved. Try again.	Не удалось сохранить историю. Повторите попытку.
The thumbs down on each comment blocks the commenter instead of disliking. The comment dims, an undo banner follows, and a second tap unblocks.	Палец вниз на любом комментарии блокирует автора комментария вместо того, чтобы выразить «не нравится». Комментарий гаснет, появляется баннер отмены, а повторное нажатие снимает блокировку.
The video couldn't be saved. Try again, or choose Automatic.	Не удалось сохранить видео. Повторите попытку или выберите «Автоматически».
There is no Lab change to undo.	Нет изменений Lab, которые можно было бы отменить.
There is no diagnostic data to clear	Нет диагностических данных для очистки
There is no diagnostic data to put back	Нет диагностических данных для восстановления
There was nothing to put back	Нечего было возвращать
These loaded values are for a different TikTok version.	Эти загруженные значения относятся к другой версии TikTok.
This catalog entry is no longer available. Refresh the Lab and try again.	Эта запись каталога больше не доступна. Обновите Lab и повторите попытку.
This change couldn't be saved. Try again.	Не удалось сохранить это изменение. Повторите попытку.
This configuration has no fields that can be copied and changed safely on this build.	В этой конфигурации нет полей, которые можно безопасно скопировать и изменить в этой сборке.
This file has more loaded values than the Lab takes at once.	В этом файле больше загруженных значений, чем Lab принимает за один раз.
This file has no loaded values in it.	В этом файле нет загруженных значений.
This file isn't a loaded-values export from the Feature Gate Lab.	Этот файл не является экспортом загруженных значений из Feature Gate Lab.
This gate type isn't supported.	Этот тип переключателя не поддерживается.
This line opens a rule and doesn't finish it: %1$s. Write two phrases as "a" & "b" for both, or "a" !& "b" for the first without the second.	Эта строка начинает правило и не завершает его: %1$s. Запишите две фразы как "a" & "b", чтобы совпадали обе, или как "a" !& "b", чтобы совпадала первая без второй.
This phone has no file picker, so there's no way to choose a file here	На этом телефоне нет выбора файлов, поэтому выбрать файл здесь невозможно
This phone has no folder picker. Type the folder into the row instead.	На этом телефоне нет выбора папки. Введите папку в строку вручную.
This profile picture isn't available to save	Это фото профиля недоступно для сохранения
This quality isn't available as a complete file, so TikTok's own save runs instead	Это качество недоступно в виде полного файла, поэтому вместо этого используется сохранение средствами TikTok
This setting's value can't be copied on this build, so it can't be overridden. Reset the override.	Значение этой настройки нельзя скопировать в этой сборке, поэтому его нельзя переопределить. Сбросьте переопределение.
This story isn't available to save	Эта история недоступна для сохранения
This value is required.	Это значение обязательно.
This video has no link to copy	У этого видео нет ссылки для копирования
This video has no link to send, so TikTok's own save runs instead	У этого видео нет ссылки для отправки, поэтому вместо этого используется сохранение средствами TikTok
This video has no original sound to save	У этого видео нет оригинального звука для сохранения
This video has no sound of its own	У этого видео нет собственного звука
Thumbs down blocks the commenter	Палец вниз блокирует автора комментария
TikTok default	Стандарт TikTok
TikTok default (hold to speed up, quick share)	Стандарт TikTok (удержание ускоряет, быстрая отправка)
TikTok didn't block %1$s. Try again in a moment.	TikTok не заблокировал %1$s. Повторите попытку через момент.
TikTok didn't unblock %1$s. Try again in a moment.	TikTok не снял блокировку с %1$s. Повторите попытку через момент.
TikTok didn't accept the feedback. Try again later.	TikTok не принял отзыв. Повторите попытку позже.
TikTok hasn't handed this setting an object to change yet. Open the part of the app that uses it, then come back.	TikTok ещё не передал этой настройке объект для изменения. Откройте ту часть приложения, где она используется, и вернитесь сюда.
TikTok read it	TikTok прочитал его
TikTok read it, but the override couldn't be applied. Reset it and save it again.	TikTok прочитал его, но переопределение не удалось применить. Сбросьте его и сохраните заново.
TikTok refused the follow: %1$s	TikTok отклонил подписку: %1$s
TikTok's own value	Собственное значение TikTok
TikTok's play and pause button and its previous and next buttons appear on the feed. TikTok otherwise shows them only to people who use a screen reader. TikTok's analytics note the row and each press on it.	Кнопка воспроизведения и паузы TikTok, а также кнопки предыдущего и следующего видео появляются в ленте. В остальных случаях TikTok показывает их только людям, использующим программы чтения с экрана. Аналитика TikTok фиксирует эту панель и каждое нажатие на ней.
TikTok's server can put an account into an experiment that empties the Favorites tab on your profile. Keep the tab and its saved videos.	Сервер TikTok может включить аккаунт в эксперимент, который опустошает вкладку «Избранное» в профиле. Сохранять вкладку и сохранённые в ней видео.
TikTok's size	Размер TikTok
Times you can open the feed anyway	Сколько раз можно всё равно открыть ленту
Wait a day to loosen the budget	Ждать день перед тем, как ослабить лимит
A change that loosens the budget waits until the day starts over and one that tightens it applies at once. A higher budget or no budget loosens it. So do a shorter hold and more times to open the feed anyway. Moving the hour the day starts and turning this off wait too. A restored backup follows the same rule and Start today over is off while this is on.	Изменение, которое ослабляет лимит, ждёт начала нового дня, а то, которое ужесточает его, применяется сразу. Более высокий лимит или его отсутствие ослабляют ограничение. То же самое делают более короткая пауза и увеличение числа «всё равно открыть ленту». Перенос часа начала дня и отключение этой функции тоже ждут. Восстановленная резервная копия подчиняется тому же правилу, а «Начать сегодняшний день заново» отключено, пока включено это.
Changes to %1$s at %2$s	Изменится на %1$s в %2$s
Turns off at %1$s	Выключится в %1$s
That loosens the budget. It waits until %1$s.	Это ослабляет лимит. Вступит в силу не раньше %1$s.
Today can't start over while Wait a day to loosen the budget is on. The day starts over at %1$s.	Сегодняшний день не может начаться заново, пока включено «Ждать день перед тем, как ослабить лимит». День начнётся заново в %1$s.
Wait a day to loosen the budget is on, so Hushfeed stays on	«Ждать день перед тем, как ослабить лимит» включено, поэтому Hushfeed остаётся включённым
Today has moved on, so there's nothing to put back	Сегодняшний день уже сменился, поэтому возвращать нечего
Today is back where it was	Сегодняшний день возвращён в прежнее состояние
Today started over. Tap again to put the counts back.	Сегодняшний день начался заново. Нажмите ещё раз, чтобы вернуть счётчики.
Today starts again	Сегодняшний день начинается заново
Today's budget is locked. The day starts over at %1$s.	Сегодняшний лимит заблокирован. День начнётся заново в %1$s.
Today's budget is locked. The feed opens again at %1$s. Messages, profiles and search still work.	Сегодняшний лимит заблокирован. Лента снова откроется в %1$s. Сообщения, профили и поиск по-прежнему работают.
Today's budget is locked. This can be changed again at %1$s.	Сегодняшний лимит заблокирован. Изменить это снова можно будет в %1$s.
Today: %1$d minute	Сегодня: %1$d минута
Today: %1$d minutes	Сегодня: %1$d минут
Today: %1$d minutes|one	Сегодня: %1$d минута
Today: %1$d minutes|few	Сегодня: %1$d минуты
Today: %1$d minutes|many	Сегодня: %1$d минут
Today: %1$d video	Сегодня: %1$d видео
Today: %1$d videos	Сегодня: %1$d видео
Today: %1$d videos|one	Сегодня: %1$d видео
Today: %1$d videos|few	Сегодня: %1$d видео
Today: %1$d videos|many	Сегодня: %1$d видео
Tokens: {creator}, {date}, {video_id}, {index}. {index} numbers the photos of a slideshow you save with Download original photos. Anything saved through TikTok's own button is numbered by the folder instead. The file extension is kept automatically.	Токены: {creator}, {date}, {video_id}, {index}. {index} нумерует фото слайд-шоу, которое вы сохраняете через «Загружать оригиналы фото». Всё, что сохранено через собственную кнопку TikTok, вместо этого нумеруется папкой. Расширение файла сохраняется автоматически.
Tokens: {date}, {media_id}. Works for image and video stickers.	Токены: {date}, {media_id}. Работает для стикеров-изображений и видеостикеров.
Too many media saves are already running. Try again in a moment.	Уже выполняется слишком много сохранений медиафайлов. Повторите попытку через момент.
Tracking	Трекинг
Tracking, device access and links	Трекинг, доступ к устройству и ссылки
Translate comments as they load, using TikTok's own translator.	Переводить комментарии по мере загрузки, используя встроенный переводчик TikTok.
Transparent	Прозрачный
Try a different word or clear the search.	Попробуйте другое слово или очистите поиск.
Try again, or go back to TikTok.	Повторите попытку или вернитесь в TikTok.
Turn on %1$s first.	Сначала включите %1$s.
Put %1$s in %2$s first.	Сначала укажите %1$s в %2$s.
Turn on overrides	Включить переопределения
Turned off %1$d gates of %2$d. The rest don't take a true or false value. Restart TikTok to apply this.	Выключено %1$d переключателей из %2$d. Остальные не принимают значение true или false. Перезапустите TikTok, чтобы это применить.
Turned off %1$d gates of %2$d. The rest don't take a true or false value. Restart TikTok to apply this.|one	Выключен %1$d переключатель из %2$d. Остальные не принимают значение true или false. Перезапустите TikTok, чтобы это применить.
Turned off %1$d gates of %2$d. The rest don't take a true or false value. Restart TikTok to apply this.|few	Выключено %1$d переключателя из %2$d. Остальные не принимают значение true или false. Перезапустите TikTok, чтобы это применить.
Turned off %1$d gates of %2$d. The rest don't take a true or false value. Restart TikTok to apply this.|many	Выключено %1$d переключателей из %2$d. Остальные не принимают значение true или false. Перезапустите TikTok, чтобы это применить.
Turned off %1$d gates. Restart TikTok to apply this.	Выключено %1$d переключателей. Перезапустите TikTok, чтобы это применить.
Turned off %1$d gates. Restart TikTok to apply this.|one	Выключен %1$d переключатель. Перезапустите TikTok, чтобы это применить.
Turned off %1$d gates. Restart TikTok to apply this.|few	Выключено %1$d переключателя. Перезапустите TikTok, чтобы это применить.
Turned off %1$d gates. Restart TikTok to apply this.|many	Выключено %1$d переключателей. Перезапустите TikTok, чтобы это применить.
Turned off 1 gate of %2$d. The rest don't take a true or false value. Restart TikTok to apply this.	Выключен 1 переключатель из %2$d. Остальные не принимают значение true или false. Перезапустите TikTok, чтобы это применить.
Turned off 1 gate. Restart TikTok to apply this.	Выключен 1 переключатель. Перезапустите TikTok, чтобы это применить.
Two letters, like us, gb or jp.	Две буквы, например us, gb или jp.
Type	Тип
Start typing	Начните вводить текст
Unavailable	Недоступно
Unblock this commenter	Снять блокировку с этого автора комментария
Unblocked %1$s	Блокировка снята: %1$s
Couldn't confirm the unblock for %1$s. Open their profile to check.	Не удалось подтвердить снятие блокировки с %1$s. Откройте профиль, чтобы проверить.
Undo	Отменить
Undo clearing seen videos	Отменить очистку просмотренных видео
Undo last Lab change	Отменить последнее изменение Lab
Undo last restore or reset	Отменить последнее восстановление или сброс
Undoing the last change	Отмена последнего изменения
Until you choose here, this sheet follows your choices under Hide share actions.	Пока вы не сделаете выбор здесь, это меню следует вашим настройкам в разделе «Скрывать действия "Поделиться"».
Up to %1$d speeds from %2$s to %3$s, separated by commas. Example: 0.5, 1, 1.5, 2, 2.5, 3. Leave empty for TikTok's list. Restart TikTok to apply this.	До %1$d скоростей от %2$s до %3$s через запятую. Пример: 0.5, 1, 1.5, 2, 2.5, 3. Оставьте пустым для списка TikTok. Перезапустите TikTok, чтобы это применить.
Use 0 for TikTok's size, or %1$d to %2$d. Applies to the next caption.	Используйте 0 для размера TikTok или значение от %1$d до %2$d. Применяется к следующему субтитру.
Use TikTok's own hold, pull down and release gesture to keep playing at the hold speed, 2x unless Playback sets another.	Используйте собственный жест TikTok «удержать, потянуть вниз и отпустить», чтобы продолжить воспроизведение на скорости удержания, обычно 2x, если в разделе «Воспроизведение» не задано другое значение.
Use a default playback speed	Использовать скорость воспроизведения по умолчанию
Use non-personalized search	Использовать неперсонализированный поиск
Use system font	Использовать системный шрифт
Use the preset for the region TikTok reports for your account and its shop too. May affect search.	Использовать эту предустановку и для региона, который TikTok сообщает для вашего аккаунта и его магазина. Может повлиять на поиск.
Use the selected country and operator values. This changes what the SIM says and nothing else: your IP address, your account's history and the language you read in are all unchanged, and any one of them is enough for TikTok to keep the region it already chose. Restart TikTok to apply this.	Использовать выбранные значения страны и оператора. Это меняет только то, что сообщает SIM-карта, и ничего больше: ваш IP-адрес, история аккаунта и язык, на котором вы читаете, остаются без изменений, а TikTok достаточно любого из них, чтобы сохранить уже выбранный регион. Перезапустите TikTok, чтобы это применить.
Use the selected country. This changes what the SIM says and nothing else: your IP address, your account's history and the language you read in are all unchanged, and any one of them is enough for TikTok to keep the region it already chose. Restart TikTok to apply this.	Использовать выбранную страну. Это меняет только то, что сообщает SIM-карта, и ничего больше: ваш IP-адрес, история аккаунта и язык, на котором вы читаете, остаются без изменений, а TikTok достаточно любого из них, чтобы сохранить уже выбранный регион. Перезапустите TikTok, чтобы это применить.
Use the split layout on wider screens. Restart TikTok to apply this. If the old layout is still there, unfold again.	Использовать разделённый макет на более широких экранах. Перезапустите TikTok, чтобы это применить. Если старый макет всё ещё отображается, разверните телефон ещё раз.
Use value	Использовать значение
Use your own offline videos limit	Использовать свой лимит офлайн-видео
Using TikTok's value	Используется значение TikTok
Value	Значение
Value to return	Возвращаемое значение
Verified accounts	Верифицированные аккаунты
Version %1$s	Версия %1$s
Version %1$s for TikTok %2$s	Версия %1$s для TikTok %2$s
Video	Видео
Video (MP4)	Видео (MP4)
Video destination	Папка для видео
Video download quality	Качество скачиваемого видео
Video filename	Имя файла видео
Video info	Информация о видео
Video playback quality	Качество воспроизведения видео
Video saved	Видео сохранено
Video saved in %1$s, but only %2$s of %3$s subtitles came with it	Видео сохранено в %1$s, но из %3$s субтитров пришло только %2$s
Video saved with %1$s subtitles in %2$s	Видео с %1$s субтитрами сохранено в %2$s
Wait before hiding the controls.	Задержка перед скрытием элементов управления.
Watching and sharing	Просмотр и отправка
WebP, exactly as TikTok sent it	WebP, точно как прислал TikTok
What TikTok gets	Что получает TikTok
When TikTok requests this key, return the selected value below	Когда TikTok запрашивает этот ключ, возвращать выбранное ниже значение
When a video ends in full screen, stay on it instead of moving to the next one. Swiping still moves on.	Когда видео заканчивается в полноэкранном режиме, оставаться на нём вместо перехода к следующему. Свайп по-прежнему переключает видео.
While diagnostic logging is on, a message names the part of Hushfeed that failed. Off keeps failures in the report only.	Пока включено диагностическое логирование, сообщение называет часть Hushfeed, в которой произошёл сбой. При выключенном логировании сбои остаются только в отчёте.
Window width needed to enable the layout. Restart TikTok to apply this.	Ширина окна, при которой включается макет. Перезапустите TikTok, чтобы это применить.
Words, countries and languages	Слова, страны и языки
Write the video's sound beside it as an .m4a. Android 10 and later file audio separately, so it lands in Music under the same folder name as your videos.	Сохранять звук видео рядом с ним в виде файла .m4a. На Android 10 и новее аудио хранится отдельно и попадает в Music, в папку с тем же именем, что и ваши видео.
YTDLnis background mode	Фоновый режим YTDLnis
YTDLnis download type	Тип загрузки YTDLnis
Yes	Да
Your feed	Ваша лента
Your filters hid everything TikTok just sent. Most were %1$s.	Ваши фильтры скрыли всё, что только что прислал TikTok. В основном это было %1$s.
Your filters hid everything TikTok sent, %1$d times in a row. Most were %2$s.	Ваши фильтры скрыли всё, что прислал TikTok, %1$d раз подряд. В основном это было %2$s.
Your operator's name, like T-Mobile.	Название вашего оператора, например T-Mobile.
Your operator's numeric code, like 310260.	Числовой код вашего оператора, например 310260.
Zero leaves the way out of the hold there every time, which is what it has always done. Anything else is how many times a day it works, and once they are gone the hold stays up until the day starts over. Ignored while the budget is locked, which takes the way out away entirely.	Ноль оставляет выход из паузы доступным каждый раз, как это было всегда. Любое другое значение означает, сколько раз в день он срабатывает, а когда они заканчиваются, пауза остаётся до начала нового дня. Игнорируется, пока лимит заблокирован: тогда выход пропадает полностью.
Zero means no limit. Counts the videos Hushfeed advanced past for you, not the ones you swiped yourself, and starts again when the feed is rebuilt or you change this number.	Ноль означает отсутствие лимита. Считает видео, которые Hushfeed пролистал за вас, а не те, что вы пролистали сами, и начинает заново, когда лента перестраивается или вы меняете это число.
Zero shows the notice and leaves the feed alone. Anything else covers the feed for that many minutes once a budget is reached. Messages, profiles and search keep working, and nothing in the feed is thrown away.	Ноль показывает уведомление и не трогает ленту. Любое другое значение закрывает ленту на столько минут после достижения лимита. Сообщения, профили и поиск продолжают работать, и ничего в ленте не теряется.
Zero switches this off. A short reminder after that many minutes of watching, and again after the same again. Time on messages, a profile or search doesn't count, and nothing is shown while the feed is on hold.	Ноль отключает это. Короткое напоминание появляется после стольких минут просмотра и затем повторяется через столько же. Время в сообщениях, профиле или поиске не учитывается, и ничего не показывается, пока лента на паузе.
Zero switches this off. Count every video that comes up in the feed, however you got to it, and say so once the count is reached. This is separate from the auto-advance session limit under Playback, which only counts videos Hushfeed itself advanced past.	Ноль отключает это. Считать каждое видео, появившееся в ленте, независимо от того, как вы до него добрались, и сообщить об этом по достижении счётчика. Это отдельно от лимита автоматического переключения за сеанс в разделе «Воспроизведение», который считает только видео, пролистанные самим Hushfeed.
Zero switches this off. Count the minutes the player spends running in the feed. Time on messages, a profile or search doesn't count.	Ноль отключает это. Считать минуты, которые плеер работает в ленте. Время в сообщениях, профиле или поиске не учитывается.
collapsed	свёрнуто
expanded	развёрнуто
Already active	Уже активно
Applying Calm feed	Применяется «Спокойная лента»
Calm feed	Спокойная лента
Calm feed couldn't be applied. Nothing was changed.	«Спокойную ленту» не удалось применить. Ничего не изменено.
Calm feed couldn't start. Try again in a moment.	«Спокойную ленту» не удалось запустить. Повторите попытку через момент.
Calm feed is on. Restart TikTok to apply all changes.	«Спокойная лента» включена. Перезапустите TikTok, чтобы применить все изменения.
Calm feed is on.	«Спокойная лента» включена.
Changed	Изменено
Hide ads, Shop posts, LIVE videos and replays, promotional music, and paid partnerships.	Скрывает рекламу, публикации Shop, видео и повторы LIVE, рекламную музыку и платные партнёрства.
On	Включено
On. Restore puts back the feed setup you had before.	Включено. «Восстановить настройку» вернёт настройку ленты, которая была у вас раньше.
Preset	Предустановка
Quick setup	Быстрая настройка
Restore setup	Восстановить настройку
Restoring setup	Настройка восстанавливается
Some Calm feed settings changed. Restore still puts back your earlier setup.	Некоторые настройки «Спокойной ленты» изменены. «Восстановить настройку» всё равно вернёт вашу прежнюю настройку.
Use Calm feed	Использовать «Спокойную ленту»
Working	Обработка
Your current settings already match Calm feed.	Ваши текущие настройки уже соответствуют «Спокойной ленте».
Your previous feed setup couldn't be restored. Nothing was changed.	Не удалось восстановить вашу предыдущую настройку ленты. Ничего не изменено.
Your previous feed setup is back. Restart TikTok to apply all changes.	Ваша предыдущая настройка ленты восстановлена. Перезапустите TikTok, чтобы применить все изменения.
Your previous feed setup is back.	Ваша предыдущая настройка ленты восстановлена.
Hide search suggestions above comments	Скрывать подсказки поиска над комментариями
Compact comment header	Компактный заголовок комментария
Easier comment likes	Упрощённые лайки комментариев
Hide the Full screen button	Скрывать кнопку полноэкранного режима
Hide the Full screen button over videos. Playback and automatic rotation keep working as before.	Скрывать кнопку полноэкранного режима на видео. Воспроизведение и автоматический поворот экрана продолжают работать как раньше.
Hide location labels	Скрывать метки геолокации
Hide the search bar below videos	Скрывать строку поиска под видео
Hide the suggested-search strip above the bottom tabs and let video details and side controls use its space. The top search button and comments stay unchanged.	Скрывать полосу с предложенными запросами над нижними вкладками и отдавать её место под детали видео и боковые элементы управления. Верхняя кнопка поиска и комментарии остаются без изменений.
Hide place badges on videos, including cards with multiple places. Videos and your location permissions stay unchanged.	Скрывать значки мест на видео, включая карточки с несколькими местами. Видео и разрешения на геолокацию остаются без изменений.
Hide effect and template tags	Скрывать теги эффектов и шаблонов
Hide the tags above a video's description that invite you to try an effect, a template, CapCut or an AI style. Location labels and the music line have their own switches.	Скрывать теги над описанием видео, которые предлагают попробовать эффект, шаблон, CapCut или ИИ-стиль. У меток геолокации и строки музыки есть собственные переключатели.
Filter location-tagged videos	Фильтровать видео с метками геолокации
Hide feed videos with place badges, even when they aren't paid ads. To keep the video and hide only its badge, use Hide location labels in Feed screen.	Скрывать видео в ленте со значками мест, даже если это не платная реклама. Чтобы оставить видео и скрыть только значок, используйте «Скрывать метки геолокации» в разделе «Экран ленты».
Location-tagged videos	Видео с метками геолокации
Extend the heart's touch area into nearby blank space. The icon and row spacing stay the same. Text, Reply and other controls keep their own space.	Расширять область нажатия на сердечко в соседнее пустое пространство. Значок и отступы строки остаются прежними. У текста, кнопки «Ответить» и других элементов управления остаётся собственное место.
Start with comments. Hide the comment count, sort and close buttons, plus the suggestion area above them. Use Back or swipe down to close comments.	Открывать сразу комментарии. Скрывать счётчик комментариев, кнопки сортировки и закрытия, а также область с подсказками над ними. Чтобы закрыть комментарии, используйте «Назад» или свайп вниз.
Hide TikTok's "Search: ..." banner above the comment count. This doesn't hide the comments or Hushfeed's comment-search box.	Скрывать баннер TikTok «Поиск: ...» над счётчиком комментариев. Это не скрывает комментарии и поле поиска по комментариям Hushfeed.
Hide the Report button on videos	Скрывать кнопку «Пожаловаться» на видео
Hide the flag button TikTok puts above the creator's picture in some regions. You can still report a video from the share menu.	Скрывать кнопку-флажок, которую TikTok показывает над фото автора в некоторых регионах. Пожаловаться на видео по-прежнему можно через меню «Поделиться».
Hide search rewards	Скрывать поисковые награды
Hide the points banner under the search box and the coin counter floating over search results, which TikTok shows in some regions. Searching works as before.	Скрывать баннер с баллами под строкой поиска и счётчик монет, плавающий над результатами поиска, которые TikTok показывает в некоторых регионах. Поиск работает как раньше.
%1$s hid everything TikTok sent, %2$d times in a row. Turn it off if that's not what you wanted.	%1$s скрыл всё, что прислал TikTok, %2$d раз подряд. Отключите это, если вы не этого хотели.
Show the switch	Показывать переключатель
this creator	этот автор
%1$s day	%1$s день
%1$s days	%1$s дней
%1$s days|one	%1$s день
%1$s days|few	%1$s дня
%1$s days|many	%1$s дней
%1$s dp	%1$s dp
%1$s millisecond	%1$s миллисекунда
%1$s milliseconds	%1$s миллисекунд
%1$s milliseconds|one	%1$s миллисекунда
%1$s milliseconds|few	%1$s миллисекунды
%1$s milliseconds|many	%1$s миллисекунд
%1$s minute	%1$s минута
%1$s minutes	%1$s минут
%1$s minutes|one	%1$s минута
%1$s minutes|few	%1$s минуты
%1$s minutes|many	%1$s минут
%1$s point	%1$s балл
%1$s points	%1$s баллов
%1$s points|one	%1$s балл
%1$s points|few	%1$s балла
%1$s points|many	%1$s баллов
%1$s s	%1$s с
%1$s second	%1$s секунда
%1$s seconds	%1$s секунд
%1$s seconds|one	%1$s секунда
%1$s seconds|few	%1$s секунды
%1$s seconds|many	%1$s секунд
%1$s time	%1$s раз
%1$s times	%1$s раз
%1$s times|one	%1$s раз
%1$s times|few	%1$s раза
%1$s times|many	%1$s раз
%1$s video	%1$s видео
%1$s videos	%1$s видео
%1$s videos|one	%1$s видео
%1$s videos|few	%1$s видео
%1$s videos|many	%1$s видео
%1$s view per comment	%1$s просмотр на комментарий
%1$s views per comment	%1$s просмотров на комментарий
%1$s views per comment|one	%1$s просмотр на комментарий
%1$s views per comment|few	%1$s просмотра на комментарий
%1$s views per comment|many	%1$s просмотров на комментарий
%1$s view per like	%1$s просмотр на лайк
%1$s views per like	%1$s просмотров на лайк
%1$s views per like|one	%1$s просмотр на лайк
%1$s views per like|few	%1$s просмотра на лайк
%1$s views per like|many	%1$s просмотров на лайк
%1$s, %2$s, %3$s or %4$s	%1$s, %2$s, %3$s или %4$s
%1$s, %2$s or %3$s	%1$s, %2$s или %3$s
TikTok refused the follow with code %1$s	TikTok отклонил подписку с кодом %1$s
TikTok refused the follow with code %1$s. A hidden CAPTCHA may be the cause.	TikTok отклонил подписку с кодом %1$s. Причиной может быть скрытая CAPTCHA.
TikTok refused the follow: %1$s A hidden CAPTCHA may be the cause.	TikTok отклонил подписку: %1$s Причиной может быть скрытая CAPTCHA.
Hushfeed is paused	Hushfeed на паузе
TikTok runs as if it weren't patched. Your settings stay as they are.	TikTok работает так, будто он не пропатчен. Ваши настройки остаются как есть.
TikTok closed three times within a minute of starting, so Hushfeed paused itself. Your settings stay as they are.	TikTok закрылся три раза в течение минуты после запуска, поэтому Hushfeed поставил себя на паузу. Ваши настройки остаются как есть.
A file named hushfeed-safe-mode in TikTok's folder under Android/data paused Hushfeed. Your settings stay as they are.	Файл с именем hushfeed-safe-mode в папке TikTok в Android/data поставил Hushfeed на паузу. Ваши настройки остаются как есть.
Turn Hushfeed back on	Снова включить Hushfeed
Pause Hushfeed	Поставить Hushfeed на паузу
From the next start TikTok runs as if it weren't patched, so you can tell whether a problem comes from Hushfeed. Your settings stay as they are.	Начиная со следующего запуска TikTok будет работать так, будто он не пропатчен, чтобы вы могли понять, связана ли проблема с Hushfeed. Ваши настройки остаются как есть.
Hushfeed turns back on when TikTok restarts.	Hushfeed снова включится при перезапуске TikTok.
The file hushfeed-safe-mode couldn't be removed. Delete it from TikTok's folder under Android/data to turn Hushfeed back on.	Не удалось удалить файл hushfeed-safe-mode. Удалите его из папки TikTok в Android/data, чтобы снова включить Hushfeed.
Hide TikTok Shop in search	Скрывать TikTok Shop в поиске
Hide the Products block and product cards in search results.	Скрывать блок «Товары» и карточки товаров в результатах поиска.
Hide TikTok's Auto scroll button	Скрывать кнопку автопрокрутки TikTok
Takes TikTok's own Auto scroll action out of the video panel. Auto-advance keeps working.	Убирает собственную функцию автопрокрутки TikTok из панели видео. Автоматическое переключение продолжает работать.
Hide the unread badges on the bottom tabs	Скрывать значки непрочитанного на нижних вкладках
Hide the red counts and dots on every bottom tab, Inbox and Profile included. The inbox itself still shows what came in.	Скрывать красные счётчики и точки на всех нижних вкладках, включая «Входящие» и «Профиль». Сами входящие по-прежнему показывают, что пришло.
Speed while you hold the video	Скорость при удержании видео
Hide mini dramas	Скрывать мини-драмы
Hide TikTok's short drama episodes and the cards that promote them.	Скрывать короткие драма-эпизоды TikTok и карточки, которые их продвигают.
Mini dramas	Мини-драмы
Swipe left	Свайп влево
TikTok default (open the creator's profile)	Стандарт TikTok (открыть профиль автора)
Saving %1$s of %2$s	Сохраняется файл %1$s из %2$s
Stopping after this file	Остановка после этого файла
Waiting to save %1$s files	%1$s файлов ожидают сохранения
Waiting to save %1$s files|one	%1$s файл ожидает сохранения
Waiting to save %1$s files|few	%1$s файла ожидают сохранения
Waiting to save %1$s files|many	%1$s файлов ожидают сохранения
Waiting to save one file	Один файл ожидает сохранения
Save cancelled. Nothing was saved.	Сохранение отменено. Ничего не сохранено.
The server asked us to wait. Try again later.	Сервер попросил подождать. Попробуйте позже.
Saved %1$s of %2$s. The server asked us to wait. Try again later.	Сохранено %1$s из %2$s. Сервер попросил подождать. Попробуйте позже.
One more save waiting	Ещё одно сохранение в очереди
%1$s more saves waiting	Ещё %1$s сохранений в очереди
%1$s more saves waiting|one	Ещё %1$s сохранение в очереди
%1$s more saves waiting|few	Ещё %1$s сохранения в очереди
%1$s more saves waiting|many	Ещё %1$s сохранений в очереди
Starts after one other save	Начнётся после ещё одного сохранения
Starts after %1$s other saves	Начнётся после %1$s других сохранений
Starts after %1$s other saves|one	Начнётся после %1$s другого сохранения
Starts after %1$s other saves|few	Начнётся после %1$s других сохранений
Starts after %1$s other saves|many	Начнётся после %1$s других сохранений
# context: the banner the next start shows when TikTok closed before some saves ended. A heading, then one line per save: the kind of save, a colon, and how many of its files didn't finish. It must not promise the save will carry on by itself.
TikTok closed during these saves	TikTok закрылся во время этих сохранений
%1$s: didn't finish	%1$s: не завершено
%1$s: one of %3$s files didn't finish	%1$s: один файл из %3$s не завершён
%1$s: %2$s of %3$s files didn't finish	%1$s: %2$s файлов из %3$s не завершено
%1$s: %2$s of %3$s files didn't finish|one	%1$s: %2$s файл из %3$s не завершён
%1$s: %2$s of %3$s files didn't finish|few	%1$s: %2$s файла из %3$s не завершено
%1$s: %2$s of %3$s files didn't finish|many	%1$s: %2$s файлов из %3$s не завершено
%1$s: might not have finished	%1$s: возможно, не завершено
%1$s: one of %3$s files might not have finished	%1$s: один файл из %3$s, возможно, не завершён
%1$s: %2$s of %3$s files might not have finished	%1$s: %2$s файлов из %3$s, возможно, не завершено
%1$s: %2$s of %3$s files might not have finished|one	%1$s: %2$s файл из %3$s, возможно, не завершён
%1$s: %2$s of %3$s files might not have finished|few	%1$s: %2$s файла из %3$s, возможно, не завершено
%1$s: %2$s of %3$s files might not have finished|many	%1$s: %2$s файлов из %3$s, возможно, не завершено
And one more save	И ещё одно сохранение
And %1$s more saves	И ещё %1$s сохранений
And %1$s more saves|one	И ещё %1$s сохранение
And %1$s more saves|few	И ещё %1$s сохранения
And %1$s more saves|many	И ещё %1$s сохранений
Original photos	Оригинальные фото
Story	История
Original sound	Оригинальный звук
Profile picture	Фото профиля
Live photo clip	Клип live-фото
Media save	Сохранение медиафайла
Saved %1$s of %2$s, the rest cancelled	Сохранено %1$s из %2$s, остальное отменено
Saved %1$s of %2$s, %3$s skipped	Сохранено %1$s из %2$s, %3$s пропущено
Saved %1$s of %2$s, %3$s skipped and the rest cancelled	Сохранено %1$s из %2$s, %3$s пропущено, остальное отменено
None of the photos could be saved. Try again.	Не удалось сохранить ни одного фото. Повторите попытку.
Saved %1$s of %2$s, the rest need more free space	Сохранено %1$s из %2$s, для остального не хватает свободного места
Saved %1$s of %2$s, the rest ran out of time	Сохранено %1$s из %2$s, для остального закончилось время
Live photo clip saved to %1$s	Клип live-фото сохранён в %1$s
The live photo's clip couldn't be saved. Try again.	Не удалось сохранить клип live-фото. Повторите попытку.
Creator exceptions	Исключения для авторов
An exception names one creator, so a pattern can't be one: %1$s	Исключение называет одного автора, поэтому шаблон не подходит: %1$s
An exception takes a handle or id, not a display name: %1$s	Исключение принимает имя аккаунта или id, а не отображаемое имя: %1$s
Also on a block list, so still hidden: %1$s	Также в списке блокировки, поэтому всё ещё скрыт: %1$s
Find the sound on YouTube Music	Найти звук в YouTube Music
YouTube Music isn't installed	YouTube Music не установлен
This video's sound has no title to look for	У звука этого видео нет названия для поиска
YouTube Music couldn't be opened. Open it yourself and search for the sound.	Не удалось открыть YouTube Music. Откройте его самостоятельно и найдите звук.
Allow storage for TikTok in Android settings to save the live photo's clip	Разрешите TikTok доступ к хранилищу в настройках Android, чтобы сохранить клип live-фото
This is the video's own sound, so YouTube Music won't have it	Это собственный звук видео, поэтому в YouTube Music его нет
Not a handle or id, so ignored: %1$s	Не имя аккаунта и не id, поэтому проигнорировано: %1$s
What's new	Что нового
Changes in Hushfeed %1$s	Изменения в Hushfeed %1$s
Reviewed presets	Проверенные предустановки
Show See translation	Показывать «Посмотреть перевод»
Reviewed for TikTok %1$s	Проверено для TikTok %1$s
Value: %1$s to %2$s	Значение: от %1$s до %2$s
The presets couldn't load. Open the Lab again.	Не удалось загрузить предустановки. Откройте Lab ещё раз.
Apply enables these overrides. Undo last Lab change puts your previous rules back until you change anything else in the Lab.	«Применить» включает эти переопределения. «Отменить последнее изменение Lab» вернёт ваши прежние правила, пока вы не измените что-то ещё в Lab.
Apply saves these overrides. Turn on overrides in the Lab to use them. Turning them on is a Lab change too, so after that Undo turns them off rather than putting your previous rules back.	«Применить» сохраняет эти переопределения. Включите переопределения в Lab, чтобы их использовать. Их включение тоже считается изменением в Lab, поэтому после этого «Отменить» выключит их, а не вернёт прежние правила.
This preset isn't available for your installed TikTok version.	Эта предустановка недоступна для установленной версии TikTok.
Preset applied. Restart TikTok to use it.	Предустановка применена. Перезапустите TikTok, чтобы её использовать.
Preset saved. Turn on overrides in the Lab to use it.	Предустановка сохранена. Включите переопределения в Lab, чтобы её использовать.
This preset doesn't match the installed gates. Nothing changed.	Эта предустановка не соответствует установленным переключателям. Ничего не изменено.
About overrides	О переопределениях
Tokens: {creator}, {date}, {video_id}. Start with {creator}/ to give each creator a folder. The file extension is kept automatically.	Токены: {creator}, {date}, {video_id}. Начните с {creator}/, чтобы у каждого автора была своя папка. Расширение файла сохраняется автоматически.
Save details beside the video	Сохранять детали рядом с видео
Save the caption, creator, link and publication date in a TXT file. On Android 10 and later, the pair uses Download or Documents under the same folder name. Applies to saves handled here.	Сохранять описание, автора, ссылку и дату публикации в файле TXT. На Android 10 и новее оба файла используют Download или Documents под одним именем папки. Применяется к сохранениям, выполняемым здесь.
Check for already-saved videos	Проверять уже сохранённые видео
Forget saved videos	Забыть сохранённые видео
Undo forgetting saved videos	Отменить забывание сохранённых видео
Forget which videos Hushfeed saved here, so the already-saved check starts over. The saved files and your settings stay. Turning the check off doesn't erase this record.	Забыть, какие видео Hushfeed сохранил здесь, чтобы проверка уже сохранённых началась заново. Сохранённые файлы и ваши настройки остаются. Отключение проверки не стирает эту запись.
Forgetting saved videos	Забывание сохранённых видео
Putting the saved videos back	Сохранённые видео возвращаются
Forgotten. Tap to put them back.	Забыто. Нажмите, чтобы вернуть их.
Saved videos forgotten. The files are still there.	Сохранённые видео забыты. Файлы всё ещё на месте.
There were no saved videos to forget	Не было сохранённых видео для забывания
Couldn't forget the saved videos. Try again.	Не удалось забыть сохранённые видео. Повторите попытку.
Saved videos put back	Сохранённые видео возвращены
Couldn't put the saved videos back. Try again.	Не удалось вернуть сохранённые видео. Повторите попытку.
Too late to put the saved videos back	Слишком поздно, чтобы вернуть сохранённые видео
Remember up to %1$s video saves made here while this is on. If the file still exists, offer Open or Save again before downloading another copy.	Запоминать до %1$s сохранений видео, сделанных здесь, пока это включено. Если файл всё ещё существует, предлагать «Открыть» или «Сохранить снова» перед скачиванием ещё одной копии.
This video is already saved. Open TikTok to save another copy.	Это видео уже сохранено. Откройте TikTok, чтобы сохранить ещё одну копию.
This video is already saved	Это видео уже сохранено
Save again	Сохранить снова
The saved-video choice couldn't open. Try again.	Не удалось открыть выбор для сохранённого видео. Повторите попытку.
The saved-video choice is still open	Выбор для сохранённого видео всё ещё открыт
This video isn't available as a complete file. Try again later.	Это видео недоступно в виде полного файла. Повторите попытку позже.
Saving video to %1$s	Видео сохраняется в %1$s
Video and details saved to %1$s	Видео и детали сохранены в %1$s
The video was saved, but its record couldn't be updated. A later save may make another copy.	Видео сохранено, но его запись не удалось обновить. Последующее сохранение может создать ещё одну копию.
The already-saved check failed. Try again.	Проверка уже сохранённых не удалась. Повторите попытку.
Show download progress	Показывать прогресс скачивания
Show a progress bar while a video saves.	Показывать полосу прогресса во время сохранения видео.
Saving video	Видео сохраняется
Waiting to save video	Видео ожидает сохранения
Saving video: %1$s	Видео сохраняется: %1$s
Saving %1$s of %2$s: %3$s	Сохраняется %1$s из %2$s: %3$s
Couldn't save the change. Try again.	Не удалось сохранить изменение. Повторите попытку.
Off. TikTok can report views and typing.	Выкл. TikTok может сообщать о просмотрах и наборе текста.
Hushfeed is paused. Ghost mode isn't active.	Hushfeed на паузе. Режим призрака не активен.
Problem detected. Story views may still be reported. Check Ghost mode diagnostics. The warning stays until TikTok restarts.	Обнаружена проблема. Просмотры историй всё ещё могут отправляться. Проверьте диагностику режима призрака. Предупреждение остаётся до перезапуска TikTok.
Reporting calls were blocked here. Viewer-list privacy hasn't been verified. Online status is unchanged.	Вызовы отправки отчётов здесь заблокированы. Скрытие в списке зрителей не проверено. Статус «в сети» не меняется.
On. No reporting call has been observed in this process. Online status is unchanged.	Вкл. В этом процессе не зафиксировано ни одного вызова отправки отчётов. Статус «в сети» не меняется.
Ghost mode diagnostics	Диагностика режима призрака
The partial file couldn't be removed. Delete it from the folder you chose.	Не удалось удалить неполный файл. Удалите его из выбранной папки.
The backup didn't start and its partial file couldn't be removed. Delete it from the folder you chose.	Резервное копирование не началось, и не удалось удалить его неполный файл. Удалите его из выбранной папки.
Problem detected.	Обнаружена проблема.
Couldn't save these choices. Try again.	Не удалось сохранить этот выбор. Повторите попытку.
Clearing seen videos	Просмотренные видео очищаются
Couldn't clear seen videos. Try again.	Не удалось очистить просмотренные видео. Повторите попытку.
Keep playing in the background	Продолжать воспроизведение в фоне
The video you're watching keeps playing to its end after you leave TikTok or turn the screen off, with TikTok's own media notification to pause it. TikTok's background play switch stays on while this is on. Restart TikTok to apply this.	Видео, которое вы смотрите, продолжает играть до конца после того, как вы покидаете TikTok или выключаете экран, с собственным медиа-уведомлением TikTok для паузы. Переключатель фонового воспроизведения TikTok остаётся включённым, пока включено это. Перезапустите TikTok, чтобы это применить.
Keep playing in the background is on in Hushfeed's Playback settings, so TikTok gets 2 for this key and an override here has no effect until that switch is off.	«Продолжать воспроизведение в фоне» включено в настройках воспроизведения Hushfeed, поэтому TikTok получает значение 2 для этого ключа, и переопределение здесь не действует, пока тот переключатель не выключен.
2, from Keep playing in the background	2, от «Продолжать воспроизведение в фоне»
Let the last video finish	Давать последнему видео доиграть
When the budget runs out, the video on screen plays to its end before the hold covers the feed, and the feed won't swipe to another video meanwhile. A time budget the fade already dimmed goes straight to the hold. Needs a hold to wait for. It waits %1$d minutes at most.	Когда лимит заканчивается, видео на экране доигрывает до конца, прежде чем пауза закроет ленту, и всё это время лента не переключается на другое видео свайпом. Лимит времени, который уже начал гаснуть, переходит прямо к паузе. Нужна пауза, которую можно дождаться. Ожидание длится не более %1$d минут.
The feed stops when this video ends.	Лента останавливается, когда это видео заканчивается.
Streak	Серия
Keep a streak going	Поддерживать серию
Who to message	Кому писать
When to send	Когда отправлять
The time of day the message goes out.	Время суток, в которое отправляется сообщение.
Message	Сообщение
What gets sent each day.	Что отправляется каждый день.
Send it now	Отправить сейчас
Sends today's message right away. The daily one then waits for tomorrow.	Отправляет сегодняшнее сообщение немедленно. Ежедневное сообщение затем ждёт до завтра.
Turn on Keep a streak going first	Сначала включите «Поддерживать серию»
Sending the message	Сообщение отправляется
A message is already on its way	Сообщение уже в пути
Enter who to message below to start.	Укажите ниже, кому писать, чтобы начать.
Next message: today at %1$s.	Следующее сообщение: сегодня в %1$s.
Next message: tomorrow at %1$s.	Следующее сообщение: завтра в %1$s.
No chat with @%1$s turned up on this account. Open your chat with them once, then try again.	На этом аккаунте не найден чат с @%1$s. Откройте чат с ним один раз, затем повторите попытку.
Nobody was signed in to TikTok. Sign in, and it tries again at %1$s.	В TikTok никто не был авторизован. Войдите в аккаунт, и попытка повторится в %1$s.
A different account is signed in. Switch back to the one you set this up on, or enter who to message again.	Авторизован другой аккаунт. Вернитесь к тому, на котором вы это настроили, или укажите получателя заново.
TikTok's messages didn't start in time. It tries again at %1$s.	Сообщения TikTok не запустились вовремя. Попытка повторится в %1$s.
The message didn't go through. It tries again at %1$s.	Сообщение не было отправлено. Попытка повторится в %1$s.
Found %1$s in your chats.	Найдено в ваших чатах: %1$s.
Look like the store app to TikTok's checks	Выглядеть как приложение из магазина для проверок TikTok
Answer TikTok's own checks of how it was signed and installed the way the Play Store app would. For follows or likes that undo themselves on a refresh. TikTok can also check from native code this doesn't reach, so it may not help.	Отвечать на собственные проверки TikTok того, как он подписан и установлен, так же, как это делало бы приложение Play Store. Для подписок или лайков, которые отменяются сами при обновлении. TikTok может также проверять это из нативного кода, куда это не достаёт, поэтому может не помочь.
Add apps to Share via	Добавить приложения в «Поделиться через»
Pick apps to add to the Share via row, before More. Each gets the same link the other apps get.	Выберите приложения, которые нужно добавить в строку «Поделиться через» перед «Ещё». Каждое получает ту же ссылку, что и остальные приложения.
Search apps	Поиск приложений
Looking for apps	Поиск приложений
No other app takes shared text	Ни одно другое приложение не принимает отправленный текст
Install one, then come back here.	Установите одно и возвращайтесь сюда.
No apps match this search	Нет приложений, соответствующих этому запросу
LIVE feed	Лента LIVE
Filter the LIVE feed	Фильтровать ленту LIVE
Hide rooms in the LIVE feed you swipe through, using the rules below. Blocked creators and Creators hidden on this phone apply here too, Blocked caption words are matched against each LIVE's title, and Creator exceptions works the way it does for videos. The LIVE button picks the first room itself, so the rules start with the next one. If they hide every room for a while, one gets through so the feed keeps loading.	Скрывать трансляции в ленте LIVE, которую вы листаете, по правилам ниже. «Заблокированные авторы» и «Авторы, скрытые на этом телефоне» действуют и здесь, «Заблокированные слова в подписях» сверяются с названием каждой трансляции, а «Исключения для авторов» работают так же, как для видео. Первую трансляцию кнопка LIVE выбирает сама, поэтому правила начинают действовать со следующей. Если правила долго скрывают всё подряд, одна трансляция всё же покажется, чтобы лента продолжала загружаться.
Hide gaming LIVEs	Скрывать игровые трансляции
Hide LIVEs that TikTok tags with a game or a gaming category.	Скрывать трансляции, которые TikTok помечает игрой или игровой категорией.
Hide shopping LIVEs	Скрывать торговые трансляции
Hide LIVEs that sell products or carry a TikTok Shop tag.	Скрывать трансляции, где продают товары или есть метка TikTok Shop.
Hide sponsored LIVEs	Скрывать спонсорские трансляции
Hide LIVEs that TikTok labels as a paid partnership or promotional content.	Скрывать трансляции, которые TikTok помечает как платное партнёрство или рекламный контент.
Hide verified creators' LIVEs	Скрывать трансляции верифицированных авторов
Hide LIVEs hosted by verified accounts.	Скрывать трансляции верифицированных аккаунтов.
Hidden LIVE categories	Скрытые категории LIVE
Comma separated words, like music, chat. A LIVE is hidden when its category, topic tags or game name contains one. Case doesn't matter.	Через запятую: слова, например музыка, чат. Трансляция скрывается, если её категория, теги темы или название игры содержат одно из них. Регистр не важен.
LIVE viewers range	Диапазон зрителей LIVE
Show only LIVEs with this many people watching.	Показывать только трансляции с таким количеством зрителей.
LIVE followers range	Диапазон подписчиков авторов LIVE
Show only LIVEs from creators with this many followers.	Показывать только трансляции авторов с таким количеством подписчиков.
Hide the comment bar on opened videos	Скрывать строку комментария в открытых видео
Hide the Clear display controls	Скрывать кнопки чистого вида
While Clear display is on, also hide the progress bar, the close button and the pause and speed buttons at the bottom. You can still drag along the bottom edge to move through the video. To leave Clear display, press and hold the video and tap Restore display.	В чистом виде также скрывать полосу прогресса, кнопку закрытия и кнопки паузы и скорости внизу. По нижнему краю по-прежнему можно провести пальцем, чтобы перемотать видео. Чтобы выйти из чистого вида, нажмите на видео и удерживайте, затем выберите «Восстановить экран».
Take the Add comment bar off videos you open from a profile, a hashtag, a sound or search, so the video fills the screen down to the bottom. The comment button on the right still opens comments.	Убирать строку для ввода комментария под видео, открытыми из профиля, по хештегу, со страницы звука или из поиска, чтобы видео занимало экран до самого низа. Кнопка комментариев справа по-прежнему открывает комментарии.
Build details	Сведения о сборке
Copy or save patch-time choices and build identity.	Скопируйте или сохраните выбранные при применении патчей параметры и данные о сборке.
Copy build details	Копировать сведения о сборке
Save build details	Сохранить сведения о сборке
Build details copied to the clipboard	Сведения о сборке скопированы в буфер обмена
Sends one message a day to each person below at the time below, so your streaks keep going on days you don't open TikTok.	Отправляет одно сообщение в день каждому из указанных ниже людей в выбранное время, чтобы ваши серии продолжались и в дни, когда вы не открываете TikTok.
Their usernames, separated by commas or new lines. Each person must already have a chat with you.	Имена пользователей через запятую или с новой строки. У вас уже должен быть чат с каждым из них.
Delivery unconfirmed: %1$d/%2$d chats. Those chats won't be retried today.	Доставка не подтверждена: %1$d/%2$d чатов. Сегодня повторных попыток в этих чатах не будет.
Delivery unconfirmed: %1$d/%2$d chats. Remaining chats still need a message.	Доставка не подтверждена: %1$d/%2$d чатов. В остальные чаты ещё нужно отправить сообщение.
Sent to %1$d/%2$d chats. They won't get another message today.	Отправлено в %1$d/%2$d чатов. Сегодня они больше не получат сообщений.
Sent to %1$d/%2$d chats. The rest still need a message.	Отправлено в %1$d/%2$d чатов. В остальные чаты ещё нужно отправить сообщение.
TikTok may have taken this message. Delivery isn't confirmed, so it won't be retried today.	TikTok мог принять это сообщение. Доставка не подтверждена, поэтому сегодня повторной попытки не будет.
Nothing was sent. Check the streak settings and try again.	Ничего не отправлено. Проверьте настройки серии сообщений и попробуйте ещё раз.
Don't save new searches	Не сохранять новые запросы
Keep what you search for out of the search history TikTok saves on this phone. Searches already there stay until you delete them, and TikTok's servers may still keep their own record.	Не добавлять ваши запросы в историю поиска, которую TikTok хранит на этом телефоне. Уже сохранённые запросы остаются, пока вы их не удалите, а серверы TikTok могут вести собственный учёт.
Block suggested video notifications	Блокировать уведомления о рекомендуемых видео
Stop the notifications TikTok sends about popular videos it picked for you. Messages, comments, likes, follows and videos from accounts you follow still come through.	Останавливать уведомления, которые TikTok присылает о популярных видео, подобранных для вас. Сообщения, комментарии, лайки, новые подписчики и видео от аккаунтов, на которые вы подписаны, по-прежнему приходят.
Buttons on videos	Кнопки на видео

Seen videos put back: %1$s of %2$s	Восстановлено просмотренных видео: %1$s из %2$s
No cleared videos fit the current history limits.	Ни одно удалённое видео не укладывается в текущие ограничения истории.
Putting seen videos back	Восстановление просмотренных видео
# context: a line above the What's new release notes, which come from the English changelog and are not translated.
These notes are in English.	Эти заметки на английском языке.
Still waiting for the file app. Tap to stop waiting.	Приложение для файлов всё ещё не ответило. Нажмите, чтобы перестать ждать.
Stopped waiting for the file app. Nothing was changed.	Ожидание приложения для файлов остановлено. Ничего не изменено.
Stopped waiting for the file app. It hasn't said yet whether the backup was saved.	Ожидание приложения для файлов остановлено. Оно ещё не сообщило, сохранена ли резервная копия.
The backup wasn't saved. Back up again when the file app is ready.	Резервная копия не сохранена. Создайте её снова, когда приложение для файлов будет готово.
The file app still has the last file. Try again once it lets go, or restart TikTok.	Приложение для файлов всё ещё держит последний файл. Повторите попытку, когда оно его отпустит, или перезапустите TikTok.
Waiting for the file app to let go of the last file. Restart TikTok if it doesn't.	Ждём, пока приложение для файлов отпустит последний файл. Если этого не произойдёт, перезапустите TikTok.
Stopped waiting for the file app. Nothing was imported.	Ожидание приложения для файлов остановлено. Ничего не импортировано.
The last report is still being saved	Последний отчёт всё ещё сохраняется
Still waiting for the file app.	Приложение для файлов всё ещё не ответило.
Stop waiting	Перестать ждать
Stopped waiting for the file app. Nothing was exported.	Ожидание приложения для файлов остановлено. Ничего не экспортировано.
Stopped waiting for the file app. It hasn't said yet whether the export was saved.	Ожидание приложения для файлов остановлено. Оно ещё не сообщило, сохранён ли экспорт.
The export wasn't saved. Export again when the file app is ready.	Экспорт не сохранён. Экспортируйте снова, когда приложение для файлов будет готово.
Hide unpersonalized For You videos	Скрывать неперсонализированные видео в Рекомендациях
Hide the fill-in videos TikTok sends to For You without picking them for you. When a whole batch is fill-in, it stays so the feed doesn't run dry.	Скрывать видео-заполнители, которые TikTok отправляет в Рекомендации, не подбирая их для вас. Если вся партия состоит из заполнителей, она остаётся, чтобы лента не опустела.
Unpersonalized For You videos	Неперсонализированные видео в Рекомендациях
Reviewed presets for TikTok %1$s	Проверенные предустановки для TikTok %1$s
No presets have been reviewed for TikTok %1$s yet	Для TikTok %1$s пока нет проверенных предустановок
Repost with a comment	Репост с комментарием
Profile banner and new profile layout	Баннер профиля и новый вид профиля
Comment with live photos, the camera or audio	Комментарии с живыми фото, камерой или аудио
Save comments to Favorites	Сохранять комментарии в Избранное
Comment sort and dislike styles	Сортировка комментариев и стили дизлайков
Message bubble colors, Inbox archive and sharing to more chats	Цвета пузырей сообщений, архив Входящих и отправка в большее число чатов
Manage topics	Управление темами
Visual search	Визуальный поиск
AI Self	AI Self
Long-press menu on every post	Меню долгого нажатия на каждой публикации
TikTok's hold to speed up	Ускорение удержанием от TikTok
TikTok's background play and auto-scroll	Фоновое воспроизведение и автопрокрутка от TikTok
Post dates in the feed	Даты публикаций в ленте
Show exact counts	Показывать точные числа
Show counts as full numbers, like 1,234,567 instead of 1.2M.	Показывает числа полностью, например 1 234 567 вместо 1.2M.
Play SDR instead of HDR	Воспроизводить SDR вместо HDR
Play the standard version of videos that also come in HDR, so the screen doesn't jump to full brightness when one starts. Videos TikTok only offers in HDR still play.	Воспроизводить обычную версию видео, у которых есть и HDR, чтобы экран не вспыхивал на полную яркость при запуске. Видео, которые TikTok даёт только в HDR, по-прежнему воспроизводятся.
Remove story rings	Убрать кольца историй
Take the story ring off profile pictures on the feed, in comments and on profiles. Tapping a picture opens the profile instead of the story.	Убирать кольцо истории с фото профиля в ленте, в комментариях и в профилях. Нажатие на фото открывает профиль, а не историю.
Remove the LIVE ring	Убрать кольцо LIVE
Take the pulsing LIVE ring off profile pictures on the feed and in comments. Tapping the picture of a creator who's live opens their profile instead of the LIVE.	Убирать пульсирующее кольцо LIVE с фото профиля в ленте и в комментариях. Нажатие на фото автора в эфире открывает его профиль, а не LIVE.
Writing	Написание
Lift text length limits	Снять ограничения длины текста
Let comments, repost notes and your bio run past the length TikTok's app stops at. TikTok's servers can still turn down a long one.	Комментарии, заметки к репостам и описание профиля могут быть длиннее, чем позволяет приложение TikTok. Серверы TikTok всё равно могут отклонить длинный текст.
Show only mutual friends on the Friends tab	Показывать во вкладке «Друзья» только взаимных друзей
On the Friends tab, hide posts, reposts and LIVEs from accounts that aren't a mutual follow, suggested accounts included. Your own posts stay.	Во вкладке «Друзья» скрывать публикации, репосты и LIVE аккаунтов без взаимной подписки, в том числе рекомендованных. Ваши собственные публикации остаются.
Show follow status	Показывать статус подписки
Under the @username on a profile, say whether it follows you or doesn't follow you back. Follower and following lists mark the accounts you follow that don't follow you back.	Под @именем пользователя в профиле показывать, подписан ли он на вас или не подписан в ответ. В списках подписчиков и подписок отмечаются аккаунты, на которые вы подписаны, но которые не подписаны на вас.
Follows you	Подписан на вас
Doesn't follow you back	Не подписан в ответ
Copy bio and IDs	Копировать био и ID
Long-press a bio to copy it. A profile's share sheet gets buttons that copy its username and user ID, and a video's share sheet one that copies the video ID.	Нажмите и удерживайте био, чтобы скопировать его. В меню «Поделиться» профиля появляются кнопки для копирования имени пользователя и ID пользователя, а в меню видео кнопка для копирования ID видео.
Bio copied	Био скопировано
Username copied	Имя пользователя скопировано
User ID copied	ID пользователя скопирован
Video ID copied	ID видео скопирован
Copy username	Копировать имя пользователя
Copy user ID	Копировать ID пользователя
Copy video ID	Копировать ID видео
