Importing new history ended Undo for the earlier clear. You can clear the imported history.	Yeni geçmişi içe aktarmak önceki temizlemeyi geri alma seçeneğini sonlandırdı. İçe aktarılan geçmişi temizleyebilirsiniz.
%1$d setting in that file can't be restored here and was skipped	Dosyadaki %1$d ayar burada geri yüklenemedi ve atlandı
%1$d settings in that file can't be restored here and were skipped	Dosyadaki %1$d ayar burada geri yüklenemedi ve atlandı
Import watch history	İzleme geçmişini içe aktar
Use this account's TikTok JSON export, up to %1$s MB and %2$s entries. Dates without a time zone use this phone's time zone.	Bu hesabın en fazla %1$s MB ve %2$s kayıt içeren TikTok JSON dışa aktarımını kullanın. Saat dilimi olmayan tarihler için bu telefonun saat dilimi kullanılır.
Sign in to TikTok before importing watch history.	İzleme geçmişini içe aktarmadan önce TikTok'a giriş yapın.
Your TikTok account changed. Choose the file again for this account.	TikTok hesabınız değişti. Bu hesap için dosyayı yeniden seçin.
Reading watch history	İzleme geçmişi okunuyor
Importing watch history	İzleme geçmişi içe aktarılıyor
Reopen Hushfeed settings, then choose the file	Hushfeed ayarlarını yeniden açıp dosyayı seçin
Couldn't start the import. Try again in a moment.	İçe aktarma başlatılamadı. Biraz sonra yeniden deneyin.
Your seen history changed before the import finished. Choose the file again.	İçe aktarma bitmeden izleme geçmişiniz değişti. Dosyayı yeniden seçin.
Couldn't import watch history. Your saved history is unchanged.	İzleme geçmişi içe aktarılamadı. Kayıtlı geçmişiniz değişmedi.
%1$s watched video added.	%1$s izlenen video eklendi.
%1$s watched videos added.	%1$s izlenen video eklendi.
%1$s entry skipped.	%1$s kayıt atlandı.
%1$s entries skipped.	%1$s kayıt atlandı.
Skipped entries are invalid, expired, already recorded, or older than the newest %1$s videos.	Atlanan kayıtlar geçersizdir, süresi dolmuştur, zaten kayıtlıdır veya en yeni %1$s videodan eskidir.
Watch history was imported for the account that chose the file. Switch back to see it.	İzleme geçmişi dosyayı seçen hesap için içe aktarıldı. Görmek için o hesaba geri dönün.
Couldn't read that file. Choose it again.	Dosya okunamadı. Yeniden seçin.
That file is larger than %1$s MB. Choose a smaller watch-history export.	Dosya %1$s MB'tan büyük. Daha küçük bir izleme geçmişi dışa aktarımı seçin.
That file has more than %1$s watch-history entries.	Dosyada %1$s'den fazla izleme geçmişi kaydı var.
That JSON file doesn't contain the supported TikTok watch history.	Bu JSON dosyası desteklenen TikTok izleme geçmişini içermiyor.
That watch-history file is damaged. Nothing was imported.	İzleme geçmişi dosyası bozuk. Hiçbir şey içe aktarılmadı.
%1$d already matched	%1$d tanesi zaten eşleşiyor
%1$d areas were checked and everything they need is here.	%1$d alan kontrol edildi ve ihtiyaç duydukları her şey burada.
%1$d fields overridden	%1$d alan geçersiz kılındı
%1$d fields will be overridden when requested	İstendiğinde %1$d alan geçersiz kılınacak
%1$d gates selected	%1$d özellik kapısı seçildi
%1$d minutes left	%1$d dakika kaldı
%1$d overrides were turned off because the Lab couldn't confirm their gates are unchanged in TikTok %2$s. Review them before turning them back on.	Lab, TikTok %2$s sürümünde özellik kapılarının değişmediğini doğrulayamadığı için %1$d geçersiz kılma kapatıldı. Yeniden açmadan önce gözden geçir.
%1$d rejected	%1$d reddedildi
%1$d results	%1$d sonuç
%1$d results so far	Şimdiye kadar %1$d sonuç
%1$d results so far, and more not counted	Şimdiye kadar %1$d sonuç, sayılmayan başkaları da var
%1$d results, filtered to %2$s	%1$d sonuç, filtre: %2$s
%1$d setting wasn't in that file and was left as it is	%1$d ayar o dosyada yoktu ve olduğu gibi bırakıldı
%1$d settings weren't in that file and were left as they are	%1$d ayar o dosyada yoktu ve oldukları gibi bırakıldı
%1$d unavailable	%1$d kullanılamıyor
%1$s (%2$s)	%1$s (%2$s)
%1$s (TikTok value)	%1$s (TikTok değeri)
%1$s (custom, unverified)	%1$s (özel, doğrulanmamış)
%1$s (override returned)	%1$s (geçersiz kılma döndürüldü)
%1$s (will be returned when requested)	%1$s (istendiğinde döndürülecek)
%1$s and above	%1$s ve üzeri
%1$s appears more than once in this file.	%1$s bu dosyada birden fazla kez geçiyor.
%1$s changed	%1$s değişti
%1$s destinations must start with %2$s	%1$s hedefleri %2$s ile başlamalı
%1$s is too long for a settings backup. Shorten it, then save the backup again.	%1$s bir ayar yedeği için çok uzun. Kısaltın, ardından yedeği yeniden kaydedin.
%1$s isn't a language code, so no video would ever match it. Use two letters, like en, es or de.	%1$s bir dil kodu değil, bu yüzden hiçbir video eşleşmez. en, es veya de gibi iki harf kullan.
%1$s needs fixing. %2$s	%1$s düzeltilmeli. %2$s
%1$s is a kind of value the Lab can't override.	%1$s, Lab'in geçersiz kılamayacağı bir değer türü.
%1$s has type %2$s, but the file says %3$s.	%1$s türü %2$s, ama dosyada %3$s yazıyor.
%1$s is already hidden	%1$s zaten gizli
%1$s isn't a country code, so no video would ever match it. Use two letters, like GB, IE or US.	%1$s bir ülke kodu değil, bu yüzden hiçbir video onunla eşleşmez. GB, IE veya US gibi iki harf kullan.
%1$s isn't in this Lab catalog.	%1$s bu Lab kataloğunda yok.
%1$s isn't installed or doesn't take links	%1$s yüklü değil veya bağlantı kabul etmiyor
%1$s left	%1$s kaldı
%1$s min left	%1$s dk kaldı
%1$s to %2$s	%1$s ile %2$s arası
%1$s videos left	%1$s video kaldı
%1$s videos were recorded before each account kept its own list. They hide nothing until you add them here.	%1$s video, her hesap kendi listesini tutmadan önce kaydedildi. Onları buraya ekleyene kadar hiçbir şeyi gizlemezler.
%1$s was rejected. %2$s	%1$s reddedildi. %2$s
%1$s · Hushfeed's list only	%1$s · yalnızca Hushfeed listesinde
%1$s · current value only	%1$s · yalnızca geçerli değer
%1$s · declared by TikTok	%1$s · TikTok tarafından tanımlı
%1$s · declared by TikTok, with a current value	%1$s · TikTok tarafından tanımlı, geçerli değeri var
%1$s%%	%%%1$s
%1$s, %2$s, %3$s, %4$s, %5$s	%1$s, %2$s, %3$s, %4$s, %5$s
%1$s, selected	%1$s, seçili
%1$s. %2$s	%1$s. %2$s
%1$s: %2$d found, %3$d missing	%1$s: %2$d bulundu, %3$d eksik
%1$s: %2$d found, %3$d missing, and more it stopped counting	%1$s: %2$d bulundu, %3$d eksik, daha fazlası da var ama saymayı bıraktı
%1$s: %2$d found, %3$d missing, and more it stopped counting. First missing: %4$s	%1$s: %2$d bulundu, %3$d eksik, daha fazlası da var ama saymayı bıraktı. İlk eksik: %4$s
%1$s: %2$d found, %3$d missing. First missing: %4$s	%1$s: %2$d bulundu, %3$d eksik. İlk eksik: %4$s
%1$s: %2$s	%1$s: %2$s
1 field overridden	1 alan geçersiz kılındı
1 field will be overridden when requested	İstendiğinde 1 alan geçersiz kılınacak
1 gate selected	1 özellik kapısı seçildi
1 min left	1 dk kaldı
1 override was turned off because the Lab couldn't confirm its gate is unchanged in TikTok %2$s. Review it before turning it back on.	Lab, TikTok %2$s sürümünde özellik kapısının değişmediğini doğrulayamadığı için 1 geçersiz kılma kapatıldı. Yeniden açmadan önce gözden geçir.
1 result	1 sonuç
1 result so far	Şimdiye kadar 1 sonuç
1 video left	1 video kaldı
A Lab change is already running	Bir Lab değişikliği zaten sürüyor
A diagnostic report is already being saved	Bir tanılama raporu zaten kaydediliyor
A few seconds	Birkaç saniye
A field value couldn't be read. Check the values and try again.	Bir alan değeri okunamadı. Değerleri kontrol edip tekrar dene.
A good place to stop, if you want one.	İstersen, durmak için iyi bir an.
A green square in the top corner while TikTok has the camera open, and an orange diamond while it records sound. They go when the access ends.	TikTok kamerayı açık tuttuğu sürece üst köşede yeşil bir kare, ses kaydederken turuncu bir eşkenar dörtgen görünür. Erişim bitince kaybolurlar.
Type a website name to use instead of tiktok.com in links you share or copy, like vxtiktok.com. Leave empty to share TikTok's own links. Only TikTok links change, and only the website name.	Paylaştığın veya kopyaladığın bağlantılarda tiktok.com yerine kullanılacak bir site adı yaz, örneğin vxtiktok.com. TikTok'un kendi bağlantılarını paylaşmak için boş bırak. Yalnızca TikTok bağlantıları ve yalnızca site adı değişir.
A small label on the feed shows the minutes or videos left of today's budget, whichever is closer to running out.	Akıştaki küçük bir etiket, bugünkü bütçenden kalan dakikayı veya video sayısını gösterir, hangisi bitmeye daha yakınsa onu.
A tap on Home or on the For You tab while For You is showing no longer reloads it. The video you're on stays.	Senin İçin açıkken Ana Sayfa'ya ya da Senin İçin sekmesine dokunmak artık akışı yenilemez. İzlediğin video yerinde kalır.
A video you paused stays paused when you come back to the app instead of starting again. One you left playing starts as usual. It works on Android 10 and newer.	Duraklattığın bir video, uygulamaya döndüğünde yeniden başlamak yerine duraklatılmış kalır. Oynarken bıraktığın bir video her zamanki gibi başlar. Android 10 ve sonrasında çalışır.
A web address someone left in a comment can be tapped instead of copied out by hand. Tapping anywhere else in the comment still does what it did.	Birinin yoruma bıraktığı web adresine, elle kopyalamak yerine dokunulabilir. Yorumun başka bir yerine dokunmak yine eskiden ne yapıyorsa onu yapar.
AI-generated posts	Yapay zeka ile üretilmiş gönderiler
A forced value applies to this copy of TikTok whichever account is signed in. It can't get past a check the server makes.	Zorlanan bir değer, hangi hesap oturum açmış olursa olsun bu TikTok kopyası için geçerlidir. Sunucunun yaptığı bir denetimi aşamaz.
Add older seen videos to this account	Eski görülen videoları bu hesaba ekle
Added %1$s older seen videos to this account	%1$s eski görülen video bu hesaba eklendi
Added one older seen video to this account	Bu hesaba daha önce görülen bir video eklendi
Added to this account.	Bu hesaba eklendi.
Caption languages	Altyazı dilleri
Separate handles or user IDs with commas. Their videos stay when a filter on post type, labels, age, length or counts would hide them. Ads, blocked creators, words, sounds, countries, caption languages and seen videos still apply.	Hesap kullanıcı adlarını veya kullanıcı kimliklerini virgülle ayır. Gönderi türü, etiketler, yaş, uzunluk veya sayılara göre bir filtre gizleyecek olsa bile videoları kalır. Reklamlar, engellenen içerik üreticileri, kelimeler, sesler, ülkeler, açıklama dilleri ve görülmüş videolar yine geçerlidir.
Separate language codes with commas, like en, es. A video whose original caption is in another language is hidden. Videos with no caption, or only translated ones, always stay.	Dil kodlarını virgülle ayır, örneğin en, es. Özgün açıklaması başka dilde olan video gizlenir. Açıklaması olmayan veya yalnızca çevrilmiş açıklaması olan videolar her zaman kalır.
Comma separated names exactly as the row under a profile's bio shows them, such as TikTok Studio or Your orders. Restart TikTok to apply this.	Virgülle ayrılmış adlar, bir profilin biyografisinin altındaki satırda göründüğü gibi, örneğin TikTok Studio veya Siparişlerin. Bunu uygulamak için TikTok'u yeniden başlat.
Couldn't add the older seen videos. Try again.	Eski görülen videolar eklenemedi. Tekrar dene.
Couldn't copy the report. Use Save report instead.	Rapor kopyalanamadı. Bunun yerine "Raporu kaydet"i kullan.
Couldn't read TikTok's current values (%1$s). Refresh values from the menu to try again.	TikTok'un geçerli değerleri okunamadı (%1$s). Yeniden denemek için menüden değerleri yenile.
Couldn't restart TikTok. Close it and open it again.	TikTok yeniden başlatılamadı. Kapatıp tekrar açın.
Couldn't undo that. Try again.	Geri alınamadı. Tekrar deneyin.
Count a video as seen after	Bir videoyu şu kadarından sonra görülmüş say
Forget the %1$s videos @%2$s has seen.	@%2$s hesabının gördüğü %1$s videoyu unut.
Forget the seen video.	Görülen videoyu unut.
Forget the video @%2$s has seen.	@%2$s hesabının gördüğü videoyu unut.
Got it	Anladım
Hide profile shortcuts	Profil kısayollarını gizle
Hide profile shortcuts by name	Profil kısayollarını adına göre gizle
Hide the status bar in LIVE rooms	LIVE odalarında durum çubuğunu gizle
How much of a video you watch before it's hidden next time. Zero counts it after a few seconds.	Bir videonun bir dahaki sefere gizlenmesi için ne kadarını izlemen gerektiği. Sıfır, birkaç saniye sonra sayar.
Later	Daha sonra
Leave when TikTok says time is up	TikTok süre doldu deyince uygulamadan çık
Let a LIVE fill the screen up to the top edge. The status bar comes back when you leave the LIVE. Swipe down from the top to peek at it.	Bir LIVE ekranı üst kenara kadar doldursun. Durum çubuğu LIVE'dan çıkınca geri gelir. Göz atmak için üstten aşağı kaydır.
Loading the gate list and TikTok's current values…	Gate listesi ve TikTok'un geçerli değerleri yükleniyor…
New value	Yeni değer
No app on this phone opens that file	Bu telefonda o dosyayı açan bir uygulama yok
No profile shortcuts have been seen yet	Henüz hiç profil kısayolu görülmedi
One video was recorded before each account kept its own list. It hides nothing until you add it here.	Her hesabın kendi listesi olmadan önce bir video kaydedildi. Buraya ekleyene kadar hiçbir şeyi gizlemez.
Only these caption languages	Yalnızca bu altyazı dilleri
Open	Aç
Open your profile once, then return here to choose its shortcuts.	Profilini bir kez aç, sonra kısayollarını seçmek için buraya dön.
Photos can't be saved to the folder in that file, so your photo folder was kept	Fotoğraflar o dosyadaki klasöre kaydedilemiyor, bu yüzden fotoğraf klasörün korundu
Pick the shortcuts to remove from the row under a profile's bio, such as TikTok Studio or Your orders. Restart TikTok to apply this.	Bir profilin biyografisinin altındaki satırdan kaldırılacak kısayolları seç, örneğin TikTok Studio veya Siparişlerin. Bunu uygulamak için TikTok'u yeniden başlat.
Preview shortened. Save report keeps the full report.	Önizleme kısaltıldı. "Raporu kaydet" raporun tamamını saklar.
Refreshing TikTok's current values…	TikTok'un geçerli değerleri yenileniyor…
Restart TikTok to apply this	Bunu uygulamak için TikTok'u yeniden başlat
Save report	Raporu kaydet
Stay on the video in full screen	Tam ekranda videoda kal
Stickers can't be saved to the folder in that file, so your sticker folder was kept	Çıkartmalar o dosyadaki klasöre kaydedilemiyor, bu yüzden çıkartma klasörün korundu
Stop TikTok's speed tests	TikTok'un hız testlerini durdur
That creator pattern could stall the feed, so it was skipped: %1$s	Bu içerik üreticisi kalıbı akışı kilitleyebileceği için atlandı: %1$s
That creator pattern could stall the feed, so it wasn't added: %1$s	Bu içerik üreticisi kalıbı akışı kilitleyebileceği için eklenmedi: %1$s
This key isn't in Hushfeed's list, so its type can't be checked. Reset the override.	Bu anahtar Hushfeed listesinde yok, bu yüzden türü denetlenemiyor. Geçersiz kılmayı sıfırla.
This key touches account safety. Forcing it can change login, region, payment or security checks.	Bu anahtar hesap güvenliğine dokunur. Zorlamak giriş, bölge, ödeme veya güvenlik denetimlerini değiştirebilir.
Activity	Etkinlik
Activity center (PIA)	Etkinlik merkezi (PIA)
Add	Ekle
Add a button beside the block control to send feedback about the current video.	Engelleme düğmesinin yanına, o anki video hakkında geri bildirim göndermek için bir düğme ekle.
Add a button that hides the current creator on this phone without blocking them.	O anki içerik üreticisini engellemeden bu telefonda gizleyen bir düğme ekle.
Add a creator	İçerik üreticisi ekle
Adds a search box that finds comments already loaded on this video, by words or username. It doesn't search all of TikTok.	Bu videoda zaten yüklenmiş yorumları kelimeyle veya kullanıcı adıyla bulan bir arama kutusu ekler. Tüm TikTok'ta arama yapmaz.
Add a separate button that skips videos using the current sound.	O anki sesi kullanan videoları atlayan ayrı bir düğme ekle.
Add hidden creator	Gizli içerik üreticisi ekle
Added %1$s	%1$s eklendi
Ads	Reklamlar
Advanced	Gelişmiş
Advanced JSON value	Gelişmiş JSON değeri
All	Tümü
All available languages	Kullanılabilir tüm diller
All events	Tüm olaylar
All loaded tabs	Yüklenen tüm sekmeler
Allow Duet and Stitch anyway	Yine de Düet ve Stitch'e izin ver
Allow screenshots and Circle to Search	Ekran görüntüsüne ve Circle to Search'e izin ver
Allow storage for TikTok in Android settings to save profile pictures	Profil fotoğraflarını kaydetmek için Android ayarlarında TikTok'a depolama izni ver
Allow storage for TikTok in Android settings to save sounds	Sesleri kaydetmek için Android ayarlarında TikTok'a depolama izni ver
Allow storage for TikTok in Android settings to save stories	Hikayeleri kaydetmek için Android ayarlarında TikTok'a depolama izni ver
Already active	Zaten etkin
Already marked as not interested	Zaten İlgilenmiyorum olarak işaretlendi
Also apply these filters to downloaded videos TikTok uses when the feed can't load enough new items.	Bu filtreleri, akış yeterince yeni öğe yükleyemediğinde TikTok'un kullandığı indirilmiş videolara da uygula.
Also change the region TikTok reports internally. Keeps your interface language. Your IP address and your account's own rules still apply.	TikTok'un dahili olarak bildirdiği bölgeyi de değiştir. Arayüz dilin aynı kalır. IP adresin ve hesabının kendi kuralları geçerli olmaya devam eder.
Always show publish date	Yayın tarihini her zaman göster
Always show the publish date in video author information. Restart TikTok to apply this.	Video sahibi bilgilerinde yayın tarihini her zaman göster. Bunu uygulamak için TikTok'u yeniden başlat.
Type the other app's ID, like com.dv.adm. The save button sends the video's link there instead of saving. Leave empty to save here.	Diğer uygulamanın kimliğini yaz, örneğin com.dv.adm. Kaydet düğmesi kaydetmek yerine videonun bağlantısını oraya gönderir. Burada kaydetmek için boş bırak.
An interrupted settings change couldn't be recovered, so its record was set aside. Check your settings or restore a backup.	Yarıda kalan bir ayar değişikliği kurtarılamadı, bu yüzden kaydı bir kenara ayrıldı. Ayarlarını kontrol et veya bir yedeği geri yükle.
An operator code is five or six digits, like 310260	Operatör kodu beş veya altı hanelidir, örneğin 310260
An override changes the value TikTok reads from this gate. It doesn't change TikTok's saved copy or prove the named feature changed.	Bir geçersiz kılma, TikTok'un bu geçitten okuduğu değeri değiştirir. TikTok'un kayıtlı kopyasını değiştirmez ve adı geçen özelliğin değiştiğini kanıtlamaz.
Animated sticker format	Hareketli çıkartma biçimi
TikTok gets no location from your phone. The Region settings change your country and time zone. This switch stops the exact position.	TikTok telefonundan hiçbir konum almaz. Bölge ayarları ülkeni ve saat dilimini değiştirir. Bu anahtar tam konumu durdurur.
TikTok sees an empty contact list instead of yours. Find Friends and People you may know can no longer use your contacts.	TikTok seninkinin yerine boş bir kişi listesi görür. Arkadaşlarını bul ve Tanıyor olabileceğin kişiler artık kişilerini kullanamaz.
TikTok sees an empty list of apps instead of the apps on your phone. Checks for one specific app, such as when TikTok opens an app you tap, still work.	TikTok, telefonundaki uygulamalar yerine boş bir uygulama listesi görür. Belirli bir uygulamayı kontrol etmek, örneğin TikTok'un dokunduğun bir uygulamayı açması, yine çalışır.
App	Uygulama
App AB	Uygulama AB
Appearance	Görünüm
Applies to both video and photo downloads.	Hem video hem fotoğraf indirmeleri için geçerlidir.
Apply	Uygula
Applying Calm feed	Sakin akış uygulanıyor
Around the video	Videonun çevresi
Arrange your feed and bottom tabs	Akışını ve alt sekmeleri düzenle
Ask TikTok for search results that aren't personalized to your account. This changes results, not search buttons or suggestions.	TikTok'tan hesabına göre kişiselleştirilmemiş arama sonuçları iste. Bu, sonuçları değiştirir, arama düğmelerini veya önerilerini değil.
Attention	Dikkat
Audio	Ses
Auto translate comments	Yorumları otomatik çevir
Auto-advance	Otomatik geçiş
Staying on a video	Videoda kalmak
Auto-advance session limit	Otomatik geçiş oturum sınırı
Auto-advance stopped after %1$d videos	Otomatik geçiş %1$d videodan sonra durdu
Auto-advance stopped after one video	Otomatik geçiş bir videodan sonra durdu
Auto-advance videos	Videoları otomatik geç
Automatic	Otomatik
Automatic clear display	Otomatik temiz ekran
Avatar and follow button	Profil fotoğrafı ve takip düğmesi
Back	Geri
Back up settings	Ayarları yedekle
Backup and restore	Yedekleme ve geri yükleme
Black	Siyah
Block clipboard reads	Pano okumalarını engelle
Hide a VPN connection	VPN bağlantısını gizle
TikTok can't tell you're using a VPN. Your other connections show as they really are. Leave this off if you need a feature that checks for a VPN.	TikTok VPN kullandığını anlayamaz. Diğer bağlantıların gerçekte olduğu gibi görünür. VPN kontrolü yapan bir özelliğe ihtiyacın varsa kapalı bırak.
Block the advertising ID	Reklam kimliğini engelle
TikTok gets a blank advertising ID, like the one Android gives after you reset yours. Apps can't use it to recognize your phone.	TikTok boş bir reklam kimliği alır, Android'in seninkini sıfırladıktan sonra verdiği gibi. Uygulamalar bununla telefonunu tanıyamaz.
Block contact list access	Kişi listesine erişimi engelle
Block installed app scanning	Yüklü uygulama taramasını engelle
Block location	Konumu engelle
Block motion sensors	Hareket sensörlerini engelle
Block new bottom tabs	Yeni alt sekmeleri engelle
Block new feed tabs	Yeni akış sekmelerini engelle
Block the creator in one tap. Once TikTok confirms, skip to the next video. A small Unblock button appears at the top left for two seconds. You can also unblock later in TikTok's Privacy > Blocked accounts.	İçerik üreticisini tek dokunuşla engelle. TikTok onaylayınca sonraki videoya geç. Sol üstte iki saniyeliğine küçük bir Engeli kaldır düğmesi görünür. Engeli daha sonra TikTok'ta Gizlilik > Engellenen hesaplar bölümünden de kaldırabilirsin.
Block this commenter	Bu yorumu yazanı engelle
Block this creator	Bu içerik üreticisini engelle
Block this sound	Bu sesi engelle
Blocked	Engellendi
Blocked %1$s	%1$s engellendi
Blocked %1$s. Unblock	%1$s engellendi. Engeli kaldır
Blocked caption words	Engellenen açıklama kelimeleri
Blocked comment words	Engellenen yorum kelimeleri
Blocked creators	Engellenen içerik üreticileri
Blocked sound ids	Engellenen ses kimlikleri
Blocked sound names	Engellenen ses adları
Blocked sounds	Engellenen sesler
Blocking	Engelleniyor
On or off	Açık veya kapalı
Bottom tabs to keep	Tutulacak alt sekmeler
Browse	Göz at
Calm feed	Sakin akış
Calm feed couldn't be applied. Nothing was changed.	Sakin akış uygulanamadı. Hiçbir şey değiştirilmedi.
Calm feed couldn't start. Try again in a moment.	Sakin akış başlatılamadı. Birazdan tekrar dene.
Calm feed is on.	Sakin akış açık.
Calm feed is on. Restart TikTok to apply all changes.	Sakin akış açık. Tüm değişiklikleri uygulamak için TikTok'u yeniden başlat.
Camera and microphone in use	Kamera ve mikrofon kullanımda
Camera in use	Kamera kullanımda
Cancel	İptal
Caption background	Altyazı arka planı
Caption text size	Altyazı metin boyutu
Description text size	Açıklama metin boyutu
Author text size	İçerik üreticisinin ad boyutu
Use 0 for TikTok's size, or %1$d to %2$d. Sizes the description below the author's name and keeps Android's font scaling.	TikTok'un boyutu için 0, ya da %1$d ile %2$d arasında bir değer kullan. İçerik üreticisinin adının altındaki açıklamayı boyutlandırır ve Android'in yazı tipi ölçeklendirmesini korur.
Use 0 for TikTok's size, or %1$d to %2$d. Sizes the author's name and keeps Android's font scaling.	TikTok'un boyutu için 0, ya da %1$d ile %2$d arasında bir değer kullan. İçerik üreticisinin adını boyutlandırır ve Android'in yazı tipi ölçeklendirmesini korur.
Captions	Altyazılar
Captions, gestures and on-screen controls	Altyazılar, hareketler ve ekran kontrolleri
Capture crash reports locally	Çökme raporlarını yerel olarak kaydet
Changed	Değişti
Choose %1$d to %2$d videos. Values outside this range use the nearest valid limit. Restart TikTok to apply this.	%1$d ile %2$d arasında bir video sayısı seç. Bu aralığın dışındaki değerler en yakın geçerli sınırı kullanır. Bunu uygulamak için TikTok'u yeniden başlat.
Choose a backup file. Your current settings are kept for Undo.	Bir yedek dosyası seç. Mevcut ayarların Geri al için saklanır.
Choose a folder on internal storage. SD cards aren't supported.	Dahili depolamada bir klasör seç. SD kartlar desteklenmez.
Choose a preset to fill the SIM details.	SIM bilgilerini doldurmak için bir hazır ayar seç.
Choose a subfolder under %1$s.	%1$s altında bir alt klasör seç.
Choose what reaches your feed	Akışına nelerin ulaşacağını seç
Choose which bottom tabs stay visible.	Hangi alt sekmelerin görünür kalacağını seç.
Choose which feed tabs stay visible. If only For You is left, its tab name is hidden.	Hangi akış sekmelerinin görünür kalacağını seç. Yalnızca For You kalırsa sekme adı gizlenir.
Choose which rows and controls appear	Hangi satırların ve kontrollerin görüneceğini seç
Clear all	Tümünü temizle
Clear all Lab data (overrides, switch, recordings)	Tüm Lab verilerini temizle (geçersiz kılmalar, anahtar, kayıtlar)
Clear all suggested accounts	Önerilen tüm hesapları temizle
Clears the recent events, saved crash reports, a recorded screen layout and the Hook status results above.	Son olayları, kayıtlı çökme raporlarını, kaydedilmiş bir ekran düzenini ve yukarıdaki Hook status sonuçlarını temizler.
Record a screen's layout	Bir ekranın düzenini kaydet
Tap, then go to the screen with what you want hidden. After %1$d seconds Hushfeed records how that screen is built, without any of its text, for the diagnostic report.	Dokun, sonra gizlemek istediğin şeyin olduğu ekrana git. %1$d saniye sonra Hushfeed o ekranın nasıl kurulduğunu, metnini almadan, tanılama raporu için kaydeder.
TikTok sometimes tests your phone's speed in a background process that can use a lot of memory. This stops that test from starting. One already running ends when TikTok restarts.	TikTok bazen telefonunun hızını çok bellek kullanabilen bir arka plan işleminde test eder. Bu, testin başlamasını engeller. Zaten çalışan bir test, TikTok yeniden başlayınca biter.
Waiting to record. Go to the screen you want recorded.	Kayıt bekleniyor. Kaydedilmesini istediğin ekrana git.
A screen's layout is recorded. Export the diagnostic report to send it, or tap to record another.	Bir ekran düzeni kaydedildi. Göndermek için tanılama raporunu dışa aktar ya da başka birini kaydetmek için dokun.
Go to the screen now. Hushfeed records its layout in %1$d seconds.	Şimdi ekrana git. Hushfeed %1$d saniye içinde düzenini kaydeder.
Screen layout recorded. Export the diagnostic report to send it.	Ekran düzeni kaydedildi. Göndermek için tanılama raporunu dışa aktar.
Nothing was recorded because Hushfeed settings were still open. Start again, then leave settings.	Hushfeed ayarları hâlâ açık olduğu için hiçbir şey kaydedilmedi. Yeniden başlat, sonra ayarlardan çık.
Couldn't record the screen's layout. Start again from Diagnostics.	Ekranın düzeni kaydedilemedi. Tanılama bölümünden yeniden başlat.
Clear diagnostic data	Tanılama verilerini temizle
Clear display	Temiz ekran
Clear display delay	Temiz ekran gecikmesi
Clear preset	Hazır ayarı temizle
Clear search	Aramayı temizle
Clear seen videos	Görülen videoları temizle
Clear the search	Aramayı temizle
Cleared. Tap to undo before TikTok closes.	Temizlendi. TikTok kapanmadan önce geri almak için dokun.
Clearing	Temizleniyor
Clearing suggested accounts	Önerilen hesaplar temizleniyor
Clearing, %1$d so far	Temizleniyor, şimdiye kadar %1$d
Close	Kapat
Separate account handles or user IDs with commas. Videos from these accounts are always hidden. An entry between slashes, like /^news_/, is a search pattern checked against the handle and display name.	Hesap kullanıcı adlarını veya kullanıcı kimliklerini virgülle ayır. Bu hesapların videoları her zaman gizlenir. /^news_/ gibi eğik çizgiler arasındaki bir giriş, kullanıcı adı ve görünen adla karşılaştırılan bir arama desenidir.
Separate country codes with commas, like GB, IE. Videos posted from anywhere else are hidden. Leave empty for all countries.	Ülke kodlarını virgülle ayır, örneğin GB, IE. Başka yerlerden paylaşılan videolar gizlenir. Tüm ülkeler için boş bırak.
Separate country codes with commas. Videos posted from these are hidden, whatever the list above says.	Ülke kodlarını virgülle ayır. Buralardan paylaşılan videolar, yukarıdaki liste ne derse desin gizlenir.
Separate the titles of any other Inbox rows you want to hide with commas, spelled exactly. Use this for anything not listed above.	Gizlemek istediğin diğer Gelen kutusu satırlarının başlıklarını tam yazıldığı gibi virgülle ayır. Yukarıda listelenmeyen her şey için kullan.
Separate names with commas, exactly as the share sheet shows them. These can be friends in the Send to row, apps such as Facebook, or actions such as Create group or Repost. The words copy, save and dislike also work before the sheet has opened.	Adları, paylaşım sayfasında göründüğü gibi virgülle ayır. Bunlar Gönder satırındaki arkadaşlar, Facebook gibi uygulamalar veya Grup oluştur ya da Yeniden paylaş gibi eylemler olabilir. copy, save ve dislike kelimeleri sayfa açılmadan önce de çalışır.
Sound IDs saved by the player's sound button, separated by commas. Remove one to unblock it.	Oynatıcının ses düğmesinin kaydettiği ses kimlikleri, virgülle ayrılmış. Engeli kaldırmak için birini sil.
Separate usernames or display names with commas. Their comments are hidden.	Kullanıcı adlarını veya görünen adları virgülle ayır. Yorumları gizlenir.
Separate words or phrases with commas. Videos whose caption matches are hidden. Capital letters don't matter. Write "a" & "b" to need both phrases, or "a" !& "b" to need the first without the second.	Kelimeleri veya ifadeleri virgülle ayır. Açıklaması eşleşen videolar gizlenir. Büyük küçük harf fark etmez. İki ifadenin de olması için "a" & "b", birincinin olup ikincinin olmaması için "a" !& "b" yaz.
Separate words with commas, like saxophone, to match against sound names. Capital letters don't matter.	Ses adlarıyla eşleştirilecek kelimeleri virgülle ayır, örneğin saxophone. Büyük küçük harf fark etmez.
Separate words with commas. A comment is hidden if it contains any of them. Capital letters don't matter. Write "a" & "b" to need both phrases, or "a" !& "b" to need the first without the second.	Kelimeleri virgülle ayır. İçinde bunlardan biri geçen yorum gizlenir. Büyük küçük harf fark etmez. İki ifadenin de olması için "a" & "b", birincinin olup ikincinin olmaması için "a" !& "b" yaz.
Comment media filename	Yorum medyası dosya adı
Comments	Yorumlar
Comments aren't available for this video	Bu video için yorumlar kullanılamıyor
Comments beside the video	Yorumlar videonun yanında
Compact comment header	Kompakt yorum başlığı
Compare gate reads with their previous values.	Özellik kapısı okumalarını önceki değerleriyle karşılaştır.
Completed an interrupted settings change. Restart TikTok to apply this.	Yarıda kalan bir ayar değişikliği tamamlandı. Bunu uygulamak için TikTok'u yeniden başlat.
Config	Yapılandırma
Config (Settings Manager)	Yapılandırma (Settings Manager)
Confirm before a quick repost	Hızlı yeniden yayınlamadan önce onay iste
Confirm before following	Takip etmeden önce onay iste
Confirm before liking	Beğenmeden önce onay iste
Confirm before liking a comment	Bir yorumu beğenmeden önce onay iste
Confirm before liking a story	Bir hikayeyi beğenmeden önce onay iste
Continue supported videos from where you stopped when you scroll back to them.	Desteklenen videolara geri kaydırdığında kaldığın yerden devam et.
Controls	Kontroller
Feature gate report copied	Özellik kapısı raporu kopyalandı
# context: Diagnostics, the feed capture row (its titles and summaries) and its toasts
Capture the feed	Akışı kaydet
Tap to start, then scroll until the feed problem shows up and come back here to save it. The file has no captions or names, and videos and creators appear only as short codes. Read it before you share it.	Başlatmak için dokun, sonra akıştaki sorun görünene kadar kaydır ve kaydetmek için buraya dön. Dosyada altyazı veya ad bulunmaz, videolar ve içerik üreticileri yalnızca kısa kodlarla görünür. Paylaşmadan önce dosyayı oku.
Stop and save the feed capture	Akış kaydını durdur ve kaydet
Recording what the feed filters keep and hide. Tap to stop and save it in %1$s.	Akış filtrelerinin bıraktıkları ve gizledikleri kaydediliyor. Durdurup %1$s konumuna kaydetmek için dokun.
Save the feed capture	Akış kaydını kaydet
The last feed capture wasn't saved. Tap to try again.	Son akış kaydı kaydedilmedi. Yeniden denemek için dokun.
Feed capture started. Scroll until the problem shows up, then come back here to stop.	Akış kaydı başladı. Sorun görünene kadar kaydır, sonra durdurmak için buraya dön.
The feed capture is still being saved	Akış kaydı hâlâ kaydediliyor
Feed capture saved to %1$s. Read it before you share it.	Akış kaydı %1$s konumuna kaydedildi. Paylaşmadan önce oku.
The feed capture couldn't be saved. Tap the row to try again.	Akış kaydı kaydedilemedi. Yeniden denemek için satıra dokun.
Couldn't start saving the feed capture. Try again in a moment.	Akış kaydını kaydetme başlatılamadı. Birazdan tekrar dene.
Copy a quick report or save the full report as a file.	Hızlı bir rapor kopyala veya tam raporu dosya olarak kaydet.
Copy comments without username	Yorumları kullanıcı adı olmadan kopyala
Copy only the comment text when using TikTok's copy comment action.	TikTok'un yorumu kopyala eylemini kullanırken yalnızca yorum metnini kopyala.
Copy quick report	Hızlı raporu kopyala
Copy report	Raporu kopyala
Copy the sound link	Ses bağlantısını kopyala
Copy the video link	Video bağlantısını kopyala
Couldn't change the Lab settings. Try again.	Lab ayarları değiştirilemedi. Tekrar dene.
Couldn't clear the suggested accounts. Reopen the Inbox and try again.	Önerilen hesaplar temizlenemedi. Gelen Kutusu'nu yeniden açıp tekrar dene.
Couldn't open settings search. Reopen settings and try again.	Ayarlar araması açılamadı. Ayarları yeniden açıp tekrar dene.
Couldn't open that settings section. Reopen settings and try again.	O ayarlar bölümü açılamadı. Ayarları yeniden açıp tekrar dene.
Couldn't open the file picker to export. Try again.	Dışa aktarma dosya seçicisi açılamadı. Tekrar dene.
Couldn't open the file picker to import. Try again.	İçe aktarma dosya seçicisi açılamadı. Tekrar dene.
Couldn't put back the diagnostic data. Try again.	Tanılama verileri geri konamadı. Tekrar dene.
Couldn't read who posted this comment. Open their profile and block them there.	Bu yorumu kimin yazdığı okunamadı. Profilini açıp oradan engelle.
Couldn't reset this override. Try again.	Bu geçersiz kılma sıfırlanamadı. Tekrar dene.
Couldn't restore the settings. Try again.	Ayarlar geri yüklenemedi. Tekrar dene.
Couldn't reset the settings. Try again.	Ayarlar sıfırlanamadı. Tekrar dene.
Couldn't undo the last change. Try again.	Son değişiklik geri alınamadı. Tekrar dene.
Couldn't save the settings backup. Try again.	Ayar yedeği kaydedilemedi. Tekrar dene.
Couldn't save this override. Try again.	Bu geçersiz kılma kaydedilemedi. Tekrar dene.
Couldn't send the feedback. Try again in a moment.	Geri bildirim gönderilemedi. Birazdan tekrar dene.
Couldn't start the Lab change. Try again in a moment.	Lab değişikliği başlatılamadı. Birazdan tekrar dene.
Couldn't start the report export. Try again in a moment.	Rapor dışa aktarımı başlatılamadı. Birazdan tekrar dene.
Couldn't start the settings change. Try again in a moment.	Ayar değişikliği başlatılamadı. Birazdan tekrar dene.
Couldn't tell which folder to update. Choose it again.	Hangi klasörün güncelleneceği anlaşılamadı. Yeniden seç.
Couldn't undo the clear. Try again.	Temizleme geri alınamadı. Tekrar dene.
Couldn't confirm the block for %1$s. Open their profile to check.	%1$s için engelleme doğrulanamadı. Kontrol etmek için profilini aç.
Couldn't confirm the unblock for %1$s. Open their profile to check.	%1$s için engelin kaldırıldığı doğrulanamadı. Kontrol etmek için profilini aç.
Country and network preferences	Ülke ve ağ tercihleri
Country code	Ülke kodu
Counts under the buttons	Düğmelerin altındaki sayılar
Create	Oluştur
Creators and sounds	İçerik üreticileri ve sesler
Creators hidden on this phone	Bu telefonda gizlenen içerik üreticileri
Creators you hid from a video. Search the list and remove one at a time.	Bir videodan gizlediğin içerik üreticileri. Listede ara ve tek tek kaldır.
Current	Mevcut
Current %1$s	Mevcut %1$s
Current state	Mevcut durum
Current: %1$s	Mevcut: %1$s
Custom SIM details	Özel SIM bilgileri
Custom value	Özel değer
Custom value…	Özel değer…
Protect external pages in TikTok's browser	TikTok tarayıcısındaki harici sayfaları koru
Daily budget	Günlük bütçe
Daily budgets, reminders and the hold	Günlük bütçeler, hatırlatmalar ve bekletme
Daily time budget	Günlük süre bütçesi
Daily video budget	Günlük video bütçesi
Dark	Koyu
Days to remember a video. Zero removes the age limit. History keeps at most %1$s videos.	Bir videonun kaç gün hatırlanacağı. Sıfır, yaş sınırını kaldırır. Geçmiş en fazla %1$s video tutar.
Days. Zero keeps every age. Posts without a usable timestamp, including future posts, stay visible.	Gün. Sıfır her yaştaki gönderiyi tutar. Gelecek tarihli gönderiler dahil, kullanılabilir bir zaman damgası olmayan gönderiler görünür kalır.
Default	Varsayılan
Default playback speed	Varsayılan oynatma hızı
Destination updated	Hedef güncellendi
Device access	Cihaz erişimi
Device language, then original	Önce cihaz dili, sonra orijinal
Diagnostic data cleared. Tap again to put it back.	Tanılama verileri temizlendi. Geri koymak için tekrar dokun.
Diagnostic data put back	Tanılama verileri geri kondu
Diagnostic report copied to the clipboard	Tanılama raporu panoya kopyalandı
Diagnostics	Tanılama
Disable	Devre dışı bırak
Stop analytics and tracking	Analitiği ve izlemeyi durdur
Long-press Home for Hushfeed settings	Hushfeed ayarları için Ana Sayfa'ya basılı tut
Press and hold the Home tab to open these settings. A tap on Home works as before.	Bu ayarları açmak için Ana Sayfa sekmesine basılı tut. Ana Sayfa'ya dokunmak eskisi gibi çalışır.
Keep For You on a Home tap	Ana Sayfa'ya dokununca Senin İçin'i koru
Keep For You on a pull down	Aşağı çekince Senin İçin'i koru
Keep long press from quick sharing	Uzun basma hızlı paylaşmasın
Keep long press from reposting	Uzun basma yeniden yayınlamasın
Disabled	Devre dışı
Discard edits	Düzenlemeleri iptal et
Dismissed %1$s suggested accounts	%1$s önerilen hesap kaldırıldı
Dismissed one suggested account	Bir önerilen hesap kaldırıldı
Don't start the feed on returning	Geri dönünce akışı başlatma
Do nothing	Hiçbir şey yapma
Done	Bitti
Double tap	Çift dokunma
Download original photos	Orijinal fotoğrafları indir
Downloads	İndirilenler
Drag to move, release to place	Taşımak için sürükle, yerleştirmek için bırak
Drama and Series	Drama ve Seri
Shows TikTok's text in your phone's font instead of TikTok Sans. Icons and gift animations keep their own fonts. Restart TikTok to see the change.	TikTok'un yazısını TikTok Sans yerine telefonunun yazı tipiyle gösterir. Simgeler ve hediye animasyonları kendi yazı tiplerini korur. Değişikliği görmek için TikTok'u yeniden başlat.
Hide the notification saying somebody new followed you before it reaches the drawer. Every other notification is left alone, and the follower still appears in the Inbox.	Birinin seni takip etmeye başladığını söyleyen bildirimi bildirim paneline ulaşmadan gizle. Diğer tüm bildirimlere dokunulmaz ve takipçi yine Gelen Kutusu'nda görünür.
Each area shows how many of the things Hushfeed looks for were found in this TikTok and how many are missing.	Her alan, Hushfeed'in aradığı şeylerden kaçının bu TikTok'ta bulunduğunu ve kaçının eksik olduğunu gösterir.
Easier comment likes	Daha kolay yorum beğenme
Empty	Boş
Empty the menu that opens when you press and hold TikTok's icon on the home screen. Turning this off asks TikTok to build them again. Tapping the icon still opens the app, and a shortcut you pinned yourself stays where you put it.	Ana ekranda TikTok simgesine basılı tuttuğunda açılan menüyü boşalt. Bunu kapatırsan TikTok'tan kısayolları yeniden oluşturması istenir. Simgeye dokunmak yine uygulamayı açar ve kendi sabitlediğin bir kısayol koyduğun yerde kalır.
Enable	Etkinleştir
Log diagnostics	Tanılamayı günlüğe kaydet
Lock the hold speed with a pull down	Basılı tutma hızını aşağı çekerek kilitle
Apply overrides	Geçersiz kılmaları uygula
Enabled	Etkin
Enter a JSON object or array.	Bir JSON nesnesi veya dizisi gir.
Enter a creator handle or id	İçerik üreticisinin kullanıcı adını veya kimliğini gir
Enter a finite number.	Sonlu bir sayı gir.
Enter a number.	Bir sayı gir.
Enter an hour, like 6 or 06:00.	Bir saat gir, örneğin 6 veya 06:00.
Enter a valid structured value.	Geçerli bir yapılandırılmış değer gir.
Enter a valid two-letter country code	Geçerli bir iki harfli ülke kodu gir
Enter a whole number, or one like 20K, 1.5M or 2B	Bir tam sayı ya da 20K, 1.5M veya 2B gibi bir değer gir
Enter a whole number.	Bir tam sayı gir.
Enter true or false.	true veya false gir.
Enter up to %1$d comma-separated speeds from %2$s to %3$s	%2$s ile %3$s arasında, virgülle ayrılmış en fazla %1$d hız gir
That isn't valid JSON. Check the brackets and quotes.	Bu geçerli bir JSON değil. Parantezleri ve tırnakları kontrol edin.
Entry %1$d has a field with the wrong data type.	%1$d numaralı girdide veri türü yanlış olan bir alan var.
Entry %1$d isn't an object.	%1$d numaralı girdi bir nesne değil.
Errors	Hatalar
Expand activity list	Etkinlik listesini genişlet
Explore or Community	Keşfet veya Topluluk
Export diagnostic report	Tanılama raporunu dışa aktar
Export loaded values	Yüklenen değerleri dışa aktar
Exported %1$d loaded values	%1$d yüklenen değer dışa aktarıldı
Exported 1 loaded value	1 yüklenen değer dışa aktarıldı
Makes the heart easier to tap by using the empty space around it. The icon and spacing look the same, and Reply and other buttons keep their own space.	Kalbin çevresindeki boş alanı kullanarak ona dokunmayı kolaylaştırır. Simge ve boşluklar aynı görünür, Yanıtla ve diğer düğmeler kendi alanını korur.
Fade the feed out before the hold	Bekletmeden önce akışı yavaşça karart
Feature Gate Lab	Feature Gate Lab
Feature gate override reset	Özellik kapısı geçersiz kılması sıfırlandı
Feature gate override saved	Özellik kapısı geçersiz kılması kaydedildi
Feed and navigation	Akış ve gezinme
Feed button size	Akış düğmesi boyutu
Feed filter	Akış filtresi
Feed screen	Akış ekranı
Feed tabs	Akış sekmeleri
Feed tabs to keep	Kalacak akış sekmeleri
Field %1$s can't be changed on this build. Take it out of the override, or reset the override.	%1$s alanı bu sürümde değiştirilemez. Onu geçersiz kılmadan çıkar veya geçersiz kılmayı sıfırla.
Field edits were discarded	Alan düzenlemelerinden vazgeçildi
Field edits weren't saved	Alan düzenlemeleri kaydedilmedi
Files	Dosyalar
Filter bottom tabs	Alt sekmeleri filtrele
Filter comments by keyword	Yorumları anahtar kelimeye göre filtrele
Filter feed tabs	Akış sekmelerini filtrele
Filter location-tagged videos	Konum etiketli videoları filtrele
Filter TikTok's offline videos	TikTok'un çevrimdışı videolarını filtrele
Filter settings	Filtre ayarları
Filter the list	Listeyi filtrele
Filter: %1$s	Filtre: %1$s
Filters, translation and copy options	Filtreler, çeviri ve kopyalama seçenekleri
First caller	İlk çağıran
First rejection:	İlk ret:
Fit the video to the screen	Videoyu ekrana sığdır
Fill the screen with the video	Ekranı videoyla doldur
Crop the video until it covers the whole window. On a tall phone the black strip TikTok leaves under a video goes and so does a little of each side.	Video tüm pencereyi kaplayana kadar kırpılır. Uzun bir telefonda TikTok'un videonun altında bıraktığı siyah şerit kaybolur ve her kenardan biraz da onunla gider.
Focus	Odak
Follow probe	Takip yoklaması
Following	Takip Edilenler
For You	Senin İçin
Works only with YTDLnis (com.deniscerri.ytdl). Picks audio or video when the save button sends it a link.	Yalnızca YTDLnis (com.deniscerri.ytdl) ile çalışır. Kaydet düğmesi ona bağlantı gönderdiğinde ses veya video seçer.
Works only with YTDLnis (com.deniscerri.ytdl). Starts the download in the background without showing its download card.	Yalnızca YTDLnis (com.deniscerri.ytdl) ile çalışır. İndirmeyi indirme kartını göstermeden arka planda başlatır.
Forced %1$d gates of %2$d. The rest don't take a true or false value. Restart TikTok to apply this.	%1$d / %2$d kapı zorlandı. Geri kalanı true veya false değeri almıyor. Uygulamak için TikTok'u yeniden başlat.
Forced %1$d gates. Restart TikTok to apply this.	%1$d kapı zorlandı. Uygulamak için TikTok'u yeniden başlat.
Forced 1 gate of %2$d. The rest don't take a true or false value. Restart TikTok to apply this.	1 / %2$d kapı zorlandı. Geri kalanı true veya false değeri almıyor. Uygulamak için TikTok'u yeniden başlat.
Forced 1 gate. Restart TikTok to apply this.	1 kapı zorlandı. Uygulamak için TikTok'u yeniden başlat.
Forced result	Zorlanan sonuç
Forget seen videos after	Görülen videoları şu süreden sonra unut
Forget the %1$s seen videos.	Görülen %1$s videoyu unut.
Forget what has been counted today and end any hold. The budgets themselves are left alone.	Bugün sayılanları unut ve varsa bekletmeyi bitir. Bütçelerin kendisine dokunulmaz.
Friends	Arkadaşlar
Full comment sort options	Tüm yorum sıralama seçenekleri
Full license	Lisansın tamamı
Full report saved to %1$s	Tam rapor şuraya kaydedildi: %1$s
GIF	GIF
Gate data unavailable	Kapı verileri kullanılamıyor
Gate details	Kapı ayrıntıları
Generated defaults	Oluşturulan varsayılanlar
Gestures	Hareketler
Ghost mode	Hayalet modu
Hand-off	Aktarım
Handle or id	Kullanıcı adı veya kimlik
Hidden %1$s on this phone	%1$s bu telefonda gizlendi
Hidden commenters	Gizlenen yorumcular
Blocked and hidden creators	Engellenen ve gizlenen içerik üreticileri
Hidden: %1$s	Gizlenen: %1$s
Hide	Gizle
Hide AI-generated videos	Yapay zeka ile üretilmiş videoları gizle
Hide CAPTCHA popups	CAPTCHA pencerelerini gizle
Hide LIVE replays	CANLI tekrarlarını gizle
Hide LIVE videos	CANLI videolarını gizle
Hide LIVE videos from the feed.	CANLI videolarını akıştan gizle.
Hide Search this image prompts	Bu görseli ara istemlerini gizle
Hide Series	Serileri gizle
Hide TikTok Shop	TikTok Shop'u gizle
Hide TikTok Shop posts from the feed.	TikTok Shop gönderilerini akıştan gizle.
Shop order updates and coupon messages no longer take up rows in the Inbox. Your orders are unchanged.	Mağaza sipariş güncellemeleri ve kupon mesajları artık Gelen Kutusu'nda satır kaplamaz. Siparişlerin değişmez.
Hide TikTok's "Search: ..." banner above the comment count. This doesn't hide the comments or Hushfeed's comment-search box.	Yorum sayısının üzerindeki TikTok'un "Ara: ..." bandını gizle. Bu, yorumları veya Hushfeed'in yorum arama kutusunu gizlemez.
Hide the quick emoji row and automatic sticker suggestions that appear while you type. The emoji and sticker buttons still work.	Yazarken görünen hızlı emoji satırını ve otomatik çıkartma önerilerini gizle. Emoji ve çıkartma düğmeleri çalışmaya devam eder.
Hide activity	Etkinliği gizle
Hide activity status	Etkinlik durumunu gizle
Hide ads, Shop posts, LIVE videos and replays, promotional music, and paid partnerships.	Reklamları, Mağaza gönderilerini, CANLI videolarını ve tekrarlarını, tanıtım amaçlı müzikleri ve ücretli ortaklıkları gizle.
Hide archive	Arşivi gizle
Hide bottom tabs TikTok adds later unless you allow them.	TikTok'un sonradan eklediği alt sekmeleri, sen izin vermedikçe gizle.
Unavailable on these TikTok builds. All verification challenges stay visible.	Bu TikTok sürümlerinde kullanılamaz. Tüm doğrulamalar görünür kalır.
Hide buttons in the right column	Sağ sütundaki düğmeleri gizle
Hide comment polls	Yorum anketlerini gizle
Show poll results before voting	Oylamadan önce anket sonuçlarını göster
A comment poll shows how many picked each answer before you vote. Tapping an answer still votes.	Yorum anketi, sen oy vermeden önce her cevabı kaç kişinin seçtiğini gösterir. Bir cevaba dokunmak yine oy verir.
Hide comment popup ads	Yorumlardaki açılır reklamları gizle
Hide comments made of an image or a sticker instead of words.	Kelimeler yerine bir görselden veya çıkartmadan oluşan yorumları gizle.
Hide comments that contain any of the words below, or that come from the accounts below.	Aşağıdaki kelimelerden herhangi birini içeren veya aşağıdaki hesaplardan gelen yorumları gizle.
Hide controls after each video starts. Tap to restore them.	Her video başladıktan sonra kontrolleri gizle. Geri getirmek için dokun.
Hide conversations	Sohbetleri gizle
Hide every direct message conversation. Leaves the Inbox empty apart from whatever else is still turned on.	Tüm direkt mesaj sohbetlerini gizle. Hâlâ açık olan diğer şeyler dışında Gelen Kutusu boş kalır.
Hide floating promotion badges, coins, and timer banners on the feed.	Akıştaki yüzen promosyon rozetlerini, jetonları ve sayaç bantlarını gizle.
Hide floating promotions	Yüzen promosyonları gizle
Hide inserted cards	Araya eklenen kartları gizle
Hide location labels	Konum etiketlerini gizle
Hide message requests	Mesaj isteklerini gizle
Hide message streaks	Mesajlaşma serilerini gizle
Hide new follower notifications	Yeni takipçi bildirimlerini gizle
Hide new followers	Yeni takipçileri gizle
Hide paid partnerships	Ücretli ortaklıkları gizle
Hide people and options by name	Kişileri ve seçenekleri ada göre gizle
Hide photo posts	Fotoğraf gönderilerini gizle
Hide photo posts from the feed.	Fotoğraf gönderilerini akıştan gizle.
Hide picture comments	Görselli yorumları gizle
Hide place badges on videos, including cards with multiple places. Videos and your location permissions stay unchanged.	Videolardaki yer rozetlerini, birden fazla yer içeren kartlar dahil gizle. Videolar ve konum izinlerin değişmez.
Hide effect and template tags	Efekt ve şablon etiketlerini gizle
Hide the tags above a video's description that invite you to try an effect, a template, CapCut or an AI style. Location labels and the music line have their own switches.	Bir videonun açıklamasının üstünde seni bir efekti, şablonu, CapCut'ı veya yapay zekâ stilini denemeye davet eden etiketleri gizle. Konum etiketleri ve müzik satırının kendi anahtarları var.
Hide playlist videos	Oynatma listesi videolarını gizle
Hide promotional music	Tanıtım amaçlı müzikleri gizle
Hide comment typing suggestions	Yorum yazma önerilerini gizle
Hide recommended searches before you type on TikTok's search page. Your search history stays. This doesn't hide suggestions above comments.	TikTok'un arama sayfasında sen yazmadan önce çıkan önerilen aramaları gizle. Arama geçmişin kalır. Bu, yorumların üzerindeki önerileri gizlemez.
Hide rows by title	Satırları başlığa göre gizle
Hide search rewards	Arama ödüllerini gizle
Hide search suggestions above comments	Yorumların üzerindeki arama önerilerini gizle
Hide share actions	Paylaşım eylemlerini gizle
Hide sharing apps	Paylaşım uygulamalarını gizle
Hide stories	Hikayeleri gizle
Hide stories from the feed.	Hikayeleri akıştan gizle.
Hide stories tray	Hikaye şeridini gizle
The accounts TikTok suggests you follow no longer take up rows in the Inbox.	TikTok'un takip etmen için önerdiği hesaplar artık Gelen Kutusu'nda satır kaplamaz.
Hide suggested accounts	Önerilen hesapları gizle
Hide suggestions on the search page	Arama sayfasındaki önerileri gizle
Hide surveys	Anketleri gizle
Hide tabs TikTok adds later unless you allow them.	TikTok'un sonradan eklediği sekmeleri, sen izin vermedikçe gizle.
Hide the "Search this image" prompt shown over videos. The feed search button and suggestions above comments are separate settings.	Videoların üzerinde gösterilen "Bu görseli ara" istemini gizle. Akıştaki arama düğmesi ve yorumların üzerindeki öneriler ayrı ayarlardır.
The Activity row of likes and comments on your posts leaves the Inbox. Notifications about them still arrive.	Gönderilerindeki beğeni ve yorumları gösteren Etkinlik satırı Gelen Kutusu'ndan kalkar. Bunlarla ilgili bildirimler gelmeye devam eder.
The Archive row leaves the Inbox. Archived chats are kept.	Arşiv satırı Gelen Kutusu'ndan kalkar. Arşivlenen sohbetler korunur.
Hide the Full screen button	Tam ekran düğmesini gizle
Hide the Full screen button over videos. Playback and automatic rotation keep working as before.	Videoların üzerindeki Tam ekran düğmesini gizle. Oynatma ve otomatik döndürme eskisi gibi çalışmaya devam eder.
Hide the Inbox search button	Gelen Kutusu arama düğmesini gizle
Hide the LIVE button	CANLI düğmesini gizle
Hide the LIVE button in the top left corner of the feed.	Akışın sol üst köşesindeki CANLI düğmesini gizle.
Hide the side menu button	Yan menü düğmesini gizle
Hide the button at the top left of the feed that opens TikTok's side menu, with Your orders, TikTok Minis and more.	Akışın sol üst köşesinde TikTok'un yan menüsünü açan düğmeyi gizle. Menüde Siparişlerin, TikTok Minis ve daha fazlası var.
The Message requests row leaves the Inbox. Requests keep arriving and wait there until you turn this off.	Mesaj istekleri satırı Gelen Kutusu'ndan kalkar. İstekler gelmeye devam eder ve sen bunu kapatana kadar orada bekler.
The New followers row leaves the top of the Inbox. The accounts still follow you.	Yeni takipçiler satırı Gelen Kutusu'nun üstünden kalkar. Hesaplar seni takip etmeye devam eder.
Hide the Report button on videos	Videolardaki Bildir düğmesini gizle
Hide the Send to row	Şuraya gönder satırını gizle
Hide the Tako AI bubble above the profile button, the Ask bar under videos, the Ask Tako button on the search page, the Ask Tako tab on search results and the Tako bar above comments.	Profil düğmesinin üzerindeki Tako AI balonunu, videoların altındaki Sor çubuğunu, arama sayfasındaki Tako'ya Sor düğmesini, arama sonuçlarındaki Tako'ya Sor sekmesini ve yorumların üstündeki Tako çubuğunu gizle.
The Tako assistant's conversation leaves the Inbox list. The Tako bubble on the feed has its own switch under Feed tabs.	Tako asistanıyla olan sohbet Gelen Kutusu listesinden kalkar. Akıştaki Tako balonunun Akış sekmeleri altında kendi anahtarı var.
Hide the Tako bubble	Tako balonunu gizle
Hide the Tako chat	Tako sohbetini gizle
The activity status control leaves the Inbox header. Whether others see you as active is unchanged.	Etkinlik durumu denetimi Gelen Kutusu başlığından kalkar. Başkalarının seni aktif görüp görmemesi değişmez.
Hide the add people icon	Kişi ekle simgesini gizle
The add people icon leaves the Inbox header. Only the shortcut goes, so friend suggestions elsewhere are unchanged.	Kişi ekle simgesi Gelen Kutusu başlığından kalkar. Yalnızca kısayol gider, başka yerlerdeki arkadaş önerileri değişmez.
Hide the caption	Açıklamayı gizle
Hide the description under the creator's name on the feed.	Akışta içerik üreticisinin adının altındaki açıklamayı gizle.
Hide the event badge	Etkinlik rozetini gizle
Hide the flag button TikTok puts above the creator's picture in some regions. You can still report a video from the share menu.	TikTok'un bazı bölgelerde içerik üreticisinin resminin üstüne koyduğu bayrak düğmesini gizle. Bir videoyu paylaşım menüsünden yine bildirebilirsin.
Hide the floating promotional badge over the feed.	Akışın üzerindeki yüzen tanıtım rozetini gizle.
Hide the follow button on the feed	Akıştaki takip et düğmesini gizle
Hide the friend recommendation card and the other cards TikTok slots between videos.	Arkadaş öneri kartını ve TikTok'un videoların arasına yerleştirdiği diğer kartları gizle.
Hide the launcher shortcuts	Başlatıcı kısayollarını gizle
Hide the magnifying glass at the top right of the feed. Search in Inbox and suggestions above comments stay unchanged.	Akışın sağ üstündeki büyüteci gizle. Gelen Kutusu'ndaki arama ve yorumların üzerindeki öneriler değişmez.
Hide the music line	Müzik satırını gizle
Hide the playlist bar	Oynatma listesi çubuğunu gizle
Hide the playlist bar along the bottom of videos that belong to a series.	Bir seriye ait videoların alt kısmındaki oynatma listesi çubuğunu gizle.
Hide the plus button under the creator's picture in the right column. Ticking Avatar and follow button above hides the picture with it.	Sağ sütunda içerik üreticisinin resminin altındaki artı düğmesini gizle. Yukarıdaki Avatar ve takip et düğmesi seçeneğini işaretlersen resim de onunla birlikte gizlenir.
Hide the points banner under the search box and the coin counter floating over search results, which TikTok shows in some regions. Searching works as before.	TikTok'un bazı bölgelerde gösterdiği, arama kutusunun altındaki puan bannerını ve arama sonuçlarının üzerinde duran jeton sayacını gizle. Arama eskisi gibi çalışır.
Hide the purple rewards button beside Add friends on your profile.	Profilinde Arkadaş ekle'nin yanındaki mor ödül düğmesini gizle.
Hide the question cards TikTok slides over a video near its end.	TikTok'un bir videonun sonuna doğru üzerine kaydırdığı soru kartlarını gizle.
Hide the rewards shortcut	Ödül kısayolunu gizle
Hide the right column	Sağ sütunu gizle
The row of story avatars across the top of the Inbox goes. Stories still play from the feed and from profiles.	Gelen Kutusu'nun üst kısmındaki hikaye avatarları satırı kalkar. Hikayeler akıştan ve profillerden oynatılmaya devam eder.
Hide the save button on the feed	Akıştaki kaydet düğmesini gizle
Hide the save button in the right column. Ticking Save in the list above hides it too.	Sağ sütundaki kaydet düğmesini gizle. Yukarıdaki listede Kaydet'i işaretlemek de onu gizler.
Hide the search bar below videos	Videoların altındaki arama çubuğunu gizle
Hide the search button on the feed	Akıştaki arama düğmesini gizle
Hide the tab names above the feed	Akışın üstündeki sekme adlarını gizle
The Following and For You names above the feed go away. Swiping between the feeds and the search button stay as they are.	Akışın üstündeki Takip ettiklerim ve Sana özel adları kaybolur. Akışlar arasında kaydırma ve arama düğmesi olduğu gibi kalır.
Hide the share prompt after a like	Beğeniden sonra çıkan paylaşım istemini gizle
Hide the track name beside the caption.	Açıklamanın yanındaki parça adını gizle.
Hide the status bar	Durum çubuğunu gizle
Hide the whole column on the right, from the avatar down to the music disc.	Avatardan müzik diskine kadar sağdaki tüm sütunu gizle.
Hide this creator on this phone	Bu içerik üreticisini bu telefonda gizle
Hide verified accounts	Doğrulanmış hesapları gizle
Hide video actions	Video eylemlerini gizle
Hide videos with TikTok's AI-generated label, AI content credentials, a TikTok AI effect such as AI Alive, or a tag like #ai or #aigenerated.	TikTok'un yapay zeka etiketini, yapay zeka içerik kimlik bilgilerini, AI Alive gibi bir TikTok yapay zeka efektini ya da #ai veya #aigenerated gibi bir etiketi taşıyan videoları gizle.
Hide videos marked as paid partnership or branded content.	Ücretli ortaklık veya markalı içerik olarak işaretlenen videoları gizle.
Hide videos posted as part of a playlist.	Bir oynatma listesinin parçası olarak paylaşılan videoları gizle.
Hide videos posted by verified accounts.	Doğrulanmış hesapların paylaştığı videoları gizle.
Hide videos that belong to a paid Series.	Ücretli bir Seri'ye ait videoları gizle.
Hide videos with a lot of views and few comments. Works the same way as views per like. Zero turns it off.	Görüntülenmesi çok, yorumu az olan videoları gizle. Beğeni başına görüntülenme ile aynı şekilde çalışır. Sıfır bunu kapatır.
Hide videos with a lot of views and few likes. Lower numbers are stricter, zero turns the rule off, and one video is kept back if everything the feed just sent would go.	Görüntülenmesi çok, beğenisi az olan videoları gizle. Düşük sayılar daha katıdır, sıfır kuralı kapatır ve akışın az önce gönderdiği her şey gidecek olursa bir video bırakılır.
Hide videos you have already seen	Daha önce gördüğün videoları gizle
Hide voting cards and poll results above the comments, including polls that have ended.	Yorumların üzerindeki oylama kartlarını ve anket sonuçlarını, sona ermiş anketler dahil gizle.
Hiding	Gizleme
Highest	En yüksek
Historical	Geçmiş
Historical values	Geçmiş değerler
Hold a gate to choose several	Birden fazla seçmek için bir kapıya basılı tut
Hold the feed after the budget	Bütçe dolunca akışı beklet
Home	Ana Sayfa
Hook status	Kanca durumu
How far each edge press moves the video.	Kenara her basışın videoyu ne kadar sardığı.
Hushfeed can't read the creator pattern %1$s	Hushfeed, %1$s içerik üreticisi kalıbını okuyamıyor
Hushfeed hid a TikTok CAPTCHA. Turn off Hide CAPTCHA popups if something stops working.	Hushfeed bir TikTok CAPTCHA'sını gizledi. Bir şey çalışmazsa CAPTCHA pencerelerini gizle ayarını kapat.
Hushfeed is active	Hushfeed etkin
Shows the Duet and Stitch options even when the creator turned them off. TikTok may still refuse to accept the result.	İçerik üreticisi kapatmış olsa bile Düet ve Stitch seçeneklerini gösterir. TikTok sonucu yine de kabul etmeyebilir.
Import finished	İçe aktarma tamamlandı
Import loaded values	Yüklenen değerleri içe aktar
Imported %1$d values	%1$d değer içe aktarıldı
Imported %1$d values. Undo last Lab change is in the menu.	%1$d değer içe aktarıldı. Son Lab değişikliğini geri al seçeneği menüde.
Inbox	Gelen Kutusu
Include diagnostic events	Tanılama olaylarını dahil et
Included diagnostics	Dahil edilen tanılama
Includes all diagnostic events.	Tüm tanılama olaylarını içerir.
Includes these events: %1$s	Şu olayları içerir: %1$s
Inserted cards	Araya eklenen kartlar
Keep a local record of what you have watched and hide those videos when the feed sends them again.	İzlediklerinin yerel bir kaydını tut ve akış o videoları yeniden gönderdiğinde onları gizle.
Keep a paused video paused	Duraklatılan videoyu duraklatılmış tut
Keep captions in clear display	Temiz ekranda altyazıları koru
Keep going	Devam et
Keep the Favorites tab	Favoriler sekmesini koru
Keep the clock and status icons off the screen while TikTok is open. Swipe down from the top to peek at them.	TikTok açıkken saati ve durum simgelerini ekrandan uzak tut. Onlara göz atmak için üstten aşağı kaydır.
Keep the screen's refresh rate	Ekranın yenileme hızını koru
Keep the speed you chose for the next video. Off, each new video starts at 1x and a manual choice lasts for that video only.	Seçtiğin hızı sonraki videoda da koru. Kapalıyken her yeni video 1x hızında başlar ve elle yapılan seçim yalnızca o video için geçerli olur.
Keep this string to %1$s characters or fewer.	Bu metni en fazla %1$s karakterle sınırla.
Keep this structured value to %1$s KB or less.	Bu yapılandırılmış değeri en fazla %1$s KB ile sınırla.
Kept to %1$s, the nearest value this row allows	%1$s olarak ayarlandı, bu satırın izin verdiği en yakın değer
Kinds of post	Gönderi türleri
LIVE	CANLI
LIVE replays	CANLI tekrarları
LIVE settings	CANLI ayarları
LIVE share actions	CANLI paylaşım eylemleri
LIVE videos	CANLI videoları
Lab data reset. Undo last Lab change is in the menu. Restart TikTok to apply this.	Lab verileri sıfırlandı. Son Lab değişikliğini geri al seçeneği menüde. Uygulamak için TikTok'u yeniden başlat.
Lab data was over its rule limit, so it was cleared without an undo copy. Restart TikTok to apply this.	Lab verileri kural sınırını aştığı için geri alma kopyası olmadan temizlendi. Uygulamak için TikTok'u yeniden başlat.
Lab overrides reset. Undo last Lab change is in the menu. Restart TikTok to apply this.	Lab geçersiz kılmaları sıfırlandı. Son Lab değişikliğini geri al seçeneği menüde. Uygulamak için TikTok'u yeniden başlat.
Larger (1.25x)	Daha büyük (1.25x)
Last original value	Son özgün değer
Last recording: %1$d gates.	Son kayıt: %1$d kapı.
Last recording: 1 gate.	Son kayıt: 1 kapı.
Layout	Düzen
Layout, search, profile and system	Düzen, arama, profil ve sistem
Leave maximum empty to keep it unlimited.	Sınırsız kalması için maksimumu boş bırak.
Leave the sound out of the saved video. Save the sound as well still writes the .m4a beside it if you want both.	Sesi kaydedilen videonun dışında bırak. İkisini de istersen Sesi de kaydet seçeneği .m4a dosyasını yine videonun yanına yazar.
Length and views per like	Süre ve beğeni başına görüntülenme
Less than a minute left	Bir dakikadan az kaldı
Let screenshots, screen recording and Circle to Search work on TikTok again. Restart TikTok to apply this.	Ekran görüntüsü, ekran kaydı ve Circle to Search'ün TikTok'ta yeniden çalışmasına izin ver. Uygulamak için TikTok'u yeniden başlat.
Let the Offline videos menu use your own limit instead of TikTok's fixed one. Restart TikTok to apply this.	Çevrimdışı videolar menüsünün TikTok'un sabit sınırı yerine senin belirlediğin sınırı kullanmasına izin ver. Uygulamak için TikTok'u yeniden başlat.
Licenses	Lisanslar
Like	Beğen
Limits	Sınırlar
Link copied	Bağlantı kopyalandı
Links	Bağlantılar
Links in comments open	Yorumlardaki bağlantıların açılacağı yer
More opens the comments	Daha fazla yorumları açar
Tapping more under a video opens its comments with the whole caption at the top instead of spreading the caption over the video. A tap on the caption itself does the same. Photo posts keep TikTok's own page for this.	Bir videonun altındaki daha fazla seçeneğine dokunmak açıklamayı videonun üzerine yaymak yerine yorumları tüm açıklama en üstte olacak şekilde açar. Açıklamanın kendisine dokunmak da aynısını yapar. Fotoğraf gönderileri bunun için TikTok'un kendi sayfasını kullanmaya devam eder.
Caption above comments	Yorumların üstünde açıklama
The comment button also opens a video's comments with its caption at the top. The caption over the video goes away while this is on.	Yorum düğmesi de bir videonun yorumlarını açıklaması en üstte olacak şekilde açar. Bu açıkken videonun üzerindeki açıklama gizlenir.
Loaded current values. Loading all known gates…	Geçerli değerler yüklendi. Bilinen tüm kapılar yükleniyor…
Loaded values are still being read. Try again in a moment.	Yüklenen değerler hâlâ okunuyor. Birazdan yeniden dene.
Loaded-value file export failed	Yüklenen değer dosyası dışa aktarılamadı
Loading gates…	Kapılar yükleniyor…
Location-tagged videos	Konum etiketli videolar
Lock today's budget	Bugünün bütçesini kilitle
Logging, hook status and reports	Günlük kaydı, kanca durumu ve raporlar
Long press	Uzun basma
Hold speed on Comment	Yorumlar'da basılı tutma hızı
A long press on Comment plays the video at the hold speed instead of opening the emoji row. It needs Long press on TikTok default and Seek from the edges off.	Yorumlar'a uzun basmak emoji satırını açmak yerine videoyu basılı tutma hızında oynatır. Uzun basma TikTok varsayılanında ve Kenarlardan sar kapalı olmalıdır.
Hold speed on Share	Paylaş'ta basılı tutma hızı
A long press on Share plays the video at the hold speed instead of opening the quick share row. It needs Long press on TikTok default and Seek from the edges off.	Paylaş'a uzun basmak hızlı paylaşım satırını açmak yerine videoyu basılı tutma hızında oynatır. Uzun basma TikTok varsayılanında ve Kenarlardan sar kapalı olmalıdır.
Hold speed on Favorites	Favoriler'de basılı tutma hızı
A long press on Favorites plays the video at the hold speed instead of offering a new collection. It needs Long press on TikTok default and Seek from the edges off.	Favoriler'e uzun basmak yeni bir koleksiyon önermek yerine videoyu basılı tutma hızında oynatır. Uzun basma TikTok varsayılanında ve Kenarlardan sar kapalı olmalıdır.
Lowest	En düşük
Manager	Manager
Marked as not interested	İlgilenmiyorum olarak işaretlendi
Match locale and timezone to country	Yerel ayarı ve saat dilimini ülkeyle eşleştir
Maximum	Maksimum
Maximum post age	Maksimum gönderi yaşı
Maximum video length	Maksimum video süresi
Maximum views per comment	Yorum başına maksimum görüntülenme
Maximum views per like	Beğeni başına maksimum görüntülenme
Media	Medya
Media config (VE)	Medya yapılandırması (VE)
Messages, profiles and search still work.	Mesajlar, profiller ve arama çalışmaya devam eder.
Microphone in use	Mikrofon kullanımda
Comments range	Yorum aralığı
Favorites range	Favori aralığı
Likes range	Beğeni aralığı
Shares range	Paylaşım aralığı
TikTok's own daily screen-time reminder sends the app to the background instead of waiting to be dismissed. Coming straight back leaves the reminder on screen, so the limit stays reachable. Needs a daily limit set under TikTok's Settings and privacy, under Time and well-being.	TikTok'un kendi günlük ekran süresi hatırlatması, kapatılmayı beklemek yerine uygulamayı arka plana gönderir. Hemen geri dönersen hatırlatma ekranda kalır, böylece limit ulaşılabilir kalır. TikTok'un Ayarlar ve gizlilik bölümünde, Süre ve esenlik altında günlük bir limit ister.
Try a different word or clear the search. Switches from patches you didn't tick in Morphe Manager aren't listed.	Başka bir kelime dene ya da aramayı temizle. Morphe Manager'da işaretlemediğin yamaların anahtarları burada görünmez.
Use Save report for this large report	Bu büyük rapor için "Raporu kaydet"i kullan
Video player settings	Video oynatıcı ayarları
Videos can't be saved to the folder in that file, so your video folder was kept	Videolar o dosyadaki klasöre kaydedilemiyor, bu yüzden video klasörün korundu
Views range	Görüntülenme aralığı
Minimum	Minimum
More options	Diğer seçenekler
Move down	Aşağı taşı
Move left	Sola taşı
Move right	Sağa taşı
Move to the next video when the current one ends. Pauses, open dialogs and screen-time holds stop it. Restart TikTok to apply this.	Geçerli video bitince sonraki videoya geç. Duraklatmalar, açık iletişim kutuları ve ekran süresi bekletmeleri bunu durdurur. Bunu değiştirdikten sonra TikTok'u yeniden başlat.
Move up	Yukarı taşı
Music disc	Müzik diski
Pauses the video behind the comment sheet while you read. It plays on from the same spot when the sheet closes.	Sen okurken yorum panelinin arkasındaki videoyu duraklatır. Panel kapanınca video kaldığı yerden devam eder.
Nearby	Yakındakiler
Never from these countries	Bu ülkelerden asla
No	Hayır
No creator to block on this video	Bu videoda engellenecek içerik üreticisi yok
No creator to hide on this video	Bu videoda gizlenecek içerik üreticisi yok
No creators are hidden yet. Hide one from a video, or add a handle above.	Henüz gizlenen içerik üreticisi yok. Bir videodan birini gizle veya yukarıya bir kullanıcı adı ekle.
No current value	Geçerli değer yok
No current value and no active override	Geçerli değer yok, etkin geçersiz kılma da yok
No delay	Gecikme yok
No gate data is available. Refresh values from the menu to try again.	Özellik kapısı verisi yok. Yeniden denemek için menüden değerleri yenile.
No gate reads were recorded. Use a TikTok feature while recording.	Hiç özellik kapısı okuması kaydedilmedi. Kayıt sırasında bir TikTok özelliği kullan.
No gates match this filter.	Bu filtreyle eşleşen özellik kapısı yok.
No gates match this search and filter.	Bu arama ve filtreyle eşleşen özellik kapısı yok.
No hidden creators match this search. Clear the search to see them all.	Bu aramayla eşleşen gizlenmiş içerik üreticisi yok. Hepsini görmek için aramayı temizle.
No limit	Sınır yok
No matching comments. Try a different word, or clear the search with the X in the box.	Eşleşen yorum yok. Başka bir kelime dene veya kutudaki X ile aramayı temizle.
No matching countries. Try a country name or a two-letter code.	Eşleşen ülke yok. Bir ülke adı veya iki harfli bir kod dene.
No matching diagnostics found	Eşleşen tanılama bulunamadı
No matching settings	Eşleşen ayar yok
No preset selected. Choose a preset above.	Hazır ayar seçilmedi. Yukarıdan bir hazır ayar seç.
No recording yet. Start one, use a feature, then return here.	Henüz kayıt yok. Bir kayıt başlat, bir özellik kullan, sonra buraya dön.
No seen videos recorded yet.	Henüz görülen video kaydedilmedi.
No share actions have been seen yet	Henüz hiçbir paylaşım eylemi görülmedi
No share actions match this search	Bu aramayla eşleşen paylaşım eylemi yok
No sound to block on this video	Bu videoda engellenecek ses yok
No suggested accounts to clear	Temizlenecek önerilen hesap yok
No video selected. Open a video first.	Video seçilmedi. Önce bir video aç.
None of these gates had an override to reset.	Bu özellik kapılarının hiçbirinde sıfırlanacak bir geçersiz kılma yoktu.
None of these gates takes a true or false value.	Bu özellik kapılarının hiçbiri true veya false değeri almıyor.
None recorded	Kayıt yok
Normal	Normal
Not blocked	Engellenmedi
Not interested in this video	Bu videoyla ilgilenmiyorum
Not read yet	Henüz okunmadı
Not requested in this process yet	Bu süreçte henüz istenmedi
Not saved yet	Henüz kaydedilmedi
Not seen	Görülmedi
Not seen yet	Henüz görülmedi
Nothing has been checked yet, so there's nothing to report.	Henüz hiçbir şey denetlenmedi, bu yüzden bildirilecek bir şey yok.
Nothing has been looked up yet. Use the app for a moment, then come back.	Henüz hiçbir şey sorgulanmadı. Uygulamayı biraz kullan, sonra geri gel.
Nothing hidden.	Gizlenen bir şey yok.
Nothing is playing to seek	Sarılacak bir şey oynatılmıyor
Nothing new was imported. %1$d already matched, %2$d unavailable, %3$d rejected.	Yeni bir şey içe aktarılmadı. %1$d zaten eşleşiyordu, %2$d kullanılamıyor, %3$d reddedildi.
Nothing new was imported. %1$d already matched, %2$d unavailable, %3$d rejected. First rejection: %4$s	Yeni bir şey içe aktarılmadı. %1$d zaten eşleşiyordu, %2$d kullanılamıyor, %3$d reddedildi. İlk ret: %4$s
Nothing on this page changes what TikTok does until they are on.	Bunlar açılana kadar bu sayfadaki hiçbir şey TikTok'un davranışını değiştirmez.
Nothing to undo yet.	Henüz geri alınacak bir şey yok.
Notices from this project and the ones it's built on	Bu projenin ve temel aldığı projelerin bildirimleri
OK	Tamam
Off	Kapalı
Off forces the value to false, on forces it to true. Reset lets TikTok decide again.	Kapalı değeri false'a, açık true'ya zorlar. Sıfırla, kararı yine TikTok'a bırakır.
Offline videos	Çevrimdışı videolar
Offline videos limit	Çevrimdışı video sınırı
On	Açık
On mobile data	Mobil veride
On. Restore puts back the feed setup you had before.	Açık. Geri yükle, daha önceki akış düzenini geri getirir.
Once today's budget runs out, the hold stays and can't be dismissed. The budget settings are locked until the day starts over. Turn this off any time before the budget runs out.	Bugünün bütçesi bitince bekletme ekranı kalır ve kapatılamaz. Bütçe ayarları gün yeniden başlayana kadar kilitlenir. Bütçe bitmeden önce bunu istediğin zaman kapatabilirsin.
One area was checked and everything it needs is here.	Bir alan denetlendi ve ihtiyaç duyduğu her şey burada.
One minute left	Bir dakika kaldı
One of the quote marks in that list has nothing to close it, so the rest of the line reads as one phrase. Add the missing quote or take the stray one out.	Bu listedeki tırnak işaretlerinden birinin kapanışı yok, bu yüzden satırın geri kalanı tek bir ifade olarak okunuyor. Eksik tırnağı ekle veya fazla olanı çıkar.
One value per line	Her satıra bir değer
Only bottom tabs TikTok has loaded on this device are shown here. This doesn't force unavailable tabs to appear.	Burada yalnızca TikTok'un bu cihazda yüklediği alt sekmeler gösterilir. Bu, kullanılamayan sekmeleri görünmeye zorlamaz.
Only fields the Lab can check and copy safely are shown.	Yalnızca Lab'in denetleyip güvenle kopyalayabildiği alanlar gösterilir.
Only from these countries	Yalnızca bu ülkelerden
Only tabs TikTok has loaded on this device are shown here. This doesn't force unavailable tabs to appear.	Burada yalnızca TikTok'un bu cihazda yüklediği sekmeler gösterilir. Bu, kullanılamayan sekmeleri görünmeye zorlamaz.
Open a share sheet once, then return here to choose its actions.	Bir paylaşım menüsünü bir kez aç, sonra eylemlerini seçmek için buraya dön.
Open comments	Yorumları aç
Open external links directly	Harici bağlantıları doğrudan aç
Open messages	Mesajları aç
Open profile and story website links in your system browser instead of TikTok's in-app browser.	Profil ve hikayelerdeki web sitesi bağlantılarını TikTok'un uygulama içi tarayıcısı yerine sistem tarayıcında aç.
Open the feed anyway	Akışı yine de aç
Open the feed anyway, %1$d left today	Akışı yine de aç, bugün %1$d hak kaldı
Open the feed anyway, the last time today	Akışı yine de aç, bugün son kez
Open the feed once so Hushfeed can see which bottom tabs TikTok loaded.	Hushfeed'in TikTok'un hangi alt sekmeleri yüklediğini görebilmesi için akışı bir kez aç.
Open the feed once so Hushfeed can see which tabs TikTok loaded.	Hushfeed'in TikTok'un hangi sekmeleri yüklediğini görebilmesi için akışı bir kez aç.
Open the profile again and try once more	Profili yeniden aç ve bir kez daha dene
Open the story again and try once more	Hikayeyi yeniden aç ve bir kez daha dene
Open TikTok on	TikTok'u şu sayfada aç
Opens github.com in your browser	github.com adresini tarayıcında açar
Operator code	Operatör kodu
Operator name	Operatör adı
Original language	Orijinal dil
Other	Diğer
Other feed filters	Diğer akış filtreleri
Overridden	Geçersiz kılındı
Override	Geçersiz kılma
Override SIM details	SIM bilgilerini geçersiz kıl
Override set, not read yet	Geçersiz kılma ayarlandı, henüz okunmadı
Override store region (experimental)	Mağaza bölgesini geçersiz kıl (deneysel)
Override this configuration	Bu yapılandırmayı geçersiz kıl
Override this gate	Bu özellik kapısını geçersiz kıl
Overrides are disabled in the Feature Gate Lab.	Geçersiz kılmalar Feature Gate Lab'de devre dışı.
Overrides disabled. Restart TikTok to apply this.	Geçersiz kılmalar devre dışı bırakıldı. Bunu uygulamak için TikTok'u yeniden başlat.
Overrides enabled. Restart TikTok to apply this.	Geçersiz kılmalar etkinleştirildi. Bunu uygulamak için TikTok'u yeniden başlat.
Paid partnerships	Ücretli ortaklıklar
People, shortcuts and sending controls	Kişiler, kısayollar ve gönderme kontrolleri
Photo	Fotoğraf
Photo and image posts	Fotoğraf ve görsel gönderileri
Photo destination	Fotoğraf kayıt konumu
Photo filename	Fotoğraf dosya adı
Photos and stickers	Fotoğraflar ve çıkartmalar
Pick the actions to remove from the share sheet. Names you typed by hand that TikTok hasn't shown yet stay in the list above.	Paylaşım menüsünden kaldırılacak eylemleri seç. Elle yazdığın ve TikTok'un henüz göstermediği adlar yukarıdaki listede kalır.
Pick the buttons to take off the column. The rest stay where they are.	Sütundan kaldırılacak düğmeleri seç. Geri kalanlar yerinde kalır.
Plays videos that TikTok covers with a content warning without asking you to tap through first.	TikTok'un içerik uyarısıyla kapattığı videoları, önce dokunup geçmeni istemeden oynatır.
Playback	Oynatma
Player	Oynatıcı
Playlist posts	Oynatma listesi gönderileri
Popular	Popüler
Popups	Açılır pencereler
Preset	Hazır ayar
Press and hold a profile picture to save the full size original to your photo destination.	Tam boyutlu orijinali fotoğraf kayıt konumuna kaydetmek için bir profil fotoğrafına basılı tut.
Press and hold a story to save it. Stories have no save button of their own, and holding one is how TikTok pauses it, so this takes that gesture over.	Bir hikayeyi kaydetmek için ona basılı tut. Hikayelerin kendi kaydet düğmesi yoktur ve TikTok hikayeyi basılı tutunca duraklatır, bu yüzden bu ayar o hareketi devralır.
Press and hold the left or right third of the screen to jump back or forward. The middle third keeps the Long press action.	Geri veya ileri atlamak için ekranın sol ya da sağ üçte birine basılı tut. Ortadaki üçte birlik bölüm Uzun basma eylemini korur.
Privacy	Gizlilik
Profile	Profil
Profile picture saved to %1$s	Profil fotoğrafı %1$s konumuna kaydedildi
Profile share actions	Profil paylaşım eylemleri
Promotional music	Tanıtım müziği
Proof	Kanıt
Post age	Gönderi yaşı
Pulling down at the top of For You no longer reloads it.	Senin İçin'in en üstünde aşağı çekmek artık akışı yenilemez.
Putting the settings back to their defaults	Ayarlar varsayılanlarına döndürülüyor
Quality	Kalite
Quality, files, subtitles and hand-off	Kalite, dosyalar, altyazılar ve başka uygulamaya aktarma
Quality, speed and auto-advance	Kalite, hız ve otomatik geçiş
Quick setup	Hızlı kurulum
Reading	Okuma
Recorded gate reads (%1$d)	Kaydedilen özellik kapısı okumaları (%1$d)
Recording gate reads. Use a feature, then return here to stop.	Özellik kapısı okumaları kaydediliyor. Bir özellik kullan, sonra durdurmak için buraya dön.
Put back the settings saved before the last restore or reset.	Son geri yükleme veya sıfırlamadan önce kaydedilen ayarları geri koy.
Recovered an interrupted settings change. Restart TikTok to apply this.	Yarıda kalan bir ayar değişikliği kurtarıldı. Bunu uygulamak için TikTok'u yeniden başlat.
Refresh values	Değerleri yenile
Region	Bölge
Country filters	Ülke filtreleri
Remember the last speed	Son hızı hatırla
Remind me every	Hatırlatma aralığı
Remove	Kaldır
Remove %1$s	Kaldır: %1$s
Remove all overrides	Tüm geçersiz kılmaları kaldır
Remove feed ads	Akış reklamlarını kaldır
Remove feed ads, creator commission posts, paid partnerships, and branded content.	Akış reklamlarını, içerik üreticisi komisyon gönderilerini, ücretli ortaklıkları ve markalı içerikleri kaldır.
Hide the Share via row.	Şununla paylaş satırını gizle.
Hide the actions row of the share sheet.	Paylaşım menüsündeki eylemler satırını gizle.
Hide the magnifying glass at the top of Inbox. Search on the feed and in comments is unchanged.	Gelen Kutusu'nun üstündeki büyüteci gizle. Akıştaki ve yorumlardaki arama değişmez.
Hide the row of friends at the top of the share sheet.	Paylaşım menüsünün üstündeki arkadaşlar satırını gizle.
Hide the suggested-search strip above the bottom tabs and let video details and side controls use its space. The top search button and comments stay unchanged.	Alt sekmelerin üstündeki önerilen arama şeridini gizle ve video ayrıntılarıyla yan kontrollerin bu alanı kullanmasını sağla. Üstteki arama düğmesi ve yorumlar değişmez.
Cuts the tracking bits out of links you share.	Paylaştığın bağlantılardaki takip parçalarını çıkarır.
Remove watermark	Filigranı kaldır
Removed %1$s	%1$s kaldırıldı
Replace values when TikTok asks for them	TikTok istediğinde değerleri değiştir
Report saved to %1$s	Rapor %1$s konumuna kaydedildi
Required	Gerekli
Researched	Araştırıldı
Researched values	Araştırılmış değerler
Reset	Sıfırla
Reset %1$d gates of %2$d. Restart TikTok to apply this.	%1$d / %2$d özellik kapısı sıfırlandı. Bunu uygulamak için TikTok'u yeniden başlat.
Reset %1$d gates. Restart TikTok to apply this.	%1$d özellik kapısı sıfırlandı. Bunu uygulamak için TikTok'u yeniden başlat.
Reset 1 gate of %2$d. Restart TikTok to apply this.	1 / %2$d özellik kapısı sıfırlandı. Bunu uygulamak için TikTok'u yeniden başlat.
Reset 1 gate. Restart TikTok to apply this.	1 özellik kapısı sıfırlandı. Bunu uygulamak için TikTok'u yeniden başlat.
Reset override	Geçersiz kılmayı sıfırla
Reset position	Konumu sıfırla
Reset settings	Ayarları sıfırla
Restart TikTok to apply %1$d changes	%1$d değişikliği uygulamak için TikTok'u yeniden başlat
Restart TikTok to apply this change	Bu değişikliği uygulamak için TikTok'u yeniden başlat
Restart TikTok to apply this.	Bunu uygulamak için TikTok'u yeniden başlat.
Restart now	Şimdi yeniden başlat
Restart pending	Yeniden başlatma bekleniyor
Put every setting back to its default straight away. Your current settings are kept for Undo.	Her ayarı hemen varsayılanına döndür. Geçerli ayarların Geri al için saklanır.
Restore failed. Some settings may still be changed.	Geri yükleme başarısız oldu. Bazı ayarlar yine de değişmiş olabilir.
Reset didn't finish. Some settings may still be changed. Use Undo to put them back.	Sıfırlama tamamlanmadı. Bazı ayarlar yine de değişmiş olabilir. Geri koymak için Geri al'ı kullan.
Reset didn't finish. Some settings may still be changed.	Sıfırlama tamamlanmadı. Bazı ayarlar yine de değişmiş olabilir.
Undo didn't finish. Some settings may still be changed. Try Undo again.	Geri alma tamamlanmadı. Bazı ayarlar yine de değişmiş olabilir. Geri al'ı tekrar dene.
Undo didn't finish. Some settings may still be changed.	Geri alma tamamlanmadı. Bazı ayarlar yine de değişmiş olabilir.
Restore failed. Some settings may still be changed. Use Undo to put them back.	Geri yükleme başarısız oldu. Bazı ayarlar yine de değişmiş olabilir. Geri koymak için Geri al'ı kullan.
Restore settings	Ayarları geri yükle
Restore setup	Düzeni geri yükle
Lab settings put back. Restart TikTok to apply this.	Lab ayarları geri kondu. Bunu uygulamak için TikTok'u yeniden başlat.
Restoring setup	Düzen geri yükleniyor
Restoring your settings	Ayarların geri yükleniyor
Resume videos after scrolling	Kaydırdıktan sonra videoları sürdür
Retry	Yeniden dene
Return a copy with the fields below changed	Aşağıdaki alanları değiştirilmiş bir kopya döndür
Return after using a TikTok feature to see every gate read during the recording.	Kayıt sırasında okunan tüm özellik kapılarını görmek için bir TikTok özelliği kullandıktan sonra geri dön.
Returns %1$s	%1$s döndürür
Right column	Sağ sütun
Rows	Satırlar
SIM country preset	SIM ülke hazır ayarı
STEM	STEM
Clean up shared links	Paylaşılan bağlantıları temizle
Save	Kaydet
Saves subtitle (SRT) files with the video. They go to Movies on Android 11 and newer, Download on Android 10, and your video folder on older versions. On Android 11 and newer with Save details on, the video moves to Download or Documents and the subtitles stay in Movies.	Altyazı (SRT) dosyalarını videoyla birlikte kaydeder. Android 11 ve üzerinde Movies, Android 10'da Download, daha eski sürümlerde video klasörüne gider. Android 11 ve üzerinde Ayrıntıları kaydet açıkken video Download veya Documents içine taşınır, altyazılar Movies'te kalır.
Save a profile picture on a long press	Uzun basınca profil fotoğrafını kaydet
Save a story on a long press	Uzun basınca hikayeyi kaydet
Save every photo in the post at full size as a JPEG, not as the screen shows it.	Gönderideki her fotoğrafı ekranın gösterdiği gibi değil, tam boyutta JPEG olarak kaydet.
Save field values	Alan değerlerini kaydet
Save full report	Raporun tamamını kaydet
Save media	Medyayı kaydet
Saves your Hushfeed settings and Feature Gate Lab rules to a file.	Hushfeed ayarlarını ve Feature Gate Lab kurallarını bir dosyaya kaydeder.
Save subtitles beside videos	Altyazıları videoların yanına kaydet
Saves TikTok's latest crash report on this phone so it can go in the diagnostic report.	TikTok'un son çökme raporunu bu telefona kaydeder, böylece tanılama raporuna eklenebilir.
Save the original sound	Orijinal sesi kaydet
Save the sound as well	Sesi de kaydet
Save videos without sound	Videoları sessiz kaydet
Save, restore, reset and undo your settings	Ayarlarını kaydet, geri yükle, sıfırla ve geri al
Saved	Kaydedildi
Saved %1$s	%1$s kaydedildi
Saved %1$s of %2$s photos before the story failed	Hikaye başarısız olmadan önce %1$s / %2$s fotoğraf kaydedildi
Saved %1$s original photos	%1$s orijinal fotoğraf kaydedildi
Saved one original photo	Bir orijinal fotoğraf kaydedildi
Saved, override off	Kaydedildi, geçersiz kılma kapalı
Saved. Restart TikTok to apply this.	Kaydedildi. Bunu uygulamak için TikTok'u yeniden başlat.
Saving	Kaydediliyor
Saving %1$s original photos	%1$s orijinal fotoğraf kaydediliyor
Saving one original photo	Bir orijinal fotoğraf kaydediliyor
Saving settings backup	Ayar yedeği kaydediliyor
Saving the sticker	Çıkartma kaydediliyor
Saving the story	Hikaye kaydediliyor
Saving the sound	Ses kaydediliyor
Saving the profile picture	Profil fotoğrafı kaydediliyor
Saving the live photo's clip	Canlı fotoğraf klibi kaydediliyor
Screen time	Ekran süresi
Search	Arama
Advanced. Find and force the hidden switches TikTok uses to test features.	Gelişmiş. TikTok'un özellikleri denemek için kullandığı gizli anahtarları bul ve zorla.
Search by name or gate key	Ada veya özellik kapısı anahtarına göre ara
Search by name, description or category.	Ada, açıklamaya veya kategoriye göre ara.
Search countries or operators	Ülke veya operatör ara
Search hidden creators	Gizlenen içerik üreticilerinde ara
Search settings	Ayarlarda ara
Search share actions	Paylaşım eylemlerinde ara
Search these comments	Bu yorumlarda ara
Search translated titles and descriptions, then open the original setting.	Çevrilmiş başlık ve açıklamalarda ara, sonra asıl ayarı aç.
Search within comments	Yorumların içinde ara
Seconds. Zero keeps every length. If everything the feed just sent would be filtered out, the video closest to your limit is kept so the feed isn't empty.	Saniye. Sıfır, her uzunluğu tutar. Akışın az önce gönderdiği her şey filtrelenecekse akış boş kalmasın diye sınırına en yakın video tutulur.
Seek by	Sarma miktarı
Seek from the edges	Kenarlardan sar
Seen	Görüldü
Seen this session	Bu oturumda görüldü
Seen videos	Görülen videolar
Seen videos cleared. You can undo until TikTok closes.	Görülen videolar temizlendi. TikTok kapanana kadar geri alabilirsin.
Seen videos put back	Görülen videolar geri kondu
Select	Seç
Select at least one field.	En az bir alan seç.
Select every tab	Tüm sekmeleri seç
Selected	Seçildi
Send links to another app	Bağlantıları başka bir uygulamaya gönder
Sending feedback	Geri bildirim gönderme
Series posts	Seri gönderileri
Settings	Ayarlar
Settings are back to their defaults. Restart TikTok to apply all changes.	Ayarlar varsayılanlarına döndü. Tüm değişiklikleri uygulamak için TikTok'u yeniden başlat.
Settings backup saved	Ayar yedeği kaydedildi
Settings couldn't open	Ayarlar açılamadı
Settings couldn't refresh completely. Reopen settings and try again.	Ayarlar tamamen yenilenemedi. Ayarları yeniden aç ve tekrar dene.
Settings restored. Restart TikTok to apply all changes.	Ayarlar geri yüklendi. Tüm değişiklikleri uygulamak için TikTok'u yeniden başlat.
Settings restored. The Feature Gate Lab rules were for another TikTok version and were left out. Restart TikTok to apply all changes.	Ayarlar geri yüklendi. Feature Gate Lab kuralları başka bir TikTok sürümü içindi ve dışarıda bırakıldı. Tüm değişiklikleri uygulamak için TikTok'u yeniden başlat.
Share	Paylaş
Swap the website in shared links	Paylaşılan bağlantılardaki siteyi değiştir
Share sheet	Paylaşım menüsü
Shop	Mağaza
Shop posts	Mağaza gönderileri
Show	Göster
Show @username beside a video instead of the display name the creator chose.	Videonun yanında içerik üreticisinin seçtiği görünen ad yerine @kullanıcıadı göster.
Show TikTok's own progress bar on videos where it's normally hidden.	TikTok'un kendi ilerleme çubuğunu, normalde gizli olduğu videolarda göster.
Shows TikTok's full sort menu on every post, with hot, newest, media and creator options, instead of the shorter one your account got. Restart TikTok to see the change.	Her gönderide TikTok'un tam sıralama menüsünü gösterir: popüler, en yeni, medya ve içerik üreticisi seçenekleriyle, hesabına verilen kısa menü yerine. Değişikliği görmek için TikTok'u yeniden başlat.
Show a video preview thumbnail while dragging the progress bar.	İlerleme çubuğunu sürüklerken video önizleme küçük resmi göster.
Show failures on screen	Hataları ekranda göster
Show gates	Özellik kapılarını göster
Show last report	Son raporu göster
Show search in LIVE	CANLI'da aramayı göster
Show TikTok's feed buttons	TikTok'un akış düğmelerini göster
Show the Not interested button	İlgilenmiyorum düğmesini göster
Mute feed videos	Akış videolarının sesini kapat
Muted	Sessiz
Sound on	Ses açık
Sound	Ses
Play feed videos without sound and leave the phone's volume alone. Music from another app keeps playing while it's on. DMs, stories and LIVE keep their sound.	Akış videolarını sessiz oynatır ve telefonun ses düzeyine dokunmaz. Açıkken başka bir uygulamadaki müzik çalmaya devam eder. DM'ler, hikayeler ve LIVE yayınlar seslerini korur.
Show the mute button on videos	Videolarda sesi kapatma düğmesini göster
Add a button beside the block control that turns the feed's sound off and on.	Engelleme düğmesinin yanına, akışın sesini kapatıp açan bir düğme ekle.
Show the block button on videos	Videolarda engelle düğmesini göster
Show the block sound button	Sesi engelle düğmesini göster
Show the country a video was posted from next to the creator's name.	Videonun paylaşıldığı ülkeyi içerik üreticisinin adının yanında göster.
Show the current spoken caption while the other controls are hidden.	Diğer kontroller gizliyken o an konuşulan altyazıyı göster.
Show the handle instead of the name	Ad yerine kullanıcı adını göster
Show the hide button on videos	Videolarda gizle düğmesini göster
Show the progress bar	İlerleme çubuğunu göster
Show the progress bar thumbnail	İlerleme çubuğu küçük resmini göster
Show the search entry inside TikTok's LIVE drawer, where available. This doesn't add a search box to video comments.	TikTok'un CANLI çekmecesindeki arama girişini, mümkün olan yerlerde göster. Bu, video yorumlarına bir arama kutusu eklemez.
Show the whole Activity and New followers lists instead of stopping at a View all button.	Tümünü gör düğmesinde durmak yerine Etkinlik ve Yeni takipçiler listelerinin tamamını göster.
Show the whole video instead of cropping it to the window. Nothing changes on a tall phone, where it already fits. On a folding phone opened up, a squarer screen or a split view the sides or the ends stop being cut off.	Videoyu pencereye sığsın diye kırpmak yerine tamamını göster. Videonun zaten sığdığı uzun telefonlarda hiçbir şey değişmez. Açılmış katlanabilir bir telefonda, kareye yakın bir ekranda veya bölünmüş görünümde kenarlar ya da uçlar artık kesilmez.
Show what is left of the budget	Bütçeden kalanı göster
Show when the camera or microphone is in use	Kamera veya mikrofon kullanılırken göster
Show where a video was posted	Videonun nerede paylaşıldığını göster
Showing %1$s again	%1$s yeniden gösteriliyor
Silence the feed while comments are open	Yorumlar açıkken akışın sesini kapat
Hide videos with blocked sounds	Engellenen sesleri kullanan videoları gizle
Skip content warnings	İçerik uyarılarını atla
Hide feed videos with place badges, even when they aren't paid ads. To keep the video and hide only its badge, use Hide location labels in Feed screen.	Ücretli reklam olmasalar bile yer rozeti taşıyan akış videolarını gizle. Videoyu tutup yalnızca rozetini gizlemek için Akış ekranındaki Konum etiketlerini gizle ayarını kullan.
Hide recorded LIVE broadcasts from the feed.	Kaydedilmiş CANLI yayınları akıştan gizle.
Hide videos marked as using promotional music.	Tanıtım müziği kullandığı belirtilen videoları gizle.
Hide videos that use a sound blocked with the player's sound button, or named below.	Oynatıcının ses düğmesiyle engellenen veya aşağıda adı yazılan bir sesi kullanan videoları gizle.
Skipping videos with %1$s	%1$s içeren videolar atlanıyor
Some Calm feed settings changed. Restore still puts back your earlier setup.	Bazı Sakin akış ayarları değişti. Geri yükle yine de önceki düzenini geri getirir.
Something is missing from %1$s. Tap for the whole report.	%1$s içinde eksik bir şey var. Raporun tamamı için dokun.
Sound link copied	Ses bağlantısı kopyalandı
Sound saved to %1$s	Ses şuraya kaydedildi: %1$s
Source	Kaynak
Speed	Hız
Speed menu choices	Hız menüsü seçenekleri
Split comment minimum width	Bölünmüş yorumlar için en düşük genişlik
Start each new video at your default. A manual choice lasts until the video changes.	Her yeni videoyu varsayılan ayarınla başlat. Elle yaptığın seçim video değişene kadar geçerli kalır.
Start feature gate recording	Özellik kapısı kaydını başlat
Start recording	Kaydı başlat
Start the day at	Günün başlangıç saati
Start today over	Bugünü baştan başlat
Start typing	Yazmaya başla
Hides the comment count, the sort and close buttons and the suggestions above them. Use Back or swipe down to close comments.	Yorum sayısını, sıralama ve kapatma düğmelerini ve üstlerindeki önerileri gizler. Yorumları kapatmak için Geri'yi kullan veya aşağı kaydır.
Sticker	Çıkartma
Sticker destination	Çıkartma kayıt konumu
Sticker saved to %1$s	Çıkartma şuraya kaydedildi: %1$s
Still here. Nothing is waiting.	Hâlâ burada. Bekleyen bir şey yok.
Still reading the record. Tap again in a moment.	Kayıt hâlâ okunuyor. Birazdan yeniden dokun.
Still saving the last one	Bir önceki hâlâ kaydediliyor
The last one is still waiting to start	Bir önceki hâlâ başlamayı bekliyor
Stops TikTok from sending usage reports, ad tracking and crash reports. TikTok's own diagnostic tools go quiet too.	TikTok'un kullanım raporları, reklam takibi ve çökme raporları göndermesini engeller. TikTok'un kendi tanılama araçları da sessizleşir.
Stops TikTok from slowing your screen to match each video's frame rate. On a 90 or 120 Hz phone, that request makes the whole app, scrolling too, run slower.	TikTok'un ekranını her videonun kare hızına göre yavaşlatmasını engeller. 90 veya 120 Hz'lik bir telefonda bu istek tüm uygulamayı, kaydırma dahil, yavaşlatır.
Stops TikTok from reading your phone's motion and compass sensors. Apps can use them to recognize your phone.	TikTok'un telefonunun hareket ve pusula sensörlerini okumasını engeller. Uygulamalar bunlarla telefonunu tanıyabilir.
Stop TikTok reading what you copied. Copying a link from TikTok still works.	TikTok'un kopyaladıklarını okumasını durdur. TikTok'tan bağlantı kopyalamak yine çalışır.
Stop a long press on Like from opening TikTok's repost action.	Beğen'e uzun basmanın TikTok'un yeniden yayınlama işlemini açmasını durdur.
Stop a long press on Share from opening TikTok's quick share action.	Paylaş'a uzun basmanın TikTok'un hızlı paylaşım işlemini açmasını durdur.
Stop feature gate recording	Özellik kapısı kaydını durdur
Stop the brand animation that plays over the comments when what someone typed matches an advertiser's trigger.	Birinin yazdığı şey bir reklamverenin tetikleyicisiyle eşleştiğinde yorumların üzerinde oynayan marka animasyonunu durdur.
Stop the bubble that asks you to share a video with friends after you like it.	Bir videoyu beğendikten sonra onu arkadaşlarınla paylaşmanı isteyen balonu durdur.
Stops websites you open from inside TikTok from reaching back into the app. TikTok's own pages, such as Activity center, Watch history, shop checkout and CAPTCHA, keep working.	TikTok içinden açtığın sitelerin uygulamaya geri erişmesini engeller. Activity center, İzleme geçmişi, mağaza ödemesi ve CAPTCHA gibi TikTok'un kendi sayfaları çalışmaya devam eder.
Stop video looping	Video döngüsünü durdur
Stop videos at the end instead of replaying them.	Videoları yeniden oynatmak yerine sonunda durdur.
Stopped after dismissing %1$s suggested accounts	Önerilen %1$s hesap kapatıldıktan sonra durdu
Stopped after dismissing one suggested account	Önerilen bir hesap kapatıldıktan sonra durdu
Stories	Hikayeler
Story saved to %1$s	Hikaye şuraya kaydedildi: %1$s
Structured value observed	Yapılandırılmış değer gözlemlendi
Subtitle language	Altyazı dili
Subtitles	Altyazılar
System	Sistem
Hide the streak button in a chat and the reminder message that goes with it.	Sohbetteki seri düğmesini ve onunla birlikte gelen hatırlatma mesajını gizle.
Tap a comment's heart twice within %1$d seconds. A double tap on the comment needs a second one too. Removing a like stays immediate.	Bir yorumun kalbine %1$d saniye içinde iki kez dokun. Yoruma çift dokunmak da ikinci bir çift dokunma ister. Beğeniyi kaldırmak yine anında olur.
Tap a story's heart twice within %1$d seconds. Removing a like stays immediate.	Bir hikayenin kalbine %1$d saniye içinde iki kez dokun. Beğeniyi kaldırmak yine anında olur.
Tap Repost on the bar under a video twice within %1$d seconds. A repost with a note is left alone.	Bir videonun altındaki çubukta Yeniden yayınla düğmesine %1$d saniye içinde iki kez dokun. Not eklenmiş bir yeniden yayınlama olduğu gibi kalır.
Tap again to follow	Takip etmek için yeniden dokun
Tap again to like	Beğenmek için yeniden dokun
Tap again to repost	Yeniden yayınlamak için yeniden dokun
Tap the feed Follow button twice within %1$d seconds.	Akıştaki Takip et düğmesine %1$d saniye içinde iki kez dokun.
Tap the like heart twice within %1$d seconds. Removing a like stays immediate.	Beğeni kalbine %1$d saniye içinde iki kez dokun. Beğeniyi kaldırmak yine anında olur.
Tap to start the feed	Akışı başlatmak için dokun
Technical details	Teknik ayrıntılar
Technical details, %1$s	Teknik ayrıntılar, %1$s
That backup was written by a newer Hushfeed than this one. Nothing was altered.	Bu yedek, bundan daha yeni bir Hushfeed sürümüyle yazılmış. Hiçbir şey değiştirilmedi.
That creator is already in the list	Bu içerik üreticisi zaten listede
That creator pattern is too long to use, so it was skipped: %1$s	Bu içerik üreticisi kalıbı kullanılamayacak kadar uzun olduğu için atlandı: %1$s
That creator pattern is too long, so it wasn't added: %1$s	Bu içerik üreticisi kalıbı çok uzun olduğu için eklenmedi: %1$s
That file isn't a loaded-values export, or it's larger than the Lab accepts	Bu dosya bir yüklenen değerler dışa aktarımı değil ya da Lab'in kabul ettiğinden büyük
That file isn't readable text, so it may have been damaged in transit. Nothing was altered.	Bu dosya okunabilir bir metin değil, aktarım sırasında zarar görmüş olabilir. Hiçbir şey değiştirilmedi.
That file is too large to be a settings backup. Nothing was altered.	Bu dosya bir ayar yedeği olamayacak kadar büyük. Hiçbir şey değiştirilmedi.
That folder name has a character Android doesn't allow. Use letters, numbers, spaces or dashes.	Bu klasör adında Android'in izin vermediği bir karakter var. Harf, rakam, boşluk veya kısa çizgi kullan.
That is %1$d minutes today	Bugün %1$d dakika etti
That is %1$d videos today	Bugün %1$d video etti
That isn't a Hushfeed settings backup. Nothing was altered.	Bu bir Hushfeed ayar yedeği değil. Hiçbir şey değiştirilmedi.
That isn't an app name. Try something like com.example.downloader, or leave the box empty to keep saving in TikTok.	Bu bir uygulama adı değil. com.example.downloader gibi bir şey dene ya da TikTok'a kaydetmeye devam etmek için kutuyu boş bırak.
That is one minute today	Bugün bir dakika etti
That is one video today	Bugün bir video etti
That list has too many entries. Keep it to %1$s or fewer.	Bu listede çok fazla giriş var. %1$s veya daha az olsun.
That list is too large. Keep it to %1$s KB or less.	Bu liste çok büyük. %1$s KB veya daha küçük olsun.
That preset isn't recognized. Choose another.	Bu hazır ayar tanınmıyor. Başka birini seç.
That settings backup contains a feed rule list larger than Hushfeed accepts. Nothing was altered.	Bu ayar yedeği, Hushfeed'in kabul ettiğinden büyük bir akış kuralı listesi içeriyor. Hiçbir şey değiştirilmedi.
That settings backup holds a value Hushfeed can't read. Nothing was altered.	Bu ayar yedeğinde Hushfeed'in okuyamadığı bir değer var. Hiçbir şey değiştirilmedi.
That settings backup holds more Feature Gate Lab rules than the Lab takes. Nothing was altered.	Bu ayar yedeğinde Lab'in aldığından fazla Feature Gate Lab kuralı var. Hiçbir şey değiştirilmedi.
That settings backup is damaged or only partly downloaded. Nothing was altered.	Bu ayar yedeği hasarlı ya da yalnızca bir kısmı indirilmiş. Hiçbir şey değiştirilmedi.
That settings backup is incomplete, so it may have been cut short. Nothing was altered.	Bu ayar yedeği eksik, yarıda kesilmiş olabilir. Hiçbir şey değiştirilmedi.
That settings change didn't go through. Nothing was altered.	Bu ayar değişikliği uygulanamadı. Hiçbir şey değiştirilmedi.
That sticker is in a format Hushfeed can't read	Bu çıkartma Hushfeed'in okuyamadığı bir biçimde
The Lab can't check this. TikTok gets it exactly as typed.	Lab bunu denetleyemiyor. TikTok bunu tam yazıldığı gibi alır.
The Lab couldn't open. Go back and open it again.	Lab açılamadı. Geri dön ve yeniden aç.
The Lab keeps at most %1$s rules. This change would make %2$s, so nothing was changed.	Lab en fazla %1$s kural tutar. Bu değişiklikle %2$s olacaktı, bu yüzden hiçbir şey değiştirilmedi.
The catalog says this key is %1$s and this override is %2$s. Reset the override and make a new one.	Kataloğa göre bu anahtar %1$s, bu geçersiz kılma ise %2$s. Geçersiz kılmayı sıfırla ve yenisini oluştur.
The diagnostic report couldn't be saved yet. Try again in a moment.	Tanılama raporu henüz kaydedilemedi. Birazdan yeniden dene.
The diagnostic report couldn't be saved. Try again.	Tanılama raporu kaydedilemedi. Yeniden dene.
The downloader app you chose isn't installed. Check Send links to another app under Downloads.	Seçtiğin indirme uygulaması yüklü değil. İndirmeler altındaki Bağlantıları başka bir uygulamaya gönder ayarını kontrol et.
The feed slowly dims during the last 45 seconds before the hold, so it doesn't come as a sudden stop. Needs a time budget and a hold.	Akış, bekletmeden önceki son 45 saniyede yavaşça kararır, böylece ani bir durma gibi gelmez. Bir süre bütçesi ve bir bekletme gerekir.
The feed doesn't end. This is a fine time to leave it.	Akışın sonu yok. Şimdi bırakmak için iyi bir an.
The feed is open again	Akış yeniden açık
The feed waits for one tap before it starts playing again when you come back to the app. Messages, profiles and search are still one tap away.	Uygulamaya döndüğünde akış yeniden oynamaya başlamadan önce tek bir dokunuş bekler. Mesajlar, profiller ve arama hâlâ bir dokunuş uzakta.
The hour both budgets reset, on a 24 hour clock. The default is 4 in the morning, so a late night still counts as the same day.	Her iki bütçenin sıfırlandığı saat, 24 saatlik düzende. Varsayılan sabah 4'tür, böylece geç saatlere uzanan bir gece hâlâ aynı günden sayılır.
Last change put back. Restart TikTok to apply all changes.	Son değişiklik geri kondu. Tüm değişiklikleri uygulamak için TikTok'u yeniden başlat.
Last change put back. The Feature Gate Lab rules were for another TikTok version and were left out. Restart TikTok to apply all changes.	Son değişiklik geri kondu. Feature Gate Lab kuralları başka bir TikTok sürümü içindi ve dışarıda bırakıldı. Tüm değişiklikleri uygulamak için TikTok'u yeniden başlat.
Show only videos with this many comments.	Yalnızca bu kadar yorumu olan videoları göster.
Show only videos with this many favorites.	Yalnızca bu kadar favorisi olan videoları göster.
Show only videos with this many likes.	Yalnızca bu kadar beğenisi olan videoları göster.
Show only videos with this many shares.	Yalnızca bu kadar paylaşımı olan videoları göster.
Show only videos with this many views.	Yalnızca bu kadar görüntülenmesi olan videoları göster.
The original photos aren't available, so TikTok's own save runs instead	Orijinal fotoğraflar kullanılamıyor, bu yüzden TikTok'un kendi kaydetme işlemi çalışıyor
The original photos aren't available. No video was saved.	Orijinal fotoğraflar kullanılamıyor. Video kaydedilmedi.
The override changes no fields. Edit the field values, or reset the override.	Geçersiz kılma hiçbir alanı değiştirmiyor. Alan değerlerini düzenle ya da geçersiz kılmayı sıfırla.
The override couldn't be applied: %1$s. Edit the field values, or reset the override.	Geçersiz kılma uygulanamadı: %1$s. Alan değerlerini düzenle ya da geçersiz kılmayı sıfırla.
The override doesn't say what list to return. Edit the field values, or reset the override.	Geçersiz kılma hangi listenin döndürüleceğini belirtmiyor. Alan değerlerini düzenle ya da geçersiz kılmayı sıfırla.
The profile picture couldn't be saved. Try again.	Profil fotoğrafı kaydedilemedi. Yeniden dene.
The record of an interrupted settings change couldn't be read, so it was set aside. Check your settings.	Yarıda kalan bir ayar değişikliğinin kaydı okunamadığı için bir kenara ayrıldı. Ayarlarını kontrol et.
The report couldn't be saved. Try again.	Rapor kaydedilemedi. Yeniden dene.
The loaded-values file you chose couldn't be read. Try again.	Seçtiğin yüklenen değerler dosyası okunamadı. Yeniden dene.
The setting couldn't finish updating. Its saved value is shown.	Ayarın güncellenmesi tamamlanamadı. Kayıtlı değeri gösteriliyor.
The settings backup was rejected. Nothing was altered.	Ayar yedeği reddedildi. Hiçbir şey değiştirilmedi.
The smallest value is above the largest	En küçük değer en büyük değerden yüksek
The sound couldn't be saved. Try again.	Ses kaydedilemedi. Yeniden dene.
The sticker couldn't be saved. Try again.	Çıkartma kaydedilemedi. Yeniden dene.
The story couldn't be saved. Try again.	Hikaye kaydedilemedi. Yeniden dene.
The thumbs down on each comment blocks the commenter instead of disliking. The comment dims, an undo banner follows, and a second tap unblocks.	Her yorumdaki aşağı başparmak, beğenmemek yerine yorumu yazanı engeller. Yorum soluklaşır, ardından bir geri alma şeridi çıkar ve ikinci bir dokunuş engeli kaldırır.
The video couldn't be saved. Try again, or choose Automatic.	Video kaydedilemedi. Yeniden dene ya da Otomatik'i seç.
There is no Lab change to undo.	Geri alınacak bir Lab değişikliği yok.
There is no diagnostic data to clear	Temizlenecek tanılama verisi yok
There is no diagnostic data to put back	Geri konacak tanılama verisi yok
There was nothing to put back	Geri konacak bir şey yoktu
These loaded values are for a different TikTok version.	Bu yüklenen değerler farklı bir TikTok sürümüne ait.
This catalog entry is no longer available. Refresh the Lab and try again.	Bu katalog girişi artık kullanılamıyor. Lab'i yenile ve yeniden dene.
This change couldn't be saved. Try again.	Bu değişiklik kaydedilemedi. Yeniden dene.
This configuration has no fields that can be copied and changed safely on this build.	Bu yapılandırmada, bu sürümde güvenle kopyalanıp değiştirilebilecek bir alan yok.
This file has more loaded values than the Lab takes at once.	Bu dosyada Lab'in tek seferde aldığından fazla yüklenen değer var.
This file has no loaded values in it.	Bu dosyada hiç yüklenen değer yok.
This file isn't a loaded-values export from the Feature Gate Lab.	Bu dosya Feature Gate Lab'den alınmış bir yüklenen değerler dışa aktarımı değil.
This gate type isn't supported.	Bu özellik kapısı türü desteklenmiyor.
This line opens a rule and doesn't finish it: %1$s. Write two phrases as "a" & "b" for both, or "a" !& "b" for the first without the second.	Bu satır bir kural açıyor ama bitirmiyor: %1$s. İki ifadeyi, ikisi birden için "a" & "b", ikincisi olmadan birincisi için "a" !& "b" biçiminde yaz.
This phone has no file picker, so there's no way to choose a file here	Bu telefonda dosya seçici yok, bu yüzden burada dosya seçmenin bir yolu yok
This phone has no folder picker. Type the folder into the row instead.	Bu telefonda klasör seçici yok. Bunun yerine klasörü satıra yaz.
This profile picture isn't available to save	Bu profil fotoğrafı kaydedilemiyor
This quality isn't available as a complete file, so TikTok's own save runs instead	Bu kalite tam bir dosya olarak sunulmuyor, bu yüzden TikTok'un kendi kaydetme işlemi çalışıyor
This setting's value can't be copied on this build, so it can't be overridden. Reset the override.	Bu ayarın değeri bu sürümde kopyalanamıyor, bu yüzden geçersiz kılınamaz. Geçersiz kılmayı sıfırla.
This story isn't available to save	Bu hikaye kaydedilemiyor
This value is required.	Bu değer gerekli.
This video has no link to copy	Bu videonun kopyalanacak bağlantısı yok
This video has no link to send, so TikTok's own save runs instead	Bu videonun gönderilecek bağlantısı yok, bu yüzden TikTok'un kendi kaydetme işlemi çalışıyor
This video has no original sound to save	Bu videonun kaydedilecek orijinal sesi yok
This video has no sound of its own	Bu videonun kendine ait bir sesi yok
Thumbs down blocks the commenter	Aşağı başparmak yorumu yazanı engeller
TikTok default	TikTok varsayılanı
TikTok default (hold to speed up, quick share)	TikTok varsayılanı (hızlandırmak için basılı tut, hızlı paylaşım)
TikTok didn't block %1$s. Try again in a moment.	TikTok %1$s hesabını engellemedi. Birazdan yeniden dene.
TikTok didn't unblock %1$s. Try again in a moment.	TikTok %1$s hesabının engelini kaldırmadı. Birazdan yeniden dene.
TikTok didn't accept the feedback. Try again later.	TikTok geri bildirimi kabul etmedi. Daha sonra yeniden dene.
TikTok hasn't loaded this setting yet. Open the part of the app that uses it, then come back.	TikTok bu ayarı henüz yüklemedi. Onu kullanan uygulama bölümünü aç, sonra geri dön.
TikTok read it	TikTok bunu okudu
TikTok read it, but the override couldn't be applied. Reset it and save it again.	TikTok bunu okudu ama geçersiz kılma uygulanamadı. Sıfırla ve yeniden kaydet.
TikTok refused the follow: %1$s	TikTok takibi reddetti: %1$s
TikTok's own value	TikTok'un kendi değeri
Shows TikTok's play, pause, previous and next buttons on the feed. TikTok normally shows them only to people who use a screen reader. TikTok can see when you use them.	Akışta TikTok'un oynat, duraklat, önceki ve sonraki düğmelerini gösterir. TikTok bunları normalde yalnızca ekran okuyucu kullananlara gösterir. TikTok bunları kullandığını görebilir.
TikTok sometimes tests a change that empties the Favorites tab on your profile. This keeps the tab and your saved videos.	TikTok bazen profilindeki Favoriler sekmesini boşaltan bir değişikliği dener. Bu, sekmeyi ve kaydettiğin videoları korur.
TikTok's size	TikTok'un boyutu
Times you can open the feed anyway	Akışı yine de açabileceğin sefer sayısı
Wait a day to loosen the budget	Bütçeyi gevşetmek için bir gün bekle
A change that makes your budget looser waits until the day starts over, and a stricter one applies at once. Looser means a higher or no budget, a shorter hold, more times to open the feed anyway, a new start hour, or turning this off. A restored backup follows the same rule, and Start today over is off while this is on.	Bütçeni gevşeten bir değişiklik, gün yeniden başlayana kadar bekler; sıkılaştıran ise hemen uygulanır. Gevşetmek; daha yüksek veya hiç bütçe, daha kısa bekletme, akışı yine de açmak için daha fazla hak, yeni bir başlangıç saati veya bunu kapatmak demektir. Geri yüklenen yedek de aynı kuralı izler ve bu açıkken Bugünü baştan başlat kapalıdır.
Changes to %1$s at %2$s	%2$s saatinde %1$s olarak değişir
Turns off at %1$s	%1$s saatinde kapanır
That loosens the budget. It waits until %1$s.	Bu bütçeyi gevşetir. %1$s saatine kadar bekler.
That loosens the lock. It waits until %1$s.	Bu kilidi gevşetir. %1$s saatine kadar bekler.
Today can't start over while Wait a day to loosen the budget is on. The day starts over at %1$s.	Bütçeyi gevşetmek için bir gün bekle açıkken bugün baştan başlatılamaz. Gün %1$s saatinde yeniden başlar.
Wait a day to loosen the budget is on, so Hushfeed stays on	Bütçeyi gevşetmek için bir gün bekle açık, bu yüzden Hushfeed açık kalıyor
Today has moved on, so there's nothing to put back	Bugün ilerledi, bu yüzden geri konacak bir şey yok
Today is back where it was	Bugün eski haline döndü
Today started over. Tap again to put the counts back.	Bugün baştan başladı. Sayıları geri koymak için yeniden dokun.
Today starts again	Bugün yeniden başlıyor
Today's budget is locked. The day starts over at %1$s.	Bugünün bütçesi kilitli. Gün %1$s saatinde baştan başlar.
Today's budget is locked. The feed opens again at %1$s. Messages, profiles and search still work.	Bugünün bütçesi kilitli. Akış %1$s saatinde yeniden açılır. Mesajlar, profiller ve arama çalışmaya devam eder.
Today's budget is locked. This can be changed again at %1$s.	Bugünün bütçesi kilitli. Bu, %1$s saatinde yeniden değiştirilebilir.
Today: %1$d minute	Bugün: %1$d dakika
Today: %1$d minutes	Bugün: %1$d dakika
Today: %1$d video	Bugün: %1$d video
Today: %1$d videos	Bugün: %1$d video
Use {creator}, {date}, {video_id} and {index} to build the name. {index} numbers the photos of a slideshow saved with Download original photos. TikTok's own save button numbers files by folder instead. The file ending is added for you.	Adı oluşturmak için {creator}, {date}, {video_id} ve {index} kullan. {index}, Orijinal fotoğrafları indir ile kaydedilen bir slayt gösterisinin fotoğraflarını numaralandırır. TikTok'un kendi kaydet düğmesi dosyaları klasöre göre numaralandırır. Dosya uzantısı otomatik eklenir.
Use {date} and {media_id} to build the name. Works for image and video stickers.	Adı oluşturmak için {date} ve {media_id} kullan. Görsel ve video çıkartmaları için çalışır.
Too many media saves are already running. Try again in a moment.	Zaten çok fazla medya kaydı sürüyor. Birazdan yeniden dene.
Tracking	İzlenme
Tracking, device access and links	İzlenme, cihaz erişimi ve bağlantılar
Translate comments as they load, using TikTok's own translator.	Yorumları yüklenirken TikTok'un kendi çevirmeniyle çevir.
Transparent	Saydam
Try a different word or clear the search.	Başka bir kelime dene ya da aramayı temizle.
Try again, or go back to TikTok.	Yeniden dene ya da TikTok'a geri dön.
Turn on %1$s first.	Önce %1$s ayarını aç.
Put %1$s in %2$s first.	Önce %2$s alanına %1$s yaz.
Turn on overrides	Geçersiz kılmaları aç
Turned off %1$d gates of %2$d. The rest don't take a true or false value. Restart TikTok to apply this.	%1$d / %2$d özellik kapısı kapatıldı. Geri kalanı true veya false değeri almıyor. Bunu uygulamak için TikTok'u yeniden başlat.
Turned off %1$d gates. Restart TikTok to apply this.	%1$d özellik kapısı kapatıldı. Bunu uygulamak için TikTok'u yeniden başlat.
Turned off 1 gate of %2$d. The rest don't take a true or false value. Restart TikTok to apply this.	1 / %2$d özellik kapısı kapatıldı. Geri kalanı true veya false değeri almıyor. Bunu uygulamak için TikTok'u yeniden başlat.
Turned off 1 gate. Restart TikTok to apply this.	1 özellik kapısı kapatıldı. Bunu uygulamak için TikTok'u yeniden başlat.
Two letters, like us, gb or jp.	us, gb veya jp gibi iki harf.
Type	Tür
Unavailable	Kullanılamıyor
Unblock	Engeli kaldır
Unblock this commenter	Bu yorumcunun engelini kaldır
Unblocked %1$s	%1$s hesabının engeli kaldırıldı
Undo	Geri al
Undo clearing seen videos	Görülen videoları temizlemeyi geri al
Undo last Lab change	Son Lab değişikliğini geri al
Undo last restore or reset	Son geri yüklemeyi veya sıfırlamayı geri al
Undoing the last change	Son değişiklik geri alınıyor
Until you choose here, this sheet follows your choices under Hide share actions.	Burada bir seçim yapana kadar bu menü, Paylaşım işlemlerini gizle altındaki seçimlerine uyar.
Up to %1$d speeds from %2$s to %3$s, separated by commas. Example: 0.5, 1, 1.5, 2, 2.5, 3. Leave empty for TikTok's list. Restart TikTok to apply this.	%2$s ile %3$s arasında, virgülle ayrılmış en fazla %1$d hız. Örnek: 0.5, 1, 1.5, 2, 2.5, 3. TikTok'un listesi için boş bırak. Bunu uygulamak için TikTok'u yeniden başlat.
Use 0 for TikTok's size, or %1$d to %2$d. Applies to the next caption.	TikTok'un boyutu için 0, ya da %1$d ile %2$d arasında bir değer kullan. Bir sonraki altyazıya uygulanır.
Use Calm feed	Sakin akışı kullan
Use TikTok's own hold, pull down and release gesture to keep playing at the hold speed, 2x unless Playback sets another.	Basılı tutma hızında kalmak için TikTok'un kendi basılı tut, aşağı çek ve bırak hareketini kullan. Oynatma altında başka bir hız seçilmedikçe 2x'tir.
Use a default playback speed	Varsayılan bir oynatma hızı kullan
Use non-personalized search	Kişiselleştirilmemiş aramayı kullan
Use system font	Sistem yazı tipini kullan
Use the preset for the region TikTok reports for your account and its shop too. May affect search.	TikTok'un hesabın için bildirdiği bölgenin hazır ayarını mağaza için de kullan. Aramayı etkileyebilir.
Makes TikTok see the country and carrier you pick as your SIM. Your IP address, account history and language don't change, and any one of them can make TikTok keep your current region. Restart TikTok to see the change.	TikTok'un seçtiğin ülkeyi ve operatörü SIM kartın olarak görmesini sağlar. IP adresin, hesap geçmişin ve dilin değişmez; bunlardan herhangi biri TikTok'un mevcut bölgeni korumasına yetebilir. Değişikliği görmek için TikTok'u yeniden başlat.
Makes TikTok see the country you pick as your SIM. Your IP address, account history and language don't change, and any one of them can make TikTok keep your current region. Restart TikTok to see the change.	TikTok'un seçtiğin ülkeyi SIM kartın olarak görmesini sağlar. IP adresin, hesap geçmişin ve dilin değişmez; bunlardan herhangi biri TikTok'un mevcut bölgeni korumasına yetebilir. Değişikliği görmek için TikTok'u yeniden başlat.
Use the split layout on wider screens. Restart TikTok to apply this. If the old layout is still there, unfold again.	Daha geniş ekranlarda bölünmüş düzeni kullan. Bunu uygulamak için TikTok'u yeniden başlat. Eski düzen hâlâ duruyorsa telefonu katlayıp yeniden aç.
Use value	Değeri kullan
Use your own offline videos limit	Kendi çevrimdışı video sınırını kullan
Using TikTok's value	TikTok'un değeri kullanılıyor
Value	Değer
Value to return	Döndürülecek değer
Verified accounts	Doğrulanmış hesaplar
Version %1$s	Sürüm %1$s
Version %1$s for TikTok %2$s	Sürüm %1$s, TikTok %2$s için
Video	Video
Video (MP4)	Video (MP4)
Video destination	Video kayıt konumu
Video download quality	Video indirme kalitesi
Video filename	Video dosya adı
Video info	Video bilgileri
Video playback quality	Video oynatma kalitesi
Video saved	Video kaydedildi
Video saved in %1$s, but only %2$s of %3$s subtitles came with it	Video %1$s konumuna kaydedildi, ancak altyazılardan yalnızca %2$s tanesi onunla geldi (toplam %3$s)
Video saved with %1$s subtitles in %2$s	Video, %1$s altyazıyla %2$s konumuna kaydedildi
Wait before hiding the controls.	Kontrolleri gizlemeden önce bekle.
WebP, exactly as TikTok sent it	WebP, tam TikTok'un gönderdiği haliyle
What TikTok gets	TikTok'un aldığı
When TikTok requests this key, return the selected value below	TikTok bu anahtarı istediğinde aşağıda seçilen değeri döndür
When a video ends in full screen, stay on it instead of moving to the next one. Swiping still moves on.	Tam ekranda bir video bittiğinde bir sonrakine geçmek yerine onda kalır. Kaydırmak yine ilerletir.
While diagnostic logging is on, a message names the part of Hushfeed that failed. Off keeps failures in the report only.	Tanılama günlüğü açıkken bir mesaj, Hushfeed'in hata veren bölümünün adını söyler. Kapalıyken hatalar yalnızca raporda kalır.
Window width needed to enable the layout. Restart TikTok to apply this.	Düzeni etkinleştirmek için gereken pencere genişliği. Bunu uygulamak için TikTok'u yeniden başlat.
Words, countries and languages	Kelimeler, ülkeler ve diller
Working	Çalışıyor
Write the video's sound beside it as an .m4a. Android 10 and later file audio separately, so it lands in Music under the same folder name as your videos.	Videonun sesini .m4a olarak videonun yanına yaz. Android 10 ve sonrası ses dosyalarını ayrı tutar, bu yüzden dosya Music altında, videolarınla aynı adlı klasöre gider.
YTDLnis background mode	YTDLnis arka plan modu
YTDLnis download type	YTDLnis indirme türü
Yes	Evet
Your current settings already match Calm feed.	Mevcut ayarların zaten Sakin akışla aynı.
Your filters hid everything TikTok just sent. Most were %1$s.	Filtrelerin TikTok'un az önce gönderdiği her şeyi gizledi. En çok gizlenen: %1$s.
Your filters hid everything TikTok sent, %1$d times in a row. Most were %2$s.	Filtrelerin TikTok'un gönderdiği her şeyi art arda %1$d kez gizledi. En çok gizlenen: %2$s.
Your operator's name, like T-Mobile.	Operatörünün adı, örneğin T-Mobile.
Your operator's numeric code, like 310260.	Operatörünün sayısal kodu, örneğin 310260.
Your previous feed setup couldn't be restored. Nothing was changed.	Önceki akış düzenin geri yüklenemedi. Hiçbir şey değiştirilmedi.
Your previous feed setup is back.	Önceki akış düzenin geri geldi.
Your previous feed setup is back. Restart TikTok to apply all changes.	Önceki akış düzenin geri geldi. Tüm değişiklikleri uygulamak için TikTok'u yeniden başlat.
Zero means the way out of the hold is always there. Any other number is how many times a day it works. Once they're used up, the hold stays until the day starts over. Ignored while the budget is locked, which removes the way out.	Sıfır, bekletmeden çıkış yolunun her zaman olduğu anlamına gelir. Başka bir sayı, bunun günde kaç kez işe yaradığıdır. Bittiğinde bekletme, gün yeniden başlayana kadar kalır. Bütçe kilitliyken yok sayılır, çünkü kilit çıkış yolunu kaldırır.
Zero means no limit. Counts the videos Hushfeed advanced past for you, not the ones you swiped yourself, and starts again when the feed is rebuilt or you change this number.	Sıfır, sınır yok demektir. Kendi kaydırdıklarını değil, Hushfeed'in senin için geçtiği videoları sayar ve akış yeniden oluşturulduğunda ya da bu sayıyı değiştirdiğinde baştan başlar.
Zero shows the notice and leaves the feed alone. Anything else covers the feed for that many minutes once a budget is reached. Messages, profiles and search keep working, and nothing in the feed is thrown away.	Sıfır, bildirimi gösterir ve akışa dokunmaz. Başka bir değer, bir bütçeye ulaşıldığında akışın üstünü o kadar dakika boyunca örter. Mesajlar, profiller ve arama çalışmaya devam eder ve akıştaki hiçbir şey atılmaz.
Zero switches this off. A short reminder after that many minutes of watching, and again after the same again. Time on messages, a profile or search doesn't count, and nothing is shown while the feed is on hold.	Sıfır bunu kapatır. O kadar dakika izledikten sonra kısa bir hatırlatma gelir, aynı süre geçince bir tane daha. Mesajlarda, bir profilde veya aramada geçen süre sayılmaz ve akış bekletmedeyken hiçbir şey gösterilmez.
Zero switches this off. Counts every video that comes up in the feed and tells you when you reach the limit. Separate from the auto-advance session limit under Playback, which counts only videos Hushfeed moved past for you.	Sıfır bunu kapatır. Akışta çıkan her videoyu sayar ve sınıra ulaştığında sana haber verir. Oynatma altındaki otomatik ilerleme oturum sınırından ayrıdır; o yalnızca Hushfeed'in senin yerine geçtiği videoları sayar.
Zero switches this off. Count the minutes the player spends running in the feed. Time on messages, a profile or search doesn't count.	Sıfır bunu kapatır. Oynatıcının akışta çalışarak geçirdiği dakikaları say. Mesajlarda, bir profilde veya aramada geçen süre sayılmaz.
collapsed	daraltıldı
expanded	genişletildi
%1$s hid everything TikTok sent, %2$d times in a row. Turn it off if that's not what you wanted.	%1$s, TikTok'un gönderdiği her şeyi art arda %2$d kez gizledi. İstediğin bu değilse kapat.
Show the switch	Ayarı göster


this creator	bu içerik üreticisi

%1$s day	%1$s gün
%1$s days	%1$s gün
%1$s dp	%1$s dp
%1$s millisecond	%1$s milisaniye
%1$s milliseconds	%1$s milisaniye
%1$s minute	%1$s dakika
%1$s minutes	%1$s dakika
%1$s point	%1$s punto
%1$s points	%1$s punto
%1$s s	%1$s s
%1$s second	%1$s saniye
%1$s seconds	%1$s saniye
%1$s time	%1$s kez
%1$s times	%1$s kez
%1$s video	%1$s video
%1$s videos	%1$s video
%1$s view per comment	yorum başına %1$s görüntülenme
%1$s views per comment	yorum başına %1$s görüntülenme
%1$s view per like	beğeni başına %1$s görüntülenme
%1$s views per like	beğeni başına %1$s görüntülenme
%1$s, %2$s, %3$s or %4$s	%1$s, %2$s, %3$s veya %4$s
%1$s, %2$s or %3$s	%1$s, %2$s veya %3$s
TikTok refused the follow with code %1$s	TikTok takibi %1$s koduyla reddetti
TikTok refused the follow with code %1$s. A hidden CAPTCHA may be the cause.	TikTok takibi %1$s koduyla reddetti. Nedeni gizlenmiş bir CAPTCHA olabilir.
TikTok refused the follow: %1$s A hidden CAPTCHA may be the cause.	TikTok takibi reddetti: %1$s Nedeni gizlenmiş bir CAPTCHA olabilir.
Hushfeed is paused	Hushfeed duraklatıldı
Hushfeed runtime changes are paused. Your settings stay saved. Changes built into the APK remain.	Hushfeed'in çalışma sırasında uyguladığı değişiklikler duraklatıldı. Ayarların kayıtlı kalır. APK'ya işlenmiş değişiklikler kalır.
TikTok closed three times within a minute of starting, so Hushfeed paused itself. Your settings stay as they are.	TikTok açıldıktan sonraki bir dakika içinde üç kez kapandı, bu yüzden Hushfeed kendini duraklattı. Ayarların olduğu gibi kalır.
A file named hushfeed-safe-mode in TikTok's folder under Android/data paused Hushfeed. Your settings stay as they are.	Android/data altındaki TikTok klasöründe bulunan hushfeed-safe-mode adlı bir dosya Hushfeed'i duraklattı. Ayarların olduğu gibi kalır.
Turn Hushfeed back on	Hushfeed'i yeniden aç
Pause Hushfeed	Hushfeed'i duraklat
Pause runtime changes after restarting TikTok. Your settings stay saved. Changes built into the APK remain.	TikTok'u yeniden başlattıktan sonra çalışma sırasında uygulanan değişiklikleri duraklat. Ayarların kayıtlı kalır. APK'ya işlenmiş değişiklikler kalır.
Hushfeed turns back on when TikTok restarts.	Hushfeed, TikTok yeniden başladığında tekrar açılır.
The file hushfeed-safe-mode couldn't be removed. Delete it from TikTok's folder under Android/data to turn Hushfeed back on.	hushfeed-safe-mode dosyası kaldırılamadı. Hushfeed'i yeniden açmak için onu Android/data altındaki TikTok klasöründen sil.
Hide TikTok Shop in search	Aramada TikTok Shop'u gizle
Hide the Products block and product cards in search results.	Arama sonuçlarındaki Ürünler bölümünü ve ürün kartlarını gizle.
Hide TikTok's Auto scroll button	TikTok'un Otomatik kaydırma düğmesini gizle
Takes TikTok's own Auto scroll action out of the video panel. Auto-advance keeps working.	TikTok'un kendi Otomatik kaydırma eylemini video panelinden kaldırır. Videolar otomatik geçmeye devam eder.
Hide the unread badges on the bottom tabs	Alt sekmelerdeki okunmamış rozetlerini gizle
Hide the red counts and dots on every bottom tab, Inbox and Profile included. The inbox itself still shows what came in.	Gelen Kutusu ve Profil dahil tüm alt sekmelerdeki kırmızı sayaçları ve noktaları gizler. Gelen kutusunun kendisi gelenleri göstermeye devam eder.
Speed while you hold the video	Videoyu basılı tutarken hız
Hide mini dramas	Mini dizileri gizle
Hide TikTok's short drama episodes and the cards that promote them.	TikTok'un kısa dizi bölümlerini ve onları tanıtan kartları gizle.
Mini dramas	Mini diziler
Swipe left	Sola kaydır
TikTok default (open the creator's profile)	TikTok varsayılanı (içerik üreticisinin profilini aç)
Saving %1$s of %2$s	%2$s dosyadan %1$s. kaydediliyor
Stopping after this file	Bu dosyadan sonra durduruluyor
Waiting to save %1$s files	%1$s dosya kaydedilmeyi bekliyor
Waiting to save one file	Bir dosya kaydedilmeyi bekliyor
Save cancelled. Nothing was saved.	Kaydetme iptal edildi. Hiçbir şey kaydedilmedi.
The server asked us to wait. Try again later.	Sunucu beklememizi istedi. Daha sonra tekrar deneyin.
Saved %1$s of %2$s. The server asked us to wait. Try again later.	%2$s dosyadan %1$s kaydedildi. Sunucu beklememizi istedi. Daha sonra tekrar deneyin.
One more save waiting	Bir kayıt daha bekliyor
%1$s more saves waiting	%1$s kayıt daha bekliyor
Starts after one other save	Başka bir kayıttan sonra başlar
Starts after %1$s other saves	Diğer %1$s kayıttan sonra başlar
# context: the banner the next start shows when TikTok closed before some saves ended. A heading, then one line per save: the kind of save, a colon, and how many of its files didn't finish. It must not promise the save will carry on by itself.
TikTok closed during these saves	TikTok bu kayıtlar sırasında kapandı
%1$s: didn't finish	%1$s: tamamlanmadı
%1$s: one of %3$s files didn't finish	%1$s: %3$s dosyadan biri tamamlanmadı
%1$s: %2$s of %3$s files didn't finish	%1$s: %3$s dosyadan %2$s tanesi tamamlanmadı
%1$s: might not have finished	%1$s: tamamlanmamış olabilir
%1$s: one of %3$s files might not have finished	%1$s: %3$s dosyadan biri tamamlanmamış olabilir
%1$s: %2$s of %3$s files might not have finished	%1$s: %3$s dosyadan %2$s tanesi tamamlanmamış olabilir
And one more save	Ve bir kayıt daha
And %1$s more saves	Ve %1$s kayıt daha
Original photos	Orijinal fotoğraflar
Story	Hikaye
Original sound	Orijinal ses
Profile picture	Profil fotoğrafı
Live photo clip	Canlı fotoğraf klibi
Media save	Medya kaydı
Saved %1$s of %2$s, the rest cancelled	%2$s dosyadan %1$s kaydedildi, kalanlar iptal edildi
Saved %1$s of %2$s, %3$s skipped	%2$s dosyadan %1$s kaydedildi, %3$s atlandı
Saved %1$s of %2$s, %3$s skipped and the rest cancelled	%2$s dosyadan %1$s kaydedildi, %3$s atlandı ve kalanlar iptal edildi
None of the photos could be saved. Try again.	Fotoğrafların hiçbiri kaydedilemedi. Tekrar deneyin.
Saved %1$s of %2$s, the rest need more free space	%2$s dosyadan %1$s kaydedildi, kalanlar için daha fazla boş alan gerekiyor
Saved %1$s of %2$s, the rest ran out of time	%2$s dosyadan %1$s kaydedildi, kalanlar için süre doldu
Live photo clip saved to %1$s	Canlı fotoğraf klibi %1$s konumuna kaydedildi
The live photo's clip couldn't be saved. Try again.	Canlı fotoğrafın klibi kaydedilemedi. Tekrar deneyin.
Creator exceptions	İçerik üretici istisnaları
An exception names one creator, so a pattern can't be one: %1$s	Bir istisna tek bir içerik üreticiyi adlandırır, bu yüzden bir kalıp istisna olamaz: %1$s
An exception takes a handle or id, not a display name: %1$s	Bir istisna hesap adı veya kimlik alır, görünen ad değil: %1$s
Also on a block list, so still hidden: %1$s	Bir engelleme listesinde de var, bu yüzden gizli kalır: %1$s
Find the sound on YouTube Music	Sesi YouTube Music'te bul
YouTube Music isn't installed	YouTube Music yüklü değil
This video's sound has no title to look for	Bu videonun sesinin aranacak bir başlığı yok
YouTube Music couldn't be opened. Open it yourself and search for the sound.	YouTube Music açılamadı. Kendiniz açıp sesi arayın.
Allow storage for TikTok in Android settings to save the live photo's clip	Canlı fotoğrafın klibini kaydetmek için Android ayarlarında TikTok'a depolama izni verin
This is the video's own sound, so YouTube Music won't have it	Bu videonun kendi sesi, bu yüzden YouTube Music'te bulunmaz
Not a handle or id, so ignored: %1$s	Hesap adı veya kimlik değil, bu yüzden yok sayıldı: %1$s
What's new	Yenilikler
Changes in Hushfeed %1$s	Hushfeed %1$s sürümündeki değişiklikler
Reviewed presets	Doğrulanmış hazır ayarlar
Show See translation	Çeviriyi gör seçeneğini göster
Reviewed for TikTok %1$s	TikTok %1$s için doğrulandı
Value: %1$s to %2$s	Değer: %1$s yerine %2$s
The presets couldn't load. Open the Lab again.	Hazır ayarlar yüklenemedi. Laboratuvarı yeniden açın.
Apply enables these overrides. Undo last Lab change puts your previous rules back until you change anything else in the Lab.	Uygula bu geçersiz kılmaları etkinleştirir. Son Lab değişikliğini geri al, Lab'da başka bir şey değiştirene kadar önceki kurallarını geri getirir.
Apply saves these overrides. Turn on overrides in the Lab to use them. Turning them on is a Lab change too, so after that Undo turns them off rather than putting your previous rules back.	Uygula bu geçersiz kılmaları kaydeder. Kullanmak için Lab'da geçersiz kılmaları aç. Onları açmak da bir Lab değişikliğidir, bu yüzden ondan sonra Geri al önceki kurallarını geri getirmek yerine onları kapatır.
This preset isn't available for your installed TikTok version.	Bu hazır ayar, yüklü TikTok sürümünüz için kullanılamıyor.
Preset applied. Restart TikTok to use it.	Hazır ayar uygulandı. Kullanmak için TikTok'u yeniden başlatın.
Preset saved. Turn on overrides in the Lab to use it.	Hazır ayar kaydedildi. Kullanmak için laboratuvarda geçersiz kılmaları açın.
This preset doesn't match the installed gates. Nothing changed.	Bu hazır ayar, yüklü özelliklerle eşleşmiyor. Hiçbir şey değişmedi.
About overrides	Geçersiz kılmalar hakkında
Use {creator}, {date} and {video_id} to build the name. Start with {creator}/ to put each creator in a folder. The file ending is added for you.	Adı oluşturmak için {creator}, {date} ve {video_id} kullan. Her içerik üreticisini ayrı klasöre koymak için {creator}/ ile başla. Dosya uzantısı otomatik eklenir.
Save details beside the video	Ayrıntıları videonun yanına kaydet
Saves the caption, creator, link and post date in a text file next to the video. On Android 10 and later, the pair goes in Download or Documents under the same folder name. Applies to saves made by Hushfeed.	Açıklamayı, içerik üreticisini, bağlantıyı ve paylaşım tarihini videonun yanında bir metin dosyasına kaydeder. Android 10 ve üzerinde bu çift, aynı klasör adıyla Download veya Documents içine gider. Hushfeed'in yaptığı kayıtlar için geçerlidir.
Check for already-saved videos	Önceden kaydedilen videoları kontrol et
Forget saved videos	Kaydedilen videoları unut
Undo forgetting saved videos	Kaydedilen videoları unutmayı geri al
Forget which videos Hushfeed saved here, so the already-saved check starts over. The saved files and your settings stay. Turning the check off doesn't erase this record.	Hushfeed'in burada hangi videoları kaydettiğini unutur, böylece zaten kaydedilmiş kontrolü baştan başlar. Kaydedilen dosyalar ve ayarların kalır. Kontrolü kapatmak bu kaydı silmez.
Forgetting saved videos	Kaydedilen videolar unutuluyor
Putting the saved videos back	Kaydedilen videolar geri getiriliyor
Forgotten. Tap to put them back.	Unutuldu. Geri getirmek için dokun.
Saved videos forgotten. The files are still there.	Kaydedilen videolar unutuldu. Dosyalar hâlâ orada.
There were no saved videos to forget	Unutulacak kaydedilmiş video yoktu
Couldn't forget the saved videos. Try again.	Kaydedilen videolar unutulamadı. Tekrar dene.
Saved videos put back	Kaydedilen videolar geri getirildi
Couldn't put the saved videos back. Try again.	Kaydedilen videolar geri getirilemedi. Tekrar dene.
Too late to put the saved videos back	Kaydedilen videoları geri getirmek için artık çok geç
Remembers up to %1$s videos you saved here. If the file is still there, you get Open or Save again instead of a second copy.	Burada kaydettiğin en fazla %1$s videoyu hatırlar. Dosya hâlâ duruyorsa ikinci bir kopya yerine Aç veya Yeniden kaydet seçeneğini görürsün.
This video is already saved. Open TikTok to save another copy.	Bu video zaten kayıtlı. Başka bir kopya kaydetmek için TikTok'u açın.
This video is already saved	Bu video zaten kayıtlı
Save again	Yeniden kaydet
The saved-video choice couldn't open. Try again.	Kayıtlı video seçenekleri açılamadı. Yeniden deneyin.
The saved-video choice is still open	Kayıtlı video seçenekleri hâlâ açık
This video isn't available as a complete file. Try again later.	Bu video tam bir dosya olarak mevcut değil. Daha sonra yeniden deneyin.
Saving video to %1$s	Video %1$s konumuna kaydediliyor
Video and details saved to %1$s	Video ve ayrıntılar %1$s konumuna kaydedildi
The video was saved, but its record couldn't be updated. A later save may make another copy.	Video kaydedildi, ancak kaydı güncellenemedi. Daha sonra yeniden kaydetmek başka bir kopya oluşturabilir.
The already-saved check failed. Try again.	Önceden kaydedilen videolar kontrol edilemedi. Yeniden deneyin.
Show download progress	İndirme ilerlemesini göster
Show a progress bar while a video saves.	Video kaydedilirken ilerleme çubuğu gösterir.
Saving video	Video kaydediliyor
Waiting to save video	Video kaydedilmeyi bekliyor
Saving video: %1$s	Video kaydediliyor: %1$s
Saving %1$s of %2$s: %3$s	%1$s / %2$s kaydediliyor: %3$s
Couldn't save the change. Try again.	Değişiklik kaydedilemedi. Tekrar dene.
Off. TikTok can report views and typing.	Kapalı. TikTok görüntülemeleri ve yazıyor durumunu bildirebilir.
Hushfeed is paused. Ghost mode isn't active.	Hushfeed duraklatıldı. Hayalet modu etkin değil.
Problem detected. Story views may still be reported. Check Ghost mode diagnostics. The warning stays until TikTok restarts.	Sorun algılandı. Hikâye görüntülemeleri yine de bildirilebilir. Hayalet modu tanılamasına bak. Uyarı, TikTok yeniden başlatılana kadar kalır.
Hushfeed blocked TikTok's reports here. It hasn't confirmed that you stay off viewer lists.	Hushfeed burada TikTok'un raporlarını engelledi. İzleyici listelerinde görünmediğini henüz doğrulamadı.
On. Hushfeed hasn't seen TikTok send any reports since it started.	Açık. Hushfeed, TikTok başladığından beri onun herhangi bir rapor gönderdiğini görmedi.
Ghost mode diagnostics	Hayalet modu tanılaması
The partial file couldn't be removed. Delete it from the folder you chose.	Eksik dosya kaldırılamadı. Seçtiğin klasörden sil.
The backup didn't start and its partial file couldn't be removed. Delete it from the folder you chose.	Yedekleme başlamadı ve eksik dosyası kaldırılamadı. Seçtiğin klasörden sil.
Problem detected.	Sorun algılandı.
Couldn't save these choices. Try again.	Bu seçimler kaydedilemedi. Tekrar dene.
Clearing seen videos	İzlenen videolar temizleniyor
Couldn't clear seen videos. Try again.	İzlenen videolar temizlenemedi. Tekrar dene.
Keep playing in the background	Arka planda oynatmaya devam et
The video you're watching keeps playing to its end after you leave TikTok or turn the screen off, with TikTok's own media notification to pause it. TikTok's background play switch stays on while this is on. Restart TikTok to apply this.	İzlediğin video, TikTok'tan çıktıktan veya ekranı kapattıktan sonra da sonuna kadar oynamaya devam eder ve TikTok'un kendi medya bildiriminden duraklatılabilir. Bu açıkken TikTok'un arka planda oynatma anahtarı da açık kalır. Bunu uygulamak için TikTok'u yeniden başlat.
Keep playing in the background is on in Hushfeed's Playback settings, so TikTok gets 2 for this key and an override here has no effect until that switch is off.	Hushfeed'in Oynatma ayarlarında Arka planda oynatmaya devam et açık, bu yüzden TikTok bu anahtar için 2 alır ve buradaki bir geçersiz kılma o anahtar kapanana kadar etkisizdir.
2, from Keep playing in the background	2, Arka planda oynatmaya devam et ayarından
Let the last video finish	Son videonun bitmesine izin ver
When the budget runs out, the video on screen plays to its end before the hold starts, and you can't swipe to another video meanwhile. If the fade already dimmed the feed, the hold starts right away. Needs a hold. It waits %1$d minutes at most.	Bütçe bittiğinde ekrandaki video, bekletme başlamadan önce sonuna kadar oynar ve bu sırada başka bir videoya kaydıramazsın. Karartma akışı zaten karartmışsa bekletme hemen başlar. Bir bekletme gerekir. En fazla %1$d dakika bekler.
The feed stops when this video ends.	Bu video bitince akış durur.
Streak	Seri
Keep a streak going	Bir seriyi sürdür
Who to message	Kime yazılsın
When to send	Ne zaman gönderilsin
The time of day the message goes out.	Mesajın gönderileceği saat.
Message	Mesaj
What gets sent each day.	Her gün gönderilecek olan.
Send it now	Şimdi gönder
Sends today's message right away. The daily one then waits for tomorrow.	Bugünün mesajını hemen gönderir. Günlük mesaj o zaman yarını bekler.
Turn on Keep a streak going first	Önce Bir seriyi sürdür seçeneğini aç
Sending the message	Mesaj gönderiliyor
A message is already on its way	Zaten bir mesaj yolda
Enter who to message below to start.	Başlamak için aşağıya kime yazılacağını gir.
Next message: today at %1$s.	Sonraki mesaj: bugün, saat %1$s.
Next message: tomorrow at %1$s.	Sonraki mesaj: yarın, saat %1$s.
No chat with @%1$s turned up on this account. Open your chat with them once, then try again.	Bu hesapta @%1$s ile bir sohbet bulunamadı. Onunla olan sohbetini bir kez aç, sonra tekrar dene.
Nobody was signed in to TikTok. Sign in, and it tries again at %1$s.	TikTok'ta oturum açmış kimse yoktu. Oturum aç, saat %1$s olunca tekrar denenir.
A different account is signed in. Switch back to the one you set this up on, or enter who to message again.	Başka bir hesapta oturum açık. Bunu kurduğun hesaba geri dön ya da kime yazılacağını yeniden gir.
TikTok's messages didn't start in time. It tries again at %1$s.	TikTok'un mesajları zamanında başlamadı. Saat %1$s olunca tekrar denenir.
The message didn't go through. It tries again at %1$s.	Mesaj gitmedi. Saat %1$s olunca tekrar denenir.
Found %1$s in your chats.	%1$s sohbetlerinde bulundu.
Pass TikTok's install checks	TikTok'un yükleme kontrollerini geç
TikTok checks how it was signed and installed. This answers those checks the way the Play Store version would. Try it if follows or likes undo themselves after a refresh. It may not help, since TikTok has other checks.	TikTok nasıl imzalandığını ve yüklendiğini kontrol eder. Bu, söz konusu kontrollere Play Store sürümünün vereceği gibi yanıt verir. Takipler veya beğeniler yenilemeden sonra kendiliğinden geri alınıyorsa dene. TikTok'un başka kontrolleri de olduğu için işe yaramayabilir.
Add apps to Share via	Şununla paylaş'a uygulama ekle
Pick apps to add to the Share via row, before More. Each gets the same link the other apps get.	Şununla paylaş satırına, Daha fazla'dan önce eklenecek uygulamaları seç. Her biri diğer uygulamalarla aynı bağlantıyı alır.
Search apps	Uygulama ara
Looking for apps	Uygulamalar aranıyor
No other app takes shared text	Paylaşılan metni alan başka uygulama yok
Install one, then come back here.	Bir tane yükle, sonra buraya dön.
No apps match this search	Bu aramayla eşleşen uygulama yok
LIVE feed	CANLI akışı
Filter the LIVE feed	CANLI akışını filtrele
Hides rooms in the LIVE feed you swipe through, using the rules below. Blocked creators, Creators hidden on this phone and Creator exceptions apply here too, and Blocked caption words are checked against each LIVE's title. The first room the LIVE button opens isn't filtered. If every room would be hidden, one gets through so the feed keeps loading.	Aşağıdaki kurallara göre kaydırdığın LIVE akışındaki odaları gizler. Engellenen içerik üreticileri, “Bu telefonda gizlenen içerik üreticileri” ve “İçerik üretici istisnaları” burada da geçerlidir, “Engellenen açıklama kelimeleri” de her LIVE'ın başlığıyla karşılaştırılır. LIVE düğmesinin açtığı ilk oda filtrelenmez. Tüm odalar gizlenecek olursa biri geçer, böylece akış yüklenmeye devam eder.
Hide gaming LIVEs	Oyun CANLI yayınlarını gizle
Hide LIVEs that TikTok tags with a game or a gaming category.	TikTok'un bir oyunla ya da oyun kategorisiyle etiketlediği CANLI yayınları gizle.
Hide shopping LIVEs	Alışveriş CANLI yayınlarını gizle
Hide LIVEs that sell products or carry a TikTok Shop tag.	Ürün satan ya da TikTok Shop etiketi taşıyan CANLI yayınları gizle.
Hide sponsored LIVEs	Sponsorlu CANLI yayınları gizle
Hide LIVEs that TikTok labels as a paid partnership or promotional content.	TikTok'un ücretli iş birliği ya da tanıtım içeriği olarak işaretlediği CANLI yayınları gizle.
Hide verified creators' LIVEs	Doğrulanmış içerik üreticilerinin CANLI yayınlarını gizle
Hide LIVEs hosted by verified accounts.	Doğrulanmış hesapların CANLI yayınlarını gizle.
Hidden LIVE categories	Gizlenen CANLI kategorileri
Separate words with commas, like music, chat. A LIVE is hidden when its category, topic tags or game name contains one. Capital letters don't matter.	Kelimeleri virgülle ayır, örneğin music, chat. Kategorisi, konu etiketleri veya oyun adı bunlardan birini içeren LIVE gizlenir. Büyük küçük harf fark etmez.
LIVE viewers range	CANLI izleyici aralığı
Show only LIVEs with this many people watching.	Yalnızca bu kadar izleyicisi olan CANLI yayınları göster.
LIVE followers range	CANLI takipçi aralığı
Show only LIVEs from creators with this many followers.	Yalnızca bu kadar takipçisi olan içerik üreticilerinin CANLI yayınlarını göster.
Hide the comment bar on opened videos	Açılan videolarda yorum çubuğunu gizle
Hide the Clear display controls	Temiz ekran kontrollerini gizle
While Clear display is on, also hide the progress bar, the close button and the pause and speed buttons at the bottom. You can still drag along the bottom edge to move through the video. To leave Clear display, press and hold the video and tap Restore display, or pinch the screen.	Temiz ekran açıkken alttaki ilerleme çubuğunu, kapatma düğmesini, duraklatma ve hız düğmelerini de gizle. Videoda ileri geri gitmek için yine de alt kenar boyunca sürükleyebilirsin. Temiz ekrandan çıkmak için videoya basılı tut ve Ekranı geri yükle'ye dokun. Ekranda iki parmağını birbirine yaklaştırarak da çıkabilirsin.
Take the Add comment bar off videos you open from a profile, a hashtag, a sound or search, so the video fills the screen down to the bottom. The comment button on the right still opens comments.	Bir profilden, hashtag'den, sesten veya aramadan açtığın videolardaki yorum yazma çubuğunu kaldır, böylece video ekranı en alta kadar doldurur. Sağdaki yorum düğmesi yorumları açmaya devam eder.
Build details	Derleme ayrıntıları
Copy or save which patches and options this Hushfeed was built with.	Bu Hushfeed'in hangi yamalar ve seçeneklerle oluşturulduğunu kopyala veya kaydet.
Copy build details	Derleme ayrıntılarını kopyala
Save build details	Derleme ayrıntılarını kaydet
Build details copied to the clipboard	Derleme ayrıntıları panoya kopyalandı
Sends one message a day to each person below at the time below, so your streaks keep going on days you don't open TikTok.	Aşağıdaki herkese belirtilen saatte günde bir mesaj gönderir, böylece TikTok'u açmadığın günlerde de serilerin devam eder.
Their usernames, separated by commas or new lines. Each person must already have a chat with you.	Kullanıcı adlarını virgülle veya yeni satırlarla ayır. Her kişiyle zaten bir sohbetin olmalı.
Delivery unconfirmed: %1$d/%2$d chats. Those chats won't be retried today.	Teslimat doğrulanmadı: %1$d/%2$d sohbet. Bugün bu sohbetlerde tekrar denenmeyecek.
Delivery unconfirmed: %1$d/%2$d chats. Remaining chats still need a message.	Teslimat doğrulanmadı: %1$d/%2$d sohbet. Kalan sohbetlere hâlâ mesaj gönderilmesi gerekiyor.
Sent to %1$d/%2$d chats. They won't get another message today.	%1$d/%2$d sohbete gönderildi. Bugün başka mesaj almayacaklar.
Sent to %1$d/%2$d chats. The rest still need a message.	%1$d/%2$d sohbete gönderildi. Kalan sohbetlere hâlâ mesaj gönderilmesi gerekiyor.
TikTok may have taken this message. Delivery isn't confirmed, so it won't be retried today.	TikTok bu mesajı kabul etmiş olabilir. Teslimat doğrulanmadığı için bugün tekrar denenmeyecek.
Nothing was sent. Check the streak settings and try again.	Hiçbir şey gönderilmedi. Seri ayarlarını kontrol edip tekrar dene.
Don't save new searches	Yeni aramaları kaydetme
Keep what you search for out of the search history TikTok saves on this phone. Searches already there stay until you delete them, and TikTok's servers may still keep their own record.	Aradıklarını TikTok'un bu telefonda kaydettiği arama geçmişinin dışında tut. Zaten kayıtlı aramalar sen silene kadar kalır ve TikTok'un sunucuları kendi kayıtlarını tutmaya devam edebilir.
Block suggested video notifications	Önerilen video bildirimlerini engelle
Stop the notifications TikTok sends about popular videos it picked for you. Messages, comments, likes, follows and videos from accounts you follow still come through.	TikTok'un senin için seçtiği popüler videolar hakkında gönderdiği bildirimleri durdur. Mesajlar, yorumlar, beğeniler, yeni takipçiler ve takip ettiğin hesapların videoları gelmeye devam eder.
Buttons on videos	Videolardaki düğmeler

Seen videos put back: %1$s of %2$s	Geri yüklenen izlenen videolar: %1$s / %2$s
No cleared videos fit the current history limits.	Silinen videoların hiçbiri geçerli geçmiş sınırlarına uymuyor.
Putting seen videos back	İzlenen videolar geri yükleniyor
# context: a line above the What's new release notes, which come from the English changelog and are not translated.
These notes are in English.	Bu notlar İngilizcedir.
Still waiting for the file app. Tap to stop waiting.	Dosya uygulaması hâlâ bekleniyor. Beklemeyi bırakmak için dokun.
Stopped waiting for the file app. Nothing was changed.	Dosya uygulaması artık beklenmiyor. Hiçbir şey değiştirilmedi.
Stopped waiting for the file app. It hasn't said yet whether the backup was saved.	Dosya uygulaması artık beklenmiyor. Yedeğin kaydedilip kaydedilmediğini henüz bildirmedi.
The backup wasn't saved. Back up again when the file app is ready.	Yedek kaydedilmedi. Dosya uygulaması hazır olduğunda yeniden yedekle.
The file app still has the last file. Try again once it lets go, or restart TikTok.	Dosya uygulaması son dosyayı hâlâ tutuyor. Bıraktığında tekrar dene ya da TikTok'u yeniden başlat.
Waiting for the file app to let go of the last file. Restart TikTok if it doesn't.	Dosya uygulamasının son dosyayı bırakması bekleniyor. Bırakmazsa TikTok'u yeniden başlat.
Stopped waiting for the file app. Nothing was imported.	Dosya uygulaması artık beklenmiyor. Hiçbir şey içe aktarılmadı.
The last report is still being saved	Son rapor hâlâ kaydediliyor
Still waiting for the file app.	Dosya uygulaması hâlâ bekleniyor.
Stop waiting	Beklemeyi bırak
Stopped waiting for the file app. Nothing was exported.	Dosya uygulaması artık beklenmiyor. Hiçbir şey dışa aktarılmadı.
Stopped waiting for the file app. It hasn't said yet whether the export was saved.	Dosya uygulaması artık beklenmiyor. Dışa aktarımın kaydedilip kaydedilmediğini henüz bildirmedi.
The export wasn't saved. Export again when the file app is ready.	Dışa aktarım kaydedilmedi. Dosya uygulaması hazır olduğunda yeniden dışa aktar.
Hide unpersonalized For You videos	Kişiselleştirilmemiş Senin İçin videolarını gizle
Hide the fill-in videos TikTok sends to For You without picking them for you. When a whole batch is fill-in, it stays so the feed doesn't run dry.	TikTok'un Senin İçin'e senin için seçmeden gönderdiği dolgu videolarını gizle. Bütün bir parti dolguysa akış boş kalmasın diye kalır.
Unpersonalized For You videos	Kişiselleştirilmemiş Senin İçin videoları
Reviewed presets for TikTok %1$s	TikTok %1$s için doğrulanmış hazır ayarlar
No presets have been reviewed for TikTok %1$s yet	TikTok %1$s için henüz doğrulanmış hazır ayar yok
Repost with a comment	Yorumla yeniden paylaş
Profile banner and new profile layout	Profil afişi ve yeni profil düzeni
Comment with live photos, the camera or audio	Canlı fotoğraf, kamera ya da sesle yorum yap
Save comments to Favorites	Yorumları Favorilere kaydet
Comment sort and dislike styles	Yorum sıralaması ve beğenmeme stilleri
Message bubble colors, Inbox archive and sharing to more chats	Mesaj balonu renkleri, Gelen Kutusu arşivi ve daha fazla sohbete paylaşma
Manage topics	Konuları yönet
Visual search	Görsel arama
AI Self	AI Self
Long-press menu on every post	Her gönderide uzun basma menüsü
TikTok's hold to speed up	TikTok'un basılı tutarak hızlandırması
TikTok's background play and auto-scroll	TikTok'un arka planda oynatma ve otomatik kaydırması
Post dates in the feed	Akışta gönderi tarihleri
Show exact counts	Tam sayıları göster
Show counts as full numbers, like 1,234,567 instead of 1.2M.	Sayıları tam olarak gösterir, örneğin 1.2M yerine 1.234.567.
Play SDR instead of HDR	HDR yerine SDR oynat
HDR videos light the screen extra bright. This plays the standard (SDR) version instead, so the screen doesn't jump to full brightness. Videos with no standard version still play in HDR.	HDR videolar ekranı fazladan parlak yapar. Bu, ekranın tam parlaklığa sıçramaması için onun yerine standart (SDR) sürümü oynatır. Standart sürümü olmayan videolar yine HDR oynar.
Remove story rings	Hikâye halkalarını kaldır
Take the story ring off profile pictures on the feed, in comments and on profiles. Tapping a picture opens the profile instead of the story.	Akışta, yorumlarda ve profillerde profil fotoğraflarındaki hikâye halkasını kaldır. Fotoğrafa dokunmak hikâye yerine profili açar.
Remove the LIVE ring	LIVE halkasını kaldır
Take the pulsing LIVE ring off profile pictures on the feed and in comments. Tapping the picture of a creator who's live opens their profile instead of the LIVE.	Akışta ve yorumlarda profil fotoğraflarındaki yanıp sönen LIVE halkasını kaldır. Canlı yayındaki bir üreticinin fotoğrafına dokunmak LIVE yerine profilini açar.
Writing	Yazma
Lift text length limits	Metin uzunluğu sınırlarını kaldır
Let comments, repost notes and your bio run past the length TikTok's app stops at. TikTok's servers can still turn down a long one.	Yorumlar, repost notları ve biyografin TikTok uygulamasının durduğu uzunluğu geçebilsin. TikTok sunucuları uzun bir metni yine de reddedebilir.
Show only mutual friends on the Friends tab	Arkadaşlar sekmesinde yalnızca karşılıklı arkadaşları göster
On the Friends tab, hide posts, reposts and LIVEs from accounts that aren't a mutual follow, suggested accounts included. Your own posts stay.	Arkadaşlar sekmesinde, önerilen hesaplar dahil karşılıklı takipleşmediğin hesapların gönderilerini, yeniden paylaşımlarını ve LIVE'larını gizle. Kendi gönderilerin kalır.
Show follow status	Takip durumunu göster
Under the @username on a profile, say whether it follows you or doesn't follow you back. Follower and following lists mark the accounts you follow that don't follow you back.	Bir profilde @kullanıcı adının altında seni takip edip etmediğini ya da geri takip etmediğini göster. Takipçi ve takip edilen listeleri, takip ettiğin ama seni geri takip etmeyen hesapları işaretler.
Follows you	Seni takip ediyor
Doesn't follow you back	Seni geri takip etmiyor
Copy bio and IDs	Biyografiyi ve kimlikleri kopyala
Long-press a bio to copy it. A profile's share sheet gets buttons that copy its username and user ID, and a video's share sheet one that copies the video ID.	Bir biyografiyi kopyalamak için üzerine uzun bas. Bir profilin paylaşım sayfasına kullanıcı adını ve kullanıcı kimliğini kopyalayan düğmeler, bir videonunkine de video kimliğini kopyalayan bir düğme eklenir.
Bio copied	Biyografi kopyalandı
Username copied	Kullanıcı adı kopyalandı
User ID copied	Kullanıcı kimliği kopyalandı
Video ID copied	Video kimliği kopyalandı
Copy username	Kullanıcı adını kopyala
Copy user ID	Kullanıcı kimliğini kopyala
Copy video ID	Video kimliğini kopyala
Prefer H.264 video	H.264 videoyu tercih et
Picks the older H.264 video format when TikTok also offers a newer one (HEVC or ByteVC2). It helps phones that stutter or run hot. Videos without an H.264 version still play.	TikTok daha yeni bir biçim de sunduğunda (HEVC veya ByteVC2) eski H.264 video biçimini seçer. Takılan veya ısınan telefonlara yardımcı olur. H.264 sürümü olmayan videolar yine oynar.
Show engagement rate	Etkileşim oranını göster
Show likes, comments, shares and saves as a percentage of views, next to the creator's name and after the view count on profile grids.	Beğenileri, yorumları, paylaşımları ve kaydetmeleri görüntülenmelerin yüzdesi olarak içerik üreticisinin adının yanında ve profil ızgarasında görüntülenme sayısının ardından göster.
App lock	Uygulama kilidi
Lock TikTok	TikTok'u kilitle
Ask for the unlock your phone uses, like a fingerprint or a PIN, when TikTok starts and when you come back to it. A link you open from another app still goes to its video once you unlock. While this is on, TikTok's preview in recent apps stays blank. Needs a screen lock on the phone.	TikTok açılırken ve ona geri döndüğünde telefonunun kullandığı kilidi, örneğin parmak izini veya PIN'i iste. Başka bir uygulamadan açtığın bağlantı, kilidi açtıktan sonra yine videosuna gider. Bu açıkken TikTok'un son uygulamalardaki önizlemesi boş kalır. Telefonda ekran kilidi gerekir.
Lock again after	Tekrar kilitleme süresi
Right away	Hemen
After 1 minute	1 dakika sonra
After 5 minutes	5 dakika sonra
After 15 minutes	15 dakika sonra
Unlock TikTok	TikTok'un kilidini aç
Use screen lock	Ekran kilidini kullan
TikTok is locked	TikTok kilitli
Unlock	Kilidi aç
TikTok isn't locked because this phone has no screen lock	Bu telefonda ekran kilidi olmadığı için TikTok kilitli değil
Save photo posts as a video	Fotoğraf gönderilerini video olarak kaydet
On a one-photo post, Download video makes an MP4 with the post's sound and no TikTok logo or end card. On a post with several photos, Download asks if you want the originals or one video.	Tek fotoğraflı bir gönderide Videoyu indir, gönderinin sesiyle, TikTok logosu ve bitiş kartı olmadan bir MP4 oluşturur. Birden çok fotoğraflı gönderide İndir, orijinalleri mi yoksa tek bir video mu istediğini sorar.
Seconds per photo	Fotoğraf başına saniye
How long each photo stays on screen in a video made from a photo post.	Bir fotoğraf gönderisinden yapılan videoda her fotoğrafın ekranda ne kadar kalacağı.
Save photos or a video?	Fotoğraflar mı, video mu kaydedilsin?
Save photos	Fotoğrafları kaydet
Save as video	Video olarak kaydet
Making a video of the photos	Fotoğraflardan video oluşturuluyor
Saved the photos as a video in %1$s	Fotoğraflar video olarak %1$s konumuna kaydedildi
Saved the photos as a video in %1$s. The sound couldn't be added, so it's silent.	Fotoğraflar video olarak %1$s konumuna kaydedildi. Ses eklenemedi, bu yüzden video sessiz.
The video couldn't be made from these photos. Try again.	Bu fotoğraflardan video oluşturulamadı. Tekrar deneyin.
Video of photos	Fotoğraflardan video
# context: search words for the Log diagnostics switch. Never shown, only matched when someone searches settings. Give the words people type for debug logging in this language, separated by spaces.
debug debugging logs logging	hata ayıklama günlükler loglar
Export comments	Yorumları dışa aktar
Adds Export CSV and Export JSON buttons under the search box, so Search within comments must be on. They save the comments and replies loaded so far to a file you pick. Open the reply threads you want first.	Arama kutusunun altına Export CSV ve Export JSON düğmelerini ekler, bu yüzden “Yorumların içinde ara” açık olmalı. Şimdiye kadar yüklenen yorumları ve yanıtları seçtiğin bir dosyaya kaydederler. Önce istediğin yanıt dizilerini aç.
Export CSV	CSV dışa aktar
Export JSON	JSON dışa aktar
1 comment or reply loaded	1 yorum veya yanıt yüklendi
%1$d comments and replies loaded	%1$d yorum ve yanıt yüklendi
No comments are loaded to export yet.	Dışa aktarılacak yüklenmiş yorum henüz yok.
Exported %1$d comments and %2$d replies	%1$d yorum ve %2$d yanıt dışa aktarıldı
Comment export failed	Yorumlar dışa aktarılamadı
Some of these notes are in English.	Bu notların bir kısmı İngilizcedir.
More than %1$d comments were loaded, so the rest aren't in the file.	%1$d yorumdan fazlası yüklenmişti, kalanlar dosyada yok.
Lock the feed	Akışı kilitle
For You, Following and the other feed tabs stay behind a calm panel and won't swipe. Messages, profiles and search work as usual, a link to one video still opens that video, and the app opens on Inbox instead of the feed.	Sana Özel, Takip Edilenler ve diğer akış sekmeleri sakin bir panelin arkasında kalır ve kaydırılmaz. Mesajlar, profiller ve arama her zamanki gibi çalışır, tek bir videoya giden bağlantı yine o videoyu açar ve uygulama akış yerine Gelen Kutusu'nda açılır.
The feed is locked	Akış kilitli
Block popups	Açılır pencereleri engelle
Pick the popups to stop. The list holds the ones TikTok has tried to show on this phone, so a popup appears here after its first showing. CAPTCHA, verification, sign-in, age, ban and legal consent screens are never listed or blocked.	Durdurmak istediğiniz açılır pencereleri seçin. Liste, TikTok'un bu telefonda göstermeyi denediklerini içerir, bu yüzden bir pencere ilk gösteriminden sonra burada görünür. CAPTCHA, doğrulama, giriş, yaş, yasaklama ve yasal onay ekranları listede asla yer almaz ve engellenmez.
No popups have been seen yet	Henüz açılır pencere görülmedi
Use TikTok for a while. A popup shows up here after TikTok first tries to show it.	TikTok'u bir süre kullanın. Bir açılır pencere, TikTok onu ilk kez göstermeye çalıştığında burada görünür.
Fade the video controls	Video kontrollerini soluklaştır
Fade the buttons, caption and tabs over the video to this level instead of hiding them. 100 leaves them as TikTok draws them. Faded controls still take taps. At 0 the buttons and caption are hidden, and the tabs stay at 10.	Videonun üzerindeki düğmeleri, açıklamayı ve sekmeleri gizlemek yerine bu düzeye kadar soluklaştırır. 100, TikTok'un çizdiği hâlini korur. Soluk kontroller dokunuşları almaya devam eder. 0'da düğmeler ve açıklama gizlenir, sekmeler 10'da kalır.
Loop a story	Hikayeyi tekrarla
Replay a story from the start when it ends instead of moving to the next one. Tap or swipe to move on.	Bir hikaye bitince sonrakine geçmek yerine baştan oynatır. İlerlemek için dokunun veya kaydırın.
Hold a photo story	Fotoğraflı hikayeyi tut
Keep a photo story on screen until you tap or swipe, instead of moving on after a few seconds.	Fotoğraflı bir hikayeyi siz dokunana veya kaydırana kadar ekranda tutar, birkaç saniye sonra geçmez.
Store TikTok thinks it came from	TikTok'un geldiğini sandığı mağaza
Play Store	Play Store
Galaxy Store	Galaxy Store
AppGallery	AppGallery
Amazon Appstore	Amazon Appstore
Swipe for brightness and volume	Parlaklık ve ses için kaydır
Drag up or down along the left or right edge of a video to change what that edge strip is set to below. By default that's the screen brightness on the left and the volume on the right. Swiping anywhere else still scrolls the feed.	Aşağıda o kenar şeridi için seçili olanı değiştirmek için videonun sol veya sağ kenarı boyunca yukarı veya aşağı kaydırın. Varsayılan olarak solda ekran parlaklığı, sağda ses düzeyidir. Başka yerde kaydırmak akışı yine eskisi gibi kaydırır.
Edge strip width	Kenar şeridi genişliği
How wide each edge strip is, as a percent of the screen width.	Her kenar şeridinin genişliği, ekran genişliğinin yüzdesi olarak.
Brightness	Parlaklık
Volume	Ses
Left edge strip	Sol kenar şeridi
Right edge strip	Sağ kenar şeridi
Stop search results playing on their own	Arama sonuçları kendiliğinden oynatılmasın
Videos in search results show their cover and play when you open them. The feed and the videos you open play as usual.	Arama sonuçlarındaki videolar kapaklarını gösterir ve onları açtığında oynar. Akış ve açtığın videolar her zamanki gibi oynar.
In a chat	Bir sohbette
Hide call buttons	Arama düğmelerini gizle
The voice and video call buttons leave the top of a chat. Calls still ring, and the chat details button stays.	Sesli ve görüntülü arama düğmeleri sohbetin üst kısmından kalkar. Aramalar yine çalar, sohbet ayrıntıları düğmesi ise yerinde kalır.
Hide sticker suggestions	Çıkartma önerilerini gizle
The sticker suggestion banner stops showing in a chat. Your own stickers are still in the sticker picker.	Çıkartma önerisi bannerı sohbette artık gösterilmez. Kendi çıkartmaların çıkartma seçicide durur.
Hide suggested replies	Önerilen yanıtları gizle
TikTok's suggested reply cells and their intro banner stop showing in a chat. Messages you type or receive are untouched.	TikTok'un önerdiği yanıtlar ve bunları tanıtan banner sohbette artık gösterilmez. Yazdığın veya aldığın mesajlara dokunulmaz.
Hide online status	Çevrimiçi durumunu gizle
Friends won't see a green dot or Active now while you're in TikTok. Needs Ghost mode on. Their status may stop updating for you, and your last status can linger.	TikTok'tayken arkadaşların yeşil nokta veya Active now görmez. Ghost mode açık olmalı. Onların durumu sende güncellenmeyebilir, senin son durumun da bir süre görünür kalabilir.
Stop LIVE previews opening by themselves	LIVE önizlemelerinin kendiliğinden açılmasını durdur
A LIVE in the feed can count down and take you into the room on its own. This keeps you in the feed until you tap it.	Akıştaki bir LIVE geri sayım yapıp seni kendiliğinden odaya götürebilir. Bu, ona dokunana kadar seni akışta tutar.
Play sounds TikTok pulled	TikTok'un kaldırdığı sesleri çal
Play the audio on videos TikTok silenced because their sound was pulled for copyright or in your region. TikTok may still say the sound isn't available.	Sesi telif hakkı nedeniyle ya da bölgende kaldırıldığı için TikTok'un sessize aldığı videolarda sesi çalar. TikTok yine de sesin kullanılamadığını söyleyebilir.
Match region fields in requests	İsteklerdeki bölge alanlarını eşleştir
Show exact LIVE viewer counts	LIVE izleyici sayısını tam göster
A LIVE room shows how many people are watching as a rounded number like 1.2K. This shows the exact count instead.	Bir LIVE odası kaç kişinin izlediğini 1,2K gibi yuvarlanmış bir sayıyla gösterir. Bu, bunun yerine tam sayıyı gösterir.
Keep watching in a small window	Küçük bir pencerede izlemeye devam et
When you leave TikTok while a video plays, it keeps playing in a small window over your other apps, with a button to pause it. Works in the feed and on videos you open from a profile, search or a sound. Needs Android 8 or later.	Bir video oynarken TikTok'tan çıktığınızda, video diğer uygulamalarınızın üzerinde küçük bir pencerede oynamaya devam eder ve duraklatmak için bir düğme bulunur. Akışta ve bir profilden, aramadan veya bir sesten açtığınız videolarda çalışır. Android 8 veya üstü gerekir.
Play	Oynat
Pause	Duraklat
Posting	Paylaşım
Always upload in HD	Her zaman HD yükle
Post every video as if you'd turned on TikTok's own HD upload on the post page. A clip TikTok doesn't count as high quality posts as before.	Her videoyu, paylaşım sayfasında TikTok'un kendi HD yüklemesini açmışsın gibi paylaş. TikTok'un yüksek kalite saymadığı bir klip eskisi gibi paylaşılır.
Keeps logging until you turn it off, even after a restart. TikTok can feel slower while it's on.	Siz kapatana kadar, yeniden başlatmadan sonra bile günlüğe kaydetmeye devam eder. Açıkken TikTok yavaşlayabilir.
Log diagnostics for 15 minutes	Tanılamayı 15 dakika günlüğe kaydet
Logs for 15 minutes, then stops on its own. Restarting TikTok doesn't move the end, and the switch above stays as you set it.	15 dakika boyunca kaydeder, sonra kendiliğinden durur. TikTok'u yeniden başlatmak bitişi değiştirmez ve yukarıdaki anahtar sizin ayarladığınız gibi kalır.
Logging until %1$s. Tap to stop now.	%1$s saatine kadar kaydediliyor. Şimdi durdurmak için dokunun.
Logging diagnostics until %1$s	Tanılama %1$s saatine kadar kaydediliyor
Timed logging stopped	Süreli kayıt durduruldu
Preview with a made-up post:	Uydurma bir gönderiyle önizleme:
Hushfeed's downloader: %1$s	Hushfeed indiricisi: %1$s
TikTok's downloader: %1$s	TikTok indiricisi: %1$s
Sound: %1$s	Ses: %1$s
Details: %1$s	Ayrıntılar: %1$s
Subtitles: %1$s	Altyazılar: %1$s
Stickers: %1$s	Çıkartmalar: %1$s
Live photo clips: %1$s	Canlı fotoğraf klipleri: %1$s
TikTok's own name	TikTok'un kendi adı
Not a part Hushfeed fills in, so it's kept as typed: %1$s	Hushfeed'in doldurduğu bir parça değil, bu yüzden yazdığın gibi kalır: %1$s
Hushfeed's downloader doesn't fill this in, so it's kept as typed: %1$s	Hushfeed'in indiricisi bunu doldurmaz, bu yüzden yazdığın gibi kalır: %1$s
If that name is taken, Android adds a number to the new file.	Bu ad alınmışsa Android yeni dosyaya bir sayı ekler.
If that name is taken, Hushfeed adds a number to the new file.	Bu ad alınmışsa Hushfeed yeni dosyaya bir sayı ekler.
Don't start the first video	İlk videoyu başlatma
When you open TikTok from its icon, the first video in the feed waits for one tap before it plays. A link, a notification or a shortcut opens as usual.	TikTok'u simgesinden açtığında akıştaki ilk video oynamadan önce bir dokunuş bekler. Bağlantı, bildirim veya kısayol her zamanki gibi açılır.
Network proxy	Ağ proxy'si
Send TikTok through a proxy	TikTok'u bir proxy üzerinden gönder
Sends TikTok's feed, search, comments and other app traffic through the proxy below. Videos and LIVE streams still connect directly. Other apps aren't affected.	TikTok'un akışını, aramasını, yorumlarını ve diğer uygulama trafiğini aşağıdaki proxy üzerinden gönderir. Videolar ve LIVE yayınları yine doğrudan bağlanır. Diğer uygulamalar etkilenmez.
Proxy type	Proxy türü
HTTP	HTTP
SOCKS5	SOCKS5
Proxy host	Proxy sunucusu
The proxy's address, like 192.168.1.20 or proxy.example.com.	Proxy'nin adresi, örneğin 192.168.1.20 veya proxy.example.com.
Proxy port	Proxy bağlantı noktası
The port the proxy listens on, like 8080 or 1080.	Proxy'nin dinlediği bağlantı noktası, örneğin 8080 veya 1080.
Proxy user name	Proxy kullanıcı adı
Optional. Only connections made by Android itself can sign in to a proxy, not TikTok's own. Leave empty for a proxy without a password.	İsteğe bağlı. Bir proxy'ye yalnızca Android'in kendi kurduğu bağlantılar giriş yapabilir, TikTok'un bağlantıları yapamaz. Parolasız bir proxy için boş bırak.
Proxy password	Proxy şifresi
Optional, used with the user name. It isn't shown, logged or put in a backup.	İsteğe bağlı, kullanıcı adıyla birlikte kullanılır. Gösterilmez, günlüğe yazılmaz ve yedeğe konmaz.
Enter a server name or IP address, without http:// or a port number	Bir sunucu adı veya IP adresi gir, http:// ve bağlantı noktası numarası olmadan
A port is a whole number from 1 to 65535	Bağlantı noktası 1 ile 65535 arasında bir tam sayıdır
The proxy at %1$s asks for a password, and TikTok can't send one. Use a proxy that doesn't need one.	%1$s adresindeki proxy parola istiyor ve TikTok parola gönderemiyor. Parola gerektirmeyen bir proxy kullan.
Couldn't reach the proxy at %1$s. TikTok may not load until it's back or you turn the proxy off.	%1$s adresindeki proxy'ye ulaşılamadı. Proxy geri gelene ya da sen onu kapatana kadar TikTok yüklenmeyebilir.
Word rules only, not every feed filter:	Yalnızca kelime kuralları, akıştaki her filtre değil:
This list is too long to preview here. Saving still follows the usual limit.	Bu liste burada önizlemek için çok uzun. Kaydederken olağan sınır geçerli olmaya devam eder.
Can't check yet: %1$s	Henüz denetlenemiyor: %1$s
No rules yet, so nothing would match.	Henüz kural yok, yani hiçbir şey eşleşmez.
Type some sample text to see whether these rules match it.	Bu kuralların eşleşip eşleşmediğini görmek için örnek bir metin yazın.
No rule matches this text.	Hiçbir kural bu metinle eşleşmiyor.
Matches the rule: %1$s	Eşleşen kural: %1$s
Only the first %1$s characters of the sample were checked.	Örneğin yalnızca ilk %1$s karakteri denetlendi.
Sample caption to test	Denemek için örnek açıklama
Sample category to test	Denemek için örnek kategori
Keep videos out of Watch history	Videoları İzleme geçmişinin dışında tut
Stops TikTok from reporting the videos you watch, so they don't get added to Watch history in Activity center. Your views won't count and For You learns less. Likes, follows and searches are still seen.	TikTok'un izlediğin videoları bildirmesini engeller, böylece Activity center'daki İzleme geçmişine eklenmezler. İzlenmelerin sayılmaz ve For You daha az öğrenir. Beğeniler, takipler ve aramalar yine görülür.
Set a sleep timer that closes TikTok	TikTok'u kapatan bir uyku zamanlayıcısı kur
Close TikTok after	TikTok'u şu süre sonra kapat
Turn off the timer (TikTok closes at %1$s)	Zamanlayıcıyı kapat (TikTok'un kapanacağı saat: %1$s)
TikTok closes at %1$s	TikTok'un kapanacağı saat: %1$s
Sleep timer off	Uyku zamanlayıcısı kapalı
Keep offline videos out of the feed	Çevrimdışı videoları akışın dışında tut
TikTok slips the videos it saved for offline viewing back into For You when it can't load enough new ones. This takes them all out. Your offline list stays as it is.	TikTok yeterince yeni video yükleyemediğinde çevrimdışı izlemek için kaydettiği videoları Sana Özel'e geri katar. Bu, hepsini çıkarır. Çevrimdışı listen olduğu gibi kalır.
About %1$s of storage at this limit	Bu sınırda yaklaşık %1$s depolama alanı
Save seen history to a file	Görülen videoları bir dosyaya kaydet
Restore seen history from a file	Görülen videoları bir dosyadan geri yükle
Save the videos @%1$s has seen, and when, to a JSON file. Anyone who opens the file can see that viewing history.	@%1$s hesabının gördüğü videoları ve ne zaman görüldüklerini bir JSON dosyasına kaydet. Dosyayı açan herkes bu izleme geçmişini görebilir.
Save this account's seen videos, and when they were watched, to a JSON file. Anyone who opens the file can see that viewing history.	Bu hesabın gördüğü videoları ve ne zaman görüldüklerini bir JSON dosyasına kaydet. Dosyayı açan herkes bu izleme geçmişini görebilir.
Add a seen-history file saved by Hushfeed to the videos @%1$s has seen. A video in both keeps the newer date.	Hushfeed'in kaydettiği bir geçmiş dosyasını @%1$s hesabının gördüğü videolara ekle. İkisinde de olan bir video daha yeni tarihi korur.
Add a seen-history file saved by Hushfeed to this account's seen videos. A video in both keeps the newer date.	Hushfeed'in kaydettiği bir geçmiş dosyasını bu hesabın gördüğü videolara ekle. İkisinde de olan bir video daha yeni tarihi korur.
Sign in to TikTok before saving or restoring seen history.	Görülen videoları kaydetmeden veya geri yüklemeden önce TikTok'a giriş yapın.
Saving seen history	Görülen videolar kaydediliyor
Reading the seen-history file	Geçmiş dosyası okunuyor
Restoring seen history	Görülen videolar geri yükleniyor
Saved 1 seen video to the file	Dosyaya 1 görülen video kaydedildi
Saved %1$s seen videos to the file	Dosyaya %1$s görülen video kaydedildi
Couldn't save the seen-history file. Try again.	Geçmiş dosyası kaydedilemedi. Tekrar deneyin.
Couldn't start the export. Try again in a moment.	Dışa aktarma başlatılamadı. Biraz sonra tekrar deneyin.
Added 1 seen video	1 görülen video eklendi
Added %1$s seen videos	%1$s görülen video eklendi
Added 1 seen video.	1 görülen video eklendi.
Added %1$s seen videos.	%1$s görülen video eklendi.
%1$s video was already recorded.	%1$s video zaten kayıtlıydı.
%1$s videos were already recorded.	%1$s video zaten kayıtlıydı.
%1$s video was older than Forget seen videos after allows.	%1$s video, Görülen videoları şu süreden sonra unut ayarının izin verdiğinden eskiydi.
%1$s videos were older than Forget seen videos after allows.	%1$s video, Görülen videoları şu süreden sonra unut ayarının izin verdiğinden eskiydi.
%1$s video had a date later than this phone's clock.	%1$s videonun tarihi bu telefonun saatinden ileriydi.
%1$s videos had dates later than this phone's clock.	%1$s videonun tarihi bu telefonun saatinden ileriydi.
%1$s video didn't fit in the newest %2$s.	%1$s video en yeni %2$s video içine sığmadı.
%1$s videos didn't fit in the newest %2$s.	%1$s video en yeni %2$s video içine sığmadı.
%1$s older seen video was dropped to keep the newest %2$s.	En yeni %2$s video korunsun diye %1$s eski görülen video silindi.
%1$s older seen videos were dropped to keep the newest %2$s.	En yeni %2$s video korunsun diye %1$s eski görülen video silindi.
Couldn't restore seen history. Your saved history is unchanged.	Görülen videolar geri yüklenemedi. Kayıtlı geçmişiniz değişmedi.
That file is larger than %1$s MB. Choose a seen-history file saved by Hushfeed.	Bu dosya %1$s MB'tan büyük. Hushfeed'in kaydettiği bir geçmiş dosyası seçin.
That file lists more than %1$s videos. Nothing was restored.	Bu dosyada %1$s videodan fazlası var. Hiçbir şey geri yüklenmedi.
That isn't a seen-history file saved by Hushfeed. For TikTok's own data export, use Import watch history.	Bu, Hushfeed'in kaydettiği bir geçmiş dosyası değil. TikTok'un kendi veri dışa aktarımı için İzleme geçmişini içe aktar'ı kullanın.
That file was saved by a newer Hushfeed. Update Hushfeed, then try again.	Bu dosya Hushfeed'in daha yeni bir sürümüyle kaydedilmiş. Hushfeed'i güncelleyip tekrar deneyin.
That seen-history file is damaged or was edited. Nothing was restored.	Bu geçmiş dosyası bozuk ya da düzenlenmiş. Hiçbir şey geri yüklenmedi.
Turn off haptics	Dokunsal titreşimi kapat
Stop the short vibrations TikTok plays on its own taps and gestures. Your keyboard and your phone's own haptics stay as they are.	TikTok'un kendi dokunuşlarında ve hareketlerinde çaldığı kısa titreşimleri durdurur. Klavyen ve telefonunun kendi dokunsal titreşimleri olduğu gibi kalır.
Turn off screen transitions	Ekran geçişlerini kapat
Open and close TikTok's screens without their slide. Swipes inside a screen still follow your finger.	TikTok ekranlarını kaydırma animasyonu olmadan açar ve kapatır. Bir ekranın içindeki kaydırmalar parmağını izlemeye devam eder.
Save the frame on screen as a photo	Ekrandaki kareyi fotoğraf olarak kaydet
There's no video on screen to save a frame from	Ekranda kare kaydedilecek bir video yok
Saving a frame from this video needs Android 7 or newer	Bu videodan kare kaydetmek için Android 7 veya üstü gerekir
Allow storage for TikTok in Android settings to save frames	Kareleri kaydetmek için Android ayarlarında TikTok'a depolama izni ver
The frame couldn't be read. Try again.	Kare okunamadı. Yeniden dene.
Saving the frame	Kare kaydediliyor
Frame saved to %1$s	Kare şuraya kaydedildi: %1$s
The frame couldn't be saved. Try again.	Kare kaydedilemedi. Yeniden dene.
Video frame	Video karesi
Hide the LIVE bubble	LIVE balonunu gizle
Stop the bubble TikTok floats at the top of the feed to point you to a LIVE.	TikTok'un seni bir LIVE'a yönlendirmek için akışın üstünde gösterdiği balonu durdurur.
Auto-advance in search results	Arama sonuçlarında otomatik geçiş
Also turns on TikTok's own auto scroll for videos opened from search. Restart TikTok to apply this.	Aramadan açılan videolar için TikTok'un kendi otomatik kaydırmasını da açar. Uygulamak için TikTok'u yeniden başlat.
Use system emoji	Sistem emojilerini kullan
Shows every emoji in your phone's own emoji font. The newest emoji your phone doesn't have yet may show as a box or in pieces.	Tüm emojileri telefonunun kendi emoji yazı tipiyle gösterir. Telefonunda henüz olmayan en yeni emojiler kutu olarak veya parçalı görünebilir.
Open shared videos alone	Paylaşılan videoları tek başına aç
A link to one video opens just that video, and the feed won't swipe past it. It swipes again once another video plays, like after a refresh or a tap on Following, or when you come back to TikTok after %1$d minutes or more away. Auto-advance doesn't move on from it either.	Tek bir videoya giden bağlantı yalnızca o videoyu açar ve akış onun ötesine kaydırılmaz. Başka bir video oynadığında, örneğin yeniledikten ya da Takip Edilenler'e dokunduktan sonra veya %1$d dakika ya da daha uzun süre sonra TikTok'a döndüğünde yeniden kaydırılır. Otomatik geçiş de ondan sonrakine geçmez.
Hide comment surveys	Yorumlardaki görüş anketlerini gizle
Hide the question cards TikTok sometimes puts in a comment list to ask what you think.	TikTok'un fikrini sormak için bazen yorum listesine koyduğu soru kartlarını gizle.
Hide comment box buttons	Yorum kutusundaki düğmeleri gizle
Hide the photo, @ and gift buttons in the box where you write a comment. Emoji and sending work as before.	Yorum yazdığın kutudaki fotoğraf, @ ve hediye düğmelerini gizle. Emoji ve gönderme eskisi gibi çalışır.
Turn off push notifications	Anlık bildirimleri kapat
Turns off TikTok's notification service, so nothing it sends reaches your notification shade and it can't wake your phone. You won't hear about new messages until you open TikTok. Notifications hidden while this is on don't come back. Ongoing ones like media controls stay.	TikTok'un bildirim hizmetini kapatır, böylece gönderdiği hiçbir şey bildirim panelinize ulaşmaz ve telefonunu uyandıramaz. TikTok'u açana kadar yeni mesajlardan haberin olmaz. Bu açıkken gizlenen bildirimler geri gelmez. Medya kontrolleri gibi süregelenler kalır.
Save details as JSON	Ayrıntıları JSON olarak kaydet
Saves the details file in JSON format instead of plain text. Useful if another tool will read it.	Ayrıntı dosyasını düz metin yerine JSON biçiminde kaydeder. Başka bir araç okuyacaksa işe yarar.
Tag saved videos with their details	Kaydedilen videolara ayrıntılarını etiket olarak yaz
Stores the caption, creator, post date and link inside the video file, where media players can read them. Applies to saves made by Hushfeed.	Açıklamayı, içerik üreticisini, paylaşım tarihini ve bağlantıyı videonun dosyasının içine yazar; medya oynatıcılar bunları okuyabilir. Hushfeed'in yaptığı kayıtlar için geçerlidir.
Save the video's cover	Videonun kapağını kaydet
Save the cover as well	Kapağı da kaydet
Save the video's cover picture at the largest size TikTok has, each time you tap Download. It goes to your photo folder, named after the video.	İndir'e her dokunduğunda videonun kapak resmini TikTok'taki en büyük boyutta kaydet. Fotoğraf klasörüne, videonun adıyla gider.
This video has no cover to save	Bu videonun kaydedilecek kapağı yok
Allow storage for TikTok in Android settings to save covers	Kapakları kaydetmek için Android ayarlarında TikTok'a depolama izni ver
The cover couldn't be saved. Try again.	Kapak kaydedilemedi. Yeniden dene.
Cover saved to %1$s	Kapak şuraya kaydedildi: %1$s
Saving the cover	Kapak kaydediliyor
Show the time to the second	Saati saniyesine kadar göster
Show when a video was posted down to the second, with your time zone, in place of TikTok's short date by the creator's name.	Bir videonun ne zaman paylaşıldığını, içerik üreticisinin adının yanındaki TikTok'un kısa tarihi yerine saniyesine kadar ve saat diliminle göster.
Show dates on profile grids	Profil ızgarasında tarihleri göster
Show the day each video was posted under its view count on profile grids.	Profil ızgarasında her videonun paylaşıldığı günü görüntülenme sayısının altında göster.
Fall back to the watermarked copy	Filigranlı kopyaya geri dön
When the video without the watermark can't be fetched, save TikTok's own watermarked copy instead and say so. It's the size TikTok's own save uses, so it may be smaller than the quality you picked.	Filigransız video alınamazsa onun yerine TikTok'un kendi filigranlı kopyasını kaydet ve bunu söyle. Boyutu TikTok'un kendi kaydetmesinin kullandığı boyuttur, bu yüzden seçtiğin kaliteden küçük olabilir.
The video without the watermark couldn't be fetched, so TikTok's watermarked copy was saved to %1$s. Try again later for the clean copy.	Filigransız video alınamadı, bu yüzden TikTok'un filigranlı kopyası şuraya kaydedildi: %1$s. Temiz kopya için daha sonra yeniden dene.
Match text stickers too	Metin çıkartmalarını da kontrol et
Also hide videos whose text stickers match a blocked caption word. Text stickers are the words a creator types over the video in TikTok's editor. Text that's part of the picture itself can't be read.	Metin çıkartmaları engellenen bir açıklama kelimesiyle eşleşen videoları da gizler. Metin çıkartmaları, birinin TikTok düzenleyicisinde videonun üzerine yazdığı kelimelerdir. Görüntünün kendisine ait metin okunamaz.
Text sticker words	Metin çıkartması kelimeleri
Show how many were filtered	Kaç tanesinin filtrelendiğini göster
Shows a small count under TikTok's top tabs of what the feed filter has removed since TikTok started. It shows only on the feed, and taps on it go through to the video under it.	TikTok'un üst sekmelerinin altında, TikTok başladığından beri akış filtresinin kaldırdıklarının küçük bir sayısını gösterir. Yalnızca akışta görünür ve ona yapılan dokunuşlar altındaki videoya geçer.
1 filtered out	1 filtrelendi
%1$d filtered out	%1$d filtrelendi
Account facts on profiles	Profillerde hesap bilgileri
A profile's share sheet gets an Account facts button. It shows what TikTok already sent about the account: when it joined, its region and language, when its username and display name last changed, whether it's private and whether its liked videos are public. Nothing extra is fetched.	Bir profilin paylaşma menüsüne Hesap bilgileri düğmesi eklenir. TikTok'un hesap hakkında zaten gönderdiklerini gösterir: ne zaman katıldığını, bölgesini ve dilini, kullanıcı adının ve görünen adının en son ne zaman değiştiğini, gizli olup olmadığını ve beğendiği videoların herkese açık olup olmadığını. Fazladan hiçbir şey indirilmez.
Account facts	Hesap bilgileri
TikTok account facts	TikTok hesap bilgileri
Account facts copied	Hesap bilgileri kopyalandı
Not sent	Gönderilmedi
Joined	Katıldı
Account region	Hesap bölgesi
Language	Dil
Username last changed	Kullanıcı adı son değişikliği
Display name last changed	Görünen ad son değişikliği
Private account	Gizli hesap
Liked videos	Beğenilen videolar
Public	Herkese açık
Copy	Kopyala
Copy the full link for short links	Kısa bağlantılarda tam bağlantıyı kopyala
When Copy link gives a short vt.tiktok.com or vm.tiktok.com link, Hushfeed opens it once in the background to find the full video link and copies that instead. TikTok sees that visit. Links you send to another app go out as they were.	Bağlantıyı kopyala kısa bir vt.tiktok.com veya vm.tiktok.com bağlantısı verdiğinde, Hushfeed onu arka planda bir kez açıp videonun tam bağlantısını bulur ve onu kopyalar. TikTok bu ziyareti görür. Başka bir uygulamaya gönderdiğin bağlantılar olduğu gibi gider.
Full link copied	Tam bağlantı kopyalandı
Mark saved videos	Kaydedilen videoları işaretle
Puts a ✓ by videos you saved with Hushfeed, on profile grids and next to the time in the feed. Works only while Check for already-saved videos is on. Photo posts aren't marked.	Hushfeed ile kaydettiğin videolara profil ızgaralarında ve akışta saatin yanında ✓ koyar. Yalnızca “Önceden kaydedilen videoları kontrol et” açıkken çalışır. Fotoğraf gönderileri işaretlenmez.
Also replaces the saved region and country code TikTok sends with every request. Signing in still sends your real region. Your IP address and your account's own rules still apply.	TikTok'un her istekle gönderdiği kayıtlı bölgeyi ve ülke kodunu da değiştirir. Giriş yaparken gerçek bölgen yine gönderilir. IP adresin ve hesabının kendi kuralları geçerli olmaya devam eder.
Turn off double tap to react	Tepki için çift dokunmayı kapat
A double tap on a message no longer adds a heart to it. A single tap and a long press work as before.	Bir mesaja çift dokunmak artık ona kalp eklemiyor. Tek dokunma ve uzun basma eskisi gibi çalışır.
Turn off swipe to reply	Yanıtlamak için kaydırmayı kapat
Swiping a message sideways no longer starts a reply to it. Taps and long presses work as before.	Bir mesajı yana kaydırmak artık ona yanıt başlatmıyor. Dokunmalar ve uzun basmalar eskisi gibi çalışır.
Hide the bottom tab names	Alt sekme adlarını gizle
The words under the bottom tab icons go away. The icons stay, and each tab opens what it always did.	Alt sekme simgelerinin altındaki yazılar kaybolur. Simgeler kalır ve her sekme her zamanki yeri açar.
Home tab name	Ana sayfa sekmesinin adı
Friends tab name	Arkadaşlar sekmesinin adı
Inbox tab name	Gelen kutusu sekmesinin adı
Profile tab name	Profil sekmesinin adı
Shop tab name	Mağaza sekmesinin adı
A name of your own under this tab's icon. Leave it empty to keep TikTok's.	Bu sekmenin simgesinin altında kendi adınız. TikTok'un adını korumak için boş bırakın.
Hide TikTok's wind-down screens	TikTok'un dinlenme ekranlarını gizle
Stops the bedtime wind-down, the breathing exercise and the daily limit screen TikTok puts over the feed. Works only on accounts TikTok knows belong to adults. Teen accounts, and ones a parent links with Family Pairing, keep them. With Leave when TikTok says time is up on, the daily limit screen still shows so that switch can work.	TikTok'un akışın üstüne koyduğu uyku öncesi sakinleşme, nefes egzersizi ve günlük sınır ekranını durdurur. Yalnızca TikTok'un yetişkin olduğunu bildiği hesaplarda çalışır. Genç hesapları ve bir ebeveynin Family Pairing ile bağladığı hesaplar bunları korur. “TikTok süre doldu deyince uygulamadan çık” açıkken günlük sınır ekranı yine görünür, böylece o anahtar çalışabilir.
Hide Footnotes	Footnotes'u gizle
Hide the Footnotes banner TikTok shows on a video that has a note attached. The video and its comments stay as they are.	TikTok'un notu olan bir videoda gösterdiği Footnotes bannerını gizle. Video ve yorumları olduğu gibi kalır.
Hide Bulletin board	Bulletin board'u gizle
The Bulletin board rows TikTok adds to the Inbox leave the list. Chats and the other rows stay where they are.	TikTok'un Gelen Kutusu'na eklediği Bulletin board satırları listeden kalkar. Sohbetler ve diğer satırlar yerinde kalır.
Hide the group chat prompt	Grup sohbeti önerisini gizle
The banner at the top of the Inbox that invites you to start a group chat stops showing. Groups you're already in are unchanged.	Gelen Kutusu'nun üstünde grup sohbeti başlatmaya davet eden banner artık görünmez. Zaten içinde olduğun gruplar değişmez.
Skip TikTok's setup screens	TikTok'un kurulum ekranlarını atla
Leave out the interest picker, the language and gender questions, the creators to follow, the swipe up tutorial and TikTok's notification page when TikTok runs its setup. Consent, age and sign-in screens still show.	TikTok kurulumunu çalıştırdığında ilgi alanı seçimini, dil ve cinsiyet sorularını, takip edilecek içerik üreticilerini, yukarı kaydırma eğitimini ve TikTok'un bildirim sayfasını atla. Onay, yaş ve giriş ekranları yine gösterilir.
Hide unverified content notices	Doğrulanmamış içerik uyarılarını gizle
Hide the Check sources banner TikTok puts on videos it marks as unverified, and the warnings it shows when you share one.	TikTok'un doğrulanmamış olarak işaretlediği videolardaki Kaynakları kontrol et bandını ve böyle bir videoyu paylaşırken gösterdiği uyarıları gizle.
Keep offline videos until you delete them	Çevrimdışı videoları sen silene kadar tut
TikTok removes videos saved for offline viewing after a set time, sometimes only two days, watched or not. With this on they stay until you delete them in TikTok's Offline videos settings. TikTok can still clear watched ones when your phone is low on space.	TikTok, çevrimdışı izlemek için kaydedilen videoları belirli bir süre sonra, bazen yalnızca iki gün sonra, izlenmiş olsun olmasın kaldırır. Bu açıkken videolar, TikTok'un Çevrimdışı videolar ayarlarında sen silene kadar kalır. Telefonunda yer azaldığında TikTok izlenmiş olanları yine de temizleyebilir.
Hide Thoughts on profiles	Profillerde Thoughts'u gizle
Hide the Thoughts bubble TikTok shows above a profile picture, and the prompt to share one on your own profile. Restart TikTok to apply this.	TikTok'un bir profil fotoğrafının üstünde gösterdiği Thoughts balonunu ve kendi profilinde bir tane paylaşma önerisini gizle. Bunu uygulamak için TikTok'u yeniden başlat.

# context: Quiet Index settings categories and compact runtime status.
Feed & layout	Akış ve düzen
Filters, tabs and on-screen controls	Filtreler, sekmeler ve ekran kontrolleri
Comments & inbox	Yorumlar ve gelen kutusu
Filters, translation and inbox controls	Filtreler, çeviri ve gelen kutusu kontrolleri
Downloads & sharing	İndirmeler ve paylaşım
Files, subtitles and share sheet	Dosyalar, altyazılar ve paylaşım menüsü
App & advanced	Uygulama ve gelişmiş ayarlar
Region, backups and diagnostics	Bölge, yedekler ve tanılama
About Hushfeed	Hushfeed hakkında
Version, changes and licenses	Sürüm, değişiklikler ve lisanslar
Customize	Özelleştir
Active	Etkin
Paused	Duraklatıldı
Budgets and reminders	Sınırlar ve hatırlatmalar
%1$s, %2$s	%1$s, %2$s
Don't auto translate these languages	Bu dilleri otomatik çevirme
Separate language codes with commas, like es, de. When TikTok translates for you, captions and comments in these languages stay as they were written. See translation still works when you tap it. TikTok's own Don't translate list stays the way it is.	Dil kodlarını virgülle ayır, örneğin es, de. TikTok senin için çevirdiğinde bu dillerdeki açıklamalar ve yorumlar yazıldığı gibi kalır. Çeviriyi gör'e dokunduğunda yine çalışır. TikTok'un kendi Çevirme listesi olduğu gibi kalır.
